player_display_name	position	week	passing_yards	passing_tds	passing_interceptions	rushing_yards	rushing_tds	receiving_yards	receiving_tds	receptions	sack_fumbles_lost	rushing_fumbles_lost	receiving_fumbles_lost	passing_2pt_conversions	rushing_2pt_conversions	receiving_2pt_conversions
Tom Brady	QB	1	212	1	1	-1	0	0	0	0	0	0	0	0	0	0
Aaron Rodgers	QB	1	195	0	1	-1	0	0	0	0	1	0	0	0	0	0
Matt Ryan	QB	1	352	1	1	12	0	0	0	0	0	1	0	0	0	0
Joe Flacco	QB	1	309	1	1	0	0	0	0	0	0	0	0	0	0	0
Chad Henne	QB	1	0	0	0	0	0	0	0	0	0	0	0	0	0	0
Matthew Stafford	QB	1	240	1	3	2	0	0	0	0	0	0	0	0	0	0
Andre Roberts	WR	1	0	0	0	0	0	0	0	0	0	0	0	0	0	0
A.J. Green	WR	1	0	0	0	0	0	13	0	2	0	0	0	0	0	0
Julio Jones	WR	1	0	0	0	17	0	69	0	3	0	0	0	0	0	0
Mark Ingram	RB	1	0	0	0	22	0	1	0	1	0	0	1	0	0	0
Randall Cobb	WR	1	0	0	0	0	0	14	0	2	0	0	0	0	0	0
Taiwan Jones	RB	1	0	0	0	0	0	0	0	0	0	0	0	0	0	0
Brandon Bolden	RB	1	0	0	0	7	0	21	1	2	0	0	0	0	0	0
Russell Wilson	QB	1	340	1	0	2	0	0	0	0	0	0	0	0	0	0
Marvin Jones	WR	1	0	0	0	0	0	38	0	4	0	0	0	0	0	0
Kirk Cousins	QB	1	277	2	0	0	0	0	0	0	0	0	0	0	0	0
Ryan Tannehill	QB	1	266	2	0	7	0	0	0	0	0	0	0	0	0	0
Adam Thielen	WR	1	0	0	0	0	0	36	0	3	0	0	0	0	0	0
Zach Ertz	TE	1	0	0	0	0	0	14	1	2	0	0	0	0	0	1
Marquise Goodwin	WR	1	0	0	0	0	0	22	0	2	0	0	0	0	0	0
Ryan Griffin	TE	1	0	0	0	0	0	0	0	0	0	0	0	0	0	0
Keenan Allen	WR	1	0	0	0	0	0	66	0	4	0	0	0	0	0	0
Rex Burkhead	RB	1	0	0	0	40	0	30	0	5	0	0	0	0	0	0
Robert Woods	WR	1	0	0	0	0	0	13	0	1	0	0	0	0	0	0
Travis Kelce	TE	1	0	0	0	0	0	121	1	8	0	0	0	0	0	0
Geno Smith	QB	1	195	2	0	14	0	0	0	0	0	0	0	0	0	0
Cordarrelle Patterson	RB	1	0	0	0	120	1	16	0	3	0	0	0	0	0	0
Damien Williams	RB	1	0	0	0	2	0	0	0	0	0	0	0	0	0	0
Brandin Cooks	WR	1	0	0	0	0	0	82	0	7	0	0	0	0	0	0
Logan Thomas	TE	1	0	0	0	0	0	45	0	3	0	0	0	0	0	0
Cameron Brate	TE	1	0	0	0	0	0	7	0	1	0	0	0	0	0	0
Derek Carr	QB	1	295	2	3	0	0	0	0	0	0	0	0	0	0	0
Sammy Watkins	WR	1	0	0	0	0	0	18	0	3	0	0	0	0	0	0
Jerick McKinnon	RB	1	0	0	0	22	0	27	0	3	0	0	0	0	0	0
Davante Adams	WR	1	0	0	0	0	0	141	1	10	0	0	0	0	0	0
Jarvis Landry	WR	1	0	0	0	0	0	114	0	7	0	0	0	0	0	0
Richard Rodgers	TE	1	0	0	0	0	0	0	0	0	0	0	0	0	0	0
Mike Evans	WR	1	0	0	0	0	0	71	1	5	0	0	0	0	0	0
Allen Robinson	WR	1	0	0	0	0	0	12	0	1	0	0	0	0	0	0
Jameis Winston	QB	1	269	2	0	9	0	0	0	0	0	0	0	1	0	0
Amari Cooper	WR	1	0	0	0	0	0	17	0	3	0	0	0	0	0	0
DeVante Parker	WR	1	0	0	0	0	0	9	0	1	0	0	0	0	0	0
Nelson Agholor	WR	1	0	0	0	0	0	28	0	3	0	0	1	0	0	0
Stefon Diggs	WR	1	0	0	0	0	0	122	1	8	0	0	0	0	0	0
Darren Waller	TE	1	0	0	0	0	0	79	0	4	0	0	0	0	0	0
Raheem Mostert	RB	1	0	0	0	16	0	16	0	1	0	0	0	0	0	0
Eric Tomlinson	TE	1	0	0	0	0	0	0	0	0	0	0	0	0	0	0
DeAndre Carter	WR	1	0	0	0	0	0	64	1	3	0	0	0	0	0	0
Jamison Crowder	WR	1	0	0	0	0	0	28	0	3	0	0	0	0	0	0
Breshad Perriman	WR	1	0	0	0	-7	0	0	0	0	0	0	0	0	0	0
Mike Davis	RB	1	0	0	0	11	0	0	0	0	0	0	0	0	0	0
Ameer Abdullah	RB	1	0	0	0	0	0	0	0	0	0	0	0	0	0	0
Chris Conley	WR	1	0	0	0	0	0	0	0	0	0	0	0	0	0	0
Geoff Swaim	TE	1	0	0	0	0	0	19	0	3	0	0	0	0	0	0
Melvin Gordon	RB	1	0	0	0	58	0	14	0	2	0	1	0	0	0	0
Ty Montgomery	WR	1	0	0	0	-2	0	15	1	3	0	0	0	0	0	0
Phillip Dorsett	WR	1	0	0	0	0	0	0	0	0	0	0	0	0	0	0
Tyler Lockett	WR	1	0	0	0	0	0	28	0	3	0	0	0	0	0	0
Tyler Kroft	TE	1	0	0	0	0	0	9	0	1	0	0	0	0	0	0
Marcus Mariota	QB	1	215	0	0	72	1	0	0	0	0	1	0	0	0	0
Sterling Shepard	WR	1	0	0	0	0	0	71	1	2	0	0	0	0	0	0
Austin Hooper	TE	1	0	0	0	0	0	6	0	1	0	0	0	0	0	0
Chris Moore	WR	1	0	0	0	0	0	31	0	3	0	0	0	0	0	0
Jeff Driskel	QB	1	0	0	0	5	0	0	0	0	0	0	0	0	0	0
Kalif Raymond	WR	1	0	0	0	0	0	0	0	0	0	0	0	0	0	0
J.D. McKissic	RB	1	0	0	0	8	0	20	0	3	0	0	0	0	0	1
Robbie Chosen	WR	1	0	0	0	0	0	102	1	5	0	0	0	0	0	0
Stephen Anderson	TE	1	0	0	0	0	0	0	0	0	0	0	0	0	0	0
Derrick Henry	RB	1	0	0	0	82	0	0	0	0	0	0	0	0	0	0
Michael Thomas	WR	1	0	0	0	0	0	57	2	5	0	0	0	0	0	0
Demarcus Robinson	WR	1	0	0	0	0	0	19	0	2	0	0	0	0	0	0
Carson Wentz	QB	1	313	4	2	12	0	0	0	0	0	0	0	1	0	0
Jonathan Williams	RB	1	0	0	0	0	0	0	0	0	0	0	0	0	0	0
Tyler Boyd	WR	1	0	0	0	0	0	33	1	4	0	0	0	0	0	0
Tyreek Hill	WR	1	0	0	0	6	0	94	0	8	0	0	0	0	0	0
Ezekiel Elliott	RB	1	0	0	0	52	0	-3	0	1	0	0	0	0	0	0
Dak Prescott	QB	1	134	0	1	11	0	0	0	0	0	0	0	0	0	0
Hunter Henry	TE	1	0	0	0	0	0	20	0	2	0	0	0	0	0	0
Jared Goff	QB	1	215	2	1	9	0	0	0	0	0	0	0	0	0	0
Tyler Higbee	TE	1	0	0	0	0	0	39	0	5	0	0	0	0	0	0
Mike Thomas	WR	1	0	0	0	0	0	5	0	1	0	0	0	0	0	1
Kenyan Drake	RB	1	0	0	0	31	0	15	0	1	0	0	0	0	0	0
Jacoby Brissett	QB	1	147	1	0	10	0	0	0	0	0	0	0	0	0	0
Mo Alie-Cox	TE	1	0	0	0	0	0	26	0	2	0	0	0	0	0	0
Johnny Mundt	TE	1	0	0	0	0	0	17	0	3	0	0	0	0	0	0
Zach Pascal	WR	1	0	0	0	0	0	7	0	1	0	0	0	0	0	0
Christian McCaffrey	RB	1	0	0	0	33	1	24	0	4	0	0	0	0	0	0
Curtis Samuel	WR	1	0	0	0	17	0	55	1	8	0	1	0	0	0	0
Trent Taylor	WR	1	0	0	0	0	0	0	0	0	0	0	0	0	0	0
Aaron Jones	RB	1	0	0	0	49	0	27	0	3	0	0	0	0	0	0
Kendrick Bourne	WR	1	0	0	0	0	0	41	0	1	0	0	0	0	0	0
Matt Breida	RB	1	0	0	0	24	0	0	0	0	0	0	0	0	0	0
Taysom Hill	TE	1	0	0	0	81	1	2	0	1	0	0	0	0	0	0
Patrick Ricard	RB	1	0	0	0	0	0	7	0	1	0	0	0	0	0	0
Cody Hollister	WR	1	0	0	0	0	0	22	0	1	0	0	0	0	0	0
Pharaoh Brown	TE	1	0	0	0	0	0	17	0	1	0	0	0	0	0	0
Anthony Firkser	TE	1	0	0	0	0	0	6	0	1	0	0	0	0	0	0
Isaiah McKenzie	WR	1	0	0	0	0	0	19	1	2	0	0	0	0	0	0
Samaje Perine	RB	1	0	0	0	4	0	33	0	3	0	0	0	0	0	0
Mike Williams	WR	1	0	0	0	0	0	10	0	2	0	0	0	0	0	0
James Conner	RB	1	0	0	0	26	1	29	0	5	0	0	0	0	0	0
Mack Hollins	WR	1	0	0	0	0	0	16	0	1	0	0	0	0	0	0
Jamal Agnew	WR	1	0	0	0	6	0	6	0	1	0	0	0	0	0	0
Eric Saubert	TE	1	0	0	0	0	0	0	0	0	0	0	0	0	0	0
Noah Brown	WR	1	0	0	0	0	0	68	0	5	0	0	0	0	0	0
Cooper Rush	QB	1	64	0	0	0	0	0	0	0	0	0	0	0	0	0
Austin Ekeler	RB	1	0	0	0	36	0	36	0	4	0	0	0	0	0	0
Robert Tonyan	TE	1	0	0	0	0	0	36	0	3	0	0	0	0	0	0
Leonard Fournette	RB	1	0	0	0	127	0	10	0	2	0	0	0	0	0	0
JuJu Smith-Schuster	WR	1	0	0	0	0	0	79	0	6	0	0	1	0	0	0
Jonnu Smith	TE	1	0	0	0	0	0	33	0	3	0	0	0	0	0	0
Mitchell Trubisky	QB	1	194	1	0	9	0	0	0	0	0	0	0	0	0	0
Corey Davis	WR	1	0	0	0	0	0	77	0	6	0	0	0	0	0	0
Patrick Mahomes	QB	1	360	5	0	5	0	0	0	0	0	0	0	0	0	0
O.J. Howard	TE	1	0	0	0	0	0	38	2	2	0	0	0	0	0	0
Evan Engram	TE	1	0	0	0	0	0	28	0	4	0	0	0	0	0	0
David Njoku	TE	1	0	0	0	0	0	7	0	1	0	0	0	0	0	0
Zay Jones	WR	1	0	0	0	0	0	65	0	6	0	0	0	0	0	0
Dalvin Cook	RB	1	0	0	0	90	0	18	0	3	0	0	0	0	0	0
Gerald Everett	TE	1	0	0	0	0	0	54	1	3	0	0	0	0	0	0
Joe Mixon	RB	1	0	0	0	82	0	63	0	7	0	0	0	0	0	0
Alvin Kamara	RB	1	0	0	0	39	0	7	0	3	0	0	0	0	0	0
Cooper Kupp	WR	1	0	0	0	0	0	128	1	13	0	0	0	0	0	0
Chris Godwin Jr.	WR	1	0	0	0	0	0	35	0	3	0	0	0	0	0	0
Kareem Hunt	RB	1	0	0	0	46	1	24	1	4	0	0	0	0	0	0
D'Onta Foreman	RB	1	0	0	0	5	0	0	0	0	0	0	0	0	0	0
Kenny Golladay	WR	1	0	0	0	0	0	22	0	2	0	0	0	0	0	0
Josh Reynolds	WR	1	0	0	0	0	0	28	0	1	0	0	0	0	0	0
Jamaal Williams	RB	1	0	0	0	28	2	2	0	1	0	0	0	0	0	0
Ross Dwelley	TE	1	0	0	0	0	0	11	0	1	0	0	0	0	0	0
Cam Sims	WR	1	0	0	0	0	0	0	0	0	0	0	0	0	0	0
Jeff Wilson	RB	1	0	0	0	22	0	8	0	2	0	0	0	0	0	0
Will Dissly	TE	1	0	0	0	0	0	43	1	3	0	0	0	0	0	0
Trenton Cannon	RB	1	0	0	0	0	0	0	0	0	0	0	0	0	0	0
Mike Boone	RB	1	0	0	0	0	0	2	0	1	0	0	0	0	0	0
Dontrell Hilliard	RB	1	0	0	0	8	0	61	2	3	0	0	0	0	0	0
Tyler Conklin	TE	1	0	0	0	0	0	16	1	4	0	0	0	0	0	0
Marquez Valdes-Scantling	WR	1	0	0	0	-3	0	44	0	4	0	0	0	0	0	0
Equanimeous St. Brown	WR	1	0	0	0	0	0	18	1	1	0	0	0	0	0	0
Richie James	WR	1	0	0	0	2	0	59	0	5	0	0	0	0	0	0
Byron Pringle	WR	1	0	0	0	0	0	22	0	1	0	0	0	0	0	0
Courtland Sutton	WR	1	0	0	0	0	0	72	0	4	0	0	0	0	0	0
Dallas Goedert	TE	1	0	0	0	0	0	60	0	3	0	0	0	0	0	0
Ian Thomas	TE	1	0	0	0	0	0	53	0	2	0	0	0	0	0	0
Nyheim Hines	RB	1	0	0	0	4	0	50	0	6	0	0	0	0	0	0
Dalton Schultz	TE	1	0	0	0	0	0	62	0	7	0	0	0	0	0	0
Justin Watson	WR	1	0	0	0	0	0	0	0	0	0	0	0	0	0	0
Ray-Ray McCloud	WR	1	0	0	0	0	0	20	0	1	0	0	0	0	0	0
Russell Gage	WR	1	0	0	0	0	0	13	0	2	0	0	0	0	0	0
Boston Scott	RB	1	0	0	0	10	1	0	0	0	0	0	0	0	0	0
Cedrick Wilson Jr.	WR	1	0	0	0	8	0	20	0	2	0	0	0	0	0	0
Braxton Berrios	WR	1	0	0	0	0	0	37	0	5	0	0	0	0	0	0
Trent Sherfield	WR	1	0	0	0	0	0	8	0	1	0	0	0	0	0	0
Brandon Powell	WR	1	0	0	0	3	0	10	0	1	0	0	0	0	0	0
Chase Edmonds	RB	1	0	0	0	25	0	40	0	4	0	0	0	0	0	0
Rashaad Penny	RB	1	0	0	0	60	0	7	0	2	0	0	0	0	0	0
Mark Andrews	TE	1	0	0	0	0	0	52	0	5	0	0	0	0	0	0
Christian Kirk	WR	1	0	0	0	0	0	117	0	6	0	0	0	0	0	0
DJ Chark	WR	1	0	0	0	0	0	52	1	4	0	0	0	0	0	0
Nick Chubb	RB	1	0	0	0	141	0	2	0	1	0	0	0	0	0	0
Lamar Jackson	QB	1	213	3	1	17	0	0	0	0	0	0	0	0	0	0
Durham Smythe	TE	1	0	0	0	0	0	14	0	1	0	0	0	0	0	0
DJ Moore	WR	1	0	0	0	7	0	43	0	3	0	0	0	0	0	0
Mike Gesicki	TE	1	0	0	0	0	0	1	0	1	0	0	0	0	0	0
Hayden Hurst	TE	1	0	0	0	0	0	46	0	5	0	0	0	0	0	0
Saquon Barkley	RB	1	0	0	0	164	1	30	0	6	0	0	0	0	0	1
Sony Michel	RB	1	0	0	0	12	0	0	0	0	0	0	0	0	0	0
KhaDarel Hodge	WR	1	0	0	0	0	0	38	0	3	0	0	0	0	0	0
Baker Mayfield	QB	1	235	1	1	6	1	0	0	0	0	0	0	0	0	0
Josh Allen	QB	1	297	3	2	56	1	0	0	0	0	0	0	0	0	0
Dante Pettis	WR	1	0	0	0	0	0	51	1	1	0	0	0	0	0	0
Jakobi Meyers	WR	1	0	0	0	7	0	55	0	4	0	0	0	0	0	0
Irv Smith	TE	1	0	0	0	0	0	0	0	0	0	0	0	0	0	0
Alexander Mattison	RB	1	0	0	0	36	0	0	0	0	0	0	0	0	0	0
Justice Hill	RB	1	0	0	0	4	0	7	0	2	0	0	0	0	0	0
Hunter Renfrow	WR	1	0	0	0	0	0	21	0	3	0	0	0	0	0	0
Ashton Dulin	WR	1	0	0	0	0	0	46	0	3	0	0	0	0	0	0
Mecole Hardman	WR	1	0	0	0	0	0	16	1	3	0	0	0	0	0	0
Trace McSorley	QB	1	12	0	0	20	0	0	0	0	0	0	0	0	0	0
Olamide Zaccheaus	WR	1	0	0	0	0	0	49	0	4	0	0	1	0	0	0
Deonte Harty	WR	1	0	0	0	0	0	4	0	1	0	0	0	0	0	0
Diontae Johnson	WR	1	0	0	0	0	0	55	0	7	0	0	0	0	0	0
Benny Snell	RB	1	0	0	0	0	0	0	0	0	0	0	0	0	0	0
Zach Gentry	TE	1	0	0	0	0	0	40	0	2	0	0	0	0	0	0
Kyler Murray	QB	1	193	2	0	29	0	0	0	0	0	0	0	1	0	0
T.J. Hockenson	TE	1	0	0	0	0	0	38	0	4	0	0	0	0	0	0
Miles Sanders	RB	1	0	0	0	96	1	9	0	2	0	0	0	0	0	0
Devin Singletary	RB	1	0	0	0	48	0	14	0	2	0	0	0	0	0	0
Tony Pollard	RB	1	0	0	0	8	0	14	0	2	0	0	0	0	0	0
Chris Myarick	TE	1	0	0	0	0	0	1	1	1	0	0	0	0	0	0
Stanley Morgan	WR	1	0	0	0	0	0	0	0	0	0	0	0	0	0	0
Jalen Guyton	WR	1	0	0	0	0	0	0	0	0	0	0	0	0	0	0
Greg Dortch	WR	1	0	0	0	0	0	63	0	7	0	0	0	0	0	0
Andy Isabella	WR	1	0	0	0	0	0	10	0	1	0	0	0	0	0	0
Joseph Fortson	TE	1	0	0	0	0	0	1	1	1	0	0	0	0	0	0
Parker Hesse	TE	1	0	0	0	0	0	5	0	1	0	0	0	0	0	0
Juwann Winfree	WR	1	0	0	0	0	0	17	0	1	0	0	0	0	0	0
Travis Homer	RB	1	0	0	0	2	0	0	0	0	0	0	0	0	0	0
Drew Sample	TE	1	0	0	0	0	0	2	0	1	0	0	0	0	0	0
Parris Campbell	WR	1	0	0	0	0	0	37	0	3	0	0	0	0	0	0
DK Metcalf	WR	1	0	0	0	0	0	36	0	7	0	0	1	0	0	0
Noah Fant	TE	1	0	0	0	0	0	16	0	3	0	0	0	0	0	0
Gunner Olszewski	WR	1	0	0	0	0	0	0	0	0	0	0	0	0	0	0
Damien Harris	RB	1	0	0	0	48	0	10	0	2	0	0	0	0	0	0
Terry McLaurin	WR	1	0	0	0	0	0	58	1	2	0	0	0	0	0	0
Marquise Brown	WR	1	0	0	0	0	0	43	1	4	0	0	0	0	0	0
Darrell Henderson	RB	1	0	0	0	47	0	26	0	5	0	0	0	0	0	0
A.J. Brown	WR	1	0	0	0	0	0	155	0	10	0	0	0	0	0	0
David Montgomery	RB	1	0	0	0	26	0	24	0	3	0	0	0	0	0	0
Dawson Knox	TE	1	0	0	0	0	0	5	0	1	0	0	0	0	0	0
Josh Jacobs	RB	1	0	0	0	57	0	16	0	1	0	0	0	0	0	0
Miles Boykin	WR	1	0	0	0	0	0	0	0	0	0	0	0	0	0	0
Daniel Jones	QB	1	188	2	1	25	0	0	0	0	1	0	0	1	0	0
Deebo Samuel Sr.	WR	1	0	0	0	52	1	14	0	2	0	1	0	0	0	0
Jakob Johnson	RB	1	0	0	0	0	0	1	0	1	0	0	0	0	0	0
Ben Ellefson	TE	1	0	0	0	0	0	2	0	1	0	0	0	0	0	0
James Robinson	RB	1	0	0	0	66	1	3	1	1	0	0	0	0	0	0
Jonathan Ward	RB	1	0	0	0	0	0	0	0	0	0	0	0	0	0	0
Giovanni Ricci	TE	1	0	0	0	0	0	0	0	0	0	0	0	0	0	0
Noah Togiai	TE	1	0	0	0	0	0	0	0	0	0	0	0	0	0	0
Juwan Johnson	TE	1	0	0	0	0	0	43	0	2	0	0	0	0	0	0
James Proche	WR	1	0	0	0	0	0	0	0	0	0	0	0	0	0	0
Rico Dowdle	RB	1	0	0	0	0	0	0	0	0	0	0	0	0	0	0
Lawrence Cager	TE	1	0	0	0	0	0	0	0	0	0	0	0	0	0	0
Nick Westbrook-Ikhine	WR	1	0	0	0	0	0	13	0	1	0	0	0	0	0	0
Gabe Davis	WR	1	0	0	0	0	0	88	1	4	0	0	0	0	0	0
Tua Tagovailoa	QB	1	270	1	0	0	0	0	0	0	0	0	0	0	0	0
Jonathan Taylor	RB	1	0	0	0	161	1	14	0	4	0	0	0	0	0	0
Harrison Bryant	TE	1	0	0	0	0	0	18	0	2	0	0	0	0	0	0
Donovan Peoples-Jones	WR	1	0	0	0	0	0	60	0	6	0	0	0	0	0	0
Colby Parkinson	TE	1	0	0	0	0	0	43	1	2	0	0	0	0	0	0
Tyler Davis	TE	1	0	0	0	0	0	3	0	1	0	0	0	0	0	0
Zack Moss	RB	1	0	0	0	15	0	21	0	6	0	1	0	0	0	0
Michael Pittman	WR	1	0	0	0	0	0	121	1	9	0	0	0	0	0	0
Jauan Jennings	WR	1	0	0	0	0	0	62	0	4	0	0	0	0	0	0
Brandon Aiyuk	WR	1	0	0	0	7	0	40	0	2	0	0	0	0	0	0
Jordan Love	QB	1	65	0	0	0	0	0	0	0	0	0	0	0	0	0
AJ Dillon	RB	1	0	0	0	45	1	46	0	5	0	0	0	0	0	0
Quez Watkins	WR	1	0	0	0	0	0	0	0	0	0	0	0	0	0	0
D'Andre Swift	RB	1	0	0	0	144	1	31	0	3	0	0	0	0	0	0
Cole Kmet	TE	1	0	0	0	0	0	0	0	0	0	0	0	0	0	0
Darnell Mooney	WR	1	0	0	0	0	0	8	0	1	0	0	0	0	0	0
Justin Jefferson	WR	1	0	0	0	0	0	184	2	9	0	0	0	0	0	0
Chase Claypool	WR	1	0	0	0	36	0	18	0	4	0	0	0	0	0	0
Antonio Gibson	RB	1	0	0	0	58	0	72	0	7	0	0	0	0	0	0
Devin Duvernay	WR	1	0	0	0	0	0	54	2	4	0	0	0	0	0	0
Josiah Deguara	TE	1	0	0	0	0	0	28	0	2	0	0	0	0	0	0
K.J. Osborn	WR	1	0	0	0	0	0	14	0	3	0	0	0	0	0	0
Justin Herbert	QB	1	279	3	0	1	0	0	0	0	0	0	0	0	0	0
CeeDee Lamb	WR	1	0	0	0	0	0	29	0	2	0	0	0	0	0	0
Clyde Edwards-Helaire	RB	1	0	0	0	42	0	32	2	3	0	0	0	0	0	0
Bryan Edwards	WR	1	0	0	0	0	0	0	0	0	0	0	0	0	0	0
Joshua Kelley	RB	1	0	0	0	21	0	14	0	2	0	0	0	0	0	0
Eno Benjamin	RB	1	0	0	0	28	0	33	0	3	0	0	0	0	0	0
Jalen Reagor	WR	1	0	0	0	0	0	0	0	0	0	0	0	0	0	0
Jalen Hurts	QB	1	243	0	0	90	1	0	0	0	0	0	0	0	0	0
Jerry Jeudy	WR	1	0	0	0	0	0	102	1	4	0	0	0	0	0	0
Tee Higgins	WR	1	0	0	0	0	0	27	0	2	0	0	0	0	0	0
KJ Hamler	WR	1	0	0	0	0	0	0	0	0	0	0	0	0	0	0
Cam Akers	RB	1	0	0	0	0	0	0	0	0	0	0	0	0	0	0
Albert Okwuegbunam	TE	1	0	0	0	0	0	33	0	5	0	0	0	0	0	0
DeeJay Dallas	RB	1	0	0	0	0	0	0	0	0	0	0	0	0	0	0
Tyrie Cleveland	WR	1	0	0	0	0	0	0	0	0	0	0	0	0	0	0
Joe Burrow	QB	1	338	2	4	47	0	0	0	0	1	0	0	1	0	0
Mike Strachan	WR	1	0	0	0	0	0	36	0	2	0	0	0	0	0	0
Rashod Bateman	WR	1	0	0	0	0	0	59	1	2	0	0	0	0	0	0
Nico Collins	WR	1	0	0	0	0	0	26	0	2	0	0	0	0	0	0
Chuba Hubbard	RB	1	0	0	0	3	0	0	0	0	0	0	0	0	0	0
Brevin Jordan	TE	1	0	0	0	0	0	5	0	1	0	0	0	0	0	0
Elijah Mitchell	RB	1	0	0	0	41	0	0	0	0	0	0	0	0	0	0
Gary Brightwell	RB	1	0	0	0	0	0	0	0	0	0	0	0	0	0	0
Shi Smith	WR	1	0	0	0	0	0	12	0	1	0	0	0	0	0	0
Jaylen Waddle	WR	1	0	0	0	8	0	69	1	4	0	0	0	0	0	0
Dee Eskridge	WR	1	0	0	0	0	0	0	0	1	0	0	0	0	0	0
John Bates	TE	1	0	0	0	0	0	0	0	0	0	0	0	0	0	0
Tylan Wallace	WR	1	0	0	0	0	0	0	0	0	0	0	0	0	0	0
Noah Gray	TE	1	0	0	0	0	0	10	0	1	0	0	0	0	0	0
Simi Fehoko	WR	1	0	0	0	0	0	12	0	2	0	0	0	0	0	0
Demetric Felton	RB	1	0	0	0	0	0	0	0	0	0	0	0	0	0	0
Dax Milne	WR	1	0	0	0	0	0	0	0	0	0	0	0	0	0	0
Kene Nwangwu	RB	1	0	0	0	0	0	0	0	0	0	0	0	0	0	0
Tutu Atwell	WR	1	0	0	0	0	0	0	0	0	0	0	0	0	0	0
Ben Skowronek	WR	1	0	0	0	0	0	25	0	4	0	0	0	0	0	0
Rhamondre Stevenson	RB	1	0	0	0	25	0	2	0	2	0	0	0	0	0	0
Kylen Granson	TE	1	0	0	0	0	0	22	0	3	0	0	0	0	0	0
Jaelon Darden	WR	1	0	0	0	2	0	0	0	0	0	0	0	0	0	0
Najee Harris	RB	1	0	0	0	23	0	3	1	2	0	0	0	0	0	0
Pat Freiermuth	TE	1	0	0	0	0	0	75	0	5	0	0	0	0	0	0
Davis Mills	QB	1	240	2	0	-1	0	0	0	0	1	0	0	0	0	0
Ja'Marr Chase	WR	1	0	0	0	0	0	129	1	10	0	0	0	0	0	0
Khalil Herbert	RB	1	0	0	0	45	1	-2	0	1	0	0	0	0	0	0
DeVonta Smith	WR	1	0	0	0	0	0	0	0	0	0	0	0	0	0	0
Kadarius Toney	WR	1	0	0	0	23	0	0	0	0	0	0	0	0	0	0
Kenny Gainwell	RB	1	0	0	0	20	1	12	0	2	0	0	0	0	0	0
Michael Carter	RB	1	0	0	0	60	0	40	0	7	0	0	0	0	0	0
Justin Fields	QB	1	121	2	1	28	0	0	0	0	0	0	0	0	0	0
Avery Williams	RB	1	0	0	0	7	0	8	0	1	0	0	0	0	0	0
Amon-Ra St. Brown	WR	1	0	0	0	0	0	64	1	8	0	0	0	0	0	0
Kyle Pitts	TE	1	0	0	0	0	0	19	0	2	0	0	0	0	0	0
Trevor Lawrence	QB	1	275	1	1	4	0	0	0	0	0	0	0	0	0	0
Mac Jones	QB	1	213	1	1	0	0	0	0	0	1	0	0	0	0	0
Travis Etienne	RB	1	0	0	0	47	0	18	0	2	0	0	0	0	0	0
Elijah Moore	WR	1	0	0	0	0	0	49	0	5	0	0	0	0	0	0
Josh Palmer	WR	1	0	0	0	4	0	5	0	3	0	0	0	0	0	0
Amari Rodgers	WR	1	0	0	0	0	0	0	0	0	0	0	0	0	0	0
Javonte Williams	RB	1	0	0	0	43	0	65	0	11	0	1	0	0	0	0
Anthony Schwartz	WR	1	0	0	0	20	0	19	0	1	0	0	0	0	0	0
Tommy Tremble	TE	1	0	0	0	0	0	1	0	1	0	0	0	0	0	0
Tre' McKitty	TE	1	0	0	0	0	0	24	0	3	0	0	0	0	0	0
Trey Lance	QB	1	164	0	1	54	0	0	0	0	0	0	0	0	0	0
Trestan Ebner	RB	1	0	0	0	0	0	0	0	0	0	0	0	0	0	0
Britain Covey	WR	1	0	0	0	0	0	0	0	0	0	0	0	0	0	0
Armani Rogers	TE	1	0	0	0	0	0	23	0	1	0	0	0	0	0	0
Isiah Pacheco	RB	1	0	0	0	62	1	0	0	0	0	0	0	0	0	0
Jaylen Warren	RB	1	0	0	0	7	0	0	0	0	0	0	0	0	0	0
Drake London	WR	1	0	0	0	0	0	74	0	5	0	0	0	0	0	0
Chris Olave	WR	1	0	0	0	0	0	41	0	3	0	0	0	0	0	1
George Pickens	WR	1	0	0	0	0	0	3	0	1	0	0	0	0	0	0
James Cook	RB	1	0	0	0	2	0	0	0	0	0	1	0	0	0	0
Rachaad White	RB	1	0	0	0	14	0	7	0	2	0	0	0	0	0	0
Dameon Pierce	RB	1	0	0	0	33	0	6	0	1	0	0	0	0	0	0
Jerome Ford	RB	1	0	0	0	0	0	0	0	0	0	0	0	0	0	0
Montrell Washington	WR	1	0	0	0	0	0	0	0	0	0	0	0	0	0	0
Kyle Philips	WR	1	0	0	0	0	0	66	0	6	0	0	0	0	0	0
Zander Horvath	RB	1	0	0	0	2	0	6	1	2	0	0	0	0	0	0
Troy Hairston	RB	1	0	0	0	0	0	5	0	1	0	0	0	0	0	0
Jordan Mason	RB	1	0	0	0	0	0	0	0	0	0	0	0	0	0	0
Dennis Houston	WR	1	0	0	0	0	0	16	0	2	0	0	0	0	0	0
Alec Pierce	WR	1	0	0	0	0	0	0	0	0	0	0	0	0	0	0
Garrett Wilson	WR	1	0	0	0	0	0	52	0	4	0	0	0	0	0	0
Jahan Dotson	WR	1	0	0	0	-10	0	40	2	3	0	0	0	0	0	0
Treylon Burks	WR	1	0	0	0	0	0	55	0	3	0	0	0	0	0	0
KaVontae Turpin	WR	1	0	0	0	0	0	0	0	0	0	0	0	0	0	0
Chig Okonkwo	TE	1	0	0	0	-4	0	11	0	1	0	0	0	0	0	0
Romeo Doubs	WR	1	0	0	0	11	0	37	0	4	0	0	0	0	0	0
Isaiah Likely	TE	1	0	0	0	0	0	0	0	0	0	0	0	0	0	0
Skyy Moore	WR	1	0	0	0	0	0	30	0	1	0	0	0	0	0	0
Wan'Dale Robinson	WR	1	0	0	0	0	0	5	0	1	0	0	0	0	0	0
Breece Hall	RB	1	0	0	0	23	0	38	0	6	0	0	1	0	0	0
Christian Watson	WR	1	0	0	0	7	0	34	0	2	0	0	0	0	0	0
Cade Otton	TE	1	0	0	0	0	0	0	0	0	0	0	0	0	0	0
Tom Brady	QB	2	190	1	0	-2	0	0	0	0	0	1	0	0	0	0
Aaron Rodgers	QB	2	234	2	0	10	0	0	0	0	0	1	0	0	0	0
Matt Ryan	QB	2	195	0	3	0	0	0	0	0	0	0	0	0	0	0
Joe Flacco	QB	2	307	4	0	6	0	0	0	0	1	0	0	0	0	0
Matthew Stafford	QB	2	272	3	2	0	0	0	0	0	0	0	0	0	0	0
A.J. Green	WR	2	0	0	0	0	0	16	0	3	0	0	0	0	0	1
Mark Ingram	RB	2	0	0	0	58	0	3	0	2	0	1	0	0	0	0
Randall Cobb	WR	2	0	0	0	0	0	37	0	3	0	0	0	0	0	0
Taiwan Jones	RB	2	0	0	0	0	0	0	0	0	0	0	0	0	0	0
Case Keenum	QB	2	0	0	0	2	0	0	0	0	0	0	0	0	0	0
Russell Wilson	QB	2	219	1	1	3	0	0	0	0	0	0	0	0	0	0
Marvin Jones	WR	2	0	0	0	0	0	33	0	3	0	0	0	0	0	0
Kirk Cousins	QB	2	221	1	3	20	0	0	0	0	0	0	0	0	0	0
Josh Gordon	WR	2	0	0	0	0	0	0	0	0	0	0	0	0	0	0
Ryan Tannehill	QB	2	117	0	2	2	0	0	0	0	0	0	0	0	0	0
Adam Thielen	WR	2	0	0	0	0	0	52	0	4	0	0	0	0	0	0
Zach Ertz	TE	2	0	0	0	0	0	75	0	8	0	0	0	0	0	0
Marquise Goodwin	WR	2	0	0	0	0	0	0	0	0	0	0	0	0	0	0
Ryan Griffin	TE	2	0	0	0	0	0	18	0	1	0	0	0	0	0	0
Rex Burkhead	RB	2	0	0	0	0	0	9	0	2	0	0	0	0	0	0
Robert Woods	WR	2	0	0	0	0	0	39	0	4	0	0	0	0	0	0
Giovani Bernard	RB	2	0	0	0	0	0	0	0	0	0	0	0	0	0	0
Travis Kelce	TE	2	0	0	0	0	0	51	0	5	0	0	0	0	0	0
Geno Smith	QB	2	197	0	1	2	0	0	0	0	0	0	0	0	0	0
Cordarrelle Patterson	RB	2	0	0	0	41	0	0	0	0	0	0	0	0	0	0
Brandin Cooks	WR	2	0	0	0	0	0	54	0	4	0	0	0	0	0	0
Logan Thomas	TE	2	0	0	0	0	0	37	1	3	0	0	0	0	0	0
Cameron Brate	TE	2	0	0	0	0	0	9	0	1	0	0	0	0	0	0
Derek Carr	QB	2	252	2	0	9	0	0	0	0	0	0	0	0	0	0
Sammy Watkins	WR	2	0	0	0	0	0	93	0	3	0	0	0	0	0	0
Jimmy Garoppolo	QB	2	154	1	0	5	1	0	0	0	0	0	0	0	0	0
Jerick McKinnon	RB	2	0	0	0	12	0	4	1	2	0	0	0	0	0	0
Davante Adams	WR	2	0	0	0	0	0	12	1	2	0	0	0	0	0	0
Jarvis Landry	WR	2	0	0	0	0	0	25	0	4	0	0	0	0	0	0
Mike Evans	WR	2	0	0	0	0	0	61	0	3	0	0	0	0	0	0
Allen Robinson	WR	2	0	0	0	0	0	53	1	4	0	0	0	0	0	0
Jameis Winston	QB	2	236	1	3	2	0	0	0	0	0	0	0	0	0	0
Amari Cooper	WR	2	0	0	0	0	0	101	1	9	0	0	0	0	0	0
DeVante Parker	WR	2	0	0	0	0	0	0	0	0	0	0	0	0	0	0
Nelson Agholor	WR	2	0	0	0	0	0	110	1	6	0	0	0	0	0	0
Stefon Diggs	WR	2	0	0	0	0	0	148	3	12	0	0	0	0	0	0
Darren Waller	TE	2	0	0	0	0	0	50	1	6	0	0	0	0	0	0
Raheem Mostert	RB	2	0	0	0	51	0	28	0	3	0	0	0	0	0	0
DeAndre Carter	WR	2	0	0	0	0	0	55	0	3	0	0	0	0	0	0
Jake Kumerow	WR	2	0	0	0	0	0	50	0	2	0	0	0	0	0	0
Jamison Crowder	WR	2	0	0	0	0	0	16	0	1	0	0	0	0	0	0
Breshad Perriman	WR	2	0	0	0	0	0	45	1	3	0	0	0	0	0	0
Mike Davis	RB	2	0	0	0	4	0	0	0	0	0	0	0	0	0	0
Ameer Abdullah	RB	2	0	0	0	0	0	23	0	1	0	0	0	0	0	0
Melvin Gordon	RB	2	0	0	0	47	0	6	0	1	0	0	0	0	0	0
Tyler Lockett	WR	2	0	0	0	0	0	107	0	9	0	0	0	0	0	0
Marcus Mariota	QB	2	196	2	2	16	0	0	0	0	1	0	0	1	0	0
Sterling Shepard	WR	2	0	0	0	0	0	34	0	6	0	0	0	0	0	0
Austin Hooper	TE	2	0	0	0	0	0	19	0	1	0	0	0	0	0	0
Chris Moore	WR	2	0	0	0	0	0	14	0	2	0	0	0	0	0	0
Jeff Driskel	QB	2	0	0	0	10	0	0	0	0	0	0	0	0	0	0
Dwayne Washington	RB	2	0	0	0	18	0	0	0	0	0	0	0	0	0	0
Kalif Raymond	WR	2	0	0	0	0	0	0	0	0	0	0	0	0	0	0
J.D. McKissic	RB	2	0	0	0	9	0	54	0	7	0	0	0	0	0	0
Robbie Chosen	WR	2	0	0	0	0	0	32	0	3	0	0	1	0	0	0
Stephen Anderson	TE	2	0	0	0	0	0	2	0	1	0	0	0	0	0	0
Derrick Henry	RB	2	0	0	0	25	1	0	0	0	0	0	0	0	0	0
Michael Thomas	WR	2	0	0	0	0	0	65	1	6	0	0	0	0	0	0
Demarcus Robinson	WR	2	0	0	0	0	0	12	1	1	0	0	0	0	0	0
Carson Wentz	QB	2	337	3	1	23	0	0	0	0	0	0	0	1	0	0
Tyler Boyd	WR	2	0	0	0	0	0	17	0	2	0	0	0	0	0	1
Tyreek Hill	WR	2	0	0	0	0	0	190	2	11	0	0	0	0	0	0
Ezekiel Elliott	RB	2	0	0	0	53	0	-4	0	1	0	0	0	0	0	0
Hunter Henry	TE	2	0	0	0	0	0	0	0	0	0	0	0	0	0	0
Jared Goff	QB	2	256	4	0	-2	0	0	0	0	0	0	0	0	0	0
Tyler Higbee	TE	2	0	0	0	0	0	71	0	7	0	0	0	0	0	0
Kenyan Drake	RB	2	0	0	0	8	0	0	0	0	0	0	0	0	0	0
Jacoby Brissett	QB	2	229	1	1	43	0	0	0	0	0	0	0	0	0	0
Mo Alie-Cox	TE	2	0	0	0	0	0	9	0	1	0	0	0	0	0	0
Johnny Mundt	TE	2	0	0	0	0	0	28	0	2	0	0	0	0	0	0
Zach Pascal	WR	2	0	0	0	0	0	14	0	2	0	0	0	0	0	0
Christian McCaffrey	RB	2	0	0	0	102	0	26	0	4	0	0	0	0	0	0
Curtis Samuel	WR	2	0	0	0	21	0	78	1	7	0	0	0	0	0	0
Trent Taylor	WR	2	0	0	0	0	0	0	0	0	0	0	0	0	0	0
Aaron Jones	RB	2	0	0	0	132	1	38	1	3	0	0	0	0	0	0
Kendrick Bourne	WR	2	0	0	0	0	0	16	0	2	0	0	0	0	0	0
Matt Breida	RB	2	0	0	0	-4	0	0	0	0	0	0	0	0	0	0
Taysom Hill	TE	2	0	0	0	14	0	0	0	0	0	0	0	0	0	0
Patrick Ricard	RB	2	0	0	0	5	0	0	0	0	0	0	0	0	0	0
Pharaoh Brown	TE	2	0	0	0	0	0	24	0	3	0	0	0	0	0	0
Isaiah McKenzie	WR	2	0	0	0	0	0	37	0	2	0	0	0	0	0	0
Samaje Perine	RB	2	0	0	0	2	0	8	0	1	0	0	0	0	0	0
Mike Williams	WR	2	0	0	0	0	0	113	1	8	0	0	0	0	0	0
James Conner	RB	2	0	0	0	25	0	26	0	2	0	0	0	0	0	0
Mack Hollins	WR	2	0	0	0	0	0	66	0	5	0	0	0	0	0	0
Jamal Agnew	WR	2	0	0	0	1	0	0	0	0	0	0	0	0	0	0
Eric Saubert	TE	2	0	0	0	0	0	22	1	1	0	0	0	0	0	0
Noah Brown	WR	2	0	0	0	0	0	91	1	5	0	0	0	0	0	0
Cooper Rush	QB	2	235	1	0	2	0	0	0	0	0	0	0	0	0	0
Austin Ekeler	RB	2	0	0	0	39	0	55	0	9	0	0	0	0	0	0
Robert Tonyan	TE	2	0	0	0	0	0	11	0	2	0	0	0	0	0	0
Dare Ogunbowale	RB	2	0	0	0	0	0	0	0	0	0	0	0	0	0	0
Leonard Fournette	RB	2	0	0	0	65	0	9	0	2	0	0	0	0	0	0
JuJu Smith-Schuster	WR	2	0	0	0	0	0	10	0	3	0	0	0	0	0	0
Jonnu Smith	TE	2	0	0	0	0	0	0	0	0	0	0	0	0	0	0
Mitchell Trubisky	QB	2	168	1	1	7	0	0	0	0	0	0	0	1	0	0
Corey Davis	WR	2	0	0	0	0	0	83	1	2	0	0	0	0	0	0
Patrick Mahomes	QB	2	235	2	0	-1	0	0	0	0	0	0	0	0	0	0
O.J. Howard	TE	2	0	0	0	0	0	7	0	1	0	0	0	0	0	0
Evan Engram	TE	2	0	0	0	0	0	46	0	7	0	0	0	0	0	0
David Njoku	TE	2	0	0	0	0	0	32	0	3	0	0	0	0	0	0
Zay Jones	WR	2	0	0	0	0	0	23	0	3	0	0	0	0	0	0
Dalvin Cook	RB	2	0	0	0	17	0	19	0	4	0	0	0	0	0	0
Gerald Everett	TE	2	0	0	0	0	0	71	0	6	0	0	0	0	0	0
Joe Mixon	RB	2	0	0	0	57	0	26	0	3	0	0	0	0	0	0
Cooper Kupp	WR	2	0	0	0	0	0	108	2	11	0	0	1	0	0	0
Kareem Hunt	RB	2	0	0	0	58	0	16	0	2	0	0	0	0	0	0
D'Onta Foreman	RB	2	0	0	0	9	0	0	0	0	0	0	0	0	0	0
Josh Reynolds	WR	2	0	0	0	0	0	38	1	3	0	0	0	0	0	0
Jamaal Williams	RB	2	0	0	0	53	0	7	0	1	0	0	0	0	0	0
Dan Arnold	TE	2	0	0	0	0	0	8	0	1	0	0	0	0	0	0
River Cracraft	WR	2	0	0	0	0	0	2	1	1	0	0	0	0	0	0
Ross Dwelley	TE	2	0	0	0	0	0	38	1	1	0	0	0	0	0	0
Cam Sims	WR	2	0	0	0	0	0	0	0	0	0	0	0	0	0	0
Jeff Wilson	RB	2	0	0	0	84	0	19	0	2	0	0	0	0	0	0
Will Dissly	TE	2	0	0	0	0	0	0	0	2	0	0	0	0	0	0
Tyler Conklin	TE	2	0	0	0	0	0	40	0	6	0	0	0	0	0	0
Marquez Valdes-Scantling	WR	2	0	0	0	0	0	13	0	2	0	0	0	0	0	0
Equanimeous St. Brown	WR	2	0	0	0	0	0	39	0	2	0	0	0	0	0	0
Richie James	WR	2	0	0	0	0	0	51	0	5	0	0	0	0	0	0
Byron Pringle	WR	2	0	0	0	0	0	0	0	0	0	0	0	0	0	0
Darrel Williams	RB	2	0	0	0	59	1	3	0	2	0	0	0	0	0	0
Courtland Sutton	WR	2	0	0	0	5	0	122	0	7	0	0	0	0	0	0
Dallas Goedert	TE	2	0	0	0	0	0	82	0	5	0	0	0	0	0	0
Ian Thomas	TE	2	0	0	0	0	0	13	0	1	0	0	0	0	0	0
Keke Coutee	WR	2	0	0	0	0	0	0	0	0	0	0	0	0	0	0
Nyheim Hines	RB	2	0	0	0	0	0	37	0	4	0	0	0	0	0	0
Dalton Schultz	TE	2	0	0	0	0	0	18	0	2	0	0	1	0	0	0
Justin Watson	WR	2	0	0	0	0	0	50	1	2	0	0	0	0	0	0
Ray-Ray McCloud	WR	2	0	0	0	0	0	16	0	1	0	0	0	0	0	0
Russell Gage	WR	2	0	0	0	0	0	28	0	5	0	0	0	0	0	0
Boston Scott	RB	2	0	0	0	19	0	2	0	1	0	0	0	0	0	0
Cedrick Wilson Jr.	WR	2	0	0	0	0	0	0	0	0	0	0	0	0	0	0
Braxton Berrios	WR	2	0	0	0	22	0	0	0	0	0	0	0	0	0	0
Justin Jackson	RB	2	0	0	0	0	0	0	0	0	0	0	0	0	0	0
Trent Sherfield	WR	2	0	0	0	0	0	9	0	2	0	0	0	0	0	0
Allen Lazard	WR	2	0	0	0	0	0	13	1	2	0	0	0	0	0	0
Tanner Hudson	TE	2	0	0	0	0	0	22	0	2	0	0	0	0	0	0
Brandon Powell	WR	2	0	0	0	-26	0	6	0	1	0	0	0	0	0	0
Chase Edmonds	RB	2	0	0	0	33	0	8	0	1	0	0	0	0	0	0
Rashaad Penny	RB	2	0	0	0	15	0	0	0	0	0	0	0	0	0	0
Mark Andrews	TE	2	0	0	0	3	0	104	1	9	0	0	0	0	0	0
Christian Kirk	WR	2	0	0	0	0	0	78	2	6	0	0	0	0	0	0
DJ Chark	WR	2	0	0	0	0	0	0	0	0	0	0	0	0	0	0
Nick Chubb	RB	2	0	0	0	87	3	26	0	3	0	0	0	0	0	0
Lamar Jackson	QB	2	318	3	0	119	1	0	0	0	0	0	0	0	0	0
Durham Smythe	TE	2	0	0	0	0	0	5	0	1	0	0	0	0	0	0
DJ Moore	WR	2	0	0	0	0	0	43	1	3	0	0	0	0	0	0
Mike Gesicki	TE	2	0	0	0	0	0	41	1	4	0	0	0	0	0	0
Hayden Hurst	TE	2	0	0	0	0	0	24	0	5	0	0	0	0	0	0
Saquon Barkley	RB	2	0	0	0	72	0	16	0	3	0	0	0	0	0	0
Sony Michel	RB	2	0	0	0	13	0	6	0	1	0	0	0	0	0	0
KhaDarel Hodge	WR	2	0	0	0	0	0	57	0	2	0	0	0	0	0	0
Baker Mayfield	QB	2	145	1	0	35	0	0	0	0	0	0	0	0	0	0
Josh Allen	QB	2	317	4	0	10	0	0	0	0	0	0	0	0	0	0
Dante Pettis	WR	2	0	0	0	0	0	0	0	0	0	0	0	0	0	0
Jakobi Meyers	WR	2	0	0	0	0	0	95	0	9	0	0	0	0	0	0
Irv Smith	TE	2	0	0	0	0	0	36	1	5	0	0	0	0	0	0
Alexander Mattison	RB	2	0	0	0	8	0	6	0	3	0	0	0	0	0	0
Justice Hill	RB	2	0	0	0	16	0	0	0	0	0	0	0	0	0	0
Foster Moreau	TE	2	0	0	0	0	0	30	0	3	0	0	0	0	0	0
Hunter Renfrow	WR	2	0	0	0	0	0	59	0	7	0	0	1	0	0	0
Ashton Dulin	WR	2	0	0	0	3	0	79	0	5	0	0	0	0	0	0
Mecole Hardman	WR	2	0	0	0	-4	0	49	0	3	0	0	0	0	0	0
Olamide Zaccheaus	WR	2	0	0	0	0	0	21	1	2	0	0	0	0	0	0
Deonte Harty	WR	2	0	0	0	0	0	9	0	1	0	0	0	0	0	0
Diontae Johnson	WR	2	0	0	0	0	0	57	0	6	0	0	0	0	0	1
Kyler Murray	QB	2	277	1	1	28	1	0	0	0	0	0	0	1	1	0
T.J. Hockenson	TE	2	0	0	0	0	0	26	0	3	0	0	0	0	0	0
Miles Sanders	RB	2	0	0	0	80	0	6	0	3	0	0	0	0	0	0
Devin Singletary	RB	2	0	0	0	19	0	2	0	2	0	0	0	0	0	0
Tony Pollard	RB	2	0	0	0	43	1	55	0	4	0	0	0	0	0	0
Scott Miller	WR	2	0	0	0	8	0	34	0	3	0	0	0	0	0	0
Chris Myarick	TE	2	0	0	0	0	0	0	0	0	0	0	0	0	0	0
David Sills	WR	2	0	0	0	0	0	37	0	3	0	0	0	0	0	0
Lil'Jordan Humphrey	WR	2	0	0	0	0	0	11	0	1	0	0	0	0	0	0
Greg Dortch	WR	2	0	0	0	0	0	55	1	4	0	0	0	0	0	0
Jeff Smith	WR	2	0	0	0	0	0	17	0	1	0	0	0	0	0	0
Ty Johnson	RB	2	0	0	0	0	0	4	0	1	0	0	0	0	0	0
Joseph Fortson	TE	2	0	0	0	0	0	0	0	0	0	0	0	0	0	0
Craig Reynolds	RB	2	0	0	0	16	0	13	0	1	0	0	0	0	0	0
Parker Hesse	TE	2	0	0	0	0	0	5	0	1	0	0	0	0	0	0
Travis Homer	RB	2	0	0	0	9	0	33	0	4	0	0	0	0	0	0
Drew Sample	TE	2	0	0	0	0	0	-4	0	1	0	0	0	0	0	0
Parris Campbell	WR	2	0	0	0	0	0	0	0	0	0	0	0	0	0	0
DK Metcalf	WR	2	0	0	0	0	0	35	0	4	0	0	0	0	0	0
Noah Fant	TE	2	0	0	0	0	0	11	0	2	0	0	0	0	0	0
Gunner Olszewski	WR	2	0	0	0	18	0	0	0	0	0	0	0	0	0	0
Damien Harris	RB	2	0	0	0	71	1	16	0	2	0	0	0	0	0	0
Terry McLaurin	WR	2	0	0	0	7	0	75	0	4	0	0	0	0	0	0
Marquise Brown	WR	2	0	0	0	0	0	68	0	6	0	0	0	0	0	0
Darrell Henderson	RB	2	0	0	0	47	1	0	0	0	0	0	0	0	0	0
A.J. Brown	WR	2	0	0	0	0	0	69	0	5	0	0	0	0	0	0
David Montgomery	RB	2	0	0	0	122	0	14	0	2	0	0	0	0	0	0
Dawson Knox	TE	2	0	0	0	0	0	41	0	4	0	0	0	0	0	0
Josh Jacobs	RB	2	0	0	0	69	0	12	0	1	0	0	0	0	0	0
Miles Boykin	WR	2	0	0	0	0	0	0	0	0	0	0	0	0	0	0
Daniel Jones	QB	2	176	1	0	21	0	0	0	0	0	0	0	0	0	0
Deebo Samuel Sr.	WR	2	0	0	0	53	0	44	0	5	0	0	0	0	0	0
Mitchell Wilcox	TE	2	0	0	0	0	0	3	0	1	0	0	0	0	0	0
James Robinson	RB	2	0	0	0	64	1	14	0	2	0	0	0	0	0	0
Tony Jones	RB	2	0	0	0	8	0	12	0	2	0	0	0	0	0	0
Kendall Hinton	WR	2	0	0	0	0	0	20	0	1	0	0	0	0	0	0
Andre Baccellia	WR	2	0	0	0	0	0	12	0	2	0	0	0	0	0	0
Giovanni Ricci	TE	2	0	0	0	0	0	16	0	1	0	0	0	0	0	0
Juwan Johnson	TE	2	0	0	0	0	0	40	0	4	0	0	0	0	0	0
Rico Dowdle	RB	2	0	0	0	0	0	0	0	0	0	0	0	0	0	0
Nick Westbrook-Ikhine	WR	2	0	0	0	0	0	13	0	1	0	0	0	0	0	0
Reggie Gilliam	RB	2	0	0	0	0	0	17	1	2	0	0	0	0	0	0
Tua Tagovailoa	QB	2	469	6	2	1	0	0	0	0	0	0	0	0	0	0
Jonathan Taylor	RB	2	0	0	0	54	0	9	0	1	0	0	0	0	0	0
Dezmon Patmon	WR	2	0	0	0	0	0	24	0	2	0	0	0	0	0	0
Harrison Bryant	TE	2	0	0	0	0	0	45	0	3	0	0	0	0	0	0
Donovan Peoples-Jones	WR	2	0	0	0	0	0	0	0	0	0	0	0	0	0	0
Tyler Davis	TE	2	0	0	0	0	0	0	0	0	0	0	0	0	0	0
Zack Moss	RB	2	0	0	0	17	0	0	0	0	0	0	0	0	0	0
Jauan Jennings	WR	2	0	0	0	0	0	4	0	1	0	0	0	0	0	0
Brandon Aiyuk	WR	2	0	0	0	0	0	63	0	5	0	0	0	0	0	0
AJ Dillon	RB	2	0	0	0	61	0	6	0	1	0	0	0	0	0	0
Quez Watkins	WR	2	0	0	0	0	0	69	1	2	0	0	0	0	0	0
D'Andre Swift	RB	2	0	0	0	56	0	31	1	2	0	0	0	0	0	0
Quintez Cephus	WR	2	0	0	0	0	0	0	0	0	0	0	0	0	0	0
Cole Kmet	TE	2	0	0	0	0	0	0	0	0	0	0	0	0	0	0
Darnell Mooney	WR	2	0	0	0	0	0	-4	0	1	0	0	0	0	0	0
Justin Jefferson	WR	2	0	0	0	0	0	48	0	6	0	0	0	0	0	0
Chase Claypool	WR	2	0	0	0	0	0	26	0	4	0	0	0	0	0	0
Antonio Gibson	RB	2	0	0	0	28	1	13	0	2	0	0	0	0	0	0
Devin Duvernay	WR	2	0	0	0	0	0	42	0	2	0	0	0	0	0	0
K.J. Osborn	WR	2	0	0	0	0	0	25	0	2	0	0	0	0	0	0
Justin Herbert	QB	2	334	3	1	1	0	0	0	0	0	0	0	0	0	0
CeeDee Lamb	WR	2	0	0	0	6	0	75	0	7	0	0	0	0	0	0
Clyde Edwards-Helaire	RB	2	0	0	0	74	0	44	0	4	0	0	0	0	0	0
Bryan Edwards	WR	2	0	0	0	0	0	2	0	1	0	0	0	0	0	0
Joshua Kelley	RB	2	0	0	0	22	0	3	0	1	0	0	0	0	0	0
Eno Benjamin	RB	2	0	0	0	31	0	20	0	3	0	0	0	0	0	0
Jalen Reagor	WR	2	0	0	0	17	0	7	0	1	0	0	0	0	0	0
Jalen Hurts	QB	2	333	1	1	57	2	0	0	0	0	0	0	0	0	0
Jerry Jeudy	WR	2	0	0	0	1	0	11	0	1	0	0	0	0	0	0
Tee Higgins	WR	2	0	0	0	0	0	71	1	6	0	0	0	0	0	0
Cam Akers	RB	2	0	0	0	44	0	18	0	2	0	0	0	0	0	0
Albert Okwuegbunam	TE	2	0	0	0	0	0	0	0	0	0	0	0	0	0	0
DeeJay Dallas	RB	2	0	0	1	0	0	0	0	0	0	0	0	0	0	0
Stephen Sullivan	TE	2	0	0	0	0	0	13	0	1	0	0	0	0	0	0
Tyrie Cleveland	WR	2	0	0	0	0	0	28	0	2	0	0	0	0	0	0
Joe Burrow	QB	2	199	1	0	26	0	0	0	0	0	0	0	1	0	0
Mike Strachan	WR	2	0	0	0	0	0	23	0	1	0	0	0	0	0	0
Deon Jackson	RB	2	0	0	0	-3	0	0	0	0	0	0	0	0	0	0
Kenny Yeboah	TE	2	0	0	0	0	0	0	0	0	0	0	0	0	0	0
Rashod Bateman	WR	2	0	0	0	0	0	108	1	4	0	0	0	0	0	0
Nico Collins	WR	2	0	0	0	0	0	58	0	4	0	0	0	0	0	0
Chuba Hubbard	RB	2	0	0	0	0	0	0	0	0	0	0	0	0	0	0
Brevin Jordan	TE	2	0	0	0	0	0	3	0	2	0	0	0	0	0	0
Gary Brightwell	RB	2	0	0	0	14	0	0	0	0	0	0	0	0	0	0
Shi Smith	WR	2	0	0	0	0	0	2	0	1	0	0	0	0	0	0
Quintin Morris	TE	2	0	0	0	0	0	6	0	1	0	0	0	0	0	0
Jaylen Waddle	WR	2	0	0	0	0	0	171	2	11	0	0	0	0	0	0
Dee Eskridge	WR	2	0	0	0	0	0	6	0	1	0	0	0	0	0	0
John Bates	TE	2	0	0	0	0	0	15	0	2	0	0	0	0	0	0
Tylan Wallace	WR	2	0	0	0	0	0	9	0	1	0	0	0	0	0	0
Ihmir Smith-Marsette	WR	2	0	0	0	0	0	0	0	0	0	0	0	0	0	0
Noah Gray	TE	2	0	0	0	0	0	12	0	2	0	0	0	0	0	0
Simi Fehoko	WR	2	0	0	0	0	0	0	0	0	0	0	0	0	0	0
Demetric Felton	RB	2	0	0	0	-4	0	3	0	1	0	0	0	0	0	0
Dax Milne	WR	2	0	0	0	0	0	6	0	1	0	0	0	0	0	0
Brock Wright	TE	2	0	0	0	0	0	25	0	1	0	0	0	0	0	0
Caleb Huntley	RB	2	0	0	0	3	0	0	0	0	0	0	0	0	0	0
Kene Nwangwu	RB	2	0	0	0	0	0	0	0	0	0	0	0	0	0	0
Ben Skowronek	WR	2	0	0	0	0	0	16	0	2	0	0	0	0	0	0
Rhamondre Stevenson	RB	2	0	0	0	47	0	4	0	1	0	0	0	0	0	0
Kylen Granson	TE	2	0	0	0	0	0	14	0	2	0	0	0	0	0	0
Jaelon Darden	WR	2	0	0	0	0	0	0	0	0	0	0	0	0	0	0
Najee Harris	RB	2	0	0	0	49	0	40	0	5	0	0	0	0	0	0
Pat Freiermuth	TE	2	0	0	0	0	0	22	1	4	0	0	0	0	0	0
Davis Mills	QB	2	177	0	0	1	0	0	0	0	0	0	0	0	0	0
Ja'Marr Chase	WR	2	0	0	0	4	0	54	0	5	0	0	0	0	0	0
Khalil Herbert	RB	2	0	0	0	38	0	3	0	1	0	0	0	0	0	0
DeVonta Smith	WR	2	0	0	0	0	0	80	0	7	0	0	0	0	0	0
Kadarius Toney	WR	2	0	0	0	0	0	0	0	2	0	0	0	0	0	0
Kenny Gainwell	RB	2	0	0	0	7	0	11	0	1	0	0	0	0	0	0
Michael Carter	RB	2	0	0	0	23	0	27	0	5	0	0	0	0	0	0
Justin Fields	QB	2	70	0	1	20	1	0	0	0	0	0	0	0	0	0
Avery Williams	RB	2	0	0	0	0	0	6	0	1	0	0	0	0	0	0
Amon-Ra St. Brown	WR	2	0	0	0	68	0	116	2	9	0	0	0	0	0	0
Kyle Pitts	TE	2	0	0	0	0	0	19	0	2	0	0	0	0	0	0
Trevor Lawrence	QB	2	235	2	0	11	0	0	0	0	0	0	0	0	0	0
Mac Jones	QB	2	252	1	1	6	0	0	0	0	0	0	0	0	0	0
Travis Etienne	RB	2	0	0	0	20	0	33	0	3	0	0	0	0	0	0
Elijah Moore	WR	2	0	0	0	-6	0	41	0	3	0	0	0	0	0	0
Josh Palmer	WR	2	0	0	0	0	0	30	1	4	0	0	0	0	0	0
Amari Rodgers	WR	2	0	0	0	0	0	0	0	0	0	0	0	0	0	0
Javonte Williams	RB	2	0	0	0	75	0	10	0	1	0	0	0	0	0	0
Trey Lance	QB	2	30	0	0	13	0	0	0	0	0	0	0	0	0	0
Trestan Ebner	RB	2	0	0	0	0	0	0	0	0	0	0	0	0	0	0
Britain Covey	WR	2	0	0	0	0	0	0	0	0	0	0	0	0	0	0
Raleigh Webb	WR	2	0	0	0	0	0	0	0	0	0	0	0	0	0	0
Isiah Pacheco	RB	2	0	0	0	6	0	0	0	0	0	0	0	0	0	0
Jaylen Warren	RB	2	0	0	0	15	0	0	0	1	0	0	0	0	0	0
Drake London	WR	2	0	0	0	0	0	86	1	8	0	0	0	0	0	1
Chris Olave	WR	2	0	0	0	0	0	80	0	5	0	0	1	0	0	0
George Pickens	WR	2	0	0	0	0	0	23	0	1	0	0	0	0	0	0
James Cook	RB	2	0	0	0	53	0	0	0	0	0	0	0	0	0	0
Rachaad White	RB	2	0	0	0	1	0	0	0	0	0	0	0	0	0	0
David Bell	WR	2	0	0	0	0	0	6	0	1	0	0	0	0	0	0
Dameon Pierce	RB	2	0	0	0	69	0	8	0	1	0	0	0	0	0	0
Khalil Shakir	WR	2	0	0	0	0	0	0	0	0	0	0	0	0	0	0
Tyler Allgeier	RB	2	0	0	0	30	0	0	0	0	0	0	0	0	0	0
Jerome Ford	RB	2	0	0	0	0	0	0	0	0	0	0	0	0	0	0
Montrell Washington	WR	2	0	0	0	19	0	0	0	0	0	0	0	0	0	0
Kyle Philips	WR	2	0	0	0	0	0	5	0	1	0	0	0	0	0	0
Zander Horvath	RB	2	0	0	0	0	0	1	1	1	0	0	0	0	0	0
Jordan Mason	RB	2	0	0	0	0	0	0	0	0	0	0	0	0	0	0
Dennis Houston	WR	2	0	0	0	0	0	0	0	0	0	0	0	0	0	0
Hassan Haskins	RB	2	0	0	0	37	0	0	0	1	0	0	0	0	0	0
Garrett Wilson	WR	2	0	0	0	-2	0	102	2	8	0	0	0	0	0	0
Jahan Dotson	WR	2	0	0	0	0	0	59	1	4	0	0	0	0	0	1
Treylon Burks	WR	2	0	0	0	0	0	47	0	4	0	0	0	0	0	0
KaVontae Turpin	WR	2	0	0	0	3	0	0	0	0	0	0	0	0	0	0
Jeremy Ruckert	TE	2	0	0	0	0	0	0	0	0	0	0	0	0	0	0
Chig Okonkwo	TE	2	0	0	0	0	0	0	0	0	0	0	0	0	0	0
Romeo Doubs	WR	2	0	0	0	0	0	27	0	2	0	0	0	0	0	0
Tyrion Davis-Price	RB	2	0	0	0	33	0	0	0	0	0	0	0	0	0	0
Danny Gray	WR	2	0	0	0	0	0	0	0	0	0	0	0	0	0	0
Isaiah Likely	TE	2	0	0	0	0	0	43	0	4	0	0	0	0	0	0
Zamir White	RB	2	0	0	0	2	0	0	0	0	0	0	0	0	0	0
Skyy Moore	WR	2	0	0	0	0	0	0	0	0	0	0	0	0	0	0
Pierre Strong	RB	2	0	0	0	0	0	0	0	0	0	0	0	0	0	0
Daniel Bellinger	TE	2	0	0	0	0	0	16	1	1	0	0	0	0	0	0
Breece Hall	RB	2	0	0	0	50	0	10	1	1	0	0	0	0	0	0
Christian Watson	WR	2	0	0	0	0	0	9	0	3	0	0	0	0	0	0
Malik Willis	QB	2	6	0	0	16	0	0	0	0	0	1	0	0	0	0
Cade Otton	TE	2	0	0	0	0	0	4	0	1	0	0	0	0	0	0
Kenneth Walker III	RB	2	0	0	0	10	0	5	0	2	0	0	0	0	0	0
Tom Brady	QB	3	271	1	0	-1	0	0	0	0	0	0	0	0	0	0
Aaron Rodgers	QB	3	255	2	1	-1	0	0	0	0	0	0	0	0	0	0
Matt Ryan	QB	3	222	2	0	4	0	0	0	0	1	0	0	0	0	0
Joe Flacco	QB	3	285	0	2	0	0	0	0	0	2	0	0	0	0	0
Matthew Stafford	QB	3	249	0	0	2	0	0	0	0	0	0	0	0	0	0
A.J. Green	WR	3	0	0	0	0	0	0	0	0	0	0	0	0	0	0
Mark Ingram	RB	3	0	0	0	18	1	0	0	0	0	0	0	0	0	0
Kyle Rudolph	TE	3	0	0	0	0	0	12	0	1	0	0	0	0	0	0
Randall Cobb	WR	3	0	0	0	0	0	57	0	2	0	0	0	0	0	0
Cole Beasley	WR	3	0	0	0	0	0	12	0	3	0	0	0	0	0	0
Brandon Bolden	RB	3	0	0	0	17	0	4	0	2	0	0	0	0	0	0
Russell Wilson	QB	3	184	0	0	17	0	0	0	0	0	0	0	0	0	0
Marvin Jones	WR	3	0	0	0	0	0	33	1	4	0	0	0	0	0	0
Kirk Cousins	QB	3	260	2	0	-1	0	0	0	0	0	0	0	0	0	0
Ryan Tannehill	QB	3	264	1	1	2	1	0	0	0	0	0	0	0	0	0
Adam Thielen	WR	3	0	0	0	0	0	61	1	6	0	0	0	0	0	0
Zach Ertz	TE	3	0	0	0	0	0	45	0	6	0	0	0	0	0	0
Marquise Goodwin	WR	3	0	0	0	0	0	31	0	2	0	0	0	0	0	0
Rex Burkhead	RB	3	0	0	0	9	0	21	0	4	0	0	0	0	0	0
Robert Woods	WR	3	0	0	0	0	0	85	0	4	0	0	0	0	0	0
Travis Kelce	TE	3	0	0	0	1	0	58	1	4	0	0	0	0	0	1
Geno Smith	QB	3	325	2	1	-1	0	0	0	0	0	0	0	0	0	0
Cordarrelle Patterson	RB	3	0	0	0	141	1	12	0	1	0	0	0	0	0	0
Brandin Cooks	WR	3	0	0	0	0	0	22	0	2	0	0	0	0	0	0
Teddy Bridgewater	QB	3	0	0	0	0	0	0	0	0	0	0	0	0	0	0
Logan Thomas	TE	3	0	0	0	0	0	5	0	2	0	0	0	0	0	0
Cameron Brate	TE	3	0	0	0	0	0	52	0	5	0	0	0	0	0	0
Derek Carr	QB	3	303	2	1	17	0	0	0	0	0	0	0	0	0	0
Jimmy Garoppolo	QB	3	211	1	1	0	0	0	0	0	0	1	0	0	0	0
Jerick McKinnon	RB	3	0	0	0	20	0	0	0	0	0	0	0	0	0	0
Davante Adams	WR	3	0	0	0	-4	0	36	1	5	0	0	0	0	0	0
Jarvis Landry	WR	3	0	0	0	0	0	22	0	2	0	0	0	0	0	0
Allen Robinson	WR	3	0	0	0	0	0	23	0	2	0	0	0	0	0	0
Jameis Winston	QB	3	353	1	2	5	0	0	0	0	0	0	0	0	0	0
Amari Cooper	WR	3	0	0	0	0	0	101	1	7	0	0	0	0	0	0
DeVante Parker	WR	3	0	0	0	0	0	156	0	5	0	0	0	0	0	0
Nelson Agholor	WR	3	0	0	0	0	0	41	0	2	0	0	1	0	0	0
Stefon Diggs	WR	3	0	0	0	0	0	74	0	7	0	0	0	0	0	0
Darren Waller	TE	3	0	0	0	0	0	22	0	3	0	0	0	0	0	0
Raheem Mostert	RB	3	0	0	0	11	0	0	0	0	0	0	0	0	0	0
DeAndre Carter	WR	3	0	0	0	-5	0	31	0	3	0	0	0	0	0	0
Jake Kumerow	WR	3	0	0	0	0	0	14	0	2	0	0	0	0	0	0
Jamison Crowder	WR	3	0	0	0	0	0	9	0	1	0	0	0	0	0	0
Breshad Perriman	WR	3	0	0	0	0	0	44	0	3	0	0	1	0	0	0
Ameer Abdullah	RB	3	0	0	0	0	0	0	0	0	0	0	0	0	0	0
C.J. Uzomah	TE	3	0	0	0	0	0	5	0	1	0	0	0	0	0	0
Geoff Swaim	TE	3	0	0	0	0	0	19	1	3	0	0	0	0	0	0
Melvin Gordon	RB	3	0	0	0	26	1	29	0	5	0	0	0	0	0	0
Phillip Dorsett	WR	3	0	0	0	0	0	15	0	1	0	0	0	0	0	0
Tyler Lockett	WR	3	0	0	0	0	0	76	0	9	0	0	0	0	0	0
Marcus Mariota	QB	3	229	1	1	4	1	0	0	0	0	1	0	0	0	0
Chester Rogers	WR	3	0	0	0	0	0	0	0	0	0	0	0	0	0	0
Sterling Shepard	WR	3	0	0	0	0	0	49	0	5	0	0	0	0	0	0
Austin Hooper	TE	3	0	0	0	0	0	19	0	2	0	0	0	0	0	0
Nick Vannett	TE	3	0	0	0	0	0	5	0	1	0	0	0	0	0	0
Chris Moore	WR	3	0	0	0	0	0	63	0	3	0	0	0	0	0	0
Dwayne Washington	RB	3	0	0	0	0	0	0	0	0	0	0	0	0	0	0
Kalif Raymond	WR	3	0	0	0	0	0	4	0	1	0	0	0	0	0	0
J.D. McKissic	RB	3	0	0	0	8	0	32	0	6	0	0	0	0	0	0
Robbie Chosen	WR	3	0	0	0	0	0	14	0	1	0	0	0	0	0	0
Stephen Anderson	TE	3	0	0	0	0	0	0	0	0	0	0	0	0	0	0
Derrick Henry	RB	3	0	0	0	85	1	58	0	5	0	0	0	0	0	0
Michael Thomas	WR	3	0	0	0	0	0	49	0	5	0	0	0	0	0	0
Demarcus Robinson	WR	3	0	0	0	0	0	0	0	0	0	0	0	0	0	0
Carson Wentz	QB	3	211	0	0	22	0	0	0	0	1	0	0	0	0	0
Jonathan Williams	RB	3	0	0	0	6	0	0	0	0	0	0	0	0	0	0
Tyler Boyd	WR	3	0	0	0	0	0	105	1	4	0	0	0	0	0	0
Tyreek Hill	WR	3	0	0	0	0	0	33	0	2	0	0	0	0	0	0
Ezekiel Elliott	RB	3	0	0	0	73	1	2	0	1	0	0	0	0	0	0
Hunter Henry	TE	3	0	0	0	0	0	8	0	1	0	0	0	0	0	0
Jared Goff	QB	3	277	1	1	8	0	0	0	0	0	0	0	0	0	0
Tyler Higbee	TE	3	0	0	0	0	0	61	0	4	0	0	0	0	0	0
Jacoby Brissett	QB	3	220	2	0	11	0	0	0	0	0	0	0	0	0	0
Mo Alie-Cox	TE	3	0	0	0	0	0	9	0	1	0	0	0	0	0	0
Johnny Mundt	TE	3	0	0	0	0	0	23	0	2	0	0	0	0	0	0
Zach Pascal	WR	3	0	0	0	0	0	18	0	3	0	0	0	0	0	0
Christian McCaffrey	RB	3	0	0	0	108	0	7	0	2	0	0	0	0	0	0
Curtis Samuel	WR	3	0	0	0	13	0	48	0	7	0	0	0	0	0	0
George Kittle	TE	3	0	0	0	0	0	28	0	4	0	0	0	0	0	0
Trent Taylor	WR	3	0	0	0	0	0	0	0	0	0	0	0	0	0	0
Aaron Jones	RB	3	0	0	0	36	0	11	0	3	0	0	1	0	0	0
Kendrick Bourne	WR	3	0	0	0	0	0	58	0	4	0	0	0	0	0	0
Matt Breida	RB	3	0	0	0	3	0	0	0	0	0	0	0	0	0	0
Patrick Ricard	RB	3	0	0	0	0	0	12	0	1	0	0	0	0	0	0
Pharaoh Brown	TE	3	0	0	0	0	0	31	0	3	0	0	0	0	0	0
Anthony Firkser	TE	3	0	0	0	0	0	22	0	1	0	0	0	0	0	0
Isaiah McKenzie	WR	3	0	0	0	6	0	76	1	7	0	0	0	0	0	0
Samaje Perine	RB	3	0	0	0	47	0	14	1	2	0	0	0	0	0	0
Mike Williams	WR	3	0	0	0	0	0	15	1	1	0	0	0	0	0	0
James Conner	RB	3	0	0	0	39	0	18	0	3	0	0	0	0	0	0
Mack Hollins	WR	3	4	0	0	0	0	158	1	8	0	0	0	0	0	0
Jamal Agnew	WR	3	0	0	0	0	0	17	0	1	0	0	0	0	0	0
Eric Saubert	TE	3	0	0	0	0	0	0	0	0	0	0	0	0	0	0
Noah Brown	WR	3	0	0	0	0	0	54	0	5	0	0	0	0	0	0
Cooper Rush	QB	3	215	1	0	-2	0	0	0	0	0	0	0	0	0	0
Keelan Cole	WR	3	0	0	0	0	0	12	0	1	0	0	0	0	0	0
Austin Ekeler	RB	3	0	0	0	5	0	48	0	8	0	0	0	0	0	0
Robert Tonyan	TE	3	0	0	0	0	0	37	0	6	0	0	0	0	0	0
Leonard Fournette	RB	3	0	0	0	35	0	35	0	5	0	0	0	0	0	0
JuJu Smith-Schuster	WR	3	0	0	0	0	0	89	0	5	0	0	0	0	0	0
Jonnu Smith	TE	3	0	0	0	0	0	25	0	4	0	0	0	0	0	0
Mitchell Trubisky	QB	3	207	0	0	7	1	0	0	0	0	0	0	0	0	0
Corey Davis	WR	3	0	0	0	0	0	27	0	2	0	0	0	0	0	0
Patrick Mahomes	QB	3	262	1	1	26	0	0	0	0	0	0	0	1	0	0
O.J. Howard	TE	3	0	0	0	0	0	0	0	0	0	0	0	0	0	0
Evan Engram	TE	3	0	0	0	0	0	9	0	1	0	0	0	0	0	1
David Njoku	TE	3	0	0	0	0	0	89	1	9	0	0	0	0	0	0
Zay Jones	WR	3	0	0	0	0	0	85	1	10	0	0	0	0	0	0
Dalvin Cook	RB	3	0	0	0	96	1	0	0	0	0	1	0	0	0	0
Gerald Everett	TE	3	0	0	0	0	0	25	0	2	0	0	0	0	0	0
Joe Mixon	RB	3	0	0	0	24	0	14	0	3	0	0	0	0	0	0
Alvin Kamara	RB	3	0	0	0	61	0	12	0	2	0	1	0	0	0	0
Cooper Kupp	WR	3	0	0	0	20	1	44	0	4	0	0	0	0	0	0
Kareem Hunt	RB	3	0	0	0	47	0	14	0	3	0	0	0	0	0	0
Kenny Golladay	WR	3	0	0	0	0	0	0	0	0	0	0	0	0	0	0
C.J. Beathard	QB	3	0	0	0	-1	0	0	0	0	0	0	0	0	0	0
Josh Reynolds	WR	3	0	0	0	0	0	96	0	6	0	0	0	0	0	0
Jamaal Williams	RB	3	0	0	0	87	2	20	0	2	0	0	0	0	0	0
River Cracraft	WR	3	0	0	0	0	0	11	1	1	0	0	0	0	0	0
Jeff Wilson	RB	3	0	0	0	75	0	31	0	3	0	0	1	0	0	0
Will Dissly	TE	3	0	0	0	0	0	34	1	3	0	0	0	0	0	0
Mike Boone	RB	3	0	0	0	0	0	0	0	0	0	0	0	0	0	0
Dontrell Hilliard	RB	3	0	0	0	14	0	30	0	1	0	0	0	0	0	0
Tyler Conklin	TE	3	0	0	0	0	0	84	0	8	0	0	0	0	0	0
Marquez Valdes-Scantling	WR	3	0	0	0	0	0	48	0	4	0	0	0	0	0	0
Equanimeous St. Brown	WR	3	0	0	0	43	0	20	0	1	0	0	0	0	0	0
Richie James	WR	3	0	0	0	4	0	36	0	4	0	0	0	0	0	0
Byron Pringle	WR	3	0	0	0	0	0	11	0	1	0	0	0	0	0	0
Darrel Williams	RB	3	0	0	0	7	0	0	0	0	0	0	0	0	0	0
Courtland Sutton	WR	3	0	0	0	0	0	97	0	8	0	0	0	0	0	0
Dallas Goedert	TE	3	0	0	0	0	0	26	1	3	0	0	0	0	0	0
Jordan Akins	TE	3	0	0	0	0	0	31	1	3	0	0	0	0	0	0
Ian Thomas	TE	3	0	0	0	0	0	13	0	2	0	0	0	0	0	0
Nyheim Hines	RB	3	0	0	0	7	0	23	0	5	0	0	0	0	0	0
Justin Watson	WR	3	0	0	0	0	0	0	0	0	0	0	0	0	0	0
Ray-Ray McCloud	WR	3	0	0	0	0	0	11	0	1	0	0	0	0	0	0
Russell Gage	WR	3	0	0	0	0	0	87	1	12	0	0	1	0	0	0
Boston Scott	RB	3	0	0	0	0	0	0	0	0	0	0	0	0	0	0
Braxton Berrios	WR	3	0	0	0	-2	0	0	0	0	0	0	0	0	0	0
Justin Jackson	RB	3	0	0	0	0	0	0	0	0	0	0	0	0	0	0
Trent Sherfield	WR	3	0	0	0	0	0	5	0	1	0	0	0	0	0	0
Allen Lazard	WR	3	0	0	0	0	0	45	1	4	0	0	0	0	0	0
Brandon Powell	WR	3	0	0	0	0	0	27	0	3	0	0	0	0	0	0
Chase Edmonds	RB	3	0	0	0	21	2	6	0	1	0	0	0	0	0	0
Rashaad Penny	RB	3	0	0	0	66	0	3	0	1	0	0	0	0	0	0
Mark Andrews	TE	3	0	0	0	0	0	89	2	8	0	0	0	0	0	0
Tre'Quan Smith	WR	3	0	0	0	0	0	105	0	4	0	0	0	0	0	0
Christian Kirk	WR	3	0	0	0	0	0	72	1	6	0	0	0	0	0	0
DJ Chark	WR	3	0	0	0	0	0	46	0	3	0	0	0	0	0	0
Nick Chubb	RB	3	0	0	0	113	1	0	0	0	0	0	0	0	0	0
Lamar Jackson	QB	3	218	4	1	107	1	0	0	0	0	0	0	0	0	0
Durham Smythe	TE	3	0	0	0	0	0	23	0	3	0	0	0	0	0	0
DJ Moore	WR	3	0	0	0	13	0	2	0	1	0	0	0	0	0	0
Mike Gesicki	TE	3	0	0	0	0	0	6	0	1	0	0	0	0	0	0
Hayden Hurst	TE	3	0	0	0	0	0	7	0	1	0	0	0	0	0	0
Saquon Barkley	RB	3	0	0	0	81	1	45	0	4	0	0	0	0	0	0
Sony Michel	RB	3	0	0	0	22	0	9	0	1	0	0	0	0	0	0
Baker Mayfield	QB	3	170	1	0	-1	0	0	0	0	0	0	0	0	0	0
Josh Allen	QB	3	400	2	0	47	0	0	0	0	1	0	0	0	0	0
Dante Pettis	WR	3	0	0	0	0	0	0	0	0	0	0	0	0	0	0
Irv Smith	TE	3	0	0	0	0	0	32	0	2	0	0	0	0	0	0
Alexander Mattison	RB	3	0	0	0	28	1	16	0	1	0	0	0	0	0	0
Justice Hill	RB	3	0	0	0	60	0	0	0	0	0	0	0	0	0	0
Foster Moreau	TE	3	0	0	0	0	0	44	0	3	0	0	0	0	0	0
Ashton Dulin	WR	3	0	0	0	0	0	7	0	1	0	0	0	0	0	0
Penny Hart	WR	3	0	0	0	0	0	15	0	1	0	0	0	0	0	0
Mecole Hardman	WR	3	0	0	0	0	0	2	0	1	0	0	0	0	0	0
Olamide Zaccheaus	WR	3	0	0	0	0	0	49	0	2	0	0	0	0	0	0
Diontae Johnson	WR	3	0	0	0	0	0	84	0	8	0	0	0	0	0	0
Kyler Murray	QB	3	314	0	0	8	0	0	0	0	0	0	0	0	0	0
T.J. Hockenson	TE	3	0	0	0	0	0	18	1	3	0	0	0	0	0	0
Miles Sanders	RB	3	0	0	0	46	0	-2	0	1	0	0	0	0	0	0
Josh Oliver	TE	3	0	0	0	0	0	8	1	2	0	0	0	0	0	0
Devin Singletary	RB	3	0	0	0	13	0	78	1	9	0	0	0	0	0	0
Tony Pollard	RB	3	0	0	0	105	0	0	0	0	0	0	0	0	0	0
Scott Miller	WR	3	0	0	0	0	0	4	0	1	0	0	0	0	0	0
Chris Myarick	TE	3	0	0	0	0	0	6	0	1	0	0	0	0	0	0
David Sills	WR	3	0	0	0	0	0	20	0	2	0	0	0	0	0	0
Stanley Morgan	WR	3	0	0	0	0	0	0	0	0	0	0	0	0	0	0
Lil'Jordan Humphrey	WR	3	0	0	0	0	0	0	0	0	0	0	0	0	0	0
Jalen Guyton	WR	3	0	0	0	0	0	64	0	2	0	0	0	0	0	0
Greg Dortch	WR	3	0	0	0	0	0	80	0	9	0	0	0	0	0	0
Andy Isabella	WR	3	0	0	0	0	0	11	0	1	0	0	0	0	0	0
Joseph Fortson	TE	3	0	0	0	0	0	0	0	0	0	0	0	0	0	0
Jesper Horsted	TE	3	0	0	0	0	0	0	0	0	0	0	0	0	0	0
Craig Reynolds	RB	3	0	0	0	13	0	5	0	1	0	0	0	0	0	0
Parker Hesse	TE	3	0	0	0	0	0	0	0	0	0	0	0	0	0	0
Juwann Winfree	WR	3	0	0	0	0	0	0	0	0	0	0	0	0	0	0
Travis Homer	RB	3	0	0	0	7	0	0	0	0	0	0	0	0	0	0
Kendall Blanton	TE	3	0	0	0	0	0	28	0	1	0	0	0	0	0	0
Parris Campbell	WR	3	0	0	0	0	0	10	0	2	0	0	0	0	0	0
DK Metcalf	WR	3	0	0	0	0	0	64	1	5	0	0	0	0	0	0
Noah Fant	TE	3	0	0	0	0	0	27	0	4	0	0	0	0	0	0
Gunner Olszewski	WR	3	0	0	0	0	0	0	0	0	0	0	0	0	0	0
Damien Harris	RB	3	0	0	0	41	1	5	0	2	0	0	0	0	0	0
Terry McLaurin	WR	3	0	0	0	0	0	102	0	6	0	0	0	0	0	0
Marquise Brown	WR	3	0	0	0	0	0	140	0	14	0	0	0	0	0	0
Darrell Henderson	RB	3	0	0	0	17	0	0	0	0	0	0	0	0	0	0
A.J. Brown	WR	3	0	0	0	0	0	85	1	5	0	0	0	0	0	0
David Montgomery	RB	3	0	0	0	11	0	0	0	0	0	0	0	0	0	0
Dawson Knox	TE	3	0	0	0	0	0	25	0	4	0	0	0	0	0	0
Josh Jacobs	RB	3	0	0	0	66	0	31	0	5	0	0	0	0	0	0
Miles Boykin	WR	3	0	0	0	0	0	0	0	0	0	0	0	0	0	0
Daniel Jones	QB	3	196	0	1	79	0	0	0	0	0	0	0	0	0	0
Deebo Samuel Sr.	WR	3	0	0	0	6	0	73	0	5	0	0	0	0	0	0
Jakob Johnson	RB	3	0	0	0	0	0	0	0	0	0	0	0	0	0	0
Mitchell Wilcox	TE	3	0	0	0	0	0	9	0	1	0	0	0	0	0	0
JaMycal Hasty	RB	3	0	0	0	0	0	0	0	0	0	0	0	0	0	0
Ben Ellefson	TE	3	0	0	0	0	0	24	0	2	0	0	0	0	0	0
James Robinson	RB	3	0	0	0	100	1	16	0	3	0	0	0	0	0	0
Kendall Hinton	WR	3	0	0	0	0	0	27	0	1	0	0	0	0	0	0
Andre Baccellia	WR	3	0	0	0	0	0	13	0	2	0	0	0	0	0	0
Giovanni Ricci	TE	3	0	0	0	0	0	15	0	1	0	0	0	0	0	0
Juwan Johnson	TE	3	0	0	0	0	0	0	0	0	0	0	0	0	0	0
J.K. Dobbins	RB	3	0	0	0	23	0	17	0	2	0	0	0	0	0	0
Nick Westbrook-Ikhine	WR	3	0	0	0	0	0	40	0	3	0	0	0	0	0	0
Reggie Gilliam	RB	3	0	0	0	0	0	22	0	2	0	0	0	0	0	0
Gabe Davis	WR	3	0	0	0	0	0	37	0	3	0	0	0	0	0	0
Tua Tagovailoa	QB	3	186	1	0	0	0	0	0	0	0	0	0	0	0	0
Marquez Callaway	WR	3	0	0	0	0	0	4	1	1	0	0	0	0	0	0
Jonathan Taylor	RB	3	0	0	0	71	0	20	0	3	0	0	0	0	0	0
Donovan Peoples-Jones	WR	3	0	0	0	0	0	10	0	1	0	0	0	0	0	0
Colby Parkinson	TE	3	0	0	0	0	0	44	0	2	0	0	0	0	0	0
Tyler Davis	TE	3	0	0	0	0	0	26	0	2	0	0	0	0	0	0
Zack Moss	RB	3	0	0	0	46	0	6	0	1	0	0	0	0	0	0
Michael Pittman	WR	3	0	0	0	0	0	72	0	8	0	0	0	0	0	0
Jauan Jennings	WR	3	0	0	0	0	0	5	0	1	0	0	0	0	0	0
Brandon Aiyuk	WR	3	0	0	0	0	0	39	1	3	0	0	0	0	0	0
AJ Dillon	RB	3	0	0	0	32	0	6	0	2	0	0	0	0	0	0
Laviska Shenault Jr.	WR	3	0	0	0	0	0	90	1	2	0	0	0	0	0	0
Quez Watkins	WR	3	0	0	0	0	0	0	0	0	0	0	0	0	0	0
D'Andre Swift	RB	3	0	0	0	31	0	15	0	3	0	0	0	0	0	0
Quintez Cephus	WR	3	0	0	0	0	0	0	0	0	0	0	0	0	0	0
Cole Kmet	TE	3	0	0	0	0	0	40	0	2	0	0	0	0	0	0
Darnell Mooney	WR	3	0	0	0	0	0	23	0	2	0	0	0	0	0	0
Justin Jefferson	WR	3	0	0	0	0	0	14	0	3	0	0	0	0	0	0
Chase Claypool	WR	3	0	0	0	11	0	35	0	3	0	0	0	0	0	0
Antonio Gibson	RB	3	0	0	0	38	1	2	0	1	0	0	0	0	0	0
Devin Duvernay	WR	3	0	0	0	-2	0	25	1	2	0	0	0	0	0	0
K.J. Osborn	WR	3	0	0	0	0	0	73	1	5	0	0	0	0	0	0
Justin Herbert	QB	3	297	1	1	7	0	0	0	0	1	0	0	0	0	0
CeeDee Lamb	WR	3	0	0	0	0	0	87	1	8	0	0	0	0	0	0
Clyde Edwards-Helaire	RB	3	0	0	0	0	1	39	0	5	0	0	0	0	0	0
Joshua Kelley	RB	3	0	0	0	-3	0	6	0	2	0	0	0	0	0	0
Eno Benjamin	RB	3	0	0	0	16	0	7	0	2	0	0	0	0	0	0
Jalen Reagor	WR	3	0	0	0	0	0	2	0	1	0	0	0	0	0	0
Jalen Hurts	QB	3	340	3	0	20	0	0	0	0	0	0	0	0	0	0
Jerry Jeudy	WR	3	0	0	0	0	0	17	0	2	0	0	0	0	0	0
Tee Higgins	WR	3	0	0	0	0	0	93	0	5	0	0	0	0	0	0
Cam Akers	RB	3	0	0	0	61	1	0	0	0	0	1	0	0	0	0
Adam Trautman	TE	3	0	0	0	0	0	9	0	1	0	0	0	0	0	0
Albert Okwuegbunam	TE	3	0	0	0	0	0	12	0	1	0	0	0	0	0	0
DeeJay Dallas	RB	3	0	0	0	21	0	17	0	2	0	0	0	0	0	0
Joe Burrow	QB	3	275	3	0	0	0	0	0	0	0	0	0	0	0	0
Tim Jones	WR	3	0	0	0	0	0	0	0	0	0	0	0	0	0	0
Rashod Bateman	WR	3	0	0	0	0	0	59	0	2	0	0	1	0	0	0
Nico Collins	WR	3	0	0	0	0	0	41	0	2	0	0	0	0	0	0
Chuba Hubbard	RB	3	0	0	0	25	0	0	0	0	0	0	0	0	0	0
Shi Smith	WR	3	0	0	0	0	0	22	0	2	0	0	0	0	0	0
Quintin Morris	TE	3	0	0	0	0	0	22	0	2	0	0	0	0	0	0
Jaylen Waddle	WR	3	0	0	0	9	0	102	0	4	0	0	0	0	0	0
Dyami Brown	WR	3	0	0	0	0	0	0	0	0	0	0	0	0	0	0
John Bates	TE	3	0	0	0	0	0	0	0	0	0	0	0	0	0	0
Noah Gray	TE	3	0	0	0	0	0	26	0	1	0	0	0	0	0	0
Simi Fehoko	WR	3	0	0	0	0	0	12	0	1	0	0	0	0	0	0
Dax Milne	WR	3	0	0	0	0	0	12	0	1	0	0	0	0	0	0
Miller Forristall	TE	3	0	0	0	0	0	0	0	0	0	0	0	0	0	0
Jack Stoll	TE	3	0	0	0	0	0	4	0	1	0	0	0	0	0	0
Kene Nwangwu	RB	3	0	0	0	0	0	0	0	0	0	0	0	0	0	0
Tutu Atwell	WR	3	0	0	0	0	0	0	0	0	0	0	0	0	0	0
Chris Evans	RB	3	0	0	0	0	0	4	0	1	0	0	0	0	0	0
Ben Skowronek	WR	3	0	0	0	0	0	66	0	4	0	0	0	0	0	0
Rhamondre Stevenson	RB	3	0	0	0	73	1	28	0	4	0	0	0	0	0	0
Kylen Granson	TE	3	0	0	0	0	0	7	0	2	0	0	0	0	0	0
Jaelon Darden	WR	3	0	0	0	0	0	25	0	1	0	0	0	0	0	0
Najee Harris	RB	3	0	0	0	56	1	5	0	3	0	0	0	0	0	0
Pat Freiermuth	TE	3	0	0	0	0	0	41	0	2	0	0	0	0	0	0
Davis Mills	QB	3	245	1	2	0	0	0	0	0	0	0	0	0	0	0
Ja'Marr Chase	WR	3	0	0	0	-2	0	29	1	6	0	0	1	0	0	0
Khalil Herbert	RB	3	0	0	0	157	2	12	0	2	0	0	0	0	0	0
DeVonta Smith	WR	3	0	0	0	0	0	169	1	8	0	0	0	0	0	0
Jacob Harris	WR	3	0	0	0	0	0	0	0	0	0	0	0	0	0	0
Kenny Gainwell	RB	3	0	0	0	6	0	0	0	0	0	0	0	0	0	0
Michael Carter	RB	3	0	0	0	39	0	7	0	1	0	0	0	0	0	0
Justin Fields	QB	3	106	0	2	47	0	0	0	0	0	0	0	0	0	0
Avery Williams	RB	3	0	0	0	9	0	0	0	0	0	0	0	0	0	0
Amon-Ra St. Brown	WR	3	0	0	0	0	0	73	0	6	0	0	0	0	0	0
Kyle Pitts	TE	3	0	0	0	0	0	87	0	5	0	0	0	0	0	0
Trevor Lawrence	QB	3	262	3	0	7	0	0	0	0	0	0	0	1	0	0
Mac Jones	QB	3	321	0	3	31	1	0	0	0	0	0	0	0	0	0
Travis Etienne	RB	3	0	0	0	45	0	30	0	3	0	0	0	0	0	0
Elijah Moore	WR	3	0	0	0	0	0	49	0	4	0	0	0	0	0	0
Josh Palmer	WR	3	0	0	0	0	0	99	0	6	0	0	0	0	0	0
Amari Rodgers	WR	3	0	0	0	0	0	0	0	0	0	0	0	0	0	0
Javonte Williams	RB	3	0	0	0	58	0	2	0	3	0	0	0	0	0	0
Tommy Tremble	TE	3	0	0	0	0	0	7	0	1	0	0	0	0	0	0
Tre' McKitty	TE	3	0	0	0	0	0	0	0	0	0	0	0	0	0	0
Grant Calcaterra	TE	3	0	0	0	0	0	40	0	1	0	0	0	0	0	0
Trestan Ebner	RB	3	0	0	0	23	0	0	0	0	0	0	0	0	0	0
Jake Tonges	TE	3	0	0	0	0	0	0	0	0	0	0	0	0	0	0
Britain Covey	WR	3	0	0	0	0	0	0	0	0	0	0	0	0	0	0
Armani Rogers	TE	3	0	0	0	0	0	0	0	0	0	0	0	0	0	0
Isiah Pacheco	RB	3	0	0	0	9	0	0	0	0	0	0	0	0	0	0
Jaylen Warren	RB	3	0	0	0	30	0	3	0	1	0	0	0	0	0	0
Drake London	WR	3	0	0	0	0	0	54	1	3	0	0	0	0	0	0
Chris Olave	WR	3	0	0	0	0	0	147	0	9	0	0	0	0	0	0
George Pickens	WR	3	0	0	0	0	0	39	0	3	0	0	0	0	0	0
James Cook	RB	3	0	0	0	3	0	37	0	4	0	0	0	0	0	0
Rachaad White	RB	3	0	0	0	0	0	0	0	0	0	0	0	0	0	0
David Bell	WR	3	0	0	0	0	0	6	0	1	0	0	0	0	0	0
Dameon Pierce	RB	3	0	0	0	80	1	21	0	2	0	0	0	0	0	0
Tyler Allgeier	RB	3	0	0	0	25	0	5	0	1	0	0	0	0	0	0
Jerome Ford	RB	3	0	0	0	0	0	0	0	0	0	0	0	0	0	0
Montrell Washington	WR	3	0	0	0	0	0	0	0	0	0	0	0	0	0	0
Ko Kieft	TE	3	0	0	0	0	0	0	0	0	0	0	0	0	0	0
Zander Horvath	RB	3	0	0	0	0	0	0	0	0	0	0	0	0	0	0
Jordan Mason	RB	3	0	0	0	7	0	0	0	0	0	0	0	0	0	0
Peyton Hendershot	TE	3	0	0	0	0	0	43	0	3	0	0	0	0	0	0
Hassan Haskins	RB	3	0	0	0	0	0	0	0	0	0	0	0	0	0	0
Alec Pierce	WR	3	0	0	0	0	0	61	0	3	0	0	0	0	0	0
Jalen Tolbert	WR	3	0	0	0	0	0	4	0	1	0	0	0	0	0	0
Garrett Wilson	WR	3	0	0	0	0	0	60	0	6	0	0	0	0	0	0
Jahan Dotson	WR	3	0	0	0	0	0	10	0	2	0	0	0	0	0	0
Treylon Burks	WR	3	0	0	0	8	0	13	0	1	0	0	0	0	0	0
Jelani Woods	TE	3	0	0	0	0	0	13	2	2	0	0	0	0	0	0
KaVontae Turpin	WR	3	0	0	0	0	0	0	0	0	0	0	0	0	0	0
Romeo Doubs	WR	3	0	0	0	0	0	73	1	8	0	0	0	0	0	0
Isaiah Likely	TE	3	0	0	0	0	0	8	0	1	0	0	0	0	0	0
Jake Ferguson	TE	3	0	0	0	0	0	13	0	2	0	0	0	0	0	0
Skyy Moore	WR	3	0	0	0	0	0	0	0	0	0	0	0	0	0	0
Daniel Bellinger	TE	3	0	0	0	0	0	40	0	4	0	0	0	0	0	0
Breece Hall	RB	3	0	0	0	39	0	53	0	6	0	0	0	0	0	0
Kenneth Walker III	RB	3	0	0	0	19	0	14	0	3	0	0	0	0	0	0
Tom Brady	QB	4	385	3	0	0	0	0	0	0	1	0	0	0	0	0
Aaron Rodgers	QB	4	251	2	1	1	0	0	0	0	0	0	0	0	0	0
Matt Ryan	QB	4	356	2	1	-4	0	0	0	0	1	0	0	0	0	0
Matthew Slater	WR	4	0	0	0	0	0	0	0	0	0	0	0	0	0	0
Matthew Stafford	QB	4	254	0	1	6	0	0	0	0	1	0	0	0	0	0
Brian Hoyer	QB	4	37	0	0	0	0	0	0	0	0	0	0	0	0	0
Julio Jones	WR	4	0	0	0	0	0	7	0	1	0	0	0	0	0	0
Mark Ingram	RB	4	0	0	0	30	0	13	0	3	0	0	0	0	0	0
Andy Dalton	QB	4	236	1	0	3	0	0	0	0	1	0	0	1	0	0
Randall Cobb	WR	4	0	0	0	0	0	42	0	3	0	0	0	0	0	0
Tyrod Taylor	QB	4	11	0	1	30	0	0	0	0	0	0	0	0	0	0
Cole Beasley	WR	4	0	0	0	0	0	5	0	1	0	0	0	0	0	0
Brandon Bolden	RB	4	0	0	0	0	0	-1	0	1	0	0	0	0	0	0
Russell Wilson	QB	4	237	2	0	29	1	1	0	1	0	0	0	0	0	0
Marvin Jones	WR	4	0	0	0	0	0	0	0	0	0	0	0	0	0	0
Kirk Cousins	QB	4	273	1	1	0	0	0	0	0	0	0	0	0	0	0
Ryan Tannehill	QB	4	137	2	0	9	0	0	0	0	0	0	0	0	0	0
Adam Thielen	WR	4	0	0	0	0	0	72	0	8	0	0	0	0	0	0
Zach Ertz	TE	4	0	0	0	0	0	47	1	6	0	0	0	0	0	0
Marquise Goodwin	WR	4	0	0	0	0	0	0	0	0	0	0	0	0	0	0
Rex Burkhead	RB	4	0	0	0	0	0	39	1	5	0	0	0	0	0	0
Robert Woods	WR	4	0	0	0	0	0	30	1	4	0	0	0	0	0	0
Travis Kelce	TE	4	0	0	0	0	0	92	1	9	0	0	0	0	0	0
Latavius Murray	RB	4	0	0	0	57	1	8	0	1	0	0	0	0	0	0
Geno Smith	QB	4	320	2	0	49	1	0	0	0	0	0	0	0	0	0
Cordarrelle Patterson	RB	4	0	0	0	38	1	0	0	0	0	0	0	0	0	0
Brandin Cooks	WR	4	0	0	0	0	0	57	1	7	0	0	0	0	0	0
Teddy Bridgewater	QB	4	193	1	1	11	0	0	0	0	0	0	0	0	0	0
Logan Thomas	TE	4	0	0	0	0	0	19	0	5	0	0	0	0	0	0
Cameron Brate	TE	4	0	0	0	0	0	32	0	4	0	0	0	0	0	0
Derek Carr	QB	4	188	0	0	40	0	0	0	0	0	0	0	0	0	0
Jimmy Garoppolo	QB	4	239	1	0	3	0	0	0	0	0	0	0	0	0	0
Jerick McKinnon	RB	4	0	0	0	-1	0	1	0	1	0	0	0	0	0	0
Davante Adams	WR	4	0	0	0	4	0	101	0	9	0	0	0	0	0	0
Jarvis Landry	WR	4	0	0	0	0	0	7	0	2	0	0	0	0	0	1
Mike Evans	WR	4	0	0	0	0	0	103	2	8	0	0	0	0	0	0
Allen Robinson	WR	4	0	0	0	0	0	7	0	2	0	0	0	0	0	0
Chris Manhertz	TE	4	0	0	0	0	0	0	0	1	0	0	0	0	0	0
Amari Cooper	WR	4	0	0	0	0	0	9	0	1	0	0	0	0	0	0
DeVante Parker	WR	4	0	0	0	0	0	24	1	2	0	0	0	0	0	0
Nelson Agholor	WR	4	0	0	0	0	0	46	0	3	0	0	0	0	0	0
Stefon Diggs	WR	4	0	0	0	0	0	62	0	4	0	0	0	0	0	0
Darren Waller	TE	4	0	0	0	0	0	24	0	3	0	0	0	0	0	0
Raheem Mostert	RB	4	0	0	0	69	0	12	0	2	0	0	0	0	0	0
DeAndre Carter	WR	4	0	0	0	0	0	16	0	2	0	0	0	0	0	0
Damiere Byrd	WR	4	0	0	0	0	0	0	0	0	0	0	0	0	0	0
Jamison Crowder	WR	4	0	0	0	0	0	7	0	1	0	0	0	0	0	0
Ameer Abdullah	RB	4	0	0	0	0	0	0	0	0	0	0	0	0	0	0
C.J. Uzomah	TE	4	0	0	0	0	0	0	0	0	0	0	0	0	0	0
Melvin Gordon	RB	4	0	0	0	8	0	0	0	0	0	1	0	0	0	0
Phillip Dorsett	WR	4	0	0	0	0	0	0	0	0	0	0	0	0	0	0
Tyler Lockett	WR	4	0	0	0	0	0	91	0	6	0	0	0	0	0	0
Marcus Mariota	QB	4	139	0	1	3	0	0	0	0	0	0	0	0	0	0
Austin Hooper	TE	4	0	0	0	0	0	4	0	1	0	0	0	0	0	0
Chris Moore	WR	4	0	0	0	0	0	0	0	0	0	0	0	0	0	0
Kalif Raymond	WR	4	0	0	0	3	0	38	0	3	0	0	1	0	0	0
J.D. McKissic	RB	4	0	0	0	40	0	16	0	3	0	0	0	0	0	0
Robbie Chosen	WR	4	0	0	0	0	0	26	0	3	0	0	0	0	0	0
Stephen Anderson	TE	4	0	0	0	0	0	0	0	0	0	0	0	0	0	0
Derrick Henry	RB	4	0	0	0	114	1	33	0	3	0	0	0	0	0	0
Demarcus Robinson	WR	4	0	0	0	0	0	10	0	2	0	0	0	0	0	0
Carson Wentz	QB	4	170	1	2	5	0	0	0	0	0	0	0	0	0	0
Jonathan Williams	RB	4	0	0	0	48	0	0	0	0	0	0	0	0	0	0
J.P. Holtz	TE	4	0	0	0	0	0	0	0	0	0	0	0	0	0	0
Tyler Boyd	WR	4	23	0	0	0	0	47	0	2	0	0	0	0	0	0
Tyreek Hill	WR	4	0	0	0	-1	0	160	0	10	0	0	0	0	0	0
Ezekiel Elliott	RB	4	0	0	0	49	0	32	0	2	0	0	0	0	0	0
Hunter Henry	TE	4	0	0	0	0	0	13	0	2	0	0	0	0	0	0
Jared Goff	QB	4	378	4	1	1	0	0	0	0	0	0	0	1	1	0
Tyler Higbee	TE	4	0	0	0	0	0	73	0	10	0	0	0	0	0	0
Jacoby Brissett	QB	4	234	0	1	16	1	0	0	0	0	0	0	0	0	0
Mo Alie-Cox	TE	4	0	0	0	0	0	85	2	6	0	0	0	0	0	0
Johnny Mundt	TE	4	0	0	0	0	0	0	0	0	0	0	0	0	0	0
Zach Pascal	WR	4	0	0	0	0	0	0	0	0	0	0	0	0	0	0
Christian McCaffrey	RB	4	0	0	0	27	0	81	1	9	0	0	0	0	0	0
Curtis Samuel	WR	4	0	0	0	0	0	38	0	4	0	0	0	0	0	0
George Kittle	TE	4	0	0	0	0	0	24	0	2	0	0	0	0	0	0
Trent Taylor	WR	4	0	0	0	0	0	0	0	0	0	0	0	0	0	0
Aaron Jones	RB	4	0	0	0	110	0	5	0	3	0	0	0	0	0	0
Kendrick Bourne	WR	4	0	0	0	15	0	23	0	2	0	0	0	0	0	0
Matt Breida	RB	4	0	0	0	18	0	0	0	0	0	0	0	0	0	0
Taysom Hill	TE	4	0	0	0	21	1	0	0	0	0	0	0	0	0	0
Patrick Ricard	RB	4	0	0	0	3	0	17	0	3	0	0	0	0	0	0
Isaiah McKenzie	WR	4	0	0	0	0	0	21	1	4	0	0	0	0	0	0
Samaje Perine	RB	4	0	0	0	0	0	0	0	0	0	0	0	0	0	0
Mike Williams	WR	4	0	0	0	0	0	120	0	7	0	0	0	0	0	0
James Conner	RB	4	0	0	0	55	0	22	0	3	0	0	0	0	0	0
Mack Hollins	WR	4	0	0	0	0	0	33	0	3	0	0	0	0	0	0
Jamal Agnew	WR	4	0	0	0	0	0	50	2	4	0	0	0	0	0	0
Eric Saubert	TE	4	0	0	0	0	0	25	0	1	0	0	0	0	0	0
Noah Brown	WR	4	0	0	0	0	0	61	0	3	0	0	0	0	0	0
Cooper Rush	QB	4	223	2	0	7	0	0	0	0	0	0	0	0	0	0
Keelan Cole	WR	4	0	0	0	0	0	0	0	0	0	0	0	0	0	0
Austin Ekeler	RB	4	0	0	0	60	2	49	1	6	0	0	0	0	0	0
Robert Tonyan	TE	4	0	0	0	0	0	22	1	2	0	0	0	0	0	0
Mason Schreck	TE	4	0	0	0	0	0	0	0	1	0	0	0	0	0	0
Dare Ogunbowale	RB	4	0	0	0	0	0	0	0	0	0	0	0	0	0	0
Leonard Fournette	RB	4	0	0	0	-3	0	57	1	7	0	0	0	0	0	0
JuJu Smith-Schuster	WR	4	0	0	0	0	0	46	0	5	0	0	0	0	0	0
Mitchell Trubisky	QB	4	84	0	1	1	0	0	0	0	0	0	0	0	0	0
Corey Davis	WR	4	0	0	0	0	0	74	1	5	0	0	0	0	0	0
Patrick Mahomes	QB	4	249	3	1	34	0	0	0	0	0	0	0	0	0	0
O.J. Howard	TE	4	0	0	0	0	0	27	0	2	0	0	0	0	0	0
Evan Engram	TE	4	0	0	0	0	0	16	0	1	0	0	0	0	0	0
David Njoku	TE	4	0	0	0	-6	0	73	0	5	0	0	1	0	0	0
Dalvin Cook	RB	4	0	0	0	76	0	10	0	2	0	0	0	0	0	0
Gerald Everett	TE	4	0	0	0	0	0	61	1	5	0	0	0	0	0	0
Joe Mixon	RB	4	0	0	0	61	1	13	0	4	0	0	0	0	0	0
Cooper Kupp	WR	4	0	0	0	0	0	122	0	14	0	0	0	0	0	0
Chris Godwin Jr.	WR	4	0	0	0	0	0	59	0	7	0	0	0	0	0	0
Kareem Hunt	RB	4	0	0	0	49	0	19	0	2	0	0	0	0	0	0
D'Onta Foreman	RB	4	0	0	0	2	0	0	0	0	0	0	0	0	0	0
Kenny Golladay	WR	4	0	0	0	0	0	0	0	0	0	0	0	0	0	0
Josh Reynolds	WR	4	0	0	0	0	0	81	1	7	0	0	0	0	0	0
Jamaal Williams	RB	4	0	0	0	108	2	1	0	1	0	0	0	0	0	0
Marlon Mack	RB	4	0	0	0	0	0	0	0	0	0	0	0	0	0	0
Dan Arnold	TE	4	0	0	0	0	0	26	0	1	0	0	0	0	0	0
River Cracraft	WR	4	0	0	0	0	0	0	0	0	0	0	0	0	0	0
Ross Dwelley	TE	4	0	0	0	0	0	0	0	0	0	0	0	0	0	0
Jeff Wilson	RB	4	0	0	0	74	1	0	0	0	0	0	0	0	0	0
Will Dissly	TE	4	0	0	0	0	0	39	1	4	0	0	0	0	0	0
Mike Boone	RB	4	0	0	0	20	0	9	0	1	0	0	0	0	0	0
Dontrell Hilliard	RB	4	0	0	0	0	0	18	0	4	0	0	0	0	0	0
Tyler Conklin	TE	4	0	0	0	0	0	52	0	3	0	0	0	0	0	0
Marquez Valdes-Scantling	WR	4	0	0	0	0	0	63	0	3	0	0	0	0	0	0
Equanimeous St. Brown	WR	4	0	0	0	0	0	9	0	0	0	0	0	0	0	0
Richie James	WR	4	0	0	0	0	0	9	0	1	0	0	0	0	0	0
Darrel Williams	RB	4	0	0	0	19	0	0	0	0	0	0	0	0	0	0
Courtland Sutton	WR	4	0	0	0	0	0	52	1	5	0	0	0	0	0	0
Dallas Goedert	TE	4	0	0	0	0	0	72	0	5	0	0	0	0	0	0
Jordan Akins	TE	4	0	0	0	0	0	33	0	2	0	0	0	0	0	0
Ian Thomas	TE	4	0	0	0	0	0	6	0	1	0	0	0	0	0	0
Nyheim Hines	RB	4	0	0	0	0	0	3	0	2	0	0	0	0	0	0
Dalton Schultz	TE	4	0	0	0	0	0	0	0	0	0	0	0	0	0	0
Justin Watson	WR	4	0	0	0	0	0	0	0	0	0	0	0	0	0	0
Ray-Ray McCloud	WR	4	0	0	0	0	0	6	0	1	0	0	0	0	0	0
Russell Gage	WR	4	0	0	0	0	0	24	0	2	0	0	0	0	0	0
Braxton Berrios	WR	4	2	1	0	0	0	6	0	1	0	0	0	0	0	0
Justin Jackson	RB	4	0	0	0	3	0	4	1	2	0	0	0	0	0	0
Trent Sherfield	WR	4	0	0	0	0	0	55	0	4	0	0	0	0	0	0
Allen Lazard	WR	4	0	0	0	0	0	116	0	6	0	0	0	0	0	0
Tanner Hudson	TE	4	0	0	0	0	0	18	0	1	0	0	0	0	0	0
Brandon Powell	WR	4	0	0	0	11	0	0	0	0	0	0	0	0	0	0
Chase Edmonds	RB	4	0	0	0	6	0	14	1	2	0	0	0	0	0	0
Rashaad Penny	RB	4	0	0	0	151	2	6	0	1	0	0	0	0	0	0
Mark Andrews	TE	4	0	0	0	0	0	15	0	2	0	0	0	0	0	0
Michael Gallup	WR	4	0	0	0	0	0	24	1	2	0	0	0	0	0	0
Tre'Quan Smith	WR	4	0	0	0	0	0	18	0	1	0	0	0	0	0	0
Christian Kirk	WR	4	0	0	0	3	0	60	0	2	0	0	0	0	0	0
Nick Chubb	RB	4	0	0	0	118	1	9	0	2	0	0	0	0	0	0
Lamar Jackson	QB	4	144	1	2	73	0	0	0	0	0	0	0	0	0	0
Durham Smythe	TE	4	0	0	0	0	0	0	0	0	0	0	0	0	0	0
DJ Moore	WR	4	0	0	0	11	0	50	0	6	0	0	0	0	0	0
Mike Gesicki	TE	4	0	0	0	0	0	23	0	2	0	0	0	0	0	0
Hayden Hurst	TE	4	0	0	0	0	0	27	1	3	0	0	0	0	0	0
Saquon Barkley	RB	4	0	0	0	146	0	16	0	2	0	0	0	0	0	0
Sony Michel	RB	4	0	0	0	11	0	16	0	3	0	0	0	0	0	0
KhaDarel Hodge	WR	4	0	0	0	0	0	0	0	0	0	0	0	0	0	0
Baker Mayfield	QB	4	197	1	2	0	0	0	0	0	0	1	0	0	0	0
Josh Allen	QB	4	213	1	1	70	1	0	0	0	0	0	0	0	0	0
Dante Pettis	WR	4	0	0	0	0	0	0	0	0	0	0	0	0	0	0
Malik Turner	WR	4	0	0	0	0	0	0	0	0	0	0	0	0	0	0
Irv Smith	TE	4	0	0	0	0	0	23	0	3	0	0	0	0	0	0
Alexander Mattison	RB	4	0	0	0	3	0	15	1	1	0	0	0	0	0	0
Justice Hill	RB	4	0	0	0	45	0	12	0	2	0	0	0	0	0	0
Ashton Dulin	WR	4	0	0	0	0	0	18	0	2	0	0	0	0	0	0
Mecole Hardman	WR	4	0	0	0	0	0	4	0	1	0	0	0	0	0	0
Olamide Zaccheaus	WR	4	0	0	0	0	0	55	0	2	0	0	0	0	0	0
Deonte Harty	WR	4	0	0	0	0	0	0	0	0	0	0	0	0	0	0
Diontae Johnson	WR	4	0	0	0	11	0	11	0	2	0	0	0	0	0	0
Benny Snell	RB	4	0	0	0	0	0	0	0	0	0	0	0	0	0	0
Zach Gentry	TE	4	0	0	0	0	0	2	0	1	0	0	0	0	0	0
Kyler Murray	QB	4	207	2	1	26	1	0	0	0	0	0	0	0	0	0
T.J. Hockenson	TE	4	0	0	0	0	0	179	2	8	0	0	0	0	0	1
Miles Sanders	RB	4	0	0	0	134	2	22	0	2	0	0	0	0	0	0
Devin Singletary	RB	4	0	0	0	49	0	47	0	4	0	1	0	0	0	0
Trevon Wesco	TE	4	0	0	0	0	0	23	0	1	0	0	0	0	0	0
Tony Pollard	RB	4	0	0	0	6	0	2	0	1	0	0	0	0	0	0
David Sills	WR	4	0	0	0	0	0	5	0	1	0	0	0	0	0	0
Lil'Jordan Humphrey	WR	4	0	0	0	0	0	9	0	1	0	0	0	0	0	0
Tyron Johnson	WR	4	0	0	0	0	0	0	0	0	0	0	0	0	0	0
Greg Dortch	WR	4	0	0	0	0	0	6	0	1	0	0	0	0	0	0
Jeff Smith	WR	4	0	0	0	0	0	0	0	0	0	0	0	0	0	0
Darius Slayton	WR	4	0	0	0	0	0	11	0	1	0	0	0	0	0	0
Ty Johnson	RB	4	0	0	0	0	0	0	0	0	0	0	0	0	0	0
Tom Kennedy	WR	4	0	0	0	0	0	54	0	3	0	0	0	0	0	0
Joseph Fortson	TE	4	0	0	0	0	0	10	1	1	0	0	0	0	0	0
Craig Reynolds	RB	4	0	0	0	30	0	12	0	1	0	0	0	0	0	0
Parker Hesse	TE	4	0	0	0	0	0	22	0	1	0	0	0	0	0	0
Kendall Blanton	TE	4	0	0	0	0	0	7	0	1	0	0	0	0	0	0
D'Ernest Johnson	RB	4	0	0	0	0	0	0	0	0	0	0	0	0	0	0
Parris Campbell	WR	4	0	0	0	0	0	43	0	4	0	0	0	0	0	0
DK Metcalf	WR	4	0	0	0	0	0	149	0	7	0	0	0	0	0	0
Noah Fant	TE	4	0	0	0	0	0	2	1	1	0	0	0	0	0	0
Gunner Olszewski	WR	4	0	0	0	0	0	0	0	0	0	0	0	0	0	0
Damien Harris	RB	4	0	0	0	86	1	-2	0	1	0	0	0	0	0	0
Terry McLaurin	WR	4	0	0	0	0	0	15	0	2	0	0	0	0	0	0
Marquise Brown	WR	4	0	0	0	0	0	88	1	6	0	0	0	0	0	0
Darrell Henderson	RB	4	0	0	0	27	0	12	0	3	0	0	0	0	0	0
A.J. Brown	WR	4	0	0	0	0	0	95	0	5	0	0	0	0	0	0
Dawson Knox	TE	4	0	0	0	0	0	40	0	3	0	0	0	0	0	0
Josh Jacobs	RB	4	0	0	0	144	2	31	0	5	0	0	0	0	0	0
Daniel Jones	QB	4	71	0	0	68	2	0	0	0	0	0	0	0	0	0
Deebo Samuel Sr.	WR	4	0	0	0	2	0	115	1	6	0	0	0	0	0	0
Mitchell Wilcox	TE	4	0	0	0	0	0	18	0	1	0	0	0	0	0	0
JaMycal Hasty	RB	4	0	0	0	0	0	22	0	2	0	0	0	0	0	0
James Robinson	RB	4	0	0	0	29	0	0	0	0	0	0	0	0	0	0
Kendall Hinton	WR	4	0	0	0	0	0	39	0	2	0	0	0	0	0	0
Giovanni Ricci	TE	4	0	0	0	0	0	0	0	0	0	0	0	0	0	0
Patrick Taylor	RB	4	0	0	0	0	0	0	0	0	0	0	0	0	0	0
Juwan Johnson	TE	4	0	0	0	0	0	33	0	3	0	0	0	0	0	0
J.K. Dobbins	RB	4	0	0	0	41	1	22	1	4	0	0	0	0	0	0
Devin Asiasi	TE	4	0	0	0	0	0	0	0	0	0	0	0	0	0	0
Gabe Davis	WR	4	0	0	0	0	0	13	0	1	0	0	0	0	0	0
Tua Tagovailoa	QB	4	110	0	1	0	0	0	0	0	0	0	0	0	0	0
Marquez Callaway	WR	4	0	0	0	0	0	53	0	3	0	0	0	0	0	0
Jonathan Taylor	RB	4	0	0	0	42	0	1	0	1	0	1	0	0	0	0
Harrison Bryant	TE	4	0	0	0	0	0	18	0	4	0	0	0	0	0	0
Donovan Peoples-Jones	WR	4	0	0	0	0	0	71	0	5	0	0	0	0	0	0
Colby Parkinson	TE	4	0	0	0	0	0	28	0	2	0	0	0	0	0	0
Tyler Davis	TE	4	0	0	0	0	0	0	0	0	0	0	0	0	0	0
Zack Moss	RB	4	0	0	0	6	0	0	0	0	0	0	0	0	0	0
Michael Pittman	WR	4	0	0	0	0	0	31	0	3	0	0	0	0	0	0
Jauan Jennings	WR	4	0	0	0	0	0	22	0	2	0	0	0	0	0	0
Brandon Aiyuk	WR	4	0	0	0	0	0	37	0	4	0	0	0	0	0	0
AJ Dillon	RB	4	0	0	0	73	0	11	0	1	0	0	0	0	0	0
Laviska Shenault Jr.	WR	4	0	0	0	0	0	0	0	0	0	0	0	0	0	0
Quez Watkins	WR	4	0	0	0	0	0	0	0	0	0	0	0	0	0	0
Quintez Cephus	WR	4	0	0	0	0	0	15	0	2	0	0	0	0	0	0
Cole Kmet	TE	4	0	0	0	0	0	16	0	3	0	0	0	0	0	0
Darnell Mooney	WR	4	0	0	0	0	0	94	0	4	0	0	0	0	0	0
Justin Jefferson	WR	4	0	0	0	3	1	147	0	10	0	0	0	0	0	0
Chase Claypool	WR	4	0	0	0	0	0	0	0	0	0	0	0	0	0	0
Antonio Gibson	RB	4	0	0	0	49	0	14	0	3	0	0	0	0	0	0
Devin Duvernay	WR	4	0	0	0	0	0	51	0	4	0	0	0	0	0	0
Josiah Deguara	TE	4	0	0	0	0	0	0	0	0	0	0	0	0	0	0
K.J. Osborn	WR	4	0	0	0	-1	0	6	0	1	0	0	0	0	0	0
Justin Herbert	QB	4	340	2	0	-5	0	0	0	0	0	0	0	0	0	0
CeeDee Lamb	WR	4	0	0	0	0	0	97	1	6	0	0	0	0	0	0
Clyde Edwards-Helaire	RB	4	0	0	0	92	1	2	1	1	0	0	0	0	0	0
Joshua Kelley	RB	4	0	0	0	15	0	0	0	0	0	0	0	0	0	0
Eno Benjamin	RB	4	0	0	0	36	0	9	0	1	0	0	0	0	0	0
Jalen Reagor	WR	4	0	0	0	0	0	0	0	0	0	0	0	0	0	0
Jalen Hurts	QB	4	204	0	1	38	1	0	0	0	0	0	0	0	0	0
Jerry Jeudy	WR	4	0	0	0	0	0	53	1	4	0	0	0	0	0	0
Tee Higgins	WR	4	0	0	0	0	0	124	1	7	0	0	0	0	0	0
KJ Hamler	WR	4	0	0	0	0	0	55	0	1	0	0	0	0	0	0
Cam Akers	RB	4	0	0	0	13	0	0	0	0	0	0	0	0	0	0
Adam Trautman	TE	4	0	0	0	0	0	37	0	3	0	0	0	0	0	0
DeeJay Dallas	RB	4	0	0	0	0	0	0	0	0	0	0	0	0	0	0
Charlie Woerner	TE	4	0	0	0	0	0	0	0	0	0	0	0	0	0	0
Stephen Sullivan	TE	4	0	0	0	0	0	0	0	0	0	0	0	0	0	0
Joe Burrow	QB	4	287	2	0	6	0	0	0	0	0	0	0	0	0	0
Mike Strachan	WR	4	0	0	0	0	0	0	0	0	0	0	0	0	0	0
Tim Jones	WR	4	0	0	0	0	0	0	0	0	0	0	0	0	0	0
Rashod Bateman	WR	4	0	0	0	0	0	17	0	3	0	0	0	0	0	0
Nico Collins	WR	4	0	0	0	0	0	82	0	3	0	0	0	0	0	0
Chuba Hubbard	RB	4	0	0	0	0	0	0	0	0	0	0	0	0	0	0
Gary Brightwell	RB	4	0	0	0	0	0	0	0	0	0	0	0	0	0	0
Shi Smith	WR	4	0	0	0	0	0	0	0	0	0	0	0	0	0	0
Quintin Morris	TE	4	0	0	0	0	0	0	0	0	0	0	0	0	0	0
Jaylen Waddle	WR	4	0	0	0	0	0	39	0	2	0	0	0	0	0	0
Dee Eskridge	WR	4	0	0	0	6	0	10	0	1	0	0	0	0	0	0
Dyami Brown	WR	4	0	0	0	0	0	6	0	1	0	0	0	0	0	0
John Bates	TE	4	0	0	0	0	0	19	0	4	0	0	0	0	0	0
Ihmir Smith-Marsette	WR	4	0	0	0	0	0	0	0	0	0	0	0	0	0	0
Noah Gray	TE	4	0	0	0	1	1	0	0	0	0	0	0	0	0	0
Dax Milne	WR	4	0	0	0	0	0	0	0	0	0	0	0	0	0	0
Brock Wright	TE	4	0	0	0	0	0	0	0	0	0	0	0	0	0	0
Caleb Huntley	RB	4	0	0	0	56	1	0	0	0	0	0	0	0	0	0
Kene Nwangwu	RB	4	0	0	0	0	0	0	0	0	0	0	0	0	0	0
Chris Evans	RB	4	0	0	0	0	0	0	0	0	0	0	0	0	0	0
Jake Funk	RB	4	0	0	0	0	0	0	0	0	0	0	0	0	0	0
Ben Skowronek	WR	4	0	0	0	0	0	33	0	2	0	0	0	0	0	0
Rhamondre Stevenson	RB	4	0	0	0	66	0	23	0	4	0	0	0	0	0	0
Kylen Granson	TE	4	0	0	0	0	0	62	0	4	0	0	0	0	0	0
Jaelon Darden	WR	4	0	0	0	0	0	0	0	0	0	0	0	0	0	0
Najee Harris	RB	4	0	0	0	74	0	0	0	0	0	0	0	0	0	0
Pat Freiermuth	TE	4	0	0	0	0	0	85	0	7	0	0	0	0	0	0
Davis Mills	QB	4	246	2	2	0	0	0	0	0	0	0	0	0	0	0
Ja'Marr Chase	WR	4	0	0	0	0	0	81	0	4	0	0	0	0	0	0
Khalil Herbert	RB	4	0	0	0	77	0	24	0	1	0	0	0	0	0	0
DeVonta Smith	WR	4	0	0	0	0	0	17	0	3	0	0	0	0	0	0
Kenny Gainwell	RB	4	0	0	0	19	1	-2	0	1	0	0	0	0	0	0
Michael Carter	RB	4	0	0	0	15	0	14	0	2	0	0	0	0	0	0
Rondale Moore	WR	4	0	0	0	-4	0	11	0	3	0	0	0	0	0	0
Justin Fields	QB	4	174	0	0	52	0	0	0	0	1	0	0	0	0	0
Avery Williams	RB	4	0	0	0	21	0	0	0	0	0	0	0	0	0	0
Michael Bandy	WR	4	0	0	0	0	0	49	0	2	0	0	0	0	0	0
Kyle Pitts	TE	4	0	0	0	0	0	25	0	1	0	0	0	0	0	0
Trevor Lawrence	QB	4	174	2	1	7	0	0	0	0	3	1	0	0	0	0
Travis Etienne	RB	4	0	0	0	32	0	0	0	0	0	0	0	0	0	0
Elijah Moore	WR	4	0	0	0	2	0	53	0	3	0	0	0	0	0	0
Trey Sermon	RB	4	0	0	0	19	0	0	0	0	0	0	0	0	0	0
Josh Palmer	WR	4	0	0	0	0	0	25	0	1	0	0	0	0	0	0
Amari Rodgers	WR	4	0	0	0	0	0	0	0	0	0	0	0	0	0	0
Javonte Williams	RB	4	0	0	0	28	0	-1	0	1	0	0	0	0	0	0
Tommy Tremble	TE	4	0	0	0	0	0	34	0	3	0	0	0	0	0	0
Tre' McKitty	TE	4	0	0	0	0	0	4	0	1	0	0	0	0	0	0
Zach Wilson	QB	4	252	1	2	15	0	2	1	1	0	0	0	0	0	0
Trestan Ebner	RB	4	0	0	0	20	0	8	0	2	0	0	1	0	0	0
Britain Covey	WR	4	0	0	0	0	0	0	0	0	0	0	0	0	0	0
Isiah Pacheco	RB	4	0	0	0	63	0	0	0	0	0	0	0	0	0	0
Jaylen Warren	RB	4	0	0	0	18	0	4	0	1	0	0	0	0	0	0
Drake London	WR	4	0	0	0	0	0	17	0	2	0	0	0	0	0	0
Chris Olave	WR	4	0	0	0	0	0	67	1	4	0	0	0	0	0	0
George Pickens	WR	4	0	0	0	0	0	102	0	6	0	0	0	0	0	0
James Cook	RB	4	0	0	0	0	0	0	0	0	0	0	0	0	0	0
Rachaad White	RB	4	0	0	0	6	1	50	0	5	0	0	0	0	0	0
David Bell	WR	4	0	0	0	0	0	35	0	2	0	0	0	0	0	0
Dameon Pierce	RB	4	0	0	0	131	1	8	0	6	0	0	0	0	0	0
Khalil Shakir	WR	4	0	0	0	0	0	23	0	2	0	0	0	0	0	0
Tyler Allgeier	RB	4	0	0	0	84	0	20	0	1	0	0	0	0	0	0
Jerome Ford	RB	4	0	0	0	0	0	0	0	0	0	0	0	0	0	0
Montrell Washington	WR	4	0	0	0	0	0	4	0	1	0	0	0	0	0	0
Kyle Philips	WR	4	0	0	0	0	0	0	0	0	0	0	0	0	0	0
Jalen Nailor	WR	4	0	0	0	0	0	13	0	1	0	0	0	0	0	0
Ko Kieft	TE	4	0	0	0	0	0	19	0	1	0	0	0	0	0	0
Zander Horvath	RB	4	0	0	0	0	0	0	0	0	0	0	0	0	0	0
Peyton Hendershot	TE	4	0	0	0	0	0	0	0	0	0	0	0	0	0	0
Hassan Haskins	RB	4	0	0	0	0	0	0	0	0	0	0	0	0	0	0
Alec Pierce	WR	4	0	0	0	0	0	80	0	4	0	0	0	0	0	0
Maurice Alexander	WR	4	0	0	0	0	0	0	0	0	0	0	0	0	0	0
Garrett Wilson	WR	4	0	0	0	0	0	41	0	2	0	0	0	0	0	0
Jahan Dotson	WR	4	0	0	0	0	0	43	1	3	0	0	0	0	0	0
Treylon Burks	WR	4	0	0	0	4	0	14	0	2	0	0	0	0	0	0
Trey McBride	TE	4	0	0	0	0	0	24	0	3	0	0	0	0	0	0
Velus Jones Jr.	WR	4	0	0	0	0	0	0	0	0	0	0	0	0	0	0
Jelani Woods	TE	4	0	0	0	0	0	33	0	1	0	0	0	0	0	0
KaVontae Turpin	WR	4	0	0	0	0	0	0	0	0	0	0	0	0	0	0
Chig Okonkwo	TE	4	0	0	0	0	0	38	1	3	0	0	0	0	0	0
Romeo Doubs	WR	4	0	0	0	0	0	47	1	5	0	0	1	0	0	0
Zamir White	RB	4	0	0	0	24	0	0	0	0	0	0	0	0	0	0
Jake Ferguson	TE	4	0	0	0	0	0	7	0	1	0	0	0	0	0	0
Skyy Moore	WR	4	0	0	0	0	0	31	0	2	0	0	0	0	0	0
Kenny Pickett	QB	4	120	0	3	15	2	0	0	0	0	0	0	0	0	0
Bailey Zappe	QB	4	99	1	0	0	0	0	0	0	1	0	0	0	0	0
Daniel Bellinger	TE	4	0	0	0	0	0	23	0	3	0	0	0	0	0	0
Breece Hall	RB	4	0	0	0	66	1	12	0	2	0	0	0	0	0	0
Christian Watson	WR	4	0	0	0	15	1	8	0	1	0	0	0	0	0	0
Cade Otton	TE	4	0	0	0	0	0	29	0	3	0	0	0	0	0	0
Kenneth Walker III	RB	4	0	0	0	29	0	-5	0	1	0	0	0	0	0	0
Tom Brady	QB	5	351	1	0	-3	0	0	0	0	0	0	0	1	0	0
Aaron Rodgers	QB	5	222	2	0	0	0	0	0	0	0	0	0	0	0	0
Marcedes Lewis	TE	5	0	0	0	0	0	2	1	1	0	0	0	0	0	0
Matt Ryan	QB	5	251	0	2	1	0	0	0	0	0	0	0	0	0	0
Matthew Stafford	QB	5	308	1	1	0	0	0	0	0	2	0	0	0	0	0
A.J. Green	WR	5	0	0	0	0	0	20	0	3	0	0	0	0	0	0
Mark Ingram	RB	5	0	0	0	16	0	0	0	0	0	0	0	0	1	0
Andy Dalton	QB	5	187	1	1	4	0	0	0	0	0	0	0	0	0	0
Kyle Rudolph	TE	5	0	0	0	0	0	0	0	0	0	0	0	0	0	0
Randall Cobb	WR	5	0	0	0	0	0	99	0	7	0	0	0	0	0	0
Taiwan Jones	RB	5	0	0	0	0	0	0	0	0	0	0	0	0	0	0
Case Keenum	QB	5	8	0	0	-2	0	0	0	0	0	0	0	0	0	0
Brandon Bolden	RB	5	0	0	0	5	0	29	0	3	0	0	0	0	0	0
Russell Wilson	QB	5	274	0	2	22	0	0	0	0	0	0	0	0	0	0
Marvin Jones	WR	5	0	0	0	0	0	104	0	7	0	0	0	0	0	0
Kirk Cousins	QB	5	296	1	1	4	1	0	0	0	0	0	0	1	0	0
Ryan Tannehill	QB	5	181	1	0	3	0	0	0	0	0	0	0	0	0	0
Adam Thielen	WR	5	0	0	0	0	0	27	0	4	0	0	0	0	0	0
Zach Ertz	TE	5	0	0	0	0	0	48	0	6	0	0	0	0	0	0
Ryan Griffin	TE	5	0	0	0	0	0	1	0	1	0	0	0	0	0	0
Rex Burkhead	RB	5	0	0	0	15	0	13	0	2	0	0	0	0	0	0
Robert Woods	WR	5	0	0	0	0	0	37	0	4	0	0	0	0	0	0
Travis Kelce	TE	5	0	0	0	0	0	25	4	7	0	0	0	0	0	0
Geno Smith	QB	5	268	3	0	13	0	0	0	0	0	0	0	0	0	0
Brandin Cooks	WR	5	0	0	0	0	0	20	0	4	0	0	0	0	0	0
Teddy Bridgewater	QB	5	0	0	0	0	0	0	0	0	0	0	0	0	0	0
Derek Carr	QB	5	241	2	0	3	0	0	0	0	0	0	0	0	0	0
Jimmy Garoppolo	QB	5	253	2	0	-1	0	0	0	0	0	0	0	0	0	0
Jerick McKinnon	RB	5	0	0	0	53	0	19	0	2	0	0	0	0	0	0
Davante Adams	WR	5	0	0	0	0	0	124	2	3	0	0	0	0	0	0
Mike Evans	WR	5	0	0	0	0	0	81	0	4	0	0	0	0	0	0
Allen Robinson	WR	5	0	0	0	0	0	12	0	3	0	0	0	0	0	0
Chris Manhertz	TE	5	0	0	0	0	0	15	0	2	0	0	0	0	0	0
Amari Cooper	WR	5	0	0	0	0	0	76	1	7	0	0	0	0	0	0
Nelson Agholor	WR	5	0	0	0	0	0	0	0	0	0	0	0	0	0	0
Stefon Diggs	WR	5	0	0	0	0	0	102	1	8	0	0	0	0	0	0
Raheem Mostert	RB	5	0	0	0	113	1	9	0	1	0	0	0	0	0	0
Eric Tomlinson	TE	5	0	0	0	0	0	0	0	0	0	0	0	0	0	0
DeAndre Carter	WR	5	0	0	0	0	0	9	0	2	0	0	0	0	0	0
Damiere Byrd	WR	5	0	0	0	0	0	0	0	0	0	0	0	0	0	0
Tevin Coleman	RB	5	0	0	0	23	1	44	1	3	0	0	0	0	0	0
Mike Davis	RB	5	0	0	0	3	0	0	0	0	0	0	0	0	0	0
Ameer Abdullah	RB	5	0	0	0	0	0	0	0	0	0	0	0	0	0	0
C.J. Uzomah	TE	5	0	0	0	0	0	12	0	2	0	0	0	0	0	0
Geoff Swaim	TE	5	0	0	0	0	0	5	0	1	0	0	0	0	0	0
Melvin Gordon	RB	5	0	0	0	54	0	49	0	3	0	0	0	0	0	0
Phillip Dorsett	WR	5	0	0	0	0	0	0	0	0	0	0	0	0	0	0
Tyler Lockett	WR	5	0	0	0	0	0	104	2	5	0	0	0	0	0	0
Marcus Mariota	QB	5	147	1	0	61	0	0	0	0	0	0	0	1	0	0
Chester Rogers	WR	5	0	0	0	0	0	0	0	0	0	0	0	0	0	0
Austin Hooper	TE	5	0	0	0	0	0	7	0	1	0	0	0	0	0	0
Dwayne Washington	RB	5	0	0	0	0	0	0	0	0	0	0	0	0	0	0
Kalif Raymond	WR	5	0	0	0	0	0	45	0	5	0	0	0	0	0	0
J.D. McKissic	RB	5	0	0	0	0	0	37	0	5	0	0	0	0	0	0
Robbie Chosen	WR	5	0	0	0	0	0	32	0	1	0	0	0	0	0	0
Derrick Henry	RB	5	0	0	0	102	2	30	0	2	0	0	0	0	0	0
Demarcus Robinson	WR	5	0	0	0	0	0	8	0	1	0	0	0	0	0	0
Carson Wentz	QB	5	359	2	1	15	0	0	0	0	0	0	0	0	0	0
Jonathan Williams	RB	5	0	0	0	0	0	0	0	0	0	0	0	0	0	0
Marcus Johnson	WR	5	0	0	0	0	0	35	0	3	0	0	0	0	0	0
Tyler Boyd	WR	5	0	0	0	0	0	32	0	3	0	0	0	0	0	0
Tyreek Hill	WR	5	0	0	0	13	0	47	0	7	0	0	0	0	0	0
Ezekiel Elliott	RB	5	0	0	0	78	0	0	0	0	0	0	0	0	0	0
Hunter Henry	TE	5	0	0	0	0	0	54	0	4	0	0	0	0	0	0
Jared Goff	QB	5	229	0	1	7	0	0	0	0	1	0	0	0	0	0
Tyler Higbee	TE	5	0	0	0	0	0	46	0	7	0	0	0	0	0	0
Mike Thomas	WR	5	0	0	0	0	0	33	0	1	0	0	0	0	0	0
Kenyan Drake	RB	5	0	0	0	26	0	1	0	1	0	0	0	0	0	0
Jacoby Brissett	QB	5	230	1	1	32	0	0	0	0	0	0	0	0	0	0
Mo Alie-Cox	TE	5	0	0	0	0	0	7	0	1	0	0	0	0	0	0
Johnny Mundt	TE	5	0	0	0	0	0	6	0	2	0	0	0	0	0	0
PJ Walker	QB	5	60	0	0	0	0	0	0	0	0	0	0	0	0	0
Christian McCaffrey	RB	5	0	0	0	54	1	50	0	7	0	0	0	0	0	0
Curtis Samuel	WR	5	0	0	0	0	0	62	0	6	0	0	0	0	0	0
George Kittle	TE	5	0	0	0	0	0	47	0	5	0	0	1	0	0	0
Trent Taylor	WR	5	0	0	0	0	0	0	0	0	0	0	0	0	0	0
Aaron Jones	RB	5	0	0	0	63	0	17	0	2	0	0	0	0	0	0
Kendrick Bourne	WR	5	0	0	0	-1	0	1	0	1	0	0	0	0	0	0
Matt Breida	RB	5	0	0	0	14	0	13	0	2	0	0	0	0	0	0
Taysom Hill	TE	5	22	1	0	112	3	0	0	0	0	0	0	0	0	0
Cody Hollister	WR	5	0	0	0	0	0	0	0	0	0	0	0	0	0	0
Anthony Firkser	TE	5	0	0	0	0	0	11	0	1	0	0	0	0	0	0
Samaje Perine	RB	5	0	0	0	17	0	39	0	4	0	0	0	0	0	0
Mike Williams	WR	5	0	0	0	0	0	134	0	10	0	0	0	0	0	0
James Conner	RB	5	0	0	0	55	0	8	0	1	0	0	0	0	0	0
Mack Hollins	WR	5	0	0	0	0	0	0	0	0	0	0	0	0	0	0
Jamal Agnew	WR	5	0	0	0	3	0	0	0	0	0	0	0	0	0	0
Eric Saubert	TE	5	0	0	0	0	0	36	0	5	0	0	0	0	0	0
Noah Brown	WR	5	0	0	0	0	0	5	0	1	0	0	0	0	0	0
Tanner Gentry	WR	5	0	0	0	0	0	0	0	0	0	0	0	0	0	0
Cooper Rush	QB	5	102	0	0	-1	0	0	0	0	0	0	0	0	0	0
Keelan Cole	WR	5	0	0	0	0	0	0	0	0	0	0	0	0	0	0
Austin Ekeler	RB	5	0	0	0	173	1	26	1	4	0	0	0	0	0	0
Robert Tonyan	TE	5	0	0	0	0	0	23	0	4	0	0	0	0	0	0
Mason Schreck	TE	5	0	0	0	0	0	6	0	1	0	0	0	0	0	0
Dare Ogunbowale	RB	5	0	0	0	0	0	0	0	0	0	0	0	0	0	0
Leonard Fournette	RB	5	0	0	0	56	1	83	1	10	0	0	0	0	0	0
JuJu Smith-Schuster	WR	5	0	0	0	0	0	33	0	3	0	0	0	0	0	0
Corey Davis	WR	5	0	0	0	0	0	38	0	2	0	0	0	0	0	0
Patrick Mahomes	QB	5	292	4	0	28	0	0	0	0	0	0	0	0	0	0
O.J. Howard	TE	5	0	0	0	0	0	0	0	0	0	0	0	0	0	0
Evan Engram	TE	5	0	0	0	0	0	69	0	6	0	0	0	0	0	0
David Njoku	TE	5	0	0	0	0	0	88	0	6	0	0	0	0	0	0
Zay Jones	WR	5	0	0	0	0	0	12	0	3	0	0	0	0	0	0
Dalvin Cook	RB	5	0	0	0	94	2	27	0	2	0	0	0	0	0	0
Gerald Everett	TE	5	0	0	0	0	0	2	0	1	0	0	0	0	0	0
Joe Mixon	RB	5	0	0	0	78	0	10	0	3	0	0	0	0	0	0
Alvin Kamara	RB	5	0	0	0	103	0	91	0	6	0	0	1	0	0	0
Cooper Kupp	WR	5	0	0	0	4	0	125	1	7	0	0	0	0	0	0
Chris Godwin Jr.	WR	5	0	0	0	2	0	61	0	6	0	0	0	0	0	0
Kareem Hunt	RB	5	0	0	0	47	1	10	0	3	0	0	0	0	0	0
D'Onta Foreman	RB	5	0	0	0	2	0	0	0	0	0	0	0	0	0	0
Josh Reynolds	WR	5	0	0	0	0	0	92	0	6	0	0	0	0	0	0
Jamaal Williams	RB	5	0	0	0	56	0	0	0	0	0	0	0	0	0	0
Dan Arnold	TE	5	0	0	0	0	0	20	0	1	0	0	0	0	0	0
River Cracraft	WR	5	0	0	0	0	0	0	0	0	0	0	0	0	0	0
Ross Dwelley	TE	5	0	0	0	0	0	0	0	0	0	0	0	0	0	0
Cam Sims	WR	5	0	0	0	0	0	7	0	1	0	0	0	0	0	0
Phillip Lindsay	RB	5	0	0	0	40	0	14	0	3	0	0	0	0	0	0
Jeff Wilson	RB	5	0	0	0	120	1	12	0	1	0	0	0	0	0	0
Will Dissly	TE	5	0	0	0	0	0	21	0	2	0	0	0	0	0	0
Kevin Rader	TE	5	0	0	0	0	0	0	0	0	0	0	0	0	0	0
Mike Boone	RB	5	0	0	0	38	0	47	0	3	0	0	0	0	0	0
Dontrell Hilliard	RB	5	0	0	0	0	0	23	1	4	0	0	0	0	0	0
Tyler Conklin	TE	5	0	0	0	0	0	0	0	0	0	0	0	0	0	0
Marquez Valdes-Scantling	WR	5	0	0	0	0	0	90	0	6	0	0	0	0	0	0
Equanimeous St. Brown	WR	5	0	0	0	0	0	24	0	2	0	0	0	0	0	0
Richie James	WR	5	0	0	0	0	0	16	0	2	0	0	0	0	0	0
Darrel Williams	RB	5	0	0	0	9	0	0	0	0	0	0	0	0	0	0
Keith Kirkwood	WR	5	0	0	0	0	0	4	0	1	0	0	0	0	0	0
Courtland Sutton	WR	5	0	0	0	0	0	74	0	5	0	0	0	0	0	0
Dallas Goedert	TE	5	0	0	0	0	0	95	0	8	0	0	0	0	0	0
Jordan Akins	TE	5	0	0	0	0	0	22	0	2	0	0	0	0	0	0
Ian Thomas	TE	5	0	0	0	0	0	8	0	2	0	0	0	0	0	0
Nyheim Hines	RB	5	0	0	0	3	0	5	0	1	0	0	0	0	0	0
Dalton Schultz	TE	5	0	0	0	0	0	0	0	0	0	0	0	0	0	0
Justin Watson	WR	5	0	0	0	0	0	10	0	1	0	0	0	0	0	0
Ray-Ray McCloud	WR	5	0	0	0	0	0	0	0	0	0	0	0	0	0	0
Russell Gage	WR	5	0	0	0	0	0	20	0	2	0	0	0	0	0	1
Cedrick Wilson Jr.	WR	5	0	0	0	0	0	20	0	2	0	0	0	0	0	0
Braxton Berrios	WR	5	0	0	0	15	1	-1	0	1	0	0	0	0	0	0
Justin Jackson	RB	5	0	0	0	14	0	0	0	0	0	0	0	0	0	0
Trent Sherfield	WR	5	0	0	0	0	0	5	0	1	0	0	0	0	0	0
Allen Lazard	WR	5	0	0	0	0	0	35	1	4	0	0	0	0	0	0
Brandon Powell	WR	5	0	0	0	1	0	0	0	0	0	0	0	0	0	0
Chase Edmonds	RB	5	0	0	0	1	0	0	0	0	0	0	0	0	0	0
Rashaad Penny	RB	5	0	0	0	54	0	0	0	0	0	0	0	0	0	0
Mark Andrews	TE	5	0	0	0	0	0	89	1	8	0	0	0	0	0	0
Michael Gallup	WR	5	0	0	0	0	0	44	0	4	0	0	0	0	0	0
Tre'Quan Smith	WR	5	0	0	0	0	0	10	0	1	0	0	0	0	0	0
Christian Kirk	WR	5	0	0	0	0	0	11	0	1	0	0	0	0	0	0
Nick Chubb	RB	5	0	0	0	134	2	0	0	0	0	0	0	0	0	0
Lamar Jackson	QB	5	174	1	1	58	0	0	0	0	0	0	0	0	0	0
Durham Smythe	TE	5	0	0	0	1	1	8	0	1	0	0	0	0	0	0
DJ Moore	WR	5	0	0	0	8	0	59	0	4	0	0	0	0	0	0
Mike Gesicki	TE	5	0	0	0	0	0	30	0	1	0	0	0	0	0	0
Hayden Hurst	TE	5	0	0	0	0	0	53	1	6	0	0	0	0	0	0
Saquon Barkley	RB	5	0	0	0	70	1	36	0	3	0	0	0	0	0	0
Sony Michel	RB	5	0	0	0	0	0	0	0	0	0	0	0	0	0	0
KhaDarel Hodge	WR	5	0	0	0	0	0	33	0	3	0	0	0	0	0	1
Baker Mayfield	QB	5	215	0	1	0	0	0	0	0	0	0	0	0	0	0
Josh Allen	QB	5	424	4	1	42	0	0	0	0	0	0	0	0	0	0
Dante Pettis	WR	5	0	0	0	0	0	0	0	0	0	0	0	0	0	0
Malik Turner	WR	5	0	0	0	0	0	0	0	0	0	0	0	0	0	0
Steven Sims	WR	5	0	0	0	0	0	0	0	0	0	0	0	0	0	0
Jakobi Meyers	WR	5	0	0	0	0	0	111	1	7	0	0	0	0	0	0
Irv Smith	TE	5	0	0	0	0	0	42	0	4	0	0	0	0	0	0
Alexander Mattison	RB	5	0	0	0	19	0	21	0	3	0	0	0	0	0	0
Hunter Renfrow	WR	5	0	0	0	0	0	25	0	4	0	0	0	0	0	0
Ashton Dulin	WR	5	0	0	0	0	0	18	0	1	0	0	0	0	0	0
Mecole Hardman	WR	5	0	0	0	7	0	73	0	4	0	0	0	0	0	0
Devine Ozigbo	RB	5	0	0	0	2	0	0	0	0	0	0	0	0	0	0
Olamide Zaccheaus	WR	5	0	0	0	0	0	39	1	2	0	0	0	0	0	0
Deonte Harty	WR	5	0	0	0	0	0	0	0	0	0	0	0	0	0	0
Diontae Johnson	WR	5	0	0	0	0	0	60	0	5	0	0	0	0	0	0
Zach Gentry	TE	5	0	0	0	0	0	43	0	5	0	0	0	0	0	0
Kyler Murray	QB	5	250	1	1	42	0	0	0	0	0	0	0	0	0	0
T.J. Hockenson	TE	5	0	0	0	0	0	6	0	1	0	0	0	0	0	0
Miles Sanders	RB	5	0	0	0	58	0	6	0	2	0	0	0	0	0	0
Josh Oliver	TE	5	0	0	0	0	0	0	0	0	0	0	0	0	0	0
Devin Singletary	RB	5	0	0	0	42	0	4	0	1	0	0	0	0	0	0
Tony Pollard	RB	5	0	0	0	86	1	0	0	0	0	0	0	0	0	0
Scott Miller	WR	5	0	0	0	0	0	35	0	4	0	0	0	0	0	0
Cullen Gillaspia	RB	5	0	0	0	0	0	0	0	0	0	0	0	0	0	0
Myles Gaskin	RB	5	0	0	0	9	0	24	0	3	0	0	0	0	0	0
Donald Parham	TE	5	0	0	0	0	0	0	0	0	0	0	0	0	0	0
Chris Myarick	TE	5	0	0	0	0	0	4	0	1	0	0	0	0	0	0
David Sills	WR	5	0	0	0	0	0	12	0	2	0	0	0	0	0	0
Stanley Morgan	WR	5	0	0	0	0	0	0	0	0	0	0	0	0	0	0
Lil'Jordan Humphrey	WR	5	0	0	0	0	0	0	0	0	0	0	0	0	0	0
Greg Dortch	WR	5	0	0	0	0	0	0	0	0	0	0	0	0	0	0
Jeff Smith	WR	5	0	0	0	0	0	11	0	1	0	0	0	0	0	0
Darius Slayton	WR	5	0	0	0	0	0	79	0	6	0	0	0	0	0	0
Ty Johnson	RB	5	0	0	0	0	0	0	0	0	0	0	0	0	0	0
Jesper Horsted	TE	5	0	0	0	0	0	19	0	3	0	0	0	0	0	0
Craig Reynolds	RB	5	0	0	0	24	0	68	0	3	0	0	0	0	0	0
Parker Hesse	TE	5	0	0	0	0	0	9	0	1	0	0	0	0	0	0
Parris Campbell	WR	5	0	0	0	0	0	22	0	2	0	0	0	0	0	0
DK Metcalf	WR	5	0	0	0	0	0	88	1	5	0	0	1	0	0	0
Noah Fant	TE	5	0	0	0	0	0	49	0	3	0	0	0	0	0	0
Damien Harris	RB	5	0	0	0	11	0	1	0	1	0	0	0	0	0	0
Terry McLaurin	WR	5	0	0	0	0	0	76	0	5	0	0	0	0	0	0
Marquise Brown	WR	5	0	0	0	0	0	78	1	8	0	0	0	0	0	0
Darrell Henderson	RB	5	0	0	0	0	0	30	0	4	0	0	0	0	0	0
A.J. Brown	WR	5	0	0	0	0	0	32	0	3	0	0	0	0	0	0
David Montgomery	RB	5	0	0	0	20	1	62	0	4	0	0	0	0	0	0
Josh Jacobs	RB	5	0	0	0	154	1	39	0	5	0	0	0	0	0	0
Miles Boykin	WR	5	0	0	0	0	0	11	0	1	0	0	0	0	0	0
Daniel Jones	QB	5	217	0	0	37	0	0	0	0	0	0	0	0	0	0
Deebo Samuel Sr.	WR	5	0	0	0	12	0	20	1	2	0	0	0	0	0	0
Jakob Johnson	RB	5	0	0	0	0	0	5	0	1	0	0	0	0	0	0
JaMycal Hasty	RB	5	0	0	0	6	0	0	0	0	0	0	0	0	0	0
James Robinson	RB	5	0	0	0	27	0	12	0	2	0	0	0	0	0	0
Giovanni Ricci	TE	5	0	0	0	0	0	27	0	3	0	0	0	0	0	0
Dan Chisena	WR	5	0	0	0	0	0	0	0	0	0	0	0	0	0	0
Juwan Johnson	TE	5	0	0	0	0	0	13	0	1	0	0	0	0	0	0
James Proche	WR	5	0	0	0	0	0	7	0	1	0	0	0	0	0	0
J.K. Dobbins	RB	5	0	0	0	44	0	0	0	0	0	0	0	0	0	0
Isaiah Hodgins	WR	5	0	0	0	0	0	41	0	4	0	0	0	0	0	0
Nick Westbrook-Ikhine	WR	5	0	0	0	0	0	72	0	2	0	0	0	0	0	0
Gabe Davis	WR	5	0	0	0	0	0	171	2	3	0	0	0	0	0	0
Marquez Callaway	WR	5	0	0	0	0	0	5	0	2	0	0	0	0	0	0
Harrison Bryant	TE	5	0	0	0	0	0	0	0	0	0	0	0	0	0	0
Donovan Peoples-Jones	WR	5	0	0	0	0	0	50	0	4	0	0	0	0	0	0
Tyler Davis	TE	5	0	0	0	0	0	-3	0	1	0	0	0	0	0	0
Zack Moss	RB	5	0	0	0	7	0	0	0	0	0	0	0	0	0	0
Michael Pittman	WR	5	0	0	0	0	0	59	0	5	0	0	0	0	0	0
Jauan Jennings	WR	5	0	0	0	0	0	45	0	2	0	0	0	0	0	0
Brandon Aiyuk	WR	5	0	0	0	0	0	58	0	3	0	0	0	0	0	0
AJ Dillon	RB	5	0	0	0	34	0	0	0	0	0	0	0	0	0	0
Quez Watkins	WR	5	0	0	0	0	0	19	0	3	0	0	0	0	0	0
Cole Kmet	TE	5	0	0	0	0	0	45	0	4	0	0	0	0	0	0
Darnell Mooney	WR	5	0	0	0	0	0	52	0	2	0	0	0	0	0	0
Justin Jefferson	WR	5	23	0	0	0	0	154	0	12	0	0	0	0	0	1
Chase Claypool	WR	5	0	0	0	0	0	50	0	5	0	0	0	0	0	0
Antonio Gibson	RB	5	0	0	0	6	0	33	0	3	0	0	0	0	0	0
Devin Duvernay	WR	5	0	0	0	24	0	54	0	5	0	0	0	0	0	0
Josiah Deguara	TE	5	0	0	0	0	0	19	0	2	0	0	0	0	0	0
K.J. Osborn	WR	5	0	0	0	0	0	41	0	5	0	0	0	0	0	0
Justin Herbert	QB	5	228	1	0	13	0	0	0	0	0	0	0	0	0	0
CeeDee Lamb	WR	5	0	0	0	0	0	53	0	5	0	0	0	0	0	0
Clyde Edwards-Helaire	RB	5	0	0	0	15	0	20	0	3	0	0	0	0	0	0
Bryan Edwards	WR	5	0	0	0	0	0	10	0	1	0	0	0	0	0	0
Joshua Kelley	RB	5	0	0	0	49	1	33	0	2	0	0	0	0	0	0
Eno Benjamin	RB	5	0	0	0	25	1	28	0	3	0	0	0	0	0	0
Jalen Reagor	WR	5	0	0	0	0	0	1	1	1	0	0	0	0	0	0
Jalen Hurts	QB	5	239	0	0	61	2	0	0	0	0	0	0	0	0	0
Jerry Jeudy	WR	5	0	0	0	0	0	53	0	3	0	0	0	0	0	0
KJ Hamler	WR	5	0	0	0	0	0	10	0	1	0	0	0	0	0	0
Cam Akers	RB	5	0	0	0	33	0	0	0	0	0	0	0	0	0	0
Adam Trautman	TE	5	0	0	0	0	0	32	1	2	0	0	0	0	0	0
Albert Okwuegbunam	TE	5	0	0	0	0	0	5	0	1	0	0	0	0	0	0
DeeJay Dallas	RB	5	0	0	0	4	0	6	0	1	0	0	0	0	0	0
Charlie Woerner	TE	5	0	0	0	0	0	0	0	0	0	0	0	0	0	0
Tyrie Cleveland	WR	5	0	0	0	0	0	0	0	0	0	0	0	0	0	0
Joe Burrow	QB	5	217	1	1	6	1	0	0	0	0	0	0	0	0	0
Deon Jackson	RB	5	0	0	0	62	0	29	0	4	0	0	0	0	0	0
Nico Collins	WR	5	0	0	0	0	0	65	0	4	0	0	0	0	0	0
Gary Brightwell	RB	5	0	0	0	5	1	0	0	0	0	0	0	0	0	0
Shi Smith	WR	5	0	0	0	0	0	69	0	4	0	0	0	0	0	0
Quintin Morris	TE	5	0	0	0	0	0	39	0	3	0	0	1	0	0	0
Jaylen Waddle	WR	5	0	0	0	0	0	23	0	3	0	0	0	0	0	0
Dee Eskridge	WR	5	0	0	0	0	0	0	0	0	0	0	0	0	0	0
Dyami Brown	WR	5	0	0	0	0	0	105	2	2	0	0	0	0	0	0
Dez Fitzpatrick	WR	5	0	0	0	0	0	0	0	0	0	0	0	0	0	0
John Bates	TE	5	0	0	0	0	0	39	0	3	0	0	0	0	0	0
Tylan Wallace	WR	5	0	0	0	0	0	8	0	1	0	0	0	0	0	0
Ihmir Smith-Marsette	WR	5	0	0	0	0	0	15	0	1	0	0	1	0	0	0
Noah Gray	TE	5	0	0	0	0	0	7	0	1	0	0	0	0	0	0
Dax Milne	WR	5	0	0	0	0	0	0	0	0	0	0	0	0	0	0
Feleipe Franks	TE	5	0	0	0	0	0	0	0	0	0	0	0	0	0	0
Caleb Huntley	RB	5	0	0	0	34	0	0	0	0	0	0	0	0	0	0
Kene Nwangwu	RB	5	0	0	0	0	0	0	0	0	0	0	0	0	0	0
Tutu Atwell	WR	5	0	0	0	0	0	54	0	1	0	0	0	0	0	0
Chris Evans	RB	5	0	0	0	0	0	0	0	0	0	0	0	0	0	0
Ben Skowronek	WR	5	0	0	0	0	0	41	0	6	0	0	0	0	0	0
Rhamondre Stevenson	RB	5	0	0	0	161	0	14	0	2	0	0	0	0	0	0
Kylen Granson	TE	5	0	0	0	0	0	16	0	1	0	0	0	0	0	0
Jaelon Darden	WR	5	0	0	0	0	0	0	0	0	0	0	0	0	0	0
Najee Harris	RB	5	0	0	0	20	0	16	0	3	0	0	0	0	0	0
Pat Freiermuth	TE	5	0	0	0	0	0	12	0	2	0	0	0	0	0	0
Davis Mills	QB	5	140	0	0	2	0	0	0	0	0	0	0	0	0	0
Ja'Marr Chase	WR	5	0	0	0	0	0	50	0	7	0	0	0	0	0	0
Khalil Herbert	RB	5	0	0	0	11	0	0	0	0	0	0	0	0	0	0
DeVonta Smith	WR	5	0	0	0	0	0	87	0	10	0	0	0	0	0	0
Kenny Gainwell	RB	5	0	0	0	20	0	0	0	0	0	0	0	0	0	0
Michael Carter	RB	5	0	0	0	21	2	12	0	2	0	0	0	0	0	0
Rondale Moore	WR	5	0	0	0	-7	0	68	0	7	0	0	0	0	0	0
Justin Fields	QB	5	208	1	0	47	0	0	0	0	0	0	0	0	0	0
Avery Williams	RB	5	0	0	0	11	1	10	0	2	0	0	0	0	0	0
Terrace Marshall Jr.	WR	5	0	0	0	0	0	30	0	4	0	0	0	0	0	0
Amon-Ra St. Brown	WR	5	0	0	0	0	0	18	0	4	0	0	0	0	0	0
Trevor Lawrence	QB	5	286	0	2	29	0	0	0	0	0	0	0	0	0	0
Travis Etienne	RB	5	0	0	0	71	0	43	0	3	0	0	0	0	0	0
Elijah Moore	WR	5	0	0	0	0	0	11	0	1	0	0	0	0	0	0
Josh Palmer	WR	5	0	0	0	0	0	24	0	3	0	0	0	0	0	0
Amari Rodgers	WR	5	0	0	0	0	0	0	0	0	0	0	0	0	0	0
Anthony Schwartz	WR	5	0	0	0	0	0	0	0	0	0	0	0	0	0	0
Tommy Tremble	TE	5	0	0	0	0	0	0	0	0	0	0	0	0	0	0
Tre' McKitty	TE	5	0	0	0	0	0	0	0	0	0	0	0	0	0	0
Zach Wilson	QB	5	210	0	0	2	1	0	0	0	0	0	0	0	0	0
Cole Turner	TE	5	0	0	0	0	0	0	0	0	0	0	0	0	0	0
Britain Covey	WR	5	0	0	0	0	0	0	0	0	0	0	0	0	0	0
Armani Rogers	TE	5	0	0	0	0	0	0	0	0	0	0	0	0	0	0
Isiah Pacheco	RB	5	0	0	0	0	0	0	0	0	0	0	0	0	0	0
Jaylen Warren	RB	5	0	0	0	24	0	39	0	4	0	0	0	0	0	0
Drake London	WR	5	0	0	0	0	0	35	0	4	0	0	0	0	0	0
Chris Olave	WR	5	0	0	0	0	0	54	1	4	0	0	0	0	0	0
George Pickens	WR	5	0	0	0	0	0	83	0	6	0	0	0	0	0	0
James Cook	RB	5	0	0	0	31	1	0	0	0	0	0	0	0	0	0
Rachaad White	RB	5	0	0	0	14	0	28	0	3	0	0	0	0	0	0
David Bell	WR	5	0	0	0	0	0	6	0	1	0	0	0	0	0	0
Dameon Pierce	RB	5	0	0	0	99	1	14	0	3	0	0	0	0	0	0
Khalil Shakir	WR	5	0	0	0	0	0	75	1	3	0	0	0	0	0	0
Tyler Allgeier	RB	5	0	0	0	45	0	0	0	0	0	0	0	0	0	0
Montrell Washington	WR	5	0	0	0	9	0	0	0	0	0	0	0	0	0	0
Kyle Philips	WR	5	0	0	0	0	0	7	0	1	0	0	0	0	0	0
Ty Chandler	RB	5	0	0	0	0	0	0	0	0	0	0	0	0	0	0
Ko Kieft	TE	5	0	0	0	0	0	0	0	0	0	0	0	0	0	0
Skylar Thompson	QB	5	166	0	1	0	0	0	0	0	1	0	0	0	0	0
Zander Horvath	RB	5	0	0	0	3	0	0	0	0	0	0	0	0	0	0
Tanner Conner	TE	5	0	0	0	0	0	0	0	0	0	0	0	0	0	0
Raheem Blackshear	RB	5	0	0	0	0	0	0	0	0	0	0	0	0	0	0
Troy Hairston	RB	5	0	0	0	0	0	0	0	0	0	0	0	0	0	0
Jordan Mason	RB	5	0	0	0	0	0	0	0	0	0	0	0	0	0	0
Peyton Hendershot	TE	5	0	0	0	0	0	0	0	0	0	0	0	0	0	0
Hassan Haskins	RB	5	0	0	0	0	0	0	0	0	0	0	0	0	0	0
Alec Pierce	WR	5	0	0	0	0	0	81	0	8	0	0	0	0	0	0
Maurice Alexander	WR	5	0	0	0	0	0	0	0	0	0	0	0	0	0	0
Garrett Wilson	WR	5	0	0	0	0	0	27	0	3	0	0	0	0	0	0
Velus Jones Jr.	WR	5	0	0	0	0	0	9	1	1	0	0	0	0	0	0
Brian Robinson	RB	5	0	0	0	22	0	0	0	0	0	0	0	0	0	0
Jelani Woods	TE	5	0	0	0	0	0	0	0	0	0	0	0	0	0	0
KaVontae Turpin	WR	5	0	0	0	0	0	0	0	0	0	0	0	0	0	0
Chig Okonkwo	TE	5	0	0	0	0	0	0	0	0	0	0	0	0	0	0
Romeo Doubs	WR	5	0	0	0	0	0	29	0	3	0	0	0	0	0	0
Danny Gray	WR	5	0	0	0	0	0	0	0	0	0	0	0	0	0	0
Brock Purdy	QB	5	0	0	0	-1	0	0	0	0	0	0	0	0	0	0
Isaiah Likely	TE	5	0	0	0	0	0	7	0	2	0	0	0	0	0	0
Zamir White	RB	5	0	0	0	-7	0	0	0	0	0	0	0	0	0	0
Skyy Moore	WR	5	0	0	0	0	0	15	0	2	0	0	0	0	0	0
Kenny Pickett	QB	5	327	0	1	10	0	0	0	0	0	0	0	0	0	0
Tyquan Thornton	WR	5	0	0	0	0	0	7	0	2	0	0	0	0	0	0
Bailey Zappe	QB	5	188	1	1	5	0	0	0	0	0	0	0	0	0	0
Daniel Bellinger	TE	5	0	0	0	2	1	22	0	2	0	0	0	0	0	0
Breece Hall	RB	5	0	0	0	97	1	100	0	2	0	0	0	0	0	0
Christian Watson	WR	5	0	0	0	-3	0	1	0	1	0	0	0	0	0	0
Cade Otton	TE	5	0	0	0	0	0	43	0	6	0	0	0	0	0	0
Kenneth Walker III	RB	5	0	0	0	88	1	0	0	0	0	0	0	0	0	0
Tom Brady	QB	6	243	1	0	0	0	0	0	0	0	0	0	0	0	0
Aaron Rodgers	QB	6	246	1	0	0	0	0	0	0	0	1	0	0	0	0
Matt Ryan	QB	6	389	3	0	-4	0	0	0	0	0	0	0	0	0	0
Matthew Stafford	QB	6	253	1	1	-3	0	0	0	0	0	0	0	0	0	0
A.J. Green	WR	6	0	0	0	0	0	7	0	2	0	0	0	0	0	0
Mark Ingram	RB	6	0	0	0	46	0	11	0	1	0	0	0	0	0	0
Andy Dalton	QB	6	162	1	0	0	0	0	0	0	0	0	0	0	0	0
Randall Cobb	WR	6	0	0	0	0	0	8	0	1	0	0	0	0	0	0
Russell Wilson	QB	6	188	1	0	23	0	0	0	0	0	0	0	0	0	0
Kirk Cousins	QB	6	175	2	0	-5	0	0	0	0	0	0	0	1	0	0
Adam Thielen	WR	6	0	0	0	0	0	36	1	4	0	0	0	0	0	1
Zach Ertz	TE	6	0	0	0	0	0	70	0	7	0	0	0	0	0	0
Marquise Goodwin	WR	6	0	0	0	0	0	26	0	2	0	0	0	0	0	0
Ryan Griffin	TE	6	0	0	0	0	0	0	0	0	0	0	0	0	0	0
Travis Kelce	TE	6	0	0	0	4	0	108	0	8	0	0	0	0	0	0
Latavius Murray	RB	6	0	0	0	66	0	-2	0	1	0	0	0	0	0	0
Geno Smith	QB	6	197	0	0	48	0	0	0	0	0	0	0	0	0	0
Teddy Bridgewater	QB	6	329	2	2	10	0	0	0	0	0	0	0	0	0	0
Cameron Brate	TE	6	0	0	0	0	0	14	0	2	0	0	0	0	0	0
Jimmy Garoppolo	QB	6	296	2	2	11	0	0	0	0	0	0	0	0	0	0
Jerick McKinnon	RB	6	0	0	0	1	0	29	0	3	0	0	0	0	0	0
Mike Evans	WR	6	0	0	0	0	0	42	0	4	0	0	0	0	0	0
Allen Robinson	WR	6	0	0	0	0	0	63	1	5	0	0	0	0	0	0
Amari Cooper	WR	6	0	0	0	0	0	44	1	4	0	0	0	0	0	0
Kevin White	WR	6	0	0	0	0	0	0	0	0	0	0	0	0	0	0
DeVante Parker	WR	6	0	0	0	0	0	64	0	4	0	0	0	0	0	0
MyCole Pruitt	TE	6	0	0	0	0	0	2	1	1	0	0	0	0	0	0
Stefon Diggs	WR	6	0	0	0	0	0	148	1	10	0	0	0	0	0	0
Raheem Mostert	RB	6	0	0	0	49	0	-1	0	1	0	0	0	0	0	0
Eric Tomlinson	TE	6	0	0	0	0	0	16	0	1	0	0	0	0	0	0
DeAndre Carter	WR	6	0	0	0	0	0	17	0	3	0	0	0	0	0	0
Malcolm Brown	RB	6	0	0	0	15	0	13	0	1	0	0	0	0	0	0
Breshad Perriman	WR	6	0	0	0	0	0	0	0	0	0	0	0	0	0	0
Tevin Coleman	RB	6	0	0	0	3	0	0	0	0	0	0	0	0	0	0
C.J. Uzomah	TE	6	0	0	0	0	0	17	0	2	0	0	0	0	0	0
Melvin Gordon	RB	6	0	0	0	8	0	0	0	0	0	0	0	0	0	0
Tyler Lockett	WR	6	0	0	0	0	0	17	0	2	0	0	0	0	0	0
Marcus Mariota	QB	6	129	2	0	50	1	0	0	0	0	0	0	0	0	0
Chester Rogers	WR	6	0	0	0	0	0	0	0	0	0	0	0	0	0	0
J.D. McKissic	RB	6	0	0	0	20	0	0	0	0	0	0	0	0	0	0
Demarcus Robinson	WR	6	0	0	0	0	0	27	0	3	0	0	0	0	0	0
Carson Wentz	QB	6	99	0	0	2	0	0	0	0	0	0	0	0	0	0
Marcus Johnson	WR	6	0	0	0	0	0	25	0	2	0	0	0	0	0	0
Tyler Boyd	WR	6	0	0	0	0	0	66	0	6	0	0	0	0	0	0
Tyreek Hill	WR	6	0	0	0	0	0	177	0	12	0	0	0	0	0	0
Ezekiel Elliott	RB	6	0	0	0	81	1	5	0	1	0	0	0	0	0	0
Hunter Henry	TE	6	0	0	0	0	0	61	1	4	0	0	0	0	0	0
Tyler Higbee	TE	6	0	0	0	0	0	7	0	1	0	0	0	0	0	0
Kenyan Drake	RB	6	0	0	0	119	1	8	0	1	0	0	0	0	0	0
Jacoby Brissett	QB	6	266	1	2	0	0	0	0	0	1	0	0	0	0	0
Johnny Mundt	TE	6	0	0	0	0	0	1	0	2	0	0	0	0	0	0
Zach Pascal	WR	6	0	0	0	0	0	0	0	0	0	0	0	0	0	0
PJ Walker	QB	6	60	0	0	-1	0	0	0	0	0	0	0	0	0	0
Christian McCaffrey	RB	6	0	0	0	69	0	89	0	7	0	0	0	0	0	0
Curtis Samuel	WR	6	0	0	0	0	0	6	0	2	0	0	0	0	0	0
George Kittle	TE	6	0	0	0	0	0	83	0	8	0	0	0	0	0	0
Trent Taylor	WR	6	0	0	0	0	0	0	0	0	0	0	0	0	0	0
Aaron Jones	RB	6	0	0	0	19	0	25	0	3	0	0	0	0	0	0
Kendrick Bourne	WR	6	0	0	0	0	0	17	0	1	0	0	0	0	0	0
Matt Breida	RB	6	0	0	0	-6	0	17	0	2	0	0	0	0	0	0
Taysom Hill	TE	6	16	0	0	39	0	0	0	0	0	0	0	0	0	0
Patrick Ricard	RB	6	0	0	0	0	0	0	0	0	0	0	0	0	0	0
Pharaoh Brown	TE	6	0	0	0	0	0	21	0	2	0	0	0	0	0	0
Isaiah McKenzie	WR	6	0	0	0	0	0	9	0	2	0	0	0	0	0	0
Samaje Perine	RB	6	0	0	0	5	0	11	0	2	0	0	0	0	0	0
Mike Williams	WR	6	0	0	0	0	0	17	0	2	0	0	0	0	0	0
Jamal Agnew	WR	6	0	0	0	19	0	5	0	1	0	0	0	0	0	0
Noah Brown	WR	6	0	0	0	0	0	10	0	1	0	0	0	0	0	0
Cooper Rush	QB	6	181	1	3	0	0	0	0	0	0	0	0	0	0	0
Austin Ekeler	RB	6	0	0	0	36	1	47	0	10	0	0	0	0	0	0
Robert Tonyan	TE	6	0	0	0	0	0	90	0	10	0	0	0	0	0	0
Leonard Fournette	RB	6	0	0	0	63	0	38	1	6	0	0	0	0	0	0
JuJu Smith-Schuster	WR	6	0	0	0	0	0	113	1	5	0	0	0	0	0	0
Jonnu Smith	TE	6	0	0	0	0	0	61	0	2	0	0	0	0	0	0
Mitchell Trubisky	QB	6	144	1	0	5	0	0	0	0	0	0	0	0	0	0
Corey Davis	WR	6	0	0	0	0	0	52	0	2	0	0	0	0	0	0
Patrick Mahomes	QB	6	338	2	2	21	0	0	0	0	0	0	0	0	0	0
Evan Engram	TE	6	0	0	0	0	0	40	0	5	0	0	0	0	0	0
David Njoku	TE	6	0	0	0	0	0	58	0	3	0	0	0	0	0	0
Zay Jones	WR	6	0	0	0	0	0	42	0	5	0	0	0	0	0	0
Dalvin Cook	RB	6	0	0	0	77	1	6	0	1	0	0	0	0	0	0
Gerald Everett	TE	6	0	0	0	0	0	29	0	5	0	0	0	0	0	0
Joe Mixon	RB	6	0	0	0	45	0	23	1	4	0	0	0	0	0	0
Alvin Kamara	RB	6	0	0	0	99	0	25	0	6	0	0	0	0	0	0
Cooper Kupp	WR	6	0	0	0	17	0	80	0	7	0	0	0	0	0	0
Chris Godwin Jr.	WR	6	0	0	0	0	0	95	0	6	0	0	0	0	0	0
Kareem Hunt	RB	6	0	0	0	12	0	0	0	0	0	0	0	0	0	0
D'Onta Foreman	RB	6	0	0	0	19	0	0	0	0	0	0	0	0	0	0
River Cracraft	WR	6	0	0	0	0	0	0	0	0	0	0	0	0	0	0
Cam Sims	WR	6	0	0	0	0	0	6	0	1	0	0	0	0	0	0
Phillip Lindsay	RB	6	0	0	0	7	0	5	0	3	0	0	0	0	1	0
Jeff Wilson	RB	6	0	0	0	25	0	0	0	0	0	1	0	0	0	0
Will Dissly	TE	6	0	0	0	0	0	12	0	1	0	0	0	0	0	0
Mike Boone	RB	6	0	0	0	1	0	3	0	1	0	0	0	0	0	0
Tyler Conklin	TE	6	0	0	0	1	0	16	0	1	0	0	0	0	0	0
Marquez Valdes-Scantling	WR	6	0	0	0	0	0	0	0	0	0	0	0	0	0	0
Equanimeous St. Brown	WR	6	0	0	0	1	0	0	0	0	0	0	0	0	0	0
Richie James	WR	6	0	0	0	0	0	18	0	2	0	0	0	0	0	0
Keith Kirkwood	WR	6	0	0	0	0	0	14	0	1	0	0	0	0	0	0
Courtland Sutton	WR	6	0	0	0	0	0	14	0	2	0	0	0	0	0	0
Dallas Goedert	TE	6	0	0	0	0	0	22	0	2	0	0	0	0	0	0
Ian Thomas	TE	6	0	0	0	0	0	22	0	2	0	0	0	0	0	0
Keke Coutee	WR	6	0	0	0	0	0	0	0	0	0	0	0	0	0	0
Justin Watson	WR	6	0	0	0	0	0	0	0	0	0	0	0	0	0	0
Ray-Ray McCloud	WR	6	0	0	0	0	0	0	0	0	0	0	0	0	0	0
Russell Gage	WR	6	0	0	0	0	0	20	0	2	0	0	0	0	0	0
Boston Scott	RB	6	0	0	0	16	0	0	0	0	0	0	0	0	0	0
Braxton Berrios	WR	6	0	0	0	20	1	6	0	1	0	0	0	0	0	0
Trent Sherfield	WR	6	0	0	0	0	0	6	0	1	0	0	0	0	0	0
Allen Lazard	WR	6	0	0	0	0	0	76	1	4	0	0	0	0	0	0
Brandon Powell	WR	6	0	0	0	13	0	27	0	4	0	0	0	0	0	0
Chase Edmonds	RB	6	0	0	0	3	0	28	0	2	0	0	0	0	0	0
Mark Andrews	TE	6	0	0	0	0	0	106	1	7	0	0	0	0	0	0
Michael Gallup	WR	6	0	0	0	0	0	18	0	2	0	0	0	0	0	0
Tre'Quan Smith	WR	6	0	0	0	0	0	43	1	3	0	0	0	0	0	0
Christian Kirk	WR	6	0	0	0	4	0	24	1	4	0	0	1	0	0	0
Nick Chubb	RB	6	0	0	0	56	0	14	0	1	0	0	0	0	0	0
Lamar Jackson	QB	6	210	1	1	77	0	0	0	0	1	0	0	0	0	0
DJ Moore	WR	6	0	0	0	0	0	7	0	3	0	0	0	0	0	0
Mike Gesicki	TE	6	0	0	0	0	0	69	2	6	0	0	0	0	0	0
Hayden Hurst	TE	6	0	0	0	0	0	21	0	3	0	0	0	0	0	0
Saquon Barkley	RB	6	0	0	0	83	1	12	0	3	0	0	0	0	0	0
Sony Michel	RB	6	0	0	0	28	0	14	0	3	0	0	0	0	0	0
KhaDarel Hodge	WR	6	0	0	0	0	0	0	0	0	0	0	0	0	0	0
Josh Allen	QB	6	329	3	0	32	0	0	0	0	0	1	0	0	0	0
Dante Pettis	WR	6	0	0	0	0	0	84	1	4	0	0	0	0	0	0
Steven Sims	WR	6	0	0	0	-5	0	0	0	0	0	0	0	0	0	0
Jakobi Meyers	WR	6	0	0	0	0	0	60	0	4	0	0	0	0	0	0
Irv Smith	TE	6	0	0	0	0	0	7	1	4	0	0	0	0	0	0
Alexander Mattison	RB	6	0	0	0	3	0	0	0	0	0	0	0	0	0	0
Mecole Hardman	WR	6	0	0	0	0	0	42	1	3	0	0	0	0	0	0
Olamide Zaccheaus	WR	6	0	0	0	0	0	58	0	4	0	0	0	0	0	0
Diontae Johnson	WR	6	0	0	0	8	0	28	0	5	0	0	0	0	0	0
Zach Gentry	TE	6	0	0	0	0	0	4	0	1	0	0	0	0	0	0
Kyler Murray	QB	6	222	0	1	100	0	0	0	0	0	1	0	0	0	0
Miles Sanders	RB	6	0	0	0	71	1	1	0	1	0	0	0	0	0	0
Josh Oliver	TE	6	0	0	0	0	0	21	0	2	0	0	0	0	0	0
Devin Singletary	RB	6	0	0	0	85	0	22	0	4	0	0	0	0	0	0
Tony Pollard	RB	6	0	0	0	44	0	8	0	2	0	0	0	0	0	0
Scott Miller	WR	6	0	0	0	0	0	0	0	0	0	0	0	0	0	0
Cullen Gillaspia	RB	6	0	0	0	0	0	0	0	0	0	0	0	0	0	0
Tommy Sweeney	TE	6	0	0	0	0	0	7	0	1	0	0	0	0	0	0
Donald Parham	TE	6	0	0	0	0	0	53	0	3	0	0	0	0	0	0
David Sills	WR	6	0	0	0	0	0	8	0	1	0	0	0	0	0	0
Greg Dortch	WR	6	0	0	0	0	0	0	0	0	0	0	0	0	0	0
Darius Slayton	WR	6	0	0	0	0	0	18	0	1	0	0	0	0	0	0
Juwann Winfree	WR	6	0	0	0	0	0	0	0	0	0	0	0	0	0	0
D'Ernest Johnson	RB	6	0	0	0	0	0	9	0	2	0	0	0	0	0	0
Parris Campbell	WR	6	0	0	0	0	0	57	1	7	0	0	0	0	0	0
DK Metcalf	WR	6	0	0	0	0	0	34	0	2	0	0	0	0	0	0
Noah Fant	TE	6	0	0	0	0	0	45	0	6	0	0	0	0	0	0
Gunner Olszewski	WR	6	0	0	0	0	0	0	0	0	0	0	0	0	0	0
Terry McLaurin	WR	6	0	0	0	11	0	41	0	3	0	0	0	0	0	0
Marquise Brown	WR	6	0	0	0	0	0	68	0	5	0	0	0	0	0	0
Darrell Henderson	RB	6	0	0	0	43	1	9	0	2	0	0	0	0	0	0
A.J. Brown	WR	6	0	0	0	0	0	67	1	5	0	0	0	0	0	0
David Montgomery	RB	6	0	0	0	67	0	13	0	1	0	0	0	0	0	0
Dawson Knox	TE	6	0	0	0	0	0	37	1	3	0	0	0	0	0	0
Miles Boykin	WR	6	0	0	0	0	0	0	0	0	0	0	0	0	0	0
Daniel Jones	QB	6	173	2	0	6	0	0	0	0	1	0	0	0	0	0
Deebo Samuel Sr.	WR	6	0	0	0	11	0	79	0	7	0	0	0	0	0	0
JaMycal Hasty	RB	6	0	0	0	57	1	0	0	0	0	0	0	0	0	0
James Robinson	RB	6	0	0	0	54	0	1	0	1	0	0	0	0	0	0
Kendall Hinton	WR	6	0	0	0	0	0	8	0	1	0	0	0	0	0	0
Sean McKeon	TE	6	0	0	0	0	0	10	0	1	0	0	0	0	0	0
Juwan Johnson	TE	6	0	0	0	0	0	41	0	4	0	0	0	0	0	0
J.K. Dobbins	RB	6	0	0	0	15	0	0	0	0	0	0	0	0	0	0
Reggie Gilliam	RB	6	0	0	0	0	0	18	0	3	0	0	0	0	0	0
Devin Asiasi	TE	6	0	0	0	0	0	0	0	0	0	0	0	0	0	0
Gabe Davis	WR	6	0	0	0	0	0	74	1	3	0	0	0	0	0	0
Marquez Callaway	WR	6	0	0	0	0	0	36	0	3	0	0	0	0	0	0
Jacob Eason	QB	6	59	0	1	0	0	0	0	0	0	0	0	0	0	0
Harrison Bryant	TE	6	0	0	0	0	0	18	0	3	0	0	0	0	0	0
Donovan Peoples-Jones	WR	6	0	0	0	2	0	74	0	4	0	0	0	0	0	0
Colby Parkinson	TE	6	0	0	0	0	0	11	0	2	0	0	0	0	0	0
Michael Pittman	WR	6	0	0	0	0	0	134	0	13	0	0	0	0	0	0
Jauan Jennings	WR	6	0	0	0	0	0	18	0	2	0	0	0	0	0	0
Brandon Aiyuk	WR	6	0	0	0	0	0	83	2	8	0	0	0	0	0	0
Jordan Love	QB	6	8	0	0	0	0	0	0	0	0	0	0	0	0	0
AJ Dillon	RB	6	0	0	0	41	0	11	0	4	0	0	0	0	0	0
Quez Watkins	WR	6	0	0	0	-3	0	0	0	1	0	0	0	0	0	0
Cole Kmet	TE	6	0	0	0	0	0	15	0	1	0	0	0	0	0	0
Darnell Mooney	WR	6	0	0	0	0	0	68	0	7	0	0	0	0	0	0
Justin Jefferson	WR	6	0	0	0	0	0	107	0	6	0	0	0	0	0	0
Chase Claypool	WR	6	0	0	0	8	0	96	1	7	0	0	0	0	0	0
Antonio Gibson	RB	6	0	0	0	35	0	18	0	3	0	0	0	0	0	0
Devin Duvernay	WR	6	0	0	0	0	0	14	0	1	0	0	0	0	0	0
Josiah Deguara	TE	6	0	0	0	0	0	9	0	1	0	0	0	0	0	0
K.J. Osborn	WR	6	0	0	0	0	0	18	0	3	0	0	0	0	0	0
Justin Herbert	QB	6	238	0	1	9	0	0	0	0	0	0	0	0	0	0
CeeDee Lamb	WR	6	0	0	0	9	0	68	0	5	0	0	0	0	0	0
Clyde Edwards-Helaire	RB	6	0	0	0	33	0	0	0	0	0	0	0	0	0	0
Eno Benjamin	RB	6	0	0	0	37	0	28	0	3	0	0	0	0	0	0
Jalen Reagor	WR	6	0	0	0	0	0	0	0	0	0	0	0	0	0	0
Jalen Hurts	QB	6	155	2	0	27	0	0	0	0	0	0	0	0	0	0
Jerry Jeudy	WR	6	0	0	0	0	0	54	0	3	0	0	0	0	0	0
Tee Higgins	WR	6	0	0	0	0	0	47	0	6	0	0	0	0	0	0
KJ Hamler	WR	6	0	0	0	0	0	44	0	2	0	0	0	0	0	0
Adam Trautman	TE	6	0	0	0	0	0	8	0	1	0	0	0	0	0	0
DeeJay Dallas	RB	6	0	0	0	1	0	0	0	0	0	0	0	0	0	0
Charlie Woerner	TE	6	0	0	0	0	0	0	0	0	0	0	0	0	0	0
Stephen Sullivan	TE	6	0	0	0	0	0	0	0	0	0	0	0	0	0	0
Tyrie Cleveland	WR	6	0	0	0	0	0	0	0	0	0	0	0	0	0	0
Joe Burrow	QB	6	300	3	0	25	1	0	0	0	0	0	0	0	0	0
Mike Strachan	WR	6	0	0	0	0	0	0	0	0	0	0	0	0	0	0
Deon Jackson	RB	6	0	0	0	42	1	79	0	10	0	0	0	0	0	0
Tim Jones	WR	6	0	0	0	0	0	20	0	1	0	0	0	0	0	0
Chuba Hubbard	RB	6	0	0	0	6	0	1	0	1	0	0	0	0	0	0
Gary Brightwell	RB	6	0	0	0	0	0	0	0	0	0	0	0	0	0	0
Shi Smith	WR	6	0	0	0	0	0	0	0	0	0	0	0	0	0	0
Quintin Morris	TE	6	0	0	0	0	0	0	0	0	0	0	0	0	0	0
Jaylen Waddle	WR	6	0	0	0	0	0	129	0	6	0	0	1	0	0	0
Dee Eskridge	WR	6	0	0	0	0	0	39	0	3	0	0	0	0	0	0
Dyami Brown	WR	6	0	0	0	0	0	0	0	0	0	0	0	0	0	0
Tylan Wallace	WR	6	0	0	0	0	0	4	0	1	0	0	0	0	0	0
Ihmir Smith-Marsette	WR	6	0	0	0	-1	0	0	0	0	0	0	0	0	0	0
Noah Gray	TE	6	0	0	0	0	0	13	0	3	0	0	0	0	0	0
Dax Milne	WR	6	0	0	0	0	0	5	0	1	0	0	0	0	0	0
Jack Stoll	TE	6	0	0	0	0	0	21	0	1	0	0	0	0	0	0
Caleb Huntley	RB	6	0	0	0	59	0	0	0	0	0	0	0	0	0	0
Kene Nwangwu	RB	6	0	0	0	0	0	0	0	0	0	0	0	0	0	0
Tutu Atwell	WR	6	0	0	0	9	0	0	0	0	0	0	0	0	0	0
Chris Evans	RB	6	0	0	0	0	0	0	0	0	0	0	0	0	0	0
Ben Skowronek	WR	6	0	0	0	17	1	40	0	5	0	0	0	0	0	0
Rhamondre Stevenson	RB	6	0	0	0	76	2	15	0	4	0	0	0	0	0	0
Kylen Granson	TE	6	0	0	0	0	0	38	0	4	0	0	0	0	0	0
Jaelon Darden	WR	6	0	0	0	0	0	0	0	0	0	0	0	0	0	0
Luke Farrell	TE	6	0	0	0	0	0	11	0	1	0	0	0	0	0	0
Najee Harris	RB	6	0	0	0	42	0	7	1	2	0	0	0	0	0	0
Ja'Marr Chase	WR	6	0	0	0	0	0	132	2	7	0	0	0	0	0	0
Khalil Herbert	RB	6	0	0	0	74	0	0	0	0	0	0	0	0	0	0
DeVonta Smith	WR	6	0	0	0	0	0	44	1	5	0	0	0	0	0	0
Kenny Gainwell	RB	6	0	0	0	25	0	0	0	0	0	0	0	0	0	0
Michael Carter	RB	6	0	0	0	41	0	6	0	1	0	0	0	0	0	0
Rondale Moore	WR	6	0	0	0	0	0	49	0	6	0	0	0	0	0	0
Justin Fields	QB	6	190	1	1	88	0	0	0	0	0	0	0	0	0	0
Avery Williams	RB	6	0	0	0	6	0	2	0	1	0	0	0	0	0	0
Terrace Marshall Jr.	WR	6	0	0	0	0	0	0	0	0	0	0	0	0	0	0
Michael Bandy	WR	6	0	0	0	0	0	4	0	1	0	0	0	0	0	0
Kyle Pitts	TE	6	0	0	0	0	0	19	1	3	0	0	0	0	0	0
Trevor Lawrence	QB	6	165	1	0	23	2	0	0	0	0	0	0	0	0	0
Travis Etienne	RB	6	0	0	0	86	0	22	0	2	0	0	0	0	0	0
Josh Palmer	WR	6	0	0	0	0	0	57	0	9	0	0	0	0	0	0
Amari Rodgers	WR	6	0	0	0	0	0	14	0	1	0	0	0	0	0	0
Anthony Schwartz	WR	6	0	0	0	0	0	0	0	0	0	0	0	0	0	0
Hunter Long	TE	6	0	0	0	0	0	0	0	0	0	0	0	0	0	0
Tre' McKitty	TE	6	0	0	0	0	0	0	0	0	0	0	0	0	0	0
Zach Wilson	QB	6	110	0	0	1	0	0	0	0	0	0	0	0	0	0
Cole Turner	TE	6	0	0	0	0	0	23	0	2	0	0	0	0	0	0
Britain Covey	WR	6	0	0	0	0	0	0	0	0	0	0	0	0	0	0
Armani Rogers	TE	6	0	0	0	0	0	0	0	0	0	0	0	0	0	0
Isiah Pacheco	RB	6	0	0	0	9	0	9	0	2	0	0	0	0	0	0
Jaylen Warren	RB	6	0	0	0	2	0	0	0	0	0	0	0	0	0	0
Drake London	WR	6	0	0	0	0	0	40	0	3	0	0	0	0	0	0
George Pickens	WR	6	0	0	0	1	0	27	0	3	0	0	0	0	0	0
James Cook	RB	6	0	0	0	8	0	0	0	0	0	0	0	0	0	0
Greg Dulcich	TE	6	0	0	0	0	0	44	1	2	0	0	0	0	0	0
Rachaad White	RB	6	0	0	0	12	0	11	0	3	0	0	0	0	0	0
David Bell	WR	6	0	0	0	0	0	13	0	1	0	0	0	0	0	0
Khalil Shakir	WR	6	0	0	0	0	0	14	0	1	0	0	0	0	0	0
Tyler Allgeier	RB	6	0	0	0	51	0	0	0	0	0	0	0	0	0	0
Montrell Washington	WR	6	0	0	0	0	0	0	0	1	0	0	0	0	0	0
Kevin Harris	RB	6	0	0	0	5	0	0	0	0	0	0	0	0	0	0
Keaontay Ingram	RB	6	0	0	0	7	0	0	0	0	0	0	0	0	0	0
Mike Woods	WR	6	0	0	0	0	0	15	0	1	0	0	0	0	0	0
Ko Kieft	TE	6	0	0	0	0	0	0	0	0	0	0	0	0	0	0
Skylar Thompson	QB	6	89	0	0	9	0	0	0	0	0	0	0	0	0	0
Zander Horvath	RB	6	0	0	0	0	0	0	0	1	0	0	0	0	0	0
Tanner Conner	TE	6	0	0	0	0	0	0	0	0	0	0	0	0	0	0
Raheem Blackshear	RB	6	0	0	0	0	0	0	0	0	0	0	0	0	0	0
Rashid Shaheed	WR	6	0	0	0	44	1	0	0	0	0	0	0	0	0	0
Ronnie Rivers	RB	6	0	0	0	0	0	14	0	1	0	0	0	0	0	0
Peyton Hendershot	TE	6	0	0	0	0	0	22	0	2	0	0	0	0	0	0
Alec Pierce	WR	6	0	0	0	0	0	49	1	3	0	0	0	0	0	0
Garrett Wilson	WR	6	0	0	0	0	0	8	0	1	0	0	0	0	0	0
Trey McBride	TE	6	0	0	0	0	0	0	0	0	0	0	0	0	0	0
Velus Jones Jr.	WR	6	0	0	0	8	0	10	0	1	0	0	0	0	0	0
Brian Robinson	RB	6	0	0	0	60	1	0	0	0	0	0	0	0	0	0
Jelani Woods	TE	6	0	0	0	0	0	27	1	2	0	0	0	0	0	0
KaVontae Turpin	WR	6	0	0	0	0	0	0	0	0	0	0	0	0	0	0
Romeo Doubs	WR	6	0	0	0	0	0	21	0	4	0	0	0	0	0	0
Isaiah Likely	TE	6	0	0	0	0	0	30	0	2	0	0	0	0	0	0
Jake Ferguson	TE	6	0	0	0	0	0	40	1	4	0	0	0	0	0	0
Skyy Moore	WR	6	0	0	0	0	0	24	0	1	0	0	0	0	0	0
Pierre Strong	RB	6	0	0	0	5	0	0	0	0	0	0	0	0	0	0
Kenny Pickett	QB	6	67	1	0	16	0	0	0	0	0	0	0	0	0	0
Tyquan Thornton	WR	6	0	0	0	16	1	37	1	4	0	0	0	0	0	0
Bailey Zappe	QB	6	309	2	0	-4	0	-6	0	1	1	0	0	0	0	0
Daniel Bellinger	TE	6	0	0	0	0	0	38	1	5	0	0	0	0	0	0
Wan'Dale Robinson	WR	6	0	0	0	0	0	37	1	3	0	0	0	0	0	0
Breece Hall	RB	6	0	0	0	116	1	5	0	2	0	0	0	0	0	0
Cade Otton	TE	6	0	0	0	0	0	23	0	2	0	0	0	0	0	0
Kenneth Walker III	RB	6	0	0	0	97	1	13	0	2	0	0	0	0	0	0
Tom Brady	QB	7	290	0	0	1	0	0	0	0	0	0	0	0	0	0
Aaron Rodgers	QB	7	194	2	0	0	0	0	0	0	0	0	0	0	0	0
Matt Ryan	QB	7	243	1	2	2	0	0	0	0	0	0	0	0	0	0
Chad Henne	QB	7	0	0	0	-3	0	0	0	0	0	0	0	0	0	0
Mark Ingram	RB	7	0	0	0	6	0	16	0	3	0	0	0	0	0	0
Andy Dalton	QB	7	361	4	3	21	0	0	0	0	0	0	0	0	0	0
Kyle Rudolph	TE	7	0	0	0	0	0	8	0	1	0	0	0	0	0	0
Brandon Bolden	RB	7	0	0	0	0	0	0	0	0	0	0	0	0	0	0
Marvin Jones	WR	7	0	0	0	0	0	57	0	4	0	0	0	0	0	0
Ryan Tannehill	QB	7	132	0	0	6	0	0	0	0	0	1	0	0	0	0
Zach Ertz	TE	7	0	0	0	0	0	21	0	2	0	0	0	0	0	1
Marquise Goodwin	WR	7	0	0	0	0	0	67	2	4	0	0	0	0	0	0
Ryan Griffin	TE	7	0	0	0	0	0	5	0	1	0	0	0	0	0	0
Keenan Allen	WR	7	0	0	0	0	0	11	0	2	0	0	0	0	0	0
Rex Burkhead	RB	7	0	0	0	8	0	11	0	5	0	0	0	0	0	0
Robert Woods	WR	7	0	0	0	0	0	26	0	3	0	0	0	0	0	0
Travis Kelce	TE	7	0	0	0	0	0	98	0	6	0	0	0	0	0	0
Latavius Murray	RB	7	0	0	0	24	1	-1	0	2	0	0	0	0	0	0
DeAndre Hopkins	WR	7	0	0	0	0	0	103	0	10	0	0	0	0	0	0
Geno Smith	QB	7	210	2	1	7	0	0	0	0	0	1	0	0	0	0
Brandin Cooks	WR	7	0	0	0	0	0	46	0	4	0	0	0	0	0	0
Derek Carr	QB	7	241	1	0	-1	0	0	0	0	0	0	0	0	0	0
Sammy Watkins	WR	7	0	0	0	0	0	36	0	2	0	0	0	0	0	0
Jimmy Garoppolo	QB	7	303	2	1	2	0	0	0	0	1	0	0	0	0	0
Jerick McKinnon	RB	7	0	0	0	12	0	36	0	2	0	0	0	0	0	0
Davante Adams	WR	7	0	0	0	0	0	95	0	8	0	0	0	0	0	0
Mike Evans	WR	7	0	0	0	0	0	96	0	9	0	0	0	0	0	0
Chris Manhertz	TE	7	0	0	0	0	0	0	0	0	0	0	0	0	0	0
Amari Cooper	WR	7	0	0	0	0	0	74	0	3	0	0	0	0	0	0
Kevin White	WR	7	0	0	0	0	0	64	0	1	0	0	0	0	0	0
DeVante Parker	WR	7	0	0	0	0	0	68	0	3	0	0	0	0	0	0
Nelson Agholor	WR	7	0	0	0	0	0	0	0	0	0	0	0	0	0	0
Raheem Mostert	RB	7	0	0	0	79	0	30	1	4	0	0	0	0	0	0
Eric Tomlinson	TE	7	0	0	0	0	0	21	0	2	0	0	0	0	0	0
DeAndre Carter	WR	7	0	0	0	0	0	37	0	3	0	0	0	0	0	0
Taylor Heinicke	QB	7	201	2	1	4	0	0	0	0	0	0	0	0	0	0
Damiere Byrd	WR	7	0	0	0	0	0	75	1	1	0	0	0	0	0	0
Ameer Abdullah	RB	7	0	0	0	0	0	7	0	2	0	0	0	0	0	0
C.J. Uzomah	TE	7	0	0	0	0	0	5	0	1	0	0	0	0	0	0
Geoff Swaim	TE	7	0	0	0	0	0	0	0	0	0	0	0	0	0	0
Melvin Gordon	RB	7	0	0	0	33	0	17	0	2	0	0	0	0	0	0
Phillip Dorsett	WR	7	0	0	0	0	0	45	1	2	0	0	0	0	0	0
Tyler Lockett	WR	7	0	0	0	0	0	45	0	7	0	0	0	0	0	0
Marcus Mariota	QB	7	124	1	0	31	0	0	0	0	0	0	0	0	0	0
Austin Hooper	TE	7	0	0	0	0	0	56	0	3	0	0	0	0	0	0
Chris Moore	WR	7	0	0	0	0	0	20	1	2	0	0	0	0	0	0
Dwayne Washington	RB	7	0	0	0	0	0	0	0	0	0	0	0	0	0	0
Kalif Raymond	WR	7	0	0	0	20	0	75	0	5	0	0	0	0	0	0
J.D. McKissic	RB	7	0	0	0	4	0	0	0	0	0	0	0	0	0	0
Robbie Chosen	WR	7	0	0	0	0	0	0	0	0	0	0	0	0	0	0
Stephen Anderson	TE	7	0	0	0	0	0	0	0	0	0	0	0	0	0	0
Derrick Henry	RB	7	0	0	0	128	0	10	0	3	0	0	0	0	0	0
Marcus Johnson	WR	7	0	0	0	0	0	0	0	0	0	0	0	0	0	0
Tyler Boyd	WR	7	0	0	0	0	0	155	1	8	0	0	0	0	0	0
Tyreek Hill	WR	7	0	0	0	0	0	72	0	7	0	0	0	0	0	0
Ezekiel Elliott	RB	7	0	0	0	57	2	0	0	0	0	0	0	0	0	0
Dak Prescott	QB	7	207	1	0	0	0	0	0	0	0	0	0	0	0	0
Hunter Henry	TE	7	0	0	0	0	0	12	0	1	0	0	0	0	0	0
Jared Goff	QB	7	228	0	2	4	0	0	0	0	2	0	0	0	0	0
Kenyan Drake	RB	7	0	0	0	5	0	0	0	0	0	0	0	0	0	0
Jacoby Brissett	QB	7	258	0	0	18	0	0	0	0	1	0	0	0	0	0
PJ Walker	QB	7	177	2	0	0	0	0	0	0	0	0	0	0	0	0
Christian McCaffrey	RB	7	0	0	0	38	0	24	0	2	0	0	0	0	0	0
Curtis Samuel	WR	7	0	0	0	26	0	53	0	5	0	0	0	0	0	0
George Kittle	TE	7	0	0	0	0	0	98	1	6	0	0	0	0	0	0
Trent Taylor	WR	7	0	0	0	0	0	0	0	0	0	0	0	0	0	0
Aaron Jones	RB	7	0	0	0	23	0	53	2	9	0	0	0	0	0	0
Matt Breida	RB	7	0	0	0	19	0	14	0	1	0	0	0	0	0	0
Taysom Hill	TE	7	48	0	0	9	0	3	1	1	0	0	0	0	0	0
Patrick Ricard	RB	7	0	0	0	0	0	20	0	2	0	0	0	0	0	0
Cody Hollister	WR	7	0	0	0	0	0	32	0	2	0	0	0	0	0	0
Marcus Kemp	WR	7	0	0	0	0	0	0	0	0	0	0	0	0	0	0
Samaje Perine	RB	7	0	0	0	0	0	8	0	2	0	0	0	0	0	0
Mike Williams	WR	7	0	0	0	0	0	86	1	7	0	0	0	0	0	0
Mack Hollins	WR	7	0	0	0	0	0	44	1	2	0	0	0	0	0	0
Eric Saubert	TE	7	0	0	0	0	0	0	0	0	0	0	0	0	0	0
Noah Brown	WR	7	0	0	0	0	0	50	0	5	0	0	1	0	0	0
Austin Ekeler	RB	7	0	0	0	31	1	96	1	12	0	0	0	0	0	0
Robert Tonyan	TE	7	0	0	0	0	0	32	0	3	0	0	0	0	0	0
Dare Ogunbowale	RB	7	0	0	0	8	0	54	0	5	0	0	0	0	0	0
Leonard Fournette	RB	7	0	0	0	19	0	7	0	2	0	0	0	0	0	0
JuJu Smith-Schuster	WR	7	0	0	0	0	0	124	1	7	0	0	0	0	0	0
Jonnu Smith	TE	7	0	0	0	0	0	4	0	1	0	0	0	0	0	0
Corey Davis	WR	7	0	0	0	0	0	0	0	0	0	0	0	0	0	0
Patrick Mahomes	QB	7	423	3	1	0	0	0	0	0	0	0	0	0	0	0
Evan Engram	TE	7	0	0	0	0	0	67	0	4	0	0	0	0	0	0
David Njoku	TE	7	0	0	0	0	0	71	0	7	0	0	0	0	0	0
Zay Jones	WR	7	0	0	0	14	0	54	0	4	0	0	0	0	0	0
Gerald Everett	TE	7	0	0	0	0	0	63	0	5	0	0	0	0	0	0
Joe Mixon	RB	7	0	0	0	58	1	33	0	3	0	0	0	0	0	0
Alvin Kamara	RB	7	0	0	0	49	0	56	0	7	0	0	0	0	0	0
Chris Godwin Jr.	WR	7	0	0	0	2	0	43	0	7	0	0	0	0	0	0
Kareem Hunt	RB	7	0	0	0	4	1	4	0	1	0	0	0	0	0	0
D'Onta Foreman	RB	7	0	0	0	118	0	27	0	2	0	0	0	0	0	0
Josh Reynolds	WR	7	0	0	0	0	0	8	0	1	0	0	0	0	0	0
Jamaal Williams	RB	7	0	0	0	79	0	4	0	1	0	1	0	0	0	0
Dan Arnold	TE	7	0	0	0	0	0	24	0	1	0	0	0	0	0	0
Cam Sims	WR	7	0	0	0	0	0	12	0	1	0	0	0	0	0	0
Jeff Wilson	RB	7	0	0	0	54	0	0	0	0	0	0	0	0	0	0
Will Dissly	TE	7	0	0	0	0	0	45	0	4	0	0	0	0	0	0
Gus Edwards	RB	7	0	0	0	66	2	0	0	0	0	0	0	0	0	0
Kevin Rader	TE	7	0	0	0	0	0	0	0	0	0	0	0	0	0	0
Mike Boone	RB	7	0	0	0	23	0	0	0	0	0	0	0	0	0	0
Dontrell Hilliard	RB	7	0	0	0	4	0	0	0	0	0	0	0	0	0	0
Tyler Conklin	TE	7	0	0	0	0	0	22	0	4	0	0	0	0	0	0
Marquez Valdes-Scantling	WR	7	0	0	0	0	0	111	0	3	0	0	0	0	0	0
Equanimeous St. Brown	WR	7	0	0	0	0	0	48	0	4	0	0	0	0	0	0
Richie James	WR	7	0	0	0	0	0	2	0	1	0	0	0	0	0	0
Courtland Sutton	WR	7	0	0	0	0	0	23	0	3	0	0	0	0	0	0
Jordan Akins	TE	7	0	0	0	0	0	68	0	3	0	0	0	0	0	0
Ian Thomas	TE	7	0	0	0	0	0	3	0	1	0	0	0	0	0	0
Nyheim Hines	RB	7	0	0	0	2	0	41	0	5	0	0	0	0	0	0
Dalton Schultz	TE	7	0	0	0	0	0	49	0	5	0	0	0	0	0	0
Justin Watson	WR	7	0	0	0	0	0	4	1	1	0	0	0	0	0	0
Ray-Ray McCloud	WR	7	0	0	0	0	0	65	1	4	0	0	0	0	0	0
Russell Gage	WR	7	0	0	0	0	0	39	0	4	0	0	0	0	0	0
Cedrick Wilson Jr.	WR	7	0	0	0	0	0	0	0	0	0	0	0	0	0	0
Braxton Berrios	WR	7	0	0	0	27	0	15	0	3	0	0	0	0	0	0
Justin Jackson	RB	7	0	0	0	2	0	0	0	0	0	0	0	0	0	0
Trent Sherfield	WR	7	0	0	0	0	0	44	0	3	0	0	0	0	0	0
Allen Lazard	WR	7	0	0	0	0	0	55	0	6	0	0	0	0	0	0
Tanner Hudson	TE	7	0	0	0	0	0	0	0	0	0	0	0	0	0	0
Chase Edmonds	RB	7	0	0	0	17	0	0	0	0	0	0	0	0	0	0
Mark Andrews	TE	7	0	0	0	4	0	0	0	0	0	0	0	0	0	0
Michael Gallup	WR	7	0	0	0	0	0	0	0	0	0	0	0	0	0	0
Tre'Quan Smith	WR	7	0	0	0	0	0	59	0	5	0	0	0	0	0	0
Christian Kirk	WR	7	0	0	0	5	0	96	0	7	0	0	0	0	0	0
Nick Chubb	RB	7	0	0	0	91	1	16	0	2	0	0	0	0	0	0
Lamar Jackson	QB	7	120	0	0	59	0	0	0	0	0	0	0	0	0	0
DJ Moore	WR	7	0	0	0	-3	0	69	1	7	0	0	0	0	0	0
Mike Gesicki	TE	7	0	0	0	0	0	27	0	3	0	0	0	0	0	0
Hayden Hurst	TE	7	0	0	0	0	0	48	0	6	0	0	0	0	0	0
Saquon Barkley	RB	7	0	0	0	110	0	25	0	4	0	0	0	0	0	0
Sony Michel	RB	7	0	0	0	5	0	8	0	1	0	0	0	0	0	0
KhaDarel Hodge	WR	7	0	0	0	0	0	0	0	0	0	0	0	0	0	0
Dante Pettis	WR	7	0	0	0	29	0	2	0	1	0	0	0	0	0	0
Brett Rypien	QB	7	225	0	1	9	0	0	0	0	0	0	0	0	0	0
Jakobi Meyers	WR	7	0	0	0	0	0	34	1	2	0	0	0	0	0	0
Justice Hill	RB	7	0	0	0	26	0	0	0	0	0	1	0	0	0	0
Foster Moreau	TE	7	0	0	0	0	0	28	0	3	0	0	0	0	0	0
Hunter Renfrow	WR	7	0	0	0	0	0	55	0	3	0	0	0	0	0	0
Mecole Hardman	WR	7	0	0	0	28	2	32	1	4	0	0	0	0	0	0
Olamide Zaccheaus	WR	7	0	0	0	0	0	31	0	3	0	0	0	0	0	0
Diontae Johnson	WR	7	0	0	0	3	0	42	0	5	0	0	0	0	0	0
Benny Snell	RB	7	0	0	0	0	0	0	0	0	0	0	0	0	0	0
Zach Gentry	TE	7	0	0	0	0	0	0	0	2	0	0	0	0	0	0
Kyler Murray	QB	7	204	1	0	30	0	0	0	0	0	0	0	1	0	0
T.J. Hockenson	TE	7	0	0	0	0	0	48	0	4	0	0	0	0	0	0
Josh Oliver	TE	7	0	0	0	0	0	0	0	0	0	0	0	0	0	0
Tony Pollard	RB	7	0	0	0	83	0	26	0	2	0	0	0	0	0	0
Scott Miller	WR	7	0	0	0	0	0	6	0	2	0	0	0	0	0	0
Chris Myarick	TE	7	0	0	0	0	0	21	0	2	0	0	0	0	0	0
David Sills	WR	7	0	0	0	0	0	19	0	1	0	0	0	0	0	0
Jason Moore	WR	7	0	0	0	0	0	5	0	1	0	0	0	0	0	0
Greg Dortch	WR	7	0	0	0	1	0	5	1	1	0	0	0	0	0	0
Jeff Smith	WR	7	0	0	0	0	0	0	0	0	0	0	0	0	0	0
Darius Slayton	WR	7	0	0	0	0	0	58	1	3	0	0	0	0	0	0
Ty Johnson	RB	7	0	0	0	3	0	6	0	1	0	0	0	0	0	0
Tom Kennedy	WR	7	0	0	0	0	0	14	0	2	0	0	0	0	0	0
Joseph Fortson	TE	7	0	0	0	0	0	8	0	1	0	0	0	0	0	0
Craig Reynolds	RB	7	0	0	0	12	0	18	0	3	0	0	0	0	0	0
N'Keal Harry	TE	7	0	0	0	0	0	14	0	1	0	0	0	0	0	0
D'Ernest Johnson	RB	7	0	0	0	0	0	0	0	0	0	0	0	0	0	0
Parris Campbell	WR	7	0	0	0	0	0	70	1	10	0	0	0	0	0	0
DK Metcalf	WR	7	0	0	0	0	0	12	0	1	0	0	0	0	0	0
Noah Fant	TE	7	0	0	0	0	0	7	0	1	0	0	0	0	0	0
Gunner Olszewski	WR	7	0	0	0	0	0	0	0	0	0	0	0	0	0	0
Damien Harris	RB	7	0	0	0	8	0	2	0	1	0	0	0	0	0	0
Terry McLaurin	WR	7	0	0	0	0	0	73	1	5	0	0	0	0	0	0
David Montgomery	RB	7	0	0	0	62	1	0	0	0	0	0	0	0	0	0
Josh Jacobs	RB	7	0	0	0	143	3	12	0	3	0	0	0	0	0	0
Daniel Jones	QB	7	202	1	0	107	1	0	0	0	0	0	0	0	0	0
Deebo Samuel Sr.	WR	7	0	0	0	2	0	42	0	5	0	0	0	0	0	0
Jakob Johnson	RB	7	0	0	0	0	0	0	0	0	0	0	0	0	0	0
Mitchell Wilcox	TE	7	0	0	0	0	0	14	0	2	0	0	0	0	0	0
JaMycal Hasty	RB	7	0	0	0	6	0	0	0	0	0	0	0	0	0	0
James Robinson	RB	7	0	0	0	0	0	0	0	0	0	0	0	0	0	0
Kendall Hinton	WR	7	0	0	0	0	0	14	0	1	0	0	0	0	0	0
Giovanni Ricci	TE	7	0	0	0	0	0	0	0	0	0	0	0	0	0	0
Juwan Johnson	TE	7	0	0	0	0	0	32	2	5	0	0	0	0	0	0
James Proche	WR	7	0	0	0	0	0	0	0	0	0	0	0	0	0	0
Mason Kinsey	WR	7	0	0	0	0	0	3	0	1	0	0	0	0	0	0
Nick Westbrook-Ikhine	WR	7	0	0	0	0	0	0	0	0	0	0	0	0	0	0
Tua Tagovailoa	QB	7	261	1	0	15	0	0	0	0	0	0	0	0	0	0
Marquez Callaway	WR	7	0	0	0	0	0	20	0	2	0	0	0	0	0	0
Jonathan Taylor	RB	7	0	0	0	58	0	27	0	7	0	0	0	0	0	0
Harrison Bryant	TE	7	0	0	0	0	0	15	0	2	0	0	0	0	0	0
Donovan Peoples-Jones	WR	7	0	0	0	0	0	71	0	6	0	0	1	0	0	0
Colby Parkinson	TE	7	0	0	0	0	0	28	0	1	0	0	0	0	0	0
Tyler Davis	TE	7	0	0	0	0	0	0	0	0	0	0	0	0	0	0
Michael Pittman	WR	7	0	0	0	0	0	58	0	6	0	0	1	0	0	0
Denzel Mims	WR	7	0	0	0	0	0	4	0	1	0	0	0	0	0	0
Jauan Jennings	WR	7	0	0	0	0	0	24	0	2	0	0	0	0	0	0
Brandon Aiyuk	WR	7	0	0	0	0	0	82	0	7	0	0	0	0	0	0
AJ Dillon	RB	7	0	0	0	15	0	0	0	0	0	0	0	0	0	0
Laviska Shenault Jr.	WR	7	0	0	0	0	0	8	0	1	0	0	0	0	0	0
Cole Kmet	TE	7	0	0	0	0	0	32	0	2	0	0	0	0	0	0
Darnell Mooney	WR	7	0	0	0	0	0	53	0	3	0	0	0	0	0	0
Chase Claypool	WR	7	0	0	0	0	0	41	0	5	0	0	0	0	0	0
Antonio Gibson	RB	7	0	0	0	59	0	18	1	3	0	0	0	0	0	0
Devin Duvernay	WR	7	0	0	0	0	0	42	0	2	0	0	0	0	0	0
Justin Herbert	QB	7	293	2	1	22	0	-8	0	1	1	0	0	0	0	0
CeeDee Lamb	WR	7	0	0	0	-4	0	70	0	4	0	0	0	0	0	0
Clyde Edwards-Helaire	RB	7	0	0	0	32	1	0	0	0	0	0	0	0	0	0
Eno Benjamin	RB	7	0	0	0	92	1	21	0	4	0	0	0	0	1	0
Jerry Jeudy	WR	7	0	0	0	0	0	96	0	7	0	0	0	0	0	0
Tee Higgins	WR	7	0	0	0	0	0	93	0	5	0	0	0	0	0	0
KJ Hamler	WR	7	0	0	0	14	0	4	0	1	0	0	0	0	0	0
DeeJay Dallas	RB	7	0	0	0	35	0	6	0	2	0	0	0	0	0	0
Joe Burrow	QB	7	481	3	0	20	1	0	0	0	0	0	0	0	0	0
Deon Jackson	RB	7	0	0	0	3	0	0	0	0	0	0	0	0	0	0
Tim Jones	WR	7	0	0	0	0	0	7	0	1	0	0	0	0	0	0
DJ Turner	WR	7	0	0	0	20	0	0	0	0	0	0	0	0	0	0
Rashod Bateman	WR	7	0	0	0	0	0	42	0	4	0	0	0	0	0	0
Nico Collins	WR	7	0	0	0	0	0	33	0	3	0	0	0	0	0	0
Chuba Hubbard	RB	7	0	0	0	63	1	10	0	2	0	0	0	0	0	0
Brevin Jordan	TE	7	0	0	0	0	0	0	0	0	0	0	0	0	0	0
Shi Smith	WR	7	0	0	0	0	0	0	0	0	0	0	0	0	0	0
Jaylen Waddle	WR	7	0	0	0	0	0	88	0	4	0	0	0	0	0	0
Dee Eskridge	WR	7	0	0	0	4	0	0	0	0	0	0	0	0	0	0
Noah Gray	TE	7	0	0	0	0	0	10	0	1	0	0	0	0	0	0
Dax Milne	WR	7	0	0	0	0	0	4	0	1	0	0	0	0	0	0
Brock Wright	TE	7	0	0	0	0	0	57	0	4	0	0	0	0	0	0
Feleipe Franks	TE	7	0	0	0	0	0	0	0	0	0	0	0	0	0	0
Caleb Huntley	RB	7	0	0	0	22	0	0	0	0	0	0	0	0	0	0
Chris Evans	RB	7	0	0	0	0	0	0	0	0	0	0	0	0	0	0
Rhamondre Stevenson	RB	7	0	0	0	39	1	59	0	8	0	0	0	0	0	0
Kylen Granson	TE	7	0	0	0	0	0	6	0	1	0	0	0	0	0	0
Jaelon Darden	WR	7	0	0	0	0	0	1	0	1	0	0	0	0	0	0
Najee Harris	RB	7	0	0	0	65	0	15	0	3	0	0	0	0	0	0
Pat Freiermuth	TE	7	0	0	0	0	0	75	0	8	0	0	0	0	0	0
Davis Mills	QB	7	302	2	1	0	0	0	0	0	0	0	0	0	0	0
Ja'Marr Chase	WR	7	0	0	0	0	0	130	2	8	0	0	0	0	0	0
Khalil Herbert	RB	7	0	0	0	62	0	25	1	1	0	0	0	0	0	0
Michael Carter	RB	7	0	0	0	29	0	45	0	2	0	0	0	0	0	0
Rondale Moore	WR	7	0	0	0	0	0	31	0	1	0	0	0	0	0	0
Justin Fields	QB	7	179	1	1	82	1	0	0	0	0	0	0	0	0	0
Avery Williams	RB	7	0	0	0	4	0	0	0	0	0	0	0	0	0	0
Terrace Marshall Jr.	WR	7	0	0	0	0	0	31	0	2	0	0	0	0	0	0
Michael Bandy	WR	7	0	0	0	0	0	-5	0	1	0	0	0	0	0	0
Amon-Ra St. Brown	WR	7	0	0	0	0	0	4	0	1	0	0	0	0	0	0
Kyle Pitts	TE	7	0	0	0	0	0	9	0	3	0	0	0	0	0	0
Trevor Lawrence	QB	7	310	0	0	3	1	0	0	0	0	0	0	0	0	0
Mac Jones	QB	7	13	0	1	24	0	0	0	0	0	0	0	0	0	0
Travis Etienne	RB	7	0	0	0	114	1	5	0	1	0	1	0	0	1	0
Amari Rodgers	WR	7	0	0	0	0	0	14	0	2	0	0	0	0	0	0
Tommy Tremble	TE	7	0	0	0	0	0	29	1	1	0	0	0	0	0	0
Tre' McKitty	TE	7	0	0	0	0	0	0	0	0	0	0	0	0	0	0
Zach Wilson	QB	7	121	0	0	24	0	0	0	0	0	0	0	0	0	0
Cole Turner	TE	7	0	0	0	0	0	0	0	0	0	0	0	0	0	0
Trestan Ebner	RB	7	0	0	0	8	0	0	0	0	0	0	0	0	0	0
Samori Toure	WR	7	0	0	0	0	0	4	0	1	0	0	0	0	0	0
Armani Rogers	TE	7	0	0	0	0	0	28	0	3	0	0	0	0	0	0
Isiah Pacheco	RB	7	0	0	0	43	0	0	0	0	0	0	0	0	0	0
Jaylen Warren	RB	7	0	0	0	7	0	17	0	2	0	0	0	0	0	0
Drake London	WR	7	0	0	0	0	0	9	0	1	0	0	0	0	0	0
Chris Olave	WR	7	0	0	0	0	0	106	0	7	0	0	0	0	0	0
George Pickens	WR	7	0	0	0	0	0	61	1	6	0	0	0	0	0	0
Greg Dulcich	TE	7	0	0	0	0	0	51	0	6	0	0	0	0	0	0
Rachaad White	RB	7	0	0	0	24	0	8	0	1	0	0	0	0	0	0
David Bell	WR	7	0	0	0	0	0	7	0	1	0	0	0	0	0	0
Dameon Pierce	RB	7	0	0	0	92	0	25	0	4	0	0	0	0	0	0
Tyler Allgeier	RB	7	0	0	0	50	1	0	0	0	0	0	0	0	0	0
Montrell Washington	WR	7	0	0	0	2	0	0	0	0	0	0	0	0	0	0
Keaontay Ingram	RB	7	0	0	0	14	1	23	0	2	0	0	0	0	0	0
Ko Kieft	TE	7	0	0	0	0	0	18	0	1	0	0	0	0	0	0
Raheem Blackshear	RB	7	0	0	0	-5	0	0	0	0	0	0	0	0	0	0
Troy Hairston	RB	7	0	0	0	0	0	0	0	0	0	0	0	0	0	0
Rashid Shaheed	WR	7	0	0	0	0	0	53	1	1	0	0	0	0	0	0
Peyton Hendershot	TE	7	0	0	0	0	0	5	1	2	0	0	0	0	0	0
Hassan Haskins	RB	7	0	0	0	0	0	5	0	1	0	0	0	0	0	0
Alec Pierce	WR	7	0	0	0	0	0	37	0	3	0	0	0	0	0	0
Garrett Wilson	WR	7	0	0	0	0	0	24	0	4	0	0	0	0	0	0
Trey McBride	TE	7	0	0	0	0	0	0	0	0	0	0	0	0	0	0
Brian Robinson	RB	7	0	0	0	73	0	13	0	2	0	0	0	0	0	0
Jelani Woods	TE	7	0	0	0	0	0	4	0	1	0	0	0	0	0	0
KaVontae Turpin	WR	7	0	0	0	3	0	0	0	0	0	0	0	0	0	0
Chig Okonkwo	TE	7	0	0	0	0	0	0	0	0	0	0	0	0	0	0
Romeo Doubs	WR	7	0	0	0	0	0	0	0	0	0	0	0	0	0	0
Tyrion Davis-Price	RB	7	0	0	0	4	0	0	0	0	0	0	0	0	0	0
Danny Gray	WR	7	0	0	0	0	0	0	0	0	0	0	0	0	0	0
Brock Purdy	QB	7	66	0	1	1	0	0	0	0	0	0	0	0	0	0
Isaiah Likely	TE	7	0	0	0	0	0	16	0	1	0	0	0	0	0	0
Zamir White	RB	7	0	0	0	2	0	0	0	0	0	0	0	0	0	0
Jake Ferguson	TE	7	0	0	0	0	0	7	0	1	0	0	0	0	0	0
Isaiah Spiller	RB	7	0	0	0	-5	0	0	0	0	0	0	0	0	0	0
Skyy Moore	WR	7	0	0	0	0	0	0	0	0	0	0	0	0	0	0
Kenny Pickett	QB	7	257	1	3	20	0	0	0	0	0	0	0	0	0	0
Tyquan Thornton	WR	7	0	0	0	0	0	19	0	1	0	0	0	0	0	0
Bailey Zappe	QB	7	185	1	2	-1	0	0	0	0	0	1	0	0	0	0
Daniel Bellinger	TE	7	0	0	0	0	0	13	0	1	0	0	0	0	0	0
Wan'Dale Robinson	WR	7	0	0	0	0	0	50	0	6	0	0	0	0	0	0
Breece Hall	RB	7	0	0	0	72	1	0	0	0	0	0	0	0	0	0
Cade Otton	TE	7	0	0	0	0	0	64	0	4	0	0	0	0	0	0
Kenneth Walker III	RB	7	0	0	0	167	2	0	0	0	0	0	0	0	0	0
Tom Brady	QB	8	325	1	0	1	0	0	0	0	0	0	0	0	0	0
Aaron Rodgers	QB	8	203	2	1	11	0	0	0	0	0	0	0	0	0	0
Matthew Stafford	QB	8	187	1	0	-1	1	0	0	0	0	0	0	0	0	0
A.J. Green	WR	8	0	0	0	0	0	0	0	0	0	0	0	0	0	0
Julio Jones	WR	8	0	0	0	0	0	21	1	2	0	0	0	0	0	0
Mark Ingram	RB	8	0	0	0	0	0	2	0	1	0	0	0	0	0	0
Andy Dalton	QB	8	229	2	0	0	0	0	0	0	0	0	0	0	0	0
Kyle Rudolph	TE	8	0	0	0	0	0	0	0	0	0	0	0	0	0	0
Brandon Bolden	RB	8	0	0	0	0	0	0	0	0	0	0	0	0	0	0
Russell Wilson	QB	8	252	1	1	17	0	0	0	0	0	0	0	0	0	0
Marvin Jones	WR	8	0	0	0	0	0	0	0	0	0	0	0	0	0	0
Kirk Cousins	QB	8	232	2	0	22	1	0	0	0	1	0	0	0	0	0
Adam Thielen	WR	8	0	0	0	0	0	67	0	6	0	0	0	0	0	0
Zach Ertz	TE	8	0	0	0	0	0	34	1	4	0	0	0	0	0	0
Marquise Goodwin	WR	8	0	0	0	0	0	33	0	4	0	0	0	0	0	0
Rex Burkhead	RB	8	0	0	0	0	0	2	0	1	0	0	0	0	0	0
Robert Woods	WR	8	0	0	0	0	0	26	0	2	0	0	0	0	0	0
Latavius Murray	RB	8	0	0	0	46	1	13	0	1	0	0	0	0	0	0
DeAndre Hopkins	WR	8	0	0	0	0	0	159	1	12	0	0	0	0	0	0
Geno Smith	QB	8	212	2	0	26	0	0	0	0	0	0	0	0	0	0
Brandin Cooks	WR	8	0	0	0	0	0	73	0	4	0	0	0	0	0	0
Derek Carr	QB	8	101	0	1	-1	0	0	0	0	0	0	0	0	0	0
Sammy Watkins	WR	8	0	0	0	0	0	3	0	1	0	0	0	0	0	0
Jimmy Garoppolo	QB	8	235	2	0	3	0	0	0	0	0	0	0	0	0	0
Davante Adams	WR	8	0	0	0	-1	0	3	0	1	0	0	0	0	0	0
Mike Evans	WR	8	0	0	0	0	0	123	0	6	0	0	0	0	0	0
Allen Robinson	WR	8	0	0	0	0	0	54	0	5	0	0	0	0	0	0
Chris Manhertz	TE	8	0	0	0	0	0	-1	0	1	0	0	0	0	0	0
Amari Cooper	WR	8	0	0	1	0	0	131	1	5	0	0	0	0	0	0
Kevin White	WR	8	0	0	0	0	0	0	0	0	0	0	0	0	0	0
DeVante Parker	WR	8	0	0	0	0	0	0	0	0	0	0	0	0	0	0
Nelson Agholor	WR	8	0	0	0	0	0	2	0	1	0	0	0	0	0	0
Stefon Diggs	WR	8	0	0	0	0	0	108	1	6	0	0	0	0	0	0
Raheem Mostert	RB	8	0	0	0	64	0	3	0	1	0	0	0	0	0	0
Eric Tomlinson	TE	8	0	0	0	0	0	0	0	0	0	0	0	0	0	0
Jake Kumerow	WR	8	0	0	0	0	0	0	0	0	0	0	0	0	0	0
Taylor Heinicke	QB	8	279	1	1	29	1	0	0	0	0	0	0	0	0	0
Malcolm Brown	RB	8	0	0	0	10	0	0	0	0	0	0	0	0	0	0
Damiere Byrd	WR	8	0	0	0	0	0	67	1	3	0	0	0	0	0	0
Breshad Perriman	WR	8	0	0	0	0	0	11	0	1	0	0	0	0	0	0
Ameer Abdullah	RB	8	0	0	0	0	0	28	0	4	0	0	0	0	0	0
C.J. Uzomah	TE	8	0	0	0	0	0	27	0	1	0	0	0	0	0	0
Melvin Gordon	RB	8	0	0	0	29	1	23	0	3	0	0	0	0	0	0
Trevor Siemian	QB	8	5	0	0	0	0	0	0	0	0	0	0	0	0	0
Phillip Dorsett	WR	8	0	0	0	0	0	6	0	1	0	0	0	0	0	0
Tyler Lockett	WR	8	0	0	0	0	0	63	1	5	0	0	1	0	0	0
Tyler Kroft	TE	8	0	0	0	0	0	6	0	1	0	0	0	0	0	0
Marcus Mariota	QB	8	253	3	2	43	0	0	0	0	0	0	0	0	0	0
Austin Hooper	TE	8	0	0	0	0	0	5	0	1	0	0	0	0	0	0
Nick Vannett	TE	8	0	0	0	0	0	8	0	1	0	0	0	0	0	0
Dwayne Washington	RB	8	0	0	0	13	0	0	0	0	0	0	0	0	0	0
Kalif Raymond	WR	8	0	0	0	0	0	76	0	3	0	0	0	0	0	0
J.D. McKissic	RB	8	0	0	0	6	0	14	0	3	0	0	0	0	0	0
Robbie Chosen	WR	8	0	0	0	0	0	0	0	0	0	0	0	0	0	0
Derrick Henry	RB	8	0	0	0	219	2	9	0	1	0	0	0	0	0	0
Demarcus Robinson	WR	8	0	0	0	0	0	64	0	6	0	0	0	0	0	0
Marcus Johnson	WR	8	0	0	0	0	0	3	0	1	0	0	0	0	0	0
Tyler Boyd	WR	8	0	0	0	0	0	38	1	3	0	0	0	0	0	0
Tyreek Hill	WR	8	0	0	0	7	0	188	0	12	0	0	0	0	0	0
Dak Prescott	QB	8	250	2	1	34	1	0	0	0	0	0	0	0	0	0
Hunter Henry	TE	8	0	0	0	0	0	22	0	1	0	0	0	0	0	0
Jared Goff	QB	8	321	1	0	3	0	5	0	1	0	0	0	0	0	0
Tyler Higbee	TE	8	0	0	0	0	0	15	0	2	0	0	0	0	0	0
Mike Thomas	WR	8	0	0	0	0	0	0	0	0	0	0	0	0	0	0
Kenyan Drake	RB	8	0	0	0	62	0	5	1	4	0	0	0	0	0	0
Jacoby Brissett	QB	8	278	1	0	12	1	0	0	0	1	0	0	0	0	0
Mo Alie-Cox	TE	8	0	0	0	0	0	0	0	0	0	0	0	0	0	0
Johnny Mundt	TE	8	0	0	0	0	0	1	1	1	0	0	0	0	0	0
Zach Pascal	WR	8	0	0	0	0	0	57	1	2	0	0	0	0	0	0
PJ Walker	QB	8	317	1	1	20	0	0	0	0	0	0	0	0	0	0
Christian McCaffrey	RB	8	34	1	0	94	1	55	1	8	0	0	0	0	0	0
Curtis Samuel	WR	8	0	0	0	29	0	50	0	3	0	0	0	0	0	0
George Kittle	TE	8	0	0	0	0	0	39	1	3	0	0	0	0	0	0
Trent Taylor	WR	8	0	0	0	0	0	5	0	1	0	0	0	0	0	0
Aaron Jones	RB	8	0	0	0	143	0	14	0	4	0	0	0	0	0	0
Kendrick Bourne	WR	8	0	0	0	0	0	0	0	0	0	0	0	0	0	0
Matt Breida	RB	8	0	0	0	5	0	10	0	1	0	0	0	0	0	0
Taysom Hill	TE	8	2	0	0	61	0	11	0	1	0	0	0	0	0	0
Patrick Ricard	RB	8	0	0	0	0	0	0	0	0	0	0	0	0	0	0
Cody Hollister	WR	8	0	0	0	0	0	0	0	0	0	0	0	0	0	0
Pharaoh Brown	TE	8	0	0	0	0	0	0	0	0	0	0	0	0	0	0
Isaiah McKenzie	WR	8	0	0	0	2	1	8	0	1	0	0	0	0	0	0
Samaje Perine	RB	8	0	0	0	7	0	10	0	3	0	0	0	0	0	0
Mack Hollins	WR	8	0	0	0	0	0	64	0	7	0	0	0	0	0	0
Eric Saubert	TE	8	0	0	0	0	0	0	0	0	0	0	0	0	0	0
Keelan Cole	WR	8	0	0	0	0	0	30	0	2	0	0	0	0	0	0
Robert Tonyan	TE	8	0	0	0	0	0	35	0	5	0	0	0	0	0	0
Dare Ogunbowale	RB	8	0	0	0	0	0	0	0	1	0	0	0	0	0	0
Leonard Fournette	RB	8	0	0	0	24	1	34	0	3	0	0	0	0	0	0
Jonnu Smith	TE	8	0	0	0	0	0	10	0	3	0	0	0	0	0	0
O.J. Howard	TE	8	0	0	0	0	0	24	0	2	0	0	0	0	0	0
Evan Engram	TE	8	0	0	0	0	0	55	1	4	0	0	0	0	0	0
Zay Jones	WR	8	0	0	0	7	0	28	0	3	0	0	0	0	0	0
Dalvin Cook	RB	8	0	0	0	111	1	30	0	5	0	0	0	0	0	0
Joe Mixon	RB	8	0	0	0	27	0	32	0	7	0	0	0	0	0	0
Alvin Kamara	RB	8	0	0	0	62	1	96	2	9	0	0	0	0	0	0
Cooper Kupp	WR	8	0	0	0	10	0	79	1	8	0	0	0	0	0	0
Chris Godwin Jr.	WR	8	0	0	0	0	0	75	0	6	0	0	0	0	0	0
Kareem Hunt	RB	8	0	0	0	42	0	30	0	4	0	0	0	0	0	0
D'Onta Foreman	RB	8	0	0	0	118	3	0	0	0	0	0	0	0	1	0
Josh Reynolds	WR	8	0	0	0	0	0	14	0	2	0	0	0	0	0	0
Jamaal Williams	RB	8	0	0	0	53	2	23	0	3	0	0	0	0	0	0
Dan Arnold	TE	8	0	0	0	0	0	8	0	1	0	0	0	0	0	0
Ross Dwelley	TE	8	0	0	0	0	0	56	0	1	0	0	0	0	0	0
Cam Sims	WR	8	0	0	0	0	0	21	0	1	0	0	0	0	0	0
Jeff Wilson	RB	8	0	0	0	14	0	21	0	2	0	0	0	0	0	0
Will Dissly	TE	8	0	0	0	0	0	12	0	2	0	0	0	0	0	0
Gus Edwards	RB	8	0	0	0	65	0	0	0	0	0	0	0	0	0	0
Dontrell Hilliard	RB	8	0	0	0	83	0	12	0	1	0	0	0	0	0	0
Tyler Conklin	TE	8	0	0	0	0	0	79	2	6	0	0	0	0	0	0
Equanimeous St. Brown	WR	8	0	0	0	0	0	6	0	1	0	0	0	0	0	0
Richie James	WR	8	0	0	0	0	0	0	0	0	0	0	0	0	0	0
Darrel Williams	RB	8	0	0	0	8	0	6	0	2	0	0	0	0	0	0
Courtland Sutton	WR	8	0	0	0	0	0	13	0	1	0	0	0	0	0	0
Dallas Goedert	TE	8	0	0	0	0	0	64	0	6	0	0	0	0	0	0
Jordan Akins	TE	8	0	0	0	0	0	5	0	1	0	0	0	0	0	0
Ian Thomas	TE	8	0	0	0	0	0	2	0	1	0	0	0	0	0	0
Keke Coutee	WR	8	0	0	0	0	0	0	0	0	0	0	0	0	0	0
Nyheim Hines	RB	8	0	0	0	20	1	29	0	2	0	0	0	0	0	0
Dalton Schultz	TE	8	0	0	0	0	0	74	0	6	0	0	0	0	0	0
Ray-Ray McCloud	WR	8	0	0	0	0	0	11	0	1	0	0	0	0	0	0
Boston Scott	RB	8	0	0	0	21	0	0	0	0	0	0	0	0	0	0
Cedrick Wilson Jr.	WR	8	0	0	0	0	0	0	0	0	0	0	0	0	0	0
Braxton Berrios	WR	8	0	0	0	0	0	0	0	0	0	0	0	0	0	0
Justin Jackson	RB	8	0	0	0	0	0	0	0	0	0	0	0	0	0	0
Trent Sherfield	WR	8	0	0	0	0	0	25	0	2	0	0	0	0	0	0
Tanner Hudson	TE	8	0	0	0	0	0	58	0	3	0	0	0	0	0	0
Brandon Powell	WR	8	0	0	0	0	0	0	0	0	0	0	0	0	0	0
Chase Edmonds	RB	8	0	0	0	14	0	0	0	0	0	0	0	0	0	0
Mark Andrews	TE	8	0	0	0	0	0	33	0	3	0	0	0	0	0	0
Michael Gallup	WR	8	0	0	0	0	0	49	0	4	0	0	0	0	0	0
Tre'Quan Smith	WR	8	0	0	0	0	0	0	0	0	0	0	0	0	0	0
Christian Kirk	WR	8	0	0	0	0	0	40	0	3	0	0	0	0	0	0
Nick Chubb	RB	8	0	0	0	101	2	3	0	1	0	0	0	0	1	0
Lamar Jackson	QB	8	238	2	0	43	0	0	0	0	0	0	0	0	0	0
DJ Moore	WR	8	0	0	0	3	0	152	1	6	0	0	0	0	0	0
Mike Gesicki	TE	8	0	0	0	0	0	38	1	3	0	0	0	0	0	0
Hayden Hurst	TE	8	0	0	0	0	0	42	0	4	0	0	0	0	0	0
Saquon Barkley	RB	8	0	0	0	53	1	9	0	3	0	0	0	0	0	0
Josh Allen	QB	8	218	2	2	49	0	0	0	0	0	0	0	0	0	0
Dante Pettis	WR	8	0	0	0	0	0	18	0	4	0	0	0	0	0	0
Steven Sims	WR	8	0	0	0	21	0	-1	0	2	0	0	0	0	0	0
Jakobi Meyers	WR	8	0	0	0	0	0	60	1	9	0	0	0	0	0	0
Irv Smith	TE	8	0	0	0	0	0	28	0	4	0	0	0	0	0	0
Alexander Mattison	RB	8	0	0	0	40	1	0	0	0	0	0	0	0	0	0
Justice Hill	RB	8	0	0	0	28	0	0	0	0	0	0	0	0	0	0
Foster Moreau	TE	8	0	0	0	0	0	31	0	6	0	0	0	0	0	0
Hunter Renfrow	WR	8	0	0	0	0	0	6	0	1	0	0	0	0	0	0
Olamide Zaccheaus	WR	8	0	0	0	-6	0	10	0	1	0	0	0	0	0	0
Diontae Johnson	WR	8	0	0	0	0	0	35	0	5	0	0	0	0	0	0
Zach Gentry	TE	8	0	0	0	0	0	3	0	1	0	0	0	0	0	0
Kyler Murray	QB	8	326	3	2	36	0	0	0	0	0	0	0	0	0	0
T.J. Hockenson	TE	8	0	0	0	0	0	80	0	3	0	0	0	0	0	0
Miles Sanders	RB	8	0	0	0	78	1	0	0	0	0	0	0	0	0	0
Josh Oliver	TE	8	0	0	0	0	0	4	0	1	0	0	0	0	0	0
Devin Singletary	RB	8	0	0	0	67	0	16	0	1	0	0	0	0	0	0
Trevon Wesco	TE	8	0	0	0	0	0	0	0	0	0	0	0	0	0	0
Tony Pollard	RB	8	0	0	0	131	3	16	0	1	0	0	0	0	0	0
Jarrett Stidham	QB	8	72	0	0	0	0	0	0	0	0	0	0	0	0	0
Gardner Minshew	QB	8	23	0	0	-1	0	0	0	0	0	0	0	0	0	0
Scott Miller	WR	8	0	0	0	0	0	13	0	2	0	0	0	0	0	0
Cullen Gillaspia	RB	8	0	0	0	0	0	0	0	0	0	0	0	0	0	0
Trenton Irwin	WR	8	0	0	0	0	0	27	0	2	0	0	0	0	0	0
Chris Myarick	TE	8	0	0	0	0	0	10	0	1	0	0	0	0	0	0
David Sills	WR	8	0	0	0	0	0	5	0	1	0	0	0	0	0	0
Greg Dortch	WR	8	0	0	0	0	0	12	0	2	0	0	0	0	0	0
Jeff Smith	WR	8	0	0	0	0	0	23	0	1	0	0	0	0	0	0
Darius Slayton	WR	8	0	0	0	0	0	66	0	5	0	0	0	0	0	0
Ty Johnson	RB	8	0	0	0	6	0	0	0	0	0	0	0	0	0	0
Jesper Horsted	TE	8	0	0	0	0	0	0	0	0	0	0	0	0	0	0
Craig Reynolds	RB	8	0	0	0	7	0	0	0	0	0	0	0	0	0	0
Parker Hesse	TE	8	0	0	0	0	0	9	0	1	0	0	0	0	0	0
Travis Homer	RB	8	0	0	0	10	0	21	0	1	0	0	0	0	0	0
N'Keal Harry	TE	8	0	0	0	0	0	24	1	2	0	0	0	0	0	0
D'Ernest Johnson	RB	8	0	0	0	17	0	0	0	0	0	0	0	0	0	0
Parris Campbell	WR	8	0	0	0	28	0	43	0	2	0	0	0	0	0	0
DK Metcalf	WR	8	0	0	0	0	0	55	1	6	0	0	0	0	0	0
Noah Fant	TE	8	0	0	0	0	0	19	0	2	0	0	0	0	0	0
Gunner Olszewski	WR	8	0	0	0	0	0	0	0	0	0	0	0	0	0	0
Damien Harris	RB	8	0	0	0	37	0	15	0	2	0	0	0	0	0	0
Terry McLaurin	WR	8	0	0	0	-7	0	113	0	6	0	0	0	0	0	0
Darrell Henderson	RB	8	0	0	0	16	0	14	0	2	0	0	0	0	0	0
A.J. Brown	WR	8	0	0	0	0	0	156	3	6	0	0	0	0	0	0
David Montgomery	RB	8	0	0	0	53	0	22	0	3	0	0	1	0	0	0
Dawson Knox	TE	8	0	0	0	0	0	10	1	2	0	0	0	0	0	0
Josh Jacobs	RB	8	0	0	0	43	0	11	0	2	0	0	0	0	0	0
Miles Boykin	WR	8	0	0	0	0	0	0	0	0	0	0	0	0	0	0
Daniel Jones	QB	8	176	0	0	20	0	0	0	0	0	0	0	0	0	0
Mitchell Wilcox	TE	8	0	0	0	0	0	3	0	1	0	0	0	0	0	0
JaMycal Hasty	RB	8	0	0	0	13	0	-3	0	3	0	0	0	0	0	0
James Robinson	RB	8	0	0	0	17	0	0	0	0	0	0	0	0	0	0
Giovanni Ricci	TE	8	0	0	0	0	0	0	0	0	0	0	0	0	0	0
Patrick Taylor	RB	8	0	0	0	0	0	0	0	0	0	0	0	0	0	0
Salvon Ahmed	RB	8	0	0	0	2	0	0	0	0	0	0	0	0	0	0
Juwan Johnson	TE	8	0	0	0	0	0	14	0	2	0	0	0	0	0	0
James Proche	WR	8	0	0	0	0	0	24	0	3	0	0	0	0	0	0
Lawrence Cager	TE	8	0	0	0	0	0	0	0	0	0	0	0	0	0	0
Nick Westbrook-Ikhine	WR	8	0	0	0	0	0	0	0	0	0	0	0	0	0	0
Gabe Davis	WR	8	0	0	0	0	0	35	0	2	0	0	0	0	0	0
Tua Tagovailoa	QB	8	382	3	0	19	0	0	0	0	0	0	0	0	0	0
Marquez Callaway	WR	8	0	0	0	0	0	10	0	1	0	0	0	0	0	0
Jonathan Taylor	RB	8	0	0	0	76	0	0	0	0	0	1	0	0	0	0
Donovan Peoples-Jones	WR	8	0	0	0	0	0	81	0	4	0	0	0	0	0	0
Colby Parkinson	TE	8	0	0	0	0	0	5	0	1	0	0	0	0	0	0
Michael Pittman	WR	8	0	0	0	0	0	53	0	7	0	0	0	0	0	0
Denzel Mims	WR	8	0	0	0	0	0	76	0	2	0	0	0	0	0	0
Brandon Aiyuk	WR	8	0	0	0	0	0	81	1	6	0	0	0	0	0	0
AJ Dillon	RB	8	0	0	0	54	0	9	0	1	0	0	0	0	0	0
Laviska Shenault Jr.	WR	8	0	0	0	0	0	26	0	5	0	0	0	0	0	0
Quez Watkins	WR	8	0	0	0	0	0	0	0	0	0	0	0	0	0	0
D'Andre Swift	RB	8	0	0	0	6	0	27	1	5	0	0	0	0	0	0
Cole Kmet	TE	8	0	0	0	0	0	11	1	2	0	0	0	0	0	0
Darnell Mooney	WR	8	0	0	0	0	0	70	0	5	0	0	0	0	0	0
Justin Jefferson	WR	8	0	0	0	0	0	98	0	6	0	0	0	0	0	0
Chase Claypool	WR	8	1	1	0	0	0	45	0	4	0	0	0	0	0	0
Antonio Gibson	RB	8	0	0	0	19	0	58	1	7	0	0	0	0	0	0
Devin Duvernay	WR	8	0	0	0	33	1	31	0	4	0	0	0	0	0	0
Josiah Deguara	TE	8	0	0	0	0	0	9	0	1	0	0	0	0	0	0
K.J. Osborn	WR	8	0	0	0	0	0	8	1	2	0	0	0	0	0	0
CeeDee Lamb	WR	8	0	0	0	1	0	77	1	5	0	0	0	0	0	0
Bryan Edwards	WR	8	0	0	0	0	0	3	0	1	0	0	0	0	0	0
Eno Benjamin	RB	8	0	0	0	22	0	23	0	4	0	0	0	0	0	0
Jalen Reagor	WR	8	0	0	0	0	0	0	0	0	0	0	0	0	0	0
Jalen Hurts	QB	8	285	4	0	10	0	0	0	0	0	0	0	0	0	0
Jerry Jeudy	WR	8	0	0	0	0	0	63	1	6	0	0	0	0	0	0
Tee Higgins	WR	8	0	0	0	0	0	49	1	3	0	0	0	0	0	0
KJ Hamler	WR	8	0	0	0	9	0	52	0	2	0	0	0	0	0	0
DeeJay Dallas	RB	8	0	0	0	0	0	0	0	0	0	0	0	0	0	0
Stephen Sullivan	TE	8	0	0	0	0	0	33	0	1	0	0	0	0	0	0
Joe Burrow	QB	8	232	2	1	2	0	0	0	0	1	0	0	0	0	0
Deon Jackson	RB	8	0	0	0	-4	0	0	0	0	0	0	0	0	0	0
DJ Turner	WR	8	0	0	0	0	0	0	0	0	0	0	0	0	0	0
Spencer Brown	RB	8	0	0	0	27	0	0	0	0	0	0	0	0	0	0
Rashod Bateman	WR	8	0	0	0	0	0	0	0	0	0	0	0	0	0	0
Brevin Jordan	TE	8	0	0	0	0	0	19	0	2	0	0	0	0	0	0
Gary Brightwell	RB	8	0	0	0	0	0	0	0	0	0	0	0	0	0	0
Shi Smith	WR	8	0	0	0	0	0	0	0	0	0	0	0	0	0	0
Jaylen Waddle	WR	8	0	0	0	0	0	106	2	8	0	0	0	0	0	0
Dee Eskridge	WR	8	0	0	0	0	0	3	0	1	0	0	0	0	0	0
John Bates	TE	8	0	0	0	0	0	6	0	1	0	0	0	0	0	0
Demetric Felton	RB	8	0	0	0	0	0	0	0	0	0	0	0	0	0	0
Dax Milne	WR	8	0	0	0	0	0	4	0	1	0	0	0	0	0	0
Jack Stoll	TE	8	0	0	0	0	0	0	0	0	0	0	0	0	0	0
Brock Wright	TE	8	0	0	0	0	0	6	0	1	0	0	0	0	0	0
Feleipe Franks	TE	8	0	0	0	0	0	0	0	0	0	0	0	0	0	0
Caleb Huntley	RB	8	0	0	0	91	0	0	0	0	0	0	0	0	0	0
Kene Nwangwu	RB	8	0	0	0	0	0	0	0	0	0	0	0	0	0	0
Chris Evans	RB	8	0	0	0	0	0	26	0	1	0	0	0	0	0	0
Ben Skowronek	WR	8	0	0	0	0	0	10	0	1	0	0	0	0	0	0
Rhamondre Stevenson	RB	8	0	0	0	71	0	72	0	7	0	0	0	0	0	0
Kylen Granson	TE	8	0	0	0	0	0	11	0	3	0	0	0	0	0	0
Jaelon Darden	WR	8	0	0	0	0	0	0	0	0	0	0	0	0	0	0
Sam Ehlinger	QB	8	201	0	0	15	0	0	0	0	1	0	0	0	0	0
Najee Harris	RB	8	4	0	0	32	0	26	0	6	0	0	0	0	0	0
Pat Freiermuth	TE	8	0	0	0	0	0	57	0	4	0	0	0	0	0	0
Davis Mills	QB	8	152	1	1	8	0	0	0	0	0	0	0	0	0	0
Khalil Herbert	RB	8	0	0	0	99	1	0	0	0	0	0	0	0	0	0
DeVonta Smith	WR	8	0	0	0	0	0	23	0	5	0	0	0	0	0	0
Kenny Gainwell	RB	8	0	0	0	3	0	8	0	1	0	0	0	0	0	0
Michael Carter	RB	8	0	0	0	26	0	35	0	4	0	0	0	0	0	0
Rondale Moore	WR	8	0	0	0	12	0	92	1	7	0	0	0	0	0	0
Justin Fields	QB	8	151	2	0	60	1	0	0	0	0	0	0	0	0	0
Avery Williams	RB	8	0	0	0	0	0	7	0	2	0	0	0	0	0	0
Terrace Marshall Jr.	WR	8	0	0	0	0	0	87	0	4	0	0	0	0	0	0
Amon-Ra St. Brown	WR	8	0	0	0	0	0	69	0	7	0	0	0	0	0	0
Kyle Pitts	TE	8	0	0	0	0	0	80	1	5	0	0	0	0	0	0
Trevor Lawrence	QB	8	133	1	2	15	0	0	0	0	0	0	0	0	0	0
Mac Jones	QB	8	194	1	1	19	0	0	0	0	0	0	0	0	0	0
Travis Etienne	RB	8	0	0	0	156	1	6	0	3	0	0	0	0	0	0
Elijah Moore	WR	8	0	0	0	0	0	0	0	0	0	0	0	0	0	0
Amari Rodgers	WR	8	0	0	0	0	0	22	0	1	0	0	0	0	0	0
Tommy Tremble	TE	8	0	0	0	0	0	17	0	2	0	0	0	0	0	0
Zach Wilson	QB	8	355	2	3	2	0	0	0	0	0	0	0	0	0	0
Trestan Ebner	RB	8	0	0	0	-5	0	0	0	0	0	0	0	0	0	0
Dareke Young	WR	8	0	0	0	0	0	0	0	0	0	0	0	0	0	0
Samori Toure	WR	8	0	0	0	0	0	37	1	1	0	0	0	0	0	0
Britain Covey	WR	8	0	0	0	0	0	0	0	0	0	0	0	0	0	0
Armani Rogers	TE	8	0	0	0	0	0	13	0	1	0	0	0	0	0	0
Jaylen Warren	RB	8	0	0	0	50	0	25	0	3	0	0	0	0	0	0
Drake London	WR	8	0	0	0	0	0	31	0	4	0	0	0	0	0	0
Chris Olave	WR	8	0	0	0	0	0	52	0	5	0	0	0	0	0	0
George Pickens	WR	8	0	0	0	0	0	0	0	0	0	0	0	0	0	0
James Cook	RB	8	0	0	0	35	0	41	0	1	0	0	0	0	0	0
Greg Dulcich	TE	8	0	0	0	0	0	87	0	4	0	0	0	0	0	0
Rachaad White	RB	8	0	0	0	19	0	24	0	3	0	0	0	0	0	0
David Bell	WR	8	0	0	0	0	0	27	0	2	0	0	0	0	0	0
Dameon Pierce	RB	8	0	0	0	35	0	16	1	3	0	0	0	0	0	0
Khalil Shakir	WR	8	0	0	0	0	0	0	0	0	0	0	0	0	0	0
Tyler Allgeier	RB	8	0	0	0	39	0	46	1	3	0	0	0	0	0	0
Montrell Washington	WR	8	0	0	0	0	0	1	0	1	0	0	0	0	0	0
James Mitchell	TE	8	0	0	0	0	0	14	0	1	0	0	0	0	0	0
Keaontay Ingram	RB	8	0	0	0	0	0	0	0	0	0	0	0	0	0	0
Mike Woods	WR	8	0	0	0	0	0	6	0	1	0	0	0	0	0	0
Ko Kieft	TE	8	0	0	0	0	0	9	0	1	0	0	0	0	0	0
Braylon Sanders	WR	8	0	0	0	0	0	17	0	2	0	0	1	0	0	0
Raheem Blackshear	RB	8	0	0	0	1	0	0	0	0	0	0	0	0	0	0
Troy Hairston	RB	8	0	0	0	0	0	7	0	2	0	0	0	0	0	0
Rashid Shaheed	WR	8	0	0	0	0	0	38	0	3	0	0	0	0	0	0
Ronnie Rivers	RB	8	0	0	0	21	0	15	0	4	0	0	0	0	0	0
Malik Davis	RB	8	0	0	0	23	0	18	0	2	0	0	0	0	0	0
Peyton Hendershot	TE	8	0	0	0	0	0	15	0	2	0	0	0	0	0	0
Hassan Haskins	RB	8	0	0	0	0	0	0	0	0	0	0	0	0	0	0
Alec Pierce	WR	8	0	0	0	0	0	65	0	3	0	0	0	0	0	0
Maurice Alexander	WR	8	0	0	0	0	0	7	0	1	0	0	0	0	0	0
Garrett Wilson	WR	8	0	0	0	0	0	115	0	6	0	0	0	0	0	0
Trey McBride	TE	8	0	0	0	0	0	0	0	0	0	0	0	0	0	0
Velus Jones Jr.	WR	8	0	0	0	33	0	5	0	1	0	0	0	0	0	0
Brian Robinson	RB	8	0	0	0	20	0	0	0	0	0	0	0	0	0	0
KaVontae Turpin	WR	8	0	0	0	11	0	0	0	0	0	0	0	0	0	0
Chig Okonkwo	TE	8	0	0	0	0	0	3	0	1	0	0	0	0	0	0
Romeo Doubs	WR	8	0	0	0	0	0	62	1	4	0	0	0	0	0	0
Isaiah Likely	TE	8	0	0	0	0	0	77	1	6	0	0	0	0	0	0
Jake Ferguson	TE	8	0	0	0	0	0	1	1	1	0	0	0	0	0	0
Pierre Strong	RB	8	0	0	0	0	0	0	0	0	0	0	0	0	0	0
Kenny Pickett	QB	8	191	0	1	37	0	0	0	0	1	0	0	0	0	0
Tyquan Thornton	WR	8	0	0	0	0	0	13	0	1	0	0	0	0	0	0
Wan'Dale Robinson	WR	8	0	0	0	0	0	15	0	2	0	0	0	0	0	0
Christian Watson	WR	8	0	0	0	0	0	12	0	1	0	0	0	0	0	0
Malik Willis	QB	8	55	0	1	12	0	0	0	0	0	0	0	0	0	0
Cade Otton	TE	8	0	0	0	0	0	15	0	2	0	0	0	0	0	0
Kenneth Walker III	RB	8	0	0	0	51	1	1	0	1	0	0	0	0	0	0
Tom Brady	QB	9	280	1	0	0	0	0	0	0	0	0	0	0	0	0
Aaron Rodgers	QB	9	291	1	3	40	0	0	0	0	0	0	0	0	0	0
Marcedes Lewis	TE	9	0	0	0	0	0	19	0	1	0	0	0	0	0	0
DeSean Jackson	WR	9	0	0	0	0	0	16	0	1	0	0	0	0	0	0
Matthew Slater	WR	9	0	0	0	0	0	0	0	0	0	0	0	0	0	0
Matthew Stafford	QB	9	165	1	0	-1	0	0	0	0	0	0	0	0	0	0
Julio Jones	WR	9	0	0	0	0	0	28	0	2	0	0	0	0	0	0
Andy Dalton	QB	9	210	1	1	5	0	0	0	0	0	0	0	0	0	0
Brandon Bolden	RB	9	0	0	0	5	0	0	0	0	0	0	0	0	0	0
Marvin Jones	WR	9	0	0	0	0	0	48	0	5	0	0	0	0	0	0
Kirk Cousins	QB	9	265	2	1	-2	0	0	0	0	0	0	0	0	0	0
Adam Thielen	WR	9	0	0	0	0	0	67	0	3	0	0	0	0	0	0
Zach Ertz	TE	9	0	0	0	0	0	40	1	5	0	0	0	0	0	0
Rex Burkhead	RB	9	0	0	0	9	0	6	0	1	0	0	0	0	0	0
Robert Woods	WR	9	0	0	0	0	0	0	0	0	0	0	0	0	0	0
Travis Kelce	TE	9	0	0	0	0	0	106	0	10	0	0	0	0	0	0
DeAndre Hopkins	WR	9	0	0	0	0	0	36	1	4	0	0	0	0	0	0
Geno Smith	QB	9	275	2	1	38	0	0	0	0	0	0	0	0	0	0
Cordarrelle Patterson	RB	9	0	0	0	44	2	9	0	1	0	0	0	0	0	0
Logan Thomas	TE	9	0	0	0	0	0	0	0	0	0	0	0	0	0	0
Derek Carr	QB	9	259	2	0	0	0	0	0	0	0	0	0	0	0	0
Sammy Watkins	WR	9	0	0	0	0	0	9	0	1	0	0	0	0	0	0
Jerick McKinnon	RB	9	0	0	0	4	0	40	0	6	0	0	0	0	0	0
Davante Adams	WR	9	0	0	0	0	0	146	2	10	0	0	0	0	0	0
Richard Rodgers	TE	9	0	0	0	0	0	0	0	0	0	0	0	0	0	0
Mike Evans	WR	9	0	0	0	0	0	40	0	5	0	0	0	0	0	0
Allen Robinson	WR	9	0	0	0	0	0	24	0	3	0	0	0	0	0	0
Chris Manhertz	TE	9	0	0	0	0	0	7	0	1	0	0	0	0	0	0
Kevin White	WR	9	0	0	0	0	0	10	0	1	0	0	0	0	0	0
MyCole Pruitt	TE	9	0	0	0	0	0	6	0	1	0	0	0	0	0	0
Stefon Diggs	WR	9	0	0	0	0	0	93	0	5	0	0	0	0	0	0
Raheem Mostert	RB	9	0	0	0	26	1	0	0	0	0	0	0	0	0	0
DeAndre Carter	WR	9	0	0	0	0	0	53	0	5	0	0	0	0	0	0
Jake Kumerow	WR	9	0	0	0	0	0	0	0	0	0	0	0	0	0	0
Taylor Heinicke	QB	9	149	2	1	17	0	0	0	0	0	0	0	0	0	0
Malcolm Brown	RB	9	0	0	0	9	0	10	0	1	0	0	0	0	0	0
Damiere Byrd	WR	9	0	0	0	0	0	0	0	0	0	0	0	0	0	0
Breshad Perriman	WR	9	0	0	0	0	0	1	0	1	0	0	0	0	0	0
Mike Davis	RB	9	0	0	0	0	0	7	0	1	0	0	0	0	0	0
Ameer Abdullah	RB	9	0	0	0	0	0	8	0	1	0	0	0	0	0	0
Chris Conley	WR	9	0	0	0	0	0	0	0	0	0	0	0	0	0	0
C.J. Uzomah	TE	9	0	0	0	0	0	16	0	3	0	0	0	0	0	0
Phillip Dorsett	WR	9	0	0	0	0	0	69	0	3	0	0	0	0	0	0
Tyler Lockett	WR	9	0	0	0	0	0	67	1	5	0	0	0	0	0	0
Marcus Mariota	QB	9	129	0	0	24	0	0	0	0	0	0	0	0	0	0
Austin Hooper	TE	9	0	0	0	0	0	34	0	2	0	0	0	0	0	0
Chris Moore	WR	9	0	0	0	2	0	43	1	4	0	0	0	0	0	0
Brandon Allen	QB	9	22	0	0	-1	0	0	0	0	0	0	0	0	0	0
Dwayne Washington	RB	9	0	0	0	7	0	7	0	1	0	0	0	0	0	0
Kalif Raymond	WR	9	0	0	0	0	0	17	0	3	0	0	0	0	0	0
Robbie Chosen	WR	9	0	0	0	0	0	-4	0	1	0	0	0	0	0	0
Derrick Henry	RB	9	0	0	0	115	2	0	0	0	0	0	0	0	0	0
Demarcus Robinson	WR	9	0	0	0	0	0	12	0	1	0	0	0	0	0	0
Tyler Boyd	WR	9	0	0	0	0	0	44	0	5	0	0	0	0	0	0
Tyreek Hill	WR	9	0	0	0	0	0	143	1	7	0	0	0	0	0	0
Hunter Henry	TE	9	0	0	0	0	0	50	0	4	0	0	0	0	0	0
Jared Goff	QB	9	137	2	1	-1	0	0	0	0	0	0	0	0	0	0
Tyler Higbee	TE	9	0	0	0	0	0	0	0	0	0	0	0	0	0	0
Mike Thomas	WR	9	0	0	0	0	0	0	0	0	0	0	0	0	0	0
Kenyan Drake	RB	9	0	0	0	93	2	16	0	2	0	0	0	0	0	0
Mo Alie-Cox	TE	9	0	0	0	0	0	13	0	2	0	0	0	0	0	0
Johnny Mundt	TE	9	0	0	0	0	0	1	0	1	0	0	0	0	0	0
Zach Pascal	WR	9	0	0	0	0	0	8	0	1	0	0	0	0	0	0
PJ Walker	QB	9	9	0	2	6	0	0	0	0	0	0	0	0	0	0
Curtis Samuel	WR	9	0	0	0	16	0	65	1	3	0	0	0	0	0	0
Trent Taylor	WR	9	0	0	0	18	0	14	0	2	0	0	0	0	0	0
Aaron Jones	RB	9	0	0	0	25	0	20	0	2	0	0	0	0	0	0
Kendrick Bourne	WR	9	0	0	0	1	0	11	0	3	0	0	0	0	0	0
Nick Mullens	QB	9	-3	0	0	0	0	0	0	0	0	0	0	0	0	0
Taysom Hill	TE	9	13	0	0	6	0	0	0	0	0	0	0	0	0	0
Patrick Ricard	RB	9	0	0	0	2	0	4	0	1	0	0	0	0	0	0
Cody Hollister	WR	9	0	0	0	0	0	0	0	0	0	0	0	0	0	0
Isaiah McKenzie	WR	9	0	0	0	9	0	12	0	2	0	0	0	0	0	0
Marcus Kemp	WR	9	0	0	0	0	0	0	0	0	0	0	0	0	0	0
Samaje Perine	RB	9	0	0	0	51	0	3	0	1	0	0	0	0	0	0
James Conner	RB	9	0	0	0	45	0	19	0	5	0	0	0	0	0	0
Mack Hollins	WR	9	0	0	0	0	0	17	0	2	0	0	0	0	0	0
Jamal Agnew	WR	9	0	0	0	0	0	0	0	0	0	0	0	0	0	0
Austin Ekeler	RB	9	0	0	0	47	1	24	1	7	0	1	0	0	0	0
Robert Tonyan	TE	9	0	0	0	0	0	29	0	3	0	0	0	0	0	0
Dare Ogunbowale	RB	9	0	0	0	0	0	0	0	0	0	0	0	0	0	0
Leonard Fournette	RB	9	0	0	0	19	0	41	0	5	0	0	0	0	0	0
JuJu Smith-Schuster	WR	9	0	0	0	0	0	88	0	10	0	0	0	0	0	0
Jonnu Smith	TE	9	0	0	0	0	0	21	0	3	0	0	0	0	0	0
Patrick Mahomes	QB	9	446	1	1	63	1	0	0	0	0	0	0	0	1	0
O.J. Howard	TE	9	0	0	0	0	0	14	0	1	0	0	0	0	0	0
Evan Engram	TE	9	0	0	0	0	0	8	0	1	0	0	0	0	0	0
Zay Jones	WR	9	0	0	0	0	0	40	0	5	0	0	0	0	0	0
Dalvin Cook	RB	9	0	0	0	47	0	9	1	2	0	0	0	0	0	0
Gerald Everett	TE	9	0	0	0	0	0	36	0	5	0	0	0	0	0	0
Joe Mixon	RB	9	0	0	0	153	4	58	1	4	0	0	0	0	0	0
Alvin Kamara	RB	9	0	0	0	30	0	32	0	3	0	0	0	0	0	0
Cooper Kupp	WR	9	0	0	0	1	0	127	1	8	0	0	0	0	0	0
Chris Godwin Jr.	WR	9	0	0	0	1	0	36	0	7	0	0	0	0	0	0
D'Onta Foreman	RB	9	0	0	0	23	0	-2	0	2	0	0	0	0	0	0
Jamaal Williams	RB	9	0	0	0	81	0	0	0	0	0	0	0	0	1	0
Dan Arnold	TE	9	0	0	0	0	0	19	0	1	0	0	0	0	0	0
Brandon Zylstra	WR	9	0	0	0	0	0	0	0	0	0	0	0	0	0	0
Cam Sims	WR	9	0	0	0	0	0	12	0	1	0	0	0	0	0	0
Phillip Lindsay	RB	9	0	0	0	2	0	0	0	0	0	0	0	0	0	0
Jeff Wilson	RB	9	0	0	0	51	0	21	1	3	0	0	0	0	0	0
Will Dissly	TE	9	0	0	0	0	0	24	0	3	0	0	0	0	0	0
Dontrell Hilliard	RB	9	0	0	0	12	0	-4	0	1	0	0	0	0	0	0
Tyler Conklin	TE	9	0	0	0	0	0	7	0	1	0	0	0	0	0	0
Marquez Valdes-Scantling	WR	9	0	0	0	0	0	12	0	1	0	0	0	0	0	0
Equanimeous St. Brown	WR	9	0	0	0	0	0	0	0	0	0	0	0	0	0	0
Dallas Goedert	TE	9	0	0	0	0	0	100	1	8	0	0	0	0	0	0
Jordan Akins	TE	9	0	0	0	0	0	0	0	0	0	0	0	0	0	0
Keke Coutee	WR	9	0	0	0	0	0	0	0	0	0	0	0	0	0	0
Nyheim Hines	RB	9	0	0	0	0	0	0	0	0	0	0	0	0	0	0
Justin Watson	WR	9	0	0	0	0	0	37	0	2	0	0	0	0	0	0
Jordan Wilkins	RB	9	0	0	0	13	0	15	0	4	0	0	0	0	0	0
Boston Scott	RB	9	0	0	0	5	0	0	0	0	0	0	0	0	0	0
Cedrick Wilson Jr.	WR	9	0	0	0	0	0	23	0	2	0	0	0	0	0	0
Braxton Berrios	WR	9	0	0	0	0	0	6	0	1	0	0	0	0	0	0
Justin Jackson	RB	9	0	0	0	27	0	0	0	0	0	0	0	0	0	0
Trent Sherfield	WR	9	0	0	0	0	0	27	0	3	0	0	0	0	0	0
Allen Lazard	WR	9	0	0	0	0	0	87	1	4	0	0	0	0	0	0
Brandon Powell	WR	9	0	0	0	0	0	4	0	1	0	0	0	0	0	0
Tre'Quan Smith	WR	9	0	0	0	0	0	29	0	3	0	0	0	0	0	0
Christian Kirk	WR	9	0	0	0	0	0	76	1	8	0	0	0	0	0	0
Lamar Jackson	QB	9	133	1	0	82	0	0	0	0	0	0	0	0	0	0
Durham Smythe	TE	9	0	0	0	0	0	0	0	0	0	0	0	0	0	0
DJ Moore	WR	9	0	0	0	0	0	24	0	2	0	0	0	0	0	0
Mike Gesicki	TE	9	0	0	0	0	0	3	0	1	0	0	0	0	0	0
Hayden Hurst	TE	9	0	0	0	0	0	35	0	5	0	0	0	0	0	0
Sony Michel	RB	9	0	0	0	12	0	0	0	0	0	0	0	0	0	0
KhaDarel Hodge	WR	9	0	0	0	0	0	19	0	1	0	0	0	0	0	0
Baker Mayfield	QB	9	155	2	0	0	0	0	0	0	0	0	0	0	0	0
Josh Allen	QB	9	205	0	2	86	2	0	0	0	0	0	0	0	0	0
Dante Pettis	WR	9	0	0	0	0	0	12	0	1	0	0	0	0	0	0
Jakobi Meyers	WR	9	0	0	0	2	0	42	0	5	0	0	1	0	0	0
Alexander Mattison	RB	9	0	0	0	1	0	0	0	1	0	0	0	0	0	0
Justice Hill	RB	9	0	0	0	11	0	8	0	1	0	0	0	0	0	0
Foster Moreau	TE	9	0	0	0	2	0	42	0	2	0	0	0	0	0	0
Hunter Renfrow	WR	9	0	0	0	0	0	26	0	3	0	0	0	0	0	0
Mecole Hardman	WR	9	0	0	0	0	0	79	1	6	0	0	0	0	0	0
Olamide Zaccheaus	WR	9	0	0	0	0	0	19	0	2	0	0	0	0	0	0
Kyler Murray	QB	9	175	2	0	60	0	0	0	0	0	1	0	0	0	0
T.J. Hockenson	TE	9	0	0	0	0	0	70	0	9	0	0	0	0	0	0
Miles Sanders	RB	9	0	0	0	93	1	0	0	0	0	0	0	0	0	0
Josh Oliver	TE	9	0	0	0	0	0	19	0	1	0	0	0	0	0	0
Devin Singletary	RB	9	0	0	0	24	0	24	0	4	0	0	0	0	0	0
Trevon Wesco	TE	9	0	0	0	0	0	0	0	0	0	0	0	0	0	1
Scott Miller	WR	9	0	0	0	0	0	53	0	7	0	0	0	0	0	0
Cullen Gillaspia	RB	9	0	0	0	0	0	0	0	0	0	0	0	0	0	0
Trenton Irwin	WR	9	0	0	0	11	0	14	0	1	0	0	0	0	0	0
Stanley Morgan	WR	9	0	0	0	0	0	0	0	0	0	0	0	0	0	0
Tyron Johnson	WR	9	0	0	0	0	0	8	0	1	0	0	0	0	0	0
Greg Dortch	WR	9	0	0	0	3	0	0	0	1	0	0	0	0	0	0
Jeff Smith	WR	9	0	0	0	0	0	6	0	1	0	0	0	0	0	0
Ty Johnson	RB	9	0	0	0	17	0	0	0	0	0	0	0	0	0	0
Tom Kennedy	WR	9	0	0	0	0	0	16	0	1	0	0	0	0	0	0
Travis Homer	RB	9	0	0	0	7	0	25	0	3	0	0	0	0	0	0
N'Keal Harry	TE	9	0	0	0	0	0	6	0	1	0	0	0	0	0	0
Parris Campbell	WR	9	0	0	0	1	0	15	0	2	0	0	0	0	0	0
DK Metcalf	WR	9	0	0	0	0	0	37	1	5	0	0	0	0	0	0
Noah Fant	TE	9	0	0	0	0	0	96	0	5	0	0	0	0	0	0
Terry McLaurin	WR	9	0	0	0	0	0	56	0	5	0	0	0	0	0	0
Darrell Henderson	RB	9	0	0	0	56	0	0	0	0	0	0	0	0	0	0
A.J. Brown	WR	9	0	0	0	0	0	59	1	4	0	0	0	0	0	0
David Montgomery	RB	9	0	0	0	36	0	8	0	1	0	0	0	0	0	0
Dawson Knox	TE	9	0	0	0	0	0	25	0	3	0	0	0	0	0	0
Josh Jacobs	RB	9	0	0	0	67	0	20	0	3	0	0	0	0	0	0
Jakob Johnson	RB	9	0	0	0	0	0	0	0	0	0	0	0	0	0	0
JaMycal Hasty	RB	9	0	0	0	6	0	5	0	1	0	0	0	0	0	0
Ben Victor	WR	9	0	0	0	0	0	0	0	0	0	0	0	0	0	0
James Robinson	RB	9	0	0	0	48	0	5	1	2	0	0	0	0	0	0
Giovanni Ricci	TE	9	0	0	0	0	0	8	0	1	0	0	0	0	0	0
Dan Chisena	WR	9	0	0	0	0	0	0	0	0	0	0	0	0	0	0
Juwan Johnson	TE	9	0	0	0	0	0	42	1	2	0	0	0	0	0	0
J.J. Taylor	RB	9	0	0	0	9	0	8	0	1	0	0	0	0	0	0
James Proche	WR	9	0	0	0	0	0	22	0	2	0	0	0	0	0	0
Nick Westbrook-Ikhine	WR	9	0	0	0	0	0	0	0	0	0	0	0	0	0	0
Devin Asiasi	TE	9	0	0	0	0	0	0	0	0	0	0	0	0	0	0
Gabe Davis	WR	9	0	0	0	0	0	33	0	2	0	0	0	0	0	0
Tua Tagovailoa	QB	9	302	3	0	0	0	0	0	0	0	0	0	0	0	0
Marquez Callaway	WR	9	0	0	0	0	0	24	0	3	0	0	0	0	0	0
Colby Parkinson	TE	9	0	0	0	0	0	6	0	2	0	0	0	0	0	0
Michael Pittman	WR	9	0	0	0	0	0	22	0	3	0	0	0	0	0	0
Denzel Mims	WR	9	0	0	0	0	0	12	0	1	0	0	0	0	0	0
AJ Dillon	RB	9	0	0	0	34	0	10	0	2	0	0	0	0	0	0
Laviska Shenault Jr.	WR	9	0	0	0	6	0	0	0	0	0	0	0	0	0	0
Quez Watkins	WR	9	0	0	0	0	0	25	0	2	0	0	0	0	0	0
D'Andre Swift	RB	9	0	0	0	10	0	40	0	3	0	0	0	0	0	0
Cole Kmet	TE	9	0	0	0	9	0	41	2	5	0	0	0	0	0	0
Darnell Mooney	WR	9	0	0	0	2	0	43	1	7	0	0	0	0	0	0
Justin Jefferson	WR	9	0	0	0	10	0	115	1	7	0	0	0	0	0	0
Chase Claypool	WR	9	0	0	0	4	0	13	0	2	0	0	0	0	0	0
Antonio Gibson	RB	9	0	0	0	36	0	11	0	2	0	0	0	0	0	0
Devin Duvernay	WR	9	0	0	0	0	0	5	0	1	0	0	0	0	0	0
Josiah Deguara	TE	9	0	0	0	0	0	41	0	5	0	0	0	0	0	0
K.J. Osborn	WR	9	0	0	0	0	0	0	0	0	0	0	0	0	0	0
Justin Herbert	QB	9	245	1	1	3	0	0	0	0	0	0	0	0	0	0
Clyde Edwards-Helaire	RB	9	0	0	0	5	0	14	0	1	0	0	0	0	0	0
Eno Benjamin	RB	9	0	0	0	12	0	15	0	1	0	0	0	0	0	0
Jalen Reagor	WR	9	0	0	0	0	0	0	0	0	0	0	0	0	0	0
Jalen Hurts	QB	9	243	2	0	23	0	0	0	0	1	0	0	0	1	0
Tee Higgins	WR	9	0	0	0	0	0	60	0	7	0	0	0	0	0	0
Cam Akers	RB	9	0	0	0	3	0	0	0	0	0	0	0	0	0	0
Van Jefferson	WR	9	0	0	0	0	0	0	0	0	0	0	0	0	0	0
Adam Trautman	TE	9	0	0	0	0	0	8	0	1	0	0	0	0	0	0
Brycen Hopkins	TE	9	0	0	0	0	0	0	0	0	0	0	0	0	0	0
DeeJay Dallas	RB	9	0	0	0	4	0	0	0	0	0	0	0	0	0	0
Joe Burrow	QB	9	206	1	0	9	1	0	0	0	0	0	0	0	0	0
Ke'Shawn Vaughn	RB	9	0	0	0	4	0	0	0	0	0	0	0	0	0	0
Deon Jackson	RB	9	0	0	0	23	0	13	0	2	0	0	0	0	0	0
DJ Turner	WR	9	0	0	0	0	0	0	0	0	0	0	0	0	0	0
Shane Zylstra	TE	9	0	0	0	0	0	1	1	1	0	0	0	0	0	0
Spencer Brown	RB	9	0	0	0	16	0	10	0	2	0	0	0	0	0	0
Brevin Jordan	TE	9	0	0	0	0	0	5	0	1	0	0	0	0	0	0
Shi Smith	WR	9	0	0	0	0	0	20	0	1	0	0	0	0	0	0
Jaylen Waddle	WR	9	0	0	0	0	0	85	1	5	0	0	0	0	0	0
Dee Eskridge	WR	9	0	0	0	0	0	0	0	0	0	0	0	0	0	0
Dyami Brown	WR	9	0	0	0	0	0	0	0	0	0	0	0	0	0	0
John Bates	TE	9	0	0	0	0	0	5	0	1	0	0	0	0	0	0
Noah Gray	TE	9	0	0	0	0	0	45	0	3	0	0	0	0	0	0
Kylin Hill	RB	9	0	0	0	7	0	0	0	0	0	0	0	0	0	0
Dax Milne	WR	9	0	0	0	0	0	6	1	1	0	0	0	0	0	0
Jack Stoll	TE	9	0	0	0	0	0	13	0	1	0	0	0	0	0	0
Brock Wright	TE	9	0	0	0	0	0	0	0	0	0	0	0	0	0	0
Caleb Huntley	RB	9	0	0	0	34	0	0	0	0	0	0	0	0	0	0
Kene Nwangwu	RB	9	0	0	0	0	0	0	0	0	0	0	0	0	0	0
Chris Evans	RB	9	0	0	0	0	0	0	0	0	0	0	0	0	0	0
Jalen Camp	WR	9	0	0	0	0	0	7	0	1	0	0	0	0	0	0
Ben Skowronek	WR	9	0	0	0	0	0	0	0	0	0	0	0	0	0	0
Rhamondre Stevenson	RB	9	0	0	0	60	0	10	1	3	0	0	0	0	0	0
Kylen Granson	TE	9	0	0	0	0	0	0	0	0	0	0	0	0	0	0
Jaelon Darden	WR	9	0	0	0	0	0	0	0	0	0	0	0	0	0	0
Sam Ehlinger	QB	9	103	0	1	39	0	0	0	0	0	0	0	0	0	0
Luke Farrell	TE	9	0	0	0	0	0	15	0	1	0	0	0	0	0	0
Davis Mills	QB	9	154	2	2	18	0	0	0	0	0	0	0	0	0	0
Khalil Herbert	RB	9	0	0	0	23	0	0	0	0	0	0	0	0	0	0
DeVonta Smith	WR	9	0	0	0	0	0	22	0	2	0	0	0	0	0	0
Kadarius Toney	WR	9	0	0	0	0	0	12	0	2	0	0	0	0	0	0
Kenny Gainwell	RB	9	0	0	0	22	1	16	0	3	0	0	0	0	0	0
Michael Carter	RB	9	0	0	0	76	1	10	0	1	0	0	0	0	0	0
Rondale Moore	WR	9	0	0	0	0	0	69	0	8	0	0	0	0	0	0
Justin Fields	QB	9	123	3	0	178	1	0	0	0	0	0	0	1	0	0
Avery Williams	RB	9	0	0	0	0	0	2	0	1	0	0	0	0	0	0
Terrace Marshall Jr.	WR	9	0	0	0	0	0	53	1	3	0	0	0	0	0	0
Michael Bandy	WR	9	0	0	0	0	0	26	0	5	0	0	0	0	0	0
Amon-Ra St. Brown	WR	9	0	0	0	0	0	55	0	4	0	0	0	0	0	0
Kyle Pitts	TE	9	0	0	0	0	0	27	0	2	0	0	0	0	0	0
Trevor Lawrence	QB	9	235	1	0	53	0	0	0	0	0	1	0	0	0	0
Mac Jones	QB	9	147	1	0	-2	0	0	0	0	0	0	0	0	0	0
Travis Etienne	RB	9	0	0	0	109	2	17	0	2	0	0	0	0	0	0
Josh Palmer	WR	9	0	0	0	0	0	106	0	8	0	0	0	0	0	0
Amari Rodgers	WR	9	0	0	0	0	0	0	0	0	0	0	0	0	0	0
Tommy Tremble	TE	9	0	0	0	0	0	11	1	2	0	0	0	0	0	0
Zach Wilson	QB	9	154	1	0	24	0	0	0	0	1	0	0	0	0	0
Dareke Young	WR	9	0	0	0	0	0	0	0	0	0	0	0	0	0	0
Samori Toure	WR	9	0	0	0	0	0	34	0	2	0	0	0	0	0	0
Britain Covey	WR	9	0	0	0	0	0	0	0	0	0	0	0	0	0	0
Armani Rogers	TE	9	0	0	0	24	0	0	0	0	0	0	0	0	0	0
Isiah Pacheco	RB	9	0	0	0	5	0	4	0	1	0	0	0	0	0	0
Drake London	WR	9	0	0	0	0	0	23	0	3	0	0	1	0	0	0
Chris Olave	WR	9	0	0	0	0	0	71	0	6	0	0	0	0	0	0
James Cook	RB	9	0	0	0	15	0	18	0	2	0	0	0	0	0	0
Rachaad White	RB	9	0	0	0	27	0	7	0	3	0	0	0	0	0	0
Dameon Pierce	RB	9	0	0	0	139	0	0	0	0	0	0	0	0	0	0
Tyler Allgeier	RB	9	0	0	0	99	0	24	0	1	0	0	0	0	0	0
Teagan Quitoriano	TE	9	0	0	0	0	0	2	1	1	0	0	0	0	0	0
James Mitchell	TE	9	0	0	0	0	0	8	1	2	0	0	0	0	0	0
Keaontay Ingram	RB	9	0	0	0	2	0	0	0	0	0	0	0	0	0	0
Ko Kieft	TE	9	0	0	0	0	0	6	0	1	0	0	0	0	0	0
Raheem Blackshear	RB	9	0	0	0	13	1	40	0	4	0	0	0	0	0	0
Troy Hairston	RB	9	0	0	0	0	0	0	0	0	0	0	0	0	0	0
Rashid Shaheed	WR	9	0	0	0	0	0	0	0	0	0	0	0	0	0	0
Hassan Haskins	RB	9	0	0	0	5	0	2	0	1	0	0	0	0	0	0
Alec Pierce	WR	9	0	0	0	0	0	23	0	1	0	0	0	0	0	0
Garrett Wilson	WR	9	0	0	0	7	0	92	0	8	0	0	0	0	0	0
Brian Robinson	RB	9	0	0	0	44	0	-6	0	2	0	0	0	0	0	0
Jelani Woods	TE	9	0	0	0	0	0	2	0	1	0	0	0	0	0	0
Chig Okonkwo	TE	9	0	0	0	0	0	48	0	1	0	0	0	0	0	0
Romeo Doubs	WR	9	0	0	0	0	0	18	0	1	0	0	0	0	0	0
Isaiah Likely	TE	9	0	0	0	0	0	24	1	1	0	0	0	0	0	0
Zamir White	RB	9	0	0	0	-1	0	0	0	0	0	0	0	0	0	0
Isaiah Spiller	RB	9	0	0	0	29	0	0	0	0	0	0	0	0	0	0
Skyy Moore	WR	9	0	0	0	0	0	0	0	0	0	0	0	0	0	0
Pierre Strong	RB	9	0	0	0	0	0	0	0	0	0	0	0	0	0	0
Tyquan Thornton	WR	9	0	0	0	0	0	5	0	1	0	0	0	0	0	0
Christian Watson	WR	9	0	0	0	0	0	24	0	2	0	0	0	0	0	0
Malik Willis	QB	9	80	0	0	40	0	0	0	0	0	0	0	0	0	0
Cade Otton	TE	9	0	0	0	0	0	68	1	5	0	0	0	0	0	0
Kenneth Walker III	RB	9	0	0	0	109	2	20	0	3	0	0	0	0	0	0
Tom Brady	QB	10	258	2	1	-3	0	0	0	0	0	0	0	0	0	0
Aaron Rodgers	QB	10	224	3	0	4	0	0	0	0	1	0	0	0	0	0
Marcedes Lewis	TE	10	0	0	0	0	0	-1	0	1	0	0	0	0	0	0
Matt Ryan	QB	10	222	1	0	38	1	0	0	0	0	0	0	0	0	0
Chase Daniel	QB	10	0	0	0	0	0	0	0	0	0	0	0	0	0	0
Colt McCoy	QB	10	238	1	0	4	0	0	0	0	0	0	0	0	0	0
A.J. Green	WR	10	0	0	0	0	0	10	1	2	0	0	0	0	0	0
Julio Jones	WR	10	0	0	0	0	0	53	1	3	0	0	0	0	0	0
Andy Dalton	QB	10	174	1	2	1	0	0	0	0	0	0	0	0	0	0
Russell Wilson	QB	10	286	1	1	8	0	0	0	0	0	0	0	0	0	0
Marvin Jones	WR	10	0	0	0	0	0	33	0	1	0	0	0	0	0	0
Kirk Cousins	QB	10	357	1	2	12	0	0	0	0	0	0	0	0	0	0
Ryan Tannehill	QB	10	255	2	0	12	0	0	0	0	0	0	0	0	0	0
Adam Thielen	WR	10	0	0	0	0	0	49	0	5	0	0	0	0	0	0
Zach Ertz	TE	10	0	0	0	0	0	12	0	1	0	0	0	0	0	0
Marquise Goodwin	WR	10	0	0	0	0	0	38	1	2	0	0	0	0	0	0
Ryan Griffin	TE	10	0	0	0	0	0	0	0	0	0	0	0	0	0	0
Rex Burkhead	RB	10	0	0	0	2	0	28	0	2	0	0	0	0	0	0
Robert Woods	WR	10	0	0	0	0	0	10	0	2	0	0	0	0	0	0
Travis Kelce	TE	10	0	0	0	0	0	81	1	6	0	0	0	0	0	0
Latavius Murray	RB	10	0	0	0	24	0	23	0	3	0	0	0	0	0	0
DeAndre Hopkins	WR	10	0	0	0	0	0	98	0	10	0	0	0	0	0	0
Geno Smith	QB	10	275	2	0	22	0	0	0	0	1	0	0	0	0	0
Cordarrelle Patterson	RB	10	0	0	0	18	0	2	0	1	0	0	0	0	0	0
Brandin Cooks	WR	10	0	0	0	5	0	37	0	4	0	0	0	0	0	0
Logan Thomas	TE	10	0	0	0	0	0	12	0	2	0	0	0	0	0	0
Cameron Brate	TE	10	0	0	0	0	0	8	0	1	0	0	0	0	0	0
Derek Carr	QB	10	248	2	0	0	0	0	0	0	0	0	0	0	0	0
Sammy Watkins	WR	10	0	0	0	0	0	47	0	3	0	0	0	0	0	0
Jimmy Garoppolo	QB	10	240	0	0	3	1	0	0	0	0	0	0	0	0	0
Jerick McKinnon	RB	10	0	0	0	2	0	56	0	6	0	0	0	0	0	0
Davante Adams	WR	10	0	0	0	0	0	126	1	9	0	0	0	0	0	0
Jarvis Landry	WR	10	0	0	0	0	0	37	0	3	0	0	0	0	0	0
Richard Rodgers	TE	10	0	0	0	0	0	4	0	1	0	0	0	0	0	0
Mike Evans	WR	10	0	0	0	0	0	54	0	5	0	0	0	0	0	0
Allen Robinson	WR	10	0	0	0	0	0	44	0	4	0	0	0	0	0	0
Amari Cooper	WR	10	0	0	0	0	0	32	0	3	0	0	0	0	0	0
Kevin White	WR	10	0	0	0	0	0	0	0	0	0	0	0	0	0	0
MyCole Pruitt	TE	10	0	0	0	0	0	6	0	1	0	0	0	0	0	0
Stefon Diggs	WR	10	0	0	0	0	0	128	0	12	0	0	0	0	0	0
Raheem Mostert	RB	10	0	0	0	65	1	22	0	4	0	0	0	0	0	0
Eric Tomlinson	TE	10	0	0	0	0	0	0	0	0	0	0	0	0	0	0
DeAndre Carter	WR	10	0	0	0	0	0	64	1	4	0	0	0	0	0	0
Jake Kumerow	WR	10	0	0	0	0	0	0	0	0	0	0	0	0	0	0
Taylor Heinicke	QB	10	211	0	1	10	0	0	0	0	1	0	0	0	0	0
Damiere Byrd	WR	10	0	0	0	0	0	58	0	3	0	0	0	0	0	0
Ameer Abdullah	RB	10	0	0	0	0	0	33	0	4	0	0	0	0	0	0
Geoff Swaim	TE	10	0	0	0	0	0	0	0	0	0	0	0	0	0	0
Melvin Gordon	RB	10	0	0	0	24	0	46	0	4	0	0	0	0	0	0
Phillip Dorsett	WR	10	0	0	0	0	0	22	0	2	0	0	0	0	0	0
Tyler Lockett	WR	10	0	0	0	0	0	42	1	3	0	0	0	0	0	0
Duke Johnson	RB	10	0	0	0	4	0	0	0	0	0	0	0	0	0	0
Marcus Mariota	QB	10	186	2	1	43	0	0	0	0	0	0	0	0	0	0
Austin Hooper	TE	10	0	0	0	0	0	41	0	5	0	0	0	0	0	0
Chris Moore	WR	10	0	0	0	0	0	70	0	3	0	0	0	0	0	0
Kalif Raymond	WR	10	0	0	0	0	0	47	0	3	0	0	0	0	0	0
Stephen Anderson	TE	10	0	0	0	0	0	0	0	0	0	0	0	0	0	0
Derrick Henry	RB	10	0	0	0	53	0	14	0	2	0	0	0	0	0	0
Jordan Howard	RB	10	0	0	0	1	0	0	0	0	0	0	0	0	0	0
Tyreek Hill	WR	10	0	0	0	0	0	44	1	5	0	0	0	0	0	0
Dak Prescott	QB	10	265	3	2	6	0	0	0	0	0	0	0	0	0	0
Jared Goff	QB	10	236	1	0	14	0	0	0	0	0	0	0	0	0	0
Tyler Higbee	TE	10	0	0	0	0	0	73	0	8	0	0	0	0	0	0
Jacoby Brissett	QB	10	212	1	0	40	0	0	0	0	0	0	0	0	0	0
Zach Pascal	WR	10	0	0	0	0	0	10	0	1	0	0	0	0	0	0
PJ Walker	QB	10	108	0	0	14	0	0	0	0	0	0	0	0	0	0
Christian McCaffrey	RB	10	0	0	0	38	1	39	0	4	0	0	0	0	0	0
Curtis Samuel	WR	10	0	0	0	12	0	28	0	2	0	0	0	0	0	0
George Kittle	TE	10	0	0	0	0	0	21	0	1	0	0	0	0	0	0
Aaron Jones	RB	10	0	0	0	138	1	18	0	2	0	0	0	0	0	0
Matt Breida	RB	10	0	0	0	20	0	0	0	0	0	0	0	0	0	0
Taysom Hill	TE	10	0	0	0	1	0	0	0	0	0	0	0	0	0	0
C.J. Board	WR	10	0	0	0	0	0	0	0	0	0	0	0	0	0	0
Pharaoh Brown	TE	10	0	0	0	0	0	13	0	2	0	0	0	0	0	0
Isaiah McKenzie	WR	10	0	0	0	18	0	37	0	4	0	0	0	0	0	0
James Conner	RB	10	0	0	0	69	2	17	0	3	0	0	0	0	0	0
Mack Hollins	WR	10	0	0	0	0	0	18	0	2	0	0	0	0	0	0
Jamal Agnew	WR	10	0	0	0	0	0	4	0	3	0	0	0	0	0	0
Eric Saubert	TE	10	0	0	0	0	0	12	0	1	0	0	0	0	0	0
Noah Brown	WR	10	0	0	0	0	0	3	0	1	0	0	0	0	0	0
Keelan Cole	WR	10	0	0	0	0	0	0	0	0	0	0	0	0	0	0
Austin Ekeler	RB	10	0	0	0	24	0	39	0	7	0	0	0	0	0	0
Robert Tonyan	TE	10	0	0	0	0	0	8	0	1	0	0	0	0	0	0
Dare Ogunbowale	RB	10	0	0	0	0	0	13	0	1	0	0	0	0	0	0
Leonard Fournette	RB	10	0	0	1	57	1	1	0	1	0	0	0	0	0	0
JuJu Smith-Schuster	WR	10	0	0	0	0	0	33	0	2	0	0	0	0	0	0
Patrick Mahomes	QB	10	331	4	1	39	0	0	0	0	0	0	0	0	0	0
O.J. Howard	TE	10	0	0	0	0	0	0	0	0	0	0	0	0	0	0
Evan Engram	TE	10	0	0	0	0	0	14	0	3	0	0	0	0	0	0
Zay Jones	WR	10	0	0	0	0	0	68	0	8	0	0	0	0	0	0
Dalvin Cook	RB	10	0	0	0	119	1	27	0	3	0	0	0	0	0	0
Gerald Everett	TE	10	0	0	0	0	0	23	0	2	0	0	0	0	0	0
Alvin Kamara	RB	10	0	0	0	26	0	19	0	3	0	0	0	0	0	0
Cooper Kupp	WR	10	0	0	0	0	0	-1	0	3	0	0	0	0	0	0
Chris Godwin Jr.	WR	10	0	0	0	0	0	71	1	6	0	0	0	0	0	0
Kareem Hunt	RB	10	0	0	0	9	0	10	0	1	0	0	0	0	0	0
D'Onta Foreman	RB	10	0	0	0	130	1	0	0	0	0	0	0	0	0	0
Kenny Golladay	WR	10	0	0	0	0	0	0	0	0	0	0	0	0	0	0
Jamaal Williams	RB	10	0	0	0	59	1	0	0	0	0	0	0	0	0	0
Dan Arnold	TE	10	0	0	0	0	0	8	0	1	0	0	0	0	0	0
Cam Sims	WR	10	0	0	0	0	0	0	0	0	0	0	0	0	0	0
Jeff Wilson	RB	10	0	0	0	119	1	24	0	2	0	0	0	0	0	0
Will Dissly	TE	10	0	0	0	0	0	28	0	2	0	0	0	0	0	0
Kevin Rader	TE	10	0	0	0	0	0	0	0	0	0	0	0	0	0	0
Dontrell Hilliard	RB	10	0	0	0	2	0	6	0	1	0	0	0	0	0	0
Marquez Valdes-Scantling	WR	10	0	0	0	0	0	60	1	3	0	0	0	0	0	0
Equanimeous St. Brown	WR	10	0	0	0	9	0	0	0	0	0	0	0	0	0	0
Byron Pringle	WR	10	0	0	0	0	0	12	0	1	0	0	0	0	0	0
Courtland Sutton	WR	10	0	0	0	0	0	66	0	6	0	0	0	0	0	0
Dallas Goedert	TE	10	0	0	0	0	0	23	1	3	0	0	1	0	0	0
Jordan Akins	TE	10	0	0	0	0	0	72	0	3	0	0	0	0	0	0
Keke Coutee	WR	10	0	0	0	0	0	20	0	1	0	0	1	0	0	0
Nyheim Hines	RB	10	0	0	0	0	0	9	0	1	0	0	0	0	0	0
Dalton Schultz	TE	10	0	0	0	0	0	54	1	6	0	0	0	0	0	0
Justin Watson	WR	10	0	0	0	0	0	12	0	1	0	0	0	0	0	0
Jordan Wilkins	RB	10	0	0	0	18	0	0	0	0	0	0	0	0	0	0
Ray-Ray McCloud	WR	10	0	0	0	0	0	33	0	1	0	0	0	0	0	0
Boston Scott	RB	10	0	0	0	5	0	0	0	0	0	0	0	0	0	0
Cedrick Wilson Jr.	WR	10	0	0	0	0	0	7	0	1	0	0	0	0	0	0
Justin Jackson	RB	10	0	0	0	14	0	14	0	2	0	0	0	0	0	0
Trent Sherfield	WR	10	0	0	0	0	0	63	1	4	0	0	0	0	0	0
Allen Lazard	WR	10	0	0	0	0	0	45	0	3	0	0	0	0	0	0
Tanner Hudson	TE	10	0	0	0	0	0	24	0	3	0	0	0	0	0	0
Brandon Powell	WR	10	0	0	0	7	0	0	0	0	0	0	0	0	0	0
Chase Edmonds	RB	10	0	0	0	9	0	0	0	1	0	0	0	0	0	0
Michael Gallup	WR	10	0	0	0	0	0	35	0	4	0	0	0	0	0	0
Tre'Quan Smith	WR	10	0	0	0	0	0	0	0	0	0	0	0	0	0	0
Christian Kirk	WR	10	0	0	0	0	0	105	2	9	0	0	0	0	0	0
Nick Chubb	RB	10	0	0	0	63	1	18	0	3	0	1	0	0	0	0
Durham Smythe	TE	10	0	0	0	0	0	0	0	0	0	0	0	0	0	0
DJ Moore	WR	10	0	0	0	0	0	29	0	4	0	0	0	0	0	0
Mike Gesicki	TE	10	0	0	0	0	0	31	0	2	0	0	0	0	0	0
Saquon Barkley	RB	10	0	0	0	152	1	8	0	1	0	0	0	0	0	0
Sony Michel	RB	10	0	0	0	2	0	0	0	0	0	0	0	0	0	0
KhaDarel Hodge	WR	10	0	0	0	0	0	37	1	2	0	0	0	0	0	0
Josh Allen	QB	10	330	1	2	84	0	0	0	0	0	1	0	0	0	0
Dante Pettis	WR	10	0	0	0	8	0	9	0	1	0	0	0	0	0	0
John Wolford	QB	10	212	1	1	3	0	0	0	0	1	0	0	0	0	0
Steven Sims	WR	10	0	0	0	2	0	15	0	1	0	0	0	0	0	0
Trinity Benson	WR	10	0	0	0	0	0	0	0	0	0	0	0	0	0	0
Alexander Mattison	RB	10	0	0	0	11	0	8	0	1	0	0	0	0	0	0
Foster Moreau	TE	10	0	0	0	0	0	43	1	3	0	0	0	0	0	0
Penny Hart	WR	10	0	0	0	0	0	0	0	0	0	0	0	0	0	0
Olamide Zaccheaus	WR	10	0	0	0	0	0	34	0	2	0	0	0	0	0	0
Diontae Johnson	WR	10	0	0	0	0	0	63	0	4	0	0	0	0	0	0
Benny Snell	RB	10	0	0	0	0	0	0	0	0	0	0	0	0	0	0
Zach Gentry	TE	10	0	0	0	0	0	0	0	0	0	0	0	0	0	0
T.J. Hockenson	TE	10	0	0	0	0	0	45	0	7	0	0	0	0	0	0
Miles Sanders	RB	10	0	0	0	54	0	0	0	0	0	0	0	0	0	0
Devin Singletary	RB	10	0	0	0	47	2	0	0	1	0	1	0	0	0	0
Trevon Wesco	TE	10	0	0	0	0	0	0	0	0	0	0	0	0	0	0
Tony Pollard	RB	10	0	0	0	115	1	13	0	3	0	0	0	0	0	0
Qadree Ollison	RB	10	0	0	0	0	0	0	0	0	0	0	0	0	0	0
Scott Miller	WR	10	0	0	0	0	0	25	0	2	0	0	0	0	0	0
Chris Myarick	TE	10	0	0	0	0	0	0	0	0	0	0	0	0	0	0
Greg Dortch	WR	10	0	0	0	0	0	0	0	0	0	0	0	0	0	0
Darius Slayton	WR	10	0	0	0	0	0	95	1	3	0	0	0	0	0	0
Tom Kennedy	WR	10	0	0	0	0	0	44	0	1	0	0	0	0	0	0
Joseph Fortson	TE	10	0	0	0	0	0	6	0	1	0	0	0	0	0	0
Parker Hesse	TE	10	0	0	0	0	0	0	0	0	0	0	0	0	0	0
Travis Homer	RB	10	0	0	0	0	0	0	0	0	0	0	0	0	0	0
D'Ernest Johnson	RB	10	0	0	0	0	0	-2	0	1	0	0	0	0	0	0
Parris Campbell	WR	10	0	0	0	0	0	76	1	7	0	0	0	0	0	0
DK Metcalf	WR	10	0	0	0	0	0	71	0	6	0	0	0	0	0	0
Noah Fant	TE	10	0	0	0	0	0	34	0	3	0	0	0	0	0	0
Gunner Olszewski	WR	10	0	0	0	0	0	4	0	1	0	0	0	0	0	0
Terry McLaurin	WR	10	0	0	0	0	0	128	0	8	0	0	0	0	0	0
Darrell Henderson	RB	10	0	0	0	21	1	11	0	1	0	0	0	0	0	0
A.J. Brown	WR	10	0	0	0	0	0	7	0	1	0	0	0	0	0	0
David Montgomery	RB	10	0	0	0	37	0	7	0	1	0	0	0	0	0	0
Dawson Knox	TE	10	0	0	0	0	0	57	0	4	0	0	0	0	0	0
Josh Jacobs	RB	10	0	0	0	78	1	28	0	6	0	0	0	0	0	0
Daniel Jones	QB	10	197	2	0	24	0	0	0	0	0	0	0	0	0	0
Deebo Samuel Sr.	WR	10	0	0	0	27	0	24	0	2	0	0	0	0	0	0
Jakob Johnson	RB	10	0	0	0	0	0	0	0	0	0	0	0	0	0	0
Jared Pinkney	TE	10	0	0	0	0	0	0	0	0	0	0	0	0	0	0
JaMycal Hasty	RB	10	0	0	0	4	0	-1	0	1	0	0	0	0	0	0
Kendall Hinton	WR	10	0	0	0	0	0	62	0	4	0	0	0	0	0	0
Bryce Perkins	QB	10	-3	0	0	4	0	0	0	0	0	0	0	0	0	0
Giovanni Ricci	TE	10	0	0	0	0	0	2	0	1	0	0	0	0	0	0
Salvon Ahmed	RB	10	0	0	0	11	0	0	0	0	0	0	0	0	0	0
Sean McKeon	TE	10	0	0	0	0	0	1	0	1	0	0	0	0	0	0
Juwan Johnson	TE	10	0	0	0	0	0	44	1	5	0	0	0	0	0	0
Lawrence Cager	TE	10	0	0	0	0	0	9	1	2	0	0	0	0	0	0
Isaiah Hodgins	WR	10	0	0	0	0	0	41	0	2	0	0	0	0	0	0
Nick Westbrook-Ikhine	WR	10	0	0	0	0	0	119	2	5	0	0	0	0	0	0
Gabe Davis	WR	10	0	0	0	0	0	93	1	6	0	0	0	0	0	0
Tua Tagovailoa	QB	10	285	3	0	0	0	0	0	0	0	0	0	0	0	0
Jonathan Taylor	RB	10	0	0	0	147	1	16	0	2	0	0	0	0	0	0
Harrison Bryant	TE	10	0	0	0	0	0	15	1	3	0	0	0	0	0	0
Donovan Peoples-Jones	WR	10	0	0	0	0	0	99	0	5	0	0	0	0	0	0
Colby Parkinson	TE	10	0	0	0	0	0	7	0	1	0	0	0	0	0	0
Zack Moss	RB	10	0	0	0	4	0	0	0	0	0	0	0	0	0	0
Michael Pittman	WR	10	0	0	0	0	0	53	0	7	0	0	0	0	0	0
Jauan Jennings	WR	10	0	0	0	0	0	40	0	4	0	0	0	0	0	0
Brandon Aiyuk	WR	10	0	0	0	0	0	84	0	6	0	0	1	0	0	0
AJ Dillon	RB	10	0	0	0	65	0	0	0	0	0	0	0	0	0	0
Laviska Shenault Jr.	WR	10	0	0	0	42	1	17	0	3	0	0	0	0	0	0
Quez Watkins	WR	10	0	0	0	0	0	80	0	4	0	0	1	0	0	0
D'Andre Swift	RB	10	0	0	0	6	1	6	0	1	0	0	0	0	0	0
Cole Kmet	TE	10	0	0	0	0	0	74	2	4	0	0	0	0	0	0
Darnell Mooney	WR	10	0	0	0	0	0	57	0	4	0	0	0	0	0	0
Justin Jefferson	WR	10	0	0	0	0	0	193	1	10	0	0	0	0	0	0
Chase Claypool	WR	10	0	0	0	0	0	8	0	1	0	0	0	0	0	0
Antonio Gibson	RB	10	0	0	0	44	1	14	0	3	0	0	0	0	0	0
K.J. Osborn	WR	10	0	0	0	2	0	35	0	4	0	0	0	0	0	0
Justin Herbert	QB	10	196	1	1	22	0	0	0	0	0	0	0	0	0	0
CeeDee Lamb	WR	10	0	0	0	0	0	150	2	11	0	0	0	0	0	0
Clyde Edwards-Helaire	RB	10	0	0	0	0	0	0	0	0	0	0	0	0	0	0
Eno Benjamin	RB	10	0	0	0	0	0	0	0	0	0	0	0	0	0	0
Jalen Reagor	WR	10	0	0	0	0	0	0	0	0	0	0	0	0	0	0
Jalen Hurts	QB	10	175	2	1	28	1	0	0	0	0	0	0	0	0	0
Jerry Jeudy	WR	10	0	0	0	0	0	0	0	0	0	0	0	0	0	0
Cam Akers	RB	10	0	0	0	22	0	0	0	0	0	0	0	0	0	0
Van Jefferson	WR	10	0	0	0	0	0	27	1	3	0	0	0	0	0	0
Adam Trautman	TE	10	0	0	0	0	0	22	0	2	0	0	0	0	0	0
Brycen Hopkins	TE	10	0	0	0	0	0	11	0	1	0	0	0	0	0	0
DeeJay Dallas	RB	10	0	0	0	0	0	0	0	0	0	0	0	0	0	0
Tyrie Cleveland	WR	10	0	0	0	0	0	0	0	0	0	0	0	0	0	0
Ke'Shawn Vaughn	RB	10	0	0	0	2	0	11	0	1	0	0	0	0	0	0
Shane Zylstra	TE	10	0	0	0	0	0	0	0	0	0	0	0	0	0	0
Nico Collins	WR	10	0	0	0	0	0	49	1	5	0	0	0	0	0	0
Chuba Hubbard	RB	10	0	0	0	14	0	0	0	0	0	0	0	0	0	0
Elijah Mitchell	RB	10	0	0	0	89	0	-1	0	1	0	0	0	0	0	0
Gary Brightwell	RB	10	0	0	0	0	0	0	0	0	0	0	0	0	0	0
Shi Smith	WR	10	0	0	0	0	0	17	0	1	0	0	0	0	0	0
Jaylen Waddle	WR	10	0	0	0	0	0	66	0	4	0	0	0	0	0	0
Dee Eskridge	WR	10	0	0	0	0	0	0	0	0	0	0	0	0	0	0
Dyami Brown	WR	10	0	0	0	0	0	15	0	1	0	0	0	0	0	0
Noah Gray	TE	10	0	0	0	0	0	20	1	2	0	0	0	0	0	0
Dax Milne	WR	10	0	0	0	0	0	0	0	0	0	0	0	0	0	0
Jack Stoll	TE	10	0	0	0	0	0	11	0	1	0	0	0	0	0	0
Brock Wright	TE	10	0	0	0	0	0	2	1	1	0	0	0	0	0	0
Caleb Huntley	RB	10	0	0	0	32	0	0	0	0	0	0	0	0	0	0
Kene Nwangwu	RB	10	0	0	0	0	0	0	0	0	0	0	0	0	0	0
Ben Skowronek	WR	10	0	0	0	0	0	14	0	2	0	0	0	0	0	0
Kylen Granson	TE	10	0	0	0	0	0	57	0	4	0	0	0	0	0	0
Jaelon Darden	WR	10	0	0	0	0	0	0	0	0	0	0	0	0	0	0
Najee Harris	RB	10	0	0	0	99	0	0	0	0	0	0	0	0	0	0
Pat Freiermuth	TE	10	0	0	0	0	0	36	0	4	0	0	0	0	0	0
Davis Mills	QB	10	319	1	1	0	0	0	0	0	0	0	0	0	0	0
Khalil Herbert	RB	10	0	0	0	57	0	0	0	0	0	0	0	0	0	0
DeVonta Smith	WR	10	0	0	0	0	0	39	1	6	0	0	0	0	0	0
Kadarius Toney	WR	10	0	0	0	33	0	57	1	4	0	0	0	0	0	0
Kenny Gainwell	RB	10	0	0	0	7	0	5	0	1	0	0	0	0	0	0
Rondale Moore	WR	10	0	0	0	0	0	94	0	9	0	0	0	0	0	0
Justin Fields	QB	10	167	2	1	147	2	0	0	0	0	0	0	0	0	0
Avery Williams	RB	10	0	0	0	25	0	0	0	0	0	0	0	0	0	0
Terrace Marshall Jr.	WR	10	0	0	0	0	0	43	0	1	0	0	0	0	0	0
Michael Bandy	WR	10	0	0	0	0	0	0	0	0	0	0	0	0	0	0
Amon-Ra St. Brown	WR	10	0	0	0	2	0	119	0	10	0	0	0	0	0	0
Kyle Pitts	TE	10	0	0	0	0	0	28	0	2	0	0	0	0	0	0
Trevor Lawrence	QB	10	259	2	0	26	0	0	0	0	0	0	0	0	0	0
Travis Etienne	RB	10	0	0	0	45	0	28	0	3	0	0	0	0	0	0
Josh Palmer	WR	10	0	0	0	0	0	44	0	3	0	0	0	0	0	0
Amari Rodgers	WR	10	0	0	0	0	0	0	0	0	0	0	0	0	0	0
Anthony Schwartz	WR	10	0	0	0	0	0	3	0	1	0	0	0	0	0	0
Tommy Tremble	TE	10	0	0	0	0	0	0	0	0	0	0	0	0	0	0
Tre' McKitty	TE	10	0	0	0	0	0	21	0	3	0	0	0	0	0	0
Britain Covey	WR	10	0	0	0	0	0	0	0	0	0	0	0	0	0	0
Armani Rogers	TE	10	0	0	0	0	0	0	0	0	0	0	0	0	0	0
Isiah Pacheco	RB	10	0	0	0	82	0	0	0	0	0	1	0	0	0	0
Jaylen Warren	RB	10	0	0	0	37	0	40	0	3	0	0	0	0	0	0
Drake London	WR	10	0	0	0	0	0	38	1	5	0	0	0	0	0	0
Chris Olave	WR	10	0	0	0	0	0	40	0	3	0	0	0	0	0	0
George Pickens	WR	10	0	0	0	23	1	32	0	3	0	0	0	0	0	0
James Cook	RB	10	0	0	0	22	0	0	0	0	0	0	0	0	0	0
Greg Dulcich	TE	10	0	0	0	0	0	11	0	1	0	0	0	0	0	0
Rachaad White	RB	10	0	0	0	105	0	0	0	0	0	0	0	0	0	0
David Bell	WR	10	0	0	0	0	0	24	0	3	0	0	0	0	0	0
Dameon Pierce	RB	10	0	0	0	94	0	28	0	2	0	1	0	0	0	0
Khalil Shakir	WR	10	0	0	0	0	0	6	0	1	0	0	0	0	0	0
Tyler Allgeier	RB	10	0	0	0	20	0	-17	0	3	0	0	0	0	0	0
Jerome Ford	RB	10	0	0	0	0	0	0	0	0	0	0	0	0	0	0
Montrell Washington	WR	10	0	0	0	0	0	0	0	0	0	0	0	0	0	0
James Mitchell	TE	10	0	0	0	0	0	4	0	1	0	0	0	0	0	0
Jalen Nailor	WR	10	0	0	0	0	0	0	0	0	0	0	0	0	0	0
Keaontay Ingram	RB	10	0	0	0	5	0	0	0	0	0	0	0	0	0	0
Mike Woods	WR	10	0	0	0	0	0	0	0	0	0	0	0	0	0	0
Skylar Thompson	QB	10	17	0	0	0	0	0	0	0	0	0	0	0	0	0
Zander Horvath	RB	10	0	0	0	0	0	1	0	1	0	0	0	0	0	0
Jalen Virgil	WR	10	0	0	0	0	0	66	1	1	0	0	0	0	0	0
Raheem Blackshear	RB	10	0	0	0	32	0	0	0	0	0	0	0	0	0	0
Troy Hairston	RB	10	0	0	0	0	0	0	0	0	0	0	0	0	0	0
Rashid Shaheed	WR	10	0	0	0	0	0	12	0	1	0	0	0	0	0	0
Malik Davis	RB	10	0	0	0	38	0	0	0	0	0	0	0	0	0	0
Peyton Hendershot	TE	10	0	0	0	0	0	0	0	0	0	0	0	0	0	0
Stanley Berryhill	WR	10	0	0	0	0	0	0	0	0	0	0	0	0	0	0
Hassan Haskins	RB	10	0	0	0	0	0	0	0	0	0	0	0	0	0	0
Alec Pierce	WR	10	0	0	0	0	0	0	0	0	0	0	0	0	0	0
Jalen Tolbert	WR	10	0	0	0	0	0	0	0	0	0	0	0	0	0	0
Jahan Dotson	WR	10	0	0	0	0	0	14	0	1	0	0	0	0	0	0
Treylon Burks	WR	10	0	0	0	0	0	24	0	3	0	0	0	0	0	0
Trey McBride	TE	10	0	0	0	0	0	7	0	1	0	0	0	0	0	0
Brian Robinson	RB	10	0	0	0	86	1	0	0	0	0	0	0	0	0	0
KaVontae Turpin	WR	10	0	0	0	0	0	9	0	1	0	0	0	0	0	0
Chig Okonkwo	TE	10	0	0	0	0	0	41	0	1	0	0	0	0	0	0
Kyren Williams	RB	10	0	0	0	9	0	30	0	3	0	0	0	0	0	0
Zamir White	RB	10	0	0	0	-1	0	0	0	0	0	0	0	0	0	0
Isaiah Spiller	RB	10	0	0	0	3	0	0	0	0	0	0	0	0	0	0
Skyy Moore	WR	10	0	0	0	0	0	6	0	1	0	0	0	0	0	0
Kenny Pickett	QB	10	199	0	0	51	1	0	0	0	0	0	0	0	0	0
Wan'Dale Robinson	WR	10	0	0	0	-5	0	20	0	2	0	0	0	0	0	0
Christian Watson	WR	10	0	0	0	0	0	107	3	4	0	0	0	0	0	0
Malik Willis	QB	10	0	0	0	-4	0	0	0	0	0	1	0	0	0	0
Cade Otton	TE	10	0	0	0	0	0	35	0	3	0	0	0	0	0	0
Kenneth Walker III	RB	10	0	0	0	17	0	55	0	6	0	0	0	0	0	0
Aaron Rodgers	QB	11	227	2	0	0	0	0	0	0	0	0	0	1	0	0
Matt Ryan	QB	11	213	0	0	1	0	0	0	0	0	0	0	0	0	0
Matthew Slater	WR	11	0	0	0	0	0	0	0	0	0	0	0	0	0	0
Matthew Stafford	QB	11	159	2	0	4	0	0	0	0	0	0	0	0	0	0
Colt McCoy	QB	11	218	0	1	6	0	0	0	0	0	0	0	0	0	0
A.J. Green	WR	11	0	0	0	0	0	50	0	5	0	0	0	0	0	0
Andy Dalton	QB	11	260	3	0	-2	0	0	0	0	0	0	0	0	0	0
Randall Cobb	WR	11	0	0	0	0	0	73	0	6	0	0	0	0	0	0
Brandon Bolden	RB	11	0	0	0	0	0	4	0	1	0	0	0	0	0	0
Russell Wilson	QB	11	247	0	0	8	0	0	0	0	0	0	0	0	0	0
Kirk Cousins	QB	11	105	0	0	0	0	0	0	0	1	0	0	0	0	0
Ryan Tannehill	QB	11	333	2	1	-3	0	0	0	0	0	0	0	0	0	0
Adam Thielen	WR	11	0	0	0	0	0	25	0	2	0	0	0	0	0	0
Ryan Griffin	TE	11	0	0	0	0	0	0	0	0	0	0	0	0	0	0
Keenan Allen	WR	11	0	0	0	0	0	94	0	5	0	0	1	0	0	0
Robert Woods	WR	11	0	0	0	0	0	69	0	6	0	0	0	0	0	0
Travis Kelce	TE	11	0	0	0	0	0	115	3	6	0	0	0	0	0	0
Latavius Murray	RB	11	0	0	0	49	1	23	0	4	0	0	0	0	0	0
DeAndre Hopkins	WR	11	0	0	0	0	0	91	0	9	0	0	0	0	0	0
Cordarrelle Patterson	RB	11	0	0	0	52	0	7	0	2	0	1	0	0	0	0
Brandin Cooks	WR	11	0	0	0	0	0	70	0	3	0	0	0	0	0	0
Logan Thomas	TE	11	0	0	0	0	0	65	0	5	0	0	0	0	0	0
Derek Carr	QB	11	307	2	0	0	0	0	0	0	0	0	0	0	0	0
Sammy Watkins	WR	11	0	0	0	0	0	0	0	0	0	0	0	0	0	0
Jimmy Garoppolo	QB	11	228	4	0	3	0	0	0	0	0	0	0	0	0	0
Jerick McKinnon	RB	11	0	0	0	24	0	0	0	1	0	0	1	0	0	0
Davante Adams	WR	11	0	0	0	0	0	141	2	7	0	0	0	0	0	0
Jarvis Landry	WR	11	0	0	0	0	0	33	1	3	0	0	0	0	0	0
Allen Robinson	WR	11	0	0	0	0	0	47	1	4	0	0	0	0	0	0
Amari Cooper	WR	11	0	0	0	0	0	113	2	8	0	0	0	0	0	0
DeVante Parker	WR	11	0	0	0	0	0	19	0	2	0	0	0	0	0	0
Nelson Agholor	WR	11	0	0	0	0	0	18	0	2	0	0	0	0	0	0
Maxx Williams	TE	11	0	0	0	0	0	7	0	1	0	0	0	0	0	0
MyCole Pruitt	TE	11	0	0	0	0	0	17	0	1	0	0	0	0	0	0
Stefon Diggs	WR	11	0	0	0	0	0	48	1	4	0	0	0	0	0	0
DeAndre Carter	WR	11	0	0	0	0	0	33	0	3	0	0	0	0	0	0
Taylor Heinicke	QB	11	191	0	0	2	0	0	0	0	0	0	0	0	0	0
Damiere Byrd	WR	11	0	0	0	0	0	29	0	2	0	0	0	0	0	0
Mike Davis	RB	11	0	0	0	0	0	-3	0	1	0	0	0	0	0	0
Ameer Abdullah	RB	11	0	0	0	0	0	5	0	3	0	0	0	0	0	0
C.J. Uzomah	TE	11	0	0	0	0	0	0	0	0	0	0	0	0	0	0
Geoff Swaim	TE	11	0	0	0	0	0	3	0	1	0	0	0	0	0	0
Melvin Gordon	RB	11	0	0	0	31	0	39	0	5	0	0	0	0	0	0
David Johnson	RB	11	0	0	0	-4	0	11	0	1	0	0	0	0	0	0
Phillip Dorsett	WR	11	0	0	0	0	0	0	0	0	0	0	0	0	0	0
Marcus Mariota	QB	11	131	1	0	25	1	0	0	0	0	0	0	0	0	0
Austin Hooper	TE	11	0	0	0	0	0	36	2	4	0	0	0	0	0	0
Chris Moore	WR	11	0	0	0	3	0	20	0	5	0	0	0	0	0	0
Kalif Raymond	WR	11	0	0	0	7	0	33	0	3	0	0	0	0	0	0
Stephen Anderson	TE	11	0	0	0	0	0	0	0	0	0	0	0	0	0	0
Derrick Henry	RB	11	4	1	0	87	1	45	0	2	0	0	0	0	0	0
Demarcus Robinson	WR	11	0	0	0	0	0	128	0	9	0	0	0	0	0	0
Tyler Boyd	WR	11	0	0	0	0	0	42	0	2	0	0	0	0	0	0
Ezekiel Elliott	RB	11	0	0	0	42	2	5	0	1	0	0	0	0	0	0
Dak Prescott	QB	11	276	2	0	16	0	0	0	0	0	0	0	0	0	0
Hunter Henry	TE	11	0	0	0	0	0	20	0	1	0	0	0	0	0	0
Jared Goff	QB	11	165	0	0	-1	0	0	0	0	0	0	0	0	0	0
Tyler Higbee	TE	11	0	0	0	0	0	45	0	4	0	0	0	0	0	0
Mike Thomas	WR	11	0	0	0	0	0	0	0	0	0	0	0	0	0	0
Kenyan Drake	RB	11	0	0	0	46	0	7	0	2	0	0	0	0	0	0
Jacoby Brissett	QB	11	324	3	0	29	0	0	0	0	0	1	0	0	0	0
Mo Alie-Cox	TE	11	0	0	0	0	0	14	0	1	0	0	0	0	0	0
Johnny Mundt	TE	11	0	0	0	0	0	8	0	1	0	0	0	0	0	0
Zach Pascal	WR	11	0	0	0	0	0	9	0	1	0	0	0	0	0	0
Christian McCaffrey	RB	11	0	0	0	39	0	67	0	7	0	0	0	0	0	0
Curtis Samuel	WR	11	0	0	0	18	1	10	0	1	0	0	0	0	0	0
George Kittle	TE	11	0	0	0	0	0	84	2	4	0	0	0	0	0	0
Trent Taylor	WR	11	0	0	0	0	0	1	0	1	0	0	0	0	0	0
Aaron Jones	RB	11	0	0	0	40	0	20	0	6	0	0	0	0	0	1
Kendrick Bourne	WR	11	0	0	0	0	0	8	0	1	0	0	0	0	0	0
Matt Breida	RB	11	0	0	0	13	1	16	0	1	0	0	0	0	0	0
Nick Mullens	QB	11	54	0	0	0	0	0	0	0	0	0	0	0	0	0
Taysom Hill	TE	11	14	0	0	52	0	8	0	1	0	0	0	0	0	0
C.J. Board	WR	11	0	0	0	0	0	0	0	0	0	0	0	0	0	0
Patrick Ricard	RB	11	0	0	0	4	0	0	0	0	0	0	0	0	0	0
Pharaoh Brown	TE	11	0	0	0	0	0	0	0	0	0	0	0	0	0	0
Isaiah McKenzie	WR	11	0	0	0	0	0	0	0	0	0	0	0	0	0	0
Samaje Perine	RB	11	0	0	0	30	0	52	3	4	0	0	0	0	0	0
Mike Williams	WR	11	0	0	0	0	0	15	0	1	0	0	0	0	0	0
James Conner	RB	11	0	0	0	42	1	12	0	2	0	0	0	0	0	0
Mack Hollins	WR	11	0	0	0	0	0	52	0	6	0	0	0	0	0	0
Eric Saubert	TE	11	0	0	0	0	0	16	0	2	0	0	0	0	0	0
Noah Brown	WR	11	0	0	0	0	0	42	0	2	0	0	0	0	0	0
Cooper Rush	QB	11	31	0	0	0	0	0	0	0	0	0	0	0	0	0
Keelan Cole	WR	11	0	0	0	0	0	21	0	1	0	0	0	0	0	0
Austin Ekeler	RB	11	0	0	0	83	1	17	0	2	0	0	0	0	0	0
Corey Clement	RB	11	0	0	0	0	0	0	0	0	0	0	0	0	0	0
Robert Tonyan	TE	11	0	0	0	0	0	19	0	2	0	0	0	0	0	0
Dare Ogunbowale	RB	11	0	0	0	0	0	5	0	1	0	0	0	0	0	0
Jonnu Smith	TE	11	0	0	0	5	0	40	0	4	0	0	0	0	0	0
Patrick Mahomes	QB	11	329	3	0	23	0	0	0	0	0	0	0	0	0	0
O.J. Howard	TE	11	0	0	0	0	0	9	0	1	0	0	0	0	0	0
David Njoku	TE	11	0	0	0	0	0	17	0	2	0	0	0	0	0	0
Dalvin Cook	RB	11	0	0	0	72	0	0	0	0	0	0	0	0	0	0
Joe Mixon	RB	11	0	0	0	20	0	42	0	3	0	0	0	0	0	0
Alvin Kamara	RB	11	0	0	0	42	0	47	0	4	0	0	0	0	0	0
Kareem Hunt	RB	11	0	0	0	32	0	22	0	2	0	0	0	0	0	0
D'Onta Foreman	RB	11	0	0	0	24	0	0	0	0	0	0	0	0	0	0
Kenny Golladay	WR	11	0	0	0	0	0	29	0	2	0	0	0	0	0	0
Jamaal Williams	RB	11	0	0	0	64	3	0	0	0	0	0	0	0	0	0
Cam Sims	WR	11	0	0	0	0	0	17	0	1	0	0	0	0	0	0
Dontrell Hilliard	RB	11	0	0	0	4	0	14	1	1	0	0	0	0	0	0
Tyler Conklin	TE	11	0	0	0	0	0	15	0	2	0	0	0	0	0	0
Marquez Valdes-Scantling	WR	11	0	0	0	0	0	18	0	1	0	0	0	0	0	0
Equanimeous St. Brown	WR	11	0	0	0	0	0	24	0	2	0	0	0	0	0	0
Richie James	WR	11	0	0	0	0	0	48	1	3	0	0	0	0	0	0
Byron Pringle	WR	11	0	0	0	0	0	0	0	0	0	0	0	0	0	0
Courtland Sutton	WR	11	0	0	0	0	0	80	0	5	0	0	0	0	0	0
Jordan Akins	TE	11	0	0	0	0	0	8	0	2	0	0	0	0	0	0
Ian Thomas	TE	11	0	0	0	0	0	24	0	3	0	0	0	0	0	0
Keke Coutee	WR	11	0	0	0	0	0	0	0	0	0	0	0	0	0	0
Nyheim Hines	RB	11	0	0	0	-8	0	0	0	0	0	0	0	0	0	0
Dalton Schultz	TE	11	0	0	0	0	0	22	0	3	0	0	0	0	0	0
Justin Watson	WR	11	0	0	0	0	0	67	0	3	0	0	0	0	0	0
Ray-Ray McCloud	WR	11	0	0	0	0	0	0	0	0	0	0	0	0	0	0
Boston Scott	RB	11	0	0	0	8	0	4	0	2	0	0	0	0	0	0
Braxton Berrios	WR	11	0	0	0	0	0	0	0	0	0	0	0	0	0	0
Justin Jackson	RB	11	0	0	0	66	0	11	0	1	0	0	0	0	0	0
Allen Lazard	WR	11	0	0	0	0	0	57	0	5	0	0	0	0	0	0
Brandon Powell	WR	11	0	0	0	-1	0	16	0	2	0	0	0	0	0	0
Chase Edmonds	RB	11	0	0	0	6	0	0	0	0	0	0	0	0	0	0
Mark Andrews	TE	11	0	0	0	0	0	63	0	6	0	0	0	0	0	0
Michael Gallup	WR	11	0	0	0	0	0	41	0	3	0	0	0	0	0	0
DJ Chark	WR	11	0	0	0	0	0	0	0	0	0	0	0	0	0	0
Nick Chubb	RB	11	0	0	0	19	0	48	0	3	0	0	0	0	0	0
Lamar Jackson	QB	11	209	0	1	31	1	0	0	0	0	0	0	0	0	0
DJ Moore	WR	11	0	0	0	0	0	24	0	3	0	0	0	0	0	0
Hayden Hurst	TE	11	0	0	0	0	0	28	0	2	0	0	0	0	0	0
Saquon Barkley	RB	11	0	0	0	22	0	13	0	2	0	0	0	0	0	0
Sony Michel	RB	11	0	0	0	1	0	0	0	0	0	0	0	0	0	0
KhaDarel Hodge	WR	11	0	0	0	0	0	13	0	1	0	0	0	0	0	0
Baker Mayfield	QB	11	196	0	2	12	0	0	0	0	0	0	0	0	0	0
Josh Allen	QB	11	197	1	0	7	0	0	0	0	0	0	0	0	0	0
Dante Pettis	WR	11	0	0	0	0	0	0	0	0	0	0	0	0	0	0
Steven Sims	WR	11	0	0	0	-3	0	0	0	0	0	0	0	0	0	0
Jakobi Meyers	WR	11	0	0	0	0	0	52	0	4	0	0	0	0	0	0
Alexander Mattison	RB	11	0	0	0	0	0	8	0	1	0	0	0	0	0	0
Justice Hill	RB	11	0	0	0	30	0	8	0	3	0	0	0	0	0	0
Foster Moreau	TE	11	0	0	0	0	0	33	0	1	0	0	0	0	0	0
Ashton Dulin	WR	11	0	0	0	0	0	0	0	0	0	0	0	0	0	0
Trace McSorley	QB	11	59	0	1	6	0	0	0	0	0	0	0	0	0	0
Olamide Zaccheaus	WR	11	0	0	0	13	0	9	0	1	0	0	0	0	0	0
Diontae Johnson	WR	11	0	0	0	1	0	21	0	4	0	0	0	0	0	0
Zach Gentry	TE	11	0	0	0	0	0	8	0	2	0	0	0	0	0	0
T.J. Hockenson	TE	11	0	0	0	0	0	34	0	5	0	0	0	0	0	0
Miles Sanders	RB	11	0	0	0	47	0	1	0	1	0	0	0	0	0	0
Josh Oliver	TE	11	0	0	0	0	0	2	0	1	0	0	0	0	0	0
Devin Singletary	RB	11	0	0	0	86	1	11	0	2	0	0	0	0	0	0
Tony Pollard	RB	11	0	0	0	80	0	109	2	6	0	0	0	0	0	0
Trayveon Williams	RB	11	0	0	0	7	0	0	0	0	0	0	0	0	0	0
Trenton Irwin	WR	11	0	0	0	0	0	42	1	3	0	0	0	0	0	0
Tyree Jackson	TE	11	0	0	0	0	0	0	0	0	0	0	0	0	0	0
Stanley Morgan	WR	11	0	0	0	0	0	0	0	0	0	0	0	0	0	0
Greg Dortch	WR	11	0	0	0	0	0	103	0	9	0	0	0	0	0	0
Darius Slayton	WR	11	0	0	0	0	0	86	0	5	0	0	0	0	0	0
Ty Johnson	RB	11	0	0	0	4	0	0	0	0	0	0	0	0	0	0
Tom Kennedy	WR	11	0	0	0	0	0	13	0	1	0	0	0	0	0	0
Joseph Fortson	TE	11	0	0	0	0	0	51	0	2	0	0	0	0	0	0
Jesper Horsted	TE	11	0	0	0	0	0	0	0	0	0	0	0	0	0	0
D'Ernest Johnson	RB	11	0	0	0	0	0	0	0	0	0	0	0	0	0	0
Parris Campbell	WR	11	0	0	0	0	0	67	0	5	0	0	0	0	0	0
Gunner Olszewski	WR	11	0	0	0	0	0	39	0	2	0	0	0	0	0	0
Damien Harris	RB	11	0	0	0	65	0	28	0	2	0	0	0	0	0	0
Terry McLaurin	WR	11	0	0	0	1	0	55	0	4	0	0	0	0	0	0
Darrell Henderson	RB	11	0	0	0	9	0	0	0	0	0	0	0	0	0	0
A.J. Brown	WR	11	0	0	0	0	0	60	0	5	0	0	1	0	0	0
David Montgomery	RB	11	0	0	0	67	1	54	0	3	0	0	0	0	0	0
Dawson Knox	TE	11	0	0	0	0	0	70	0	7	0	0	0	0	0	0
Josh Jacobs	RB	11	0	0	0	109	0	51	0	3	0	0	0	0	0	0
Daniel Jones	QB	11	341	1	2	50	1	0	0	0	0	0	0	0	0	0
Deebo Samuel Sr.	WR	11	0	0	0	37	1	57	0	7	0	0	0	0	0	0
Jakob Johnson	RB	11	0	0	0	0	0	0	0	1	0	0	0	0	0	0
James Robinson	RB	11	0	0	0	10	0	0	0	0	0	0	0	0	0	0
Kendall Hinton	WR	11	0	0	0	0	0	57	0	3	0	0	0	0	0	0
Bryce Perkins	QB	11	64	0	0	39	0	0	0	0	0	0	0	0	0	0
Juwan Johnson	TE	11	0	0	0	0	0	47	1	3	0	0	0	0	0	0
James Proche	WR	11	0	0	0	0	0	0	0	0	0	0	0	0	0	0
Lawrence Cager	TE	11	0	0	0	0	0	20	0	2	0	0	0	0	0	0
Isaiah Hodgins	WR	11	0	0	0	0	0	29	0	3	0	0	1	0	0	0
Nick Westbrook-Ikhine	WR	11	0	0	0	0	0	28	0	2	0	0	0	0	0	0
Reggie Gilliam	RB	11	0	0	0	0	0	0	0	0	0	0	0	0	0	0
Devin Asiasi	TE	11	0	0	0	0	0	0	0	0	0	0	0	0	0	0
Gabe Davis	WR	11	0	0	0	0	0	68	0	5	0	0	0	0	0	0
Marquez Callaway	WR	11	0	0	0	0	0	6	0	1	0	0	0	0	0	0
Jonathan Taylor	RB	11	0	0	0	84	1	10	0	3	0	1	0	0	0	0
Harrison Bryant	TE	11	0	0	0	0	0	41	0	4	0	0	0	0	0	0
Donovan Peoples-Jones	WR	11	0	0	0	0	0	61	1	5	0	0	0	0	0	0
Zack Moss	RB	11	0	0	0	7	0	0	0	0	0	0	0	0	0	0
Michael Pittman	WR	11	0	0	0	0	0	75	0	6	0	0	0	0	0	0
Denzel Mims	WR	11	0	0	0	0	0	35	0	2	0	0	0	0	0	0
Jauan Jennings	WR	11	0	0	0	0	0	0	0	0	0	0	0	0	0	0
Brandon Aiyuk	WR	11	0	0	0	0	0	20	2	2	0	0	0	0	0	0
AJ Dillon	RB	11	0	0	0	13	0	10	0	1	0	0	0	0	0	0
Laviska Shenault Jr.	WR	11	0	0	0	0	0	7	0	4	0	0	0	0	0	0
Quez Watkins	WR	11	0	0	0	0	0	31	1	2	0	0	0	0	0	0
D'Andre Swift	RB	11	0	0	0	20	1	12	0	3	0	0	0	0	0	0
Cole Kmet	TE	11	0	0	0	0	0	35	0	3	0	0	0	0	0	0
Darnell Mooney	WR	11	0	0	0	0	0	29	1	4	0	0	0	0	0	0
Justin Jefferson	WR	11	0	0	0	0	0	33	0	3	0	0	0	0	0	0
Chase Claypool	WR	11	0	0	0	0	0	11	0	2	0	0	0	0	0	0
Antonio Gibson	RB	11	0	0	0	72	0	31	0	3	0	0	0	0	0	0
Devin Duvernay	WR	11	0	0	0	4	0	3	0	1	0	0	0	0	0	0
K.J. Osborn	WR	11	0	0	0	0	0	17	0	2	0	0	0	0	0	0
Justin Herbert	QB	11	280	2	1	17	0	-2	0	1	0	0	0	0	0	0
CeeDee Lamb	WR	11	0	0	0	0	0	45	0	5	0	0	0	0	0	0
Clyde Edwards-Helaire	RB	11	0	0	0	9	0	0	0	0	0	0	0	0	0	0
Jalen Reagor	WR	11	0	0	0	0	0	14	0	1	0	0	0	0	0	0
Jalen Hurts	QB	11	190	1	0	86	1	0	0	0	1	0	0	0	0	0
Tee Higgins	WR	11	0	0	0	0	0	148	0	9	0	0	0	0	0	0
Cam Akers	RB	11	0	0	0	61	0	0	0	0	0	0	0	0	0	0
Van Jefferson	WR	11	0	0	0	0	0	41	0	3	0	0	0	0	0	0
Adam Trautman	TE	11	0	0	0	0	0	12	0	3	0	0	0	0	0	0
Joe Burrow	QB	11	355	4	2	5	0	0	0	0	0	0	0	0	0	0
Deon Jackson	RB	11	0	0	0	7	0	3	0	4	0	0	0	0	0	0
DJ Turner	WR	11	0	0	0	0	0	0	0	0	0	0	0	0	0	0
Nico Collins	WR	11	0	0	0	0	0	48	0	5	0	0	0	0	0	0
Chuba Hubbard	RB	11	0	0	0	0	0	25	0	2	0	0	0	0	0	0
Elijah Mitchell	RB	11	0	0	0	59	0	0	0	0	0	0	0	0	0	0
Gary Brightwell	RB	11	0	0	0	0	0	0	0	0	0	0	0	0	0	0
Shi Smith	WR	11	0	0	0	0	0	26	0	4	0	0	1	0	0	0
John Bates	TE	11	0	0	0	0	0	0	0	0	0	0	0	0	0	0
Noah Gray	TE	11	0	0	0	0	0	15	0	2	0	0	0	0	0	0
Dax Milne	WR	11	0	0	0	0	0	0	0	0	0	0	0	0	0	0
Jack Stoll	TE	11	0	0	0	0	0	7	0	1	0	0	0	0	0	0
Brock Wright	TE	11	0	0	0	0	0	20	0	2	0	0	0	0	0	0
Caleb Huntley	RB	11	0	0	0	4	0	2	0	1	0	0	0	0	0	0
Kene Nwangwu	RB	11	0	0	0	1	0	5	0	1	0	0	0	0	0	0
Tutu Atwell	WR	11	0	0	0	0	0	62	1	1	0	0	0	0	0	0
Ben Skowronek	WR	11	0	0	0	0	0	4	0	1	0	0	0	0	0	0
Rhamondre Stevenson	RB	11	0	0	0	26	0	56	0	6	0	0	0	0	0	0
Kylen Granson	TE	11	0	0	0	0	0	16	0	1	0	0	0	0	0	0
Najee Harris	RB	11	0	0	0	90	2	26	0	4	0	0	0	0	0	0
Pat Freiermuth	TE	11	0	0	0	0	0	79	0	8	0	0	0	0	0	0
Davis Mills	QB	11	169	0	2	10	1	0	0	0	0	0	0	0	0	0
DeVonta Smith	WR	11	0	0	0	0	0	78	0	6	0	0	0	0	0	0
Kadarius Toney	WR	11	0	0	0	0	0	0	0	0	0	0	0	0	0	0
Jacob Harris	WR	11	0	0	0	0	0	0	0	0	0	0	0	0	0	0
Kenny Gainwell	RB	11	0	0	0	0	0	0	0	0	0	0	0	0	0	0
Michael Carter	RB	11	0	0	0	19	0	-2	0	1	0	0	0	0	0	0
Rondale Moore	WR	11	0	0	0	-6	0	0	0	0	0	0	0	0	0	0
Justin Fields	QB	11	153	1	1	85	1	0	0	0	0	0	0	0	0	0
Avery Williams	RB	11	0	0	0	0	0	0	0	0	0	0	0	0	0	0
Terrace Marshall Jr.	WR	11	0	0	0	0	0	76	0	3	0	0	0	0	0	0
Michael Bandy	WR	11	0	0	0	0	0	0	0	0	0	0	0	0	0	0
Amon-Ra St. Brown	WR	11	0	0	0	4	0	76	0	7	0	0	0	0	0	0
Kyle Pitts	TE	11	0	0	0	0	0	43	0	3	0	0	0	0	0	0
Mac Jones	QB	11	246	0	0	3	0	0	0	0	0	0	0	0	0	0
Elijah Moore	WR	11	0	0	0	0	0	17	0	2	0	0	0	0	0	0
Josh Palmer	WR	11	0	0	0	0	0	106	2	8	0	0	0	0	0	0
Anthony Schwartz	WR	11	0	0	0	0	0	0	0	0	0	0	0	0	0	0
Tommy Tremble	TE	11	0	0	0	0	0	0	0	0	0	0	0	0	0	0
Zach Wilson	QB	11	77	0	0	26	0	0	0	0	0	0	0	0	0	0
Cole Turner	TE	11	0	0	0	0	0	0	0	0	0	0	0	0	0	0
Grant Calcaterra	TE	11	0	0	0	0	0	0	0	0	0	0	0	0	0	0
Trestan Ebner	RB	11	0	0	0	8	0	0	0	0	0	0	0	0	0	0
Britain Covey	WR	11	0	0	0	0	0	0	0	0	0	0	0	0	0	0
Isiah Pacheco	RB	11	0	0	0	107	0	0	0	0	0	0	0	0	0	0
Jaylen Warren	RB	11	0	0	0	0	0	9	0	1	0	0	0	0	0	0
Drake London	WR	11	0	0	0	0	0	2	1	1	0	0	0	0	0	0
Chris Olave	WR	11	0	0	0	0	0	102	1	5	0	0	0	0	0	0
George Pickens	WR	11	0	0	0	0	0	83	1	4	0	0	0	0	0	0
James Cook	RB	11	0	0	0	86	0	0	0	0	0	0	0	0	0	0
Greg Dulcich	TE	11	0	0	0	0	0	30	0	4	0	0	0	0	0	0
David Bell	WR	11	0	0	0	0	0	22	0	4	0	0	0	0	0	0
Dameon Pierce	RB	11	0	0	0	8	0	9	0	2	0	0	0	0	0	0
Tyler Allgeier	RB	11	0	0	0	55	0	9	0	1	0	0	0	0	0	0
Jerome Ford	RB	11	0	0	0	0	0	0	0	0	0	0	0	0	0	0
Montrell Washington	WR	11	0	0	0	0	0	0	0	0	0	0	0	0	0	0
Teagan Quitoriano	TE	11	0	0	0	0	0	0	0	0	0	0	0	0	0	0
Jalen Nailor	WR	11	0	0	0	0	0	15	0	1	0	0	0	0	0	0
Keaontay Ingram	RB	11	0	0	0	19	0	0	0	0	0	0	0	0	0	0
Brittain Brown	RB	11	0	0	0	0	0	0	0	0	0	0	0	0	0	0
Zander Horvath	RB	11	0	0	0	3	0	0	0	0	0	0	0	0	0	0
Brandon Johnson	WR	11	0	0	0	0	0	2	0	1	0	0	0	0	0	0
Raheem Blackshear	RB	11	0	0	0	0	0	14	0	2	0	0	0	0	0	0
Troy Hairston	RB	11	0	0	0	0	0	0	0	0	0	0	0	0	0	0
Stone Smartt	TE	11	0	0	0	0	0	6	0	1	0	0	0	0	0	0
Jordan Mason	RB	11	0	0	0	14	0	0	0	0	0	0	0	0	0	0
Rashid Shaheed	WR	11	0	0	0	0	0	8	0	1	0	0	0	0	0	0
Malik Davis	RB	11	0	0	0	13	0	22	0	2	0	0	0	0	0	0
Peyton Hendershot	TE	11	0	0	0	0	0	-2	0	1	0	0	0	0	0	0
Hassan Haskins	RB	11	0	0	0	0	0	0	0	0	0	0	0	0	0	0
Alec Pierce	WR	11	0	0	0	0	0	28	0	3	0	0	0	0	0	0
Jalen Tolbert	WR	11	0	0	0	0	0	8	0	1	0	0	0	0	0	0
Garrett Wilson	WR	11	0	0	0	0	0	12	0	2	0	0	0	0	0	0
Jahan Dotson	WR	11	0	0	0	3	0	13	0	1	0	0	0	0	0	0
Treylon Burks	WR	11	0	0	0	0	0	111	0	7	0	0	0	0	0	0
Trey McBride	TE	11	0	0	0	0	0	14	0	4	0	0	0	0	0	0
Velus Jones Jr.	WR	11	0	0	0	0	0	0	0	0	0	0	0	0	0	0
Brian Robinson	RB	11	0	0	0	57	0	0	0	0	0	0	0	0	0	0
KaVontae Turpin	WR	11	0	0	0	0	0	0	0	0	0	0	0	0	0	0
Chig Okonkwo	TE	11	0	0	0	0	0	31	0	1	0	0	0	0	0	0
Brock Purdy	QB	11	0	0	0	3	0	0	0	0	0	0	0	0	0	0
Isaiah Likely	TE	11	0	0	0	0	0	1	0	1	0	0	0	0	0	0
Kyren Williams	RB	11	0	0	0	36	0	8	0	1	0	0	0	0	0	0
Jake Ferguson	TE	11	0	0	0	0	0	15	0	2	0	0	0	0	0	0
Isaiah Spiller	RB	11	0	0	0	11	0	11	0	2	0	0	0	0	0	0
Skyy Moore	WR	11	0	0	0	0	0	63	0	5	0	0	0	0	0	0
Pierre Strong	RB	11	0	0	0	0	0	0	0	0	0	0	0	0	0	0
Kenny Pickett	QB	11	265	1	0	14	0	0	0	0	0	0	0	0	0	0
Tyquan Thornton	WR	11	0	0	0	0	0	5	0	1	0	0	0	0	0	0
Wan'Dale Robinson	WR	11	0	0	0	4	0	100	0	9	0	0	0	0	0	0
Christian Watson	WR	11	0	0	0	3	0	48	2	4	0	0	0	0	0	0
Tom Brady	QB	12	246	2	0	2	0	0	0	0	0	0	0	0	0	0
Aaron Rodgers	QB	12	140	2	2	-1	0	0	0	0	0	0	0	0	0	0
Matt Ryan	QB	12	199	1	1	22	0	0	0	0	0	1	0	0	0	0
DeSean Jackson	WR	12	0	0	0	0	0	74	0	2	0	0	0	0	0	0
A.J. Green	WR	12	0	0	0	0	0	5	0	1	0	0	0	0	0	0
Julio Jones	WR	12	0	0	0	15	0	40	0	3	0	0	0	0	0	0
Mark Ingram	RB	12	0	0	0	10	0	0	0	0	0	0	0	0	0	0
Andy Dalton	QB	12	204	0	0	21	0	0	0	0	0	0	0	0	0	0
Randall Cobb	WR	12	0	0	0	0	0	19	1	2	0	0	0	0	0	0
Russell Wilson	QB	12	142	1	0	8	0	0	0	0	1	0	0	0	0	0
Marvin Jones	WR	12	0	0	0	0	0	22	1	3	0	0	0	0	0	0
Kirk Cousins	QB	12	299	3	1	-1	0	0	0	0	0	0	0	0	0	0
Ryan Tannehill	QB	12	291	0	0	9	0	0	0	0	0	0	0	0	0	0
Adam Thielen	WR	12	0	0	0	0	0	61	1	9	0	0	0	0	0	0
Marquise Goodwin	WR	12	0	0	0	7	0	48	0	3	0	0	0	0	0	0
Keenan Allen	WR	12	0	0	0	0	0	49	1	5	0	0	0	0	0	0
Rex Burkhead	RB	12	0	0	0	0	0	5	0	1	0	0	0	0	0	0
Robert Woods	WR	12	0	0	0	0	0	16	0	2	0	0	0	0	0	0
Travis Kelce	TE	12	0	0	0	0	0	57	1	4	0	0	0	0	0	0
Latavius Murray	RB	12	0	0	0	92	0	6	0	1	0	0	0	0	0	0
DeAndre Hopkins	WR	12	0	0	0	0	0	87	1	4	0	0	0	0	0	0
Geno Smith	QB	12	328	2	1	22	0	0	0	0	0	1	0	0	0	0
Cordarrelle Patterson	RB	12	0	0	0	52	0	19	0	3	0	0	0	0	0	0
Brandin Cooks	WR	12	0	0	0	2	0	59	0	5	0	0	0	0	0	0
Logan Thomas	TE	12	0	0	0	0	0	7	0	1	0	0	0	0	0	0
Cameron Brate	TE	12	0	0	0	0	0	15	0	2	0	0	0	0	0	0
Derek Carr	QB	12	295	3	2	10	0	0	0	0	0	0	0	0	0	0
Jimmy Garoppolo	QB	12	222	1	0	4	0	0	0	0	0	0	0	0	0	0
Jerick McKinnon	RB	12	0	0	0	0	0	26	0	3	0	0	0	0	0	0
Davante Adams	WR	12	0	0	0	0	0	74	0	7	0	0	0	0	0	0
Jarvis Landry	WR	12	0	0	0	0	0	20	0	2	0	0	0	0	0	0
Mike Evans	WR	12	0	0	0	0	0	31	0	2	0	0	0	0	0	0
Amari Cooper	WR	12	0	0	0	0	0	94	0	7	0	0	0	0	0	0
Kevin White	WR	12	0	0	0	0	0	0	0	0	0	0	0	0	0	0
DeVante Parker	WR	12	0	0	0	0	0	80	0	4	0	0	0	0	0	0
Nelson Agholor	WR	12	0	0	0	0	0	65	1	6	0	0	0	0	0	0
MyCole Pruitt	TE	12	0	0	0	0	0	9	1	2	0	0	0	0	0	0
Stefon Diggs	WR	12	0	0	0	0	0	77	1	8	0	0	0	0	0	0
Nick Boyle	TE	12	0	0	0	0	0	0	0	0	0	0	0	0	0	0
DeAndre Carter	WR	12	0	0	0	0	0	73	1	7	0	0	0	0	0	0
Taylor Heinicke	QB	12	138	2	1	-1	0	0	0	0	0	0	0	0	0	0
Breshad Perriman	WR	12	0	0	0	0	0	0	0	0	0	0	0	0	0	0
Ameer Abdullah	RB	12	0	0	0	16	0	39	1	3	0	0	0	0	0	0
C.J. Uzomah	TE	12	0	0	0	0	0	17	0	3	0	0	0	0	0	0
Geoff Swaim	TE	12	0	0	0	0	0	0	0	0	0	0	0	0	0	0
Trevor Siemian	QB	12	179	1	1	8	0	0	0	0	0	0	0	0	0	0
Phillip Dorsett	WR	12	0	0	0	0	0	5	0	1	0	0	0	0	0	0
Tyler Lockett	WR	12	0	0	0	0	0	68	1	3	0	0	0	0	0	0
Marcus Mariota	QB	12	174	1	1	49	0	0	0	0	0	0	0	0	0	0
Austin Hooper	TE	12	0	0	0	0	0	30	0	3	0	0	0	0	0	0
Chris Moore	WR	12	0	0	0	0	0	7	0	2	0	0	0	0	0	0
Dwayne Washington	RB	12	0	0	0	0	0	0	0	0	0	0	0	0	0	0
Kalif Raymond	WR	12	0	0	0	0	0	35	0	4	0	0	0	0	0	0
Alex Erickson	WR	12	0	0	0	0	0	0	0	0	0	0	0	0	0	0
Robbie Chosen	WR	12	0	0	0	0	0	17	0	1	0	0	0	0	0	0
Derrick Henry	RB	12	0	0	0	38	0	79	0	3	0	0	0	0	0	0
Demarcus Robinson	WR	12	0	0	0	0	0	17	0	1	0	0	0	0	0	0
Jonathan Williams	RB	12	0	0	0	22	0	0	0	0	0	0	0	0	0	0
Tyler Boyd	WR	12	0	0	0	0	0	16	0	2	0	0	0	0	0	0
Tyreek Hill	WR	12	0	0	0	5	0	85	0	6	0	0	0	0	0	0
Ezekiel Elliott	RB	12	0	0	0	92	1	3	0	1	0	0	0	0	0	0
Dak Prescott	QB	12	261	2	2	4	0	0	0	0	0	0	0	0	0	0
Hunter Henry	TE	12	0	0	0	0	0	63	1	3	0	0	0	0	0	0
Jared Goff	QB	12	240	2	0	0	0	0	0	0	0	0	0	0	0	0
Pharoh Cooper	WR	12	0	0	0	0	0	0	0	0	0	0	0	0	0	0
Kenyan Drake	RB	12	0	0	0	2	0	0	0	0	0	0	0	0	0	0
Jacoby Brissett	QB	12	210	1	1	27	0	0	0	0	0	0	0	0	0	0
Mo Alie-Cox	TE	12	0	0	0	0	0	14	0	2	0	0	0	0	0	0
Johnny Mundt	TE	12	0	0	0	0	0	20	0	2	0	0	0	0	0	0
Zach Pascal	WR	12	0	0	0	0	0	0	0	0	0	0	0	0	0	0
Christian McCaffrey	RB	12	0	0	0	32	0	17	0	4	0	0	0	0	0	0
Curtis Samuel	WR	12	0	0	0	13	0	0	0	0	0	0	0	0	0	0
George Kittle	TE	12	0	0	0	0	0	26	0	3	0	0	0	0	0	0
Trent Taylor	WR	12	0	0	0	0	0	8	0	1	0	0	0	0	0	0
Aaron Jones	RB	12	0	0	0	43	0	56	1	3	0	0	0	0	0	0
Kendrick Bourne	WR	12	0	0	0	-7	0	36	0	3	0	0	0	0	0	0
Matt Breida	RB	12	0	0	0	6	0	9	0	1	0	0	0	0	0	0
Taysom Hill	TE	12	0	0	0	13	0	7	0	1	0	0	0	0	0	0
C.J. Board	WR	12	0	0	0	0	0	0	0	0	0	0	0	0	0	0
Patrick Ricard	RB	12	0	0	0	0	0	14	0	2	0	0	0	0	0	0
Cody Hollister	WR	12	0	0	0	0	0	0	0	0	0	0	0	0	0	0
Anthony Firkser	TE	12	0	0	0	0	0	16	0	1	0	0	0	0	0	0
Isaiah McKenzie	WR	12	0	0	0	7	0	96	1	6	0	0	0	0	0	0
Samaje Perine	RB	12	0	0	0	58	1	35	0	4	0	0	0	0	0	0
James Conner	RB	12	0	0	0	120	0	20	1	3	0	1	0	0	0	0
Mack Hollins	WR	12	0	0	0	0	0	63	1	4	0	0	0	0	0	0
Jamal Agnew	WR	12	0	0	0	0	0	37	1	5	0	0	0	0	0	0
Noah Brown	WR	12	0	0	0	0	0	0	0	0	0	0	0	0	0	0
Keelan Cole	WR	12	0	0	0	0	0	12	0	2	0	0	0	0	0	0
Austin Ekeler	RB	12	0	0	0	20	0	60	1	11	0	0	0	0	0	0
Corey Clement	RB	12	0	0	0	0	0	8	0	1	0	0	0	0	0	0
Robert Tonyan	TE	12	0	0	0	0	0	20	0	3	0	0	0	0	0	0
Dare Ogunbowale	RB	12	0	0	0	14	1	6	0	1	0	0	0	0	0	0
JuJu Smith-Schuster	WR	12	0	0	0	0	0	38	0	3	0	0	0	0	0	0
Corey Davis	WR	12	0	0	0	0	0	9	0	1	0	0	0	0	0	0
Patrick Mahomes	QB	12	320	1	1	36	0	0	0	0	0	0	0	0	0	0
O.J. Howard	TE	12	0	0	0	0	0	0	0	0	0	0	0	0	0	0
Evan Engram	TE	12	0	0	0	0	0	4	0	1	0	0	0	0	0	0
David Njoku	TE	12	0	0	0	0	0	29	1	5	0	0	0	0	0	0
Zay Jones	WR	12	0	0	0	0	0	145	0	11	0	0	0	0	0	1
Dalvin Cook	RB	12	0	0	0	42	0	14	0	4	0	0	0	0	0	0
Gerald Everett	TE	12	0	0	0	0	0	18	0	4	0	0	0	0	0	1
Alvin Kamara	RB	12	0	0	0	13	0	37	0	6	0	1	1	0	0	0
Chris Godwin Jr.	WR	12	0	0	0	0	0	110	1	12	0	0	0	0	0	0
Kareem Hunt	RB	12	0	0	0	15	0	6	0	1	0	0	0	0	0	0
D'Onta Foreman	RB	12	0	0	0	113	0	0	0	0	0	0	0	0	0	0
Jamaal Williams	RB	12	0	0	0	66	1	0	0	0	0	1	0	0	0	0
Marlon Mack	RB	12	0	0	0	7	0	5	0	1	0	0	0	0	0	0
River Cracraft	WR	12	0	0	0	0	0	55	0	4	0	0	0	0	0	0
Jeff Wilson	RB	12	0	0	0	39	1	13	0	1	0	0	0	0	0	0
Will Dissly	TE	12	0	0	0	0	0	17	0	2	0	0	0	0	0	0
Gus Edwards	RB	12	0	0	0	52	1	0	0	0	0	1	0	0	0	0
Dontrell Hilliard	RB	12	0	0	0	16	0	3	0	3	0	0	0	0	0	0
Tyler Conklin	TE	12	0	0	0	0	0	50	0	3	0	0	0	0	0	0
Marquez Valdes-Scantling	WR	12	0	0	0	0	0	56	0	4	0	0	0	0	0	0
Equanimeous St. Brown	WR	12	0	0	0	0	0	7	0	1	0	0	0	0	0	0
Richie James	WR	12	0	0	0	0	0	41	1	5	0	0	0	0	0	0
Byron Pringle	WR	12	0	0	0	0	0	12	1	2	0	0	0	0	0	0
Courtland Sutton	WR	12	0	0	0	0	0	75	0	6	0	0	0	0	0	0
Jordan Akins	TE	12	0	0	0	0	0	61	1	5	0	0	1	0	0	0
Ian Thomas	TE	12	0	0	0	0	0	21	0	2	0	0	0	0	0	0
Nyheim Hines	RB	12	0	0	0	3	0	0	0	0	0	0	0	0	0	0
Dalton Schultz	TE	12	0	0	0	0	0	31	2	4	0	0	0	0	0	0
Justin Watson	WR	12	0	0	0	0	0	26	0	2	0	0	0	0	0	0
Mike White	QB	12	315	3	0	2	0	0	0	0	0	0	0	0	0	0
Ray-Ray McCloud	WR	12	0	0	0	0	0	12	0	1	0	0	0	0	0	0
Boston Scott	RB	12	0	0	0	24	0	0	0	0	0	0	0	0	0	0
Cedrick Wilson Jr.	WR	12	0	0	0	0	0	26	0	2	0	0	0	0	0	0
Braxton Berrios	WR	12	0	0	0	9	0	4	0	1	0	0	0	0	0	0
Justin Jackson	RB	12	0	0	0	4	0	15	0	1	0	0	0	0	0	0
Trent Sherfield	WR	12	0	0	0	0	0	33	0	2	0	0	0	0	0	0
Allen Lazard	WR	12	0	0	0	0	0	24	0	2	0	0	0	0	0	0
Kyle Allen	QB	12	215	1	2	12	0	0	0	0	0	0	0	0	0	0
Tanner Hudson	TE	12	0	0	0	0	0	10	0	1	0	0	0	0	0	0
Brandon Powell	WR	12	0	0	0	0	0	6	0	2	0	0	0	0	0	0
Mark Andrews	TE	12	0	0	0	0	0	50	0	4	0	0	0	0	0	1
Michael Gallup	WR	12	0	0	0	0	0	63	0	5	0	0	0	0	0	0
Tre'Quan Smith	WR	12	0	0	0	0	0	8	0	1	0	0	0	0	0	0
Christian Kirk	WR	12	0	0	0	-5	0	46	0	4	0	0	0	0	0	0
DJ Chark	WR	12	0	0	0	0	0	16	1	2	0	0	0	0	0	0
Nick Chubb	RB	12	0	0	0	116	1	16	0	1	0	0	0	0	0	0
Lamar Jackson	QB	12	254	1	0	89	0	0	0	0	0	1	0	1	0	0
Durham Smythe	TE	12	0	0	0	0	0	4	1	1	0	0	0	0	0	0
Ronald Jones	RB	12	0	0	0	12	0	22	0	1	0	0	0	0	0	0
DJ Moore	WR	12	0	0	0	0	0	103	1	4	0	0	0	0	0	0
Mike Gesicki	TE	12	0	0	0	0	0	0	0	0	0	0	0	0	0	0
Hayden Hurst	TE	12	0	0	0	0	0	57	0	6	0	0	0	0	0	0
Saquon Barkley	RB	12	0	0	0	39	1	13	0	4	0	0	0	0	0	0
Josh Allen	QB	12	253	2	1	78	1	0	0	0	0	0	0	0	0	0
Dante Pettis	WR	12	0	0	0	0	0	12	0	1	0	0	0	0	0	0
Sam Darnold	QB	12	164	1	0	3	1	0	0	0	0	0	0	0	0	0
Steven Sims	WR	12	0	0	0	0	0	9	0	2	0	0	0	0	0	0
Jakobi Meyers	WR	12	0	0	0	0	0	62	0	3	0	0	0	0	0	0
Alexander Mattison	RB	12	0	0	0	11	0	0	0	0	0	0	0	0	0	0
Justice Hill	RB	12	0	0	0	3	0	0	0	0	0	0	0	0	0	0
Foster Moreau	TE	12	0	0	0	0	0	33	1	3	0	0	0	0	0	0
Ashton Dulin	WR	12	0	0	0	0	0	0	0	0	0	0	0	0	0	0
Devine Ozigbo	RB	12	0	0	0	0	0	3	0	1	0	0	0	0	0	0
Olamide Zaccheaus	WR	12	0	0	0	0	0	91	0	5	0	0	0	0	0	0
Diontae Johnson	WR	12	0	0	0	0	0	49	0	5	0	0	0	0	0	0
Benny Snell	RB	12	0	0	0	62	1	6	0	1	0	0	0	0	0	0
Zach Gentry	TE	12	0	0	0	0	0	-4	0	1	0	0	0	0	0	0
Kyler Murray	QB	12	191	2	1	56	1	0	0	0	0	0	0	0	0	0
T.J. Hockenson	TE	12	0	0	0	0	0	43	1	5	0	0	0	0	0	0
Miles Sanders	RB	12	0	0	0	143	2	17	0	3	0	0	0	0	0	0
Josh Oliver	TE	12	0	0	0	0	0	76	1	4	0	0	0	0	0	0
Devin Singletary	RB	12	0	0	0	72	0	8	0	1	0	0	0	0	0	0
Trevon Wesco	TE	12	0	0	0	0	0	3	0	1	0	0	0	0	0	0
Tony Pollard	RB	12	0	0	0	60	0	1	0	2	0	0	0	0	0	0
Trayveon Williams	RB	12	0	0	0	18	0	24	0	1	0	0	0	0	0	0
Myles Gaskin	RB	12	0	0	0	17	0	4	0	1	0	0	0	0	0	0
Trenton Irwin	WR	12	0	0	0	0	0	16	0	1	0	0	0	0	0	0
Chris Myarick	TE	12	0	0	0	0	0	23	0	1	0	0	0	0	0	0
Stanley Morgan	WR	12	0	0	0	0	0	0	0	0	0	0	0	0	0	0
Darius Slayton	WR	12	0	0	0	0	0	63	0	3	0	0	0	0	0	0
Ty Johnson	RB	12	0	0	0	62	1	16	0	1	0	0	0	0	0	0
Joseph Fortson	TE	12	0	0	0	0	0	26	0	2	0	0	0	0	0	0
Jesper Horsted	TE	12	0	0	0	0	0	0	0	0	0	0	0	0	0	0
Parker Hesse	TE	12	0	0	0	0	0	9	0	1	0	0	0	0	0	0
Travis Homer	RB	12	0	0	0	8	0	45	1	2	0	0	0	0	0	0
Parris Campbell	WR	12	0	0	0	0	0	14	0	2	0	0	0	0	0	0
DK Metcalf	WR	12	0	0	0	0	0	90	0	11	0	0	0	0	0	0
Noah Fant	TE	12	0	0	0	0	0	34	0	3	0	0	0	0	0	0
Gunner Olszewski	WR	12	0	0	0	9	0	0	0	0	0	0	0	0	0	0
Damien Harris	RB	12	0	0	0	16	0	0	0	0	0	0	0	0	0	0
Terry McLaurin	WR	12	0	0	0	5	0	48	0	4	0	0	0	0	0	0
Marquise Brown	WR	12	0	0	0	0	0	46	0	6	0	0	0	0	0	0
A.J. Brown	WR	12	0	0	0	0	0	46	1	4	0	0	1	0	0	0
David Montgomery	RB	12	0	0	0	79	0	34	0	3	0	0	0	0	0	0
Dawson Knox	TE	12	0	0	0	0	0	17	0	2	0	0	0	0	0	0
Josh Jacobs	RB	12	0	0	0	229	2	74	0	6	0	0	0	0	0	0
Daniel Jones	QB	12	228	1	0	14	0	0	0	0	0	0	0	0	0	0
Deebo Samuel Sr.	WR	12	0	0	0	0	0	43	0	3	0	0	0	0	0	0
Jakob Johnson	RB	12	0	0	0	0	0	0	0	0	0	0	0	0	0	0
JaMycal Hasty	RB	12	0	0	0	28	0	67	1	5	0	0	0	0	0	0
Kendall Hinton	WR	12	0	0	0	13	0	35	0	5	0	0	0	0	0	0
Andre Baccellia	WR	12	0	0	0	0	0	7	0	1	0	0	0	0	0	0
Cody White	WR	12	0	0	0	0	0	2	0	1	0	0	0	0	0	0
Bryce Perkins	QB	12	100	1	2	44	0	0	0	0	0	0	0	0	0	0
Juwan Johnson	TE	12	0	0	0	0	0	0	0	0	0	0	0	0	0	0
Lawrence Cager	TE	12	0	0	0	0	0	20	0	1	0	0	0	0	0	0
Isaiah Hodgins	WR	12	0	0	0	0	0	31	0	3	0	0	0	0	0	0
Nick Westbrook-Ikhine	WR	12	0	0	0	0	0	58	0	4	0	0	0	0	0	0
Reggie Gilliam	RB	12	0	0	0	0	0	0	0	0	0	0	0	0	0	0
Gabe Davis	WR	12	0	0	0	0	0	38	0	4	0	0	0	0	0	0
Tua Tagovailoa	QB	12	299	1	0	0	0	0	0	0	0	0	0	0	0	0
Jonathan Taylor	RB	12	0	0	0	86	1	12	0	3	0	0	0	0	0	0
Harrison Bryant	TE	12	0	0	0	0	0	9	0	2	0	0	0	0	0	0
Donovan Peoples-Jones	WR	12	0	0	0	0	0	16	0	2	0	0	0	0	0	0
Tyler Davis	TE	12	0	0	0	0	0	0	0	0	0	0	0	0	0	0
Zack Moss	RB	12	0	0	0	2	0	0	0	0	0	0	0	0	0	0
Michael Pittman	WR	12	0	0	0	0	0	61	1	7	0	0	0	0	0	0
Denzel Mims	WR	12	0	0	0	0	0	11	0	1	0	0	0	0	0	0
Jauan Jennings	WR	12	0	0	0	0	0	49	1	6	0	0	0	0	0	0
Brandon Aiyuk	WR	12	0	0	0	0	0	65	0	5	0	0	0	0	0	0
Jordan Love	QB	12	113	1	0	0	0	0	0	0	0	0	0	0	0	0
AJ Dillon	RB	12	0	0	0	64	1	24	0	3	0	0	0	0	0	0
Laviska Shenault Jr.	WR	12	0	0	0	2	0	19	0	2	0	0	0	0	0	0
Quez Watkins	WR	12	0	0	0	0	0	35	1	3	0	0	0	0	0	0
D'Andre Swift	RB	12	0	0	0	19	0	24	0	4	0	0	0	0	1	0
Cole Kmet	TE	12	0	0	0	0	0	27	0	3	0	0	0	0	0	0
Darrynton Evans	RB	12	0	0	0	34	0	33	0	1	0	0	0	0	0	0
Justin Jefferson	WR	12	11	0	0	0	0	139	1	9	0	0	0	0	0	0
Chase Claypool	WR	12	0	0	0	0	0	51	0	2	0	0	0	0	0	0
Antonio Gibson	RB	12	0	0	0	32	0	22	0	3	0	0	0	0	0	0
Devin Duvernay	WR	12	0	0	0	16	0	23	0	3	0	0	0	0	0	0
Anthony McFarland	RB	12	0	0	0	30	0	11	0	2	0	0	0	0	0	0
K.J. Osborn	WR	12	0	0	0	5	0	8	0	1	0	0	0	0	0	0
Justin Herbert	QB	12	274	3	0	38	0	0	0	0	0	0	0	1	0	0
CeeDee Lamb	WR	12	0	0	0	11	0	106	0	6	0	0	0	0	0	0
Joshua Kelley	RB	12	0	0	0	4	0	16	0	2	0	0	0	0	0	0
Jalen Reagor	WR	12	0	0	0	0	0	25	0	1	0	0	0	0	0	0
Jalen Hurts	QB	12	153	2	0	157	0	0	0	0	0	0	0	0	0	0
Tee Higgins	WR	12	0	0	0	0	0	114	1	7	0	0	0	0	0	0
Cam Akers	RB	12	0	0	0	37	0	0	0	0	0	0	0	0	0	0
Van Jefferson	WR	12	0	0	0	0	0	29	1	3	0	0	0	0	0	0
Adam Trautman	TE	12	0	0	0	0	0	17	0	1	0	0	0	0	0	0
Brycen Hopkins	TE	12	0	0	0	0	0	12	0	1	0	0	0	0	0	0
DeeJay Dallas	RB	12	0	0	0	2	0	13	0	2	0	0	0	0	0	0
Charlie Woerner	TE	12	0	0	0	0	0	0	0	0	0	0	0	0	0	0
Joe Burrow	QB	12	270	1	0	32	0	0	0	0	0	0	0	0	0	0
Ke'Shawn Vaughn	RB	12	0	0	0	15	0	0	0	0	0	0	0	0	0	0
Tim Jones	WR	12	0	0	0	0	0	0	0	0	0	0	0	0	0	0
Nico Collins	WR	12	0	0	0	0	0	44	0	6	0	0	0	0	0	0
Chuba Hubbard	RB	12	0	0	0	65	0	0	0	0	0	0	0	0	0	0
Elijah Mitchell	RB	12	0	0	0	35	0	8	0	2	0	0	0	0	0	0
Gary Brightwell	RB	12	0	0	0	31	0	18	0	2	0	0	0	0	0	0
Shi Smith	WR	12	0	0	0	0	0	0	0	0	0	0	0	0	0	0
Quintin Morris	TE	12	0	0	0	0	0	3	0	1	0	0	0	0	0	0
Jaylen Waddle	WR	12	0	0	0	0	0	85	0	5	0	0	0	0	0	0
Dyami Brown	WR	12	0	0	0	0	0	17	0	1	0	0	0	0	0	0
John Bates	TE	12	0	0	0	0	0	24	1	3	0	0	0	0	0	0
Noah Gray	TE	12	0	0	0	0	0	16	0	2	0	0	0	0	0	0
Brock Wright	TE	12	0	0	0	0	0	6	0	2	0	0	0	0	0	0
Caleb Huntley	RB	12	0	0	0	12	0	1	0	1	0	0	0	0	0	0
Kene Nwangwu	RB	12	0	0	0	0	0	0	0	0	0	0	0	0	0	0
Tutu Atwell	WR	12	0	0	0	0	0	23	0	2	0	0	0	0	0	0
Chris Evans	RB	12	0	0	0	0	0	0	0	0	0	0	0	0	0	0
Ben Skowronek	WR	12	0	0	0	0	0	5	0	2	0	0	0	0	0	0
Rhamondre Stevenson	RB	12	0	0	0	36	0	76	0	9	0	0	0	0	0	0
Jaelon Darden	WR	12	0	0	0	0	0	0	0	0	0	0	0	0	0	0
Najee Harris	RB	12	0	0	0	35	1	4	0	1	0	0	0	0	0	0
Pat Freiermuth	TE	12	0	0	0	0	0	39	0	3	0	0	0	0	0	0
DeVonta Smith	WR	12	0	0	0	0	0	50	0	4	0	0	0	0	0	0
Jacob Harris	WR	12	0	0	0	0	0	6	0	1	0	0	0	0	0	0
Kenny Gainwell	RB	12	0	0	0	39	1	7	0	1	0	0	0	0	0	0
Michael Carter	RB	12	0	0	0	21	0	15	0	2	0	0	0	0	0	0
Avery Williams	RB	12	0	0	0	0	0	0	0	0	0	0	0	0	0	0
Terrace Marshall Jr.	WR	12	0	0	0	0	0	8	0	1	0	0	0	0	0	0
Michael Bandy	WR	12	0	0	0	0	0	0	0	0	0	0	0	0	0	0
Amon-Ra St. Brown	WR	12	0	0	0	7	0	122	1	9	0	0	0	0	0	0
Trevor Lawrence	QB	12	321	3	0	1	0	0	0	0	1	0	0	1	0	0
Mac Jones	QB	12	382	2	0	0	0	0	0	0	0	0	0	0	0	0
Travis Etienne	RB	12	0	0	0	3	0	0	0	0	0	0	0	0	0	0
Elijah Moore	WR	12	0	0	0	-4	0	64	1	2	0	0	0	0	0	0
Josh Palmer	WR	12	0	0	0	0	0	56	0	5	0	0	0	0	0	0
Anthony Schwartz	WR	12	0	0	0	31	1	17	0	1	0	0	0	0	0	0
Tommy Tremble	TE	12	0	0	0	0	0	2	0	1	0	0	0	0	0	0
Tre' McKitty	TE	12	0	0	0	0	0	0	0	0	0	0	0	0	0	0
Lance McCutcheon	WR	12	0	0	0	0	0	0	0	0	0	0	0	0	0	0
Cole Turner	TE	12	0	0	0	0	0	0	0	0	0	0	0	0	0	0
Grant Calcaterra	TE	12	0	0	0	0	0	-2	0	1	0	0	0	0	0	0
Britain Covey	WR	12	0	0	0	0	0	0	0	0	0	0	0	0	0	0
Bam Knight	RB	12	0	0	0	69	0	34	0	3	0	0	0	0	0	0
Isiah Pacheco	RB	12	0	0	0	69	1	17	0	1	0	0	0	0	0	0
Drake London	WR	12	0	0	0	0	0	29	0	2	0	0	0	0	0	0
Chris Olave	WR	12	0	0	0	0	0	62	0	5	0	0	0	0	0	0
George Pickens	WR	12	0	0	0	0	0	57	0	3	0	0	0	0	0	1
James Cook	RB	12	0	0	0	4	0	14	0	2	0	0	0	0	0	0
Greg Dulcich	TE	12	0	0	0	0	0	11	0	2	0	0	0	0	0	0
Rachaad White	RB	12	0	0	0	64	0	45	0	9	0	0	0	0	0	0
David Bell	WR	12	0	0	0	0	0	23	0	4	0	0	0	0	0	0
Dameon Pierce	RB	12	0	0	0	8	0	8	0	3	0	0	0	0	0	0
Tyler Allgeier	RB	12	0	0	0	54	0	0	0	0	0	0	0	0	0	0
Snoop Conner	RB	12	0	0	0	11	0	0	0	0	0	0	0	0	0	0
Jerome Ford	RB	12	0	0	0	0	0	0	0	0	0	0	0	0	0	0
Montrell Washington	WR	12	0	0	0	1	0	-3	0	1	0	0	0	0	0	0
Teagan Quitoriano	TE	12	0	0	0	0	0	20	0	2	0	0	0	0	0	0
James Mitchell	TE	12	0	0	0	0	0	22	0	1	0	0	0	0	0	0
Jalen Nailor	WR	12	0	0	0	0	0	0	0	0	0	0	0	0	0	0
Keaontay Ingram	RB	12	0	0	0	5	0	0	0	0	0	0	0	0	0	0
Ko Kieft	TE	12	0	0	0	0	0	5	1	1	0	0	0	0	0	0
Skylar Thompson	QB	12	6	0	0	5	0	0	0	0	0	1	0	0	0	0
Brandon Johnson	WR	12	0	0	0	0	0	10	1	2	0	0	0	0	0	0
Jalen Virgil	WR	12	0	0	0	0	0	0	0	0	0	0	0	0	0	0
Raheem Blackshear	RB	12	0	0	0	0	0	11	0	1	0	0	0	0	0	0
Jordan Mason	RB	12	0	0	0	25	0	0	0	0	0	0	0	0	0	0
Rashid Shaheed	WR	12	0	0	0	6	0	53	0	2	0	0	0	0	0	0
Peyton Hendershot	TE	12	0	0	0	2	1	0	0	0	0	0	0	0	0	0
Hassan Haskins	RB	12	0	0	0	0	0	0	0	0	0	0	0	0	0	0
Alec Pierce	WR	12	0	0	0	0	0	0	0	0	0	0	0	0	0	0
Garrett Wilson	WR	12	0	0	0	-1	0	95	2	5	0	0	0	0	0	0
Jahan Dotson	WR	12	0	0	0	0	0	0	0	0	0	0	0	0	0	0
Treylon Burks	WR	12	0	0	0	0	0	70	0	4	0	0	0	0	0	0
Trey McBride	TE	12	0	0	0	0	0	1	0	1	0	0	0	0	0	0
Velus Jones Jr.	WR	12	0	0	0	6	0	0	0	0	0	0	0	0	0	0
Brian Robinson	RB	12	0	0	0	105	0	20	1	2	0	0	0	0	0	0
Jelani Woods	TE	12	0	0	0	0	0	98	0	8	0	0	0	0	0	0
KaVontae Turpin	WR	12	0	0	0	0	0	0	0	0	0	0	0	0	0	0
Chig Okonkwo	TE	12	0	0	0	0	0	35	0	3	0	0	0	0	0	0
Kyren Williams	RB	12	0	0	0	35	0	25	0	3	0	0	0	0	0	0
Zamir White	RB	12	0	0	0	28	0	0	0	0	0	0	0	0	0	0
Jake Ferguson	TE	12	0	0	0	0	0	57	0	3	0	0	0	0	0	0
Isaiah Spiller	RB	12	0	0	0	3	0	2	0	1	0	0	0	0	0	0
Skyy Moore	WR	12	0	0	0	0	0	36	0	5	0	0	0	0	0	0
Pierre Strong	RB	12	0	0	0	0	0	0	0	0	0	0	0	0	0	0
Kenny Pickett	QB	12	174	0	0	32	0	0	0	0	0	0	0	1	0	0
Christian Watson	WR	12	0	0	0	0	0	110	1	4	0	0	0	0	0	0
Cade Otton	TE	12	0	0	0	0	0	0	0	0	0	0	0	0	0	0
Kenneth Walker III	RB	12	0	0	0	26	2	13	0	1	0	0	0	0	0	0
Tom Brady	QB	13	281	2	1	-1	0	0	0	0	0	0	0	0	0	0
Aaron Rodgers	QB	13	182	1	0	4	0	0	0	0	0	0	0	1	0	0
Marcedes Lewis	TE	13	0	0	0	0	0	0	0	0	0	0	0	0	0	1
Matt Ryan	QB	13	233	2	3	-2	0	0	0	0	1	0	0	0	0	0
DeSean Jackson	WR	13	0	0	0	0	0	10	0	2	0	0	0	0	0	0
Matthew Slater	WR	13	0	0	0	0	0	0	0	0	0	0	0	0	0	0
Julio Jones	WR	13	0	0	0	0	0	28	0	3	0	0	0	0	0	0
Mark Ingram	RB	13	0	0	0	27	0	22	0	5	0	0	0	0	0	0
Andy Dalton	QB	13	229	1	0	1	0	0	0	0	0	0	0	0	0	0
Randall Cobb	WR	13	0	0	0	0	0	0	0	0	0	0	0	0	0	0
Russell Wilson	QB	13	189	0	0	21	0	0	0	0	0	0	0	0	0	0
Marvin Jones	WR	13	0	0	0	0	0	17	0	1	0	0	0	0	0	0
Kirk Cousins	QB	13	173	1	0	9	0	0	0	0	0	0	0	0	0	0
Ryan Tannehill	QB	13	141	1	0	34	0	0	0	0	0	0	0	0	0	0
Adam Thielen	WR	13	0	0	0	0	0	27	0	2	0	0	0	0	0	0
Marquise Goodwin	WR	13	0	0	0	0	0	17	0	1	0	0	0	0	0	0
Keenan Allen	WR	13	0	0	0	0	0	88	1	6	0	0	0	0	0	0
Robert Woods	WR	13	0	0	0	0	0	6	0	1	0	0	0	0	0	0
Travis Kelce	TE	13	0	0	0	0	0	56	0	4	0	0	1	0	0	0
Latavius Murray	RB	13	0	0	0	47	0	14	0	4	0	0	0	0	0	0
Geno Smith	QB	13	367	3	1	3	0	0	0	0	1	0	0	0	0	0
Cordarrelle Patterson	RB	13	0	0	0	60	0	0	0	0	0	0	0	0	0	0
Logan Thomas	TE	13	0	0	0	0	0	20	0	3	0	0	0	0	0	0
Derek Carr	QB	13	250	2	1	0	0	0	0	0	0	0	0	0	0	0
Jimmy Garoppolo	QB	13	56	0	0	0	0	0	0	0	0	0	0	0	0	0
Jerick McKinnon	RB	13	0	0	0	51	0	9	1	2	0	0	0	0	0	0
Davante Adams	WR	13	0	0	0	0	0	177	2	8	0	0	0	0	0	0
Jarvis Landry	WR	13	0	0	0	0	0	14	0	2	0	0	0	0	0	0
Mike Evans	WR	13	0	0	0	0	0	59	0	4	0	0	0	0	0	0
Chris Manhertz	TE	13	0	0	0	0	0	0	0	0	0	0	0	0	0	0
Amari Cooper	WR	13	0	0	0	0	0	40	0	4	0	0	0	0	0	0
DeVante Parker	WR	13	0	0	0	0	0	16	0	2	0	0	0	0	0	0
Nelson Agholor	WR	13	0	0	0	0	0	17	0	2	0	0	0	0	0	0
MyCole Pruitt	TE	13	0	0	0	0	0	7	1	1	0	0	0	0	0	0
Stefon Diggs	WR	13	0	0	0	0	0	92	1	7	0	0	0	0	0	0
Nick Boyle	TE	13	0	0	0	0	0	0	0	0	0	0	0	0	0	0
Raheem Mostert	RB	13	0	0	0	30	0	0	0	0	0	0	0	0	0	0
DeAndre Carter	WR	13	0	0	0	0	0	14	0	1	0	0	0	0	0	0
Taylor Heinicke	QB	13	275	2	0	6	0	0	0	0	1	0	0	0	0	0
Damiere Byrd	WR	13	0	0	0	0	0	12	0	1	0	0	0	0	0	0
Ameer Abdullah	RB	13	0	0	0	4	0	0	0	0	0	0	0	0	0	0
C.J. Uzomah	TE	13	0	0	0	0	0	31	0	1	0	0	0	0	0	0
Geoff Swaim	TE	13	0	0	0	0	0	4	0	1	0	0	0	0	0	0
Phillip Dorsett	WR	13	0	0	0	0	0	18	0	2	0	0	0	0	0	0
Tyler Lockett	WR	13	0	0	0	0	0	128	1	9	0	0	0	0	0	0
Tyler Kroft	TE	13	0	0	0	0	0	14	0	1	0	0	0	0	0	0
Marcus Mariota	QB	13	167	1	1	17	0	0	0	0	0	0	0	0	0	0
Austin Hooper	TE	13	0	0	0	0	0	22	0	3	0	0	0	0	0	0
Chris Moore	WR	13	0	0	0	0	0	46	0	3	0	0	0	0	0	0
Kalif Raymond	WR	13	0	0	0	-6	0	12	0	2	0	0	0	0	0	0
Alex Erickson	WR	13	0	0	0	0	0	0	0	0	0	0	0	0	0	0
Derrick Henry	RB	13	0	0	0	30	0	8	0	2	0	0	0	0	0	0
Demarcus Robinson	WR	13	0	0	0	0	0	41	0	7	0	0	0	0	0	0
Nate Sudfeld	QB	13	0	0	0	-1	0	0	0	0	0	0	0	0	0	0
Laquon Treadwell	WR	13	0	0	0	0	0	1	0	1	0	0	0	0	0	0
Jonathan Williams	RB	13	0	0	0	1	0	0	0	0	0	0	0	0	0	0
Marcus Johnson	WR	13	0	0	0	0	0	0	0	0	0	0	0	0	0	0
Tyler Boyd	WR	13	0	0	0	0	0	60	0	4	0	0	0	0	0	0
Tyreek Hill	WR	13	0	0	0	0	0	146	1	9	0	0	0	0	0	0
Ezekiel Elliott	RB	13	0	0	0	77	1	14	0	3	0	0	0	0	0	0
Dak Prescott	QB	13	170	3	1	0	0	0	0	0	0	0	0	0	0	0
Hunter Henry	TE	13	0	0	0	0	0	13	0	2	0	0	0	0	0	0
Jared Goff	QB	13	340	2	0	0	0	0	0	0	0	0	0	0	0	0
Tyler Higbee	TE	13	0	0	0	0	0	14	0	2	0	0	0	0	0	0
Kenyan Drake	RB	13	0	0	0	29	0	17	0	2	0	0	0	0	0	0
Mo Alie-Cox	TE	13	0	0	0	0	0	6	0	1	0	0	1	0	0	0
Johnny Mundt	TE	13	0	0	0	0	0	12	0	1	0	0	0	0	0	0
Zach Pascal	WR	13	0	0	0	0	0	16	0	2	0	0	0	0	0	0
Christian McCaffrey	RB	13	0	0	0	66	0	80	1	8	0	0	0	0	0	0
Curtis Samuel	WR	13	0	0	0	23	0	63	0	6	0	0	0	0	0	0
George Kittle	TE	13	0	0	0	0	0	22	0	2	0	0	0	0	0	0
Trent Taylor	WR	13	0	0	0	-3	0	0	0	0	0	0	0	0	0	0
Aaron Jones	RB	13	0	0	0	26	0	24	0	5	0	0	0	0	0	0
Kendrick Bourne	WR	13	0	0	0	0	0	15	0	1	0	0	0	0	0	0
Matt Breida	RB	13	0	0	0	0	0	4	0	1	0	0	0	0	0	0
Taysom Hill	TE	13	21	0	0	10	0	35	1	2	0	0	0	0	0	0
C.J. Board	WR	13	0	0	0	0	0	6	0	1	0	0	0	0	0	0
Patrick Ricard	RB	13	0	0	0	0	0	0	0	1	0	0	0	0	0	0
Pharaoh Brown	TE	13	0	0	0	0	0	11	0	1	0	0	0	0	0	0
Anthony Firkser	TE	13	0	0	0	0	0	24	0	2	0	0	0	0	0	0
Isaiah McKenzie	WR	13	0	0	0	0	0	44	0	5	0	0	0	0	0	0
Samaje Perine	RB	13	0	0	0	106	0	49	0	6	0	0	0	0	0	0
Deshaun Watson	QB	13	131	0	1	21	0	0	0	0	0	0	0	0	0	0
Mack Hollins	WR	13	0	0	0	0	0	35	0	5	0	0	0	0	0	0
Jamal Agnew	WR	13	0	0	0	3	0	0	0	0	0	0	0	0	0	1
Eric Saubert	TE	13	0	0	0	0	0	0	0	0	0	0	0	0	0	0
Noah Brown	WR	13	0	0	0	0	0	15	0	2	0	0	0	0	0	0
Keelan Cole	WR	13	0	0	0	0	0	0	0	0	0	0	0	0	0	0
Austin Ekeler	RB	13	0	0	0	35	0	67	0	5	0	0	1	0	0	0
Robert Tonyan	TE	13	0	0	0	0	0	10	0	1	0	0	0	0	0	0
Dare Ogunbowale	RB	13	0	0	0	8	0	13	0	2	0	0	0	0	0	0
Leonard Fournette	RB	13	0	0	0	49	0	32	0	6	0	0	0	0	0	0
JuJu Smith-Schuster	WR	13	0	0	0	0	0	35	0	3	0	0	0	0	0	0
Jonnu Smith	TE	13	0	0	0	0	0	6	0	2	0	0	0	0	0	0
Corey Davis	WR	13	0	0	0	0	0	85	0	5	0	0	0	0	0	0
Patrick Mahomes	QB	13	223	1	0	9	1	0	0	0	0	0	0	0	0	0
Evan Engram	TE	13	0	0	0	0	0	30	1	5	0	0	0	0	0	0
Zay Jones	WR	13	0	0	0	0	0	16	0	2	0	0	0	0	0	0
Dalvin Cook	RB	13	0	0	0	86	1	-3	0	2	0	0	0	0	0	0
Gerald Everett	TE	13	0	0	0	0	0	80	0	5	0	0	0	0	0	0
Alvin Kamara	RB	13	0	0	0	26	0	11	0	2	0	0	0	0	0	0
Chris Godwin Jr.	WR	13	0	0	0	0	0	63	0	8	0	0	0	0	0	0
Kareem Hunt	RB	13	0	0	0	56	0	18	0	2	0	0	0	0	0	0
C.J. Beathard	QB	13	6	0	0	0	0	0	0	0	0	0	0	0	0	0
Josh Reynolds	WR	13	0	0	0	0	0	19	0	3	0	0	0	0	0	0
Jamaal Williams	RB	13	0	0	0	35	1	0	0	0	0	0	0	0	0	0
Marlon Mack	RB	13	0	0	0	3	0	6	0	1	0	0	0	0	0	0
Dan Arnold	TE	13	0	0	0	0	0	0	0	0	0	0	0	0	0	0
River Cracraft	WR	13	0	0	0	0	0	29	0	2	0	0	0	0	0	0
Cam Sims	WR	13	0	0	0	0	0	-2	0	1	0	0	0	0	0	0
Jeff Wilson	RB	13	0	0	0	3	0	0	0	0	0	0	0	0	0	0
Will Dissly	TE	13	0	0	0	0	0	22	0	2	0	0	0	0	0	0
Gus Edwards	RB	13	0	0	0	12	0	0	0	0	0	0	0	0	0	0
Kevin Rader	TE	13	0	0	0	0	0	0	0	0	0	0	0	0	0	0
Mike Boone	RB	13	0	0	0	18	0	8	0	1	0	0	0	0	0	0
Dontrell Hilliard	RB	13	0	0	0	2	0	14	0	2	0	0	0	0	0	0
Tyler Conklin	TE	13	0	0	0	0	0	9	0	2	0	0	0	0	0	0
Marquez Valdes-Scantling	WR	13	0	0	0	0	0	71	0	2	0	0	0	0	0	0
Equanimeous St. Brown	WR	13	0	0	0	1	0	85	0	3	0	0	0	0	0	0
Richie James	WR	13	0	0	0	0	0	20	0	3	0	0	0	0	0	0
Courtland Sutton	WR	13	0	0	0	0	0	0	0	0	0	0	0	0	0	0
Jordan Akins	TE	13	0	0	0	0	0	21	0	3	0	0	0	0	0	0
Nyheim Hines	RB	13	0	0	0	-3	0	21	0	1	0	0	0	0	0	0
Dalton Schultz	TE	13	0	0	0	0	0	33	0	2	0	0	0	0	0	0
Justin Watson	WR	13	0	0	0	0	0	15	0	1	0	0	0	0	0	0
Mike White	QB	13	369	0	2	7	1	0	0	0	0	0	0	0	0	0
Ray-Ray McCloud	WR	13	0	0	0	0	0	0	0	0	0	0	0	0	0	0
Russell Gage	WR	13	0	0	0	0	0	11	0	1	0	0	0	0	0	0
Boston Scott	RB	13	0	0	0	16	0	5	0	1	0	0	0	0	0	0
Cedrick Wilson Jr.	WR	13	0	0	0	0	0	0	0	0	0	0	0	0	0	0
Braxton Berrios	WR	13	0	0	0	0	0	9	0	2	0	0	0	0	0	0
Justin Jackson	RB	13	0	0	0	4	0	19	0	3	0	0	0	0	0	0
Trent Sherfield	WR	13	0	0	0	0	0	75	1	1	0	0	0	0	0	0
Allen Lazard	WR	13	0	0	0	0	0	67	0	5	0	0	0	0	0	0
Kyle Allen	QB	13	201	1	2	1	0	0	0	0	0	1	0	0	0	0
Brandon Powell	WR	13	0	0	0	45	0	39	0	4	0	0	0	0	0	0
Mark Andrews	TE	13	0	0	0	1	0	53	0	4	0	0	0	0	0	0
Michael Gallup	WR	13	0	0	0	0	0	23	2	4	0	0	0	0	0	0
Christian Kirk	WR	13	0	0	0	0	0	104	0	6	0	0	0	0	0	0
DJ Chark	WR	13	0	0	0	0	0	98	0	5	0	0	0	0	0	0
Nick Chubb	RB	13	0	0	0	80	0	0	0	0	0	0	0	0	0	0
Lamar Jackson	QB	13	11	0	0	9	0	0	0	0	0	0	0	0	0	0
Durham Smythe	TE	13	0	0	0	0	0	21	0	2	0	0	0	0	0	0
Mike Gesicki	TE	13	0	0	0	0	0	0	0	0	0	0	0	0	0	0
Hayden Hurst	TE	13	0	0	0	0	0	12	0	2	0	0	0	0	0	0
Saquon Barkley	RB	13	0	0	0	63	1	18	0	5	0	0	0	0	0	0
KhaDarel Hodge	WR	13	0	0	0	0	0	0	0	0	0	0	0	0	0	0
Josh Allen	QB	13	223	2	0	20	0	0	0	0	1	0	0	0	0	0
Dante Pettis	WR	13	0	0	0	0	0	14	0	1	0	0	0	0	0	0
John Wolford	QB	13	178	0	2	29	0	0	0	0	0	0	0	0	0	0
Steven Sims	WR	13	0	0	0	19	0	0	0	0	0	0	0	0	0	0
Jakobi Meyers	WR	13	0	0	0	0	0	22	0	3	0	0	0	0	0	0
Alexander Mattison	RB	13	0	0	0	14	1	4	0	2	0	0	0	0	0	0
Justice Hill	RB	13	0	0	0	2	0	4	0	2	0	0	0	0	0	0
Foster Moreau	TE	13	0	0	0	0	0	32	0	1	0	0	0	0	0	0
Ashton Dulin	WR	13	0	0	0	0	0	14	1	1	0	0	0	0	0	0
Olamide Zaccheaus	WR	13	0	0	0	0	0	13	0	2	0	0	0	0	0	0
Diontae Johnson	WR	13	0	0	0	0	0	60	0	5	0	0	0	0	0	0
Benny Snell	RB	13	0	0	0	24	0	11	0	1	0	0	0	0	0	0
Zach Gentry	TE	13	0	0	0	0	0	8	0	1	0	0	0	0	0	0
T.J. Hockenson	TE	13	0	0	0	0	0	33	0	4	0	0	0	0	0	0
Miles Sanders	RB	13	0	0	0	24	1	14	0	2	0	0	0	0	0	0
Devin Singletary	RB	13	0	0	0	51	1	0	0	0	0	0	0	0	0	0
Tony Pollard	RB	13	0	0	0	91	2	15	0	2	0	0	0	0	0	0
Gardner Minshew	QB	13	11	0	0	0	0	0	0	0	0	0	0	0	0	0
Trayveon Williams	RB	13	0	0	0	3	0	0	0	0	0	0	0	0	0	0
Scott Miller	WR	13	0	0	0	0	0	7	0	1	0	0	0	0	0	0
Tommy Sweeney	TE	13	0	0	0	0	0	0	0	0	0	0	0	0	0	0
Trenton Irwin	WR	13	0	0	0	0	0	12	0	1	0	0	0	0	0	0
Chris Myarick	TE	13	0	0	0	0	0	0	0	0	0	0	0	0	0	0
Stanley Morgan	WR	13	0	0	0	0	0	0	0	0	0	0	0	0	0	0
Darius Slayton	WR	13	0	0	0	0	0	90	0	6	0	0	0	0	0	0
Ty Johnson	RB	13	0	0	0	3	0	38	0	6	0	0	0	0	0	0
Joseph Fortson	TE	13	0	0	0	0	0	6	0	1	0	0	0	0	0	0
Parker Hesse	TE	13	0	0	0	0	0	16	0	1	0	0	0	0	0	0
N'Keal Harry	TE	13	0	0	0	0	0	49	0	1	0	0	0	0	0	0
Parris Campbell	WR	13	0	0	0	2	0	43	0	4	0	0	0	0	0	0
DK Metcalf	WR	13	0	0	0	0	0	127	1	8	0	0	0	0	0	0
Noah Fant	TE	13	0	0	0	0	0	42	1	4	0	0	0	0	0	0
Gunner Olszewski	WR	13	0	0	0	2	0	0	0	0	0	0	0	0	0	0
Terry McLaurin	WR	13	0	0	0	0	0	105	1	8	0	0	0	0	0	0
A.J. Brown	WR	13	0	0	0	0	0	119	2	8	0	0	0	0	0	0
David Montgomery	RB	13	0	0	0	61	1	6	0	4	0	0	0	0	0	0
Dawson Knox	TE	13	0	0	0	0	0	0	0	0	0	0	0	0	0	0
Josh Jacobs	RB	13	0	0	0	144	1	6	0	2	0	0	1	0	0	0
Daniel Jones	QB	13	200	1	0	71	0	0	0	0	0	1	0	0	0	0
Deebo Samuel Sr.	WR	13	0	0	0	5	0	58	0	6	0	0	0	0	0	0
Mitchell Wilcox	TE	13	0	0	0	0	0	13	0	1	0	0	0	0	0	0
James Robinson	RB	13	0	0	0	10	0	0	0	0	0	0	0	0	0	0
Tony Jones	RB	13	0	0	0	14	0	18	0	2	0	0	0	0	0	0
Kendall Hinton	WR	13	0	0	0	0	0	11	0	1	0	0	0	0	0	0
Bryce Perkins	QB	13	0	0	0	5	0	0	0	0	0	0	0	0	0	0
Patrick Taylor	RB	13	0	0	0	6	0	0	0	0	0	0	0	0	0	0
Tyler Huntley	QB	13	187	0	1	41	1	0	0	0	0	0	0	0	0	0
Sean McKeon	TE	13	0	0	0	0	0	0	0	0	0	0	0	0	0	0
James Proche	WR	13	0	0	1	0	0	9	0	2	0	0	0	0	0	0
Isaiah Hodgins	WR	13	0	0	0	0	0	44	1	5	0	0	0	0	0	0
Nick Westbrook-Ikhine	WR	13	0	0	0	0	0	4	0	1	0	0	0	0	0	0
Gabe Davis	WR	13	0	0	0	0	0	15	1	2	0	0	0	0	0	0
Tua Tagovailoa	QB	13	295	2	2	0	0	0	0	0	1	0	0	0	0	0
Marquez Callaway	WR	13	0	0	0	0	0	0	0	0	0	0	0	0	0	0
Jonathan Taylor	RB	13	0	0	0	82	0	21	0	3	0	0	0	0	0	0
Harrison Bryant	TE	13	0	0	0	8	0	6	0	1	0	0	0	0	0	0
Donovan Peoples-Jones	WR	13	0	0	0	0	0	44	0	3	0	0	0	0	0	0
Colby Parkinson	TE	13	0	0	0	0	0	12	0	1	0	0	0	0	0	0
Zack Moss	RB	13	0	0	0	18	0	0	0	0	0	0	0	0	0	0
Michael Pittman	WR	13	0	0	0	0	0	16	0	2	0	0	0	0	0	0
Denzel Mims	WR	13	0	0	0	0	0	0	0	0	0	0	0	0	0	0
Jauan Jennings	WR	13	0	0	0	0	0	34	0	2	0	0	0	0	0	0
Brandon Aiyuk	WR	13	0	0	0	0	0	46	0	5	0	0	0	0	0	0
AJ Dillon	RB	13	0	0	0	93	1	26	0	3	0	0	0	0	0	0
Quez Watkins	WR	13	0	0	0	0	0	37	0	5	0	0	0	0	0	0
D'Andre Swift	RB	13	0	0	0	62	1	49	0	4	0	0	0	0	0	0
Cole Kmet	TE	13	0	0	0	0	0	72	0	6	0	0	0	0	0	0
Darrynton Evans	RB	13	0	0	0	21	0	0	0	0	0	0	0	0	0	0
Justin Jefferson	WR	13	0	0	0	11	0	45	1	7	0	0	0	0	0	0
Chase Claypool	WR	13	0	0	0	0	0	28	0	5	0	0	1	0	0	0
Antonio Gibson	RB	13	0	0	0	39	0	20	0	2	0	0	0	0	0	0
Devin Duvernay	WR	13	0	0	0	9	0	34	0	6	0	0	0	0	0	0
Josiah Deguara	TE	13	0	0	0	0	0	0	0	0	0	0	0	0	0	0
K.J. Osborn	WR	13	0	0	0	0	0	17	0	2	0	0	0	0	0	0
Justin Herbert	QB	13	335	1	0	7	0	0	0	0	0	0	0	0	0	0
CeeDee Lamb	WR	13	0	0	0	23	0	71	1	5	0	0	0	0	0	0
Joshua Kelley	RB	13	0	0	0	30	0	0	0	0	0	0	0	0	0	0
Jalen Reagor	WR	13	0	0	0	8	0	38	0	1	0	0	0	0	0	0
Jalen Hurts	QB	13	380	3	0	12	1	0	0	0	0	0	0	0	0	0
Jerry Jeudy	WR	13	0	0	0	0	0	65	0	4	0	0	0	0	0	0
Tee Higgins	WR	13	0	0	0	0	0	35	1	3	0	0	0	0	0	0
Cam Akers	RB	13	0	0	0	60	2	0	0	1	0	0	0	0	0	0
Van Jefferson	WR	13	0	0	0	0	0	39	0	2	0	0	0	0	0	0
Adam Trautman	TE	13	0	0	0	0	0	28	0	2	0	0	0	0	0	0
DeeJay Dallas	RB	13	0	0	0	37	0	0	0	0	0	0	0	0	0	0
Joe Burrow	QB	13	286	2	0	46	1	0	0	0	0	0	0	0	0	0
Deon Jackson	RB	13	0	0	0	6	0	0	0	0	0	0	0	0	0	0
Tim Jones	WR	13	0	0	0	0	0	3	0	1	0	0	0	0	0	0
Shane Zylstra	TE	13	0	0	0	0	0	4	0	1	0	0	0	0	0	0
Nico Collins	WR	13	0	0	0	0	0	35	1	3	0	0	0	0	0	0
Brevin Jordan	TE	13	0	0	0	0	0	46	0	4	0	0	0	0	0	0
Gary Brightwell	RB	13	0	0	0	0	0	0	0	0	0	0	0	0	0	0
Jaylen Waddle	WR	13	0	0	0	0	0	9	0	1	0	0	0	0	0	0
Noah Gray	TE	13	0	0	0	0	0	15	0	1	0	0	0	0	0	0
Demetric Felton	RB	13	0	0	0	0	0	0	0	0	0	0	0	0	0	0
Jack Stoll	TE	13	0	0	0	0	0	41	0	3	0	0	0	0	0	0
Brock Wright	TE	13	0	0	0	0	0	25	0	2	0	0	0	0	0	0
Feleipe Franks	TE	13	0	0	0	0	0	0	0	0	0	0	0	0	0	0
Caleb Huntley	RB	13	0	0	0	17	0	0	0	0	0	0	0	0	0	0
Austin Trammell	WR	13	0	0	0	0	0	8	0	1	0	0	0	0	0	0
Tutu Atwell	WR	13	0	0	0	23	0	48	0	2	0	0	0	0	0	0
Chris Evans	RB	13	0	0	0	0	0	8	1	1	0	0	0	0	0	0
Ben Skowronek	WR	13	0	0	0	0	0	30	0	2	0	0	0	0	0	0
Rhamondre Stevenson	RB	13	0	0	0	54	0	24	0	6	0	0	0	0	0	0
Kylen Granson	TE	13	0	0	0	0	0	19	0	4	0	0	0	0	0	0
Jaelon Darden	WR	13	0	0	0	0	0	0	0	0	0	0	0	0	0	0
Luke Farrell	TE	13	0	0	0	0	0	3	0	1	0	0	0	0	0	0
Najee Harris	RB	13	0	0	0	86	0	6	0	1	0	0	0	0	0	0
Pat Freiermuth	TE	13	0	0	0	0	0	76	0	3	0	0	0	0	0	0
Ja'Marr Chase	WR	13	0	0	0	0	0	97	0	7	0	0	0	0	0	0
DeVonta Smith	WR	13	0	0	0	0	0	102	1	5	0	0	0	0	0	0
Kenny Gainwell	RB	13	0	0	0	15	0	38	0	3	0	0	0	0	0	0
Justin Fields	QB	13	254	0	2	71	1	0	0	0	0	0	0	0	0	0
Avery Williams	RB	13	0	0	0	0	0	0	0	0	0	0	0	0	0	0
Michael Bandy	WR	13	0	0	0	0	0	15	0	1	0	0	0	0	0	0
Amon-Ra St. Brown	WR	13	0	0	0	2	0	114	2	11	0	0	0	0	0	0
Trevor Lawrence	QB	13	179	1	0	32	0	0	0	0	0	0	0	1	0	0
Mac Jones	QB	13	195	1	0	7	0	0	0	0	0	0	0	0	0	0
Travis Etienne	RB	13	0	0	0	54	0	12	0	3	0	1	0	0	0	0
Elijah Moore	WR	13	0	0	0	10	0	7	0	2	0	0	0	0	0	0
Josh Palmer	WR	13	0	0	0	0	0	60	0	7	0	0	0	0	0	0
Anthony Schwartz	WR	13	0	0	0	6	0	12	0	1	0	0	1	0	0	0
Tre' McKitty	TE	13	0	0	0	0	0	8	0	1	0	0	0	0	0	0
Cole Turner	TE	13	0	0	0	0	0	0	0	0	0	0	0	0	0	0
Grant Calcaterra	TE	13	0	0	0	0	0	19	0	1	0	0	0	0	0	0
Trestan Ebner	RB	13	0	0	0	0	0	0	0	0	0	0	0	0	0	0
Dareke Young	WR	13	0	0	0	0	0	0	0	0	0	0	0	0	0	0
Samori Toure	WR	13	0	0	0	0	0	7	0	1	0	0	0	0	0	0
Britain Covey	WR	13	0	0	0	0	0	0	0	0	0	0	0	0	0	0
Bam Knight	RB	13	0	0	0	90	0	28	0	5	0	0	0	0	0	0
Isiah Pacheco	RB	13	0	0	0	66	1	16	0	2	0	0	0	0	0	0
Jaylen Warren	RB	13	0	0	0	5	0	14	0	2	0	0	0	0	0	0
Drake London	WR	13	0	0	0	0	0	95	0	6	0	0	0	0	0	0
Chris Olave	WR	13	0	0	0	0	0	65	0	4	0	0	0	0	0	0
Jameson Williams	WR	13	0	0	0	0	0	0	0	0	0	0	0	0	0	0
George Pickens	WR	13	0	0	0	0	0	2	0	1	0	0	0	0	0	0
James Cook	RB	13	0	0	0	64	0	41	0	6	0	0	0	0	0	0
Greg Dulcich	TE	13	0	0	0	0	0	85	0	6	0	0	0	0	0	0
Rachaad White	RB	13	0	0	0	28	0	41	1	6	0	0	1	0	0	0
David Bell	WR	13	0	0	0	0	0	0	0	0	0	0	0	0	0	0
Dameon Pierce	RB	13	0	0	0	73	0	22	0	3	0	0	0	0	0	0
Khalil Shakir	WR	13	0	0	0	0	0	10	0	1	0	0	0	0	0	0
Tyler Allgeier	RB	13	0	0	0	52	0	0	0	0	0	0	0	0	0	0
Snoop Conner	RB	13	0	0	0	6	0	0	0	0	0	0	0	0	0	0
Jerome Ford	RB	13	0	0	0	3	0	0	0	0	0	0	0	0	0	0
Montrell Washington	WR	13	0	0	0	-1	0	0	0	0	0	0	0	0	0	0
Teagan Quitoriano	TE	13	0	0	0	0	0	0	0	0	0	0	0	0	0	0
Kevin Harris	RB	13	0	0	0	-1	0	0	0	0	0	0	0	0	0	0
Ko Kieft	TE	13	0	0	0	0	0	12	0	1	0	0	0	0	0	0
Skylar Thompson	QB	13	0	0	1	0	0	0	0	0	0	0	0	0	0	0
Jalen Virgil	WR	13	0	0	0	0	0	0	0	0	0	0	0	0	0	0
Troy Hairston	RB	13	0	0	0	0	0	0	0	0	0	0	0	0	0	0
Stone Smartt	TE	13	0	0	0	0	0	3	0	2	0	0	0	0	0	0
Jordan Mason	RB	13	0	0	0	51	0	0	0	0	0	0	0	0	0	0
Rashid Shaheed	WR	13	0	0	0	0	0	75	0	4	0	0	0	0	0	0
Malik Davis	RB	13	0	0	0	29	1	0	0	0	0	0	0	0	0	0
Peyton Hendershot	TE	13	0	0	0	0	0	0	0	0	0	0	0	0	0	0
Julius Chestnut	RB	13	0	0	0	13	0	0	0	0	0	0	0	0	0	0
Alec Pierce	WR	13	0	0	0	0	0	86	1	4	0	0	0	0	0	0
Garrett Wilson	WR	13	0	0	0	0	0	162	0	8	0	0	0	0	0	0
Jahan Dotson	WR	13	0	0	0	0	0	54	1	5	0	0	0	0	0	0
Treylon Burks	WR	13	0	0	0	0	0	25	1	1	0	0	0	0	0	0
Velus Jones Jr.	WR	13	0	0	0	1	0	0	0	0	0	0	0	0	0	0
Brian Robinson	RB	13	0	0	0	96	0	15	0	2	0	0	0	0	0	0
Jelani Woods	TE	13	0	0	0	0	0	28	0	2	0	0	0	0	0	0
KaVontae Turpin	WR	13	0	0	0	0	0	0	0	0	0	0	0	0	0	0
Chig Okonkwo	TE	13	0	0	0	0	0	68	0	4	0	0	0	0	0	0
Brock Purdy	QB	13	210	2	1	-1	0	0	0	0	0	0	0	0	0	0
Isaiah Likely	TE	13	0	0	0	0	0	30	0	4	0	0	0	0	0	0
Kyren Williams	RB	13	0	0	0	9	0	0	0	0	0	0	0	0	0	0
Zamir White	RB	13	0	0	0	6	0	0	0	0	0	0	0	0	0	0
Jake Ferguson	TE	13	0	0	0	0	0	-1	0	2	0	0	0	0	0	0
Skyy Moore	WR	13	0	0	0	12	0	0	0	0	0	0	0	0	0	0
Kenny Pickett	QB	13	197	1	0	14	0	0	0	0	0	0	0	0	0	0
Tyquan Thornton	WR	13	0	0	0	0	0	31	0	2	0	0	0	0	0	0
Daniel Bellinger	TE	13	0	0	0	0	0	24	0	5	0	0	0	0	0	0
Christian Watson	WR	13	0	0	0	46	1	48	1	3	0	0	0	0	0	0
Malik Willis	QB	13	16	0	0	8	0	0	0	0	0	0	0	0	0	0
Cade Otton	TE	13	0	0	0	0	0	28	1	6	0	0	0	0	0	0
Kenneth Walker III	RB	13	0	0	0	36	0	0	0	0	0	0	0	0	0	0
Tom Brady	QB	14	253	1	2	0	0	0	0	0	0	0	0	0	0	0
Joe Flacco	QB	14	1	0	0	0	0	0	0	0	1	0	0	0	0	0
DeSean Jackson	WR	14	0	0	0	0	0	34	0	2	0	0	0	0	0	0
Matthew Slater	WR	14	0	0	0	0	0	0	0	0	0	0	0	0	0	0
Josh Johnson	QB	14	10	0	0	3	0	0	0	0	0	0	0	0	0	0
Colt McCoy	QB	14	246	0	1	24	0	0	0	0	0	0	0	0	0	0
A.J. Green	WR	14	0	0	0	0	0	7	0	1	0	0	0	0	0	0
Julio Jones	WR	14	0	0	0	0	0	38	0	5	0	0	0	0	0	0
Taiwan Jones	RB	14	0	0	0	0	0	0	0	0	0	0	0	0	0	0
Tyrod Taylor	QB	14	47	1	0	40	0	0	0	0	1	0	0	1	0	0
Brandon Bolden	RB	14	0	0	0	0	0	0	0	0	0	0	0	0	0	0
Russell Wilson	QB	14	247	3	1	57	0	0	0	0	0	0	0	0	0	0
Marvin Jones	WR	14	0	0	0	0	0	22	0	1	0	0	0	0	0	0
Kirk Cousins	QB	14	425	2	0	0	0	0	0	0	0	0	0	0	0	0
Ryan Tannehill	QB	14	254	2	1	16	0	0	0	0	1	0	0	1	0	0
Adam Thielen	WR	14	0	0	0	0	0	65	1	7	0	0	0	0	0	0
Marquise Goodwin	WR	14	0	0	0	-2	0	95	1	5	0	0	0	0	0	0
Keenan Allen	WR	14	0	0	0	0	0	92	0	12	0	0	0	0	0	0
Rex Burkhead	RB	14	0	0	0	-3	0	5	0	1	0	0	0	0	0	0
Robert Woods	WR	14	0	0	0	0	0	49	0	5	0	0	0	0	0	0
Travis Kelce	TE	14	0	0	0	0	0	71	0	4	0	0	0	0	0	0
Latavius Murray	RB	14	0	0	0	32	0	-1	0	3	0	0	0	0	0	0
DeAndre Hopkins	WR	14	0	0	0	0	0	79	0	7	0	0	1	0	0	0
Geno Smith	QB	14	264	3	2	20	0	0	0	0	0	0	0	0	0	0
John Brown	WR	14	0	0	0	0	0	0	0	0	0	0	0	0	0	0
Cameron Brate	TE	14	0	0	0	0	0	12	0	2	0	0	0	0	0	0
Derek Carr	QB	14	137	0	2	11	0	0	0	0	0	0	0	0	0	0
Jerick McKinnon	RB	14	0	0	0	22	0	112	2	7	0	0	0	0	0	0
Davante Adams	WR	14	0	0	0	0	0	71	0	3	0	0	0	0	0	0
Mike Evans	WR	14	0	0	0	0	0	44	0	4	0	0	0	0	0	0
Chris Manhertz	TE	14	0	0	0	0	0	21	0	1	0	0	0	0	0	0
Amari Cooper	WR	14	0	0	0	0	0	42	0	2	0	0	0	0	0	0
DeVante Parker	WR	14	0	0	0	0	0	24	0	2	0	0	0	0	0	0
Nelson Agholor	WR	14	0	0	0	0	0	32	0	5	0	0	0	0	0	0
Stefon Diggs	WR	14	0	0	0	0	0	37	0	3	0	0	0	0	0	0
Raheem Mostert	RB	14	0	0	0	37	0	7	0	1	0	0	0	0	0	0
Eric Tomlinson	TE	14	0	0	0	0	0	11	0	2	0	0	0	0	0	0
DeAndre Carter	WR	14	0	0	0	0	0	0	0	1	0	0	0	0	0	0
Malcolm Brown	RB	14	0	0	0	5	0	12	0	2	0	0	0	0	0	0
Ameer Abdullah	RB	14	0	0	0	0	0	17	0	2	0	0	0	0	0	0
Chris Conley	WR	14	0	0	0	0	0	27	0	1	0	0	0	0	0	0
C.J. Uzomah	TE	14	0	0	0	0	0	7	0	1	0	0	0	0	0	0
Geoff Swaim	TE	14	0	0	0	0	0	0	0	0	0	0	0	0	0	0
Phillip Dorsett	WR	14	0	0	0	0	0	18	0	2	0	0	0	0	0	0
Tyler Lockett	WR	14	0	0	0	0	0	60	1	5	0	0	0	0	0	0
Tyler Kroft	TE	14	0	0	0	0	0	0	0	0	0	0	0	0	0	0
Austin Hooper	TE	14	0	0	0	0	0	68	0	5	0	0	0	0	0	0
Nick Vannett	TE	14	0	0	0	0	0	9	0	1	0	0	0	0	0	0
Chris Moore	WR	14	0	0	0	0	0	124	0	10	0	0	0	0	0	0
Jeff Driskel	QB	14	38	1	0	36	0	0	0	0	0	0	0	0	0	0
Kalif Raymond	WR	14	0	0	0	0	0	19	0	2	0	0	0	0	0	0
Robbie Chosen	WR	14	0	0	0	0	0	50	0	4	0	0	0	0	0	0
Stephen Anderson	TE	14	0	0	0	0	0	7	0	2	0	0	0	0	0	0
Derrick Henry	RB	14	0	0	0	121	1	34	0	3	0	1	1	0	0	0
Demarcus Robinson	WR	14	0	0	0	0	0	52	0	5	0	0	0	0	0	0
Tyler Boyd	WR	14	0	0	0	0	0	0	0	0	0	0	0	0	0	0
Tyreek Hill	WR	14	0	0	0	0	0	81	1	4	0	0	0	0	0	0
Ezekiel Elliott	RB	14	0	0	0	62	1	19	0	3	0	0	0	0	0	0
Dak Prescott	QB	14	284	1	2	23	0	0	0	0	0	0	0	0	0	0
Hunter Henry	TE	14	0	0	0	0	0	70	0	3	0	0	0	0	0	0
Jared Goff	QB	14	330	3	0	9	0	0	0	0	0	0	0	0	0	0
Tyler Higbee	TE	14	0	0	0	0	0	11	0	2	0	0	0	0	0	0
Pharoh Cooper	WR	14	0	0	0	0	0	0	0	0	0	0	0	0	0	0
Kenyan Drake	RB	14	0	0	0	1	0	1	0	2	0	0	0	0	0	0
Jacoby Brissett	QB	14	0	0	0	0	0	0	0	0	0	0	0	0	0	0
Zach Pascal	WR	14	0	0	0	0	0	5	0	1	0	0	0	0	0	0
Christian McCaffrey	RB	14	0	0	0	119	1	34	1	2	0	0	0	0	0	0
George Kittle	TE	14	0	0	0	0	0	28	0	4	0	0	0	0	0	0
Trent Taylor	WR	14	0	0	0	0	0	34	0	1	0	0	0	0	0	0
Kendrick Bourne	WR	14	0	0	0	0	0	47	0	5	0	0	0	0	0	0
Matt Breida	RB	14	0	0	0	6	0	9	0	2	0	0	0	0	0	0
Patrick Ricard	RB	14	0	0	0	2	0	0	0	0	0	0	0	0	0	0
Isaiah McKenzie	WR	14	0	0	0	7	0	21	0	3	0	0	0	0	0	0
Samaje Perine	RB	14	0	0	0	22	1	2	0	1	0	0	0	0	0	0
Mike Williams	WR	14	0	0	0	0	0	116	1	6	0	0	0	0	0	0
Deshaun Watson	QB	14	276	1	1	33	0	0	0	0	0	0	0	0	0	0
James Conner	RB	14	0	0	0	85	1	29	0	6	0	0	0	0	0	0
Mack Hollins	WR	14	0	0	0	40	0	22	0	2	0	0	0	0	0	0
Jamal Agnew	WR	14	0	0	0	8	0	36	0	3	0	0	0	0	0	0
Eric Saubert	TE	14	0	0	0	0	0	2	0	1	0	0	0	0	0	0
Noah Brown	WR	14	0	0	0	0	0	85	0	4	0	0	0	0	0	0
Keelan Cole	WR	14	0	0	0	0	0	11	0	1	0	0	0	0	0	0
Austin Ekeler	RB	14	0	0	0	45	1	59	0	8	0	0	0	0	0	0
Corey Clement	RB	14	0	0	0	0	0	21	0	1	0	0	0	0	0	0
Dare Ogunbowale	RB	14	0	0	0	-3	0	4	0	2	0	0	0	0	0	0
Leonard Fournette	RB	14	0	0	0	13	0	33	0	6	0	0	0	0	0	0
JuJu Smith-Schuster	WR	14	0	0	0	0	0	74	1	9	0	0	0	0	0	0
Jonnu Smith	TE	14	0	0	0	0	0	0	0	0	0	0	0	0	0	0
Mitchell Trubisky	QB	14	276	1	3	0	0	0	0	0	0	0	0	0	0	0
Corey Davis	WR	14	0	0	0	0	0	15	0	1	0	0	0	0	0	0
Patrick Mahomes	QB	14	352	3	3	-3	0	0	0	0	0	0	0	0	0	0
Evan Engram	TE	14	0	0	0	0	0	162	2	11	0	0	0	0	0	0
David Njoku	TE	14	0	0	0	-2	0	59	1	7	0	0	0	0	0	0
Zay Jones	WR	14	0	0	0	0	0	77	1	8	0	0	0	0	0	0
Dalvin Cook	RB	14	0	0	0	23	1	13	0	1	1	0	0	0	0	0
Gerald Everett	TE	14	0	0	0	0	0	28	0	5	0	0	0	0	0	0
Joe Mixon	RB	14	0	0	0	96	0	10	0	2	0	0	0	0	0	0
Chris Godwin Jr.	WR	14	0	0	0	0	0	54	0	5	0	0	0	0	0	0
Kareem Hunt	RB	14	0	0	0	6	0	6	0	2	0	0	0	0	0	0
D'Onta Foreman	RB	14	0	0	0	74	0	1	0	1	0	0	0	0	0	0
Josh Reynolds	WR	14	0	0	0	0	0	51	1	5	0	0	0	0	0	0
Jamaal Williams	RB	14	0	0	0	37	0	0	0	0	0	0	0	0	0	0
Marlon Mack	RB	14	0	0	0	15	0	62	1	2	0	0	0	0	0	0
Dan Arnold	TE	14	0	0	0	0	0	5	0	1	0	0	0	0	0	0
Jeff Wilson	RB	14	0	0	0	26	0	0	0	0	0	0	0	0	0	0
Will Dissly	TE	14	0	0	0	0	0	20	0	2	0	0	0	0	0	0
Gus Edwards	RB	14	0	0	0	66	0	0	0	0	0	0	0	0	0	0
Kevin Rader	TE	14	0	0	0	0	0	0	0	0	0	0	0	0	0	0
Mike Boone	RB	14	0	0	0	2	0	27	0	2	0	0	0	0	0	0
Dontrell Hilliard	RB	14	0	0	0	0	0	0	0	0	0	0	0	0	0	0
Tyler Conklin	TE	14	0	0	0	0	0	28	0	5	0	0	0	0	0	0
Marquez Valdes-Scantling	WR	14	0	0	0	0	0	20	0	1	0	0	0	0	0	0
Richie James	WR	14	0	0	0	0	0	61	1	7	0	0	0	0	0	0
Jordan Akins	TE	14	0	0	0	0	0	5	0	1	0	0	0	0	0	0
Ian Thomas	TE	14	0	0	0	0	0	11	0	2	0	0	0	0	0	0
Nyheim Hines	RB	14	0	0	0	3	0	4	0	1	0	0	0	0	0	0
Dalton Schultz	TE	14	0	0	0	0	0	87	0	6	0	0	0	0	0	0
Justin Watson	WR	14	0	0	0	0	0	0	0	0	0	0	0	0	0	0
Mike White	QB	14	268	0	0	0	0	0	0	0	0	0	0	0	0	0
Ray-Ray McCloud	WR	14	0	0	0	7	0	11	0	1	0	0	0	0	0	0
Russell Gage	WR	14	0	0	0	0	0	12	1	2	0	0	0	0	0	0
Boston Scott	RB	14	0	0	0	33	1	4	0	1	0	0	0	0	0	0
Cedrick Wilson Jr.	WR	14	0	0	0	0	0	19	0	2	0	0	0	0	0	0
Braxton Berrios	WR	14	0	0	0	0	0	25	0	1	0	0	0	0	0	0
Justin Jackson	RB	14	0	0	0	19	1	12	0	1	0	0	0	0	0	0
Trent Sherfield	WR	14	0	0	0	0	0	7	0	1	0	0	0	0	0	0
Godwin Igwebuike	RB	14	0	0	0	0	0	0	0	0	0	0	0	0	0	0
Brandon Powell	WR	14	0	0	0	0	0	0	0	0	0	0	0	0	0	0
James Washington	WR	14	0	0	0	0	0	0	0	0	0	0	0	0	0	0
Mark Andrews	TE	14	0	0	0	0	0	17	0	2	0	0	0	0	0	0
Michael Gallup	WR	14	0	0	0	0	0	40	0	2	0	0	0	0	0	0
Christian Kirk	WR	14	0	0	0	0	0	45	0	5	0	0	0	0	0	0
DJ Chark	WR	14	0	0	0	0	0	94	1	6	0	0	0	0	0	0
Nick Chubb	RB	14	0	0	0	34	0	20	0	3	0	0	0	0	0	0
DJ Moore	WR	14	0	0	0	6	0	0	0	0	0	0	0	0	0	0
Mike Gesicki	TE	14	0	0	0	0	0	0	0	0	0	0	0	0	0	0
Saquon Barkley	RB	14	0	0	0	28	0	20	0	2	0	0	0	0	0	0
Baker Mayfield	QB	14	230	1	0	10	0	0	0	0	0	0	0	0	0	0
Josh Allen	QB	14	147	1	0	47	1	0	0	0	0	0	0	0	0	0
Sam Darnold	QB	14	120	1	0	30	0	0	0	0	0	0	0	0	0	0
Steven Sims	WR	14	0	0	0	1	0	30	0	4	0	0	0	0	0	0
Brett Rypien	QB	14	16	1	1	0	0	0	0	0	0	0	0	0	0	0
Alexander Mattison	RB	14	0	0	0	-1	0	0	0	0	0	0	0	0	0	0
Justice Hill	RB	14	0	0	0	0	0	0	0	0	0	0	0	0	0	0
Foster Moreau	TE	14	0	0	0	0	0	0	0	0	0	0	0	0	0	0
Diontae Johnson	WR	14	0	0	0	0	0	82	0	6	0	0	0	0	0	0
Benny Snell	RB	14	0	0	0	4	0	0	0	0	0	0	0	0	0	0
Zach Gentry	TE	14	0	0	0	0	0	0	0	0	0	0	0	0	0	0
Kyler Murray	QB	14	9	0	0	3	0	0	0	0	0	0	0	0	0	0
T.J. Hockenson	TE	14	0	0	0	0	0	77	0	6	0	0	0	0	0	0
Miles Sanders	RB	14	0	0	0	144	2	11	0	1	0	0	0	0	0	0
Devin Singletary	RB	14	0	0	0	39	0	4	0	1	0	0	0	0	0	0
Tony Pollard	RB	14	0	0	0	42	1	20	1	4	0	0	0	0	0	0
Gardner Minshew	QB	14	0	0	0	-1	0	0	0	0	0	0	0	0	0	0
Trayveon Williams	RB	14	0	0	0	2	0	6	0	1	0	0	0	0	0	0
Scott Miller	WR	14	0	0	0	0	0	0	0	0	0	0	0	0	0	0
Trenton Irwin	WR	14	0	0	0	0	0	58	1	2	0	0	0	0	0	0
Chris Myarick	TE	14	0	0	0	0	0	0	0	0	0	0	0	0	0	0
Stanley Morgan	WR	14	0	0	0	0	0	0	0	0	0	0	0	0	0	0
Greg Dortch	WR	14	0	0	0	0	0	0	0	0	0	0	0	0	0	0
Darius Slayton	WR	14	0	0	0	0	0	42	0	2	0	0	0	0	0	0
Travis Homer	RB	14	0	0	0	26	0	8	0	2	0	0	0	0	0	0
DK Metcalf	WR	14	0	0	0	0	0	71	1	5	0	0	0	0	0	0
Noah Fant	TE	14	0	0	0	0	0	0	0	0	0	0	0	0	0	0
Gunner Olszewski	WR	14	0	0	0	0	0	7	0	1	0	0	0	0	0	0
Marquise Brown	WR	14	0	0	0	0	0	34	0	4	0	0	0	0	0	0
A.J. Brown	WR	14	0	0	0	0	0	70	1	4	0	0	0	0	0	0
Dawson Knox	TE	14	0	0	0	0	0	41	1	4	0	0	0	0	0	0
Josh Jacobs	RB	14	0	0	0	99	1	15	0	2	0	0	0	0	0	0
Miles Boykin	WR	14	0	0	0	0	0	0	0	0	0	0	0	0	0	0
Daniel Jones	QB	14	169	1	0	26	1	0	0	0	0	0	0	0	0	0
Deebo Samuel Sr.	WR	14	0	0	0	21	1	43	0	4	0	1	0	0	0	0
Jakob Johnson	RB	14	0	0	0	0	0	1	0	1	0	0	0	0	0	0
Mitchell Wilcox	TE	14	0	0	0	0	0	10	0	1	0	0	0	0	0	0
JaMycal Hasty	RB	14	0	0	0	13	0	0	0	0	0	0	0	0	0	0
Tony Jones	RB	14	0	0	0	2	0	0	0	1	0	0	0	0	0	0
Kendall Hinton	WR	14	0	0	0	0	0	38	0	5	0	0	0	0	0	0
Tyler Huntley	QB	14	88	0	0	31	0	0	0	0	0	0	0	0	0	0
Salvon Ahmed	RB	14	0	0	0	1	0	0	0	0	0	0	0	0	0	0
J.K. Dobbins	RB	14	0	0	0	120	1	0	0	0	0	0	0	0	0	0
Isaiah Hodgins	WR	14	0	0	0	0	0	38	1	4	0	0	0	0	0	1
Nick Westbrook-Ikhine	WR	14	0	0	0	0	0	23	1	3	0	0	0	0	0	0
Gabe Davis	WR	14	0	0	0	0	0	31	0	3	0	0	0	0	0	0
Tua Tagovailoa	QB	14	145	1	0	28	0	0	0	0	0	0	0	0	0	0
Harrison Bryant	TE	14	0	0	0	0	0	8	0	1	0	0	0	0	0	0
Donovan Peoples-Jones	WR	14	0	0	0	0	0	114	0	8	0	0	0	0	0	0
Colby Parkinson	TE	14	0	0	0	0	0	10	0	1	0	0	0	0	0	0
Denzel Mims	WR	14	0	0	0	0	0	35	0	3	0	0	0	0	0	0
Jauan Jennings	WR	14	0	0	0	0	0	5	0	1	0	0	0	0	0	0
Brandon Aiyuk	WR	14	0	0	0	0	0	57	1	2	0	0	0	0	0	0
Laviska Shenault Jr.	WR	14	0	0	0	7	0	31	0	4	0	0	0	0	0	0
Quez Watkins	WR	14	0	0	0	0	0	19	0	4	0	0	0	0	0	0
D'Andre Swift	RB	14	0	0	0	21	0	18	0	3	0	0	0	0	0	0
Justin Jefferson	WR	14	0	0	0	0	0	223	0	11	0	0	0	0	0	0
Devin Duvernay	WR	14	0	0	0	0	0	0	0	0	0	0	0	0	0	0
K.J. Osborn	WR	14	0	0	0	0	0	38	1	5	0	0	0	0	0	0
Justin Herbert	QB	14	367	1	0	8	0	0	0	0	0	0	0	0	0	0
CeeDee Lamb	WR	14	0	0	0	0	0	33	0	5	0	0	0	0	0	0
Joshua Kelley	RB	14	0	0	0	29	0	6	0	1	0	0	0	0	0	0
Eno Benjamin	RB	14	0	0	0	1	0	0	0	0	0	0	0	0	0	0
Jalen Reagor	WR	14	0	0	0	0	0	0	0	0	0	0	0	0	0	0
Jalen Hurts	QB	14	217	2	0	77	1	0	0	0	0	0	0	0	0	0
Jerry Jeudy	WR	14	0	0	0	0	0	73	3	8	0	0	0	0	0	0
Cam Akers	RB	14	0	0	0	42	1	1	0	1	0	1	0	0	0	0
Van Jefferson	WR	14	0	0	0	0	0	44	1	2	0	0	0	0	0	0
Brycen Hopkins	TE	14	0	0	0	0	0	8	0	1	0	0	0	0	0	0
Charlie Woerner	TE	14	0	0	0	0	0	0	0	0	0	0	0	0	0	0
Stephen Sullivan	TE	14	0	0	0	0	0	0	0	0	0	0	0	0	0	0
Joe Burrow	QB	14	239	2	1	10	0	0	0	0	0	0	0	0	0	0
Kenny Yeboah	TE	14	0	0	0	0	0	0	0	0	0	0	0	0	0	0
DJ Turner	WR	14	0	0	0	6	0	0	0	0	0	0	0	0	0	0
Shane Zylstra	TE	14	0	0	0	0	0	18	0	2	0	0	0	0	0	0
Chuba Hubbard	RB	14	0	0	0	74	1	25	0	3	0	0	0	0	0	0
Gary Brightwell	RB	14	0	0	0	23	0	18	0	2	0	0	0	0	0	0
Shi Smith	WR	14	0	0	0	0	0	17	1	2	0	0	0	0	0	0
Jaylen Waddle	WR	14	0	0	0	0	0	31	0	2	0	0	0	0	0	0
Noah Gray	TE	14	0	0	0	0	0	45	0	3	0	0	0	0	0	0
Racey McMath	WR	14	0	0	0	0	0	0	0	0	0	0	0	0	0	0
Demetric Felton	RB	14	0	0	0	0	0	0	0	0	0	0	0	0	0	0
Jack Stoll	TE	14	0	0	0	0	0	20	0	2	0	0	0	0	0	0
Brock Wright	TE	14	0	0	0	0	0	0	0	0	0	0	0	0	0	0
Austin Trammell	WR	14	0	0	0	0	0	5	0	1	0	0	0	0	0	0
Tutu Atwell	WR	14	0	0	0	-5	0	50	0	5	0	0	0	0	0	0
Ben Skowronek	WR	14	0	0	0	0	0	89	0	7	0	0	0	0	0	0
Rhamondre Stevenson	RB	14	0	0	0	8	0	2	0	2	0	0	0	0	0	0
Najee Harris	RB	14	0	0	0	33	1	17	0	2	0	0	0	0	0	0
Pat Freiermuth	TE	14	0	0	0	0	0	33	1	3	0	0	0	0	0	0
Davis Mills	QB	14	175	0	1	2	0	0	0	0	0	0	0	0	0	0
Ja'Marr Chase	WR	14	0	0	0	6	0	119	1	10	0	0	0	0	0	0
DeVonta Smith	WR	14	0	0	0	0	0	64	1	5	0	0	0	0	0	0
Kenny Gainwell	RB	14	0	0	0	0	0	0	0	1	0	0	0	0	0	0
Michael Carter	RB	14	0	0	0	5	0	15	0	3	0	1	0	0	0	0
Terrace Marshall Jr.	WR	14	0	0	0	0	0	18	0	1	0	0	0	0	0	0
Amon-Ra St. Brown	WR	14	0	0	0	6	0	68	0	6	0	0	0	0	0	0
Trevor Lawrence	QB	14	368	3	0	7	1	0	0	0	0	0	0	0	0	0
Mac Jones	QB	14	235	0	1	-1	0	0	0	0	0	0	0	0	0	0
Travis Etienne	RB	14	0	0	0	32	0	0	0	0	0	0	0	0	0	0
Elijah Moore	WR	14	0	0	0	0	0	60	0	6	0	0	0	0	0	0
Josh Palmer	WR	14	0	0	0	0	0	53	0	4	0	0	0	0	0	0
Amari Rodgers	WR	14	0	0	0	3	0	57	1	4	0	0	0	0	0	0
Tommy Tremble	TE	14	0	0	0	0	0	0	0	0	0	0	0	0	0	0
Tre' McKitty	TE	14	0	0	0	0	0	5	0	1	0	0	0	0	0	0
Lance McCutcheon	WR	14	0	0	0	0	0	0	0	0	0	0	0	0	0	0
Grant Calcaterra	TE	14	0	0	0	0	0	24	0	2	0	0	0	0	0	0
Britain Covey	WR	14	0	0	0	0	0	0	0	0	0	0	0	0	0	0
Bam Knight	RB	14	0	0	0	71	1	6	0	2	0	0	0	0	0	0
Anthony Brown	QB	14	16	0	0	-5	0	0	0	0	0	0	0	0	0	0
Raleigh Webb	WR	14	0	0	0	0	0	0	0	0	0	0	0	0	0	0
Isiah Pacheco	RB	14	0	0	0	70	0	23	0	3	0	0	0	0	0	0
Jaylen Warren	RB	14	0	0	0	11	0	16	0	2	0	0	0	0	0	0
Jameson Williams	WR	14	0	0	0	0	0	41	1	1	0	0	0	0	0	0
George Pickens	WR	14	0	0	0	0	0	78	0	3	0	0	0	0	0	0
James Cook	RB	14	0	0	0	6	0	9	0	1	0	0	0	0	0	0
Greg Dulcich	TE	14	0	0	0	0	0	42	0	3	0	0	0	0	0	0
Rachaad White	RB	14	0	0	0	56	0	21	0	5	0	1	0	0	0	0
David Bell	WR	14	0	0	0	0	0	27	0	3	0	0	0	0	0	0
Dameon Pierce	RB	14	0	0	0	78	1	0	0	0	0	1	0	0	0	0
Khalil Shakir	WR	14	0	0	0	0	0	0	0	0	0	0	0	0	0	0
Jerome Ford	RB	14	0	0	0	0	0	0	0	0	0	0	0	0	0	0
Montrell Washington	WR	14	0	0	0	0	0	0	0	0	0	0	0	0	0	0
Kevin Harris	RB	14	0	0	0	26	1	0	0	0	0	0	0	0	0	0
Jalen Nailor	WR	14	0	0	0	0	0	0	0	0	0	0	0	0	0	0
Keaontay Ingram	RB	14	0	0	0	1	0	0	0	0	0	0	0	0	0	0
Ko Kieft	TE	14	0	0	0	0	0	11	0	1	0	0	0	0	0	0
Brandon Johnson	WR	14	0	0	0	0	0	0	0	0	0	0	0	0	0	0
Jalen Virgil	WR	14	0	0	0	0	0	9	0	1	0	0	0	0	0	0
Raheem Blackshear	RB	14	0	0	0	32	1	17	0	1	0	0	0	0	0	0
Stone Smartt	TE	14	0	0	0	0	0	8	0	1	0	0	0	0	0	0
Deven Thompkins	WR	14	0	0	0	0	0	0	0	0	0	0	0	0	0	0
Jordan Mason	RB	14	0	0	0	56	0	0	0	0	0	0	0	0	0	0
Julius Chestnut	RB	14	0	0	0	0	0	8	0	2	0	0	0	0	0	0
Garrett Wilson	WR	14	0	0	0	0	0	78	0	6	0	0	0	0	0	0
Trey McBride	TE	14	0	0	0	0	0	28	0	3	0	0	0	0	0	0
KaVontae Turpin	WR	14	0	0	0	0	0	0	0	0	0	0	0	0	0	0
Chig Okonkwo	TE	14	0	0	0	0	0	45	1	6	0	0	0	0	0	1
Danny Gray	WR	14	0	0	0	0	0	10	0	1	0	0	0	0	0	0
Brock Purdy	QB	14	185	2	0	3	1	0	0	0	0	0	0	0	0	0
Kyren Williams	RB	14	0	0	0	19	0	10	0	1	0	0	0	0	0	0
Zamir White	RB	14	0	0	0	9	0	0	0	0	0	0	0	0	0	0
Skyy Moore	WR	14	0	0	0	0	0	7	0	1	0	0	0	0	0	0
Pierre Strong	RB	14	0	0	0	70	1	20	0	2	0	0	0	0	0	0
Kenny Pickett	QB	14	0	0	0	16	0	0	0	0	0	0	0	0	0	0
Tyquan Thornton	WR	14	0	0	0	0	0	28	0	4	0	0	0	0	0	0
Daniel Bellinger	TE	14	0	0	0	0	0	19	0	3	0	0	0	0	0	0
Cade Otton	TE	14	0	0	0	0	0	28	0	4	0	0	0	0	0	0
