player_display_name	position	week	passing_yards	passing_tds	passing_interceptions	rushing_yards	rushing_tds	receiving_yards	receiving_tds	receptions	sack_fumbles_lost	rushing_fumbles_lost	receiving_fumbles_lost	passing_2pt_conversions	rushing_2pt_conversions	receiving_2pt_conversions	fg_made_list	pat_made
Aaron Rodgers	QB	1	0	0	0	0	0	0	0	0	0	0	0	0	0	0		0
Matt Prater	PK	1	0	0	0	0	0	0	0	0	0	0	0	0	0	0	28;54;37	1
Nick Folk	PK	1	0	0	0	0	0	0	0	0	0	0	0	0	0	0	50;27;31;45;29	0
Matthew Stafford	QB	1	334	0	0	11	0	0	0	0	0	0	0	0	0	0		0
Graham Gano	PK	1	0	0	0	0	0	0	0	0	0	0	0	0	0	0		0
Randall Cobb	WR	1	0	0	0	0	0	0	0	0	0	0	0	0	0	0		0
Tyrod Taylor	QB	1	6	0	0	0	0	0	0	0	0	0	0	0	0	0		0
Brandon Bolden	RB	1	0	0	0	0	0	0	0	0	0	0	0	0	0	0		0
Russell Wilson	QB	1	177	2	0	1	0	0	0	0	0	0	0	0	0	0		0
Marvin Jones	WR	1	0	0	0	0	0	8	0	2	0	0	1	0	0	0		0
Justin Tucker	PK	1	0	0	0	0	0	0	0	0	0	0	0	0	0	0	39	2
Kirk Cousins	QB	1	344	2	1	7	0	0	0	0	1	1	0	0	0	0		0
Greg Zuerlein	PK	1	0	0	0	0	0	0	0	0	0	0	0	0	0	0	26;43;30	1
Ryan Tannehill	QB	1	198	0	3	5	0	0	0	0	0	0	0	0	0	0		0
Brandon McManus	PK	1	0	0	0	0	0	0	0	0	0	0	0	0	0	0	45	4
Adam Thielen	WR	1	0	0	0	0	0	12	0	2	0	0	0	0	0	0		0
Zach Ertz	TE	1	0	0	0	0	0	21	0	6	0	0	0	0	0	0		0
Marquise Goodwin	WR	1	0	0	0	0	0	0	0	0	0	0	0	0	0	0		0
Dustin Hopkins	PK	1	0	0	0	0	0	0	0	0	0	0	0	0	0	0	42;34;43	1
Keenan Allen	WR	1	0	0	0	6	0	76	0	6	0	0	0	0	0	0		0
Brett Maher	PK	1	0	0	0	0	0	0	0	0	0	0	0	0	0	0	38;54;45	3
Robert Woods	WR	1	0	0	0	0	0	57	0	6	0	0	0	0	0	0		0
Latavius Murray	RB	1	0	0	0	8	0	9	0	1	0	0	0	0	0	0		0
DeAndre Hopkins	WR	1	0	0	0	0	0	65	0	7	0	0	0	0	0	0		0
Geno Smith	QB	1	112	1	0	6	0	0	0	0	0	0	0	0	0	0		0
Chris Boswell	PK	1	0	0	0	0	0	0	0	0	0	0	0	0	0	0		1
Cairo Santos	PK	1	0	0	0	0	0	0	0	0	0	0	0	0	0	0	47;29	0
Odell Beckham Jr.	WR	1	0	0	0	0	0	37	0	2	0	0	0	0	0	0		0
Brandin Cooks	WR	1	0	0	0	0	0	22	0	2	0	0	0	0	0	0		0
Logan Thomas	TE	1	0	0	0	0	0	43	0	4	0	0	0	0	0	0		0
Derek Carr	QB	1	305	1	1	4	0	0	0	0	0	0	0	0	0	0		0
Jimmy Garoppolo	QB	1	200	2	1	11	0	0	0	0	0	0	0	0	0	0		0
Jerick McKinnon	RB	1	0	0	0	0	0	10	0	1	0	0	0	0	0	0		0
Davante Adams	WR	1	0	0	0	0	0	66	0	6	0	0	0	0	0	0		0
Mike Evans	WR	1	0	0	0	0	0	66	1	6	0	0	0	0	0	0		0
Allen Robinson	WR	1	0	0	0	0	0	64	0	5	0	0	0	0	0	0		0
Chris Manhertz	TE	1	0	0	0	0	0	0	0	0	0	0	0	0	0	0		0
Jason Myers	PK	1	0	0	0	0	0	0	0	0	0	0	0	0	0	0	36;42	1
Amari Cooper	WR	1	0	0	0	0	0	37	0	3	0	0	0	0	0	0		0
Stefon Diggs	WR	1	0	0	0	0	0	102	1	10	0	0	0	0	0	0		0
Darren Waller	TE	1	0	0	0	0	0	36	0	3	0	0	0	0	0	0		0
Raheem Mostert	RB	1	0	0	0	37	1	13	0	2	0	0	0	0	0	0		0
DeAndre Carter	WR	1	0	0	0	0	0	5	0	1	0	0	0	0	0	0		0
Jamison Crowder	WR	1	0	0	0	0	0	0	0	0	0	0	0	0	0	0		0
Blake Bell	TE	1	0	0	0	0	0	12	1	2	0	0	0	0	0	0		0
Ameer Abdullah	RB	1	0	0	0	0	0	0	0	0	0	0	0	0	0	0		0
Ty Montgomery	WR	1	0	0	0	7	0	9	0	2	0	0	0	0	0	0		0
Phillip Dorsett	WR	1	0	0	0	0	0	0	0	0	0	0	0	0	0	0		0
Tyler Lockett	WR	1	0	0	0	0	0	10	0	2	0	0	0	0	0	0		0
Sterling Shepard	WR	1	0	0	0	0	0	0	0	0	0	0	0	0	0	0		0
Austin Hooper	TE	1	0	0	0	0	0	20	0	1	0	0	0	0	0	0		0
Chris Moore	WR	1	0	0	0	0	0	0	0	0	0	0	0	0	0	0		0
Kalif Raymond	WR	1	0	0	0	0	0	20	0	1	0	0	0	0	0	0		0
Wil Lutz	PK	1	0	0	0	0	0	0	0	0	0	0	0	0	0	0	24	1
Ka'imi Fairbairn	PK	1	0	0	0	0	0	0	0	0	0	0	0	0	0	0	35;38;36	0
Derrick Henry	RB	1	0	0	0	63	0	56	0	2	0	0	0	0	0	0		0
Michael Thomas	WR	1	0	0	0	0	0	61	0	5	0	0	0	0	0	0		0
Tyler Boyd	WR	1	0	0	0	0	0	10	0	2	0	0	0	0	0	0		0
Tyreek Hill	WR	1	0	0	0	0	0	215	2	11	0	0	0	0	0	0		0
Ezekiel Elliott	RB	1	0	0	0	29	0	14	0	5	0	0	1	0	0	0		0
Dak Prescott	QB	1	143	0	0	6	0	0	0	0	0	0	0	0	0	0		0
Hunter Henry	TE	1	0	0	0	0	0	56	1	5	0	0	0	0	0	0		0
Jared Goff	QB	1	253	1	0	-1	0	0	0	0	0	0	0	0	0	0		0
Tyler Higbee	TE	1	0	0	0	0	0	49	0	3	0	0	0	0	0	0		0
Mo Alie-Cox	TE	1	0	0	0	0	0	0	0	0	0	0	0	0	0	0		0
Zach Pascal	WR	1	0	0	0	0	0	0	0	0	0	0	0	0	0	0		0
Christian McCaffrey	RB	1	0	0	0	152	1	17	0	3	0	0	0	0	0	0		0
Curtis Samuel	WR	1	0	0	0	6	0	54	0	5	0	0	0	0	0	0		0
George Kittle	TE	1	0	0	0	0	0	19	0	3	0	0	0	0	0	0		0
Trent Taylor	WR	1	0	0	0	0	0	0	0	0	0	0	0	0	0	0		0
Aaron Jones	RB	1	0	0	0	41	1	86	1	2	0	0	0	0	0	0		0
Harrison Butker	PK	1	0	0	0	0	0	0	0	0	0	0	0	0	0	0	35;39	2
Kendrick Bourne	WR	1	0	0	0	0	0	64	2	6	0	0	0	0	0	0		0
Matt Breida	RB	1	0	0	0	9	0	-3	0	1	0	0	0	0	0	0		0
Taysom Hill	TE	1	0	0	0	4	0	0	0	0	0	0	0	0	0	0		0
Isaiah McKenzie	WR	1	0	0	0	0	0	0	0	0	0	0	0	0	0	0		0
Samaje Perine	RB	1	0	0	0	41	0	37	0	4	0	0	0	0	0	0		0
Mike Williams	WR	1	0	0	0	0	0	45	0	4	0	0	0	0	0	0		0
Deshaun Watson	QB	1	154	1	1	45	1	0	0	0	0	0	0	0	1	0		0
James Conner	RB	1	0	0	0	62	0	8	0	5	0	0	0	0	0	0		0
Mack Hollins	WR	1	0	0	0	0	0	31	0	3	0	0	0	0	0	0		0
Jamal Agnew	WR	1	0	0	0	-2	0	0	0	0	0	0	0	0	0	0		0
Noah Brown	WR	1	0	0	0	-1	0	20	0	3	0	0	0	0	0	0		0
Cooper Rush	QB	1	0	0	0	0	0	0	0	0	0	0	0	0	0	0		0
Austin Ekeler	RB	1	0	0	0	117	1	47	0	4	0	0	0	0	0	0		0
Younghoe Koo	PK	1	0	0	0	0	0	0	0	0	0	0	0	0	0	0	49	3
Robert Tonyan	TE	1	0	0	0	0	0	0	0	0	0	0	0	0	0	0		0
Jake Elliott	PK	1	0	0	0	0	0	0	0	0	0	0	0	0	0	0	32;56;48;51	1
JuJu Smith-Schuster	WR	1	0	0	0	0	0	33	0	4	0	0	0	0	0	0		0
Jonnu Smith	TE	1	0	0	0	0	0	0	0	0	0	0	0	0	0	0		0
Patrick Mahomes	QB	1	226	2	1	45	0	0	0	0	0	0	0	0	0	0		0
Evan Engram	TE	1	0	0	0	0	0	49	0	5	0	0	0	0	0	0		0
David Njoku	TE	1	0	0	0	0	0	24	0	2	0	0	0	0	0	0		0
Zay Jones	WR	1	0	0	0	0	0	55	1	5	0	0	0	0	0	0		0
Dalvin Cook	RB	1	0	0	0	33	0	26	0	3	0	0	0	0	0	0		0
Gerald Everett	TE	1	0	0	0	2	0	21	0	2	0	0	0	0	0	0		0
Joe Mixon	RB	1	0	0	0	56	0	17	0	3	0	0	0	0	0	0		0
Chris Godwin Jr.	WR	1	0	0	0	0	0	51	0	5	0	0	0	0	0	0		0
D'Onta Foreman	RB	1	0	0	0	16	0	8	0	2	0	0	0	0	0	0		0
Josh Reynolds	WR	1	0	0	0	0	0	80	0	4	0	0	0	0	0	0		0
Jamaal Williams	RB	1	0	0	0	45	0	7	0	2	0	0	0	0	0	0		0
Joshua Dobbs	QB	1	132	0	0	-3	0	0	0	0	1	1	0	0	0	0		0
River Cracraft	WR	1	0	0	0	0	0	40	1	3	0	0	0	0	0	0		0
Will Dissly	TE	1	0	0	0	0	0	17	0	2	0	0	0	0	0	0		0
Daniel Carlson	PK	1	0	0	0	0	0	0	0	0	0	0	0	0	0	0	24	2
Eddy Pineiro	PK	1	0	0	0	0	0	0	0	0	0	0	0	0	0	0	43	1
Gus Edwards	RB	1	0	0	0	32	0	0	0	0	0	0	0	0	1	0		0
Mike Boone	RB	1	0	0	0	0	0	18	0	3	0	0	0	0	0	0		0
Tyler Conklin	TE	1	0	0	0	0	0	2	0	1	0	0	0	0	0	0		0
Marquez Valdes-Scantling	WR	1	0	0	0	0	0	48	0	2	0	0	0	0	0	0		0
Richie James	WR	1	0	0	0	0	0	6	0	1	0	0	0	0	0	0		0
Keith Kirkwood	WR	1	0	0	0	0	0	0	0	0	0	0	0	0	0	0		0
Courtland Sutton	WR	1	0	0	0	0	0	32	1	4	0	0	0	0	0	0		0
Dallas Goedert	TE	1	0	0	0	0	0	0	0	0	0	0	0	0	0	0		0
Jordan Akins	TE	1	0	0	0	0	0	12	0	1	0	0	0	0	0	0		0
Ian Thomas	TE	1	0	0	0	0	0	0	0	0	0	0	0	0	0	0		0
Dalton Schultz	TE	1	0	0	0	0	0	4	0	2	0	0	0	0	0	0		0
Justin Watson	WR	1	0	0	0	0	0	45	0	2	0	0	0	0	0	0		0
Ray-Ray McCloud	WR	1	0	0	0	0	0	0	0	0	0	0	0	0	0	0		0
Boston Scott	RB	1	0	0	0	3	0	7	0	1	0	0	0	0	0	0		0
Braxton Berrios	WR	1	0	0	0	0	0	42	0	3	0	0	0	0	0	0		0
Greg Joseph	PK	1	0	0	0	0	0	0	0	0	0	0	0	0	0	0	25	2
Allen Lazard	WR	1	0	0	0	0	0	46	0	2	0	0	0	0	0	0		0
Brandon Powell	WR	1	0	0	0	0	0	0	0	0	0	0	0	0	0	0		0
Chase Edmonds	RB	1	0	0	0	8	0	0	0	0	0	0	0	0	0	0		0
Michael Gallup	WR	1	0	0	0	0	0	10	0	1	0	0	0	0	0	0		0
Christian Kirk	WR	1	0	0	0	0	0	9	0	1	0	0	0	0	0	0		0
Nick Chubb	RB	1	0	0	0	106	0	21	0	4	0	0	0	0	0	0		0
Jason Sanders	PK	1	0	0	0	0	0	0	0	0	0	0	0	0	0	0	23;41;45	3
Lamar Jackson	QB	1	169	0	1	38	0	0	0	0	1	0	0	0	0	0		0
Durham Smythe	TE	1	0	0	0	0	0	44	0	3	0	0	0	0	0	0		0
DJ Moore	WR	1	0	0	0	0	0	25	0	2	0	0	0	0	0	0		0
Mike Gesicki	TE	1	0	0	0	0	0	36	0	3	0	0	0	0	0	0		0
Hayden Hurst	TE	1	0	0	0	0	0	41	1	5	0	0	0	0	0	0		0
Calvin Ridley	WR	1	0	0	0	0	0	101	1	8	0	0	0	0	0	0		0
Saquon Barkley	RB	1	0	0	0	51	0	12	0	3	0	0	0	0	0	0		0
Baker Mayfield	QB	1	173	2	0	11	0	0	0	0	0	0	0	0	0	0		0
Josh Allen	QB	1	236	1	3	36	0	0	0	0	0	1	0	0	0	0		0
Sam Darnold	QB	1	0	0	0	-2	0	0	0	0	0	0	0	0	0	0		0
Jakobi Meyers	WR	1	0	0	0	0	0	81	2	9	0	0	0	0	0	0		0
Irv Smith	TE	1	0	0	0	0	0	17	0	3	0	0	0	0	0	0		0
Alexander Mattison	RB	1	0	0	0	34	0	10	1	3	0	0	0	0	0	0		0
Justice Hill	RB	1	0	0	0	9	2	0	0	0	0	0	0	0	0	0		0
Jake Browning	QB	1	0	0	0	-1	0	0	0	0	0	0	0	0	0	0		0
Joey Slye	PK	1	0	0	0	0	0	0	0	0	0	0	0	0	0	0	30;33	2
Deonte Harty	WR	1	0	0	0	4	0	9	0	3	0	0	0	0	0	0		0
Diontae Johnson	WR	1	0	0	0	0	0	48	0	3	0	0	0	0	0	0		0
T.J. Hockenson	TE	1	0	0	0	0	0	35	0	8	0	0	0	0	0	0		0
Miles Sanders	RB	1	0	0	0	72	0	26	0	4	0	1	0	0	0	0		0
Josh Oliver	TE	1	0	0	0	0	0	32	0	3	0	0	0	0	0	0		0
Devin Singletary	RB	1	0	0	0	15	0	0	0	0	0	0	0	0	0	0		0
Trevon Wesco	TE	1	0	0	0	0	0	0	0	0	0	0	0	0	0	0		0
Tony Pollard	RB	1	0	0	0	70	2	12	0	2	0	0	0	0	0	0		0
Matt Gay	PK	1	0	0	0	0	0	0	0	0	0	0	0	0	0	0		3
Gardner Minshew	QB	1	0	0	0	0	0	0	0	0	0	0	0	0	0	0		0
Trayveon Williams	RB	1	0	0	0	7	0	0	0	0	0	0	0	0	0	0		0
Scott Miller	WR	1	0	0	0	0	0	0	0	0	0	0	0	0	0	0		0
Donald Parham	TE	1	0	0	0	0	0	22	1	3	0	0	0	0	0	0		0
Chase McLaughlin	PK	1	0	0	0	0	0	0	0	0	0	0	0	0	0	0	36;57	2
Lil'Jordan Humphrey	WR	1	0	0	0	0	0	11	1	2	0	0	0	0	0	0		0
Greg Dortch	WR	1	0	0	0	0	0	0	0	0	0	0	0	0	0	0		0
Darius Slayton	WR	1	0	0	0	0	0	15	0	3	0	0	0	0	0	0		0
Jesper Horsted	TE	1	0	0	0	0	0	0	0	0	0	0	0	0	0	0		0
Parker Hesse	TE	1	0	0	0	0	0	0	0	0	0	0	0	0	0	0		0
Travis Homer	RB	1	0	0	0	0	0	0	0	0	0	0	0	0	0	0		0
D'Ernest Johnson	RB	1	0	0	0	-4	0	0	0	0	0	0	0	0	0	0		0
Parris Campbell	WR	1	0	0	0	0	0	2	0	1	0	0	0	0	0	0		0
DK Metcalf	WR	1	0	0	0	0	0	47	1	3	0	0	0	0	0	0		0
Damien Harris	RB	1	0	0	0	3	0	16	0	2	0	0	0	0	0	0		0
Terry McLaurin	WR	1	0	0	0	0	0	31	0	2	0	0	0	0	0	0		0
Marquise Brown	WR	1	0	0	0	29	0	28	0	3	0	0	0	0	0	0		0
A.J. Brown	WR	1	0	0	0	0	0	79	0	7	0	0	0	0	0	0		0
David Montgomery	RB	1	0	0	0	74	1	0	0	0	0	0	0	0	0	0		0
Dawson Knox	TE	1	0	0	0	0	0	25	0	3	0	0	0	0	0	0		0
Josh Jacobs	RB	1	0	0	0	48	0	23	0	2	0	0	0	0	0	0		0
Daniel Jones	QB	1	104	0	2	43	0	0	0	0	0	0	0	0	0	0		0
Deebo Samuel Sr.	WR	1	0	0	0	8	0	55	0	5	0	0	0	0	0	0		0
Mitchell Wilcox	TE	1	0	0	0	0	0	0	0	0	0	0	0	0	0	0		0
Tony Jones	RB	1	0	0	0	5	0	0	0	0	0	0	0	0	0	0		0
Giovanni Ricci	TE	1	0	0	0	0	0	2	0	1	0	0	0	0	0	0		0
Patrick Taylor	RB	1	0	0	0	22	0	0	0	0	0	0	0	0	0	0		0
Salvon Ahmed	RB	1	0	0	0	11	0	0	0	0	0	0	0	0	0	0		0
Juwan Johnson	TE	1	0	0	0	0	0	36	0	3	0	0	0	0	0	0		0
Rico Dowdle	RB	1	0	0	0	24	0	0	0	0	0	0	0	0	0	0		0
Lawrence Cager	TE	1	0	0	0	0	0	17	0	2	0	0	0	0	0	0		0
J.K. Dobbins	RB	1	0	0	0	22	1	15	0	2	0	0	0	0	0	0		0
Tyler Bass	PK	1	0	0	0	0	0	0	0	0	0	0	0	0	0	0	40;34;50	1
Isaiah Hodgins	WR	1	0	0	0	0	0	24	0	1	0	0	1	0	0	0		0
Nick Westbrook-Ikhine	WR	1	0	0	0	0	0	58	0	4	0	0	0	0	0	0		0
Gabe Davis	WR	1	0	0	0	0	0	32	0	2	0	0	0	0	0	0		0
Tua Tagovailoa	QB	1	466	3	1	5	0	0	0	0	0	1	0	0	0	0		0
Harrison Bryant	TE	1	0	0	0	0	0	5	1	2	0	0	0	0	0	0		0
Donovan Peoples-Jones	WR	1	0	0	0	0	0	12	0	1	0	0	0	0	0	0		0
Colby Parkinson	TE	1	0	0	0	0	0	8	0	1	0	0	0	0	0	0		0
Michael Pittman	WR	1	0	0	0	0	0	97	1	8	0	0	0	0	0	0		0
Jauan Jennings	WR	1	0	0	0	0	0	0	0	0	0	0	0	0	0	0		0
Brandon Aiyuk	WR	1	0	0	0	0	0	129	2	8	0	0	0	0	0	0		0
Jordan Love	QB	1	245	3	0	12	0	0	0	0	0	0	0	0	0	0		0
AJ Dillon	RB	1	0	0	0	19	0	17	0	2	0	0	0	0	0	0		0
Laviska Shenault Jr.	WR	1	0	0	0	5	0	16	0	2	0	0	0	0	0	0		0
Quez Watkins	WR	1	0	0	0	0	0	17	0	2	0	0	0	0	0	0		0
D'Andre Swift	RB	1	0	0	0	3	0	0	0	1	0	0	0	0	0	0		0
Cole Kmet	TE	1	0	0	0	0	0	44	0	5	0	0	0	0	0	0		0
Darnell Mooney	WR	1	0	0	0	0	0	53	1	4	0	0	0	0	0	0		0
Justin Jefferson	WR	1	0	0	0	0	0	150	0	9	0	0	0	0	0	0		0
Chase Claypool	WR	1	0	0	0	0	0	0	0	0	0	0	0	0	0	0		0
Antonio Gibson	RB	1	0	0	0	9	0	10	0	1	0	1	0	0	0	0		0
Devin Duvernay	WR	1	0	0	0	0	0	0	0	0	0	0	0	0	0	0		0
Josiah Deguara	TE	1	0	0	0	0	0	0	0	0	0	0	0	0	0	0		0
Anthony McFarland	RB	1	0	0	0	0	0	11	0	2	0	0	0	0	0	0		0
K.J. Osborn	WR	1	0	0	0	0	0	31	0	3	0	0	0	0	0	0		0
Justin Herbert	QB	1	229	1	0	17	1	0	0	0	0	0	0	0	0	0		0
CeeDee Lamb	WR	1	0	0	0	0	0	77	0	4	0	0	0	0	0	0		0
Clyde Edwards-Helaire	RB	1	0	0	0	22	0	7	0	1	0	0	0	0	0	0		0
Joshua Kelley	RB	1	0	0	0	91	1	0	0	0	0	0	0	0	0	0		0
Jalen Hurts	QB	1	170	1	0	37	0	0	0	0	0	1	0	0	0	0		0
Tee Higgins	WR	1	0	0	0	0	0	0	0	0	0	0	0	0	0	0		0
Cam Akers	RB	1	0	0	0	29	1	0	0	0	0	0	0	0	0	0		0
Van Jefferson	WR	1	0	0	0	0	0	24	0	4	0	0	0	0	0	0		0
Adam Trautman	TE	1	0	0	0	0	0	34	0	5	0	0	0	0	0	0		0
Brycen Hopkins	TE	1	0	0	0	0	0	21	0	1	0	0	0	0	0	0		0
DeeJay Dallas	RB	1	0	0	0	4	0	14	0	1	0	0	0	0	0	0		0
Charlie Woerner	TE	1	0	0	0	0	0	0	0	0	0	0	0	0	0	0		0
Joe Burrow	QB	1	82	0	0	-1	0	0	0	0	0	0	0	0	0	0		0
Deon Jackson	RB	1	0	0	0	14	0	14	0	5	0	1	1	0	0	0		0
Rashod Bateman	WR	1	0	0	0	0	0	35	0	3	0	0	0	0	0	0		0
Nico Collins	WR	1	0	0	0	0	0	80	0	6	0	0	0	0	0	0		0
Chuba Hubbard	RB	1	0	0	0	60	0	9	0	2	0	0	0	0	0	0		0
Elijah Mitchell	RB	1	0	0	0	10	0	0	0	0	0	0	0	0	0	0		0
Gary Brightwell	RB	1	0	0	0	5	0	6	0	2	0	0	0	0	0	0		0
Jaylen Waddle	WR	1	0	0	0	0	0	78	0	4	0	0	0	0	0	0		0
Dyami Brown	WR	1	0	0	0	0	0	0	0	0	0	0	0	0	0	0		0
John Bates	TE	1	0	0	0	0	0	0	0	0	0	0	0	0	0	0		0
Ihmir Smith-Marsette	WR	1	0	0	0	0	0	0	0	0	0	0	0	0	0	0		0
Noah Gray	TE	1	0	0	0	0	0	31	0	3	0	0	0	0	0	0		0
Jack Stoll	TE	1	0	0	0	0	0	0	0	0	0	0	0	0	0	0		0
Brock Wright	TE	1	0	0	0	0	0	17	0	2	0	0	0	0	0	0		0
Riley Patterson	PK	1	0	0	0	0	0	0	0	0	0	0	0	0	0	0		3
Tutu Atwell	WR	1	0	0	0	0	0	119	0	6	0	0	0	0	0	0		0
Evan McPherson	PK	1	0	0	0	0	0	0	0	0	0	0	0	0	0	0	42	0
Chris Evans	RB	1	0	0	0	12	0	-1	0	1	0	0	0	0	0	0		0
Jake Funk	RB	1	0	0	0	10	0	12	0	1	0	0	0	0	0	0		0
Ben Skowronek	WR	1	0	0	0	0	0	0	0	0	0	0	0	0	0	0		0
Rhamondre Stevenson	RB	1	0	0	0	25	0	64	0	6	0	0	0	0	0	0		0
Kylen Granson	TE	1	0	0	0	0	0	39	0	4	0	0	0	0	0	0		0
Najee Harris	RB	1	0	0	0	31	0	2	0	2	0	0	0	0	0	0		0
Pat Freiermuth	TE	1	0	0	0	0	0	3	1	1	0	0	0	0	0	0		0
Ja'Marr Chase	WR	1	0	0	0	2	0	39	0	5	0	0	0	0	0	0		0
Khalil Herbert	RB	1	0	0	0	27	0	37	0	3	0	0	0	0	1	0		0
DeVonta Smith	WR	1	0	0	0	0	0	47	1	7	0	0	0	0	0	0		0
Kadarius Toney	WR	1	0	0	0	-1	0	1	0	1	0	0	0	0	0	0		0
Kenny Gainwell	RB	1	0	0	0	54	0	20	0	4	0	0	0	0	0	0		0
Michael Carter	RB	1	0	0	0	6	0	12	0	2	0	0	0	0	0	0		0
Rondale Moore	WR	1	0	0	0	12	0	33	0	3	0	0	0	0	0	0		0
Justin Fields	QB	1	216	1	1	59	0	0	0	0	1	0	0	0	0	0		0
Terrace Marshall Jr.	WR	1	0	0	0	0	0	23	0	2	0	0	0	0	0	0		0
Amon-Ra St. Brown	WR	1	0	0	0	0	0	71	1	6	0	0	0	0	0	0		0
Kyle Pitts	TE	1	0	0	0	0	0	44	0	2	0	0	0	0	0	0		0
Trevor Lawrence	QB	1	241	2	1	21	0	0	0	0	0	0	0	0	0	0		0
Mac Jones	QB	1	316	3	1	15	0	0	0	0	0	0	0	0	0	0		0
Travis Etienne	RB	1	0	0	0	77	1	27	0	5	0	0	0	0	0	0		0
Elijah Moore	WR	1	0	0	0	19	0	43	0	3	0	0	0	0	0	0		0
Josh Palmer	WR	1	0	0	0	0	0	4	0	1	0	0	0	0	0	0		0
Javonte Williams	RB	1	0	0	0	52	0	5	0	4	0	0	0	0	0	0		0
Tommy Tremble	TE	1	0	0	0	0	0	0	0	0	0	0	0	0	0	0		0
Zach Wilson	QB	1	140	1	1	6	0	0	0	0	0	0	0	0	0	0		0
Sam Howell	QB	1	202	1	1	11	1	0	0	0	1	0	0	0	0	0		0
Cole Turner	TE	1	0	0	0	0	0	17	0	1	0	0	0	0	0	0		0
Samori Toure	WR	1	0	0	0	0	0	18	0	2	0	0	0	0	0	0		0
Britain Covey	WR	1	0	0	0	0	0	0	0	0	0	0	0	0	0	0		0
Isiah Pacheco	RB	1	0	0	0	23	0	31	0	4	0	0	0	0	0	0		0
Justyn Ross	WR	1	0	0	0	0	0	6	0	1	0	0	0	0	0	0		0
Cameron Dicker	PK	1	0	0	0	0	0	0	0	0	0	0	0	0	0	0	50;25	4
Jaylen Warren	RB	1	0	0	0	6	0	12	0	5	0	0	0	0	0	0		0
Drake London	WR	1	0	0	0	0	0	0	0	0	0	0	0	0	0	0		0
Chris Olave	WR	1	0	0	0	0	0	112	0	8	0	0	0	0	0	0		0
George Pickens	WR	1	0	0	0	0	0	36	0	5	0	0	0	0	0	0		0
James Cook	RB	1	0	0	0	46	0	17	0	4	0	0	0	0	0	0		0
Greg Dulcich	TE	1	0	0	0	0	0	22	0	2	0	0	0	0	0	0		0
Rachaad White	RB	1	0	0	0	39	0	10	0	2	0	0	0	0	0	0		0
David Bell	WR	1	0	0	0	0	0	0	0	0	0	0	0	0	0	0		0
Dameon Pierce	RB	1	0	0	0	38	0	9	0	2	0	0	0	0	0	0		0
Tyler Allgeier	RB	1	0	0	0	75	2	19	0	3	0	0	0	0	0	0		0
Jerome Ford	RB	1	0	0	0	36	0	0	0	0	0	1	0	0	0	0		0
Ty Chandler	RB	1	0	0	0	0	0	18	0	1	0	0	0	0	0	0		0
Teagan Quitoriano	TE	1	0	0	0	0	0	11	0	1	0	0	0	0	0	0		0
Jalen Nailor	WR	1	0	0	0	0	0	0	0	0	0	0	0	0	0	0		0
Andrew Ogletree	TE	1	0	0	0	0	0	20	0	1	0	0	0	0	0	0		0
Keaontay Ingram	RB	1	0	0	0	-4	0	0	0	0	0	0	0	0	0	0		0
Ko Kieft	TE	1	0	0	0	0	0	0	0	0	0	0	0	0	0	0		0
Brandon Johnson	WR	1	0	0	0	0	0	31	0	2	0	0	0	0	0	0		0
Deven Thompkins	WR	1	0	0	0	0	0	10	0	2	0	0	0	0	0	0		0
Rashid Shaheed	WR	1	0	0	0	11	0	89	1	5	0	0	0	0	0	0		0
Ronnie Rivers	RB	1	0	0	0	0	0	0	0	0	0	0	0	0	0	0		0
Peyton Hendershot	TE	1	0	0	0	0	0	0	0	0	0	0	0	0	0	0		0
Alec Pierce	WR	1	0	0	0	0	0	5	0	1	0	0	0	0	0	0		0
Jalen Tolbert	WR	1	0	0	0	0	0	0	0	0	0	0	0	0	0	0		0
Brandon Aubrey	PK	1	0	0	0	0	0	0	0	0	0	0	0	0	0	0	21;38	4
Garrett Wilson	WR	1	0	0	0	0	0	34	1	5	0	0	0	0	0	0		0
Jahan Dotson	WR	1	0	0	0	0	0	40	0	5	0	0	0	0	0	0		0
Treylon Burks	WR	1	0	0	0	9	0	18	0	2	0	0	0	0	0	0		0
Trey McBride	TE	1	0	0	0	0	0	23	0	2	0	0	0	0	0	0		0
Brian Robinson	RB	1	0	0	0	59	0	7	1	1	0	0	0	0	0	0		0
KaVontae Turpin	WR	1	0	0	0	14	1	11	0	2	0	0	0	0	0	0		0
Chig Okonkwo	TE	1	0	0	0	0	0	0	0	0	0	0	0	0	0	0		0
Romeo Doubs	WR	1	0	0	0	0	0	26	2	4	0	0	0	0	0	0		0
Brock Purdy	QB	1	220	2	0	20	0	0	0	0	1	0	0	0	0	0		0
Calvin Austin III	WR	1	0	0	0	0	0	37	0	6	0	0	0	0	0	0		0
Isaiah Likely	TE	1	0	0	0	0	0	4	0	1	0	0	0	0	0	0		0
Kyren Williams	RB	1	0	0	0	52	2	2	0	0	0	0	0	0	0	0		0
Zamir White	RB	1	0	0	0	2	0	5	0	1	0	0	0	0	0	0		0
Jake Ferguson	TE	1	0	0	0	0	0	11	0	2	0	0	0	0	0	0		0
Charlie Kolar	TE	1	0	0	0	0	0	0	0	0	0	0	0	0	0	0		0
Skyy Moore	WR	1	0	0	0	4	0	0	0	0	0	0	0	0	0	0		0
Erik Ezukanma	WR	1	0	0	0	17	0	0	0	0	0	0	0	0	0	0		0
Pierre Strong	RB	1	0	0	0	0	0	0	0	0	0	0	0	0	0	0		0
Kenny Pickett	QB	1	232	1	2	4	0	0	0	0	0	0	0	0	0	0		0
Daniel Bellinger	TE	1	0	0	0	0	0	1	0	1	0	0	0	0	0	0		0
Breece Hall	RB	1	0	0	0	127	0	20	0	1	0	0	0	0	0	0		0
Desmond Ridder	QB	1	115	1	0	-1	0	-6	0	1	0	0	0	0	0	0		0
Cade Otton	TE	1	0	0	0	0	0	19	0	2	0	0	0	0	0	0		0
Kenneth Walker III	RB	1	0	0	0	64	0	3	0	4	0	0	0	0	0	0		0
Sean Clifford	QB	1	0	0	0	0	0	0	0	0	0	0	0	0	0	0		0
Dontayvion Wicks	WR	1	0	0	0	0	0	0	0	0	0	0	0	0	0	0		0
Eric Gray	RB	1	0	0	0	0	0	0	0	0	0	0	0	0	0	0		0
Evan Hull	RB	1	0	0	0	1	0	6	0	1	0	0	0	0	0	0		0
Anders Carlson	PK	1	0	0	0	0	0	0	0	0	0	0	0	0	0	0	52	5
Malik Heath	WR	1	0	0	0	0	0	0	0	0	0	0	0	0	0	0		0
Xavier Gipson	WR	1	0	0	0	0	0	0	0	0	0	0	0	0	0	0		0
Bijan Robinson	RB	1	0	0	0	56	0	27	1	6	0	0	0	0	0	0		0
Jaxon Smith-Njigba	WR	1	0	0	0	0	0	13	0	3	0	0	0	0	0	0		0
Quentin Johnston	WR	1	0	0	0	0	0	9	0	2	0	0	0	0	0	0		0
Tank Bigsby	RB	1	0	0	0	13	1	0	0	0	0	0	0	0	0	0		0
Michael Wilson	WR	1	0	0	0	0	0	19	0	2	0	0	0	0	0	0		0
Jake Moody	PK	1	0	0	0	0	0	0	0	0	0	0	0	0	0	0	41;32;40	3
Chad Ryland	PK	1	0	0	0	0	0	0	0	0	0	0	0	0	0	0		2
Derius Davis	WR	1	0	0	0	0	0	5	0	1	0	0	0	0	0	0		0
Charlie Jones	WR	1	0	0	0	0	0	0	0	0	0	0	0	0	0	0		0
Kayshon Boutte	WR	1	0	0	0	0	0	0	0	0	0	0	0	0	0	0		0
Chris Rodriguez Jr.	RB	1	0	0	0	7	0	0	0	0	0	0	0	0	0	0		0
Xavier Hutchinson	WR	1	0	0	0	0	0	9	0	1	0	0	0	0	0	0		0
DeMario Douglas	WR	1	0	0	0	0	0	40	0	4	0	0	0	0	0	0		0
Deuce Vaughn	RB	1	0	0	0	8	0	0	0	0	0	0	0	0	0	0		0
Jaleel McLaughlin	RB	1	0	0	0	0	0	-7	0	1	0	0	0	0	0	0		0
Rakim Jarrett	WR	1	0	0	0	0	0	0	0	0	0	0	0	0	0	0		0
Blake Grupe	PK	1	0	0	0	0	0	0	0	0	0	0	0	0	0	0	26;33;52	1
Dalton Kincaid	TE	1	0	0	0	0	0	26	0	4	0	0	0	0	0	0		0
Jalin Hyatt	WR	1	0	0	0	0	0	0	0	0	0	0	0	0	0	0		0
Tyler Scott	WR	1	0	0	0	0	0	14	0	2	0	0	0	0	0	0		0
Sean Tucker	RB	1	0	0	0	15	0	9	0	2	0	0	0	0	0	0		0
Kearis Jackson	WR	1	0	0	0	0	0	0	0	0	0	0	0	0	0	0		0
Marvin Mims Jr.	WR	1	0	0	0	0	0	9	0	2	0	0	0	0	0	0		0
Tank Dell	WR	1	0	0	0	0	0	34	0	3	0	0	0	0	0	0		0
Jordan Addison	WR	1	0	0	0	0	0	61	1	4	0	0	0	0	0	0		0
Josh Downs	WR	1	0	0	0	0	0	30	0	3	0	0	0	0	0	0		0
Roschon Johnson	RB	1	0	0	0	20	1	35	0	6	0	0	0	0	0	0		0
Tyjae Spears	RB	1	0	0	0	27	0	1	0	1	0	0	0	0	0	0		0
Trey Palmer	WR	1	0	0	0	0	0	8	1	2	0	0	0	0	0	0		0
Jonathan Mingo	WR	1	0	0	0	0	0	17	0	2	0	0	0	0	0	0		0
Zay Flowers	WR	1	0	0	0	9	0	78	0	9	0	0	0	0	0	0		0
Sam LaPorta	TE	1	0	0	0	0	0	39	0	5	0	0	0	0	0	0		0
Michael Mayer	TE	1	0	0	0	0	0	0	0	0	0	0	0	0	0	0		0
Rashee Rice	WR	1	0	0	0	-3	0	29	1	3	0	0	0	0	0	0		0
Puka Nacua	WR	1	0	0	0	0	0	119	0	10	0	0	0	0	0	0		0
Jahmyr Gibbs	RB	1	0	0	0	42	0	18	0	2	0	0	0	0	0	0		0
Luke Musgrave	TE	1	0	0	0	0	0	50	0	3	0	0	0	0	0	0		0
Jayden Reed	WR	1	0	0	0	-2	0	48	0	2	0	0	0	0	0	0		0
Bryce Young	QB	1	146	1	2	17	0	0	0	0	0	0	0	0	0	0		0
C.J. Stroud	QB	1	242	0	0	20	0	0	0	1	1	0	0	0	0	0		0
Anthony Richardson	QB	1	223	1	1	40	1	0	0	0	0	0	0	0	0	0		0
Zach Charbonnet	RB	1	0	0	0	11	0	0	0	0	0	0	0	0	0	0		0
Matt Prater	PK	2	0	0	0	0	0	0	0	0	0	0	0	0	0	0	37;44	2
Nick Folk	PK	2	0	0	0	0	0	0	0	0	0	0	0	0	0	0	33;41	3
Matthew Stafford	QB	2	307	1	2	17	0	0	0	0	0	0	0	0	0	0		0
Graham Gano	PK	2	0	0	0	0	0	0	0	0	0	0	0	0	0	0	34	4
Jimmy Graham	TE	2	0	0	0	0	0	0	0	0	0	0	0	0	0	0		0
Randall Cobb	WR	2	0	0	0	0	0	0	0	0	0	0	0	0	0	0		0
Russell Wilson	QB	2	308	3	1	56	0	0	0	0	1	0	0	0	0	0		0
Justin Tucker	PK	2	0	0	0	0	0	0	0	0	0	0	0	0	0	0	44;40	3
Kirk Cousins	QB	2	364	4	0	0	0	0	0	0	1	0	0	0	0	0		0
Ryan Tannehill	QB	2	246	1	0	12	1	0	0	0	0	0	0	0	0	0		0
Brandon McManus	PK	2	0	0	0	0	0	0	0	0	0	0	0	0	0	0	32;49;22	0
Adam Thielen	WR	2	0	0	0	0	0	54	1	7	0	0	0	0	0	1		0
Zach Ertz	TE	2	0	0	0	0	0	56	0	6	0	0	0	0	0	0		0
Marquise Goodwin	WR	2	0	0	0	0	0	0	0	0	0	0	0	0	0	0		0
Dustin Hopkins	PK	2	0	0	0	0	0	0	0	0	0	0	0	0	0	0	43;55	0
Keenan Allen	WR	2	0	0	0	0	0	111	2	8	0	0	0	0	0	0		0
Brett Maher	PK	2	0	0	0	0	0	0	0	0	0	0	0	0	0	0	43;48;38	2
Robert Woods	WR	2	0	0	0	0	0	74	0	6	0	0	0	0	0	0		0
Travis Kelce	TE	2	0	0	0	0	0	26	1	4	0	0	0	0	0	0		0
Latavius Murray	RB	2	0	0	0	22	1	9	0	2	0	0	0	0	0	0		0
DeAndre Hopkins	WR	2	0	0	0	0	0	40	0	4	0	0	0	0	0	0		0
Geno Smith	QB	2	328	2	0	20	0	0	0	0	0	0	0	0	0	0		0
Chris Boswell	PK	2	0	0	0	0	0	0	0	0	0	0	0	0	0	0	52;50	2
Cairo Santos	PK	2	0	0	0	0	0	0	0	0	0	0	0	0	0	0	52	2
Odell Beckham Jr.	WR	2	0	0	0	0	0	29	0	3	0	0	0	0	0	0		0
Logan Thomas	TE	2	0	0	0	0	0	22	1	2	0	0	0	0	0	0		0
Derek Carr	QB	2	228	0	1	-4	0	0	0	0	0	0	0	0	0	0		0
Jimmy Garoppolo	QB	2	185	1	2	1	0	0	0	0	0	0	0	0	0	0		0
Jerick McKinnon	RB	2	0	0	0	-2	0	24	0	3	0	0	0	0	0	0		0
Davante Adams	WR	2	0	0	0	0	0	84	1	6	0	0	0	0	0	0		0
Mike Evans	WR	2	0	0	0	0	0	171	1	6	0	0	0	0	0	0		0
Allen Robinson	WR	2	0	0	0	0	0	12	0	2	0	0	0	0	0	0		0
Jason Myers	PK	2	0	0	0	0	0	0	0	0	0	0	0	0	0	0	25	4
Amari Cooper	WR	2	0	0	0	0	0	90	0	7	0	0	0	0	0	0		0
DeVante Parker	WR	2	0	0	0	0	0	57	0	6	0	0	0	0	0	0		0
Nelson Agholor	WR	2	0	0	0	0	0	63	1	5	0	0	0	0	0	0		0
Stefon Diggs	WR	2	0	0	0	0	0	66	0	7	0	0	0	0	0	0		0
Darren Waller	TE	2	0	0	0	0	0	76	0	6	0	0	0	0	0	0		0
Raheem Mostert	RB	2	0	0	0	121	2	6	0	1	0	0	0	0	0	0		0
DeAndre Carter	WR	2	0	0	0	0	0	0	0	0	0	0	0	0	0	0		0
Jamison Crowder	WR	2	0	0	0	0	0	0	0	0	0	0	0	0	0	0		0
Ameer Abdullah	RB	2	0	0	0	0	0	5	0	1	0	0	0	0	0	0		0
Ty Montgomery	WR	2	0	0	0	0	0	0	0	0	0	0	0	0	0	0		0
Tyler Lockett	WR	2	0	0	0	0	0	59	2	8	0	0	0	0	0	0		0
Sterling Shepard	WR	2	0	0	0	0	0	4	0	1	0	0	0	0	0	0		0
Austin Hooper	TE	2	0	0	0	0	0	20	0	2	0	0	0	0	0	0		0
Chris Moore	WR	2	0	0	0	0	0	49	0	1	0	0	0	0	0	0		0
Kalif Raymond	WR	2	0	0	0	11	0	46	1	2	0	0	0	0	0	0		0
Wil Lutz	PK	2	0	0	0	0	0	0	0	0	0	0	0	0	0	0	31;32	3
Ka'imi Fairbairn	PK	2	0	0	0	0	0	0	0	0	0	0	0	0	0	0	29;36	2
Derrick Henry	RB	2	0	0	0	80	1	15	0	3	0	0	0	0	0	0		0
Michael Thomas	WR	2	0	0	0	0	0	55	0	7	0	0	0	0	0	0		0
Tyler Boyd	WR	2	0	0	0	0	0	52	0	6	0	0	0	0	0	0		0
Tyreek Hill	WR	2	0	0	0	0	0	40	1	5	0	0	0	0	0	0		0
Ezekiel Elliott	RB	2	0	0	0	13	0	0	0	0	0	0	0	0	0	0		0
Dak Prescott	QB	2	255	2	0	14	0	0	0	0	0	0	0	0	0	0		0
Hunter Henry	TE	2	0	0	0	0	0	52	1	6	0	0	0	0	0	0		0
Jared Goff	QB	2	323	3	1	0	0	0	0	0	0	0	0	0	0	0		0
Tyler Higbee	TE	2	0	0	0	0	0	12	0	3	0	0	0	0	0	0		0
Mo Alie-Cox	TE	2	0	0	0	0	0	15	0	1	0	0	0	0	0	0		0
Zach Pascal	WR	2	0	0	0	0	0	9	0	1	0	0	0	0	0	0		0
Christian McCaffrey	RB	2	0	0	0	116	1	19	0	3	0	0	0	0	0	0		0
Curtis Samuel	WR	2	0	0	0	13	0	19	0	3	0	0	0	0	0	0		0
George Kittle	TE	2	0	0	0	0	0	30	0	3	0	0	0	0	0	0		0
Trent Taylor	WR	2	0	0	0	0	0	0	0	0	0	0	0	0	0	0		0
Harrison Butker	PK	2	0	0	0	0	0	0	0	0	0	0	0	0	0	0	38	2
Kendrick Bourne	WR	2	0	0	0	0	0	29	0	4	0	0	0	0	0	0		0
Matt Breida	RB	2	0	0	0	5	0	0	0	0	0	0	0	0	0	0		0
Taysom Hill	TE	2	8	0	0	75	0	-1	0	1	0	0	0	0	0	0		0
Isaiah McKenzie	WR	2	0	0	0	0	0	7	0	1	0	0	0	0	0	0		0
Samaje Perine	RB	2	0	0	0	4	0	20	0	3	0	0	0	0	0	0		0
Mike Williams	WR	2	0	0	0	3	0	83	0	8	0	0	0	0	0	0		0
Deshaun Watson	QB	2	235	1	1	22	0	0	0	0	1	1	0	0	1	0		0
James Conner	RB	2	0	0	0	106	1	0	0	0	0	0	0	0	0	0		0
Mack Hollins	WR	2	0	0	0	0	0	60	0	3	0	0	0	0	0	0		0
Jamal Agnew	WR	2	0	0	0	0	0	5	0	1	0	0	0	0	0	0		0
Younghoe Koo	PK	2	0	0	0	0	0	0	0	0	0	0	0	0	0	0	24;33;39;25	1
Robert Tonyan	TE	2	0	0	0	0	0	0	0	0	0	0	0	0	0	0		0
Jake Elliott	PK	2	0	0	0	0	0	0	0	0	0	0	0	0	0	0	24;61	4
Dare Ogunbowale	RB	2	0	0	0	4	0	0	0	0	0	0	0	0	0	0		0
JuJu Smith-Schuster	WR	2	0	0	0	0	0	28	0	5	0	0	0	0	0	0		0
Jonnu Smith	TE	2	0	0	0	0	0	47	0	4	0	0	0	0	0	0		0
Patrick Mahomes	QB	2	305	2	1	30	0	0	0	0	0	0	0	0	0	0		0
Evan Engram	TE	2	0	0	0	0	0	57	0	6	0	0	0	0	0	0		0
David Njoku	TE	2	0	0	0	0	0	48	0	4	0	0	1	0	0	0		0
Zay Jones	WR	2	0	0	0	0	0	0	0	0	0	0	0	0	0	0		0
Dalvin Cook	RB	2	0	0	0	7	0	5	0	1	0	1	0	0	0	0		0
Gerald Everett	TE	2	0	0	0	0	0	47	0	3	0	0	0	0	0	0		0
Joe Mixon	RB	2	0	0	0	59	0	36	0	4	0	0	0	0	0	0		0
Chris Godwin Jr.	WR	2	0	0	0	0	0	58	0	5	0	0	0	0	0	0		0
Josh Reynolds	WR	2	0	0	0	0	0	66	2	5	0	0	0	0	0	0		0
Jamaal Williams	RB	2	0	0	0	29	0	0	0	0	0	0	0	0	0	0		0
Joshua Dobbs	QB	2	228	1	0	41	1	0	0	0	0	0	0	0	1	0		0
River Cracraft	WR	2	0	0	0	0	0	34	0	2	0	0	0	0	0	0		0
Will Dissly	TE	2	0	0	0	0	0	35	0	3	0	0	0	0	0	0		0
Daniel Carlson	PK	2	0	0	0	0	0	0	0	0	0	0	0	0	0	0	47	1
Eddy Pineiro	PK	2	0	0	0	0	0	0	0	0	0	0	0	0	0	0	52;54;36	0
Gus Edwards	RB	2	0	0	0	62	1	0	0	0	0	0	0	0	0	0		0
Tyler Conklin	TE	2	0	0	0	0	0	50	0	5	0	0	0	0	0	0		0
Marquez Valdes-Scantling	WR	2	0	0	0	0	0	13	0	2	0	0	0	0	0	0		0
Richie James	WR	2	0	0	0	0	0	0	0	0	0	0	0	0	0	0		0
Byron Pringle	WR	2	0	0	0	0	0	4	0	1	0	0	0	0	0	0		0
Keith Kirkwood	WR	2	0	0	0	0	0	0	0	0	0	0	0	0	0	0		0
Courtland Sutton	WR	2	0	0	0	0	0	66	0	5	0	0	0	0	0	0		0
Dallas Goedert	TE	2	0	0	0	0	0	22	0	6	0	0	0	0	0	0		0
Jordan Akins	TE	2	0	0	0	0	0	2	0	1	0	0	0	0	0	0		0
Dalton Schultz	TE	2	0	0	0	0	0	34	0	4	0	0	0	0	0	0		0
Justin Watson	WR	2	0	0	0	0	0	62	0	3	0	0	1	0	0	0		0
Ray-Ray McCloud	WR	2	0	0	0	0	0	0	0	0	0	0	0	0	0	0		0
Boston Scott	RB	2	0	0	0	40	0	0	0	0	0	0	0	0	0	0		0
Braxton Berrios	WR	2	0	0	0	0	0	28	0	2	0	0	0	0	0	0		0
Greg Joseph	PK	2	0	0	0	0	0	0	0	0	0	0	0	0	0	0		4
Allen Lazard	WR	2	0	0	0	0	0	23	0	2	0	0	0	0	0	0		0
David Wells	TE	2	0	0	0	0	0	-10	0	2	0	0	0	0	0	0		0
Kyle Allen	QB	2	0	0	0	-2	0	0	0	0	0	0	0	0	0	0		0
Brandon Powell	WR	2	0	0	0	0	0	0	0	0	0	0	0	0	0	0		0
Chase Edmonds	RB	2	0	0	0	12	0	0	0	0	0	0	0	0	0	0		0
Rashaad Penny	RB	2	0	0	0	9	0	5	0	1	0	0	0	0	0	0		0
Mark Andrews	TE	2	0	0	0	0	0	45	1	5	0	0	0	0	0	0		0
Michael Gallup	WR	2	0	0	0	0	0	3	0	1	0	0	0	0	0	0		0
Christian Kirk	WR	2	-1	0	0	0	0	110	0	11	0	0	0	0	0	0		0
DJ Chark	WR	2	0	0	0	0	0	15	0	1	0	0	0	0	0	0		0
Nick Chubb	RB	2	0	0	0	64	0	0	0	0	0	0	0	0	0	0		0
Jason Sanders	PK	2	0	0	0	0	0	0	0	0	0	0	0	0	0	0	23	3
Lamar Jackson	QB	2	237	2	0	54	0	0	0	0	0	0	0	0	0	0		0
Durham Smythe	TE	2	0	0	0	0	0	23	0	3	0	0	0	0	0	0		0
DJ Moore	WR	2	0	0	0	0	0	104	0	6	0	0	0	0	0	0		0
Mike Gesicki	TE	2	0	0	0	0	0	33	0	5	0	0	0	0	0	0		0
Hayden Hurst	TE	2	0	0	0	0	0	20	0	3	0	0	0	0	0	0		0
Calvin Ridley	WR	2	0	0	0	0	0	32	0	2	0	0	0	0	0	0		0
Saquon Barkley	RB	2	0	0	0	63	1	29	1	6	0	0	0	0	0	0		0
Baker Mayfield	QB	2	317	1	0	17	0	0	0	0	0	0	0	0	0	0		0
Josh Allen	QB	2	274	3	0	7	0	0	0	0	0	0	0	0	0	0		0
Irv Smith	TE	2	0	0	0	0	0	10	0	2	0	0	0	0	0	0		0
Alexander Mattison	RB	2	0	0	0	28	0	11	0	3	0	1	0	0	0	0		0
Justice Hill	RB	2	0	0	0	41	0	12	0	3	0	0	0	0	0	0		0
Foster Moreau	TE	2	0	0	0	0	0	20	0	2	0	0	0	0	0	0		0
Hunter Renfrow	WR	2	0	0	0	0	0	23	0	1	0	0	0	0	0	0		0
Mecole Hardman	WR	2	0	0	0	0	0	6	0	1	0	0	0	0	0	0		0
Austin Seibert	PK	2	0	0	0	0	0	0	0	0	0	0	0	0	0	0	34	1
Joey Slye	PK	2	0	0	0	0	0	0	0	0	0	0	0	0	0	0	44;49	3
Deonte Harty	WR	2	0	0	0	0	0	4	0	2	0	0	0	0	0	0		0
T.J. Hockenson	TE	2	0	0	0	0	0	66	2	7	0	0	0	0	0	0		0
Miles Sanders	RB	2	0	0	0	43	0	4	0	3	0	0	0	0	0	0		0
Josh Oliver	TE	2	0	0	0	0	0	13	0	2	0	0	0	0	0	0		0
Devin Singletary	RB	2	0	0	0	14	0	10	0	1	0	0	0	0	0	0		0
Trevon Wesco	TE	2	0	0	0	0	0	0	0	0	0	0	0	0	0	0		0
Tony Pollard	RB	2	0	0	0	72	0	37	0	7	0	0	0	0	1	0		0
Matt Gay	PK	2	0	0	0	0	0	0	0	0	0	0	0	0	0	0	42	4
Gardner Minshew	QB	2	171	1	0	3	0	0	0	0	0	0	0	0	0	0		0
Trayveon Williams	RB	2	0	0	0	0	0	4	0	2	0	0	0	0	0	0		0
Donald Parham	TE	2	0	0	0	0	0	7	0	1	0	0	0	0	0	0		0
Chase McLaughlin	PK	2	0	0	0	0	0	0	0	0	0	0	0	0	0	0	26;25	3
Lil'Jordan Humphrey	WR	2	0	0	0	0	0	4	0	1	0	0	0	0	0	0		0
Greg Dortch	WR	2	0	0	0	0	0	0	0	0	0	0	0	0	0	0		0
Darius Slayton	WR	2	0	0	0	0	0	62	0	3	0	0	0	0	0	0		0
Craig Reynolds	RB	2	0	0	0	7	0	-2	0	1	0	0	0	0	0	0		0
D'Ernest Johnson	RB	2	0	0	0	8	0	9	0	1	0	0	0	0	0	0		0
Parris Campbell	WR	2	0	0	0	0	0	21	0	4	0	0	0	0	0	0		0
DK Metcalf	WR	2	0	0	0	0	0	75	0	6	0	0	0	0	0	0		0
Noah Fant	TE	2	0	0	0	0	0	56	0	4	0	0	0	0	0	0		0
Gunner Olszewski	WR	2	0	0	0	0	0	0	0	1	0	0	1	0	0	0		0
Damien Harris	RB	2	0	0	0	33	1	0	0	0	0	0	0	0	0	0		0
Terry McLaurin	WR	2	0	0	0	0	0	54	1	5	0	0	0	0	0	0		0
Marquise Brown	WR	2	0	0	0	0	0	54	1	6	0	0	0	0	0	0		0
A.J. Brown	WR	2	0	0	0	0	0	29	0	4	0	0	0	0	0	0		0
David Montgomery	RB	2	0	0	0	67	1	7	0	1	0	1	0	0	0	0		0
Dawson Knox	TE	2	0	0	0	0	0	10	1	3	0	0	0	0	0	0		0
Josh Jacobs	RB	2	0	0	0	-2	0	51	0	5	0	0	0	0	0	0		0
Miles Boykin	WR	2	0	0	0	0	0	5	0	1	0	0	0	0	0	0		0
Daniel Jones	QB	2	321	2	1	59	1	0	0	0	0	0	0	0	0	0		0
Deebo Samuel Sr.	WR	2	0	0	0	38	1	63	0	6	0	0	0	0	0	0		0
Tony Jones	RB	2	0	0	0	34	2	0	0	0	0	0	0	0	0	0		0
Patrick Taylor	RB	2	0	0	0	1	0	0	0	0	0	0	0	0	0	0		0
Salvon Ahmed	RB	2	0	0	0	13	0	28	0	3	0	0	0	0	0	0		0
Juwan Johnson	TE	2	0	0	0	0	0	13	0	2	0	0	0	0	0	0		0
Rico Dowdle	RB	2	0	0	0	26	0	17	0	1	0	0	0	0	0	0		0
Tyler Bass	PK	2	0	0	0	0	0	0	0	0	0	0	0	0	0	0	29	5
Isaiah Hodgins	WR	2	0	0	0	0	0	40	1	4	0	0	0	0	0	0		0
Nick Westbrook-Ikhine	WR	2	0	0	0	0	0	25	1	3	0	0	0	0	0	0		0
Reggie Gilliam	RB	2	0	0	0	0	0	3	0	1	0	0	0	0	0	0		0
Gabe Davis	WR	2	0	0	0	0	0	92	1	6	0	0	0	0	0	0		0
Tua Tagovailoa	QB	2	249	1	1	3	0	0	0	0	0	0	0	0	0	0		0
Harrison Bryant	TE	2	0	0	0	0	0	0	0	0	0	0	0	0	0	0		0
Donovan Peoples-Jones	WR	2	0	0	0	0	0	7	0	1	0	0	0	0	0	0		0
Colby Parkinson	TE	2	0	0	0	0	0	41	0	2	0	0	0	0	0	0		0
Zack Moss	RB	2	0	0	0	88	1	19	0	4	0	0	0	0	0	0		0
Michael Pittman	WR	2	0	0	0	0	0	56	0	8	0	0	0	0	0	0		0
Jauan Jennings	WR	2	0	0	0	0	0	51	0	2	0	0	0	0	0	0		0
Brandon Aiyuk	WR	2	0	0	0	0	0	43	0	3	0	0	0	0	0	0		0
Jordan Love	QB	2	151	3	0	23	0	0	0	0	0	0	0	0	0	0		0
AJ Dillon	RB	2	0	0	0	55	0	8	0	1	0	0	0	0	0	0		0
Laviska Shenault Jr.	WR	2	0	0	0	7	0	0	0	0	0	0	0	0	0	0		0
D'Andre Swift	RB	2	0	0	0	175	1	6	0	3	0	0	0	0	0	0		0
Cole Kmet	TE	2	0	0	0	0	0	38	0	4	0	0	0	0	0	0		0
Justin Jefferson	WR	2	0	0	0	0	0	159	0	11	0	0	1	0	0	0		0
Chase Claypool	WR	2	0	0	0	0	0	36	1	3	0	0	0	0	0	0		0
Antonio Gibson	RB	2	0	0	0	9	0	44	0	3	0	0	0	0	0	0		0
Devin Duvernay	WR	2	0	0	0	15	0	0	0	0	0	0	0	0	0	0		0
Josiah Deguara	TE	2	0	0	0	0	0	5	0	2	0	0	0	0	0	0		0
K.J. Osborn	WR	2	0	0	0	0	0	34	1	3	0	0	0	0	0	0		0
Justin Herbert	QB	2	305	2	0	0	0	0	0	0	0	0	0	1	0	0		0
CeeDee Lamb	WR	2	0	0	0	0	0	143	0	11	0	0	0	0	0	0		0
Clyde Edwards-Helaire	RB	2	0	0	0	0	0	17	0	2	0	0	0	0	0	0		0
Joshua Kelley	RB	2	0	0	0	39	0	0	0	0	0	0	0	0	0	0		0
Jalen Hurts	QB	2	193	1	1	35	2	0	0	0	0	0	0	0	0	0		0
Jerry Jeudy	WR	2	0	0	0	0	0	25	0	3	0	0	0	0	0	0		0
Tee Higgins	WR	2	0	0	0	0	0	89	2	8	0	0	0	0	0	0		0
Van Jefferson	WR	2	0	0	0	0	0	9	0	1	0	0	0	0	0	0		0
Adam Trautman	TE	2	0	0	0	0	0	0	0	0	0	0	0	0	0	0		0
Brycen Hopkins	TE	2	0	0	0	0	0	0	0	0	0	0	0	0	0	0		0
DeeJay Dallas	RB	2	0	0	0	3	0	0	0	0	0	0	0	0	0	0		0
Charlie Woerner	TE	2	0	0	0	0	0	0	0	0	0	0	0	0	0	0		0
Joe Burrow	QB	2	222	2	1	5	0	0	0	0	0	0	0	0	0	0		0
Tim Jones	WR	2	0	0	0	0	0	0	0	0	0	0	0	0	0	0		0
Rashod Bateman	WR	2	0	0	0	0	0	18	0	3	0	0	0	0	0	0		0
Nico Collins	WR	2	0	0	0	0	0	146	1	7	0	0	0	0	0	0		0
Chuba Hubbard	RB	2	0	0	0	16	0	34	0	5	0	0	0	0	0	0		0
Brevin Jordan	TE	2	0	0	0	0	0	27	0	2	0	0	0	0	0	0		0
Gary Brightwell	RB	2	0	0	0	0	0	0	0	0	0	0	0	0	0	0		0
Jaylen Waddle	WR	2	0	0	0	-2	0	86	0	4	0	0	0	0	0	0		0
Dyami Brown	WR	2	0	0	0	0	0	25	0	3	0	0	0	0	0	0		0
John Bates	TE	2	0	0	0	0	0	46	0	3	0	0	0	0	0	0		0
Ihmir Smith-Marsette	WR	2	0	0	0	0	0	0	0	0	0	0	0	0	0	0		0
Noah Gray	TE	2	0	0	0	0	0	38	0	3	0	0	0	0	0	0		0
Riley Patterson	PK	2	0	0	0	0	0	0	0	0	0	0	0	0	0	0	38	4
Austin Trammell	WR	2	0	0	0	0	0	0	0	0	0	0	0	0	0	0		0
Tutu Atwell	WR	2	0	0	0	5	0	77	0	7	0	0	0	0	0	0		0
Evan McPherson	PK	2	0	0	0	0	0	0	0	0	0	0	0	0	0	0	27	3
Ben Skowronek	WR	2	0	0	0	11	0	10	0	1	0	0	0	0	0	0		0
Rhamondre Stevenson	RB	2	0	0	0	50	1	10	0	3	0	0	0	0	0	0		0
Kylen Granson	TE	2	0	0	0	0	0	16	1	3	0	0	0	0	0	0		0
Najee Harris	RB	2	0	0	0	43	0	0	0	1	0	0	0	0	0	0		0
Pat Freiermuth	TE	2	0	0	0	0	0	2	0	1	0	0	0	0	0	0		0
Ja'Marr Chase	WR	2	0	0	0	0	0	31	0	5	0	0	0	0	0	0		0
Khalil Herbert	RB	2	0	0	0	35	0	23	0	1	0	0	0	0	0	0		0
DeVonta Smith	WR	2	0	0	0	0	0	131	1	4	0	0	0	0	0	0		0
Kadarius Toney	WR	2	0	0	0	3	0	35	0	5	0	0	0	0	0	0		0
Michael Carter	RB	2	0	0	0	8	0	3	0	1	0	0	0	0	0	0		0
Rondale Moore	WR	2	0	0	0	0	0	14	0	1	0	0	0	0	0	0		0
Justin Fields	QB	2	211	1	2	3	1	0	0	0	0	0	0	0	0	0		0
Amon-Ra St. Brown	WR	2	0	0	0	0	0	102	0	6	0	0	1	0	0	0		0
Kyle Pitts	TE	2	0	0	0	0	0	15	0	2	0	0	0	0	0	0		0
Trevor Lawrence	QB	2	216	0	0	26	0	0	0	0	0	1	0	0	0	0		0
Mac Jones	QB	2	231	1	1	25	0	0	0	0	0	0	0	0	0	0		0
Travis Etienne	RB	2	0	0	0	40	0	2	0	2	0	0	0	0	0	0		0
Elijah Moore	WR	2	0	0	0	5	0	36	0	3	0	0	0	0	0	0		0
Josh Palmer	WR	2	0	0	0	0	0	13	0	3	0	0	0	0	0	0		0
Javonte Williams	RB	2	0	0	0	44	0	14	0	2	0	0	0	0	0	0		0
Tommy Tremble	TE	2	0	0	0	0	0	0	0	0	0	0	0	0	0	0		0
Zach Wilson	QB	2	170	1	3	36	0	0	0	0	0	0	0	0	0	0		0
Sam Howell	QB	2	299	2	0	13	0	0	0	0	0	0	0	0	0	0		0
Cole Turner	TE	2	0	0	0	0	0	21	0	2	0	0	0	0	0	0		0
Samori Toure	WR	2	0	0	0	0	0	6	0	1	0	0	0	0	0	0		0
Britain Covey	WR	2	0	0	0	0	0	0	0	0	0	0	0	0	0	0		0
Isiah Pacheco	RB	2	0	0	0	70	0	0	0	1	0	0	0	0	0	0		0
Cameron Dicker	PK	2	0	0	0	0	0	0	0	0	0	0	0	0	0	0	27;30;33	1
Jaylen Warren	RB	2	0	0	0	20	0	66	0	4	0	0	0	0	0	0		0
Drake London	WR	2	0	0	0	0	0	67	1	6	0	0	0	0	0	0		0
Chris Olave	WR	2	0	0	0	0	0	86	0	6	0	0	0	0	0	0		0
George Pickens	WR	2	0	0	0	0	0	127	1	4	0	0	0	0	0	0		0
James Cook	RB	2	0	0	0	123	0	36	0	4	0	0	0	0	0	0		0
Rachaad White	RB	2	0	0	0	73	1	30	0	5	0	0	0	0	0	0		0
David Bell	WR	2	0	0	0	0	0	27	0	3	0	0	0	0	0	0		0
Dameon Pierce	RB	2	0	0	0	31	0	4	0	2	0	0	0	0	0	0		0
Khalil Shakir	WR	2	0	0	0	0	0	11	1	1	0	0	0	0	0	0		0
Tyler Allgeier	RB	2	0	0	0	48	0	0	0	0	0	0	0	0	0	0		0
Jerome Ford	RB	2	0	0	0	106	0	25	1	3	0	0	0	0	1	0		0
Ty Chandler	RB	2	0	0	0	0	0	9	0	2	0	0	0	0	0	0		0
Keaontay Ingram	RB	2	0	0	0	6	0	0	0	0	0	0	0	0	0	0		0
Brandon Johnson	WR	2	0	0	0	0	0	66	2	2	0	0	0	0	0	0		0
Stone Smartt	TE	2	0	0	0	0	0	24	0	1	0	0	0	0	0	0		0
Deven Thompkins	WR	2	0	0	0	11	0	0	0	0	0	0	0	0	0	0		0
Jordan Mason	RB	2	0	0	0	0	0	0	0	0	0	0	0	0	0	0		0
Rashid Shaheed	WR	2	0	0	0	0	0	63	0	4	0	0	0	0	0	0		0
Ronnie Rivers	RB	2	0	0	0	0	0	4	0	1	0	0	0	0	0	0		0
Peyton Hendershot	TE	2	0	0	0	0	0	0	0	0	0	0	0	0	0	0		0
Julius Chestnut	RB	2	0	0	0	0	0	0	0	0	0	0	0	0	0	0		0
John Metchie III	WR	2	0	0	0	0	0	17	0	1	0	0	0	0	0	0		0
Alec Pierce	WR	2	0	0	0	0	0	28	0	2	0	0	0	0	0	0		0
Jalen Tolbert	WR	2	0	0	0	0	0	18	0	3	0	0	0	0	0	0		0
Brandon Aubrey	PK	2	0	0	0	0	0	0	0	0	0	0	0	0	0	0	35;21;55;26;30	1
Garrett Wilson	WR	2	0	0	0	0	0	83	1	2	0	0	0	0	0	0		0
Jahan Dotson	WR	2	0	0	0	0	0	22	0	3	0	0	0	0	0	0		0
Treylon Burks	WR	2	0	0	0	0	0	76	0	3	0	0	0	0	0	0		0
Trey McBride	TE	2	0	0	0	0	0	32	0	2	0	0	0	0	0	0		0
Velus Jones Jr.	WR	2	0	0	0	-3	0	0	0	0	0	0	0	0	0	0		0
Brian Robinson	RB	2	0	0	0	87	2	42	0	2	0	0	0	0	1	0		0
KaVontae Turpin	WR	2	0	0	0	6	0	9	0	1	0	0	0	0	0	0		0
Chig Okonkwo	TE	2	0	0	0	0	0	35	0	4	0	0	0	0	0	0		0
Romeo Doubs	WR	2	0	0	0	0	0	30	0	2	0	0	0	0	0	0		0
Brock Purdy	QB	2	206	0	0	5	1	0	0	0	0	0	0	0	0	0		0
Calvin Austin III	WR	2	0	0	0	-2	0	10	0	1	0	0	0	0	0	0		0
Isaiah Likely	TE	2	0	0	0	0	0	8	0	1	0	0	0	0	0	0		0
Kyren Williams	RB	2	0	0	0	52	1	48	1	6	0	0	0	0	0	0		0
Zamir White	RB	2	0	0	0	22	0	0	0	0	0	1	0	0	0	0		0
Jake Ferguson	TE	2	0	0	0	0	0	11	1	3	0	0	0	0	0	0		0
Isaiah Spiller	RB	2	0	0	0	3	0	0	0	0	0	0	0	0	0	0		0
Skyy Moore	WR	2	0	0	0	0	0	70	1	3	0	0	0	0	0	0		0
Erik Ezukanma	WR	2	0	0	0	5	0	0	0	0	0	0	0	0	0	0		0
Pierre Strong	RB	2	0	0	0	1	1	0	0	0	0	0	0	0	0	0		0
Kenny Pickett	QB	2	222	1	1	-6	0	0	0	0	0	0	0	0	0	0		0
Daniel Bellinger	TE	2	0	0	0	0	0	0	0	0	0	0	0	0	0	0		0
Breece Hall	RB	2	0	0	0	9	0	0	0	0	0	0	0	0	0	0		0
Desmond Ridder	QB	2	237	1	1	39	1	0	0	0	0	0	0	0	0	0		0
Cade Otton	TE	2	0	0	0	0	0	41	0	6	0	0	0	0	0	0		0
Kenneth Walker III	RB	2	0	0	0	43	2	11	0	1	0	0	0	0	0	0		0
Dontayvion Wicks	WR	2	0	0	0	0	0	40	1	2	0	0	0	0	0	0		0
Will Mallory	TE	2	0	0	0	0	0	49	0	2	0	0	0	0	0	0		0
Eric Gray	RB	2	0	0	0	0	0	0	0	0	0	0	0	0	0	0		0
Anders Carlson	PK	2	0	0	0	0	0	0	0	0	0	0	0	0	0	0	33	3
Malik Heath	WR	2	0	0	0	0	0	0	0	0	0	0	0	0	0	0		0
Xavier Gipson	WR	2	0	0	0	0	0	0	0	0	0	0	0	0	0	0		0
Bijan Robinson	RB	2	0	0	0	124	0	48	0	4	0	0	0	0	0	0		0
Jaxon Smith-Njigba	WR	2	0	0	0	0	0	34	0	5	0	0	0	0	0	0		0
Quentin Johnston	WR	2	0	0	0	0	0	7	0	1	0	0	0	0	0	0		0
Luke Schoonmaker	TE	2	0	0	0	0	0	1	1	1	0	0	0	0	0	0		0
Michael Wilson	WR	2	0	0	0	0	0	56	0	3	0	0	0	0	0	0		0
Jake Moody	PK	2	0	0	0	0	0	0	0	0	0	0	0	0	0	0	27;57;26	3
Tre Tucker	WR	2	0	0	0	34	0	0	0	0	0	0	0	0	0	0		0
Chad Ryland	PK	2	0	0	0	0	0	0	0	0	0	0	0	0	0	0	49	2
Derius Davis	WR	2	0	0	0	10	0	0	0	0	0	0	0	0	0	0		0
Charlie Jones	WR	2	0	0	0	0	0	0	0	0	0	0	0	0	0	0		0
Josh Whyle	TE	2	0	0	0	0	0	0	0	0	0	0	0	0	0	0		0
Chase Brown	RB	2	0	0	0	2	0	0	0	0	0	0	0	0	0	0		0
Xavier Hutchinson	WR	2	0	0	0	0	0	0	0	0	0	0	0	0	0	0		0
DeMario Douglas	WR	2	0	0	0	0	0	19	0	2	0	0	1	0	0	0		0
Deuce Vaughn	RB	2	0	0	0	16	0	16	0	3	0	0	0	0	0	0		0
Antoine Green	WR	2	0	0	0	0	0	2	0	1	0	0	0	0	0	0		0
Ronnie Bell	WR	2	0	0	0	0	0	0	0	0	0	0	0	0	0	0		0
Emari Demercado	RB	2	0	0	0	-2	0	7	0	2	0	0	0	0	0	0		0
Hunter Luepke	RB	2	0	0	0	0	0	0	0	0	0	0	0	0	0	0		0
Jake Bobo	WR	2	0	0	0	0	0	3	0	1	0	0	0	0	0	0		0
Jaleel McLaughlin	RB	2	0	0	0	5	1	0	0	0	0	0	0	0	0	0		0
Emanuel Wilson	RB	2	0	0	0	5	0	0	0	0	0	0	0	0	0	0		0
Rakim Jarrett	WR	2	0	0	0	0	0	7	0	1	0	0	0	0	0	0		0
Elijah Dotson	RB	2	0	0	0	6	0	13	0	2	0	0	0	0	0	0		0
Blake Grupe	PK	2	0	0	0	0	0	0	0	0	0	0	0	0	0	0	28;23	2
Dalton Kincaid	TE	2	0	0	0	0	0	43	0	5	0	0	0	0	0	0		0
Jalin Hyatt	WR	2	0	0	0	0	0	89	0	2	0	0	0	0	0	0		0
Sean Tucker	RB	2	0	0	0	7	0	0	0	0	0	0	0	0	0	0		0
Kearis Jackson	WR	2	0	0	0	0	0	0	0	0	0	0	0	0	0	0		0
Marvin Mims Jr.	WR	2	0	0	0	10	0	113	1	2	0	0	0	0	0	0		0
Tank Dell	WR	2	0	0	0	0	0	72	1	7	0	0	0	0	0	0		0
Jordan Addison	WR	2	0	0	0	0	0	72	1	3	0	0	0	0	0	0		0
Josh Downs	WR	2	0	0	0	0	0	37	0	4	0	0	0	0	0	0		0
Roschon Johnson	RB	2	0	0	0	32	0	10	0	2	0	0	0	0	0	0		0
Tyjae Spears	RB	2	0	0	0	49	0	6	0	2	0	0	0	0	0	0		0
De'Von Achane	RB	2	0	0	0	5	0	4	0	1	0	0	0	0	0	0		0
Trey Palmer	WR	2	0	0	0	0	0	20	0	1	0	0	0	0	0	0		0
Jonathan Mingo	WR	2	0	0	0	0	0	26	0	3	0	0	0	0	0	0		0
Zay Flowers	WR	2	0	0	0	6	0	62	0	4	0	0	0	0	0	0		0
Sam LaPorta	TE	2	0	0	0	0	0	63	0	5	0	0	0	0	0	0		0
Michael Mayer	TE	2	0	0	0	0	0	2	0	1	0	0	0	0	0	0		0
Rashee Rice	WR	2	0	0	0	0	0	20	0	2	0	0	0	0	0	0		0
Puka Nacua	WR	2	0	0	0	4	0	147	0	15	0	0	0	0	0	0		0
Jahmyr Gibbs	RB	2	0	0	0	17	0	39	0	7	0	0	0	0	0	0		0
Luke Musgrave	TE	2	0	0	0	0	0	25	0	2	0	0	0	0	0	0		0
Jayden Reed	WR	2	0	0	0	0	0	37	2	4	0	0	0	0	0	0		0
Bryce Young	QB	2	153	1	0	34	0	0	0	0	1	0	0	1	0	0		0
C.J. Stroud	QB	2	384	2	0	1	0	0	0	0	1	0	0	0	0	0		0
Anthony Richardson	QB	2	56	0	0	35	2	0	0	0	0	0	0	0	0	0		0
Zach Charbonnet	RB	2	0	0	0	16	0	14	0	2	0	0	0	0	0	0		0
Matt Prater	PK	3	0	0	0	0	0	0	0	0	0	0	0	0	0	0	39;43;62	1
Nick Folk	PK	3	0	0	0	0	0	0	0	0	0	0	0	0	0	0	44	0
Matthew Stafford	QB	3	269	1	2	7	0	0	0	0	0	0	0	0	0	0		0
Graham Gano	PK	3	0	0	0	0	0	0	0	0	0	0	0	0	0	0	44;57	0
Jimmy Graham	TE	3	0	0	0	0	0	8	1	1	0	0	0	0	0	0		0
Blaine Gabbert	QB	3	31	0	2	-1	0	0	0	0	0	0	0	0	0	0		0
Andy Dalton	QB	3	361	2	0	11	0	0	0	0	0	0	0	0	0	0		0
Randall Cobb	WR	3	0	0	0	0	0	12	0	1	0	0	0	0	0	0		0
Tyrod Taylor	QB	3	0	0	0	2	0	0	0	0	0	0	0	0	0	0		0
Russell Wilson	QB	3	306	1	1	0	0	0	0	0	0	0	0	0	0	0		0
Justin Tucker	PK	3	0	0	0	0	0	0	0	0	0	0	0	0	0	0	50	2
Kirk Cousins	QB	3	367	3	1	10	0	0	0	0	0	0	0	0	0	0		0
Greg Zuerlein	PK	3	0	0	0	0	0	0	0	0	0	0	0	0	0	0	52	1
Ryan Tannehill	QB	3	104	0	0	0	0	0	0	0	0	0	0	0	0	0		0
Brandon McManus	PK	3	0	0	0	0	0	0	0	0	0	0	0	0	0	0	33	2
Adam Thielen	WR	3	0	0	0	0	0	145	1	11	0	0	0	0	0	0		0
Zach Ertz	TE	3	0	0	0	0	0	6	0	2	0	0	0	0	0	0		0
Marquise Goodwin	WR	3	0	0	0	1	0	0	0	0	0	0	0	0	0	0		0
Dustin Hopkins	PK	3	0	0	0	0	0	0	0	0	0	0	0	0	0	0	48;52	3
Keenan Allen	WR	3	49	1	0	0	0	215	0	18	0	0	0	0	0	0		0
Brett Maher	PK	3	0	0	0	0	0	0	0	0	0	0	0	0	0	0	30;23;42	1
Robert Woods	WR	3	0	0	0	0	0	34	0	3	0	0	0	0	0	0		0
Travis Kelce	TE	3	0	0	0	0	0	69	1	7	0	0	0	0	0	0		0
Latavius Murray	RB	3	0	0	0	15	1	6	0	1	0	0	0	0	0	0		0
DeAndre Hopkins	WR	3	0	0	0	0	0	48	0	3	0	0	0	0	0	0		0
Geno Smith	QB	3	296	1	1	-4	0	0	0	0	0	0	0	1	0	0		0
Chris Boswell	PK	3	0	0	0	0	0	0	0	0	0	0	0	0	0	0	43;42;57	2
Cairo Santos	PK	3	0	0	0	0	0	0	0	0	0	0	0	0	0	0	21	1
Brandin Cooks	WR	3	0	0	0	0	0	17	0	2	0	0	0	0	0	0		0
Derek Carr	QB	3	103	1	0	0	0	0	0	0	0	0	0	0	0	0		0
Jimmy Garoppolo	QB	3	324	2	3	7	0	0	0	0	0	0	0	1	0	0		0
Jerick McKinnon	RB	3	0	0	0	9	0	19	2	3	0	0	0	0	0	0		0
Davante Adams	WR	3	0	0	0	0	0	172	2	13	0	0	0	0	0	0		0
Mike Evans	WR	3	0	0	0	0	0	60	1	5	0	0	0	0	0	0		0
Allen Robinson	WR	3	0	0	0	0	0	24	0	4	0	0	0	0	0	0		0
Chris Manhertz	TE	3	0	0	0	0	0	0	0	0	0	0	0	0	0	0		0
Jason Myers	PK	3	0	0	0	0	0	0	0	0	0	0	0	0	0	0	43;35;33;37;39	2
Jameis Winston	QB	3	101	0	0	0	0	0	0	0	0	0	0	0	0	0		0
Amari Cooper	WR	3	0	0	0	0	0	116	1	7	0	0	0	0	0	0		0
DeVante Parker	WR	3	0	0	0	0	0	19	0	2	0	0	0	0	0	0		0
Nelson Agholor	WR	3	0	0	0	0	0	39	0	4	0	0	0	0	0	0		0
MyCole Pruitt	TE	3	0	0	0	0	0	10	0	1	0	0	0	0	0	0		0
Stefon Diggs	WR	3	0	0	0	0	0	111	0	8	0	0	0	0	0	0		0
Darren Waller	TE	3	0	0	0	0	0	20	0	3	0	0	0	0	0	0		0
Raheem Mostert	RB	3	0	0	0	82	3	60	1	7	0	0	0	0	0	0		0
DeAndre Carter	WR	3	0	0	0	0	0	16	0	1	0	0	0	0	0	0		0
Ameer Abdullah	RB	3	0	0	0	0	0	16	0	2	0	0	0	0	0	0		0
C.J. Uzomah	TE	3	0	0	0	0	0	9	0	1	0	0	0	0	0	0		0
Melvin Gordon	RB	3	0	0	0	32	0	23	0	2	0	0	0	0	0	0		0
Ty Montgomery	WR	3	0	0	0	0	0	0	0	0	0	0	0	0	0	0		0
Tyler Lockett	WR	3	0	0	0	0	0	34	0	3	0	0	0	0	0	1		0
Chris Moore	WR	3	0	0	0	0	0	41	0	2	0	0	0	0	0	0		0
Kalif Raymond	WR	3	0	0	0	0	0	55	0	4	0	0	0	0	0	0		0
Wil Lutz	PK	3	0	0	0	0	0	0	0	0	0	0	0	0	0	0	31;25	2
Robbie Chosen	WR	3	0	0	0	0	0	68	1	1	0	0	0	0	0	0		0
Ka'imi Fairbairn	PK	3	0	0	0	0	0	0	0	0	0	0	0	0	0	0	28;26;33	4
Derrick Henry	RB	3	0	0	0	20	0	0	0	0	0	0	0	0	0	0		0
Michael Thomas	WR	3	0	0	0	0	0	50	0	6	0	0	0	0	0	0		0
Tyler Boyd	WR	3	0	0	0	0	0	39	0	5	0	0	0	0	0	0		0
Tyreek Hill	WR	3	0	0	0	0	0	157	1	9	0	0	0	0	0	0		0
Ezekiel Elliott	RB	3	0	0	0	80	0	7	0	1	0	0	0	0	0	0		0
Dak Prescott	QB	3	249	1	1	24	0	0	0	0	0	0	0	0	0	0		0
Hunter Henry	TE	3	0	0	0	0	0	17	0	2	0	0	0	0	0	0		0
Jared Goff	QB	3	243	1	1	3	1	0	0	0	0	0	0	0	0	0		0
Tyler Higbee	TE	3	0	0	0	0	0	71	0	5	0	0	0	0	0	0		0
Kenyan Drake	RB	3	0	0	0	0	0	31	0	2	0	0	1	0	0	0		0
Zach Pascal	WR	3	0	0	0	0	0	0	0	0	0	0	0	0	0	0		0
Christian McCaffrey	RB	3	0	0	0	85	1	34	0	5	0	0	0	0	0	0		0
Curtis Samuel	WR	3	0	0	0	0	0	54	0	2	0	0	0	0	0	0		0
George Kittle	TE	3	0	0	0	0	0	90	0	7	0	0	0	0	0	0		0
Harrison Butker	PK	3	0	0	0	0	0	0	0	0	0	0	0	0	0	0	41;38	5
Kendrick Bourne	WR	3	0	0	0	0	0	46	0	4	0	0	0	0	0	0		0
Matt Breida	RB	3	0	0	0	17	1	1	0	3	0	0	0	0	0	0		0
Taysom Hill	TE	3	0	0	0	12	0	9	0	1	0	0	0	0	0	0		0
Pharaoh Brown	TE	3	0	0	0	0	0	71	1	2	0	0	0	0	0	0		0
Isaiah McKenzie	WR	3	0	0	0	0	0	3	0	1	0	0	0	0	0	0		0
Samaje Perine	RB	3	0	0	0	9	0	15	0	2	0	0	0	0	0	0		0
Mike Williams	WR	3	0	0	0	0	0	121	1	7	0	0	0	0	0	0		0
Deshaun Watson	QB	3	289	2	0	16	0	0	0	0	0	0	0	0	0	0		0
James Conner	RB	3	0	0	0	98	1	18	0	2	0	0	0	0	0	0		0
Mack Hollins	WR	3	0	0	0	0	0	23	0	1	0	0	0	0	0	0		0
Jamal Agnew	WR	3	0	0	0	0	0	49	0	4	0	0	1	0	0	0		0
Younghoe Koo	PK	3	0	0	0	0	0	0	0	0	0	0	0	0	0	0	48;24	0
Jake Elliott	PK	3	0	0	0	0	0	0	0	0	0	0	0	0	0	0	36;38;26	2
JuJu Smith-Schuster	WR	3	0	0	0	0	0	5	0	1	0	0	0	0	0	0		0
Jonnu Smith	TE	3	0	0	0	0	0	37	0	5	0	0	0	0	0	0		0
Patrick Mahomes	QB	3	272	3	0	28	0	0	0	0	0	0	0	0	0	0		0
Evan Engram	TE	3	0	0	0	0	0	67	0	7	0	0	0	0	0	0		0
David Njoku	TE	3	0	0	0	0	0	20	0	4	0	0	0	0	0	0		0
Dalvin Cook	RB	3	0	0	0	18	0	11	0	3	0	0	0	0	0	0		0
Gerald Everett	TE	3	0	0	0	0	0	30	0	6	0	0	0	0	0	0		0
Joe Mixon	RB	3	0	0	0	65	1	5	0	1	0	0	0	0	0	0		0
Chris Godwin Jr.	WR	3	0	0	0	0	0	32	0	3	0	0	0	0	0	1		0
Kareem Hunt	RB	3	0	0	0	13	0	22	0	2	0	0	0	0	0	0		0
C.J. Beathard	QB	3	9	0	0	0	0	0	0	0	0	0	0	0	0	0		0
Joshua Dobbs	QB	3	189	1	0	55	0	0	0	0	0	0	0	0	0	0		0
River Cracraft	WR	3	0	0	0	0	0	13	0	1	0	0	0	0	0	0		0
Daniel Carlson	PK	3	0	0	0	0	0	0	0	0	0	0	0	0	0	0	26	1
Eddy Pineiro	PK	3	0	0	0	0	0	0	0	0	0	0	0	0	0	0	47;44	3
Gus Edwards	RB	3	0	0	0	51	0	0	0	0	0	0	0	0	0	0		0
Mike Boone	RB	3	0	0	0	0	0	0	0	0	0	0	0	0	0	0		0
Tyler Conklin	TE	3	0	0	0	0	0	26	0	3	0	0	0	0	0	0		0
Marquez Valdes-Scantling	WR	3	0	0	0	0	0	37	0	1	0	0	0	0	0	0		0
Keith Kirkwood	WR	3	0	0	0	0	0	0	0	0	0	0	0	0	0	0		0
Courtland Sutton	WR	3	0	0	0	0	0	91	1	8	0	0	2	0	0	0		0
Dallas Goedert	TE	3	0	0	0	0	0	41	0	5	0	0	0	0	0	0		0
Ian Thomas	TE	3	0	0	0	0	0	8	0	1	0	0	0	0	0	0		0
Dalton Schultz	TE	3	0	0	0	0	0	9	0	1	0	0	0	0	0	0		0
Justin Watson	WR	3	0	0	0	0	0	51	0	2	0	0	0	0	0	0		0
Mike White	QB	3	67	1	0	-1	0	0	0	0	0	0	0	0	0	0		0
Ray-Ray McCloud	WR	3	0	0	0	0	0	0	0	0	0	0	0	0	0	0		0
Braxton Berrios	WR	3	0	0	0	0	0	33	0	2	0	0	0	0	0	0		0
Nick Bawden	RB	3	0	0	0	1	1	0	0	0	0	0	0	0	0	0		0
Greg Joseph	PK	3	0	0	0	0	0	0	0	0	0	0	0	0	0	0	23	3
Trent Sherfield	WR	3	0	0	0	0	0	18	0	2	0	0	0	0	0	0		0
Allen Lazard	WR	3	0	0	0	0	0	39	0	3	0	0	0	0	0	0		0
Kyle Allen	QB	3	0	0	0	-2	0	0	0	0	0	0	0	0	0	0		0
Tanner Hudson	TE	3	0	0	0	0	0	30	0	2	0	0	0	0	0	0		0
Brandon Powell	WR	3	0	0	0	0	0	5	0	1	0	0	0	0	0	0		0
Mark Andrews	TE	3	0	0	0	0	0	35	0	4	0	0	0	0	0	0		0
Michael Gallup	WR	3	0	0	0	0	0	92	0	6	0	0	0	0	0	0		0
Christian Kirk	WR	3	0	0	0	0	0	54	1	4	0	0	0	0	0	0		0
DJ Chark	WR	3	0	0	0	0	0	86	1	4	0	0	0	0	0	0		0
Jason Sanders	PK	3	0	0	0	0	0	0	0	0	0	0	0	0	0	0		10
Lamar Jackson	QB	3	202	0	0	101	2	0	0	0	1	0	0	0	0	0		0
Durham Smythe	TE	3	0	0	0	0	0	15	0	1	0	0	0	0	0	0		0
DJ Moore	WR	3	0	0	0	0	0	41	1	3	0	0	0	0	0	0		0
Mike Gesicki	TE	3	0	0	0	0	0	18	0	1	0	0	0	0	0	0		0
Hayden Hurst	TE	3	0	0	0	0	0	11	0	1	0	0	0	0	0	0		0
Calvin Ridley	WR	3	0	0	0	0	0	40	0	3	0	0	0	0	0	0		0
Royce Freeman	RB	3	0	0	0	0	0	0	0	0	0	0	0	0	0	0		0
KhaDarel Hodge	WR	3	0	0	0	0	0	15	0	1	0	0	0	0	0	0		0
Baker Mayfield	QB	3	146	1	1	2	0	0	0	0	0	0	0	1	0	0		0
Josh Allen	QB	3	218	1	1	46	1	0	0	0	0	0	0	0	0	0		0
Sam Darnold	QB	3	0	0	0	-1	0	0	0	0	0	0	0	0	0	0		0
Jakobi Meyers	WR	3	0	0	0	0	0	85	0	7	0	0	0	0	0	0		0
Alexander Mattison	RB	3	0	0	0	93	0	32	0	5	0	0	0	0	0	0		0
Hunter Renfrow	WR	3	0	0	0	0	0	17	0	2	0	0	0	0	0	0		0
Joey Slye	PK	3	0	0	0	0	0	0	0	0	0	0	0	0	0	0	51	0
Olamide Zaccheaus	WR	3	0	0	0	0	0	58	1	2	0	0	0	0	0	0		0
Deonte Harty	WR	3	0	0	0	-2	0	15	0	2	0	0	0	0	0	0		0
T.J. Hockenson	TE	3	0	0	0	0	0	78	0	8	0	0	1	0	0	0		0
Miles Sanders	RB	3	0	0	0	24	1	38	0	5	0	0	0	0	0	0		0
Josh Oliver	TE	3	0	0	0	0	0	4	1	2	0	0	0	0	0	0		0
Devin Singletary	RB	3	0	0	0	41	0	4	0	2	0	0	0	0	0	0		0
Tony Pollard	RB	3	0	0	0	122	0	-1	0	3	0	0	0	0	0	0		0
Matt Gay	PK	3	0	0	0	0	0	0	0	0	0	0	0	0	0	0	31;54;53;53;53	1
Gardner Minshew	QB	3	227	1	0	0	0	0	0	0	0	0	0	0	0	0		0
Trayveon Williams	RB	3	0	0	0	4	0	0	0	0	0	0	0	0	0	0		0
Donald Parham	TE	3	0	0	0	0	0	4	2	2	0	0	0	0	0	0		0
Chase McLaughlin	PK	3	0	0	0	0	0	0	0	0	0	0	0	0	0	0	33	0
Greg Dortch	WR	3	0	0	0	0	0	0	0	0	0	0	0	0	0	0		0
Darius Slayton	WR	3	0	0	0	0	0	32	0	3	0	0	0	0	0	0		0
Craig Reynolds	RB	3	0	0	0	15	0	0	0	0	0	0	0	0	0	0		0
D'Ernest Johnson	RB	3	0	0	0	6	0	6	0	2	0	0	0	0	0	0		0
Drew Sample	TE	3	0	0	0	0	0	7	0	1	0	0	0	0	0	0		0
Parris Campbell	WR	3	0	0	0	0	0	24	0	6	0	0	0	0	0	0		0
DK Metcalf	WR	3	0	0	0	0	0	112	0	6	0	0	0	0	0	0		0
Noah Fant	TE	3	0	0	0	0	0	41	0	4	0	0	0	0	0	0		0
Damien Harris	RB	3	0	0	0	15	0	0	0	0	0	0	0	0	0	0		0
Terry McLaurin	WR	3	0	0	0	0	0	41	0	6	0	0	0	0	0	0		0
Marquise Brown	WR	3	0	0	0	0	0	61	1	5	0	0	0	0	0	0		0
A.J. Brown	WR	3	0	0	0	0	0	131	0	9	0	0	0	0	0	0		0
Dawson Knox	TE	3	0	0	0	0	0	11	0	1	0	0	0	0	0	0		0
Josh Jacobs	RB	3	0	0	0	62	0	18	0	3	0	0	0	0	0	0		0
Daniel Jones	QB	3	137	0	1	5	0	0	0	0	0	0	0	0	0	0		0
Deebo Samuel Sr.	WR	3	0	0	0	2	0	129	1	6	0	0	0	0	0	0		0
Jakob Johnson	RB	3	0	0	0	0	0	0	0	0	0	0	0	0	0	0		0
Mitchell Wilcox	TE	3	0	0	0	0	0	10	0	2	0	0	0	0	0	0		0
Tony Jones	RB	3	0	0	0	31	0	21	0	4	0	0	0	0	0	0		0
Patrick Taylor	RB	3	0	0	0	6	0	23	0	3	0	0	0	0	0	0		0
Juwan Johnson	TE	3	0	0	0	0	0	12	0	2	0	0	0	0	0	0		0
Rico Dowdle	RB	3	0	0	0	21	0	25	1	3	0	0	0	0	0	0		0
Tyler Bass	PK	3	0	0	0	0	0	0	0	0	0	0	0	0	0	0	36;54;32	4
Isaiah Hodgins	WR	3	0	0	0	0	0	0	0	0	0	0	0	0	0	0		0
Mason Kinsey	WR	3	0	0	0	0	0	0	0	0	0	0	0	0	0	0		0
Reggie Gilliam	RB	3	0	0	0	0	0	0	0	0	0	0	0	0	0	0		0
Gabe Davis	WR	3	0	0	0	-2	0	35	1	1	0	0	0	0	0	0		0
Tua Tagovailoa	QB	3	309	4	0	0	0	0	0	0	0	0	0	0	0	0		0
Harrison Bryant	TE	3	0	0	0	4	0	0	0	0	0	0	0	0	0	0		0
Donovan Peoples-Jones	WR	3	0	0	0	0	0	49	0	3	0	0	0	0	0	0		0
Colby Parkinson	TE	3	0	0	0	0	0	38	0	3	0	0	0	0	0	0		0
Zack Moss	RB	3	0	0	0	122	0	23	1	2	0	0	0	0	0	0		0
Michael Pittman	WR	3	0	0	0	0	0	77	0	9	0	0	0	0	0	0		0
Jauan Jennings	WR	3	0	0	0	0	0	31	0	2	0	0	0	0	0	0		0
Jordan Love	QB	3	259	1	1	39	1	0	0	0	0	0	0	1	0	0		0
AJ Dillon	RB	3	0	0	0	33	0	0	0	0	0	0	0	0	0	0		0
Laviska Shenault Jr.	WR	3	0	0	0	7	0	0	0	1	0	0	0	0	0	0		0
D'Andre Swift	RB	3	0	0	0	130	0	8	0	1	0	0	0	0	0	0		0
Cole Kmet	TE	3	0	0	0	0	0	22	0	2	0	0	0	0	0	0		0
Darnell Mooney	WR	3	0	0	0	0	0	0	0	0	0	0	0	0	0	0		0
Justin Jefferson	WR	3	0	0	0	0	0	149	1	7	0	0	0	0	0	0		0
Chase Claypool	WR	3	0	0	0	0	0	15	0	1	0	0	0	0	0	0		0
Antonio Gibson	RB	3	0	0	0	17	0	7	0	3	0	0	1	0	0	0		0
Devin Duvernay	WR	3	0	0	0	0	0	0	0	0	0	0	0	0	0	0		0
Josiah Deguara	TE	3	0	0	0	0	0	0	0	0	0	0	0	0	0	0		0
K.J. Osborn	WR	3	0	0	0	0	0	36	1	1	0	0	0	0	0	0		0
Justin Herbert	QB	3	405	3	0	11	0	0	0	0	0	0	0	0	0	0		0
CeeDee Lamb	WR	3	0	0	0	9	0	53	0	4	0	0	0	0	0	0		0
Clyde Edwards-Helaire	RB	3	0	0	0	55	1	2	0	1	0	0	0	0	0	0		0
Joshua Kelley	RB	3	0	0	0	12	0	5	0	1	0	0	0	0	0	0		0
Jalen Hurts	QB	3	277	1	2	28	1	0	0	0	0	0	0	0	0	0		0
Jerry Jeudy	WR	3	0	0	0	0	0	81	0	5	0	0	0	0	0	0		0
Tee Higgins	WR	3	0	0	0	0	0	21	0	2	0	0	0	0	0	0		0
Van Jefferson	WR	3	0	0	0	4	0	46	0	1	0	0	0	0	0	0		0
Adam Trautman	TE	3	0	0	0	0	0	0	0	0	0	0	0	0	0	0		0
DeeJay Dallas	RB	3	0	0	0	7	0	-2	0	1	0	0	0	0	0	0		0
Joe Burrow	QB	3	259	0	1	-2	0	0	0	0	0	0	0	0	0	0		0
Tim Jones	WR	3	0	0	0	0	0	11	0	2	0	0	0	0	0	0		0
Rashod Bateman	WR	3	0	0	0	0	0	6	0	1	0	0	0	0	0	0		0
Nico Collins	WR	3	0	0	0	0	0	34	0	2	0	0	0	0	0	0		0
Chuba Hubbard	RB	3	0	0	0	2	0	2	0	2	0	0	0	0	0	0		0
Brevin Jordan	TE	3	0	0	0	0	0	13	1	2	0	0	0	0	0	0		0
Elijah Mitchell	RB	3	0	0	0	42	0	2	0	3	0	0	0	0	0	0		0
Gary Brightwell	RB	3	0	0	0	5	0	31	0	2	0	0	0	0	0	0		0
Dyami Brown	WR	3	0	0	0	0	0	0	0	0	0	0	0	0	0	0		0
John Bates	TE	3	0	0	0	0	0	12	0	2	0	0	0	0	0	0		0
Ihmir Smith-Marsette	WR	3	0	0	0	0	0	0	0	0	0	0	0	0	0	0		0
Noah Gray	TE	3	0	0	0	0	0	9	0	1	0	0	0	0	0	0		0
Jack Stoll	TE	3	0	0	0	0	0	6	0	1	0	0	0	0	0	0		0
Riley Patterson	PK	3	0	0	0	0	0	0	0	0	0	0	0	0	0	0	37;24	2
Tutu Atwell	WR	3	0	0	0	22	0	50	1	4	0	0	0	0	0	0		0
Evan McPherson	PK	3	0	0	0	0	0	0	0	0	0	0	0	0	0	0	49;53;48;54	1
Ben Skowronek	WR	3	0	0	0	0	0	3	0	1	0	0	0	0	0	0		0
Rhamondre Stevenson	RB	3	0	0	0	59	0	3	0	1	0	0	0	0	0	0		0
Kylen Granson	TE	3	0	0	0	0	0	9	0	2	0	0	0	0	0	0		0
Luke Farrell	TE	3	0	0	0	0	0	4	0	1	0	0	0	0	0	0		0
Najee Harris	RB	3	0	0	0	65	0	0	0	0	0	0	0	0	0	0		0
Pat Freiermuth	TE	3	0	0	0	0	0	41	1	3	0	0	0	0	0	0		0
Ja'Marr Chase	WR	3	0	0	0	0	0	141	0	12	0	0	0	0	0	0		0
Khalil Herbert	RB	3	0	0	0	31	0	4	0	2	0	0	1	0	0	0		0
DeVonta Smith	WR	3	0	0	0	0	0	28	0	4	0	0	0	0	0	0		0
Kadarius Toney	WR	3	0	0	0	0	0	-1	0	1	0	0	0	0	0	0		0
Kenny Gainwell	RB	3	0	0	0	43	0	5	0	1	0	0	0	0	0	0		0
Michael Carter	RB	3	0	0	0	0	0	3	0	1	0	0	0	0	0	0		0
Rondale Moore	WR	3	0	0	0	54	1	8	0	4	0	0	0	0	0	0		0
Justin Fields	QB	3	99	1	1	47	0	0	0	0	0	0	0	0	0	0		0
Terrace Marshall Jr.	WR	3	0	0	0	0	0	35	0	5	0	0	0	0	0	0		0
Amon-Ra St. Brown	WR	3	0	0	0	4	0	102	0	9	0	0	0	0	0	0		0
Kyle Pitts	TE	3	0	0	0	-4	0	41	0	5	0	0	0	0	0	0		0
Trevor Lawrence	QB	3	279	1	1	12	0	0	0	0	0	0	0	0	0	0		0
Mac Jones	QB	3	201	1	0	13	0	0	0	0	0	0	0	0	0	0		0
Travis Etienne	RB	3	0	0	0	88	0	50	0	4	0	0	0	0	0	0		0
Elijah Moore	WR	3	0	0	0	-1	0	49	0	9	0	0	1	0	0	0		0
Trey Sermon	RB	3	0	0	0	17	0	4	0	1	0	0	0	0	0	0		0
Josh Palmer	WR	3	0	0	0	0	0	66	1	4	0	0	1	0	0	0		0
Javonte Williams	RB	3	0	0	0	42	0	23	0	2	0	0	0	0	0	0		0
Tommy Tremble	TE	3	0	0	0	0	0	15	0	1	0	0	0	0	0	0		0
Tre' McKitty	TE	3	0	0	0	0	0	0	0	0	0	0	0	0	0	0		0
Zach Wilson	QB	3	157	0	0	1	0	0	0	0	0	0	0	0	0	0		0
Devon Allen	WR	3	0	0	0	0	0	0	0	0	0	0	0	0	0	0		0
Sam Howell	QB	3	170	0	4	18	0	0	0	0	0	0	0	0	0	0		0
Cole Turner	TE	3	0	0	0	0	0	35	0	4	0	0	0	0	0	0		0
Samori Toure	WR	3	0	0	0	0	0	0	0	0	0	0	0	0	0	1		0
Britain Covey	WR	3	0	0	0	0	0	0	0	0	0	0	0	0	0	0		0
Bam Knight	RB	3	0	0	0	13	0	0	0	0	0	0	0	0	0	0		0
Isiah Pacheco	RB	3	0	0	0	62	1	16	0	2	0	0	0	0	0	0		0
Justyn Ross	WR	3	0	0	0	0	0	0	0	0	0	0	0	0	0	0		0
Cameron Dicker	PK	3	0	0	0	0	0	0	0	0	0	0	0	0	0	0		4
Jaylen Warren	RB	3	0	0	0	29	0	23	0	3	0	0	0	0	0	0		0
Drake London	WR	3	0	0	0	0	0	31	0	2	0	0	0	0	0	0		0
Chris Olave	WR	3	0	0	0	0	0	104	0	8	0	0	0	0	0	0		0
George Pickens	WR	3	0	0	0	0	0	75	0	4	0	0	0	0	0	0		0
James Cook	RB	3	0	0	0	98	0	14	0	2	0	0	0	0	0	0		0
Rachaad White	RB	3	0	0	0	38	0	24	0	3	0	0	1	0	0	0		0
Dameon Pierce	RB	3	0	0	0	31	1	28	0	3	0	0	0	0	0	0		0
Khalil Shakir	WR	3	0	0	0	0	0	5	0	1	0	0	0	0	0	0		0
Tyler Allgeier	RB	3	0	0	0	12	0	17	0	2	0	0	0	0	0	0		0
Jerome Ford	RB	3	0	0	0	18	1	33	1	2	0	0	0	0	0	0		0
Montrell Washington	WR	3	0	0	0	0	0	0	0	0	0	0	0	0	0	0		0
Ty Chandler	RB	3	0	0	0	27	0	4	0	1	0	0	0	0	0	0		0
Teagan Quitoriano	TE	3	0	0	0	0	0	0	0	0	0	0	0	0	0	0		0
Andrew Ogletree	TE	3	0	0	0	0	0	11	0	1	0	0	0	0	0	0		0
Keaontay Ingram	RB	3	0	0	0	13	0	8	0	1	0	0	0	0	0	0		0
John FitzPatrick	TE	3	0	0	0	0	0	0	0	0	0	0	0	0	0	0		0
Brandon Johnson	WR	3	0	0	0	0	0	12	0	2	0	0	0	0	0	0		0
Deven Thompkins	WR	3	0	0	0	0	0	6	0	2	0	0	0	0	0	0		0
Jordan Mason	RB	3	0	0	0	11	0	0	0	0	0	0	0	0	0	0		0
Rashid Shaheed	WR	3	0	0	0	0	0	0	0	0	0	0	0	0	0	0		0
Ronnie Rivers	RB	3	0	0	0	0	0	0	0	0	0	0	0	0	0	0		0
Peyton Hendershot	TE	3	0	0	0	0	0	3	0	1	0	0	0	0	0	0		0
John Metchie III	WR	3	0	0	0	0	0	13	0	2	0	0	0	0	0	0		0
Alec Pierce	WR	3	0	0	0	0	0	43	0	3	0	0	0	0	0	0		0
Brandon Aubrey	PK	3	0	0	0	0	0	0	0	0	0	0	0	0	0	0	49;27;26	1
Garrett Wilson	WR	3	0	0	0	0	0	48	0	5	0	0	0	0	0	0		0
Jahan Dotson	WR	3	0	0	0	0	0	21	0	2	0	0	0	0	0	0		0
Treylon Burks	WR	3	0	0	0	0	0	5	0	1	0	0	0	0	0	0		0
Trey McBride	TE	3	0	0	0	0	0	2	0	1	0	0	0	0	0	0		0
Velus Jones Jr.	WR	3	0	0	0	0	0	0	0	0	0	0	0	0	0	0		0
Brian Robinson	RB	3	0	0	0	70	0	0	0	0	0	0	0	0	0	0		0
KaVontae Turpin	WR	3	0	0	0	0	0	0	0	0	0	0	0	0	0	0		0
Chig Okonkwo	TE	3	0	0	0	0	0	7	0	3	0	0	0	0	0	0		0
Romeo Doubs	WR	3	0	0	0	0	0	73	1	5	0	0	0	0	0	0		0
Brock Purdy	QB	3	310	2	0	-1	0	0	0	0	0	0	0	0	0	0		0
Calvin Austin III	WR	3	0	0	0	0	0	72	1	2	0	0	0	0	0	0		0
Isaiah Likely	TE	3	0	0	0	0	0	20	0	1	0	0	0	0	0	0		0
Kyren Williams	RB	3	0	0	0	38	0	27	0	2	0	0	0	0	0	0		0
Jake Ferguson	TE	3	0	0	0	0	0	48	0	5	0	0	0	0	0	0		0
Isaiah Spiller	RB	3	0	0	0	7	0	0	0	0	0	0	0	0	0	0		0
Skyy Moore	WR	3	0	0	0	0	0	42	0	4	0	0	0	0	0	0		0
Pierre Strong	RB	3	0	0	0	27	0	0	0	0	0	0	0	0	0	0		0
Kenny Pickett	QB	3	235	2	0	11	0	0	0	0	0	0	0	0	0	0		0
Daniel Bellinger	TE	3	0	0	0	0	0	8	0	1	0	0	0	0	0	0		0
Wan'Dale Robinson	WR	3	0	0	0	0	0	21	0	4	0	0	0	0	0	0		0
Breece Hall	RB	3	0	0	0	18	0	9	0	1	0	0	0	0	0	0		0
Desmond Ridder	QB	3	201	0	0	3	0	0	0	0	1	0	0	0	0	0		0
Cade Otton	TE	3	0	0	0	0	0	16	0	1	0	0	0	0	0	0		0
Kenneth Walker III	RB	3	0	0	0	97	2	59	0	3	0	0	0	0	0	0		0
Dontayvion Wicks	WR	3	0	0	0	0	0	45	0	4	0	0	0	0	0	0		0
Eric Gray	RB	3	0	0	0	0	0	0	0	0	0	0	0	0	0	0		0
Anders Carlson	PK	3	0	0	0	0	0	0	0	0	0	0	0	0	0	0	38	1
Malik Heath	WR	3	0	0	0	0	0	0	0	0	0	0	0	0	0	0		0
Brady Russell	RB	3	0	0	0	0	0	0	0	0	0	0	0	0	0	0		0
Xavier Gipson	WR	3	0	0	0	0	0	0	0	0	0	0	0	0	0	0		0
Bijan Robinson	RB	3	0	0	0	33	0	27	0	4	0	0	0	0	0	0		0
Jaxon Smith-Njigba	WR	3	0	0	0	0	0	10	0	1	0	0	0	0	0	0		0
Quentin Johnston	WR	3	0	0	0	0	0	10	0	2	0	0	0	0	0	0		0
Luke Schoonmaker	TE	3	0	0	0	0	0	0	0	0	0	0	0	0	0	0		0
Kendre Miller	RB	3	0	0	0	34	0	0	0	1	0	0	0	0	0	0		0
Tank Bigsby	RB	3	0	0	0	10	1	0	0	0	0	0	0	0	0	0		0
Michael Wilson	WR	3	0	0	0	0	0	86	0	2	0	0	0	0	0	0		0
Jake Moody	PK	3	0	0	0	0	0	0	0	0	0	0	0	0	0	0	28;21;36	3
Chad Ryland	PK	3	0	0	0	0	0	0	0	0	0	0	0	0	0	0	48;51	1
Derius Davis	WR	3	0	0	0	0	0	3	0	1	0	0	0	0	0	0		0
Charlie Jones	WR	3	0	0	0	0	0	6	0	1	0	0	0	0	0	0		0
Chase Brown	RB	3	0	0	0	0	0	0	0	0	0	0	0	0	0	0		0
DeMario Douglas	WR	3	0	0	0	5	0	15	0	1	0	0	0	0	0	0		0
Ronnie Bell	WR	3	0	0	0	0	0	24	1	2	0	0	0	0	0	0		0
Chris Brooks	RB	3	0	0	0	66	0	0	0	0	0	0	0	0	0	0		0
Emari Demercado	RB	3	0	0	0	2	0	0	0	0	0	0	0	0	0	0		0
Julian Hill	TE	3	0	0	0	0	0	0	0	0	0	0	0	0	0	0		0
Hunter Luepke	RB	3	0	0	0	9	0	12	0	1	0	0	0	0	0	0		0
Jake Bobo	WR	3	0	0	0	0	0	5	1	1	0	0	0	0	0	0		0
Nate Adkins	TE	3	0	0	0	0	0	11	0	1	0	0	0	0	0	0		0
Jaleel McLaughlin	RB	3	0	0	0	15	0	0	0	0	0	0	0	0	0	0		0
Emanuel Wilson	RB	3	0	0	0	6	0	6	0	1	0	0	0	0	0	0		0
Blake Grupe	PK	3	0	0	0	0	0	0	0	0	0	0	0	0	0	0	25	2
Dalton Kincaid	TE	3	0	0	0	0	0	3	0	2	0	0	0	0	0	0		0
Brenton Strange	TE	3	0	0	0	0	0	7	0	2	0	0	0	0	0	0		0
Tyler Scott	WR	3	0	0	0	0	0	6	0	1	0	0	0	0	0	0		0
Sean Tucker	RB	3	0	0	0	1	0	0	0	0	0	0	0	0	0	0		0
Marvin Mims Jr.	WR	3	0	0	0	3	0	73	0	3	0	0	0	0	0	0		0
Tank Dell	WR	3	0	0	0	0	0	145	1	5	0	0	0	0	0	0		0
Jordan Addison	WR	3	0	0	0	0	0	52	0	6	0	0	0	0	0	0		0
Josh Downs	WR	3	0	0	0	0	0	57	0	8	0	0	0	0	0	0		0
Roschon Johnson	RB	3	0	0	0	38	0	11	0	2	0	0	0	0	0	0		0
Tyjae Spears	RB	3	0	0	0	6	0	3	0	4	0	0	0	0	0	0		0
De'Von Achane	RB	3	0	0	0	203	2	30	2	4	0	0	0	0	0	0		0
Trey Palmer	WR	3	0	0	0	0	0	8	0	1	0	0	0	0	0	0		0
Jonathan Mingo	WR	3	0	0	0	0	0	21	0	3	0	0	0	0	0	0		0
Zay Flowers	WR	3	0	0	0	2	0	48	0	8	0	0	0	0	0	0		0
Sam LaPorta	TE	3	0	0	0	0	0	84	1	8	0	0	0	0	0	0		0
Michael Mayer	TE	3	0	0	0	0	0	0	0	0	0	0	0	0	0	1		0
Rashee Rice	WR	3	0	0	0	0	0	59	0	5	0	0	0	0	0	0		0
Puka Nacua	WR	3	0	0	0	0	0	72	0	5	0	0	0	0	0	0		0
Jahmyr Gibbs	RB	3	0	0	0	80	0	2	0	1	0	0	0	0	0	0		0
Luke Musgrave	TE	3	0	0	0	0	0	49	0	6	0	0	0	0	0	0		0
Jayden Reed	WR	3	0	0	0	0	0	63	0	3	0	0	0	0	0	0		0
C.J. Stroud	QB	3	280	2	0	14	0	0	0	0	0	0	0	0	0	0		0
Zach Charbonnet	RB	3	0	0	0	46	0	-1	0	1	0	0	0	0	0	0		0
Matt Prater	PK	4	0	0	0	0	0	0	0	0	0	0	0	0	0	0	38	1
Marcedes Lewis	TE	4	0	0	0	0	0	8	0	1	0	0	0	0	0	0		0
Nick Folk	PK	4	0	0	0	0	0	0	0	0	0	0	0	0	0	0	53;35	3
Matthew Slater	WR	4	0	0	0	0	0	0	0	0	0	0	0	0	0	0		0
Matthew Stafford	QB	4	319	1	1	14	0	0	0	0	0	0	0	0	0	0		0
Graham Gano	PK	4	0	0	0	0	0	0	0	0	0	0	0	0	0	0	55	0
Randall Cobb	WR	4	0	0	0	0	0	8	0	2	0	0	0	0	0	0		0
Russell Wilson	QB	4	223	3	0	13	0	0	0	0	0	0	0	0	0	0		0
Marvin Jones	WR	4	0	0	0	0	0	0	0	0	0	0	0	0	0	0		0
Justin Tucker	PK	4	0	0	0	0	0	0	0	0	0	0	0	0	0	0		4
Kirk Cousins	QB	4	139	2	2	0	0	0	0	0	0	0	0	0	0	0		0
Greg Zuerlein	PK	4	0	0	0	0	0	0	0	0	0	0	0	0	0	0	31	1
Ryan Tannehill	QB	4	240	1	1	11	0	0	0	0	0	0	0	0	0	0		0
Brandon McManus	PK	4	0	0	0	0	0	0	0	0	0	0	0	0	0	0	56;43;38	2
Adam Thielen	WR	4	0	0	0	6	0	76	0	7	0	0	0	0	0	0		0
Zach Ertz	TE	4	0	0	0	0	0	53	0	6	0	0	0	0	0	0		0
Marquise Goodwin	WR	4	0	0	0	0	0	0	0	1	0	0	0	0	0	0		0
Dustin Hopkins	PK	4	0	0	0	0	0	0	0	0	0	0	0	0	0	0	53	0
Keenan Allen	WR	4	0	0	0	0	0	32	1	3	0	0	0	0	0	0		0
Brett Maher	PK	4	0	0	0	0	0	0	0	0	0	0	0	0	0	0	40;54;51	2
Robert Woods	WR	4	0	0	0	0	0	26	0	3	0	0	0	0	0	0		0
Travis Kelce	TE	4	0	0	0	0	0	60	0	6	0	0	0	0	0	0		0
Latavius Murray	RB	4	0	0	0	32	0	24	0	2	0	0	0	0	0	0		0
DeAndre Hopkins	WR	4	0	0	0	0	0	63	0	4	0	0	0	0	0	0		0
Geno Smith	QB	4	110	1	0	0	0	-2	0	1	0	0	0	0	0	0		0
Willie Snead	WR	4	0	0	0	0	0	9	0	1	0	0	0	0	0	0		0
Chris Boswell	PK	4	0	0	0	0	0	0	0	0	0	0	0	0	0	0	35;23	0
Cairo Santos	PK	4	0	0	0	0	0	0	0	0	0	0	0	0	0	0		4
Brandin Cooks	WR	4	0	0	0	0	0	27	0	4	0	0	0	0	0	0		0
Logan Thomas	TE	4	0	0	0	2	0	41	0	3	0	0	0	0	0	0		0
Derek Carr	QB	4	127	0	0	1	0	0	0	0	1	0	0	0	0	0		0
Jerick McKinnon	RB	4	0	0	0	7	0	0	0	0	0	0	0	0	0	0		0
Davante Adams	WR	4	0	0	0	0	0	75	0	8	0	0	0	0	0	0		0
Mike Evans	WR	4	0	0	0	0	0	40	0	3	0	0	0	0	0	0		0
Allen Robinson	WR	4	0	0	0	0	0	8	0	1	0	0	0	0	0	0		0
Chris Manhertz	TE	4	0	0	0	0	0	10	0	1	0	0	0	0	0	0		0
Jason Myers	PK	4	0	0	0	0	0	0	0	0	0	0	0	0	0	0	34	3
Jameis Winston	QB	4	0	0	1	0	0	0	0	0	0	0	0	0	0	0		0
Amari Cooper	WR	4	0	0	0	0	0	16	0	1	0	0	0	0	0	0		0
DeVante Parker	WR	4	0	0	0	0	0	33	0	2	0	0	0	0	0	0		0
Nelson Agholor	WR	4	0	0	0	0	0	4	0	1	0	0	0	0	0	0		0
MyCole Pruitt	TE	4	0	0	0	0	0	0	0	0	0	0	0	0	0	0		0
Stefon Diggs	WR	4	0	0	0	0	0	120	3	6	0	0	0	0	0	0		0
Darren Waller	TE	4	0	0	0	0	0	21	0	3	0	0	0	0	0	0		0
Raheem Mostert	RB	4	0	0	0	9	0	36	0	3	0	1	0	0	0	0		0
DeAndre Carter	WR	4	0	0	0	0	0	0	0	0	0	0	0	0	0	0		0
Jamison Crowder	WR	4	0	0	0	0	0	0	0	0	0	0	0	0	0	0		0
Ameer Abdullah	RB	4	0	0	0	0	0	14	0	2	0	0	0	0	0	0		0
C.J. Uzomah	TE	4	0	0	0	0	0	1	1	1	0	0	0	0	0	0		0
Geoff Swaim	TE	4	0	0	0	0	0	0	0	0	0	0	0	0	0	0		0
Melvin Gordon	RB	4	0	0	0	21	0	23	0	1	0	0	0	0	0	0		0
Tyler Lockett	WR	4	0	0	0	0	0	54	0	4	0	0	0	0	0	0		0
Sterling Shepard	WR	4	0	0	0	0	0	6	0	1	0	0	0	0	0	0		0
Austin Hooper	TE	4	0	0	0	0	0	11	0	1	0	0	0	0	0	0		0
Chris Moore	WR	4	0	0	0	0	0	44	0	1	0	0	0	0	0	0		0
Kalif Raymond	WR	4	0	0	0	40	0	-2	0	1	0	0	0	0	0	0		0
Wil Lutz	PK	4	0	0	0	0	0	0	0	0	0	0	0	0	0	0	51	4
Robbie Chosen	WR	4	0	0	0	0	0	0	0	0	0	0	0	0	0	0		0
Ka'imi Fairbairn	PK	4	0	0	0	0	0	0	0	0	0	0	0	0	0	0	36;38;39	3
Derrick Henry	RB	4	2	1	0	122	1	11	0	1	0	0	0	0	0	0		0
Michael Thomas	WR	4	0	0	0	0	0	53	0	4	0	0	0	0	0	0		0
Laquon Treadwell	WR	4	0	0	0	0	0	0	0	0	0	0	0	0	0	0		0
Tyler Boyd	WR	4	0	0	0	0	0	26	0	4	0	0	0	0	0	0		0
Tyreek Hill	WR	4	0	0	0	14	0	58	0	3	0	0	0	0	0	0		0
Ezekiel Elliott	RB	4	0	0	0	16	0	6	0	2	0	0	0	0	0	0		0
Dak Prescott	QB	4	261	1	0	-1	0	0	0	0	0	0	0	0	0	0		0
Hunter Henry	TE	4	0	0	0	0	0	51	0	4	0	0	0	0	0	0		0
Jared Goff	QB	4	210	1	1	10	0	0	0	0	0	0	0	0	0	0		0
Tyler Higbee	TE	4	0	0	0	0	0	64	0	5	0	0	0	0	0	0		0
Mo Alie-Cox	TE	4	0	0	0	0	0	35	1	1	0	0	0	0	0	0		0
Zach Pascal	WR	4	0	0	0	0	0	10	0	3	0	0	0	0	0	0		0
Christian McCaffrey	RB	4	0	0	0	106	3	71	1	7	0	0	0	0	0	0		0
Curtis Samuel	WR	4	0	0	0	1	1	51	0	7	0	0	0	0	0	0		0
George Kittle	TE	4	0	0	0	0	0	9	0	1	0	0	0	0	0	0		0
Trent Taylor	WR	4	0	0	0	0	0	0	0	0	0	0	0	0	0	0		0
Aaron Jones	RB	4	0	0	0	18	0	-4	0	1	0	0	0	0	0	0		0
Harrison Butker	PK	4	0	0	0	0	0	0	0	0	0	0	0	0	0	0	37;37;26	2
Kendrick Bourne	WR	4	0	0	0	0	0	36	0	2	0	0	0	0	0	0		0
Matt Breida	RB	4	0	0	0	30	0	48	0	5	0	0	0	0	0	0		0
Taysom Hill	TE	4	13	0	0	10	0	7	0	1	0	0	0	0	0	0		0
Patrick Ricard	RB	4	0	0	0	0	0	14	0	1	0	0	0	0	0	0		0
Isaiah McKenzie	WR	4	0	0	0	0	0	6	0	1	0	0	0	0	0	0		0
Samaje Perine	RB	4	0	0	0	12	0	23	0	2	0	0	0	0	0	0		0
James Conner	RB	4	0	0	0	52	0	4	0	1	0	0	0	0	0	0		0
Mack Hollins	WR	4	0	0	0	0	0	0	0	0	0	0	0	0	0	0		0
Cooper Rush	QB	4	20	0	0	-2	0	0	0	0	0	0	0	0	0	0		0
Younghoe Koo	PK	4	0	0	0	0	0	0	0	0	0	0	0	0	0	0		1
Robert Tonyan	TE	4	0	0	0	0	0	18	0	2	0	0	0	0	0	0		0
Jake Elliott	PK	4	0	0	0	0	0	0	0	0	0	0	0	0	0	0	41;47;36;54	2
JuJu Smith-Schuster	WR	4	0	0	0	0	0	14	0	1	0	0	0	0	0	0		0
Jonnu Smith	TE	4	0	0	0	0	0	95	0	6	0	0	0	0	0	0		0
Mitchell Trubisky	QB	4	18	0	0	0	0	0	0	0	0	0	0	0	0	0		0
Patrick Mahomes	QB	4	203	1	2	51	0	0	0	0	0	0	0	0	0	0		0
Evan Engram	TE	4	0	0	0	0	0	59	0	7	0	0	0	0	0	0		0
David Njoku	TE	4	0	0	0	0	0	46	0	6	0	0	0	0	0	0		0
Dalvin Cook	RB	4	0	0	0	16	0	2	0	1	0	0	0	0	0	0		0
Gerald Everett	TE	4	0	0	0	0	0	9	0	2	0	0	0	0	0	0		0
Joe Mixon	RB	4	0	0	0	67	0	9	0	1	0	0	0	0	0	0		0
Alvin Kamara	RB	4	0	0	0	51	0	33	0	13	0	0	0	0	0	0		0
Chris Godwin Jr.	WR	4	0	0	0	0	0	114	0	8	0	0	0	0	0	0		0
Kareem Hunt	RB	4	0	0	0	12	0	0	0	0	0	0	0	0	0	0		0
Josh Reynolds	WR	4	0	0	0	0	0	69	0	3	0	0	0	0	0	0		0
Joshua Dobbs	QB	4	265	2	0	48	0	0	0	0	0	0	0	0	0	0		0
Daniel Carlson	PK	4	0	0	0	0	0	0	0	0	0	0	0	0	0	0	22	2
Eddy Pineiro	PK	4	0	0	0	0	0	0	0	0	0	0	0	0	0	0	26;56	1
Gus Edwards	RB	4	0	0	0	48	0	1	0	2	0	0	0	0	0	0		0
Mike Boone	RB	4	0	0	0	4	0	0	0	0	0	0	0	0	0	0		0
Tyler Conklin	TE	4	0	0	0	0	0	58	0	4	0	0	0	0	0	0		0
Marquez Valdes-Scantling	WR	4	0	0	0	0	0	6	0	1	0	0	0	0	0	0		0
Equanimeous St. Brown	WR	4	0	0	0	0	0	21	0	1	0	0	0	0	0	0		0
Byron Pringle	WR	4	0	0	0	0	0	15	0	1	0	0	0	0	0	0		0
Courtland Sutton	WR	4	0	0	0	0	0	27	1	3	0	0	0	0	0	0		0
Dallas Goedert	TE	4	0	0	0	0	0	25	0	2	0	0	0	0	0	0		0
Jordan Akins	TE	4	0	0	0	0	0	6	0	1	0	0	0	0	0	0		0
Ian Thomas	TE	4	0	0	0	0	0	0	0	0	0	0	0	0	0	0		0
Dalton Schultz	TE	4	0	0	0	0	0	42	1	3	0	0	0	0	0	0		0
Justin Watson	WR	4	0	0	0	0	0	5	0	1	0	0	0	0	0	0		0
Ray-Ray McCloud	WR	4	0	0	0	0	0	22	0	2	0	0	0	0	0	0		0
Cedrick Wilson Jr.	WR	4	0	0	0	0	0	16	0	1	0	0	0	0	0	0		0
Braxton Berrios	WR	4	0	0	0	11	0	43	1	6	0	0	0	0	0	0		0
Greg Joseph	PK	4	0	0	0	0	0	0	0	0	0	0	0	0	0	0		3
Trent Sherfield	WR	4	0	0	0	0	0	18	0	2	0	0	0	0	0	0		0
Allen Lazard	WR	4	0	0	0	0	0	61	1	3	0	0	0	0	0	0		0
Kyle Allen	QB	4	0	0	0	-3	0	0	0	0	0	0	0	0	0	0		0
Tanner Hudson	TE	4	0	0	0	0	0	18	0	2	0	0	0	0	0	0		0
Brandon Powell	WR	4	0	0	0	0	0	0	0	0	0	0	0	0	0	0		0
Mark Andrews	TE	4	0	0	0	0	0	80	2	5	0	0	0	0	0	0		0
Michael Gallup	WR	4	0	0	0	0	0	60	0	5	0	0	0	0	0	0		0
Christian Kirk	WR	4	0	0	0	0	0	84	0	8	0	0	0	0	0	0		0
DJ Chark	WR	4	0	0	0	0	0	28	0	2	0	0	0	0	0	0		0
Jason Sanders	PK	4	0	0	0	0	0	0	0	0	0	0	0	0	0	0		2
Lamar Jackson	QB	4	186	2	0	27	2	0	0	0	0	1	0	0	0	0		0
Durham Smythe	TE	4	0	0	0	0	0	41	0	4	0	0	0	0	0	0		0
DJ Moore	WR	4	0	0	0	0	0	131	1	8	0	0	0	0	0	0		0
Mike Gesicki	TE	4	0	0	0	0	0	12	0	1	0	0	0	0	0	0		0
Hayden Hurst	TE	4	0	0	0	0	0	7	0	1	0	0	0	0	0	0		0
Calvin Ridley	WR	4	0	0	0	0	0	38	1	2	0	0	0	0	0	0		0
Royce Freeman	RB	4	0	0	0	0	0	0	0	0	0	0	0	0	0	0		0
KhaDarel Hodge	WR	4	0	0	0	0	0	19	0	2	0	0	0	0	0	0		0
Baker Mayfield	QB	4	246	3	1	31	0	0	0	0	0	0	0	0	0	0		0
Josh Allen	QB	4	320	4	0	17	1	0	0	0	0	0	0	0	0	0		0
Sam Darnold	QB	4	0	0	0	-1	0	0	0	0	0	0	0	0	0	0		0
Jakobi Meyers	WR	4	0	0	0	0	0	33	0	2	0	0	0	0	0	0		0
Alexander Mattison	RB	4	0	0	0	95	0	3	0	1	0	0	0	0	0	0		0
Justice Hill	RB	4	0	0	0	33	0	0	0	0	0	0	0	0	0	0		0
Hunter Renfrow	WR	4	0	0	0	0	0	12	0	2	0	0	0	0	0	0		0
Cody Thompson	WR	4	0	0	0	0	0	10	0	1	0	0	0	0	0	0		0
Joey Slye	PK	4	0	0	0	0	0	0	0	0	0	0	0	0	0	0	27	4
Olamide Zaccheaus	WR	4	0	0	0	0	0	11	0	1	0	0	0	0	0	0		0
Deonte Harty	WR	4	0	0	0	0	0	10	0	2	0	0	0	0	0	0		0
T.J. Hockenson	TE	4	0	0	0	0	0	24	0	2	0	0	0	0	0	0		0
Miles Sanders	RB	4	0	0	0	19	0	13	0	3	0	0	0	0	0	0		0
Josh Oliver	TE	4	0	0	0	0	0	0	0	0	0	0	0	0	0	0		0
Devin Singletary	RB	4	6	1	0	25	0	11	0	1	0	0	0	0	0	0		0
Tony Pollard	RB	4	0	0	0	47	0	13	0	3	0	0	0	0	0	0		0
Matt Gay	PK	4	0	0	0	0	0	0	0	0	0	0	0	0	0	0		1
Trayveon Williams	RB	4	0	0	0	4	0	0	0	0	0	0	0	0	0	0		0
Donald Parham	TE	4	0	0	0	0	0	0	0	0	0	0	0	0	0	0		0
Trenton Irwin	WR	4	0	0	0	0	0	17	0	1	0	0	0	0	0	0		0
Chase McLaughlin	PK	4	0	0	0	0	0	0	0	0	0	0	0	0	0	0	51;28	2
Lil'Jordan Humphrey	WR	4	0	0	0	0	0	11	0	1	0	0	0	0	0	0		0
Greg Dortch	WR	4	0	0	0	0	0	0	0	0	0	0	0	0	0	0		0
Darius Slayton	WR	4	0	0	0	0	0	23	0	2	0	0	0	0	0	0		0
Craig Reynolds	RB	4	0	0	0	0	0	0	0	0	0	0	0	0	0	0		0
Travis Homer	RB	4	0	0	0	0	0	0	0	0	0	0	0	0	0	0		0
D'Ernest Johnson	RB	4	0	0	0	-2	0	0	0	0	0	0	0	0	0	0		0
Drew Sample	TE	4	0	0	0	0	0	-1	0	1	0	0	0	0	0	0		0
Parris Campbell	WR	4	0	0	0	0	0	15	0	3	0	0	0	0	0	0		0
DK Metcalf	WR	4	0	0	0	0	0	34	1	3	0	0	0	0	0	0		0
Noah Fant	TE	4	0	0	0	0	0	63	0	2	0	0	0	0	0	0		0
Damien Harris	RB	4	0	0	0	29	0	0	0	0	0	0	0	0	0	0		0
Terry McLaurin	WR	4	0	0	0	0	0	86	0	8	0	0	0	0	0	0		0
Marquise Brown	WR	4	0	0	0	0	0	96	0	7	0	0	0	0	0	0		0
A.J. Brown	WR	4	0	0	0	0	0	175	2	9	0	0	0	0	0	0		0
David Montgomery	RB	4	0	0	0	121	3	20	0	2	0	0	0	0	0	0		0
Dawson Knox	TE	4	0	0	0	0	0	12	0	1	0	0	0	0	0	0		0
Josh Jacobs	RB	4	0	0	0	58	1	81	0	8	0	0	0	0	0	0		0
Drew Lock	QB	4	63	0	0	11	0	0	0	0	0	0	0	0	0	0		0
Daniel Jones	QB	4	203	0	2	66	0	0	0	0	1	0	0	0	0	0		0
Derrick Gore	RB	4	0	0	0	0	0	0	0	0	0	0	0	0	0	0		0
Deebo Samuel Sr.	WR	4	0	0	0	6	0	0	0	0	0	0	0	0	0	0		0
Jakob Johnson	RB	4	0	0	0	0	0	12	0	1	0	0	0	0	0	0		0
Mitchell Wilcox	TE	4	0	0	0	0	0	7	0	1	0	0	0	0	0	0		0
JaMycal Hasty	RB	4	0	0	0	0	0	0	0	0	0	0	0	0	0	0		0
Giovanni Ricci	TE	4	0	0	0	0	0	0	0	0	0	0	0	0	0	0		0
Tyler Huntley	QB	4	0	0	0	8	0	0	0	0	0	0	0	0	0	0		0
Sean McKeon	TE	4	0	0	0	0	0	0	0	0	0	0	0	0	0	0		0
Rico Dowdle	RB	4	0	0	0	9	0	8	0	1	0	0	0	0	0	0		0
Tyler Bass	PK	4	0	0	0	0	0	0	0	0	0	0	0	0	0	0	53;33	6
Isaiah Hodgins	WR	4	0	0	0	0	0	24	0	3	0	0	0	0	0	0		0
Mason Kinsey	WR	4	0	0	0	0	0	0	0	0	0	0	0	0	0	0		0
Nick Westbrook-Ikhine	WR	4	0	0	0	0	0	51	1	5	0	0	0	0	0	0		0
Gabe Davis	WR	4	0	0	0	0	0	61	1	3	0	0	0	0	0	0		0
Tua Tagovailoa	QB	4	282	1	1	7	0	0	0	0	0	0	0	0	0	0		0
Harrison Bryant	TE	4	0	0	0	2	0	2	0	1	0	0	0	0	0	0		0
Donovan Peoples-Jones	WR	4	0	0	0	0	0	7	0	1	0	0	0	0	0	0		0
Colby Parkinson	TE	4	0	0	0	0	0	0	0	0	0	0	0	0	0	0		0
Zack Moss	RB	4	0	0	0	70	0	0	0	0	0	0	0	0	0	1		0
Michael Pittman	WR	4	0	0	0	0	0	15	0	1	0	0	0	0	0	1		0
Brandon Aiyuk	WR	4	0	0	0	0	0	148	0	6	0	0	0	0	0	0		0
Jordan Love	QB	4	246	1	2	-2	1	0	0	0	0	0	0	1	0	0		0
AJ Dillon	RB	4	0	0	0	11	0	0	0	0	0	0	0	0	0	0		0
Laviska Shenault Jr.	WR	4	0	0	0	7	0	12	0	1	0	0	0	0	0	0		0
D'Andre Swift	RB	4	0	0	0	56	1	23	0	4	0	0	0	0	0	0		0
Cole Kmet	TE	4	0	0	0	1	0	85	2	7	0	0	0	0	0	0		0
Darnell Mooney	WR	4	0	0	0	0	0	51	0	4	0	0	0	0	0	0		0
Justin Jefferson	WR	4	0	0	0	0	0	85	2	6	0	0	0	0	0	0		0
Antonio Gibson	RB	4	0	0	0	19	0	7	0	1	0	0	0	0	0	0		0
Devin Duvernay	WR	4	0	0	0	0	0	8	0	2	0	0	0	0	0	0		0
Josiah Deguara	TE	4	0	0	0	0	0	34	0	4	0	0	0	0	0	0		0
K.J. Osborn	WR	4	0	0	0	0	0	16	0	1	0	0	0	0	0	0		0
Justin Herbert	QB	4	167	1	1	27	2	0	0	0	0	0	0	0	0	0		0
CeeDee Lamb	WR	4	0	0	0	12	0	36	1	4	0	0	0	0	0	0		0
Clyde Edwards-Helaire	RB	4	0	0	0	12	0	1	0	1	0	0	0	0	0	0		0
Lynn Bowden	WR	4	0	0	0	0	0	0	0	0	0	0	0	0	0	0		0
Joshua Kelley	RB	4	0	0	0	65	0	0	0	0	0	0	0	0	0	0		0
Jalen Hurts	QB	4	319	2	0	34	0	0	0	0	0	0	0	0	0	0		0
Jerry Jeudy	WR	4	0	0	0	0	0	52	0	3	0	0	0	0	0	0		0
Tee Higgins	WR	4	0	0	0	0	0	19	0	2	0	0	0	0	0	0		0
Cam Akers	RB	4	0	0	0	40	0	11	0	2	0	0	0	0	0	0		0
Van Jefferson	WR	4	0	0	0	0	0	29	0	2	0	0	0	0	0	0		0
Adam Trautman	TE	4	0	0	0	0	0	0	0	0	0	0	0	0	0	0		0
Brycen Hopkins	TE	4	0	0	0	0	0	5	0	1	0	0	0	0	0	0		0
DeeJay Dallas	RB	4	0	0	0	0	0	0	0	0	0	0	0	0	0	0		0
Joe Burrow	QB	4	165	0	0	1	0	0	0	0	1	0	0	0	0	0		0
Ke'Shawn Vaughn	RB	4	0	0	0	16	0	3	0	1	0	0	0	0	0	0		0
Tim Jones	WR	4	0	0	0	0	0	-1	0	1	0	0	0	0	0	0		0
Nico Collins	WR	4	0	0	0	0	0	168	2	7	0	0	0	0	0	0		0
Chuba Hubbard	RB	4	0	0	0	41	0	12	0	2	0	0	0	0	0	0		0
Brevin Jordan	TE	4	0	0	0	0	0	0	0	0	0	0	0	0	0	0		0
Gary Brightwell	RB	4	0	0	0	9	0	10	0	1	0	0	0	0	0	0		0
Jaylen Waddle	WR	4	0	0	0	0	0	46	0	4	0	0	0	0	0	0		0
Dyami Brown	WR	4	0	0	0	0	0	51	0	2	0	0	0	0	0	0		0
John Bates	TE	4	0	0	0	0	0	6	0	1	0	0	0	0	0	0		0
Ihmir Smith-Marsette	WR	4	0	0	0	0	0	0	0	0	0	0	0	0	0	0		0
Noah Gray	TE	4	0	0	0	0	0	34	1	1	0	0	0	0	0	0		0
Simi Fehoko	WR	4	0	0	0	0	0	0	0	0	0	0	0	0	0	0		0
Riley Patterson	PK	4	0	0	0	0	0	0	0	0	0	0	0	0	0	0	33;37	4
Austin Trammell	WR	4	0	0	0	0	0	0	0	0	0	0	0	0	0	0		0
Tutu Atwell	WR	4	0	0	0	0	0	24	0	5	0	0	0	0	0	0		0
Evan McPherson	PK	4	0	0	0	0	0	0	0	0	0	0	0	0	0	0	21	0
Rhamondre Stevenson	RB	4	0	0	0	30	0	10	0	2	0	0	0	0	0	0		0
Kylen Granson	TE	4	0	0	0	0	0	24	0	2	0	0	0	0	0	0		0
Luke Farrell	TE	4	0	0	0	0	0	10	0	2	0	0	0	0	0	0		0
Najee Harris	RB	4	0	0	0	71	0	32	0	1	0	0	0	0	0	0		0
Pat Freiermuth	TE	4	0	0	0	0	0	7	0	3	0	0	0	0	0	0		0
Ja'Marr Chase	WR	4	0	0	0	0	0	73	0	7	0	0	0	0	0	0		0
Khalil Herbert	RB	4	0	0	0	103	0	19	1	4	0	0	0	0	0	0		0
DeVonta Smith	WR	4	0	0	0	0	0	78	0	7	0	0	0	0	0	0		0
Kadarius Toney	WR	4	0	0	0	0	0	22	0	2	0	0	0	0	0	0		0
Kenny Gainwell	RB	4	0	0	0	14	0	7	0	2	0	0	0	0	1	0		0
Michael Carter	RB	4	0	0	0	9	0	12	0	2	0	0	0	0	0	0		0
Rondale Moore	WR	4	0	0	0	0	0	0	0	0	0	0	0	0	0	0		0
Justin Fields	QB	4	335	4	1	25	0	0	0	0	1	0	0	0	0	0		0
Terrace Marshall Jr.	WR	4	0	0	0	0	0	56	0	9	0	0	0	0	0	0		0
Amon-Ra St. Brown	WR	4	0	0	0	0	0	56	1	5	0	0	0	0	0	0		0
Kyle Pitts	TE	4	0	0	0	0	0	21	0	2	0	0	0	0	0	0		0
Trevor Lawrence	QB	4	207	1	0	42	0	0	0	0	0	0	0	0	0	0		0
Mac Jones	QB	4	150	0	2	7	0	0	0	0	1	0	0	0	0	0		0
Travis Etienne	RB	4	0	0	0	55	0	17	0	3	0	0	0	0	0	0		0
Elijah Moore	WR	4	0	0	0	-20	0	20	0	2	0	0	0	0	0	0		0
Trey Sermon	RB	4	0	0	0	7	0	0	0	0	0	0	0	0	0	0		0
Josh Palmer	WR	4	0	0	0	0	0	77	0	3	0	0	0	0	0	0		0
Javonte Williams	RB	4	0	0	0	0	0	9	0	3	0	0	0	0	0	0		0
Zach Wilson	QB	4	245	2	0	14	0	0	0	0	0	1	0	0	1	0		0
Sam Howell	QB	4	290	1	0	40	0	0	0	0	0	0	0	0	0	0		0
Cole Turner	TE	4	0	0	0	0	0	0	0	0	0	0	0	0	0	0		0
Samori Toure	WR	4	0	0	0	0	0	35	0	1	0	0	0	0	0	0		0
Britain Covey	WR	4	0	0	0	0	0	0	0	0	0	0	0	0	0	0		0
Isiah Pacheco	RB	4	0	0	0	115	1	43	0	3	0	0	0	0	0	0		0
Cameron Dicker	PK	4	0	0	0	0	0	0	0	0	0	0	0	0	0	0	33	3
Jaylen Warren	RB	4	0	0	0	29	0	26	0	6	0	0	0	0	0	0		0
Drake London	WR	4	0	0	0	0	0	28	1	3	0	0	0	0	0	0		0
Chris Olave	WR	4	0	0	0	0	0	4	0	1	0	0	0	0	0	0		0
George Pickens	WR	4	0	0	0	0	0	25	0	3	0	0	0	0	0	0		0
James Cook	RB	4	0	0	0	29	1	48	0	1	0	0	0	0	0	0		0
Rachaad White	RB	4	0	0	0	56	0	22	0	3	0	0	0	0	0	0		0
Dameon Pierce	RB	4	0	0	0	81	0	27	0	1	0	0	0	0	0	0		0
Khalil Shakir	WR	4	0	0	0	0	0	0	0	0	0	0	0	0	0	0		0
Tyler Allgeier	RB	4	0	0	0	16	0	-4	0	1	0	0	0	0	0	0		0
Jerome Ford	RB	4	0	0	0	26	0	19	0	5	0	0	0	0	0	0		0
Montrell Washington	WR	4	0	0	0	0	0	0	0	0	0	0	0	0	0	0		0
Ty Chandler	RB	4	0	0	0	0	0	0	0	0	0	0	0	0	0	0		0
Andrew Ogletree	TE	4	0	0	0	0	0	48	1	3	0	0	0	0	0	0		0
Ko Kieft	TE	4	0	0	0	0	0	0	0	0	0	0	0	0	0	0		0
Brandon Johnson	WR	4	0	0	0	0	0	4	1	1	0	0	0	0	0	0		0
Stone Smartt	TE	4	0	0	0	0	0	0	0	0	0	0	0	0	0	0		0
Deven Thompkins	WR	4	0	0	0	11	0	45	1	4	0	0	0	0	0	0		0
Jordan Mason	RB	4	0	0	0	10	0	13	0	1	0	0	0	0	0	0		0
Rashid Shaheed	WR	4	0	0	0	0	0	33	0	3	0	0	0	0	0	0		0
Ronnie Rivers	RB	4	0	0	0	47	0	10	0	2	0	0	0	0	0	0		0
John Metchie III	WR	4	0	0	0	0	0	22	0	1	0	0	0	0	0	0		0
Alec Pierce	WR	4	0	0	0	0	0	38	0	1	0	0	0	0	0	0		0
Jalen Tolbert	WR	4	0	0	0	0	0	53	0	4	0	0	0	0	0	0		0
Brandon Aubrey	PK	4	0	0	0	0	0	0	0	0	0	0	0	0	0	0	23;23;33	3
Garrett Wilson	WR	4	0	0	0	0	0	60	0	9	0	0	0	0	0	0		0
Jahan Dotson	WR	4	0	0	0	0	0	27	1	4	0	0	0	0	0	0		0
Trey McBride	TE	4	0	0	0	0	0	5	0	1	0	0	0	0	0	0		0
Velus Jones Jr.	WR	4	0	0	0	10	0	0	0	0	0	0	0	0	0	0		0
Brian Robinson	RB	4	0	0	0	45	1	6	0	2	0	0	0	0	0	0		0
KaVontae Turpin	WR	4	0	0	0	46	0	5	0	1	0	0	0	0	0	0		0
Jeremy Ruckert	TE	4	0	0	0	0	0	26	0	2	0	0	0	0	0	0		0
Chig Okonkwo	TE	4	0	0	0	0	0	29	0	3	0	0	0	0	0	0		0
Romeo Doubs	WR	4	0	0	0	0	0	95	0	9	0	0	0	0	0	0		0
Brock Purdy	QB	4	283	1	0	0	1	0	0	0	0	0	0	0	0	0		0
Calvin Austin III	WR	4	0	0	0	5	0	24	0	3	0	0	0	0	0	0		0
Isaiah Likely	TE	4	0	0	0	0	0	0	0	0	0	0	0	0	0	0		0
Kyren Williams	RB	4	0	0	0	103	2	24	0	3	0	0	0	0	0	0		0
Zamir White	RB	4	0	0	0	15	0	0	0	0	0	0	0	0	0	0		0
Jake Ferguson	TE	4	0	0	0	0	0	77	0	7	0	0	0	0	0	0		0
Isaiah Spiller	RB	4	0	0	0	12	0	15	0	2	0	0	0	0	0	0		0
Skyy Moore	WR	4	0	0	0	19	0	0	0	0	0	0	0	0	0	0		0
Pierre Strong	RB	4	0	0	0	49	0	0	0	0	0	0	0	0	0	0		0
Kenny Pickett	QB	4	114	0	1	9	0	0	0	0	0	0	0	0	0	0		0
Bailey Zappe	QB	4	57	0	0	0	0	0	0	0	0	0	0	0	0	0		0
Daniel Bellinger	TE	4	0	0	0	0	0	6	0	1	0	0	0	0	0	0		0
Wan'Dale Robinson	WR	4	0	0	0	7	0	40	0	5	0	0	0	0	0	0		0
Breece Hall	RB	4	0	0	0	56	0	13	0	3	0	0	0	0	0	0		0
Desmond Ridder	QB	4	191	1	2	6	0	0	0	0	1	0	0	0	0	0		0
Christian Watson	WR	4	0	0	0	0	0	25	1	2	0	0	0	0	0	0		0
Cade Otton	TE	4	0	0	0	0	0	13	1	3	0	0	0	0	0	0		0
Kenneth Walker III	RB	4	0	0	0	79	1	0	0	0	0	0	0	0	0	0		0
Dontayvion Wicks	WR	4	0	0	0	0	0	0	0	0	0	0	0	0	0	0		0
Eric Gray	RB	4	0	0	0	0	0	0	0	0	0	0	0	0	0	0		0
Anders Carlson	PK	4	0	0	0	0	0	0	0	0	0	0	0	0	0	0	34;50	0
Xavier Gipson	WR	4	0	0	0	13	0	4	0	1	0	0	0	0	0	0		0
Bijan Robinson	RB	4	0	0	0	105	0	32	0	5	0	0	0	0	0	0		0
Jaxon Smith-Njigba	WR	4	0	0	0	0	0	5	0	3	0	0	0	0	0	0		0
Quentin Johnston	WR	4	0	0	0	0	0	18	0	1	0	0	0	0	0	0		0
Luke Schoonmaker	TE	4	0	0	0	0	0	0	0	0	0	0	0	0	0	0		0
Kendre Miller	RB	4	0	0	0	3	0	5	0	1	0	0	0	0	0	0		0
Tank Bigsby	RB	4	0	0	0	10	0	0	0	0	0	0	0	0	0	0		0
Darnell Washington	TE	4	0	0	0	0	0	10	0	1	0	0	0	0	0	0		0
Michael Wilson	WR	4	0	0	0	0	0	76	2	7	0	0	0	0	0	0		0
Jake Moody	PK	4	0	0	0	0	0	0	0	0	0	0	0	0	0	0		5
Chad Ryland	PK	4	0	0	0	0	0	0	0	0	0	0	0	0	0	0	29	0
Derius Davis	WR	4	0	0	0	51	0	16	0	2	0	0	0	0	0	0		0
Aidan O'Connell	QB	4	238	0	1	3	1	0	0	0	2	0	0	0	0	0		0
Dorian Thompson-Robinson	QB	4	121	0	3	24	0	0	0	0	0	0	0	0	0	0		0
Josh Whyle	TE	4	0	0	0	0	0	26	1	2	0	0	0	0	0	0		0
Chase Brown	RB	4	0	0	0	0	0	-3	0	1	0	0	0	0	0	0		0
Parker Washington	WR	4	0	0	0	0	0	0	0	0	0	0	0	0	0	0		0
Xavier Hutchinson	WR	4	0	0	0	0	0	0	0	0	0	0	0	0	0	0		0
Andrei Iosivas	WR	4	0	0	0	0	0	0	0	0	0	0	0	0	0	0		0
DeMario Douglas	WR	4	0	0	0	0	0	45	0	2	0	0	0	0	0	0		0
Deuce Vaughn	RB	4	0	0	0	9	0	2	0	1	0	0	0	0	0	0		0
Colton Dowell	WR	4	0	0	0	0	0	0	0	0	0	0	0	0	0	0		0
Brayden Willis	TE	4	0	0	0	0	0	0	0	0	0	0	0	0	0	0		0
Ronnie Bell	WR	4	0	0	0	0	0	7	0	1	0	0	0	0	0	0		0
Emari Demercado	RB	4	0	0	0	3	0	21	0	3	0	0	0	0	0	0		0
Julian Hill	TE	4	0	0	0	0	0	0	0	0	0	0	0	0	0	0		0
Hunter Luepke	RB	4	0	0	0	4	1	0	0	0	0	0	0	0	0	0		0
Jake Bobo	WR	4	0	0	0	0	0	0	0	0	0	0	0	0	0	0		0
Nate Adkins	TE	4	0	0	0	0	0	8	0	2	0	0	0	0	0	0		0
Jaleel McLaughlin	RB	4	0	0	0	72	0	32	1	3	0	0	0	0	0	0		0
Rakim Jarrett	WR	4	0	0	0	0	0	3	0	1	0	0	0	0	0	0		0
Blake Grupe	PK	4	0	0	0	0	0	0	0	0	0	0	0	0	0	0	37;32;44	0
Dalton Kincaid	TE	4	0	0	0	0	0	27	0	4	0	0	0	0	0	0		0
Brenton Strange	TE	4	0	0	0	0	0	0	0	0	0	0	0	0	0	0		0
Jalin Hyatt	WR	4	0	0	0	0	0	10	0	2	0	0	0	0	0	0		0
Tyler Scott	WR	4	0	0	0	19	0	0	0	0	0	0	0	0	0	0		0
Marvin Mims Jr.	WR	4	0	0	0	0	0	47	0	2	0	0	0	0	0	0		0
Tank Dell	WR	4	0	0	0	13	0	16	0	1	0	0	0	0	0	0		0
Cedric Tillman	WR	4	0	0	0	0	0	5	0	1	0	0	0	0	0	0		0
Jordan Addison	WR	4	0	0	0	0	0	0	0	0	0	0	0	0	0	0		0
Tucker Kraft	TE	4	0	0	0	0	0	5	0	2	0	0	0	0	0	0		0
Josh Downs	WR	4	0	0	0	0	0	34	0	2	0	0	0	0	0	0		0
Roschon Johnson	RB	4	0	0	0	13	0	2	0	1	0	0	0	0	0	0		0
Tyjae Spears	RB	4	0	0	0	40	0	18	0	3	0	0	0	0	0	0		0
De'Von Achane	RB	4	0	0	0	101	2	19	0	3	0	0	0	0	0	0		0
Trey Palmer	WR	4	0	0	0	0	0	6	1	2	0	0	0	0	0	0		0
Zay Flowers	WR	4	0	0	0	-6	0	56	0	3	0	0	0	0	0	0		0
Sam LaPorta	TE	4	0	0	0	0	0	56	0	4	0	0	0	0	0	0		0
Rashee Rice	WR	4	0	0	0	0	0	32	0	3	0	0	0	0	0	0		0
Puka Nacua	WR	4	0	0	0	0	0	163	1	9	0	0	0	0	0	0		0
Jahmyr Gibbs	RB	4	0	0	0	40	0	11	0	4	0	0	0	0	0	0		0
Luke Musgrave	TE	4	0	0	0	0	0	1	0	1	0	0	0	0	0	0		0
Jayden Reed	WR	4	0	0	0	0	0	55	0	3	0	0	0	0	0	1		0
Bryce Young	QB	4	204	0	0	10	0	0	0	0	1	0	0	0	0	0		0
C.J. Stroud	QB	4	306	2	0	16	0	0	0	0	0	0	0	0	0	0		0
Anthony Richardson	QB	4	200	2	0	56	1	0	0	0	0	1	0	2	0	0		0
Zach Charbonnet	RB	4	0	0	0	31	0	9	0	1	0	0	0	0	0	0		0
Matt Prater	PK	5	0	0	0	0	0	0	0	0	0	0	0	0	0	0		2
Nick Folk	PK	5	0	0	0	0	0	0	0	0	0	0	0	0	0	0	27;53;34	1
Matthew Slater	WR	5	0	0	0	0	0	0	0	0	0	0	0	0	0	0		0
Matthew Stafford	QB	5	222	2	0	0	0	0	0	0	0	0	0	0	0	0		0
Graham Gano	PK	5	0	0	0	0	0	0	0	0	0	0	0	0	0	0	49;37;51	1
Jimmy Graham	TE	5	0	0	0	0	0	0	0	0	0	0	0	0	0	0		0
Andy Dalton	QB	5	0	0	0	1	0	0	0	0	0	0	0	0	0	0		0
Randall Cobb	WR	5	0	0	0	0	0	0	0	0	0	0	0	0	0	0		0
Tyrod Taylor	QB	5	86	0	0	14	0	0	0	0	0	0	0	0	0	0		0
Russell Wilson	QB	5	196	2	0	49	0	0	0	0	1	0	0	0	0	0		0
Marvin Jones	WR	5	0	0	0	0	0	22	0	2	0	0	0	0	0	0		0
Justin Tucker	PK	5	0	0	0	0	0	0	0	0	0	0	0	0	0	0	23	1
Kirk Cousins	QB	5	284	2	0	5	0	0	0	0	0	0	0	0	0	0		0
Greg Zuerlein	PK	5	0	0	0	0	0	0	0	0	0	0	0	0	0	0	30;26;27;22;49	2
Ryan Tannehill	QB	5	264	0	1	12	0	0	0	0	0	0	0	0	0	0		0
Brandon McManus	PK	5	0	0	0	0	0	0	0	0	0	0	0	0	0	0	44	2
Adam Thielen	WR	5	0	0	0	0	0	107	1	11	0	0	0	0	0	0		0
Zach Ertz	TE	5	0	0	0	0	0	10	1	2	0	0	0	0	0	0		0
Brett Maher	PK	5	0	0	0	0	0	0	0	0	0	0	0	0	0	0		2
Robert Woods	WR	5	0	0	0	0	0	30	0	3	0	0	0	0	0	0		0
Travis Kelce	TE	5	0	0	0	0	0	67	1	10	0	0	0	0	0	0		0
Latavius Murray	RB	5	0	0	0	6	0	1	0	1	0	0	0	0	0	0		0
DeAndre Hopkins	WR	5	0	0	0	0	0	140	0	8	0	0	0	0	0	0		0
Cordarrelle Patterson	RB	5	0	0	0	0	0	7	0	1	0	0	0	0	0	0		0
Chris Boswell	PK	5	0	0	0	0	0	0	0	0	0	0	0	0	0	0	43;25;42	0
Cairo Santos	PK	5	0	0	0	0	0	0	0	0	0	0	0	0	0	0	22;36;43;37	4
Odell Beckham Jr.	WR	5	0	0	0	0	0	13	0	2	0	0	0	0	0	0		0
Brandin Cooks	WR	5	0	0	0	6	0	7	0	1	0	0	0	0	0	0		0
Teddy Bridgewater	QB	5	0	0	0	-2	0	0	0	0	0	0	0	0	0	0		0
Logan Thomas	TE	5	0	0	0	0	0	77	1	9	0	0	1	0	0	0		0
Derek Carr	QB	5	183	2	0	4	0	0	0	0	0	0	0	0	0	0		0
Jimmy Garoppolo	QB	5	208	1	1	4	0	0	0	0	0	0	0	0	0	0		0
Jerick McKinnon	RB	5	0	0	0	7	0	18	0	2	0	0	0	0	0	0		0
Davante Adams	WR	5	0	0	0	0	0	45	0	4	0	0	0	0	0	0		0
Allen Robinson	WR	5	0	0	0	0	0	29	0	5	0	0	0	0	0	0		0
Jameis Winston	QB	5	0	0	0	-4	0	0	0	0	0	0	0	0	0	0		0
DeVante Parker	WR	5	0	0	0	0	0	20	0	2	0	0	0	0	0	0		0
Nelson Agholor	WR	5	0	0	0	0	0	64	0	4	0	0	0	0	0	0		0
MyCole Pruitt	TE	5	0	0	0	0	0	22	0	1	0	0	0	0	0	0		0
Stefon Diggs	WR	5	0	0	0	0	0	121	1	8	0	0	1	0	0	0		0
Darren Waller	TE	5	0	0	0	0	0	86	0	8	0	0	0	0	0	0		0
Raheem Mostert	RB	5	0	0	0	65	1	13	0	2	0	0	0	0	0	0		0
DeAndre Carter	WR	5	0	0	0	3	0	0	0	0	0	0	0	0	0	0		0
Jamison Crowder	WR	5	0	0	0	0	0	21	0	2	0	0	0	0	0	0		0
Ameer Abdullah	RB	5	0	0	0	4	0	11	0	1	0	0	0	0	0	0		0
C.J. Uzomah	TE	5	0	0	0	0	0	12	0	2	0	0	0	0	0	0		0
Geoff Swaim	TE	5	0	0	0	0	0	22	0	2	0	0	0	0	0	0		0
Ty Montgomery	WR	5	0	0	0	0	0	5	0	1	0	0	0	0	0	0		0
Sterling Shepard	WR	5	0	0	0	0	0	13	0	1	0	0	0	0	0	0		0
Austin Hooper	TE	5	0	0	0	0	0	11	0	2	0	0	0	0	0	0		0
Kalif Raymond	WR	5	0	0	0	0	0	45	0	3	0	0	0	0	0	0		0
Wil Lutz	PK	5	0	0	0	0	0	0	0	0	0	0	0	0	0	0	23;22	1
Ka'imi Fairbairn	PK	5	0	0	0	0	0	0	0	0	0	0	0	0	0	0	38;43;28;42	1
Derrick Henry	RB	5	0	0	0	43	0	19	0	3	0	0	0	0	0	0		0
Michael Thomas	WR	5	0	0	0	0	0	65	0	4	0	0	0	0	0	0		0
Laquon Treadwell	WR	5	0	0	0	0	0	0	0	0	0	0	0	0	0	0		0
Tyler Boyd	WR	5	0	0	0	0	0	39	0	6	0	0	0	0	0	0		0
Tyreek Hill	WR	5	0	0	0	0	0	181	1	8	0	0	0	0	0	0		0
Ezekiel Elliott	RB	5	0	0	0	21	0	17	0	4	0	0	0	0	0	0		0
Dak Prescott	QB	5	153	1	3	2	0	0	0	0	0	0	0	0	0	0		0
Hunter Henry	TE	5	0	0	0	0	0	0	0	0	0	0	0	0	0	0		0
Jared Goff	QB	5	236	3	0	0	1	0	0	0	0	0	0	0	0	0		0
Tyler Higbee	TE	5	0	0	0	0	0	20	0	2	0	0	0	0	0	0		0
Mo Alie-Cox	TE	5	0	0	0	0	0	17	0	1	0	0	0	0	0	0		0
Johnny Mundt	TE	5	0	0	0	0	0	11	0	1	0	0	0	0	0	0		0
Zach Pascal	WR	5	0	0	0	0	0	0	0	0	0	0	0	0	0	0		0
Darrell Daniels	TE	5	0	0	0	0	0	0	0	0	0	0	0	0	0	0		0
Christian McCaffrey	RB	5	0	0	0	51	1	27	0	2	0	1	0	0	0	0		0
Curtis Samuel	WR	5	0	0	0	0	0	65	1	6	0	0	0	0	0	0		0
George Kittle	TE	5	0	0	0	0	0	67	3	3	0	0	0	0	0	0		0
Trent Taylor	WR	5	0	0	0	0	0	0	0	0	0	0	0	0	0	0		0
Harrison Butker	PK	5	0	0	0	0	0	0	0	0	0	0	0	0	0	0	38;40	3
Kendrick Bourne	WR	5	0	0	0	0	0	43	0	2	0	0	0	0	0	0		0
Matt Breida	RB	5	0	0	0	21	0	3	0	1	0	0	0	0	0	0		0
Taysom Hill	TE	5	0	0	0	19	0	1	0	1	0	0	0	0	0	0		0
Patrick Ricard	RB	5	0	0	0	0	0	0	0	0	0	0	0	0	0	0		0
Isaiah McKenzie	WR	5	0	0	0	4	0	0	0	0	0	0	0	0	0	0		0
Samaje Perine	RB	5	0	0	0	22	0	73	0	4	0	1	0	0	0	0		0
James Conner	RB	5	0	0	0	46	0	0	0	0	0	0	0	0	0	0		0
Mack Hollins	WR	5	0	0	0	0	0	29	0	2	0	0	0	0	0	0		0
Jamal Agnew	WR	5	0	0	0	1	0	0	0	0	0	0	0	0	0	0		0
Cooper Rush	QB	5	8	0	0	-2	0	0	0	0	0	0	0	0	0	0		0
Younghoe Koo	PK	5	0	0	0	0	0	0	0	0	0	0	0	0	0	0	33;37	1
Robert Tonyan	TE	5	0	0	0	0	0	10	0	2	0	0	0	0	0	0		0
Jake Elliott	PK	5	0	0	0	0	0	0	0	0	0	0	0	0	0	0	34;26;26	2
JuJu Smith-Schuster	WR	5	0	0	0	0	0	6	0	3	0	0	0	0	0	0		0
Jonnu Smith	TE	5	0	0	0	0	0	67	0	6	0	0	1	0	0	0		0
Patrick Mahomes	QB	5	281	2	0	0	0	0	0	0	0	0	0	0	0	0		0
Evan Engram	TE	5	0	0	0	0	0	28	0	4	0	0	0	0	0	0		0
Zay Jones	WR	5	0	0	0	0	0	23	1	3	0	0	0	0	0	0		0
Dalvin Cook	RB	5	0	0	0	23	0	0	0	0	0	0	0	0	0	0		0
Joe Mixon	RB	5	0	0	0	81	0	13	0	4	0	0	0	0	0	0		0
Alvin Kamara	RB	5	0	0	0	80	1	17	0	3	0	0	0	0	0	0		0
Cooper Kupp	WR	5	0	0	0	0	0	118	0	8	0	0	0	0	0	0		0
Josh Reynolds	WR	5	0	0	0	0	0	76	1	4	0	0	0	0	0	0		0
Joshua Dobbs	QB	5	166	2	2	1	0	0	0	0	1	0	0	0	0	0		0
Daniel Carlson	PK	5	0	0	0	0	0	0	0	0	0	0	0	0	0	0	26	2
Eddy Pineiro	PK	5	0	0	0	0	0	0	0	0	0	0	0	0	0	0	33	3
Gus Edwards	RB	5	0	0	0	48	0	0	0	0	0	0	0	0	0	0		0
Kevin Rader	TE	5	0	0	0	0	0	0	0	0	0	0	0	0	0	0		0
Mike Boone	RB	5	0	0	0	0	0	0	0	0	0	0	0	0	0	0		0
Tyler Conklin	TE	5	0	0	0	0	0	67	0	4	0	0	0	0	0	0		0
Marquez Valdes-Scantling	WR	5	0	0	0	0	0	12	0	1	0	0	0	0	0	0		0
Equanimeous St. Brown	WR	5	0	0	0	0	0	0	0	0	0	0	0	0	0	0		0
Byron Pringle	WR	5	0	0	0	0	0	10	0	1	0	0	0	0	0	0		0
Keith Kirkwood	WR	5	0	0	0	0	0	1	0	1	0	0	0	0	0	0		0
Courtland Sutton	WR	5	0	0	0	0	0	13	0	1	0	0	0	0	0	0		0
Dallas Goedert	TE	5	0	0	0	0	0	117	1	8	0	0	0	0	0	0		0
Ian Thomas	TE	5	0	0	0	0	0	28	0	1	0	0	0	0	0	0		0
Dalton Schultz	TE	5	0	0	0	0	0	65	1	7	0	0	0	0	0	0		0
Justin Watson	WR	5	0	0	0	0	0	56	0	2	0	0	0	0	0	0		0
Ray-Ray McCloud	WR	5	0	0	0	0	0	1	0	1	0	0	0	0	0	0		0
Cedrick Wilson Jr.	WR	5	0	0	0	0	0	52	0	4	0	0	0	0	0	0		0
Braxton Berrios	WR	5	0	0	0	0	0	13	0	2	0	0	0	0	0	0		0
Nick Bawden	RB	5	0	0	0	0	0	0	0	0	0	0	0	0	0	0		0
Greg Joseph	PK	5	0	0	0	0	0	0	0	0	0	0	0	0	0	0	40;29	2
Trent Sherfield	WR	5	0	0	0	0	0	3	0	1	0	0	0	0	0	0		0
Allen Lazard	WR	5	0	0	0	0	0	33	0	3	0	0	0	0	0	0		0
Brandon Powell	WR	5	0	0	0	9	0	43	0	4	0	0	0	0	0	0		0
Mark Andrews	TE	5	0	0	0	0	0	65	0	6	0	0	0	0	0	0		0
Michael Gallup	WR	5	0	0	0	0	0	15	0	2	0	0	0	0	0	0		0
Christian Kirk	WR	5	0	0	0	6	0	78	0	6	0	0	0	0	0	0		0
DJ Chark	WR	5	0	0	0	0	0	42	1	3	0	0	0	0	0	0		0
Jason Sanders	PK	5	0	0	0	0	0	0	0	0	0	0	0	0	0	0	40	4
Lamar Jackson	QB	5	236	0	1	45	0	0	0	0	1	0	0	0	0	0		0
DJ Moore	WR	5	0	0	0	0	0	230	3	8	0	0	0	0	0	0		0
Mike Gesicki	TE	5	0	0	0	0	0	17	0	2	0	0	0	0	0	0		0
Hayden Hurst	TE	5	0	0	0	0	0	21	0	3	0	0	0	0	0	0		0
Calvin Ridley	WR	5	0	0	0	14	0	122	0	7	0	0	0	0	0	0		0
KhaDarel Hodge	WR	5	0	0	0	0	0	11	0	1	0	0	0	0	0	0		0
Josh Allen	QB	5	359	2	1	14	1	0	0	0	0	0	0	0	0	0		0
Sam Darnold	QB	5	1	0	0	-1	0	0	0	0	0	0	0	0	0	0		0
Jakobi Meyers	WR	5	0	0	0	0	0	75	1	7	0	0	0	0	0	0		0
Alexander Mattison	RB	5	0	0	0	26	0	20	1	2	0	0	0	0	0	0		0
Justice Hill	RB	5	0	0	0	32	1	13	0	4	0	0	1	0	0	0		0
Foster Moreau	TE	5	0	0	0	0	0	6	1	1	0	0	0	0	0	0		0
Hunter Renfrow	WR	5	0	0	0	0	0	7	0	1	0	0	0	0	0	0		0
Joey Slye	PK	5	0	0	0	0	0	0	0	0	0	0	0	0	0	0	51;32	0
Deonte Harty	WR	5	0	0	0	0	0	62	0	2	0	0	0	0	0	0		0
T.J. Hockenson	TE	5	0	0	0	0	0	51	0	5	0	0	0	0	0	0		0
Miles Sanders	RB	5	0	0	0	32	0	0	0	0	0	1	0	0	0	0		0
Josh Oliver	TE	5	0	0	0	0	0	15	0	1	0	0	1	0	0	0		0
Devin Singletary	RB	5	0	0	0	0	0	0	0	0	0	0	0	0	0	0		0
Trevon Wesco	TE	5	0	0	0	0	0	21	0	1	0	0	0	0	0	0		0
Tony Pollard	RB	5	0	0	0	29	0	35	0	4	0	1	0	0	0	0		0
Matt Gay	PK	5	0	0	0	0	0	0	0	0	0	0	0	0	0	0	43;35;28	2
Gardner Minshew	QB	5	155	0	0	1	0	0	0	0	0	0	0	0	0	0		0
Trayveon Williams	RB	5	0	0	0	5	0	0	0	0	0	0	0	0	0	0		0
Scott Miller	WR	5	0	0	0	0	0	10	0	2	0	0	0	0	0	0		0
Trenton Irwin	WR	5	0	0	0	0	0	60	0	8	0	0	0	0	0	0		0
Greg Dortch	WR	5	0	0	0	0	0	0	0	0	0	0	0	0	0	0		0
Darius Slayton	WR	5	0	0	0	0	0	35	0	2	0	0	0	0	0	0		0
Craig Reynolds	RB	5	0	0	0	52	1	0	0	0	0	0	0	0	0	0		0
D'Ernest Johnson	RB	5	0	0	0	0	0	0	0	0	0	0	0	0	0	0		0
Parris Campbell	WR	5	0	0	0	0	0	23	0	2	0	0	0	0	0	0		0
Gunner Olszewski	WR	5	0	0	0	0	0	0	0	0	0	0	0	0	0	0		0
Damien Harris	RB	5	0	0	0	13	0	0	0	0	0	0	0	0	0	0		0
Terry McLaurin	WR	5	0	0	0	0	0	49	0	4	0	0	0	0	0	0		0
Marquise Brown	WR	5	0	0	0	0	0	61	1	4	0	0	0	0	0	0		0
A.J. Brown	WR	5	0	0	0	0	0	127	0	6	0	0	0	0	0	0		0
David Montgomery	RB	5	0	0	0	109	1	20	0	2	0	0	0	0	0	0		0
Dawson Knox	TE	5	0	0	0	0	0	17	0	3	0	0	0	0	0	0		0
Josh Jacobs	RB	5	0	0	0	69	1	20	0	5	0	0	0	0	0	0		0
Miles Boykin	WR	5	0	0	0	0	0	0	0	0	0	0	0	0	0	0		0
Daniel Jones	QB	5	119	0	0	24	0	0	0	0	0	0	0	0	0	0		0
Deebo Samuel Sr.	WR	5	0	0	0	30	0	55	0	3	0	0	0	0	0	0		0
Patrick Taylor	RB	5	0	0	0	2	0	5	0	2	0	0	0	0	0	0		0
Sean McKeon	TE	5	0	0	0	0	0	0	0	0	0	0	0	0	0	0		0
Rico Dowdle	RB	5	0	0	0	15	0	0	0	0	0	0	0	0	0	0		0
Tyler Bass	PK	5	0	0	0	0	0	0	0	0	0	0	0	0	0	0		2
Isaiah Hodgins	WR	5	0	0	0	0	0	19	0	2	0	0	0	0	0	0		0
Nick Westbrook-Ikhine	WR	5	0	0	0	0	0	9	0	1	0	0	0	0	0	0		0
Gabe Davis	WR	5	0	0	0	0	0	100	1	6	0	0	0	0	0	0		0
Tua Tagovailoa	QB	5	308	2	2	6	0	0	0	0	0	0	0	0	0	0		0
Jonathan Taylor	RB	5	0	0	0	18	0	16	0	1	0	0	0	0	0	0		0
Zack Moss	RB	5	0	0	0	165	2	30	0	2	0	0	0	0	0	0		0
Michael Pittman	WR	5	0	0	0	0	0	52	0	5	0	0	0	0	0	0		0
Jauan Jennings	WR	5	0	0	0	0	0	19	0	1	0	0	0	0	0	0		0
Brandon Aiyuk	WR	5	0	0	0	0	0	58	0	4	0	0	0	0	0	0		0
Jordan Love	QB	5	182	0	3	37	0	0	0	0	0	0	0	0	0	0		0
AJ Dillon	RB	5	0	0	0	76	1	0	0	0	0	0	0	0	0	0		0
Laviska Shenault Jr.	WR	5	0	0	0	27	0	0	0	0	0	0	0	0	0	0		0
Quez Watkins	WR	5	0	0	0	0	0	4	0	2	0	0	0	0	0	0		0
D'Andre Swift	RB	5	0	0	0	70	0	38	0	6	0	0	0	0	0	0		0
Cole Kmet	TE	5	0	0	0	0	0	42	1	5	0	0	0	0	0	0		0
Darnell Mooney	WR	5	0	0	0	0	0	0	0	0	0	0	0	0	0	0		0
Justin Jefferson	WR	5	0	0	0	0	0	28	0	3	0	0	0	0	0	0		0
Antonio Gibson	RB	5	0	0	0	0	0	64	0	4	0	0	0	0	0	0		0
Devin Duvernay	WR	5	0	0	0	0	0	0	0	0	0	0	0	0	0	0		0
Josiah Deguara	TE	5	0	0	0	0	0	19	0	1	0	0	0	0	0	0		0
K.J. Osborn	WR	5	0	0	0	0	0	49	0	5	0	0	0	0	0	0		0
CeeDee Lamb	WR	5	0	0	0	0	0	49	0	4	0	0	0	0	0	0		0
Clyde Edwards-Helaire	RB	5	0	0	0	4	0	0	0	0	0	0	0	0	0	0		0
Jalen Hurts	QB	5	303	1	1	72	1	0	0	0	0	0	0	0	0	0		0
Jerry Jeudy	WR	5	0	0	0	0	0	50	0	6	0	0	0	0	0	0		0
Cam Akers	RB	5	0	0	0	15	0	3	0	2	0	0	0	0	0	0		0
Adam Trautman	TE	5	0	0	0	0	0	26	1	4	0	0	0	0	0	0		0
Joe Burrow	QB	5	317	3	1	7	0	0	0	0	0	0	0	0	0	0		0
Tim Jones	WR	5	0	0	0	0	0	0	0	0	0	0	0	0	0	0		0
Rashod Bateman	WR	5	0	0	0	0	0	8	0	1	0	0	0	0	0	0		0
Nico Collins	WR	5	0	0	0	0	0	39	0	3	0	0	0	0	0	0		0
Chuba Hubbard	RB	5	0	0	0	35	0	0	0	1	0	0	0	0	0	0		0
Jaylen Waddle	WR	5	0	0	0	0	0	35	1	5	0	0	0	0	0	0		0
Dyami Brown	WR	5	0	0	0	0	0	11	0	1	0	0	0	0	0	0		0
John Bates	TE	5	0	0	0	0	0	19	0	2	0	0	0	0	0	0		0
Ihmir Smith-Marsette	WR	5	0	0	0	0	0	0	0	0	0	0	0	0	0	0		0
Noah Gray	TE	5	0	0	0	0	0	21	0	2	0	0	0	0	0	0		0
Jack Stoll	TE	5	0	0	0	0	0	4	0	1	0	0	0	0	0	0		0
Brock Wright	TE	5	0	0	0	0	0	16	0	3	0	0	0	0	0	0		0
Riley Patterson	PK	5	0	0	0	0	0	0	0	0	0	0	0	0	0	0		6
Austin Trammell	WR	5	0	0	0	0	0	0	0	0	0	0	0	0	0	0		0
Tutu Atwell	WR	5	0	0	0	0	0	9	1	2	0	0	0	0	0	0		0
Evan McPherson	PK	5	0	0	0	0	0	0	0	0	0	0	0	0	0	0	40;40	4
Ben Skowronek	WR	5	0	0	0	0	0	0	0	0	0	0	0	0	0	0		0
Rhamondre Stevenson	RB	5	0	0	0	24	0	0	0	0	0	0	0	0	0	0		0
Kylen Granson	TE	5	0	0	0	0	0	15	0	2	0	0	0	0	0	0		0
Luke Farrell	TE	5	0	0	0	0	0	16	0	1	0	0	0	0	0	0		0
Najee Harris	RB	5	0	0	0	37	0	3	0	1	0	0	0	0	0	0		0
Ja'Marr Chase	WR	5	0	0	0	0	0	192	3	15	0	0	0	0	0	0		0
Khalil Herbert	RB	5	0	0	0	76	0	0	0	0	0	0	0	0	0	0		0
DeVonta Smith	WR	5	0	0	0	0	0	6	0	1	0	0	0	0	0	0		0
Kadarius Toney	WR	5	0	0	0	1	0	26	0	5	0	0	0	0	0	0		0
Kenny Gainwell	RB	5	0	0	0	17	0	7	0	1	0	0	0	0	0	0		0
Michael Carter	RB	5	0	0	0	8	0	14	0	3	0	0	0	0	0	0		0
Rondale Moore	WR	5	0	0	0	50	0	26	0	3	0	0	0	0	0	0		0
Justin Fields	QB	5	282	4	0	57	0	0	0	0	0	0	0	0	0	0		0
Kyle Pitts	TE	5	0	0	0	0	0	87	0	7	0	0	0	0	0	0		0
Trevor Lawrence	QB	5	315	1	0	31	0	0	0	0	2	0	0	0	0	0		0
Mac Jones	QB	5	110	0	2	0	0	0	0	0	0	1	0	0	0	0		0
Travis Etienne	RB	5	0	0	0	136	2	48	0	4	0	0	0	0	1	0		0
Tommy Tremble	TE	5	0	0	0	0	0	1	1	1	0	0	0	0	0	0		0
Zach Wilson	QB	5	199	0	1	26	0	0	0	0	0	0	0	0	0	0		0
Sam Howell	QB	5	388	2	1	19	0	0	0	0	0	0	0	0	1	0		0
Cole Turner	TE	5	0	0	0	0	0	9	0	1	0	0	0	0	0	0		0
Britain Covey	WR	5	0	0	0	0	0	0	0	0	0	0	0	0	0	0		0
Bam Knight	RB	5	0	0	0	0	0	8	0	1	0	0	0	0	0	0		0
Isiah Pacheco	RB	5	0	0	0	55	1	9	0	1	0	0	0	0	0	0		0
Justyn Ross	WR	5	0	0	0	0	0	28	0	2	0	0	0	0	0	0		0
Jaylen Warren	RB	5	0	0	0	40	0	39	0	3	0	0	0	0	0	0		0
Drake London	WR	5	22	0	0	0	0	78	0	6	0	0	0	0	0	0		0
Chris Olave	WR	5	0	0	0	0	0	12	1	2	0	0	0	0	0	0		0
Jameson Williams	WR	5	0	0	0	0	0	2	0	2	0	0	0	0	0	0		0
George Pickens	WR	5	0	0	0	16	0	130	1	6	0	0	0	0	0	0		0
James Cook	RB	5	0	0	0	-4	0	25	0	3	0	0	0	0	0	0		0
Dameon Pierce	RB	5	0	0	0	66	0	16	0	1	0	0	0	0	0	0		0
Khalil Shakir	WR	5	0	0	0	0	0	11	0	1	0	0	0	0	0	0		0
Tyler Allgeier	RB	5	0	0	0	40	0	0	0	0	0	0	0	0	0	1		0
Montrell Washington	WR	5	0	0	0	0	0	0	0	0	0	0	0	0	0	0		0
Kyle Philips	WR	5	0	0	0	0	0	0	0	0	0	0	0	0	0	0		0
Ty Chandler	RB	5	0	0	0	15	0	0	0	0	0	0	0	0	0	0		0
Teagan Quitoriano	TE	5	0	0	0	0	0	22	0	1	0	0	0	0	0	0		0
Andrew Ogletree	TE	5	0	0	0	0	0	16	0	2	0	0	0	0	0	0		0
Brandon Johnson	WR	5	0	0	0	0	0	9	0	1	0	0	0	0	0	0		0
Kwamie Lassiter II	WR	5	0	0	0	0	0	2	0	1	0	0	0	0	0	0		0
Jordan Mason	RB	5	0	0	0	69	1	0	0	0	0	0	0	0	0	0		0
Rashid Shaheed	WR	5	0	0	0	0	0	28	0	2	0	0	0	0	0	0		0
Ronnie Rivers	RB	5	0	0	0	1	0	0	0	0	0	0	0	0	0	0		0
John Metchie III	WR	5	0	0	0	0	0	20	0	2	0	0	0	0	0	0		0
Alec Pierce	WR	5	0	0	0	0	0	10	0	1	0	0	0	0	0	0		0
Brandon Aubrey	PK	5	0	0	0	0	0	0	0	0	0	0	0	0	0	0	50	1
Garrett Wilson	WR	5	0	0	0	0	0	54	0	3	0	0	0	0	0	0		0
Jahan Dotson	WR	5	0	0	0	0	0	30	0	3	0	0	0	0	0	0		0
Trey McBride	TE	5	0	0	0	0	0	17	0	2	0	0	0	0	0	0		0
Brian Robinson	RB	5	0	0	0	10	0	33	0	4	0	0	0	0	0	0		0
KaVontae Turpin	WR	5	0	0	0	0	0	26	1	1	0	0	0	0	0	0		0
Jeremy Ruckert	TE	5	0	0	0	0	0	2	0	1	0	0	0	0	0	0		0
Chig Okonkwo	TE	5	0	0	0	0	0	33	0	5	0	0	0	0	0	0		0
Romeo Doubs	WR	5	0	0	0	0	0	4	0	1	0	0	0	0	0	0		0
Tyrion Davis-Price	RB	5	0	0	0	21	0	0	0	0	0	0	0	0	0	0		0
Brock Purdy	QB	5	252	4	0	0	0	0	0	0	0	0	0	0	0	0		0
Calvin Austin III	WR	5	0	0	0	0	0	0	0	0	0	0	0	0	0	0		0
Kyren Williams	RB	5	0	0	0	53	0	4	0	2	0	0	0	0	0	0		0
Jake Ferguson	TE	5	0	0	0	0	0	28	0	3	0	0	0	0	0	0		0
Skyy Moore	WR	5	0	0	0	0	0	11	0	2	0	0	0	0	0	0		0
Kenny Pickett	QB	5	224	1	0	-6	0	0	0	0	0	0	0	0	0	0		0
Bailey Zappe	QB	5	22	0	0	0	0	0	0	0	0	0	0	0	0	0		0
Daniel Bellinger	TE	5	0	0	0	0	0	7	0	1	0	0	0	0	0	0		0
Wan'Dale Robinson	WR	5	0	0	0	1	0	18	0	5	0	0	0	0	0	0		0
Breece Hall	RB	5	0	0	0	177	1	17	0	3	0	0	0	0	0	0		0
Desmond Ridder	QB	5	329	1	0	10	1	0	0	0	0	0	0	1	0	0		0
Christian Watson	WR	5	0	0	0	-5	0	91	0	3	0	0	0	0	0	0		0
Dontayvion Wicks	WR	5	0	0	0	0	0	10	0	1	0	0	0	0	0	0		0
Eric Gray	RB	5	0	0	0	25	0	1	0	1	0	0	0	0	0	0		0
Anders Carlson	PK	5	0	0	0	0	0	0	0	0	0	0	0	0	0	0	37;22	1
Xavier Gipson	WR	5	0	0	0	0	0	0	0	0	0	0	0	0	0	0		0
Bijan Robinson	RB	5	0	0	0	46	0	12	1	2	0	1	0	0	0	0		0
Luke Schoonmaker	TE	5	0	0	0	0	0	0	0	0	0	0	0	0	0	0		0
Kendre Miller	RB	5	0	0	0	37	0	53	0	4	0	0	0	0	0	0		0
Tank Bigsby	RB	5	0	0	0	8	0	0	0	0	0	0	0	0	0	0		0
Darnell Washington	TE	5	0	0	0	0	0	0	0	0	0	0	0	0	0	0		0
Michael Wilson	WR	5	0	0	0	0	0	18	0	1	0	0	0	0	0	0		0
Jake Moody	PK	5	0	0	0	0	0	0	0	0	0	0	0	0	0	0		6
Tre Tucker	WR	5	0	0	0	16	0	0	0	0	0	0	0	0	0	0		0
Chad Ryland	PK	5	0	0	0	0	0	0	0	0	0	0	0	0	0	0		0
Josh Whyle	TE	5	0	0	0	0	0	7	0	1	0	0	0	0	0	0		0
Chase Brown	RB	5	0	0	0	0	0	2	0	1	0	0	0	0	0	0		0
Andrei Iosivas	WR	5	0	0	0	0	0	9	0	1	0	0	0	0	0	0		0
DeMario Douglas	WR	5	0	0	0	0	0	24	0	1	0	0	0	0	0	0		0
Deuce Vaughn	RB	5	0	0	0	7	0	1	0	1	0	0	0	0	0	0		0
Ronnie Bell	WR	5	0	0	0	0	0	0	0	0	0	0	0	0	0	0		0
Emari Demercado	RB	5	0	0	0	45	1	12	0	1	0	0	0	0	0	0		0
Hunter Luepke	RB	5	0	0	0	0	0	0	0	0	0	0	0	0	0	0		0
Nate Adkins	TE	5	0	0	0	0	0	0	0	0	0	0	0	0	0	0		0
Jaleel McLaughlin	RB	5	0	0	0	68	0	21	1	3	0	0	0	0	0	0		0
Ben Sims	TE	5	0	0	0	0	0	12	0	1	0	0	0	0	0	0		0
Blake Grupe	PK	5	0	0	0	0	0	0	0	0	0	0	0	0	0	0	54;53	4
Dalton Kincaid	TE	5	0	0	0	0	0	19	0	2	0	0	0	0	0	0		0
Brenton Strange	TE	5	0	0	0	0	0	0	0	0	0	0	0	0	0	0		0
Marvin Mims Jr.	WR	5	0	0	0	0	0	4	0	1	0	0	0	0	0	0		0
Tank Dell	WR	5	0	0	0	-4	0	57	0	3	0	0	0	0	0	0		0
Jordan Addison	WR	5	0	0	0	0	0	64	1	6	0	0	0	0	0	0		0
Tucker Kraft	TE	5	0	0	0	0	0	0	0	0	0	0	0	0	0	0		0
Josh Downs	WR	5	0	0	0	0	0	97	0	6	0	0	0	0	0	0		0
Roschon Johnson	RB	5	0	0	0	19	0	0	0	0	0	0	0	0	0	0		0
Tyjae Spears	RB	5	0	0	0	34	1	35	0	4	0	0	0	0	0	0		0
De'Von Achane	RB	5	0	0	0	151	1	14	0	1	0	1	0	0	0	0		0
Jonathan Mingo	WR	5	0	0	0	0	0	48	0	5	0	0	0	0	0	0		0
Zay Flowers	WR	5	0	0	0	0	0	73	0	5	0	0	0	0	0	0		0
Sam LaPorta	TE	5	0	0	0	0	0	47	2	3	0	0	0	0	0	0		0
Michael Mayer	TE	5	0	0	0	0	0	39	0	2	0	0	0	0	0	0		0
Rashee Rice	WR	5	0	0	0	0	0	33	1	4	0	0	0	0	0	0		0
Puka Nacua	WR	5	0	0	0	0	0	71	1	7	0	0	0	0	0	0		0
Luke Musgrave	TE	5	0	0	0	0	0	34	0	6	0	0	0	0	0	0		0
Jayden Reed	WR	5	0	0	0	0	0	7	0	1	0	0	0	0	0	0		0
Bryce Young	QB	5	247	3	2	4	0	0	0	0	0	0	0	0	0	0		0
C.J. Stroud	QB	5	249	1	0	2	0	0	0	0	0	0	0	0	0	0		0
Anthony Richardson	QB	5	98	0	0	5	0	0	0	0	0	0	0	0	0	0		0
Matt Prater	PK	6	0	0	0	0	0	0	0	0	0	0	0	0	0	0	55;32;27	0
Nick Folk	PK	6	0	0	0	0	0	0	0	0	0	0	0	0	0	0	26;27;38	1
Matthew Stafford	QB	6	226	1	0	2	0	0	0	0	0	0	0	0	0	0		0
Brian Hoyer	QB	6	102	0	0	-3	0	0	0	0	0	0	0	0	0	0		0
Graham Gano	PK	6	0	0	0	0	0	0	0	0	0	0	0	0	0	0	29;43;29	0
Randall Cobb	WR	6	0	0	0	0	0	0	0	0	0	0	0	0	0	1		0
Tyrod Taylor	QB	6	200	0	0	24	0	0	0	0	0	0	0	0	0	0		0
Russell Wilson	QB	6	95	1	2	31	0	0	0	0	0	0	0	0	0	0		0
Marvin Jones	WR	6	0	0	0	0	0	5	0	1	0	0	0	0	0	0		0
Justin Tucker	PK	6	0	0	0	0	0	0	0	0	0	0	0	0	0	0	41;28;23;29;20;36	0
Kirk Cousins	QB	6	181	1	0	-5	0	0	0	0	1	0	0	0	0	0		0
Greg Zuerlein	PK	6	0	0	0	0	0	0	0	0	0	0	0	0	0	0	43;42;35;38	0
Ryan Tannehill	QB	6	76	0	1	0	0	0	0	0	0	0	0	0	0	0		0
Brandon McManus	PK	6	0	0	0	0	0	0	0	0	0	0	0	0	0	0	48;49;51	4
Adam Thielen	WR	6	0	0	0	0	0	115	1	11	0	0	0	0	0	0		0
Zach Ertz	TE	6	0	0	0	0	0	22	0	2	0	0	0	0	0	0		0
Marquise Goodwin	WR	6	0	0	0	20	0	4	0	1	0	0	0	0	0	0		0
Dustin Hopkins	PK	6	0	0	0	0	0	0	0	0	0	0	0	0	0	0	42;46;50;29	1
Keenan Allen	WR	6	0	0	0	0	0	85	1	7	0	0	0	0	0	0		0
Brett Maher	PK	6	0	0	0	0	0	0	0	0	0	0	0	0	0	0	29;35;25;43	2
Robert Woods	WR	6	0	0	0	0	0	6	1	1	0	0	0	0	0	0		0
Travis Kelce	TE	6	0	0	0	0	0	124	0	9	0	0	0	0	0	0		0
Latavius Murray	RB	6	0	0	0	45	0	0	0	0	0	0	0	0	0	0		0
DeAndre Hopkins	WR	6	0	0	0	0	0	20	0	1	0	0	0	0	0	0		0
Geno Smith	QB	6	326	0	2	20	0	0	0	0	0	0	0	0	0	0		0
Cordarrelle Patterson	RB	6	0	0	0	0	0	6	0	1	0	0	0	0	0	0		0
Damien Williams	RB	6	0	0	0	36	0	8	0	1	0	0	0	0	0	0		0
Cairo Santos	PK	6	0	0	0	0	0	0	0	0	0	0	0	0	0	0	22;53	1
Odell Beckham Jr.	WR	6	0	0	0	0	0	34	0	2	0	0	0	0	0	0		0
Brandin Cooks	WR	6	0	0	0	14	0	36	1	4	0	0	0	0	0	0		0
Logan Thomas	TE	6	0	0	0	0	0	2	0	1	0	0	0	0	0	0		0
Derek Carr	QB	6	353	1	1	2	0	0	0	0	0	0	0	0	0	0		0
Jimmy Garoppolo	QB	6	162	1	1	4	0	0	0	0	0	0	0	0	0	0		0
Jerick McKinnon	RB	6	0	0	0	0	0	20	0	3	0	0	0	0	0	0		0
Davante Adams	WR	6	0	0	0	0	0	29	0	2	0	0	0	0	0	0		0
Mike Evans	WR	6	0	0	0	0	0	49	0	4	0	0	0	0	0	0		0
Chris Manhertz	TE	6	0	0	0	0	0	0	0	0	0	0	0	0	0	0		0
Jason Myers	PK	6	0	0	0	0	0	0	0	0	0	0	0	0	0	0	55;23	1
Amari Cooper	WR	6	0	0	0	0	0	108	0	4	0	0	0	0	0	0		0
DeVante Parker	WR	6	0	0	0	0	0	7	0	1	0	0	0	0	0	0		0
Nelson Agholor	WR	6	0	0	0	0	0	40	0	2	0	0	0	0	0	0		0
MyCole Pruitt	TE	6	0	0	0	0	0	9	0	1	0	0	0	0	0	0		0
Stefon Diggs	WR	6	0	0	0	0	0	100	0	10	0	0	0	0	0	0		0
Darren Waller	TE	6	0	0	0	0	0	43	0	5	0	0	0	0	0	0		0
Raheem Mostert	RB	6	0	0	0	115	2	17	1	3	0	0	0	0	0	0		0
DeAndre Carter	WR	6	0	0	0	0	0	0	0	0	0	0	0	0	0	0		0
Jamison Crowder	WR	6	0	0	0	0	0	0	0	0	0	0	0	0	0	0		0
Ameer Abdullah	RB	6	0	0	0	0	0	0	0	0	0	0	0	0	0	0		0
C.J. Uzomah	TE	6	0	0	0	0	0	0	0	0	0	0	0	0	0	0		0
Ty Montgomery	WR	6	0	0	0	0	0	9	0	1	0	0	0	0	0	0		0
Tyler Lockett	WR	6	0	0	0	0	0	94	0	6	0	0	0	0	0	0		0
Austin Hooper	TE	6	0	0	0	0	0	19	0	2	0	0	0	0	0	0		0
Chris Moore	WR	6	0	0	0	0	0	6	0	1	0	0	0	0	0	0		0
Kalif Raymond	WR	6	0	0	0	3	0	23	0	3	0	0	0	0	0	0		0
Wil Lutz	PK	6	0	0	0	0	0	0	0	0	0	0	0	0	0	0		0
Ka'imi Fairbairn	PK	6	0	0	0	0	0	0	0	0	0	0	0	0	0	0	24;22	2
Derrick Henry	RB	6	0	0	0	97	1	16	0	2	0	0	0	0	0	0		0
Michael Thomas	WR	6	0	0	0	0	0	45	0	5	0	0	0	0	0	0		0
Tyler Boyd	WR	6	0	0	0	0	0	38	1	7	0	0	0	0	0	0		0
Tyreek Hill	WR	6	0	0	0	0	0	163	1	6	0	0	0	0	0	0		0
Ezekiel Elliott	RB	6	0	0	0	34	1	15	0	1	0	0	0	0	0	0		0
Dak Prescott	QB	6	272	1	0	40	1	0	0	0	0	0	0	0	0	0		0
Hunter Henry	TE	6	0	0	0	0	0	7	0	1	0	0	0	0	0	0		0
Jared Goff	QB	6	353	2	0	3	0	0	0	0	0	0	0	0	0	0		0
Tyler Higbee	TE	6	0	0	0	0	0	18	0	2	0	0	0	0	0	0		0
Zach Pascal	WR	6	0	0	0	0	0	0	0	0	0	0	0	0	0	0		0
PJ Walker	QB	6	192	0	2	1	0	0	0	0	0	0	0	0	0	0		0
Christian McCaffrey	RB	6	0	0	0	43	0	9	1	3	0	0	0	0	0	0		0
Curtis Samuel	WR	6	0	0	0	0	0	42	1	4	0	0	0	0	0	0		0
George Kittle	TE	6	0	0	0	0	0	1	0	1	0	0	0	0	0	0		0
Trent Taylor	WR	6	0	0	0	0	0	0	0	0	0	0	0	0	0	0		0
Harrison Butker	PK	6	0	0	0	0	0	0	0	0	0	0	0	0	0	0	35;60;25;52	1
Kendrick Bourne	WR	6	0	0	0	4	0	89	0	10	0	0	0	0	0	0		0
Matt Breida	RB	6	0	0	0	13	0	0	0	0	0	0	0	0	0	0		0
Taysom Hill	TE	6	4	0	0	2	0	49	0	7	0	0	0	0	0	0		0
Patrick Ricard	RB	6	0	0	0	0	0	3	0	1	0	0	0	0	0	0		0
Pharaoh Brown	TE	6	0	0	0	0	0	15	0	1	0	0	0	0	0	0		0
Isaiah McKenzie	WR	6	0	0	0	0	0	23	0	2	0	0	0	0	0	0		0
Samaje Perine	RB	6	0	0	0	0	0	16	0	2	0	0	1	0	0	0		0
Mack Hollins	WR	6	0	0	0	0	0	41	0	3	0	0	0	0	0	0		0
Jamal Agnew	WR	6	0	0	0	0	0	0	0	0	0	0	0	0	0	0		0
Noah Brown	WR	6	0	0	0	0	0	37	0	2	0	0	0	0	0	0		0
Austin Ekeler	RB	6	0	0	0	27	0	35	0	4	0	0	0	0	0	0		0
Younghoe Koo	PK	6	0	0	0	0	0	0	0	0	0	0	0	0	0	0	47	1
Robert Tonyan	TE	6	0	0	0	0	0	11	0	1	0	0	0	0	0	0		0
Jake Elliott	PK	6	0	0	0	0	0	0	0	0	0	0	0	0	0	0		2
Jonnu Smith	TE	6	0	0	0	0	0	36	1	4	0	0	0	0	0	0		0
Patrick Mahomes	QB	6	306	1	1	31	0	0	0	0	0	0	0	0	0	0		0
Evan Engram	TE	6	0	0	0	0	0	41	0	7	0	0	0	0	0	0		0
David Njoku	TE	6	0	0	0	0	0	24	0	3	0	0	0	0	0	0		0
Dalvin Cook	RB	6	0	0	0	12	0	2	0	1	0	0	0	0	0	0		0
Gerald Everett	TE	6	0	0	0	2	0	16	1	3	0	0	0	0	0	0		0
Joe Mixon	RB	6	0	0	0	38	0	24	0	3	0	0	0	0	0	0		0
Alvin Kamara	RB	6	0	0	0	68	0	36	0	7	0	0	0	0	0	0		0
Cooper Kupp	WR	6	0	0	0	0	0	148	1	7	0	0	0	0	0	0		0
Chris Godwin Jr.	WR	6	0	0	0	0	0	77	0	6	0	0	0	0	0	0		0
Kareem Hunt	RB	6	0	0	0	47	1	24	0	3	0	0	0	0	0	0		0
D'Onta Foreman	RB	6	0	0	0	65	0	2	0	1	0	0	0	0	0	0		0
C.J. Beathard	QB	6	0	0	0	-2	0	0	0	0	0	0	0	0	0	0		0
Josh Reynolds	WR	6	0	0	0	0	0	50	0	3	0	0	0	0	0	0		0
Joshua Dobbs	QB	6	235	0	1	47	0	0	0	0	1	0	0	0	0	0		0
Ross Dwelley	TE	6	0	0	0	0	0	0	0	0	0	0	0	0	0	0		0
Will Dissly	TE	6	0	0	0	0	0	4	0	1	0	0	0	0	0	0		0
Daniel Carlson	PK	6	0	0	0	0	0	0	0	0	0	0	0	0	0	0	25;37;30;24	1
Eddy Pineiro	PK	6	0	0	0	0	0	0	0	0	0	0	0	0	0	0		3
Gus Edwards	RB	6	0	0	0	41	0	12	0	1	0	0	0	0	0	0		0
Kevin Rader	TE	6	0	0	0	0	0	0	0	0	0	0	0	0	0	0		0
Mike Boone	RB	6	0	0	0	11	0	0	0	0	0	0	0	0	0	0		0
Tyler Conklin	TE	6	0	0	0	0	0	24	0	3	0	0	0	0	0	0		0
Marquez Valdes-Scantling	WR	6	0	0	0	0	0	0	0	0	0	0	0	0	0	0		0
Courtland Sutton	WR	6	0	0	0	0	0	46	1	4	0	0	0	0	0	0		0
Dallas Goedert	TE	6	0	0	0	0	0	42	0	5	0	0	0	0	0	0		0
Jordan Akins	TE	6	0	0	0	0	0	0	0	0	0	0	0	0	0	0		0
Dalton Schultz	TE	6	0	0	0	0	0	61	1	4	0	0	0	0	0	0		0
Justin Watson	WR	6	0	0	0	0	0	0	0	0	0	0	0	0	0	0		0
Mike White	QB	6	0	0	1	-4	0	0	0	0	0	0	0	0	0	0		0
Ray-Ray McCloud	WR	6	0	0	0	23	0	4	0	1	0	0	0	0	0	0		0
Boston Scott	RB	6	0	0	0	2	0	14	0	1	0	0	0	0	0	0		0
Braxton Berrios	WR	6	0	0	0	0	0	20	0	2	0	0	0	0	0	0		0
Greg Joseph	PK	6	0	0	0	0	0	0	0	0	0	0	0	0	0	0	53;51	1
Trent Sherfield	WR	6	0	0	0	0	0	0	0	0	0	0	0	0	0	0		0
Allen Lazard	WR	6	0	0	0	0	0	8	0	1	0	0	0	0	0	0		0
Brandon Powell	WR	6	0	0	0	-1	0	20	0	3	0	0	0	0	0	0		0
Mark Andrews	TE	6	0	0	0	0	0	69	0	4	0	0	0	0	0	0		0
Michael Gallup	WR	6	0	0	0	0	0	24	0	3	0	0	0	0	0	0		0
Christian Kirk	WR	6	0	0	0	0	0	49	1	3	0	0	0	0	0	0		0
DJ Chark	WR	6	0	0	0	0	0	26	0	3	0	0	0	0	0	0		0
Jason Sanders	PK	6	0	0	0	0	0	0	0	0	0	0	0	0	0	0		6
Lamar Jackson	QB	6	223	1	1	62	0	0	0	0	0	0	0	0	0	0		0
Durham Smythe	TE	6	0	0	0	0	0	0	0	0	0	0	0	0	0	0		0
DJ Moore	WR	6	0	0	0	0	0	51	0	5	0	0	0	0	0	0		0
Mike Gesicki	TE	6	0	0	0	0	0	28	0	3	0	0	0	0	0	0		0
Hayden Hurst	TE	6	0	0	0	0	0	16	0	1	0	0	0	0	0	0		0
Calvin Ridley	WR	6	0	0	0	-4	0	30	0	4	0	0	0	0	0	0		0
Saquon Barkley	RB	6	0	0	0	93	0	5	0	4	0	0	0	0	0	0		0
KhaDarel Hodge	WR	6	0	0	0	0	0	0	0	0	0	0	0	0	0	0		0
Baker Mayfield	QB	6	206	0	1	6	0	0	0	0	0	0	0	0	0	0		0
Josh Allen	QB	6	169	2	1	11	0	0	0	0	0	0	0	0	0	0		0
Jakobi Meyers	WR	6	0	0	0	0	0	61	1	5	0	0	0	0	0	0		0
Irv Smith	TE	6	0	0	0	0	0	5	0	1	0	0	0	0	0	0		0
Alexander Mattison	RB	6	0	0	0	44	0	28	0	4	0	0	0	0	0	0		0
Justice Hill	RB	6	0	0	0	35	0	0	0	3	0	0	0	0	0	0		0
Foster Moreau	TE	6	0	0	0	0	0	33	0	4	0	0	0	0	0	0		0
Hunter Renfrow	WR	6	0	0	0	0	0	0	0	0	0	0	0	0	0	0		0
Mecole Hardman	WR	6	0	0	0	0	0	0	0	0	0	0	0	0	0	0		0
Devine Ozigbo	RB	6	0	0	0	5	0	8	0	1	0	0	0	0	0	0		0
Joey Slye	PK	6	0	0	0	0	0	0	0	0	0	0	0	0	0	0	37	3
Olamide Zaccheaus	WR	6	0	0	0	0	0	5	0	1	0	0	0	0	0	0		0
Deonte Harty	WR	6	0	0	0	0	0	3	1	1	0	0	0	0	0	0		0
T.J. Hockenson	TE	6	0	0	0	0	0	50	0	6	0	0	0	0	0	0		0
Devin Singletary	RB	6	0	0	0	58	0	4	0	1	0	0	0	0	0	0		0
Tony Pollard	RB	6	0	0	0	30	0	80	0	6	0	0	0	0	0	0		0
Matt Gay	PK	6	0	0	0	0	0	0	0	0	0	0	0	0	0	0	28;56	2
Gardner Minshew	QB	6	329	1	3	4	0	0	0	0	1	0	0	0	0	0		0
Trayveon Williams	RB	6	0	0	0	0	0	3	0	2	0	0	0	0	0	0		0
Scott Miller	WR	6	0	0	0	0	0	4	0	1	0	0	0	0	0	0		0
Donald Parham	TE	6	0	0	0	0	0	19	0	2	0	0	0	0	0	0		0
Trenton Irwin	WR	6	0	0	0	0	0	0	0	0	0	0	0	0	0	0		0
Chase McLaughlin	PK	6	0	0	0	0	0	0	0	0	0	0	0	0	0	0	33;36	0
Greg Dortch	WR	6	0	0	0	0	0	0	0	0	0	0	0	0	0	0		0
Darius Slayton	WR	6	0	0	0	0	0	69	0	4	0	0	0	0	0	0		0
Craig Reynolds	RB	6	0	0	0	15	0	28	0	2	0	0	0	0	0	0		0
D'Ernest Johnson	RB	6	0	0	0	19	0	0	0	0	0	0	0	0	0	0		0
Drew Sample	TE	6	0	0	0	0	0	4	0	1	0	0	0	0	0	0		0
Parris Campbell	WR	6	0	0	0	0	0	0	0	0	0	0	0	0	0	0		0
DK Metcalf	WR	6	0	0	0	0	0	69	0	4	0	0	0	0	0	0		0
Noah Fant	TE	6	0	0	0	0	0	9	0	1	0	0	0	0	0	0		0
Damien Harris	RB	6	0	0	0	1	0	0	0	0	0	0	0	0	0	0		0
Terry McLaurin	WR	6	0	0	0	0	0	81	0	6	0	0	0	0	0	0		0
Marquise Brown	WR	6	0	0	0	0	0	34	0	4	0	0	0	0	0	0		0
A.J. Brown	WR	6	0	0	0	0	0	131	0	7	0	0	0	0	0	0		0
David Montgomery	RB	6	0	0	0	14	0	19	0	1	0	0	0	0	0	0		0
Dawson Knox	TE	6	0	0	0	0	0	17	0	3	0	0	0	0	0	0		0
Josh Jacobs	RB	6	0	0	0	77	0	16	0	2	0	0	0	0	0	0		0
Deebo Samuel Sr.	WR	6	0	0	0	11	0	0	0	0	0	0	0	0	0	0		0
Mitchell Wilcox	TE	6	0	0	0	0	0	0	0	0	0	0	0	0	0	0		0
Salvon Ahmed	RB	6	0	0	0	23	1	11	0	3	0	0	0	0	0	0		0
Sean McKeon	TE	6	0	0	0	0	0	0	0	0	0	0	0	0	0	0		0
Rico Dowdle	RB	6	0	0	0	12	0	0	0	0	0	0	0	0	0	0		0
Tyler Bass	PK	6	0	0	0	0	0	0	0	0	0	0	0	0	0	0		2
Nick Westbrook-Ikhine	WR	6	0	0	0	0	0	25	0	3	0	0	0	0	0	0		0
Gabe Davis	WR	6	0	0	0	0	0	21	0	3	0	0	1	0	0	0		0
Tua Tagovailoa	QB	6	262	3	0	0	0	0	0	0	0	0	0	0	0	0		0
Jonathan Taylor	RB	6	0	0	0	19	0	46	0	5	0	0	0	0	0	0		0
Harrison Bryant	TE	6	0	0	0	0	0	0	0	0	0	0	0	0	0	0		0
Donovan Peoples-Jones	WR	6	0	0	0	0	0	0	0	0	0	0	0	0	0	0		0
Colby Parkinson	TE	6	0	0	0	0	0	19	0	3	0	0	0	0	0	0		0
Zack Moss	RB	6	0	0	0	21	1	38	0	6	0	0	0	0	0	0		0
Michael Pittman	WR	6	0	0	0	0	0	109	0	9	0	0	0	0	0	0		0
Jauan Jennings	WR	6	0	0	0	0	0	26	0	2	0	0	0	0	0	0		0
Brandon Aiyuk	WR	6	0	0	0	0	0	76	0	4	0	0	0	0	0	0		0
Laviska Shenault Jr.	WR	6	0	0	0	2	0	15	0	3	0	0	0	0	0	0		0
D'Andre Swift	RB	6	0	0	0	18	0	40	1	8	0	0	1	0	0	0		0
Cole Kmet	TE	6	0	0	0	0	0	9	0	2	0	0	0	0	0	0		0
Darrynton Evans	RB	6	0	0	0	32	0	2	0	1	0	0	0	0	0	0		0
Darnell Mooney	WR	6	0	0	0	0	0	48	0	2	0	0	0	0	0	0		0
Antonio Gibson	RB	6	0	0	0	15	0	1	1	1	0	0	0	0	0	0		0
Devin Duvernay	WR	6	0	0	0	0	0	0	0	0	0	0	0	0	0	0		0
K.J. Osborn	WR	6	0	0	0	0	0	48	0	4	0	0	0	0	0	0		0
Justin Herbert	QB	6	227	2	1	20	0	10	0	1	0	0	0	0	0	0		0
CeeDee Lamb	WR	6	0	0	0	0	0	117	0	7	0	0	0	0	0	0		0
Clyde Edwards-Helaire	RB	6	0	0	0	7	0	9	0	1	0	0	0	0	0	0		0
Joshua Kelley	RB	6	0	0	0	2	0	2	0	1	0	0	0	0	0	0		0
Jalen Hurts	QB	6	280	1	3	47	1	0	0	0	0	0	0	0	0	0		0
Jerry Jeudy	WR	6	0	0	0	0	0	14	0	3	0	0	0	0	0	0		0
Tee Higgins	WR	6	0	0	0	0	0	20	0	2	0	0	0	0	0	0		0
Cam Akers	RB	6	0	0	0	8	0	7	0	1	0	0	0	0	0	0		0
Van Jefferson	WR	6	0	0	0	0	0	0	0	0	0	0	0	0	0	0		0
Adam Trautman	TE	6	0	0	0	0	0	4	0	1	0	0	0	0	0	0		0
DeeJay Dallas	RB	6	0	0	0	0	0	-1	0	1	0	0	0	0	0	0		0
Charlie Woerner	TE	6	0	0	0	0	0	0	0	0	0	0	0	0	0	0		0
Joe Burrow	QB	6	185	2	1	4	0	0	0	0	0	0	0	0	0	0		0
Ke'Shawn Vaughn	RB	6	0	0	0	9	0	0	0	0	0	0	0	0	0	0		0
Rashod Bateman	WR	6	0	0	0	0	0	15	0	2	0	0	0	0	0	0		0
Nico Collins	WR	6	0	0	0	0	0	80	0	4	0	0	0	0	0	0		0
Chuba Hubbard	RB	6	0	0	0	88	1	2	0	1	0	0	0	0	0	0		0
Brevin Jordan	TE	6	0	0	0	0	0	11	0	1	0	0	0	0	0	0		0
Elijah Mitchell	RB	6	0	0	0	-3	0	0	0	0	0	0	0	0	0	0		0
Quintin Morris	TE	6	0	0	0	0	0	15	1	1	0	0	0	0	0	0		0
Jaylen Waddle	WR	6	0	0	0	0	0	51	1	7	0	0	0	0	0	0		0
Dyami Brown	WR	6	0	0	0	0	0	0	0	0	0	0	0	0	0	0		0
Ihmir Smith-Marsette	WR	6	0	0	0	0	0	0	0	0	0	0	0	0	0	0		0
Noah Gray	TE	6	0	0	0	1	0	14	0	2	0	0	0	0	0	0		0
Brock Wright	TE	6	0	0	0	0	0	7	0	1	0	0	0	0	0	0		0
Riley Patterson	PK	6	0	0	0	0	0	0	0	0	0	0	0	0	0	0	30;36	2
Austin Trammell	WR	6	0	0	0	0	0	0	0	0	0	0	0	0	0	0		0
Tutu Atwell	WR	6	0	0	0	0	0	30	0	1	0	0	0	0	0	0		0
Evan McPherson	PK	6	0	0	0	0	0	0	0	0	0	0	0	0	0	0	52	2
Rhamondre Stevenson	RB	6	0	0	0	46	1	24	0	5	0	0	0	0	0	0		0
Kylen Granson	TE	6	0	0	0	0	0	67	0	3	0	0	0	0	0	0		0
Jaelon Darden	WR	6	0	0	0	0	0	0	0	0	0	0	0	0	0	0		0
Ja'Marr Chase	WR	6	0	0	0	0	0	80	0	6	0	0	0	0	0	0		0
DeVonta Smith	WR	6	0	0	0	0	0	44	0	5	0	0	0	0	0	0		0
Kadarius Toney	WR	6	0	0	0	-5	0	9	1	3	0	0	0	0	0	0		0
Kenny Gainwell	RB	6	0	0	0	13	0	4	0	1	0	0	0	0	0	0		0
Michael Carter	RB	6	0	0	0	5	0	0	0	0	0	0	0	0	0	0		0
Rondale Moore	WR	6	0	0	0	-4	0	30	0	4	0	0	0	0	0	0		0
Justin Fields	QB	6	58	0	1	46	0	0	0	0	0	0	0	0	0	0		0
Terrace Marshall Jr.	WR	6	0	0	0	0	0	0	0	0	0	0	0	0	0	0		0
Amon-Ra St. Brown	WR	6	0	0	0	0	0	124	1	12	0	0	0	0	0	0		0
Kyle Pitts	TE	6	0	0	0	0	0	43	1	4	0	0	0	0	0	0		0
Trevor Lawrence	QB	6	181	2	1	15	0	0	0	0	0	0	0	0	0	0		0
Mac Jones	QB	6	200	0	1	-1	0	0	0	0	0	0	0	0	0	0		0
Travis Etienne	RB	6	0	0	0	55	2	28	0	3	0	0	0	0	0	0		0
Elijah Moore	WR	6	0	0	0	8	0	19	0	4	0	0	0	0	0	0		0
Trey Sermon	RB	6	0	0	0	0	0	0	0	0	0	0	0	0	0	0		0
Josh Palmer	WR	6	0	0	0	0	0	60	0	4	0	0	0	0	0	0		0
Amari Rodgers	WR	6	0	0	0	0	0	0	0	0	0	0	0	0	0	0		0
Javonte Williams	RB	6	0	0	0	52	0	0	0	0	0	0	0	0	1	0		0
Tommy Tremble	TE	6	0	0	0	0	0	25	0	2	0	0	0	0	0	0		0
Zach Wilson	QB	6	186	0	0	15	0	0	0	0	0	0	0	1	0	0		0
Sam Howell	QB	6	151	3	0	3	0	0	0	0	0	0	0	0	0	0		0
Britain Covey	WR	6	0	0	0	0	0	0	0	0	0	0	0	0	0	0		0
Irvin Charles	WR	6	0	0	0	0	0	0	0	0	0	0	0	0	0	0		0
Isiah Pacheco	RB	6	0	0	0	62	0	36	0	6	0	0	0	0	0	0		0
Cameron Dicker	PK	6	0	0	0	0	0	0	0	0	0	0	0	0	0	0	24	2
Drake London	WR	6	0	0	0	0	0	125	0	9	0	0	0	0	0	0		0
Chris Olave	WR	6	0	0	0	0	0	96	0	7	0	0	0	0	0	0		0
Jameson Williams	WR	6	0	0	0	0	0	53	1	2	0	0	0	0	0	0		0
James Cook	RB	6	0	0	0	71	0	0	0	0	0	0	0	0	0	0		0
Greg Dulcich	TE	6	0	0	0	0	0	3	0	1	0	0	0	0	0	0		0
Rachaad White	RB	6	0	0	0	26	0	12	0	3	0	0	0	0	0	0		0
David Bell	WR	6	0	0	0	0	0	6	0	1	0	0	0	0	0	0		0
Dameon Pierce	RB	6	0	0	0	34	0	0	0	0	0	0	0	0	0	0		0
Khalil Shakir	WR	6	0	0	0	0	0	13	0	1	0	0	0	0	0	0		0
Tyler Allgeier	RB	6	0	0	0	51	0	0	0	0	0	0	0	0	0	0		0
Jerome Ford	RB	6	0	0	0	84	0	7	0	2	0	0	0	0	0	0		0
Montrell Washington	WR	6	0	0	0	0	0	0	0	0	0	0	0	0	0	0		0
Kyle Philips	WR	6	0	0	0	0	0	6	0	1	0	0	0	0	0	0		0
Ty Chandler	RB	6	0	0	0	0	0	0	0	0	0	0	0	0	0	0		0
Andrew Ogletree	TE	6	0	0	0	0	0	0	0	0	0	0	0	0	0	0		0
Keaontay Ingram	RB	6	0	0	0	40	0	11	0	2	0	0	0	0	0	0		0
Brandon Johnson	WR	6	0	0	0	0	0	0	0	0	0	0	0	0	0	0		0
Raheem Blackshear	RB	6	0	0	0	18	0	4	0	1	0	0	0	0	0	0		0
Deven Thompkins	WR	6	0	0	0	5	0	-2	0	2	0	0	0	0	0	0		0
Jordan Mason	RB	6	0	0	0	27	1	0	0	0	0	0	0	0	0	0		0
Rashid Shaheed	WR	6	0	0	0	18	0	85	1	2	0	0	0	0	0	0		0
Ronnie Rivers	RB	6	0	0	0	9	0	4	0	1	0	0	0	0	0	0		0
Alec Pierce	WR	6	0	0	0	0	0	25	0	3	0	0	0	0	0	0		0
Jalen Tolbert	WR	6	0	0	0	0	0	0	0	0	0	0	0	0	0	0		0
Brandon Aubrey	PK	6	0	0	0	0	0	0	0	0	0	0	0	0	0	0	32;39	2
Garrett Wilson	WR	6	0	0	0	0	0	90	0	8	0	0	0	0	0	0		0
Jahan Dotson	WR	6	0	0	0	0	0	0	0	0	0	0	0	0	0	0		0
Trey McBride	TE	6	0	0	0	0	0	62	0	4	0	0	0	0	0	0		0
Velus Jones Jr.	WR	6	0	0	0	15	0	5	0	1	0	0	0	0	0	0		0
Brian Robinson	RB	6	0	0	0	31	0	25	1	2	0	0	0	0	0	0		0
KaVontae Turpin	WR	6	0	0	0	0	0	0	0	0	0	0	0	0	0	0		0
Jeremy Ruckert	TE	6	0	0	0	0	0	8	0	1	0	0	0	0	0	0		0
Chig Okonkwo	TE	6	0	0	0	0	0	18	0	2	0	0	0	0	0	0		0
Brock Purdy	QB	6	125	1	1	7	0	0	0	0	0	0	0	0	0	0		0
Kyren Williams	RB	6	0	0	0	158	1	0	0	0	0	0	0	0	0	0		0
Zamir White	RB	6	0	0	0	2	0	7	0	2	0	0	0	0	0	0		0
Jake Ferguson	TE	6	0	0	0	0	0	15	0	1	0	0	0	0	0	0		0
Isaiah Spiller	RB	6	0	0	0	2	0	0	0	0	0	0	0	0	0	0		0
Skyy Moore	WR	6	0	0	0	0	0	22	0	2	0	0	0	0	0	0		0
Pierre Strong	RB	6	0	0	0	0	0	0	0	0	0	0	0	0	0	0		0
Tyquan Thornton	WR	6	0	0	0	0	0	6	0	1	0	0	0	0	0	0		0
Wan'Dale Robinson	WR	6	0	0	0	0	0	62	0	8	0	0	0	0	0	0		0
Breece Hall	RB	6	0	0	0	39	1	54	0	5	0	0	0	0	0	0		0
Desmond Ridder	QB	6	307	2	3	18	0	0	0	0	0	0	0	0	0	0		0
Malik Willis	QB	6	74	0	0	17	0	0	0	0	0	0	0	0	0	0		0
Cade Otton	TE	6	0	0	0	0	0	15	0	1	0	0	0	0	0	0		0
Kenneth Walker III	RB	6	0	0	0	62	1	27	0	3	0	0	0	0	0	0		0
Will Mallory	TE	6	0	0	0	0	0	0	0	0	0	0	0	0	0	0		0
Eric Gray	RB	6	0	0	0	2	0	0	0	0	0	0	0	0	0	0		0
Tyson Bagent	QB	6	83	0	1	4	1	0	0	0	1	0	0	0	0	0		0
Xavier Gipson	WR	6	0	0	0	18	0	0	0	0	0	0	0	0	0	0		0
Bijan Robinson	RB	6	0	0	0	37	0	43	0	5	0	0	0	0	0	0		0
Jaxon Smith-Njigba	WR	6	0	0	0	0	0	48	0	4	0	0	0	0	0	0		0
Quentin Johnston	WR	6	0	0	0	0	0	0	0	0	0	0	0	0	0	0		0
Kendre Miller	RB	6	0	0	0	-1	0	13	0	1	0	0	0	0	0	0		0
Tank Bigsby	RB	6	0	0	0	2	0	6	0	1	0	0	0	0	0	0		0
Michael Wilson	WR	6	0	0	0	0	0	62	0	3	0	0	0	0	0	0		0
Jake Moody	PK	6	0	0	0	0	0	0	0	0	0	0	0	0	0	0	25	2
Tre Tucker	WR	6	0	0	0	4	0	57	0	2	0	0	0	0	0	0		0
Chad Ryland	PK	6	0	0	0	0	0	0	0	0	0	0	0	0	0	0	43	2
Derius Davis	WR	6	0	0	0	0	0	0	0	0	0	0	0	0	0	0		0
Josh Whyle	TE	6	0	0	0	0	0	11	0	1	0	0	0	0	0	0		0
Chase Brown	RB	6	0	0	0	4	0	8	0	1	0	0	0	0	0	0		0
Chris Rodriguez Jr.	RB	6	0	0	0	23	0	0	0	0	0	0	0	0	0	0		0
Xavier Hutchinson	WR	6	0	0	0	15	0	0	0	0	0	0	0	0	0	0		0
Andrei Iosivas	WR	6	0	0	0	0	0	3	1	1	0	0	0	0	0	0		0
Ronnie Bell	WR	6	0	0	0	0	0	0	0	0	0	0	0	0	0	0		0
Jordan Mims	RB	6	0	0	0	0	0	0	0	0	0	0	0	0	0	0		0
Chris Brooks	RB	6	0	0	0	28	0	0	0	0	0	0	0	0	0	0		0
Emari Demercado	RB	6	0	0	0	11	0	6	0	1	0	0	0	0	0	0		0
Jake Bobo	WR	6	0	0	0	0	0	43	0	2	0	0	0	0	0	0		0
Jaleel McLaughlin	RB	6	0	0	0	30	0	12	0	2	0	0	0	0	0	0		0
Blake Grupe	PK	6	0	0	0	0	0	0	0	0	0	0	0	0	0	0	48;45	1
Malik Cunningham	WR	6	0	0	0	0	0	0	0	0	0	0	0	0	0	0		0
Brenton Strange	TE	6	0	0	0	0	0	27	1	2	0	0	0	0	0	0		0
Jalin Hyatt	WR	6	0	0	0	0	0	21	0	3	0	0	0	0	0	0		0
Tyler Scott	WR	6	0	0	0	0	0	12	0	2	0	0	0	0	0	0		0
Marvin Mims Jr.	WR	6	0	0	0	0	0	0	0	0	0	0	0	0	0	0		0
Jordan Addison	WR	6	0	0	0	0	0	28	1	3	0	0	0	0	0	0		0
Josh Downs	WR	6	0	0	0	0	0	21	1	5	0	0	0	0	0	0		0
Tyjae Spears	RB	6	0	0	0	15	0	48	0	1	0	0	0	0	0	0		0
Payne Durham	TE	6	0	0	0	0	0	8	0	1	0	0	0	0	0	0		0
Trey Palmer	WR	6	0	0	0	0	0	47	0	2	0	0	0	0	0	0		0
Jonathan Mingo	WR	6	0	0	0	0	0	21	0	2	0	0	0	0	0	0		0
Zay Flowers	WR	6	0	0	0	1	0	50	1	6	0	0	0	0	0	0		0
Sam LaPorta	TE	6	0	0	0	0	0	36	0	4	0	0	0	0	0	0		0
Michael Mayer	TE	6	0	0	0	0	0	75	0	5	0	0	0	0	0	0		0
Rashee Rice	WR	6	0	0	0	0	0	72	0	4	0	0	0	0	0	0		0
Puka Nacua	WR	6	0	0	0	0	0	26	0	4	0	0	0	0	0	0		0
Zach Evans	RB	6	0	0	0	10	0	0	0	0	0	0	0	0	0	0		0
Bryce Young	QB	6	217	1	0	0	0	0	0	0	0	0	0	0	0	0		0
C.J. Stroud	QB	6	199	2	1	2	0	0	0	0	0	0	0	0	0	0		0
Zach Charbonnet	RB	6	0	0	0	5	0	14	0	2	0	0	0	0	0	0		0
Matt Prater	PK	7	0	0	0	0	0	0	0	0	0	0	0	0	0	0	44	1
Marcedes Lewis	TE	7	0	0	0	0	0	16	0	1	0	0	0	0	0	0		0
Matthew Stafford	QB	7	231	1	1	8	0	0	0	0	0	0	0	1	0	0		0
Brian Hoyer	QB	7	129	0	2	0	0	0	0	0	0	0	0	0	0	0		0
Graham Gano	PK	7	0	0	0	0	0	0	0	0	0	0	0	0	0	0		2
Julio Jones	WR	7	0	0	0	0	0	3	0	1	0	0	0	0	0	0		0
Tyrod Taylor	QB	7	279	2	0	25	0	0	0	0	0	0	0	0	0	0		0
Russell Wilson	QB	7	194	1	0	21	0	0	0	0	0	0	0	0	0	0		0
Justin Tucker	PK	7	0	0	0	0	0	0	0	0	0	0	0	0	0	0	32	5
Kirk Cousins	QB	7	378	2	1	-1	0	0	0	0	0	0	0	0	0	0		0
Brandon McManus	PK	7	0	0	0	0	0	0	0	0	0	0	0	0	0	0	43	4
Zach Ertz	TE	7	0	0	0	0	0	19	0	3	0	0	0	0	0	0		0
Marquise Goodwin	WR	7	0	0	0	17	0	6	0	1	0	0	0	0	0	0		0
Dustin Hopkins	PK	7	0	0	0	0	0	0	0	0	0	0	0	0	0	0	44;54;54;58	3
Keenan Allen	WR	7	0	0	0	0	0	55	0	4	0	0	0	0	0	0		0
Brett Maher	PK	7	0	0	0	0	0	0	0	0	0	0	0	0	0	0	41	0
Travis Kelce	TE	7	0	0	0	0	0	179	1	12	0	0	0	0	0	0		0
Latavius Murray	RB	7	0	0	0	8	0	20	0	2	0	0	0	0	0	0		0
Geno Smith	QB	7	219	2	1	10	0	0	0	0	0	1	0	0	0	0		0
Cordarrelle Patterson	RB	7	0	0	0	56	0	0	0	0	0	0	0	0	0	0		0
Damien Williams	RB	7	0	0	0	2	0	0	0	0	0	0	0	0	0	0		0
Chris Boswell	PK	7	0	0	0	0	0	0	0	0	0	0	0	0	0	0	53	3
Cairo Santos	PK	7	0	0	0	0	0	0	0	0	0	0	0	0	0	0	54	3
Odell Beckham Jr.	WR	7	0	0	0	0	0	49	0	5	0	0	0	0	0	0		0
Logan Thomas	TE	7	0	0	0	0	0	51	0	4	0	0	0	0	0	0		0
Derek Carr	QB	7	301	1	1	14	0	0	0	0	0	0	0	1	0	0		0
Jerick McKinnon	RB	7	0	0	0	2	0	24	0	2	0	0	0	0	0	0		0
Davante Adams	WR	7	0	0	0	0	0	57	0	7	0	0	0	0	0	0		0
Mike Evans	WR	7	0	0	0	0	0	82	1	6	0	0	0	0	0	0		0
Allen Robinson	WR	7	0	0	0	0	0	7	0	1	0	0	0	0	0	0		0
Jason Myers	PK	7	0	0	0	0	0	0	0	0	0	0	0	0	0	0	21;48	2
Amari Cooper	WR	7	0	0	0	0	0	22	0	2	0	0	0	0	0	0		0
DeVante Parker	WR	7	0	0	0	0	0	8	0	1	0	0	0	0	0	0		0
Nelson Agholor	WR	7	0	0	0	0	0	12	1	1	0	0	0	0	0	0		0
Stefon Diggs	WR	7	0	0	0	0	0	58	1	6	0	0	0	0	0	0		0
Darren Waller	TE	7	0	0	0	0	0	98	1	7	0	0	0	0	0	0		0
Raheem Mostert	RB	7	0	0	0	45	0	6	0	1	0	0	0	0	0	0		0
DeAndre Carter	WR	7	0	0	0	0	0	0	0	0	0	0	0	0	0	0		0
Jamison Crowder	WR	7	0	0	0	0	0	0	0	0	0	0	0	0	0	0		0
Blake Bell	TE	7	0	0	0	0	0	7	0	1	0	0	1	0	0	0		0
Geoff Swaim	TE	7	0	0	0	0	0	8	0	1	0	0	0	0	0	0		0
Tyler Lockett	WR	7	0	0	0	0	0	38	0	4	0	0	0	0	0	0		0
Sterling Shepard	WR	7	0	0	0	0	0	3	0	1	0	0	0	0	0	0		0
Austin Hooper	TE	7	0	0	0	0	0	18	0	2	0	0	0	0	0	0		0
Dwayne Washington	RB	7	0	0	0	0	0	0	0	0	0	0	0	0	0	0		0
Kalif Raymond	WR	7	0	0	0	0	0	20	0	2	0	0	0	0	0	0		0
Wil Lutz	PK	7	0	0	0	0	0	0	0	0	0	0	0	0	0	0	32;29;35;52	1
Michael Thomas	WR	7	0	0	0	0	0	42	1	3	0	0	0	0	0	0		0
Tyreek Hill	WR	7	0	0	0	0	0	88	1	11	0	0	0	0	0	0		0
Ezekiel Elliott	RB	7	0	0	0	31	1	0	0	0	0	0	0	0	0	0		0
Hunter Henry	TE	7	0	0	0	0	0	27	0	2	0	0	0	0	0	0		0
Jared Goff	QB	7	284	0	1	0	0	0	0	0	0	0	0	0	0	0		0
Tyler Higbee	TE	7	0	0	0	0	0	7	0	1	0	0	0	0	0	0		0
Mo Alie-Cox	TE	7	0	0	0	0	0	-6	0	1	0	0	0	0	0	0		0
Johnny Mundt	TE	7	0	0	0	0	0	0	0	0	0	0	0	0	0	0		0
PJ Walker	QB	7	178	0	1	3	0	0	0	0	0	0	0	0	0	0		0
Christian McCaffrey	RB	7	0	0	0	45	1	51	1	3	0	1	0	0	0	0		0
Curtis Samuel	WR	7	0	0	0	0	0	25	0	4	0	0	0	0	0	0		0
George Kittle	TE	7	0	0	0	2	0	78	0	5	0	0	0	0	0	0		0
Trent Taylor	WR	7	0	0	0	0	0	0	0	0	0	0	0	0	0	0		0
Aaron Jones	RB	7	0	0	0	35	0	22	0	3	0	0	0	0	0	0		0
Harrison Butker	PK	7	0	0	0	0	0	0	0	0	0	0	0	0	0	0	35	4
Kendrick Bourne	WR	7	0	0	0	0	0	63	1	6	0	0	1	0	0	0		0
Matt Breida	RB	7	0	0	0	4	0	5	0	1	0	0	0	0	0	0		0
Taysom Hill	TE	7	0	0	0	18	1	50	0	4	0	0	0	0	0	0		0
Patrick Ricard	RB	7	0	0	0	0	0	31	0	2	0	0	0	0	0	0		0
Pharaoh Brown	TE	7	0	0	0	0	0	51	0	2	0	0	0	0	0	0		0
Isaiah McKenzie	WR	7	0	0	0	7	0	0	0	0	0	0	0	0	0	0		0
Samaje Perine	RB	7	0	0	0	10	0	31	0	3	0	0	0	0	0	0		0
Deshaun Watson	QB	7	5	0	1	0	0	0	0	0	0	0	0	0	0	0		0
Mack Hollins	WR	7	0	0	0	0	0	0	0	0	0	0	0	0	0	0		0
Jamal Agnew	WR	7	0	0	0	-1	0	36	0	4	0	0	0	0	0	0		0
Austin Ekeler	RB	7	0	0	0	45	0	1	0	1	0	0	0	0	0	0		0
Younghoe Koo	PK	7	0	0	0	0	0	0	0	0	0	0	0	0	0	0	24;41;51	1
Jake Elliott	PK	7	0	0	0	0	0	0	0	0	0	0	0	0	0	0	24	4
Jonnu Smith	TE	7	0	0	0	0	0	27	0	3	0	0	0	0	0	0		0
Patrick Mahomes	QB	7	424	4	1	29	0	0	0	0	0	0	0	0	0	0		0
Evan Engram	TE	7	0	0	0	0	0	45	0	5	0	0	0	0	0	0		0
David Njoku	TE	7	0	0	0	0	0	54	0	5	0	0	0	0	0	0		0
Gerald Everett	TE	7	0	0	0	0	0	26	1	3	0	0	0	0	0	0		0
Alvin Kamara	RB	7	0	0	0	62	0	91	0	12	0	0	0	0	0	1		0
Cooper Kupp	WR	7	0	0	0	0	0	29	0	2	0	0	0	0	0	1		0
Chris Godwin Jr.	WR	7	0	0	0	0	0	66	0	6	0	0	0	0	0	0		0
Kareem Hunt	RB	7	0	0	0	31	2	0	0	0	0	0	0	0	0	0		0
D'Onta Foreman	RB	7	0	0	0	89	2	31	1	3	0	0	0	0	0	0		0
Josh Reynolds	WR	7	0	0	0	0	0	43	0	2	0	0	0	0	0	0		0
Jamaal Williams	RB	7	0	0	0	14	0	0	0	0	0	0	0	0	0	0		0
Joshua Dobbs	QB	7	146	0	0	43	1	0	0	0	0	0	0	0	0	0		0
Nathan Peterman	QB	7	0	0	0	-4	0	0	0	0	0	0	0	0	0	0		0
Ross Dwelley	TE	7	0	0	0	0	0	12	0	1	0	0	0	0	0	0		0
Jeff Wilson	RB	7	0	0	0	0	0	4	0	1	0	0	0	0	0	0		0
Daniel Carlson	PK	7	0	0	0	0	0	0	0	0	0	0	0	0	0	0	40;25	0
Gus Edwards	RB	7	0	0	0	64	1	80	0	1	0	0	0	0	0	0		0
Marquez Valdes-Scantling	WR	7	0	0	0	0	0	84	1	3	0	0	0	0	0	0		0
Byron Pringle	WR	7	0	0	0	0	0	16	0	1	0	0	0	0	0	0		0
Courtland Sutton	WR	7	0	0	0	0	0	76	1	6	0	0	0	0	0	0		0
Dallas Goedert	TE	7	0	0	0	0	0	77	1	5	0	0	0	0	0	0		0
Ray-Ray McCloud	WR	7	0	0	0	0	0	20	0	2	0	0	0	0	0	0		0
Boston Scott	RB	7	0	0	0	0	0	0	0	0	0	0	0	0	0	0		0
Cedrick Wilson Jr.	WR	7	0	0	0	0	0	48	0	2	0	0	0	0	0	0		0
Braxton Berrios	WR	7	0	0	0	0	0	7	0	1	0	0	0	0	0	0		0
Greg Joseph	PK	7	0	0	0	0	0	0	0	0	0	0	0	0	0	0	21;20;54	1
Trent Sherfield	WR	7	0	0	0	0	0	5	0	1	0	0	0	0	0	0		0
Godwin Igwebuike	RB	7	0	0	0	0	0	0	0	0	0	0	0	0	0	0		0
Brandon Powell	WR	7	0	0	0	5	0	64	0	4	0	0	0	0	0	0		0
Mark Andrews	TE	7	0	0	0	0	0	63	2	4	0	0	0	0	0	0		0
Christian Kirk	WR	7	0	0	0	0	0	90	1	6	0	0	1	0	0	0		0
Jason Sanders	PK	7	0	0	0	0	0	0	0	0	0	0	0	0	0	0	40	2
Lamar Jackson	QB	7	357	3	0	36	1	0	0	0	0	1	0	0	0	0		0
DJ Moore	WR	7	0	0	0	0	0	54	0	8	0	0	0	0	0	0		0
Mike Gesicki	TE	7	0	0	0	0	0	5	1	2	0	0	0	0	0	0		0
Calvin Ridley	WR	7	0	0	0	0	0	5	0	1	0	0	0	0	0	0		0
Royce Freeman	RB	7	0	0	0	66	0	0	0	0	0	0	0	0	0	0		0
Saquon Barkley	RB	7	0	0	0	77	0	41	1	3	0	1	0	0	0	0		0
KhaDarel Hodge	WR	7	0	0	0	0	0	19	0	1	0	0	0	0	0	0		0
Baker Mayfield	QB	7	275	1	1	32	0	0	0	0	0	0	0	0	0	0		0
Josh Allen	QB	7	265	2	1	17	1	0	0	0	0	1	0	1	0	0		0
Jakobi Meyers	WR	7	0	0	0	0	0	50	1	7	0	0	0	0	0	0		0
Alexander Mattison	RB	7	0	0	0	39	0	3	0	2	0	0	0	0	0	0		0
Justice Hill	RB	7	0	0	0	46	0	2	0	1	0	0	0	0	0	0		0
Foster Moreau	TE	7	0	0	0	0	0	33	0	3	0	0	0	0	0	0		0
Hunter Renfrow	WR	7	0	0	0	0	0	14	0	2	0	0	0	0	0	0		0
Mecole Hardman	WR	7	0	0	0	0	0	6	0	1	0	0	0	0	0	0		0
Cody Thompson	WR	7	0	0	0	0	0	0	0	0	0	0	0	0	0	0		0
Joey Slye	PK	7	0	0	0	0	0	0	0	0	0	0	0	0	0	0		1
Olamide Zaccheaus	WR	7	0	0	0	0	0	0	0	0	0	0	0	0	0	0		0
Deonte Harty	WR	7	0	0	0	0	0	10	0	1	0	0	0	0	0	0		0
Diontae Johnson	WR	7	0	0	0	0	0	79	0	5	0	0	0	0	0	0		0
T.J. Hockenson	TE	7	0	0	0	0	0	86	0	11	0	0	0	0	0	0		0
Josh Oliver	TE	7	0	0	0	0	0	6	0	2	0	0	0	0	0	0		0
Matt Gay	PK	7	0	0	0	0	0	0	0	0	0	0	0	0	0	0	27	5
Gardner Minshew	QB	7	305	2	1	29	2	0	0	0	3	0	0	0	0	0		0
Scott Miller	WR	7	0	0	0	0	0	46	0	1	0	0	0	0	0	0		0
Donald Parham	TE	7	0	0	0	0	0	9	0	1	0	0	0	0	0	0		0
Chase McLaughlin	PK	7	0	0	0	0	0	0	0	0	0	0	0	0	0	0	24;36	1
Greg Dortch	WR	7	0	0	0	0	0	0	0	0	0	0	0	0	0	0		0
Darius Slayton	WR	7	0	0	0	0	0	22	0	1	0	0	0	0	0	0		0
Ty Johnson	RB	7	0	0	0	0	0	0	0	0	0	0	0	0	0	0		0
Jesper Horsted	TE	7	0	0	0	0	0	4	0	1	0	0	0	0	0	0		0
Craig Reynolds	RB	7	0	0	0	16	0	9	0	1	0	0	0	0	0	0		0
Travis Homer	RB	7	0	0	0	0	0	0	0	0	0	0	0	0	0	0		0
Noah Fant	TE	7	0	0	0	0	0	25	0	1	0	0	0	0	0	0		0
Terry McLaurin	WR	7	0	0	0	0	0	90	0	6	0	0	0	0	0	0		0
Marquise Brown	WR	7	0	0	0	0	0	49	0	3	0	0	0	0	0	0		0
Darrell Henderson	RB	7	0	0	0	61	1	5	0	1	0	0	0	0	0	0		0
A.J. Brown	WR	7	0	0	0	0	0	137	1	10	0	0	0	0	0	0		0
Dawson Knox	TE	7	0	0	0	0	0	10	0	1	0	0	0	0	0	1		0
Josh Jacobs	RB	7	0	0	0	35	0	6	0	1	0	0	0	0	0	0		0
Jakob Johnson	RB	7	0	0	0	0	0	0	0	0	0	0	0	0	0	0		0
Trishton Jackson	WR	7	0	0	0	0	0	7	0	1	0	0	0	0	0	0		0
Tyler Huntley	QB	7	0	0	0	0	0	0	0	0	0	0	0	0	0	0		0
Salvon Ahmed	RB	7	0	0	0	3	0	0	0	1	0	0	0	0	0	0		0
Tyler Bass	PK	7	0	0	0	0	0	0	0	0	0	0	0	0	0	0	36	2
Isaiah Hodgins	WR	7	0	0	0	0	0	13	0	2	0	0	0	0	0	0		0
Gabe Davis	WR	7	0	0	0	0	0	6	0	1	0	0	0	0	0	0		0
Tua Tagovailoa	QB	7	216	1	1	-3	0	0	0	0	0	0	0	0	0	0		0
Jonathan Taylor	RB	7	0	0	0	75	1	45	0	3	0	0	0	0	0	0		0
Harrison Bryant	TE	7	0	0	0	0	0	0	0	0	0	0	0	0	0	0		0
Donovan Peoples-Jones	WR	7	0	0	0	0	0	22	0	2	0	0	0	0	0	0		0
Colby Parkinson	TE	7	0	0	0	0	0	26	0	2	0	0	0	0	0	0		0
Zack Moss	RB	7	0	0	0	57	0	5	0	1	0	0	0	0	0	0		0
Michael Pittman	WR	7	0	0	0	0	0	83	1	2	0	0	0	0	0	0		0
Jauan Jennings	WR	7	0	0	0	0	0	54	0	5	0	0	0	0	0	0		0
Brandon Aiyuk	WR	7	0	0	0	0	0	57	0	5	0	0	0	0	0	0		0
Jordan Love	QB	7	180	2	1	21	0	0	0	0	0	0	0	0	0	0		0
AJ Dillon	RB	7	0	0	0	61	0	34	0	2	0	0	0	0	0	0		0
D'Andre Swift	RB	7	0	0	0	62	0	13	0	3	0	0	0	0	0	0		0
Cole Kmet	TE	7	0	0	0	0	0	0	0	0	0	0	0	0	0	0		0
Darrynton Evans	RB	7	0	0	0	48	0	6	0	1	0	0	0	0	0	0		0
Darnell Mooney	WR	7	0	0	0	2	0	32	0	4	0	0	0	0	0	0		0
Chase Claypool	WR	7	0	0	0	0	0	0	0	0	0	0	0	0	0	0		0
Antonio Gibson	RB	7	0	0	0	7	0	24	0	2	0	0	0	0	0	0		0
Devin Duvernay	WR	7	0	0	0	0	0	0	0	0	0	0	0	0	0	0		0
Josiah Deguara	TE	7	0	0	0	0	0	0	0	0	0	0	0	0	0	0		0
K.J. Osborn	WR	7	0	0	0	0	0	47	0	5	0	0	0	0	0	0		0
Justin Herbert	QB	7	259	1	2	5	0	0	0	0	0	0	0	0	0	0		0
Clyde Edwards-Helaire	RB	7	0	0	0	5	0	0	0	0	0	0	0	0	0	0		0
Joshua Kelley	RB	7	0	0	0	75	1	0	0	0	0	0	0	0	0	0		0
Jalen Reagor	WR	7	0	0	0	0	0	11	0	1	0	0	0	0	0	0		0
Jalen Hurts	QB	7	279	2	1	21	1	0	0	0	1	0	0	0	0	0		0
Jerry Jeudy	WR	7	0	0	0	0	0	64	0	5	0	0	0	0	0	0		0
Cam Akers	RB	7	0	0	0	31	0	30	0	2	0	0	0	0	0	0		0
Van Jefferson	WR	7	0	0	0	0	0	5	0	1	0	0	0	0	0	0		0
Adam Trautman	TE	7	0	0	0	0	0	5	0	1	0	0	0	0	0	0		0
Brycen Hopkins	TE	7	0	0	0	0	0	5	0	1	0	0	0	0	0	0		0
DeeJay Dallas	RB	7	0	0	0	0	0	0	0	1	0	0	0	0	0	0		0
Charlie Woerner	TE	7	0	0	0	0	0	0	0	0	0	0	0	0	0	0		0
Ke'Shawn Vaughn	RB	7	0	0	0	7	0	0	0	0	0	0	0	0	0	0		0
Tim Jones	WR	7	0	0	0	0	0	17	0	2	0	0	0	0	0	0		0
Rashod Bateman	WR	7	0	0	0	0	0	36	0	2	0	0	0	0	0	0		0
Elijah Mitchell	RB	7	0	0	0	-1	0	0	0	0	0	0	0	0	0	0		0
Jaylen Waddle	WR	7	0	0	0	0	0	63	0	6	0	0	0	0	0	0		0
Dyami Brown	WR	7	0	0	0	0	0	0	0	0	0	0	0	0	0	0		0
John Bates	TE	7	0	0	0	0	0	0	0	0	0	0	0	0	0	0		0
Noah Gray	TE	7	0	0	0	0	0	8	0	1	0	0	0	0	0	0		0
Riley Patterson	PK	7	0	0	0	0	0	0	0	0	0	0	0	0	0	0		0
Austin Trammell	WR	7	0	0	0	0	0	0	0	0	0	0	0	0	0	0		0
Kene Nwangwu	RB	7	0	0	0	0	0	0	0	0	0	0	0	0	0	0		0
Tutu Atwell	WR	7	0	0	0	0	0	31	1	1	0	0	0	0	0	0		0
Rhamondre Stevenson	RB	7	0	0	0	34	0	51	0	6	0	0	0	0	0	0		0
Najee Harris	RB	7	0	0	0	53	1	15	0	3	0	0	0	0	0	0		0
DeVonta Smith	WR	7	0	0	0	0	0	49	0	4	0	0	0	0	0	0		0
Kadarius Toney	WR	7	0	0	0	0	0	13	0	1	0	0	0	0	0	0		0
Kenny Gainwell	RB	7	0	0	0	16	1	0	0	0	0	0	0	0	0	0		0
Rondale Moore	WR	7	0	0	0	24	0	2	0	2	0	0	0	0	0	0		0
Amon-Ra St. Brown	WR	7	0	0	0	0	0	102	0	13	0	0	0	0	0	0		0
Kyle Pitts	TE	7	0	0	0	0	0	47	0	3	0	0	0	0	0	0		0
Trevor Lawrence	QB	7	204	1	0	59	0	0	0	0	0	0	0	0	0	0		0
Mac Jones	QB	7	272	2	0	11	0	0	0	0	0	0	0	0	0	0		0
Travis Etienne	RB	7	0	0	0	53	2	24	0	3	0	0	0	0	0	0		0
Elijah Moore	WR	7	0	0	0	0	0	59	0	4	0	0	0	0	0	0		0
Josh Palmer	WR	7	0	0	0	0	0	133	0	5	0	0	0	0	0	0		0
Javonte Williams	RB	7	0	0	0	82	0	14	0	3	0	0	0	0	0	0		0
Sam Howell	QB	7	249	0	1	15	0	0	0	0	0	0	0	0	0	0		0
Samori Toure	WR	7	0	0	0	0	0	3	0	1	0	0	0	0	0	0		0
Isiah Pacheco	RB	7	0	0	0	32	0	28	1	4	0	0	0	0	0	0		0
Justyn Ross	WR	7	0	0	0	0	0	0	0	0	0	0	0	0	0	0		0
Cameron Dicker	PK	7	0	0	0	0	0	0	0	0	0	0	0	0	0	0	55	2
Jaylen Warren	RB	7	0	0	0	32	1	-1	0	1	0	0	0	0	0	0		0
Drake London	WR	7	0	0	0	0	0	54	0	6	0	0	0	0	0	0		0
Chris Olave	WR	7	0	0	0	0	0	57	0	7	0	0	0	0	0	0		0
Jameson Williams	WR	7	0	0	0	0	0	0	0	0	0	0	0	0	0	0		0
George Pickens	WR	7	0	0	0	0	0	107	0	5	0	0	0	0	0	0		0
James Cook	RB	7	0	0	0	56	0	46	1	3	0	0	0	0	0	0		0
Rachaad White	RB	7	0	0	0	34	0	65	0	6	0	0	0	0	0	0		0
Khalil Shakir	WR	7	0	0	0	0	0	35	0	4	0	0	0	0	0	0		0
Tyler Allgeier	RB	7	0	0	0	59	0	53	0	3	0	0	0	0	0	0		0
Jerome Ford	RB	7	0	0	0	74	1	20	0	2	0	0	0	0	0	0		0
Ty Chandler	RB	7	0	0	0	0	0	12	0	1	0	0	0	0	0	0		0
Andrew Ogletree	TE	7	0	0	0	0	0	0	0	0	0	0	0	0	0	0		0
Ko Kieft	TE	7	0	0	0	0	0	0	0	0	0	0	0	0	0	0		0
Stone Smartt	TE	7	0	0	0	0	0	5	0	1	0	0	0	0	0	0		0
Deven Thompkins	WR	7	0	0	0	0	0	14	0	3	0	0	1	0	0	0		0
Jordan Mason	RB	7	0	0	0	0	0	0	0	0	0	0	0	0	0	0		0
Rashid Shaheed	WR	7	0	0	0	4	0	28	0	4	0	0	0	0	0	0		0
Alec Pierce	WR	7	0	0	0	0	0	53	0	3	0	0	0	0	0	0		0
Jahan Dotson	WR	7	0	0	0	0	0	43	0	5	0	0	0	0	0	0		0
Trey McBride	TE	7	0	0	0	0	0	29	0	3	0	0	0	0	0	0		0
Velus Jones Jr.	WR	7	0	0	0	0	0	0	0	1	0	0	0	0	0	0		0
Brian Robinson	RB	7	0	0	0	23	1	0	0	0	0	0	0	0	0	0		0
Romeo Doubs	WR	7	0	0	0	0	0	30	1	2	0	0	0	0	0	0		0
Brock Purdy	QB	7	272	1	2	19	0	0	0	0	0	0	0	0	0	0		0
Calvin Austin III	WR	7	0	0	0	1	0	0	0	0	0	0	0	0	0	0		0
Zamir White	RB	7	0	0	0	2	0	26	0	3	0	0	0	0	0	0		0
Charlie Kolar	TE	7	0	0	0	0	0	0	0	0	0	0	0	0	0	0		0
Skyy Moore	WR	7	0	0	0	0	0	15	0	2	0	0	0	0	0	0		0
Pierre Strong	RB	7	0	0	0	25	0	0	0	0	0	0	0	0	0	0		0
Kenny Pickett	QB	7	230	0	0	0	1	0	0	0	0	0	0	0	0	0		0
Tyquan Thornton	WR	7	0	0	0	0	0	2	0	1	0	0	0	0	0	0		0
Wan'Dale Robinson	WR	7	0	0	0	0	0	22	0	1	0	0	0	0	0	0		0
Desmond Ridder	QB	7	250	0	0	38	1	0	0	0	1	2	0	0	0	0		0
Christian Watson	WR	7	0	0	0	0	0	27	0	3	0	0	0	0	0	0		0
Cade Otton	TE	7	0	0	0	0	0	43	0	5	0	0	0	0	0	0		0
Kenneth Walker III	RB	7	0	0	0	105	0	6	0	2	0	0	0	0	0	0		0
Dontayvion Wicks	WR	7	14	0	0	1	0	17	0	1	0	0	0	0	0	0		0
Will Mallory	TE	7	0	0	0	0	0	0	0	0	0	0	0	0	0	0		0
Eric Gray	RB	7	0	0	0	0	0	0	0	0	0	0	0	0	0	0		0
Anders Carlson	PK	7	0	0	0	0	0	0	0	0	0	0	0	0	0	0	29	2
Tyson Bagent	QB	7	162	1	0	24	0	0	0	0	0	0	0	0	0	0		0
Keaton Mitchell	RB	7	0	0	0	0	0	9	0	1	0	0	0	0	0	0		0
Bijan Robinson	RB	7	0	0	0	3	0	0	0	0	0	0	0	0	0	0		0
Jaxon Smith-Njigba	WR	7	0	0	0	0	0	63	1	4	0	0	0	0	0	0		0
Quentin Johnston	WR	7	0	0	0	0	0	20	0	1	0	0	0	0	0	0		0
Tank Bigsby	RB	7	0	0	0	2	0	0	0	0	0	0	0	0	0	0		0
Michael Wilson	WR	7	0	0	0	0	0	26	0	3	0	0	0	0	0	0		0
Jake Moody	PK	7	0	0	0	0	0	0	0	0	0	0	0	0	0	0	55	2
Tre Tucker	WR	7	0	0	0	2	0	16	0	2	0	0	0	0	0	0		0
Chad Ryland	PK	7	0	0	0	0	0	0	0	0	0	0	0	0	0	0	30;24;49	2
Derius Davis	WR	7	0	0	0	14	0	10	0	1	0	0	0	0	0	0		0
Aidan O'Connell	QB	7	75	1	1	0	0	0	0	0	0	0	0	0	0	0		0
Clayton Tune	QB	7	4	0	0	0	0	0	0	0	0	0	0	0	0	0		0
Chris Rodriguez Jr.	RB	7	0	0	0	31	0	0	0	0	0	0	0	0	0	0		0
DeMario Douglas	WR	7	0	0	0	20	0	54	0	4	0	0	0	0	0	0		0
Antoine Green	WR	7	0	0	0	0	0	0	0	0	0	0	0	0	0	0		0
Mohamed Ibrahim	RB	7	0	0	0	0	0	0	0	0	0	0	0	0	0	0		0
Emari Demercado	RB	7	0	0	0	58	0	17	0	4	0	0	0	0	0	0		0
Julian Hill	TE	7	0	0	0	0	0	0	0	0	0	0	0	0	0	0		0
Jake Bobo	WR	7	0	0	0	0	0	61	1	4	0	0	0	0	0	0		0
Nate Adkins	TE	7	0	0	0	0	0	3	0	1	0	0	0	0	0	0		0
Jaleel McLaughlin	RB	7	0	0	0	45	0	1	0	1	0	0	0	0	0	0		0
Emanuel Wilson	RB	7	0	0	0	19	0	8	0	2	0	0	0	0	0	0		0
Ben Sims	TE	7	0	0	0	0	0	2	0	1	0	0	0	0	0	0		0
Rakim Jarrett	WR	7	0	0	0	0	0	0	0	0	0	0	0	0	0	0		0
Blake Grupe	PK	7	0	0	0	0	0	0	0	0	0	0	0	0	0	0	23;35;42	1
Dalton Kincaid	TE	7	0	0	0	0	0	75	0	8	0	0	0	0	0	0		0
Jalin Hyatt	WR	7	0	0	0	0	0	75	0	2	0	0	0	0	0	0		0
Tyler Scott	WR	7	0	0	0	14	0	19	0	2	0	0	0	0	0	0		0
Marvin Mims Jr.	WR	7	0	0	0	-11	0	0	0	0	0	0	0	0	0	0		0
Jordan Addison	WR	7	0	0	0	0	0	123	2	7	0	0	0	0	0	0		0
Tucker Kraft	TE	7	0	0	0	0	0	0	0	0	0	0	0	0	0	0		0
Josh Downs	WR	7	0	0	0	0	0	125	1	5	0	0	0	0	0	0		0
Elijah Higgins	TE	7	0	0	0	0	0	0	0	1	0	0	0	0	0	0		0
Payne Durham	TE	7	0	0	0	0	0	0	0	0	0	0	0	0	0	0		0
Trey Palmer	WR	7	0	0	0	0	0	5	0	1	0	0	0	0	0	0		0
Zay Flowers	WR	7	0	0	0	0	0	75	0	4	0	0	0	0	0	0		0
Sam LaPorta	TE	7	0	0	0	0	0	52	0	6	0	0	0	0	0	0		0
Michael Mayer	TE	7	0	0	0	0	0	13	0	2	0	0	0	0	0	0		0
Rashee Rice	WR	7	0	0	0	0	0	60	1	5	0	0	0	0	0	0		0
Puka Nacua	WR	7	0	0	0	0	0	154	0	8	0	0	0	0	0	0		0
Jahmyr Gibbs	RB	7	0	0	0	68	1	58	0	9	0	0	0	0	0	0		0
Luke Musgrave	TE	7	0	0	0	0	0	30	0	4	0	0	0	0	0	0		0
Jayden Reed	WR	7	0	0	0	0	0	21	1	3	0	0	0	0	0	0		0
Matt Prater	PK	8	0	0	0	0	0	0	0	0	0	0	0	0	0	0	47	1
Marcedes Lewis	TE	8	0	0	0	0	0	0	0	0	0	0	0	0	0	0		0
Nick Folk	PK	8	0	0	0	0	0	0	0	0	0	0	0	0	0	0		4
Matthew Stafford	QB	8	162	1	1	9	0	0	0	0	0	0	0	0	0	1		0
Graham Gano	PK	8	0	0	0	0	0	0	0	0	0	0	0	0	0	0	31	1
Julio Jones	WR	8	0	0	0	0	0	8	1	1	0	0	0	0	0	0		0
Tyrod Taylor	QB	8	8	0	0	33	0	0	0	0	0	0	0	0	0	0		0
Russell Wilson	QB	8	114	3	0	30	0	0	0	0	1	0	0	0	0	0		0
Justin Tucker	PK	8	0	0	0	0	0	0	0	0	0	0	0	0	0	0	48	4
Kirk Cousins	QB	8	274	2	0	9	0	0	0	0	0	0	0	0	0	0		0
Greg Zuerlein	PK	8	0	0	0	0	0	0	0	0	0	0	0	0	0	0	35;33	1
Brandon McManus	PK	8	0	0	0	0	0	0	0	0	0	0	0	0	0	0	50;51;38;37	0
Adam Thielen	WR	8	0	0	0	0	0	72	0	8	0	0	0	0	0	0		0
Marquise Goodwin	WR	8	0	0	0	-5	0	0	0	0	0	0	0	0	0	0		0
Dustin Hopkins	PK	8	0	0	0	0	0	0	0	0	0	0	0	0	0	0	25;27	2
Keenan Allen	WR	8	0	0	0	0	0	69	0	8	0	0	0	0	0	0		0
Travis Kelce	TE	8	0	0	0	0	0	58	0	6	0	0	0	0	0	0		0
Latavius Murray	RB	8	0	0	0	7	0	4	0	1	0	0	0	0	0	0		0
DeAndre Hopkins	WR	8	0	0	0	0	0	128	3	4	0	0	0	0	0	0		0
Geno Smith	QB	8	254	2	2	-3	0	0	0	0	0	0	0	0	0	0		0
Cordarrelle Patterson	RB	8	0	0	0	7	0	0	0	0	0	0	0	0	0	0		0
Damien Williams	RB	8	0	0	0	5	0	4	0	1	0	0	0	0	0	0		0
Chris Boswell	PK	8	0	0	0	0	0	0	0	0	0	0	0	0	0	0	22	1
Cairo Santos	PK	8	0	0	0	0	0	0	0	0	0	0	0	0	0	0		1
Odell Beckham Jr.	WR	8	0	0	0	0	0	0	0	0	0	0	0	0	0	0		0
Brandin Cooks	WR	8	0	0	0	3	0	49	1	3	0	0	0	0	0	0		0
Logan Thomas	TE	8	0	0	0	0	0	44	1	6	0	0	0	0	0	0		0
Derek Carr	QB	8	310	2	0	-1	0	0	0	0	1	0	0	0	0	0		0
Jimmy Garoppolo	QB	8	126	0	1	12	0	0	0	0	0	0	0	0	0	0		0
Jerick McKinnon	RB	8	0	0	0	-2	0	10	0	1	0	0	0	0	0	0		0
Davante Adams	WR	8	0	0	0	0	0	11	0	1	0	0	0	0	0	0		0
Mike Evans	WR	8	0	0	0	0	0	39	1	3	0	0	0	0	0	0		0
Allen Robinson	WR	8	0	0	0	0	0	0	0	0	0	0	0	0	0	0		0
Jason Myers	PK	8	0	0	0	0	0	0	0	0	0	0	0	0	0	0	32	3
Amari Cooper	WR	8	0	0	0	0	0	89	0	6	0	0	0	0	0	0		0
DeVante Parker	WR	8	0	0	0	0	0	14	0	1	0	0	0	0	0	0		0
Nelson Agholor	WR	8	0	0	0	0	0	0	0	0	0	0	0	0	0	0		0
MyCole Pruitt	TE	8	0	0	0	0	0	3	0	1	0	0	0	0	0	0		0
Stefon Diggs	WR	8	0	0	0	0	0	70	0	9	0	0	0	0	0	0		0
Darren Waller	TE	8	0	0	0	0	0	4	0	1	0	0	0	0	0	0		0
Raheem Mostert	RB	8	0	0	0	46	1	0	0	0	0	0	0	0	0	0		0
DeAndre Carter	WR	8	0	0	0	0	0	0	0	0	0	0	0	0	0	0		0
Taylor Heinicke	QB	8	175	1	0	14	0	0	0	0	0	0	0	0	0	0		0
Jamison Crowder	WR	8	0	0	0	0	0	95	1	7	0	0	0	0	0	0		0
Blake Bell	TE	8	0	0	0	0	0	0	0	0	0	0	0	0	0	0		0
Ameer Abdullah	RB	8	0	0	0	7	0	12	0	1	0	0	0	0	0	0		0
C.J. Uzomah	TE	8	0	0	0	0	0	19	0	1	0	0	0	0	0	0		0
Ty Montgomery	WR	8	0	0	0	0	0	0	0	0	0	0	0	0	0	0		0
Tyler Lockett	WR	8	0	0	0	0	0	81	1	8	0	0	0	0	0	0		0
Austin Hooper	TE	8	0	0	0	0	0	19	0	2	0	0	0	0	0	0		0
Kalif Raymond	WR	8	0	0	0	-2	0	24	0	2	0	0	0	0	0	0		0
Wil Lutz	PK	8	0	0	0	0	0	0	0	0	0	0	0	0	0	0	28	3
Ka'imi Fairbairn	PK	8	0	0	0	0	0	0	0	0	0	0	0	0	0	0		1
Derrick Henry	RB	8	0	0	0	101	0	21	0	4	0	0	0	0	0	0		0
Michael Thomas	WR	8	0	0	0	0	0	68	0	4	0	0	0	0	0	0		0
Tyler Boyd	WR	8	0	0	0	6	0	40	1	3	0	0	0	0	0	0		0
Tyreek Hill	WR	8	0	0	0	0	0	112	1	8	0	0	0	0	0	0		0
Ezekiel Elliott	RB	8	0	0	0	36	0	0	0	0	0	0	0	0	0	0		0
Dak Prescott	QB	8	304	4	1	19	0	0	0	0	0	0	0	0	0	0		0
Hunter Henry	TE	8	0	0	0	0	0	28	0	3	0	0	0	0	0	0		0
Jared Goff	QB	8	272	1	1	-2	0	0	0	0	0	0	0	0	0	0		0
Tyler Higbee	TE	8	0	0	0	0	0	45	0	5	0	0	0	0	0	0		0
Mo Alie-Cox	TE	8	0	0	0	0	0	11	0	1	0	0	0	0	0	0		0
Johnny Mundt	TE	8	0	0	0	0	0	8	0	1	0	0	0	0	0	0		0
Zach Pascal	WR	8	0	0	0	0	0	0	0	0	0	0	0	0	0	0		0
PJ Walker	QB	8	248	1	2	27	0	0	0	0	1	0	0	0	0	0		0
Christian McCaffrey	RB	8	0	0	0	54	1	64	1	6	0	0	0	0	0	0		0
Curtis Samuel	WR	8	0	0	0	0	0	22	0	4	0	0	0	0	0	0		0
George Kittle	TE	8	0	0	0	0	0	149	0	9	0	0	0	0	0	0		0
Trent Taylor	WR	8	0	0	0	-2	0	0	0	0	0	0	0	0	0	0		0
Aaron Jones	RB	8	0	0	0	29	0	17	0	4	0	0	0	0	0	0		0
Alex Armah	RB	8	0	0	0	0	0	0	0	1	0	0	0	0	0	0		0
Harrison Butker	PK	8	0	0	0	0	0	0	0	0	0	0	0	0	0	0	23;34;56	0
Kendrick Bourne	WR	8	0	0	0	0	0	36	1	3	0	0	0	0	0	0		0
Matt Breida	RB	8	0	0	0	13	0	4	0	1	0	0	0	0	0	0		0
Taysom Hill	TE	8	44	0	0	63	2	14	0	1	0	0	0	0	0	0		0
Pharaoh Brown	TE	8	0	0	0	0	0	33	0	2	0	0	0	0	0	0		0
Isaiah McKenzie	WR	8	0	0	0	0	0	0	0	0	0	0	0	0	0	0		0
Samaje Perine	RB	8	0	0	0	5	0	16	0	2	0	0	0	0	0	0		0
Mack Hollins	WR	8	0	0	0	0	0	27	0	2	0	0	0	0	0	0		0
Jamal Agnew	WR	8	0	0	0	0	0	0	0	0	0	0	0	0	0	0		0
Noah Brown	WR	8	0	0	0	0	0	57	0	3	0	0	0	0	0	0		0
Cooper Rush	QB	8	3	0	0	-3	0	0	0	0	0	0	0	0	0	0		0
Austin Ekeler	RB	8	0	0	0	29	0	94	1	7	0	0	1	0	0	0		0
Younghoe Koo	PK	8	0	0	0	0	0	0	0	0	0	0	0	0	0	0	29;49;39	2
Robert Tonyan	TE	8	0	0	0	0	0	8	0	1	0	0	0	0	0	0		0
Jake Elliott	PK	8	0	0	0	0	0	0	0	0	0	0	0	0	0	0	51	5
JuJu Smith-Schuster	WR	8	0	0	0	0	0	3	1	1	0	0	0	0	0	0		0
Jonnu Smith	TE	8	0	0	0	0	0	13	0	1	0	0	0	0	0	0		0
Mitchell Trubisky	QB	8	138	1	2	18	0	0	0	0	0	0	0	0	0	0		0
Patrick Mahomes	QB	8	240	0	2	20	0	0	0	0	1	0	0	0	0	0		0
Evan Engram	TE	8	0	0	0	0	0	88	0	10	0	0	1	0	0	0		0
David Njoku	TE	8	0	0	0	0	0	77	1	4	0	0	0	0	0	0		0
Dalvin Cook	RB	8	0	0	0	5	0	0	0	0	0	0	0	0	0	0		0
Joe Mixon	RB	8	0	0	0	87	1	23	0	3	0	0	0	0	0	0		0
Alvin Kamara	RB	8	0	0	0	59	1	51	1	4	0	0	0	0	0	0		0
Cooper Kupp	WR	8	0	0	0	0	0	21	0	4	0	0	0	0	0	0		0
Chris Godwin Jr.	WR	8	0	0	0	14	0	54	1	5	0	0	0	0	0	0		0
Kareem Hunt	RB	8	0	0	0	55	1	12	0	1	0	0	0	0	0	0		0
D'Onta Foreman	RB	8	0	0	0	34	0	2	0	1	0	0	0	0	0	0		0
Josh Reynolds	WR	8	0	0	0	0	0	13	0	1	0	0	1	0	0	0		0
Jamaal Williams	RB	8	0	0	0	30	0	8	0	1	0	0	0	0	0	0		0
Joshua Dobbs	QB	8	208	2	2	26	1	0	0	0	0	0	0	0	1	0		0
Jeff Wilson	RB	8	0	0	0	23	0	14	0	2	0	0	0	0	0	0		0
Will Dissly	TE	8	0	0	0	0	0	0	0	0	0	0	0	0	0	0		0
Daniel Carlson	PK	8	0	0	0	0	0	0	0	0	0	0	0	0	0	0		2
Eddy Pineiro	PK	8	0	0	0	0	0	0	0	0	0	0	0	0	0	0	46;37;23	0
Gus Edwards	RB	8	0	0	0	80	3	14	0	2	0	0	0	0	0	0		0
Kevin Rader	TE	8	0	0	0	0	0	0	0	0	0	0	0	0	0	0		0
Mike Boone	RB	8	0	0	0	5	0	11	0	1	0	0	0	0	0	0		0
Tyler Conklin	TE	8	0	0	0	0	0	0	0	0	0	0	0	0	0	0		0
Marquez Valdes-Scantling	WR	8	0	0	0	0	0	27	0	2	0	0	1	0	0	0		0
Byron Pringle	WR	8	0	0	0	0	0	0	0	0	0	0	0	0	0	0		0
Courtland Sutton	WR	8	0	0	0	0	0	29	1	2	0	0	0	0	0	0		0
Dallas Goedert	TE	8	0	0	0	0	0	36	0	4	0	0	0	0	0	0		0
Jordan Akins	TE	8	0	0	0	0	0	6	0	1	0	0	0	0	0	0		0
Dalton Schultz	TE	8	0	0	0	0	0	5	0	2	0	0	0	0	0	0		0
Justin Watson	WR	8	0	0	0	0	0	42	0	2	0	0	0	0	0	0		0
Ray-Ray McCloud	WR	8	0	0	0	0	0	43	0	2	0	0	0	0	0	0		0
Boston Scott	RB	8	0	0	0	0	0	4	0	1	0	0	0	0	0	0		0
Cedrick Wilson Jr.	WR	8	0	0	0	0	0	1	1	1	0	0	0	0	0	0		0
Braxton Berrios	WR	8	0	0	0	0	0	8	0	2	0	0	0	0	0	0		0
Greg Joseph	PK	8	0	0	0	0	0	0	0	0	0	0	0	0	0	0	25	3
Trent Sherfield	WR	8	0	0	0	0	0	0	0	0	0	0	0	0	0	0		0
Allen Lazard	WR	8	0	0	0	0	0	45	0	3	0	0	0	0	0	0		0
Godwin Igwebuike	RB	8	0	0	0	0	0	0	0	0	0	0	0	0	0	0		0
Brandon Powell	WR	8	0	0	0	2	0	10	0	1	0	0	0	0	0	0		0
Chase Edmonds	RB	8	0	0	0	5	0	16	0	2	0	0	0	0	0	0		0
Mark Andrews	TE	8	0	0	0	0	0	40	1	4	0	0	0	0	0	0		0
Michael Gallup	WR	8	0	0	0	0	0	20	0	2	0	0	0	0	0	0		0
Christian Kirk	WR	8	0	0	0	0	0	46	0	4	0	0	0	0	0	0		0
DJ Chark	WR	8	0	0	0	0	0	23	0	2	0	0	0	0	0	0		0
Jason Sanders	PK	8	0	0	0	0	0	0	0	0	0	0	0	0	0	0	30	4
Lamar Jackson	QB	8	157	1	0	17	0	0	0	0	0	0	0	0	0	0		0
Durham Smythe	TE	8	0	0	0	0	0	28	0	3	0	0	0	0	0	0		0
DJ Moore	WR	8	0	0	0	0	0	55	0	4	0	0	0	0	0	0		0
Mike Gesicki	TE	8	0	0	0	0	0	11	0	2	0	0	0	0	0	0		0
Hayden Hurst	TE	8	0	0	0	0	0	0	0	0	0	0	0	0	0	0		0
Calvin Ridley	WR	8	0	0	0	0	0	83	0	6	0	0	0	0	0	0		0
Royce Freeman	RB	8	0	0	0	44	1	0	0	0	0	0	0	0	0	0		0
Saquon Barkley	RB	8	0	0	0	128	0	0	0	3	0	0	0	0	0	0		0
KhaDarel Hodge	WR	8	0	0	0	0	0	75	0	3	0	0	0	0	0	0		0
Baker Mayfield	QB	8	237	2	0	19	0	0	0	0	0	0	0	1	0	0		0
Josh Allen	QB	8	324	2	1	41	1	0	0	0	0	0	0	0	0	0		0
Brett Rypien	QB	8	42	0	0	0	0	0	0	0	0	0	0	0	0	0		0
Jakobi Meyers	WR	8	0	0	0	0	0	19	0	1	0	0	0	0	0	0		0
Irv Smith	TE	8	0	0	0	0	0	25	0	4	0	0	1	0	0	0		0
Alexander Mattison	RB	8	0	0	0	31	0	2	0	1	0	0	0	0	0	0		0
Justice Hill	RB	8	0	0	0	15	0	40	0	4	0	0	0	0	0	0		0
Hunter Renfrow	WR	8	0	0	0	0	0	19	0	2	0	0	0	0	0	0		0
Mecole Hardman	WR	8	0	0	0	3	0	13	0	2	0	0	0	0	0	0		0
Joey Slye	PK	8	0	0	0	0	0	0	0	0	0	0	0	0	0	0	61	4
Olamide Zaccheaus	WR	8	0	0	0	0	0	5	0	1	0	0	0	0	0	0		0
Deonte Harty	WR	8	0	0	0	0	0	0	0	0	0	0	0	0	0	0		0
Diontae Johnson	WR	8	0	0	0	0	0	85	0	8	0	0	0	0	0	0		0
T.J. Hockenson	TE	8	0	0	0	0	0	88	1	6	0	0	0	0	0	0		0
Miles Sanders	RB	8	0	0	0	0	0	0	0	0	0	0	0	0	0	0		0
Devin Singletary	RB	8	0	0	0	30	0	13	0	2	0	0	0	0	0	0		0
Tony Pollard	RB	8	0	0	0	53	0	2	0	1	0	0	0	0	0	0		0
Matt Gay	PK	8	0	0	0	0	0	0	0	0	0	0	0	0	0	0	20;42	3
Gardner Minshew	QB	8	213	2	1	3	0	0	0	0	0	0	0	0	0	0		0
Trayveon Williams	RB	8	0	0	0	6	0	0	0	0	0	0	0	0	0	0		0
Scott Miller	WR	8	0	0	0	0	0	14	1	2	0	0	0	0	0	0		0
Donald Parham	TE	8	0	0	0	0	0	43	1	4	0	0	0	0	0	0		0
Trenton Irwin	WR	8	0	0	0	0	0	24	0	2	0	0	0	0	0	0		0
Chase McLaughlin	PK	8	0	0	0	0	0	0	0	0	0	0	0	0	0	0	57	1
Darius Slayton	WR	8	0	0	0	0	0	-1	0	1	0	0	0	0	0	0		0
Craig Reynolds	RB	8	0	0	0	74	0	12	0	1	0	1	0	0	0	0		0
Juwann Winfree	WR	8	0	0	0	0	0	0	0	0	0	0	0	0	0	0		0
D'Ernest Johnson	RB	8	0	0	0	8	0	0	0	0	0	0	0	0	0	0		0
Drew Sample	TE	8	0	0	0	0	0	0	0	0	0	0	0	0	0	0		0
Parris Campbell	WR	8	0	0	0	0	0	0	0	0	0	0	0	0	0	0		0
DK Metcalf	WR	8	0	0	0	0	0	67	0	5	0	0	0	0	0	0		0
Noah Fant	TE	8	0	0	0	0	0	32	0	2	0	0	0	0	0	0		0
Gunner Olszewski	WR	8	0	0	0	0	0	0	0	0	0	0	0	0	0	0		0
Terry McLaurin	WR	8	0	0	0	0	0	63	1	5	0	0	0	0	0	0		0
Marquise Brown	WR	8	0	0	0	0	0	33	1	6	0	0	0	0	0	0		0
Darrell Henderson	RB	8	0	0	0	31	0	54	0	3	0	0	0	0	0	0		0
A.J. Brown	WR	8	0	0	0	0	0	130	2	8	0	0	0	0	0	0		0
Josh Jacobs	RB	8	0	0	0	61	1	27	0	2	0	0	0	0	0	0		0
Miles Boykin	WR	8	0	0	0	0	0	0	0	0	0	0	0	0	0	0		0
Jakob Johnson	RB	8	0	0	0	0	0	0	0	0	0	0	0	0	0	0		0
Andre Baccellia	WR	8	0	0	0	0	0	0	0	0	0	0	0	0	0	0		0
Salvon Ahmed	RB	8	0	0	0	1	0	16	0	4	0	0	0	0	0	0		0
Sean McKeon	TE	8	0	0	0	0	0	0	0	0	0	0	0	0	0	0		0
Juwan Johnson	TE	8	0	0	0	0	0	5	0	1	0	0	0	0	0	0		0
Rico Dowdle	RB	8	0	0	0	18	0	7	0	2	0	0	0	0	0	0		0
Tyler Bass	PK	8	0	0	0	0	0	0	0	0	0	0	0	0	0	0	37	3
Nick Westbrook-Ikhine	WR	8	0	0	0	0	0	33	1	1	0	0	0	0	0	0		0
Gabe Davis	WR	8	0	0	0	0	0	87	1	9	0	0	0	0	0	0		0
Tua Tagovailoa	QB	8	324	3	1	8	0	0	0	0	0	1	0	0	0	0		0
Jonathan Taylor	RB	8	0	0	0	95	0	2	0	1	0	0	0	0	0	0		0
Harrison Bryant	TE	8	0	0	0	0	0	0	0	0	0	0	0	0	0	0		0
Donovan Peoples-Jones	WR	8	0	0	0	0	0	0	0	0	0	0	0	0	0	0		0
Zack Moss	RB	8	0	0	0	66	1	8	0	1	0	0	0	0	0	0		0
Michael Pittman	WR	8	0	0	0	0	0	40	1	8	0	0	0	0	0	0		0
Jauan Jennings	WR	8	0	0	0	0	0	0	0	0	0	0	0	0	0	0		0
Brandon Aiyuk	WR	8	0	0	0	0	0	109	0	5	0	0	0	0	0	0		0
Jordan Love	QB	8	229	1	1	34	0	0	0	0	0	0	0	0	0	0		0
AJ Dillon	RB	8	0	0	0	11	0	41	0	5	0	0	0	0	0	0		0
D'Andre Swift	RB	8	0	0	0	57	1	7	0	2	0	0	0	0	0	0		0
Cole Kmet	TE	8	0	0	0	0	0	79	0	10	0	0	0	0	0	0		0
Darrynton Evans	RB	8	0	0	0	18	1	22	0	3	0	0	0	0	0	0		0
Darnell Mooney	WR	8	0	0	0	3	0	41	0	1	0	0	0	0	0	0		0
Chase Claypool	WR	8	0	0	0	0	0	15	0	1	0	0	0	0	0	0		0
Antonio Gibson	RB	8	0	0	0	14	0	28	0	5	0	0	0	0	0	0		0
Devin Duvernay	WR	8	0	0	0	0	0	0	0	0	0	0	0	0	0	0		0
K.J. Osborn	WR	8	0	0	0	0	0	99	0	8	0	0	0	0	0	0		0
Justin Herbert	QB	8	298	3	0	1	0	0	0	0	0	0	0	0	0	0		0
CeeDee Lamb	WR	8	0	0	0	12	0	158	2	12	0	0	0	0	0	0		0
Clyde Edwards-Helaire	RB	8	0	0	0	4	0	0	0	0	0	0	0	0	0	0		0
Joshua Kelley	RB	8	0	0	0	21	0	0	0	0	0	0	0	0	0	0		0
Jalen Reagor	WR	8	0	0	0	0	0	0	0	0	0	0	0	0	0	0		0
Jalen Hurts	QB	8	319	4	0	6	0	0	0	0	0	1	0	0	0	0		0
Jerry Jeudy	WR	8	0	0	0	0	0	50	1	2	0	0	0	0	0	0		0
Tee Higgins	WR	8	0	0	0	0	0	69	0	5	0	0	0	0	0	0		0
Cam Akers	RB	8	0	0	0	19	1	6	0	1	0	0	0	0	0	0		0
Van Jefferson	WR	8	0	0	0	0	0	24	0	3	0	0	0	0	0	0		0
DeeJay Dallas	RB	8	0	0	0	0	0	0	0	0	0	0	0	0	0	0		0
Charlie Woerner	TE	8	0	0	0	0	0	0	0	0	0	0	0	0	0	0		0
Stephen Sullivan	TE	8	0	0	0	0	0	13	0	1	0	0	0	0	0	0		0
Joe Burrow	QB	8	283	3	0	43	0	0	0	0	0	0	0	0	0	0		0
Ke'Shawn Vaughn	RB	8	0	0	0	1	0	0	0	0	0	0	0	0	0	0		0
DJ Turner	WR	8	0	0	0	0	0	0	0	0	0	0	0	0	0	0		0
Rashod Bateman	WR	8	0	0	0	18	0	34	0	2	0	0	0	0	0	0		0
Nico Collins	WR	8	0	0	0	0	0	30	0	4	0	0	0	0	0	0		0
Chuba Hubbard	RB	8	0	0	0	28	0	26	0	2	0	0	0	0	0	0		0
Elijah Mitchell	RB	8	0	0	0	2	0	0	0	0	0	0	0	0	0	0		0
Jaylen Waddle	WR	8	0	0	0	0	0	121	1	7	0	0	0	0	0	0		0
Dee Eskridge	WR	8	0	0	0	-5	0	0	0	0	0	0	0	0	0	0		0
Dyami Brown	WR	8	0	0	0	0	0	0	0	0	0	0	0	0	0	0		0
John Bates	TE	8	0	0	0	0	0	17	0	1	0	0	0	0	0	0		0
Ihmir Smith-Marsette	WR	8	0	0	0	0	0	0	0	0	0	0	0	0	0	0		0
Noah Gray	TE	8	0	0	0	0	0	25	0	2	0	0	0	0	0	0		0
Simi Fehoko	WR	8	0	0	0	0	0	9	1	1	0	0	0	0	0	0		0
Brock Wright	TE	8	0	0	0	0	0	5	0	1	0	0	0	0	0	0		0
Riley Patterson	PK	8	0	0	0	0	0	0	0	0	0	0	0	0	0	0	44;31;33;52	2
Austin Trammell	WR	8	0	0	0	0	0	0	0	0	0	0	0	0	0	0		0
Tutu Atwell	WR	8	0	0	0	8	0	21	0	2	0	0	0	1	0	0		0
Evan McPherson	PK	8	0	0	0	0	0	0	0	0	0	0	0	0	0	0	56	4
Ben Skowronek	WR	8	0	0	0	0	0	20	1	1	0	0	0	0	0	0		0
Rhamondre Stevenson	RB	8	0	0	0	39	0	11	0	2	0	0	0	0	0	0		0
Luke Farrell	TE	8	0	0	0	0	0	5	0	1	0	0	0	0	0	0		0
Najee Harris	RB	8	0	0	0	13	0	42	0	5	0	0	0	0	0	0		0
Ja'Marr Chase	WR	8	0	0	0	-8	0	100	1	10	0	0	0	0	0	0		0
DeVonta Smith	WR	8	0	0	0	0	0	99	1	7	0	0	0	0	0	0		0
Kadarius Toney	WR	8	0	0	0	-3	0	4	0	1	0	0	0	0	0	0		0
Kenny Gainwell	RB	8	0	0	0	-4	0	30	0	5	0	1	0	0	0	0		0
Michael Carter	RB	8	0	0	0	2	0	0	0	0	0	0	0	0	0	0		0
Rondale Moore	WR	8	0	0	0	11	0	10	0	2	0	0	0	0	0	0		0
Terrace Marshall Jr.	WR	8	0	0	0	0	0	9	0	1	0	0	0	0	0	0		0
Amon-Ra St. Brown	WR	8	0	0	0	0	0	108	0	6	0	0	0	0	0	0		0
Kyle Pitts	TE	8	0	0	0	0	0	35	0	3	0	0	0	0	0	0		0
Trevor Lawrence	QB	8	292	1	1	10	0	0	0	0	0	0	0	0	0	0		0
Mac Jones	QB	8	161	2	1	-2	0	0	0	0	0	0	0	0	0	0		0
Travis Etienne	RB	8	0	0	0	79	0	70	1	3	0	0	0	0	1	0		0
Elijah Moore	WR	8	0	0	0	0	0	30	0	2	0	0	0	0	0	0		0
Josh Palmer	WR	8	0	0	0	0	0	24	0	3	0	0	0	0	0	0		0
Javonte Williams	RB	8	0	0	0	85	0	13	1	3	0	0	0	0	0	0		0
Tommy Tremble	TE	8	0	0	0	0	0	4	1	2	0	0	0	0	0	0		0
Zach Wilson	QB	8	240	1	0	25	0	0	0	0	1	1	0	0	0	0		0
Sam Howell	QB	8	397	4	1	11	0	0	0	0	0	0	0	0	0	0		0
Grant Calcaterra	TE	8	0	0	0	0	0	0	0	0	0	0	0	0	0	0		0
Britain Covey	WR	8	0	0	0	0	0	0	0	0	0	0	0	0	0	0		0
Isiah Pacheco	RB	8	0	0	0	40	0	-3	0	3	0	0	0	0	0	0		0
Cameron Dicker	PK	8	0	0	0	0	0	0	0	0	0	0	0	0	0	0	43;53;46	3
Jaylen Warren	RB	8	0	0	0	19	0	19	0	4	0	0	0	0	0	0		0
Drake London	WR	8	0	0	0	0	0	55	0	5	0	0	0	0	0	0		0
Chris Olave	WR	8	0	0	0	0	0	46	0	5	0	0	0	0	0	0		0
Jameson Williams	WR	8	0	0	0	0	0	16	0	2	0	0	0	0	0	0		0
George Pickens	WR	8	0	0	0	0	0	22	1	1	0	0	0	0	0	0		0
James Cook	RB	8	0	0	0	67	0	6	0	1	0	0	0	0	0	0		0
Rachaad White	RB	8	0	0	0	39	0	70	0	7	0	0	0	0	0	0		0
Dameon Pierce	RB	8	0	0	0	46	0	0	0	0	0	0	0	0	0	0		0
Khalil Shakir	WR	8	0	0	0	0	0	92	0	6	0	0	0	0	0	0		0
Tyler Allgeier	RB	8	0	0	0	31	0	0	0	0	0	0	0	0	0	0		0
Jerome Ford	RB	8	0	0	0	37	0	2	0	1	0	0	0	0	0	0		0
Kyle Philips	WR	8	0	0	0	0	0	24	0	3	0	0	0	0	0	0		0
Ty Chandler	RB	8	0	0	0	0	0	0	0	0	0	0	0	0	0	0		0
Andrew Ogletree	TE	8	0	0	0	0	0	33	1	1	0	0	0	0	0	0		0
Keaontay Ingram	RB	8	0	0	0	9	0	7	0	1	0	0	0	0	0	0		0
John FitzPatrick	TE	8	0	0	0	0	0	0	0	0	0	0	0	0	0	0		0
Ko Kieft	TE	8	0	0	0	0	0	0	0	0	0	0	0	0	0	0		0
Jashaun Corbin	RB	8	0	0	0	0	0	0	0	0	0	0	0	0	0	0		0
Raheem Blackshear	RB	8	0	0	0	5	0	26	0	2	0	0	0	0	0	0		0
Rod Williams	TE	8	0	0	0	0	0	0	0	0	0	0	0	0	0	0		0
Deven Thompkins	WR	8	0	0	0	0	0	0	0	0	0	0	0	0	0	0		0
Jordan Mason	RB	8	0	0	0	0	0	0	0	0	0	0	0	0	0	0		0
Rashid Shaheed	WR	8	0	0	0	0	0	153	1	3	0	0	0	0	0	0		0
Alec Pierce	WR	8	0	0	0	0	0	41	0	3	0	0	0	0	0	0		0
Jalen Tolbert	WR	8	0	0	0	0	0	0	0	0	0	0	0	0	0	0		0
Brandon Aubrey	PK	8	0	0	0	0	0	0	0	0	0	0	0	0	0	0	58;27	5
Garrett Wilson	WR	8	0	0	0	6	0	100	0	7	0	0	0	0	0	0		0
Jahan Dotson	WR	8	0	0	0	0	0	108	1	8	0	0	0	0	0	0		0
Treylon Burks	WR	8	0	0	0	0	0	0	0	0	0	0	0	0	0	0		0
Trey McBride	TE	8	0	0	0	0	0	95	1	10	0	0	0	0	0	0		0
Velus Jones Jr.	WR	8	0	0	0	0	0	4	0	1	0	0	0	0	0	0		0
Brian Robinson	RB	8	0	0	0	59	0	20	0	2	0	0	0	0	0	0		0
KaVontae Turpin	WR	8	0	0	0	0	0	13	0	1	0	0	0	0	0	0		0
Jeremy Ruckert	TE	8	0	0	0	0	0	0	0	0	0	0	0	0	0	0		0
Chig Okonkwo	TE	8	0	0	0	4	0	23	0	4	0	0	0	0	0	0		0
Romeo Doubs	WR	8	0	0	0	0	0	18	1	4	0	0	0	0	0	0		0
Brock Purdy	QB	8	365	1	2	57	0	0	0	0	1	0	0	0	0	0		0
Calvin Austin III	WR	8	0	0	0	10	0	19	0	2	0	0	0	0	0	0		0
Isaiah Likely	TE	8	0	0	0	0	0	10	0	1	0	0	0	0	0	0		0
Jake Ferguson	TE	8	0	0	0	0	0	47	1	4	0	0	0	0	0	0		0
Isaiah Spiller	RB	8	0	0	0	3	0	5	0	1	0	0	0	0	0	0		0
Skyy Moore	WR	8	0	0	0	0	0	8	0	1	0	0	0	0	0	0		0
Pierre Strong	RB	8	0	0	0	41	0	41	0	1	0	0	0	0	0	0		0
Kenny Pickett	QB	8	73	0	0	10	0	0	0	0	0	0	0	0	0	0		0
Daniel Bellinger	TE	8	0	0	0	0	0	0	0	0	0	0	0	0	0	0		0
Wan'Dale Robinson	WR	8	0	0	0	17	0	0	0	0	0	0	0	0	0	0		0
Breece Hall	RB	8	0	0	0	17	0	76	1	6	0	0	0	0	0	0		0
Desmond Ridder	QB	8	71	0	0	26	0	0	0	0	1	0	0	0	0	0		0
Christian Watson	WR	8	0	0	0	0	0	33	0	3	0	0	0	0	0	0		0
Malik Willis	QB	8	0	0	0	4	0	0	0	0	0	1	0	0	0	0		0
Cade Otton	TE	8	0	0	0	0	0	27	0	4	0	0	0	0	0	1		0
Kenneth Walker III	RB	8	0	0	0	66	0	4	0	1	0	0	0	0	0	0		0
Lucas Havrisik	PK	8	0	0	0	0	0	0	0	0	0	0	0	0	0	0	33;47	0
Dontayvion Wicks	WR	8	0	0	0	0	0	28	0	2	0	0	0	0	0	0		0
Will Mallory	TE	8	0	0	0	0	0	6	0	1	0	0	0	0	0	0		0
Anders Carlson	PK	8	0	0	0	0	0	0	0	0	0	0	0	0	0	0	30	1
Tyson Bagent	QB	8	232	0	2	-1	1	0	0	0	0	0	0	0	0	0		0
Tommy DeVito	QB	8	-1	0	0	12	1	0	0	0	0	0	0	0	0	0		0
Brady Russell	RB	8	0	0	0	0	0	0	0	0	0	0	0	0	0	0		0
Xavier Gipson	WR	8	0	0	0	3	0	0	0	0	0	0	0	0	0	0		0
Bijan Robinson	RB	8	0	0	0	62	1	0	0	0	0	0	0	0	0	0		0
Jaxon Smith-Njigba	WR	8	0	0	0	0	0	36	1	3	0	0	0	0	0	0		0
Quentin Johnston	WR	8	0	0	0	0	0	50	0	5	0	0	0	0	0	0		0
Luke Schoonmaker	TE	8	0	0	0	0	0	13	0	1	0	0	0	0	0	0		0
Kendre Miller	RB	8	0	0	0	10	0	9	0	1	0	0	0	0	0	0		0
Tank Bigsby	RB	8	0	0	0	9	0	0	0	0	0	1	0	0	0	0		0
Michael Wilson	WR	8	0	0	0	0	0	58	0	4	0	0	0	0	0	0		0
Jake Moody	PK	8	0	0	0	0	0	0	0	0	0	0	0	0	0	0	36	2
Chad Ryland	PK	8	0	0	0	0	0	0	0	0	0	0	0	0	0	0	38	2
Derius Davis	WR	8	0	0	0	0	0	4	0	2	0	0	0	0	0	0		0
Dorian Thompson-Robinson	QB	8	9	0	0	0	0	0	0	0	0	0	0	0	0	0		0
Jaren Hall	QB	8	23	0	0	-1	0	0	0	0	1	0	0	0	0	0		0
Andrei Iosivas	WR	8	0	0	0	0	0	2	1	1	0	0	0	0	0	0		0
DeMario Douglas	WR	8	0	0	0	4	0	25	0	5	0	0	0	0	0	0		0
Emari Demercado	RB	8	0	0	0	78	0	1	0	1	0	0	0	0	0	0		0
Julian Hill	TE	8	0	0	0	0	0	4	0	1	0	0	0	0	0	0		0
Hunter Luepke	RB	8	0	0	0	0	0	-2	0	1	0	0	0	0	0	0		0
Jake Bobo	WR	8	0	0	0	3	1	23	0	2	0	0	0	0	0	0		0
Jaleel McLaughlin	RB	8	0	0	0	33	0	6	0	2	0	0	0	0	0	0		0
Rakim Jarrett	WR	8	0	0	0	0	0	9	0	1	0	0	0	0	0	0		0
Blake Grupe	PK	8	0	0	0	0	0	0	0	0	0	0	0	0	0	0	27	5
Dalton Kincaid	TE	8	0	0	0	0	0	65	1	5	0	0	0	0	0	0		0
Tyler Scott	WR	8	0	0	0	0	0	11	0	1	0	0	0	0	0	0		0
Marvin Mims Jr.	WR	8	0	0	0	0	0	0	0	1	0	0	0	0	0	0		0
Tank Dell	WR	8	0	0	0	15	0	16	0	3	0	0	0	0	0	0		0
Jordan Addison	WR	8	0	0	0	2	0	82	1	7	0	0	0	0	0	0		0
Tucker Kraft	TE	8	0	0	0	0	0	0	0	0	0	0	0	0	0	0		0
Josh Downs	WR	8	0	0	0	0	0	72	0	7	0	0	0	0	0	0		0
Roschon Johnson	RB	8	0	0	0	21	0	10	0	3	0	0	0	0	0	0		0
Tyjae Spears	RB	8	0	0	0	27	0	9	0	3	0	0	0	0	0	0		0
Elijah Higgins	TE	8	0	0	0	0	0	0	0	0	0	0	0	0	0	0		0
Payne Durham	TE	8	0	0	0	0	0	0	0	0	0	0	0	0	0	0		0
Trey Palmer	WR	8	0	0	0	0	0	22	0	3	0	0	0	0	0	0		0
Jonathan Mingo	WR	8	0	0	0	0	0	62	0	4	0	0	0	0	0	0		0
Zay Flowers	WR	8	0	0	0	0	0	19	0	5	0	0	0	0	0	0		0
Sam LaPorta	TE	8	0	0	0	0	0	57	1	8	0	0	0	0	0	0		0
Michael Mayer	TE	8	0	0	0	0	0	19	0	1	0	0	0	0	0	0		0
Rashee Rice	WR	8	0	0	0	0	0	56	0	4	0	0	0	0	0	0		0
Puka Nacua	WR	8	0	0	0	0	0	43	0	3	0	0	0	0	0	0		0
Jahmyr Gibbs	RB	8	0	0	0	152	1	37	0	5	0	0	0	0	0	0		0
Luke Musgrave	TE	8	0	0	0	0	0	9	0	2	0	0	0	0	0	0		0
Jayden Reed	WR	8	0	0	0	0	0	83	0	4	0	0	0	0	0	0		0
Bryce Young	QB	8	235	1	0	11	0	0	0	0	0	0	0	0	0	0		0
Will Levis	QB	8	238	4	0	11	0	0	0	0	0	0	0	0	0	0		0
C.J. Stroud	QB	8	140	0	0	13	1	0	0	0	0	0	0	0	0	0		0
Zach Charbonnet	RB	8	0	0	0	53	0	11	0	2	0	0	0	0	0	0		0
Matt Prater	PK	9	0	0	0	0	0	0	0	0	0	0	0	0	0	0		0
Nick Folk	PK	9	0	0	0	0	0	0	0	0	0	0	0	0	0	0	36;36;48	1
Randy Bullock	PK	9	0	0	0	0	0	0	0	0	0	0	0	0	0	0		0
Justin Tucker	PK	9	0	0	0	0	0	0	0	0	0	0	0	0	0	0	37;45;31	4
Greg Zuerlein	PK	9	0	0	0	0	0	0	0	0	0	0	0	0	0	0	47;46	0
Adam Thielen	WR	9	0	0	0	0	0	29	0	5	0	0	0	0	0	0		0
Marquise Goodwin	WR	9	0	0	0	0	0	0	0	0	0	0	0	0	0	0		0
Dustin Hopkins	PK	9	0	0	0	0	0	0	0	0	0	0	0	0	0	0	30;45	3
Keenan Allen	WR	9	0	0	0	0	0	77	0	8	0	0	0	0	0	0		0
Travis Kelce	TE	9	0	0	0	0	0	14	0	3	0	0	0	0	0	0		0
Latavius Murray	RB	9	0	0	0	4	0	6	0	1	0	0	0	0	0	0		0
DeAndre Hopkins	WR	9	0	0	0	5	0	60	0	4	0	0	0	0	0	0		0
Geno Smith	QB	9	157	0	1	4	0	0	0	0	1	0	0	0	0	0		0
Cordarrelle Patterson	RB	9	0	0	0	0	0	3	0	1	0	0	0	0	0	0		0
Chris Boswell	PK	9	0	0	0	0	0	0	0	0	0	0	0	0	0	0	29;30	2
Cairo Santos	PK	9	0	0	0	0	0	0	0	0	0	0	0	0	0	0	31	2
Odell Beckham Jr.	WR	9	0	0	0	0	0	56	1	5	0	0	1	0	0	0		0
Brandin Cooks	WR	9	0	0	0	0	0	7	0	1	0	0	0	0	0	0		0
Logan Thomas	TE	9	0	0	0	0	0	31	0	4	0	0	0	0	0	0		0
Derek Carr	QB	9	211	2	0	3	0	0	0	0	0	0	0	0	0	0		0
Jerick McKinnon	RB	9	0	0	0	2	0	22	1	2	0	0	0	0	0	0		0
Davante Adams	WR	9	0	0	0	0	0	34	0	4	0	0	0	0	0	0		0
Mike Evans	WR	9	0	0	0	0	0	87	0	4	0	0	0	0	0	0		0
Allen Robinson	WR	9	0	0	0	0	0	10	0	1	0	0	0	0	0	0		0
Jason Myers	PK	9	0	0	0	0	0	0	0	0	0	0	0	0	0	0	33	0
Amari Cooper	WR	9	0	0	0	0	0	139	1	5	0	0	0	0	0	0		0
Nelson Agholor	WR	9	0	0	0	0	0	2	0	1	0	0	0	0	0	0		0
Stefon Diggs	WR	9	0	0	0	0	0	86	1	6	0	0	0	0	0	1		0
Raheem Mostert	RB	9	0	0	0	85	1	0	0	0	0	0	0	0	0	0		0
DeAndre Carter	WR	9	0	0	0	0	0	15	0	1	0	0	0	0	0	0		0
Taylor Heinicke	QB	9	268	1	1	20	0	0	0	0	0	0	0	0	0	0		0
Damiere Byrd	WR	9	0	0	0	0	0	0	0	0	0	0	0	0	0	0		0
Jamison Crowder	WR	9	0	0	0	0	0	23	0	4	0	0	0	0	0	0		0
Ameer Abdullah	RB	9	0	0	0	8	0	17	0	2	0	0	0	0	0	0		0
C.J. Uzomah	TE	9	0	0	0	0	0	11	0	2	0	0	0	0	0	0		0
Ty Montgomery	WR	9	0	0	0	0	0	0	0	0	0	0	0	0	0	0		0
Tyler Lockett	WR	9	0	0	0	0	0	32	0	3	0	0	0	0	0	0		0
Austin Hooper	TE	9	0	0	0	0	0	10	0	1	0	0	0	0	0	0		0
Chris Moore	WR	9	0	0	0	0	0	29	0	1	0	0	0	0	0	0		0
Ka'imi Fairbairn	PK	9	0	0	0	0	0	0	0	0	0	0	0	0	0	0	50	1
Derrick Henry	RB	9	0	0	0	75	1	27	0	3	0	0	0	0	0	0		0
Michael Thomas	WR	9	0	0	0	0	0	0	0	0	0	0	0	0	0	0		0
Demarcus Robinson	WR	9	0	0	0	0	0	15	0	1	0	0	0	0	0	0		0
Tyler Boyd	WR	9	0	0	0	0	0	56	0	3	0	0	0	0	0	0		0
Tyreek Hill	WR	9	0	0	0	3	0	62	0	8	0	0	1	0	0	0		0
Ezekiel Elliott	RB	9	0	0	0	17	0	15	0	3	0	0	0	0	0	0		0
Dak Prescott	QB	9	374	3	0	14	0	0	0	0	0	0	0	0	0	0		0
Hunter Henry	TE	9	0	0	0	0	0	39	1	4	0	0	0	0	0	0		0
Tyler Higbee	TE	9	0	0	0	0	0	0	0	0	0	0	0	0	0	0		0
Mo Alie-Cox	TE	9	0	0	0	0	0	0	0	0	0	0	0	0	0	0		0
Johnny Mundt	TE	9	0	0	0	0	0	18	0	1	0	0	0	0	0	0		0
Zach Pascal	WR	9	0	0	0	0	0	0	0	0	0	0	0	0	0	0		0
Trent Taylor	WR	9	0	0	0	0	0	0	0	0	0	0	0	0	0	0		0
Aaron Jones	RB	9	0	0	0	73	1	26	0	4	0	1	0	0	0	0		0
Alex Armah	RB	9	0	0	0	0	0	0	0	0	0	0	0	0	0	0		0
Harrison Butker	PK	9	0	0	0	0	0	0	0	0	0	0	0	0	0	0		3
Matt Breida	RB	9	0	0	0	5	0	6	0	1	0	0	0	0	0	0		0
Taysom Hill	TE	9	3	1	0	52	0	13	1	4	0	0	0	0	0	0		0
Pharaoh Brown	TE	9	0	0	0	0	0	0	0	0	0	0	0	0	0	0		0
Isaiah McKenzie	WR	9	0	0	0	0	0	12	0	2	0	0	0	0	0	0		0
Deshaun Watson	QB	9	219	2	0	22	0	0	0	0	0	0	0	0	0	0		0
Mack Hollins	WR	9	0	0	0	0	0	36	0	3	0	0	0	0	0	0		0
Noah Brown	WR	9	0	0	0	0	0	153	1	6	0	0	0	0	0	0		0
Austin Ekeler	RB	9	0	0	0	47	2	23	0	2	0	0	0	0	0	0		0
Younghoe Koo	PK	9	0	0	0	0	0	0	0	0	0	0	0	0	0	0	52;43;23;54	2
Robert Tonyan	TE	9	0	0	0	0	0	11	0	1	0	0	0	0	0	0		0
Jake Elliott	PK	9	0	0	0	0	0	0	0	0	0	0	0	0	0	0		4
Dare Ogunbowale	RB	9	0	0	0	0	0	0	0	0	0	0	0	0	0	0	29	0
JuJu Smith-Schuster	WR	9	0	0	0	0	0	51	0	6	0	0	0	0	0	0		0
Jonnu Smith	TE	9	0	0	0	0	0	100	1	5	0	0	0	0	0	0		0
Patrick Mahomes	QB	9	185	2	0	24	0	0	0	0	1	0	0	0	0	0		0
David Njoku	TE	9	0	0	0	0	0	26	1	4	0	0	0	0	0	0		0
Dalvin Cook	RB	9	0	0	0	7	0	1	0	1	0	0	0	0	0	0		0
Gerald Everett	TE	9	0	0	0	0	0	18	0	2	0	0	0	0	0	0		0
Joe Mixon	RB	9	0	0	0	37	1	31	0	5	0	0	0	0	0	0		0
Alvin Kamara	RB	9	0	0	0	26	0	44	0	4	0	0	0	0	0	0		0
Cooper Kupp	WR	9	0	0	0	0	0	48	0	2	0	0	0	0	0	0		0
Chris Godwin Jr.	WR	9	0	0	0	0	0	16	0	2	0	0	0	0	0	0		0
Kareem Hunt	RB	9	0	0	0	38	1	0	0	0	0	0	0	0	0	0		0
D'Onta Foreman	RB	9	0	0	0	83	0	0	0	0	0	0	0	0	0	0		0
Jamaal Williams	RB	9	0	0	0	6	0	6	0	2	0	0	0	0	0	0		0
Joshua Dobbs	QB	9	158	2	0	66	1	0	0	0	2	0	0	1	0	0		0
Jeff Wilson	RB	9	0	0	0	6	0	32	0	3	0	0	0	0	0	0		0
Will Dissly	TE	9	0	0	0	0	0	0	0	0	0	0	0	0	0	0		0
Daniel Carlson	PK	9	0	0	0	0	0	0	0	0	0	0	0	0	0	0	24;46;41	3
Eddy Pineiro	PK	9	0	0	0	0	0	0	0	0	0	0	0	0	0	0	35;49	1
Gus Edwards	RB	9	0	0	0	52	2	0	0	0	0	0	0	0	0	0		0
Kevin Rader	TE	9	0	0	0	0	0	0	0	0	0	0	0	0	0	0		0
Mike Boone	RB	9	0	0	0	3	0	0	0	0	0	0	0	0	0	0		0
Tyler Conklin	TE	9	0	0	0	0	0	66	0	6	0	0	0	0	0	0		0
Marquez Valdes-Scantling	WR	9	0	0	0	0	0	22	0	2	0	0	0	0	0	0		0
Byron Pringle	WR	9	0	0	0	0	0	55	0	3	0	0	0	0	0	0		0
Dallas Goedert	TE	9	0	0	0	0	0	50	0	3	0	0	0	0	0	0		0
Jordan Akins	TE	9	0	0	0	0	0	11	0	1	0	0	0	0	0	0		0
Dalton Schultz	TE	9	0	0	0	0	0	130	1	10	0	0	1	0	0	0		0
Justin Watson	WR	9	0	0	0	0	0	15	0	2	0	0	0	0	0	0		0
Cedrick Wilson Jr.	WR	9	0	0	0	0	0	31	1	1	0	0	0	0	0	0		0
Braxton Berrios	WR	9	0	0	0	0	0	0	0	0	0	0	0	0	0	0		0
Nick Bawden	RB	9	0	0	0	0	0	7	0	1	0	0	0	0	0	0		0
Greg Joseph	PK	9	0	0	0	0	0	0	0	0	0	0	0	0	0	0	19;32;31	2
Trent Sherfield	WR	9	0	0	0	0	0	9	0	1	0	0	0	0	0	0		0
Allen Lazard	WR	9	0	0	0	0	0	18	0	2	0	0	0	0	0	0		0
Tanner Hudson	TE	9	0	0	0	0	0	45	0	4	0	0	0	0	0	0		0
Godwin Igwebuike	RB	9	0	0	0	0	0	0	0	0	0	0	0	0	0	0		0
Brandon Powell	WR	9	0	0	0	0	0	15	1	2	0	0	0	0	0	0		0
Chase Edmonds	RB	9	0	0	0	-5	0	-1	0	1	0	0	0	0	0	0		0
Rashaad Penny	RB	9	0	0	0	8	0	0	0	0	0	0	0	0	0	0		0
Mark Andrews	TE	9	0	0	0	0	0	80	0	9	0	0	0	0	0	0		0
Michael Gallup	WR	9	0	0	0	0	0	19	0	2	0	0	0	0	0	0		0
DJ Chark	WR	9	0	0	0	0	0	9	1	2	0	0	0	0	0	0		0
Jason Sanders	PK	9	0	0	0	0	0	0	0	0	0	0	0	0	0	0		2
Lamar Jackson	QB	9	187	0	0	60	0	0	0	0	1	0	0	0	0	0		0
Durham Smythe	TE	9	0	0	0	0	0	17	0	3	0	0	0	0	0	0		0
DJ Moore	WR	9	0	0	0	0	0	44	0	3	0	0	1	0	0	0		0
Mike Gesicki	TE	9	0	0	0	0	0	0	0	0	0	0	0	0	0	0		0
Hayden Hurst	TE	9	0	0	0	0	0	54	0	2	0	0	0	0	0	0		0
Royce Freeman	RB	9	0	0	0	32	0	0	0	0	0	0	0	0	0	0		0
Saquon Barkley	RB	9	0	0	0	90	0	23	0	3	0	0	0	0	0	0		0
KhaDarel Hodge	WR	9	0	0	0	0	0	60	0	3	0	0	0	0	0	0		0
Baker Mayfield	QB	9	265	2	0	4	0	0	0	0	0	0	0	0	0	0		0
Josh Allen	QB	9	258	1	1	44	1	0	0	0	0	0	0	1	0	0		0
Brett Rypien	QB	9	130	0	1	19	0	0	0	0	1	0	0	0	0	0		0
Jakobi Meyers	WR	9	0	0	0	17	1	38	0	2	0	0	0	0	0	0		0
Irv Smith	TE	9	0	0	0	0	0	26	1	3	0	0	0	0	0	0		0
Alexander Mattison	RB	9	0	0	0	44	0	49	1	2	0	0	0	0	0	0		0
Justice Hill	RB	9	0	0	0	40	0	0	0	0	0	0	0	0	0	0		0
Foster Moreau	TE	9	0	0	0	0	0	23	0	1	0	0	0	0	0	0		0
Hunter Renfrow	WR	9	0	0	0	0	0	32	0	2	0	0	0	0	0	0		0
Mecole Hardman	WR	9	0	0	0	0	0	10	0	3	0	0	0	0	0	0		0
Joey Slye	PK	9	0	0	0	0	0	0	0	0	0	0	0	0	0	0	37;30	2
Olamide Zaccheaus	WR	9	0	0	0	0	0	8	0	1	0	0	0	0	0	0		0
Deonte Harty	WR	9	0	0	0	0	0	0	0	0	0	0	0	0	0	0		0
Diontae Johnson	WR	9	0	0	0	0	0	90	1	7	0	0	0	0	0	0		0
T.J. Hockenson	TE	9	0	0	0	0	0	69	0	7	0	0	0	0	0	0		0
Miles Sanders	RB	9	0	0	0	39	0	22	0	3	0	0	0	0	0	0		0
Josh Oliver	TE	9	0	0	0	0	0	1	0	2	0	0	0	0	0	0		0
Devin Singletary	RB	9	0	0	0	26	0	0	0	2	0	0	0	0	0	0		0
Trevon Wesco	TE	9	0	0	0	0	0	0	0	0	0	0	0	0	0	0		0
Tony Pollard	RB	9	0	0	0	51	0	12	0	3	0	0	0	0	0	0		0
Matt Gay	PK	9	0	0	0	0	0	0	0	0	0	0	0	0	0	0	26;57	3
Gardner Minshew	QB	9	127	1	0	5	0	0	0	0	0	0	0	0	0	0		0
Trayveon Williams	RB	9	0	0	0	13	0	0	0	0	0	0	0	0	0	0		0
Donald Parham	TE	9	0	0	0	0	0	0	0	0	0	0	0	0	0	0		0
Trenton Irwin	WR	9	0	0	0	0	0	0	0	0	0	0	0	0	0	0		0
Chase McLaughlin	PK	9	0	0	0	0	0	0	0	0	0	0	0	0	0	0	35;49;55	4
Stanley Morgan	WR	9	0	0	0	0	0	0	0	0	0	0	0	0	0	0		0
Jalen Guyton	WR	9	0	0	0	0	0	0	0	0	0	0	0	0	0	0		0
Malik Taylor	WR	9	0	0	0	0	0	7	0	1	0	0	0	0	0	0		0
Greg Dortch	WR	9	0	0	0	0	0	2	0	1	0	0	0	0	0	0		0
Darius Slayton	WR	9	0	0	0	0	0	59	0	4	0	0	0	0	0	0		0
Ty Johnson	RB	9	0	0	0	0	0	0	0	0	0	0	0	0	0	0		0
Jesper Horsted	TE	9	0	0	0	0	0	0	0	0	0	0	0	0	0	0		0
Drew Sample	TE	9	0	0	0	0	0	30	1	3	0	0	0	0	0	0		0
Parris Campbell	WR	9	0	0	0	0	0	15	0	2	0	0	0	0	0	0		0
DK Metcalf	WR	9	0	0	0	0	0	50	0	1	0	0	0	0	0	0		0
Noah Fant	TE	9	0	0	0	0	0	0	0	0	0	0	0	0	0	0		0
Gunner Olszewski	WR	9	0	0	0	0	0	0	0	0	0	0	0	0	0	0		0
Terry McLaurin	WR	9	0	0	0	0	0	73	0	5	0	0	0	0	0	0		0
Marquise Brown	WR	9	0	0	0	0	0	24	0	4	0	0	0	0	0	0		0
Darrell Henderson	RB	9	0	0	0	19	0	16	0	2	0	0	0	0	0	0		0
A.J. Brown	WR	9	0	0	0	0	0	66	1	7	0	0	0	0	0	0		0
Josh Jacobs	RB	9	0	0	0	98	2	0	0	0	0	0	0	0	0	0		0
Miles Boykin	WR	9	0	0	0	0	0	6	0	1	0	0	0	0	0	0		0
Daniel Jones	QB	9	25	0	0	9	0	0	0	0	0	0	0	0	0	0		0
Tony Jones	RB	9	0	0	0	2	0	5	0	2	0	0	0	0	0	0		0
Trishton Jackson	WR	9	0	0	0	0	0	2	0	1	0	0	0	0	0	1		0
Tyler Huntley	QB	9	38	1	0	8	0	0	0	0	0	0	0	0	0	0		0
Salvon Ahmed	RB	9	0	0	0	4	0	8	0	2	0	0	0	0	0	0		0
Sean McKeon	TE	9	0	0	0	0	0	0	0	0	0	0	0	0	0	0		0
Juwan Johnson	TE	9	0	0	0	0	0	29	1	5	0	0	0	0	0	0		0
James Proche	WR	9	0	0	0	0	0	0	0	0	0	0	0	0	0	0		0
Rico Dowdle	RB	9	0	0	0	8	0	0	0	0	0	0	0	0	0	0		0
Lawrence Cager	TE	9	0	0	0	0	0	0	0	0	0	0	0	0	0	0		0
Tyler Bass	PK	9	0	0	0	0	0	0	0	0	0	0	0	0	0	0	34	1
Isaiah Hodgins	WR	9	0	0	0	0	0	0	0	0	0	0	0	0	0	0		0
Nick Westbrook-Ikhine	WR	9	0	0	0	0	0	23	0	1	0	0	0	0	0	0		0
Gabe Davis	WR	9	0	0	0	0	0	0	0	0	0	0	0	0	0	0		0
Tua Tagovailoa	QB	9	193	1	0	7	0	0	0	0	0	0	0	0	0	0		0
Jonathan Taylor	RB	9	0	0	0	47	0	22	1	5	0	0	0	0	0	0		0
Harrison Bryant	TE	9	0	0	0	0	0	0	0	0	0	0	0	0	0	0		0
Colby Parkinson	TE	9	0	0	0	0	0	6	0	1	0	0	0	0	0	0		0
Zack Moss	RB	9	0	0	0	26	0	0	0	0	0	0	0	0	0	0		0
Michael Pittman	WR	9	0	0	0	0	0	64	0	8	0	0	0	0	0	0		0
Jordan Love	QB	9	228	1	0	7	0	0	0	0	0	0	0	0	0	0		0
AJ Dillon	RB	9	0	0	0	40	0	3	0	1	0	0	0	0	0	0		0
La'Mical Perine	RB	9	0	0	0	1	0	0	0	0	0	0	0	0	0	0		0
D'Andre Swift	RB	9	0	0	0	43	0	31	0	2	0	0	0	0	0	0		0
Cole Kmet	TE	9	0	0	0	0	0	55	2	6	0	0	0	0	0	0		0
Darrynton Evans	RB	9	0	0	0	2	0	19	0	2	0	0	0	0	0	0		0
Darnell Mooney	WR	9	0	0	0	0	0	82	0	5	0	0	0	0	0	0		0
Chase Claypool	WR	9	0	0	0	0	0	0	0	0	0	0	0	0	0	0		0
Antonio Gibson	RB	9	0	0	0	34	0	42	0	5	0	0	0	0	0	0		0
Devin Duvernay	WR	9	0	0	0	0	0	10	0	2	0	0	0	0	0	0		0
Josiah Deguara	TE	9	0	0	0	0	0	7	0	1	0	0	0	0	0	0		0
K.J. Osborn	WR	9	0	0	0	0	0	17	0	2	0	0	0	0	0	0		0
Justin Herbert	QB	9	136	0	0	17	0	0	0	0	0	0	0	0	0	0		0
CeeDee Lamb	WR	9	0	0	0	0	0	191	0	11	0	0	1	0	0	0		0
Joshua Kelley	RB	9	0	0	0	18	0	4	0	1	0	0	0	0	0	0		0
Jalen Reagor	WR	9	0	0	0	0	0	11	0	1	0	0	0	0	0	0		0
Jalen Hurts	QB	9	207	2	0	36	1	0	0	0	0	0	0	0	0	0		0
Tee Higgins	WR	9	0	0	0	0	0	110	0	8	0	0	0	0	0	0		0
Cam Akers	RB	9	0	0	0	25	0	13	0	3	0	0	0	0	0	0		0
Van Jefferson	WR	9	0	0	0	0	0	14	0	1	0	0	0	0	0	0		0
DeeJay Dallas	RB	9	0	0	0	0	0	0	0	0	0	0	0	0	0	0		0
Stephen Sullivan	TE	9	0	0	0	0	0	28	0	4	0	0	0	0	0	0		0
Joe Burrow	QB	9	348	2	0	4	0	0	0	0	0	0	0	0	0	0		0
Ke'Shawn Vaughn	RB	9	0	0	0	9	0	-1	0	1	0	0	0	0	0	0		0
Deon Jackson	RB	9	0	0	0	2	0	0	0	0	0	0	0	0	0	0		0
DJ Turner	WR	9	0	0	0	0	0	0	0	0	0	0	0	0	0	0		0
Rashod Bateman	WR	9	0	0	0	0	0	28	0	3	0	0	0	0	0	0		0
Nico Collins	WR	9	0	0	0	0	0	54	1	3	0	0	0	0	0	0		0
Chuba Hubbard	RB	9	0	0	0	58	0	9	0	4	0	0	0	0	0	0		0
Jaylen Waddle	WR	9	0	0	0	12	0	42	0	3	0	0	0	0	0	0		0
Dee Eskridge	WR	9	0	0	0	0	0	0	0	0	0	0	0	0	0	0		0
Dyami Brown	WR	9	0	0	0	0	0	33	0	2	0	0	0	0	0	0		0
John Bates	TE	9	0	0	0	0	0	-5	0	1	0	0	0	0	0	0		0
Tylan Wallace	WR	9	0	0	0	0	0	0	0	0	0	0	0	0	0	0		0
Ihmir Smith-Marsette	WR	9	0	0	0	0	0	0	0	0	0	0	0	0	0	0		0
Noah Gray	TE	9	0	0	0	0	0	34	0	3	0	0	0	0	0	0		0
Austin Trammell	WR	9	0	0	0	0	0	6	0	1	0	0	0	0	0	0		0
Tutu Atwell	WR	9	0	0	0	0	0	13	0	4	0	0	0	0	0	0		0
Evan McPherson	PK	9	0	0	0	0	0	0	0	0	0	0	0	0	0	0	20	3
Chris Evans	RB	9	0	0	0	0	0	0	0	0	0	0	0	0	0	0		0
Ben Skowronek	WR	9	0	0	0	-2	0	0	0	0	0	0	0	0	0	0		0
Rhamondre Stevenson	RB	9	0	0	0	87	1	42	0	4	0	0	0	0	0	0		0
Kylen Granson	TE	9	0	0	0	0	0	0	0	0	0	0	0	0	0	0		0
Najee Harris	RB	9	0	0	0	69	1	7	0	2	0	0	0	0	0	0		0
Ja'Marr Chase	WR	9	0	0	0	0	0	41	0	4	0	0	0	0	0	0		0
DeVonta Smith	WR	9	0	0	0	0	0	51	1	3	0	0	0	0	0	0		0
Kadarius Toney	WR	9	0	0	0	0	0	18	0	1	0	0	0	0	0	0		0
Kenny Gainwell	RB	9	0	0	0	22	1	1	0	1	0	0	0	0	0	0		0
Michael Carter	RB	9	0	0	0	0	0	24	0	6	0	0	0	0	0	0		0
Rondale Moore	WR	9	0	0	0	3	0	5	0	1	0	0	0	0	0	0		0
Terrace Marshall Jr.	WR	9	0	0	0	0	0	0	0	0	0	0	0	0	0	0		0
Kyle Pitts	TE	9	0	0	0	0	0	56	0	4	0	0	0	0	0	0		0
Mac Jones	QB	9	220	1	1	3	0	0	0	0	0	0	0	0	0	0		0
Elijah Moore	WR	9	0	0	0	0	0	14	0	2	0	0	0	0	0	0		0
Tommy Tremble	TE	9	0	0	0	0	0	12	0	2	0	0	0	0	0	0		0
Zach Wilson	QB	9	263	0	0	7	0	0	0	0	2	0	0	0	0	0		0
Sam Howell	QB	9	325	1	1	27	0	0	0	0	0	0	0	0	0	0		0
Britain Covey	WR	9	0	0	0	0	0	0	0	0	0	0	0	0	0	0		0
Isiah Pacheco	RB	9	0	0	0	66	0	0	0	0	0	0	0	0	0	0		0
Cameron Dicker	PK	9	0	0	0	0	0	0	0	0	0	0	0	0	0	0	55;38	3
Jaylen Warren	RB	9	0	0	0	88	0	25	0	3	0	0	0	0	0	0		0
Chris Olave	WR	9	0	0	0	0	0	46	1	6	0	0	0	0	0	0		0
George Pickens	WR	9	0	0	0	0	0	-1	0	2	0	0	0	0	0	0		0
James Cook	RB	9	0	0	0	20	0	19	0	4	0	0	0	0	0	0		0
Rachaad White	RB	9	0	0	0	73	2	46	0	4	0	0	0	0	0	0		0
Khalil Shakir	WR	9	0	0	0	0	0	57	0	4	0	0	0	0	0	0		0
Tyler Allgeier	RB	9	0	0	0	39	1	-9	0	2	0	0	0	0	0	0		0
Jerome Ford	RB	9	0	0	0	44	0	33	0	5	0	0	0	0	0	0		0
Kyle Philips	WR	9	0	0	0	0	0	68	0	4	0	0	0	0	0	0		0
Andrew Ogletree	TE	9	0	0	0	0	0	19	0	1	0	0	0	0	0	0		0
Keaontay Ingram	RB	9	0	0	0	8	0	0	0	0	0	0	0	0	0	0		0
Raheem Blackshear	RB	9	0	0	0	0	0	5	0	1	0	0	0	0	0	0		0
Stone Smartt	TE	9	0	0	0	0	0	0	0	0	0	0	0	0	0	0		0
Deven Thompkins	WR	9	0	0	0	0	0	0	0	0	0	0	0	0	0	0		0
Rashid Shaheed	WR	9	0	0	0	0	0	22	0	3	0	0	0	0	0	0		0
John Metchie III	WR	9	0	0	0	0	0	14	0	1	0	0	0	0	0	0		0
Alec Pierce	WR	9	0	0	0	0	0	0	0	0	0	0	0	0	0	0		0
Jalen Tolbert	WR	9	0	0	0	0	0	49	1	3	0	0	0	0	0	0		0
Brandon Aubrey	PK	9	0	0	0	0	0	0	0	0	0	0	0	0	0	0	51	2
Garrett Wilson	WR	9	0	0	0	0	0	80	0	7	0	0	1	0	0	0		0
Jahan Dotson	WR	9	0	0	0	0	0	69	1	4	0	0	0	0	0	0		0
Treylon Burks	WR	9	0	0	0	5	0	23	0	2	0	0	0	0	0	0		0
Trey McBride	TE	9	0	0	0	0	0	22	0	3	0	0	0	0	0	0		0
Velus Jones Jr.	WR	9	0	0	0	0	0	0	0	0	0	0	0	0	0	0		0
Brian Robinson	RB	9	0	0	0	63	1	4	0	1	0	1	0	0	0	0		0
KaVontae Turpin	WR	9	0	0	0	0	0	5	1	1	0	0	0	0	0	0		0
Jeremy Ruckert	TE	9	0	0	0	0	0	7	0	1	0	0	0	0	0	0		0
Chig Okonkwo	TE	9	0	0	0	0	0	28	0	3	0	0	0	0	0	0		0
Romeo Doubs	WR	9	0	0	0	0	0	36	0	3	0	0	0	0	0	0		0
Calvin Austin III	WR	9	0	0	0	10	0	0	0	0	0	0	0	0	0	0		0
Isaiah Likely	TE	9	0	0	0	0	0	42	0	4	0	0	0	0	0	0		0
Zamir White	RB	9	0	0	0	-2	0	0	0	0	0	0	0	0	0	0		0
Jake Ferguson	TE	9	0	0	0	0	0	91	1	7	0	0	0	0	0	0		0
Charlie Kolar	TE	9	0	0	0	0	0	0	0	0	0	0	0	0	0	0		0
Skyy Moore	WR	9	0	0	0	0	0	33	0	2	0	0	0	0	0	0		0
Pierre Strong	RB	9	0	0	0	9	0	-7	0	1	0	0	0	0	0	0		0
Kenny Pickett	QB	9	160	1	0	-1	0	0	0	0	0	0	0	0	0	0		0
Tyquan Thornton	WR	9	0	0	0	0	0	7	0	1	0	0	0	0	0	0		0
Daniel Bellinger	TE	9	0	0	0	0	0	43	0	3	0	0	0	0	0	0		0
Wan'Dale Robinson	WR	9	0	0	0	0	0	35	1	4	0	0	0	0	0	0		0
Breece Hall	RB	9	0	0	0	50	0	10	0	4	0	0	0	0	0	0		0
Christian Watson	WR	9	0	0	0	0	0	37	0	1	0	0	0	0	0	0		0
Cade Otton	TE	9	0	0	0	0	0	70	2	6	0	0	0	0	0	0		0
Kenneth Walker III	RB	9	0	0	0	16	0	1	0	1	0	0	0	0	0	0		0
Lucas Havrisik	PK	9	0	0	0	0	0	0	0	0	0	0	0	0	0	0	52	0
Dontayvion Wicks	WR	9	0	0	0	0	0	49	0	4	0	0	1	0	0	0		0
Anders Carlson	PK	9	0	0	0	0	0	0	0	0	0	0	0	0	0	0	26;34	2
Tyson Bagent	QB	9	220	2	3	70	0	0	0	0	1	0	0	0	0	0		0
Keaton Mitchell	RB	9	0	0	0	138	1	-4	0	1	0	0	0	0	0	0		0
Malik Heath	WR	9	0	0	0	0	0	0	0	0	0	0	0	0	0	0		0
Tommy DeVito	QB	9	175	1	2	17	0	0	0	0	0	0	0	0	0	0		0
Xavier Gipson	WR	9	0	0	0	0	0	32	0	2	0	0	0	0	0	0		0
Bijan Robinson	RB	9	0	0	0	51	0	8	0	2	0	1	0	0	0	0		0
Jaxon Smith-Njigba	WR	9	0	0	0	0	0	63	0	6	0	0	0	0	0	0		0
Quentin Johnston	WR	9	0	0	0	2	0	14	0	2	0	0	0	0	0	0		0
Luke Schoonmaker	TE	9	0	0	0	0	0	0	0	1	0	0	0	0	0	0		0
Kendre Miller	RB	9	0	0	0	0	0	31	0	1	0	0	0	0	0	0		0
Darnell Washington	TE	9	0	0	0	0	0	7	0	1	0	0	0	0	0	0		0
Tre Tucker	WR	9	0	0	0	4	0	52	0	2	0	0	0	0	0	0		0
Chad Ryland	PK	9	0	0	0	0	0	0	0	0	0	0	0	0	0	0	43	2
Derius Davis	WR	9	0	0	0	0	0	0	0	1	0	0	0	0	0	0		0
Aidan O'Connell	QB	9	209	0	0	0	0	0	0	0	0	0	0	0	0	0		0
Clayton Tune	QB	9	58	0	2	28	0	0	0	0	1	0	0	0	0	0		0
Josh Whyle	TE	9	0	0	0	0	0	0	0	0	0	0	0	0	0	0		0
Jaren Hall	QB	9	78	0	0	11	0	0	0	0	0	0	0	0	0	0		0
Chris Rodriguez Jr.	RB	9	0	0	0	0	0	0	0	0	0	0	0	0	0	0		0
Xavier Hutchinson	WR	9	0	0	0	12	0	0	0	0	0	0	0	0	0	0		0
Andrei Iosivas	WR	9	0	0	0	0	0	9	0	1	0	0	0	0	0	0		0
DeMario Douglas	WR	9	0	0	0	0	0	55	0	5	0	0	0	0	0	0		0
Hunter Luepke	RB	9	0	0	0	0	0	0	0	0	0	0	0	0	0	0		0
Emanuel Wilson	RB	9	0	0	0	43	0	0	0	0	0	0	0	0	0	0		0
Rakim Jarrett	WR	9	0	0	0	0	0	0	0	0	0	0	0	0	0	0		0
Blake Grupe	PK	9	0	0	0	0	0	0	0	0	0	0	0	0	0	0	55	3
Dalton Kincaid	TE	9	0	0	0	0	0	81	0	10	0	0	1	0	0	0		0
Jalin Hyatt	WR	9	0	0	0	0	0	19	0	2	0	0	0	0	0	0		0
Tyler Scott	WR	9	0	0	0	-5	0	0	0	0	0	0	0	0	0	0		0
Tank Dell	WR	9	0	0	0	2	0	114	2	6	0	0	0	0	0	0		0
Cedric Tillman	WR	9	0	0	0	0	0	3	0	1	0	0	0	0	0	0		0
Jordan Addison	WR	9	0	0	0	0	0	52	0	5	0	0	0	0	0	0		0
Tucker Kraft	TE	9	0	0	0	0	0	0	0	0	0	0	0	0	0	0		0
Josh Downs	WR	9	0	0	0	0	0	10	0	1	0	0	0	0	0	0		0
Roschon Johnson	RB	9	0	0	0	6	0	9	0	1	0	0	0	0	0	0		0
Tyjae Spears	RB	9	0	0	0	18	0	4	0	4	0	0	0	0	0	0		0
Elijah Higgins	TE	9	0	0	0	0	0	0	0	0	0	0	0	0	0	0		0
Trey Palmer	WR	9	0	0	0	0	0	51	0	3	0	0	0	0	0	0		0
Jonathan Mingo	WR	9	0	0	0	0	0	5	0	1	0	0	0	0	0	0		0
Zay Flowers	WR	9	0	0	0	0	0	11	0	1	0	0	0	0	0	0		0
Michael Mayer	TE	9	0	0	0	0	0	11	0	2	0	0	0	0	0	0		0
Rashee Rice	WR	9	0	0	0	0	0	17	1	2	0	0	0	0	0	0		0
Davis Allen	TE	9	0	0	0	0	0	0	0	0	0	0	0	0	0	0		0
Puka Nacua	WR	9	0	0	0	0	0	32	0	3	0	0	0	0	0	0		0
Luke Musgrave	TE	9	0	0	0	0	0	51	1	3	0	0	0	0	0	0		0
Jayden Reed	WR	9	0	0	0	21	0	19	0	3	0	0	0	0	0	0		0
Bryce Young	QB	9	173	1	3	41	0	0	0	0	0	0	0	0	0	0		0
Will Levis	QB	9	262	0	1	2	0	0	0	0	0	0	0	0	0	0		0
C.J. Stroud	QB	9	470	5	0	10	0	0	0	0	0	0	0	0	1	0		0
Zach Charbonnet	RB	9	0	0	0	8	0	5	0	1	0	0	0	0	0	0		0
Matt Prater	PK	10	0	0	0	0	0	0	0	0	0	0	0	0	0	0	51;46;56;23	1
Nick Folk	PK	10	0	0	0	0	0	0	0	0	0	0	0	0	0	0	38;27	0
Russell Wilson	QB	10	193	2	0	30	0	0	0	0	0	0	0	0	0	0		0
Randy Bullock	PK	10	0	0	0	0	0	0	0	0	0	0	0	0	0	0	40	2
Justin Tucker	PK	10	0	0	0	0	0	0	0	0	0	0	0	0	0	0	37	4
Greg Zuerlein	PK	10	0	0	0	0	0	0	0	0	0	0	0	0	0	0	47;53;30;45	0
Brandon McManus	PK	10	0	0	0	0	0	0	0	0	0	0	0	0	0	0	37	0
Adam Thielen	WR	10	0	0	0	0	0	42	0	6	0	0	0	0	0	0		0
Dustin Hopkins	PK	10	0	0	0	0	0	0	0	0	0	0	0	0	0	0	36;28;23;40	1
Keenan Allen	WR	10	0	0	0	0	0	175	2	11	0	0	0	0	0	0		0
Robert Woods	WR	10	0	0	0	0	0	15	0	1	0	0	0	0	0	0		0
Latavius Murray	RB	10	0	0	0	68	1	1	0	2	0	0	0	0	0	0		0
DeAndre Hopkins	WR	10	0	0	0	0	0	27	0	3	0	0	0	0	0	0		0
Geno Smith	QB	10	369	2	0	13	0	0	0	0	0	0	0	0	0	0		0
Cordarrelle Patterson	RB	10	0	0	0	13	0	7	0	2	0	0	0	0	0	0		0
Chris Boswell	PK	10	0	0	0	0	0	0	0	0	0	0	0	0	0	0	42;49;35	2
Cairo Santos	PK	10	0	0	0	0	0	0	0	0	0	0	0	0	0	0	54;36;39	1
Odell Beckham Jr.	WR	10	0	0	0	0	0	40	1	1	0	0	0	0	0	0		0
Brandin Cooks	WR	10	0	0	0	0	0	173	1	9	0	0	0	0	0	0		0
Logan Thomas	TE	10	0	0	0	0	0	40	0	5	0	0	0	0	0	0		0
Derek Carr	QB	10	110	0	0	10	0	0	0	0	0	0	0	0	0	0		0
Davante Adams	WR	10	0	0	0	0	0	86	0	6	0	0	0	0	0	0		0
Mike Evans	WR	10	0	0	0	0	0	143	1	6	0	0	0	0	0	0		0
Chris Manhertz	TE	10	0	0	0	0	0	6	0	1	0	0	0	0	0	0		0
Jason Myers	PK	10	0	0	0	0	0	0	0	0	0	0	0	0	0	0	45;43;33;45;43	2
Jameis Winston	QB	10	122	2	2	0	0	0	0	0	0	0	0	0	0	0		0
Amari Cooper	WR	10	0	0	0	0	0	98	0	6	0	0	0	0	0	0		0
Nelson Agholor	WR	10	0	0	0	0	0	0	0	0	0	0	0	0	0	0		0
MyCole Pruitt	TE	10	0	0	0	0	0	0	0	0	0	0	0	0	0	0		0
Stefon Diggs	WR	10	0	0	0	0	0	34	0	3	0	0	0	0	0	0		0
DeAndre Carter	WR	10	0	0	0	15	0	0	0	0	0	0	0	0	0	0		0
Taylor Heinicke	QB	10	55	1	0	34	0	0	0	0	0	0	0	0	0	0		0
Jamison Crowder	WR	10	0	0	0	0	0	0	0	0	0	0	0	0	0	0		0
Ameer Abdullah	RB	10	0	0	0	0	0	4	0	1	0	0	0	0	0	0		0
C.J. Uzomah	TE	10	0	0	0	0	0	6	0	1	0	0	0	0	0	0		0
Geoff Swaim	TE	10	0	0	0	0	0	13	0	2	0	0	0	0	0	0		0
Ty Montgomery	WR	10	0	0	0	0	0	0	0	0	0	0	0	0	0	0		0
Tyler Lockett	WR	10	0	0	0	0	0	92	1	8	0	0	0	0	0	0		0
Sterling Shepard	WR	10	0	0	0	0	0	2	1	1	0	0	0	0	0	0		0
Austin Hooper	TE	10	0	0	0	0	0	7	0	1	0	0	0	0	0	0		0
Chris Moore	WR	10	0	0	0	0	0	21	0	2	0	0	0	0	0	0		0
Dwayne Washington	RB	10	0	0	0	0	0	0	0	0	0	0	0	0	0	0		0
Kalif Raymond	WR	10	0	0	0	0	0	46	0	2	0	0	0	0	0	0		0
Wil Lutz	PK	10	0	0	0	0	0	0	0	0	0	0	0	0	0	0	40;49;40;36	0
Derrick Henry	RB	10	0	0	0	24	0	-4	0	1	0	0	0	0	0	0		0
Michael Thomas	WR	10	0	0	0	0	0	9	0	1	0	0	0	0	0	0		0
Tyler Boyd	WR	10	0	0	0	0	0	117	0	8	0	0	0	0	0	0		0
Ezekiel Elliott	RB	10	0	0	0	54	0	34	0	2	0	0	0	0	0	0		0
Dak Prescott	QB	10	404	4	1	17	1	0	0	0	0	0	0	0	0	0		0
Hunter Henry	TE	10	0	0	0	0	0	21	0	3	0	0	0	0	0	0		0
Jared Goff	QB	10	333	2	0	-2	0	0	0	0	0	0	0	0	0	0		0
Mo Alie-Cox	TE	10	0	0	0	0	0	0	0	0	0	0	0	0	0	0		0
Johnny Mundt	TE	10	0	0	0	0	0	8	0	2	0	0	0	0	0	0		0
Zach Pascal	WR	10	0	0	0	0	0	0	0	0	0	0	0	0	0	0		0
PJ Walker	QB	10	0	0	0	0	0	0	0	0	0	0	0	0	0	0		0
Christian McCaffrey	RB	10	0	0	0	95	0	47	0	6	0	0	0	0	0	0		0
Curtis Samuel	WR	10	0	0	0	0	0	6	0	2	0	0	0	0	0	0		0
George Kittle	TE	10	0	0	0	0	0	116	1	3	0	0	0	0	0	0		0
Trent Taylor	WR	10	0	0	0	0	0	0	0	0	0	0	0	0	0	0		0
Aaron Jones	RB	10	0	0	0	35	0	19	0	4	0	0	0	0	0	0		0
Alex Armah	RB	10	0	0	0	0	0	3	0	1	0	0	0	0	0	0		0
Matt Breida	RB	10	0	0	0	3	0	0	0	0	0	0	0	0	0	0		0
Taysom Hill	TE	10	0	0	0	6	0	17	0	2	0	0	0	0	0	0		0
Patrick Ricard	RB	10	0	0	0	0	0	0	0	0	0	0	0	0	0	0		0
Pharaoh Brown	TE	10	0	0	0	0	0	0	0	0	0	0	0	0	0	0		0
Isaiah McKenzie	WR	10	0	0	0	0	0	31	0	4	0	0	0	0	0	0		0
Samaje Perine	RB	10	0	0	0	8	0	35	0	3	0	0	0	0	0	0		0
Deshaun Watson	QB	10	213	1	1	37	0	0	0	0	0	0	0	0	1	0		0
James Conner	RB	10	0	0	0	73	0	0	0	0	0	0	0	0	0	0		0
Jamal Agnew	WR	10	0	0	0	0	0	0	0	0	0	0	0	0	0	0		0
Noah Brown	WR	10	0	0	0	0	0	172	0	7	0	0	0	0	0	0		0
Cooper Rush	QB	10	68	0	1	5	0	0	0	0	0	0	0	0	0	0		0
Austin Ekeler	RB	10	0	0	0	67	1	48	0	4	0	0	0	0	0	0		0
Younghoe Koo	PK	10	0	0	0	0	0	0	0	0	0	0	0	0	0	0	36	2
Dare Ogunbowale	RB	10	0	0	0	0	0	0	0	0	0	0	0	0	0	0		0
JuJu Smith-Schuster	WR	10	0	0	0	0	0	9	0	1	0	0	0	0	0	0		0
Jonnu Smith	TE	10	0	0	0	0	0	1	0	1	0	0	0	0	0	0		0
Evan Engram	TE	10	0	0	0	0	0	12	0	4	0	0	0	0	0	0		0
David Njoku	TE	10	0	0	0	0	0	58	0	6	0	0	0	0	0	0		0
Dalvin Cook	RB	10	0	0	0	26	0	0	0	0	0	0	0	0	0	0		0
Gerald Everett	TE	10	0	0	0	0	0	0	0	0	0	0	0	0	0	0		0
Joe Mixon	RB	10	0	0	0	46	1	-1	0	2	0	0	0	0	0	0		0
Alvin Kamara	RB	10	0	0	0	42	0	33	0	7	0	0	0	0	2	0		0
Chris Godwin Jr.	WR	10	0	0	0	0	0	54	0	4	0	0	0	0	0	0		0
Kareem Hunt	RB	10	0	0	0	32	1	0	0	0	0	0	0	0	0	0		0
D'Onta Foreman	RB	10	0	0	0	80	1	12	0	2	0	0	0	0	0	0		0
C.J. Beathard	QB	10	5	0	0	0	0	0	0	0	0	0	0	0	0	0		0
Josh Reynolds	WR	10	0	0	0	0	0	15	0	2	0	0	0	0	0	0		0
Jamaal Williams	RB	10	0	0	0	7	0	3	0	1	0	0	0	0	0	0		0
Joshua Dobbs	QB	10	268	1	0	44	1	0	0	0	0	0	0	0	0	0		0
Will Dissly	TE	10	0	0	0	0	0	22	0	2	0	0	0	0	0	0		0
Daniel Carlson	PK	10	0	0	0	0	0	0	0	0	0	0	0	0	0	0	41;54;40	1
Eddy Pineiro	PK	10	0	0	0	0	0	0	0	0	0	0	0	0	0	0	33;39	1
Gus Edwards	RB	10	0	0	0	24	1	4	0	1	0	0	0	0	0	0		0
Mike Boone	RB	10	0	0	0	0	0	6	0	2	0	0	0	0	0	0		0
Tyler Conklin	TE	10	0	0	0	0	0	70	0	7	0	0	0	0	0	0		0
Equanimeous St. Brown	WR	10	0	0	0	0	0	4	0	1	0	0	0	0	0	0		0
Byron Pringle	WR	10	0	0	0	0	0	7	0	1	0	0	0	0	0	0		0
Courtland Sutton	WR	10	0	0	0	0	0	53	1	8	0	0	1	0	0	0		0
Jordan Akins	TE	10	0	0	0	0	0	8	0	1	0	0	0	0	0	0		0
Dalton Schultz	TE	10	0	0	0	0	0	71	0	4	0	0	0	0	0	0		0
Ray-Ray McCloud	WR	10	0	0	0	0	0	0	0	0	0	0	0	0	0	0		0
Greg Joseph	PK	10	0	0	0	0	0	0	0	0	0	0	0	0	0	0	40;33	3
Allen Lazard	WR	10	0	0	0	0	0	17	0	1	0	0	0	0	0	0		0
Tanner Hudson	TE	10	0	0	0	0	0	33	0	6	0	0	0	0	0	0		0
Brandon Powell	WR	10	0	0	0	0	0	35	0	4	0	0	0	0	0	0		0
Chase Edmonds	RB	10	0	0	0	9	0	-2	0	1	0	0	0	0	0	0		0
Mark Andrews	TE	10	0	0	0	0	0	44	0	2	0	0	0	0	0	0		0
Michael Gallup	WR	10	0	0	0	0	0	70	1	2	0	0	0	0	0	0		0
Christian Kirk	WR	10	0	0	0	0	0	104	0	6	0	0	1	0	0	0		0
Lamar Jackson	QB	10	223	1	2	41	0	0	0	0	0	0	0	0	0	0		0
DJ Moore	WR	10	0	0	0	1	0	58	0	5	0	0	0	0	0	0		0
Mike Gesicki	TE	10	0	0	0	0	0	22	0	2	0	0	0	0	0	0		0
Hayden Hurst	TE	10	0	0	0	0	0	14	0	2	0	0	0	0	0	0		0
Calvin Ridley	WR	10	0	0	0	0	0	20	0	2	0	0	0	0	0	0		0
Saquon Barkley	RB	10	0	0	0	66	0	-5	0	1	0	0	0	0	0	0		0
Baker Mayfield	QB	10	278	2	1	12	0	0	0	0	0	0	0	0	0	0		0
Josh Allen	QB	10	177	1	2	13	1	0	0	0	0	1	0	1	0	0		0
Sam Darnold	QB	10	6	0	0	-3	0	0	0	0	0	0	0	0	0	0		0
Jakobi Meyers	WR	10	0	0	0	0	0	21	0	2	0	0	0	0	0	0		0
Irv Smith	TE	10	0	0	0	0	0	6	0	1	0	0	0	0	0	0		0
Alexander Mattison	RB	10	0	0	0	27	0	6	0	1	0	0	0	0	0	0		0
Justice Hill	RB	10	0	0	0	7	0	0	0	0	0	0	0	0	0	0		0
Foster Moreau	TE	10	0	0	0	0	0	0	0	0	0	0	0	0	0	0		0
Hunter Renfrow	WR	10	0	0	0	0	0	5	0	1	0	0	0	0	0	0		0
Joey Slye	PK	10	0	0	0	0	0	0	0	0	0	0	0	0	0	0	49;47	2
Deonte Harty	WR	10	0	0	0	0	0	0	0	0	0	0	0	0	0	0		0
Diontae Johnson	WR	10	0	0	0	0	0	17	0	1	0	0	0	0	0	0		0
Kyler Murray	QB	10	249	0	1	33	1	0	0	0	0	0	0	0	0	0		0
T.J. Hockenson	TE	10	0	0	0	0	0	134	1	11	0	0	0	0	0	0		0
Miles Sanders	RB	10	0	0	0	-5	0	15	0	2	0	0	0	0	0	0		0
Devin Singletary	RB	10	0	0	0	150	1	11	0	1	0	0	0	0	0	0		0
Tony Pollard	RB	10	0	0	0	55	0	0	0	0	0	0	0	0	0	0		0
Matt Gay	PK	10	0	0	0	0	0	0	0	0	0	0	0	0	0	0	51	1
Gardner Minshew	QB	10	194	0	1	-1	0	0	0	0	0	0	0	0	0	0		0
Trayveon Williams	RB	10	0	0	0	0	0	2	0	1	0	0	0	0	0	0		0
Scott Miller	WR	10	0	0	0	0	0	2	1	1	0	0	0	0	0	0		0
Donald Parham	TE	10	0	0	0	0	0	18	0	2	0	0	0	0	0	0		0
Trenton Irwin	WR	10	0	0	0	0	0	54	1	2	0	0	0	0	0	0		0
Chase McLaughlin	PK	10	0	0	0	0	0	0	0	0	0	0	0	0	0	0	25;35	2
Lil'Jordan Humphrey	WR	10	0	0	0	0	0	14	0	1	0	0	0	0	0	0		0
Jalen Guyton	WR	10	0	0	0	0	0	41	1	4	0	0	0	0	0	0		0
Malik Taylor	WR	10	0	0	0	0	0	6	0	1	0	0	0	0	0	0		0
Greg Dortch	WR	10	0	0	0	0	0	0	0	0	0	0	0	0	0	0		0
Darius Slayton	WR	10	0	0	0	0	0	21	0	3	0	0	0	0	0	0		0
Ty Johnson	RB	10	0	0	0	2	0	0	0	0	0	0	0	0	0	0		0
D'Ernest Johnson	RB	10	0	0	0	12	0	28	0	2	0	0	0	0	0	0		0
Drew Sample	TE	10	0	0	0	0	0	12	0	2	0	0	0	0	0	0		0
Parris Campbell	WR	10	0	0	0	0	0	6	0	1	0	0	0	0	0	0		0
DK Metcalf	WR	10	0	0	0	0	0	98	0	7	0	0	0	0	0	0		0
Noah Fant	TE	10	0	0	0	0	0	6	0	2	0	0	0	0	0	0		0
Gunner Olszewski	WR	10	0	0	0	0	0	0	0	0	0	0	0	0	0	0		0
Terry McLaurin	WR	10	0	0	0	0	0	33	0	4	0	0	0	0	0	0		0
Marquise Brown	WR	10	0	0	0	0	0	28	0	1	0	0	0	0	0	0		0
David Montgomery	RB	10	0	0	0	116	1	0	0	0	0	0	0	0	0	0		0
Josh Jacobs	RB	10	0	0	0	116	0	11	0	2	0	1	0	0	0	0		0
Miles Boykin	WR	10	0	0	0	0	0	0	0	0	0	0	0	0	0	0		0
Deebo Samuel Sr.	WR	10	0	0	0	29	1	30	0	4	0	0	0	0	0	0		0
Mitchell Wilcox	TE	10	0	0	0	0	0	0	0	0	0	0	0	0	0	0		0
Tony Jones	RB	10	0	0	0	13	0	0	0	0	0	0	0	0	0	0		0
Sean McKeon	TE	10	0	0	0	0	0	0	0	0	0	0	0	0	0	0		0
Juwan Johnson	TE	10	0	0	0	0	0	2	0	1	0	0	0	0	0	0		0
James Proche	WR	10	0	0	0	0	0	0	0	0	0	0	0	0	0	0		0
Rico Dowdle	RB	10	0	0	0	79	1	0	0	0	0	0	0	0	0	0		0
Lawrence Cager	TE	10	0	0	0	0	0	10	1	1	0	0	0	0	0	0		0
Tyler Bass	PK	10	0	0	0	0	0	0	0	0	0	0	0	0	0	0		2
Isaiah Hodgins	WR	10	0	0	0	0	0	0	0	0	0	0	0	0	0	0		0
Nick Westbrook-Ikhine	WR	10	0	0	0	0	0	9	0	1	0	0	0	0	0	0		0
Gabe Davis	WR	10	0	0	0	0	0	56	0	2	0	0	0	0	0	1		0
Jonathan Taylor	RB	10	0	0	0	69	1	6	0	1	0	0	0	0	0	0		0
Harrison Bryant	TE	10	0	0	0	2	0	3	0	1	0	0	0	0	0	0		0
Colby Parkinson	TE	10	0	0	0	0	0	3	0	1	0	0	0	0	0	0		0
Zack Moss	RB	10	0	0	0	2	0	0	0	0	0	0	0	0	0	0		0
Michael Pittman	WR	10	0	0	0	0	0	84	0	8	0	0	0	0	0	0		0
Jauan Jennings	WR	10	0	0	0	0	0	8	0	1	0	0	0	0	0	0		0
Brandon Aiyuk	WR	10	0	0	0	0	0	55	1	3	0	0	0	0	0	0		0
Jordan Love	QB	10	289	2	2	11	0	0	0	0	0	0	0	0	0	0		0
AJ Dillon	RB	10	0	0	0	70	0	11	0	1	0	0	0	0	0	0		0
Cole Kmet	TE	10	0	0	0	1	0	45	0	5	0	0	0	0	0	0		0
Darrynton Evans	RB	10	0	0	0	5	0	0	0	0	0	0	0	0	0	0		0
Darnell Mooney	WR	10	0	0	0	0	0	14	0	2	0	0	0	0	0	0		0
Antonio Gibson	RB	10	0	0	0	13	0	42	1	5	0	0	0	0	0	0		0
Devin Duvernay	WR	10	0	0	0	0	0	0	0	0	0	0	0	0	0	0		0
Josiah Deguara	TE	10	0	0	0	0	0	0	0	0	0	0	0	0	0	0		0
Anthony McFarland	RB	10	0	0	0	0	0	0	0	0	0	0	0	0	0	0		0
Justin Herbert	QB	10	323	4	1	15	0	0	0	0	0	0	0	0	0	0		0
CeeDee Lamb	WR	10	0	0	0	14	1	151	1	11	0	0	0	0	0	0		0
Lynn Bowden	WR	10	0	0	0	0	0	12	0	1	0	0	0	0	0	0		0
Joshua Kelley	RB	10	0	0	0	16	0	0	0	0	0	0	0	0	0	0		0
Jerry Jeudy	WR	10	0	0	0	0	0	35	0	3	0	0	0	0	0	0		0
Van Jefferson	WR	10	0	0	0	0	0	0	0	0	0	0	0	0	0	0		0
Adam Trautman	TE	10	0	0	0	0	0	15	0	2	0	0	0	0	0	0		0
DeeJay Dallas	RB	10	0	0	0	0	0	0	0	0	0	0	0	0	0	0		0
Joe Burrow	QB	10	347	2	2	20	0	0	0	0	0	0	0	0	0	0		0
Matt Ammendola	PK	10	0	0	0	0	0	0	0	0	0	0	0	0	0	0	45;22;38	3
Mike Strachan	WR	10	0	0	0	0	0	45	0	1	0	0	0	0	0	0		0
Tim Jones	WR	10	0	0	0	0	0	17	0	2	0	0	0	0	0	0		0
Rashod Bateman	WR	10	0	0	0	0	0	25	0	2	0	0	0	0	0	0		0
Chuba Hubbard	RB	10	0	0	0	23	0	16	0	2	0	0	0	0	0	0		0
Elijah Mitchell	RB	10	0	0	0	23	0	0	0	0	0	0	0	0	0	0		0
Dyami Brown	WR	10	0	0	0	0	0	41	1	2	0	0	0	0	0	0		0
John Bates	TE	10	0	0	0	0	0	21	0	3	0	0	0	0	0	0		0
Ihmir Smith-Marsette	WR	10	0	0	0	0	0	0	0	0	0	0	0	0	0	0		0
Brock Wright	TE	10	0	0	0	0	0	23	1	2	0	0	0	0	0	0		0
Riley Patterson	PK	10	0	0	0	0	0	0	0	0	0	0	0	0	0	0	33;41	5
Kene Nwangwu	RB	10	0	0	0	9	0	0	0	0	0	0	0	0	0	0		0
Evan McPherson	PK	10	0	0	0	0	0	0	0	0	0	0	0	0	0	0	50;31	3
Chris Evans	RB	10	0	0	0	0	0	0	0	0	0	0	0	0	0	0		0
Rhamondre Stevenson	RB	10	0	0	0	88	0	14	0	3	0	0	0	0	0	0		0
Kylen Granson	TE	10	0	0	0	0	0	5	0	1	0	0	0	0	0	0		0
Najee Harris	RB	10	0	0	0	82	1	14	0	3	0	0	0	0	0	0		0
Ja'Marr Chase	WR	10	0	0	0	0	0	124	1	5	0	0	0	0	0	0		0
Michael Carter	RB	10	0	0	0	0	0	0	0	0	0	0	0	0	0	0		0
Kyle Trask	QB	10	0	0	0	-1	0	0	0	0	0	0	0	0	0	0		0
Rondale Moore	WR	10	0	0	0	0	0	43	0	5	0	0	0	0	0	0		0
Terrace Marshall Jr.	WR	10	0	0	0	0	0	11	0	1	0	0	0	0	0	0		0
Amon-Ra St. Brown	WR	10	0	0	0	9	0	156	1	8	0	0	0	0	0	0		0
Kyle Pitts	TE	10	0	0	0	0	0	30	0	3	0	0	0	0	0	0		0
Trevor Lawrence	QB	10	185	0	2	7	0	0	0	0	1	0	0	0	0	0		0
Mac Jones	QB	10	170	0	1	25	0	0	0	0	0	0	0	0	0	0		0
Travis Etienne	RB	10	0	0	0	35	0	9	0	2	0	0	0	0	0	0		0
Elijah Moore	WR	10	0	0	0	0	0	44	1	5	0	0	0	0	0	0		0
Javonte Williams	RB	10	0	0	0	79	0	31	1	4	0	0	0	0	0	0		0
Tommy Tremble	TE	10	0	0	0	0	0	16	0	3	0	0	0	0	0	0		0
Zach Wilson	QB	10	263	0	1	54	0	0	0	0	0	0	0	0	0	0		0
Sam Howell	QB	10	312	3	0	17	0	0	0	0	0	1	0	0	0	0		0
Cameron Dicker	PK	10	0	0	0	0	0	0	0	0	0	0	0	0	0	0	48	5
Jaylen Warren	RB	10	0	0	0	101	1	9	0	2	0	0	0	0	0	0		0
Drake London	WR	10	0	0	0	0	0	36	0	3	0	0	0	0	0	0		0
Chris Olave	WR	10	0	0	0	0	0	94	1	6	0	0	0	0	0	0		0
Jameson Williams	WR	10	0	0	0	0	0	18	0	2	0	0	0	0	0	0		0
George Pickens	WR	10	0	0	0	0	0	45	0	3	0	0	0	0	0	0		0
James Cook	RB	10	0	0	0	109	0	11	0	2	0	0	1	0	0	0		0
Rachaad White	RB	10	0	0	0	51	0	47	1	2	0	0	0	0	0	0		0
Khalil Shakir	WR	10	0	0	0	0	0	24	0	1	0	0	0	0	0	0		0
Tyler Allgeier	RB	10	0	0	0	31	0	7	0	1	0	0	0	0	0	0		0
Jerome Ford	RB	10	0	0	0	107	0	2	0	1	0	0	0	0	0	0		0
Kyle Philips	WR	10	0	0	0	0	0	61	0	3	0	0	0	0	0	0		0
Ty Chandler	RB	10	0	0	0	45	1	0	0	0	0	0	0	0	0	0		0
Jalen Nailor	WR	10	0	0	0	0	0	16	0	1	0	0	0	0	0	0		0
Keaontay Ingram	RB	10	0	0	0	2	0	0	0	0	0	0	0	0	0	0		0
Ko Kieft	TE	10	0	0	0	0	0	0	0	0	0	0	0	0	0	0		0
Jashaun Corbin	RB	10	0	0	0	1	0	12	0	3	0	0	0	0	0	0		0
Raheem Blackshear	RB	10	0	0	0	7	0	6	0	1	0	0	0	0	0	0		0
Rod Williams	TE	10	0	0	0	0	0	0	0	0	0	0	0	0	0	0		0
Stone Smartt	TE	10	0	0	0	0	0	0	0	0	0	0	0	0	0	0		0
Deven Thompkins	WR	10	0	0	0	6	0	5	0	1	0	0	0	0	0	0		0
Jordan Mason	RB	10	0	0	0	0	0	0	0	0	0	0	0	0	0	0		0
Lucas Krull	TE	10	0	0	0	0	0	0	0	0	0	0	0	0	0	0		0
Rashid Shaheed	WR	10	0	0	0	0	0	24	0	5	0	0	0	0	0	0		0
John Metchie III	WR	10	0	0	0	0	0	25	0	2	0	0	0	0	0	0		0
Alec Pierce	WR	10	0	0	0	0	0	21	0	1	0	0	0	0	0	0		0
Jalen Tolbert	WR	10	0	0	0	0	0	2	0	2	0	0	0	0	0	0		0
Brandon Aubrey	PK	10	0	0	0	0	0	0	0	0	0	0	0	0	0	0		7
Garrett Wilson	WR	10	0	0	0	0	0	93	0	9	0	0	0	0	0	0		0
Jahan Dotson	WR	10	0	0	0	0	0	0	0	0	0	0	0	0	0	0		0
Trey McBride	TE	10	0	0	0	0	0	131	0	8	0	0	0	0	0	0		0
Brian Robinson	RB	10	0	0	0	38	0	119	1	6	0	0	0	0	0	0		0
Chig Okonkwo	TE	10	0	0	0	0	0	27	0	3	0	0	0	0	0	0		0
Romeo Doubs	WR	10	0	0	0	0	0	31	1	3	0	0	0	0	0	0		0
Brock Purdy	QB	10	296	3	0	0	0	0	0	0	0	0	0	0	0	0		0
Calvin Austin III	WR	10	0	0	0	6	0	3	0	1	0	0	0	0	0	0		0
Isaiah Likely	TE	10	0	0	0	0	0	5	0	1	0	0	0	0	0	0		0
Zamir White	RB	10	0	0	0	5	0	0	0	0	0	0	0	0	0	0		0
Jake Ferguson	TE	10	0	0	0	0	0	26	1	4	0	0	0	0	0	0		0
Pierre Strong	RB	10	0	0	0	0	0	0	0	0	0	0	0	0	0	0		0
Kenny Pickett	QB	10	126	0	0	16	0	0	0	0	0	0	0	0	0	0		0
Bailey Zappe	QB	10	25	0	1	0	0	0	0	0	0	0	0	0	0	0		0
Daniel Bellinger	TE	10	0	0	0	0	0	34	0	2	0	0	0	0	0	0		0
Wan'Dale Robinson	WR	10	0	0	0	0	0	6	0	2	0	0	0	0	0	0		0
Breece Hall	RB	10	0	0	0	28	0	47	0	3	0	0	0	0	0	0		0
Desmond Ridder	QB	10	39	0	0	11	1	0	0	0	0	0	0	0	0	0		0
Christian Watson	WR	10	0	0	0	0	0	23	0	2	0	0	0	0	0	0		0
Cade Otton	TE	10	0	0	0	0	0	10	0	2	0	0	0	0	0	0		0
Kenneth Walker III	RB	10	0	0	0	63	0	64	1	1	0	0	0	0	0	0		0
Dontayvion Wicks	WR	10	0	0	0	0	0	51	0	3	0	0	0	0	0	0		0
Will Mallory	TE	10	0	0	0	0	0	7	0	1	0	0	0	0	0	0		0
Anders Carlson	PK	10	0	0	0	0	0	0	0	0	0	0	0	0	0	0	31;28	1
Tyson Bagent	QB	10	162	0	0	12	0	0	0	0	0	0	0	0	0	0		0
Keaton Mitchell	RB	10	0	0	0	34	1	32	0	1	0	0	0	0	0	0		0
Tommy DeVito	QB	10	86	2	1	41	0	0	0	0	0	0	0	0	0	0		0
Brady Russell	RB	10	0	0	0	0	0	0	0	0	0	0	0	0	0	0		0
Xavier Gipson	WR	10	0	0	0	0	0	24	0	1	0	0	0	0	0	0		0
Bijan Robinson	RB	10	0	0	0	95	1	11	0	1	0	0	0	0	0	0		0
Jaxon Smith-Njigba	WR	10	0	0	0	0	0	53	0	4	0	0	0	0	0	0		0
Quentin Johnston	WR	10	0	0	0	0	0	34	1	4	0	0	0	0	0	0		0
Luke Schoonmaker	TE	10	0	0	0	0	0	0	0	0	0	0	0	0	0	0		0
Tank Bigsby	RB	10	0	0	0	5	0	0	0	0	0	0	0	0	0	0		0
Darnell Washington	TE	10	0	0	0	0	0	6	0	1	0	0	0	0	0	0		0
Michael Wilson	WR	10	0	0	0	0	0	34	0	3	0	0	0	0	0	0		0
Jake Moody	PK	10	0	0	0	0	0	0	0	0	0	0	0	0	0	0	39;35	4
Tre Tucker	WR	10	0	0	0	9	0	0	0	0	0	0	0	0	0	0		0
Chad Ryland	PK	10	0	0	0	0	0	0	0	0	0	0	0	0	0	0	37;24	0
Derius Davis	WR	10	0	0	0	0	0	7	0	2	0	0	0	0	0	0		0
Aidan O'Connell	QB	10	153	1	1	3	0	0	0	0	0	0	0	0	0	0		0
Clayton Tune	QB	10	0	0	0	1	1	0	0	0	0	0	0	0	0	0		0
Josh Whyle	TE	10	0	0	0	0	0	16	0	2	0	0	0	0	0	0		0
Kayshon Boutte	WR	10	0	0	0	0	0	11	0	1	0	0	0	0	0	0		0
A.T. Perry	WR	10	0	0	0	0	0	38	1	2	0	0	0	0	0	0		0
Xavier Hutchinson	WR	10	0	0	0	17	0	0	0	0	0	0	0	0	0	0		0
Andrei Iosivas	WR	10	0	0	0	0	0	0	0	0	0	0	0	0	0	0		0
DeMario Douglas	WR	10	0	0	0	0	0	84	0	6	0	0	0	0	0	0		0
Deuce Vaughn	RB	10	0	0	0	-2	0	11	0	1	0	0	0	0	0	0		0
Jalen Brooks	WR	10	0	0	0	0	0	39	0	4	0	0	0	0	0	0		0
Ronnie Bell	WR	10	0	0	0	0	0	20	0	1	0	0	0	0	0	0		0
Jake Bobo	WR	10	0	0	0	0	0	13	0	2	0	0	0	0	0	0		0
Jaleel McLaughlin	RB	10	0	0	0	8	0	4	0	2	0	0	0	0	0	0		0
Shedrick Jackson	WR	10	0	0	0	0	0	0	0	0	0	0	0	0	0	0		0
Blake Grupe	PK	10	0	0	0	0	0	0	0	0	0	0	0	0	0	0	48	0
Dalton Kincaid	TE	10	0	0	0	0	0	51	1	5	0	0	0	0	0	0		0
Brenton Strange	TE	10	0	0	0	0	0	0	0	0	0	0	0	0	0	0		0
Jalin Hyatt	WR	10	0	0	0	0	0	0	0	0	0	0	0	0	0	0		0
Tyler Scott	WR	10	0	0	0	16	0	15	0	1	0	0	0	0	0	0		0
Marvin Mims Jr.	WR	10	0	0	0	-3	0	0	0	0	0	0	0	0	0	0		0
Tank Dell	WR	10	0	0	0	13	0	56	1	6	0	0	0	0	0	0		0
Cedric Tillman	WR	10	0	0	0	0	0	0	0	0	0	0	0	0	0	0		0
Jordan Addison	WR	10	0	0	0	0	0	69	0	4	0	0	0	0	0	0		0
Tucker Kraft	TE	10	0	0	0	0	0	6	0	1	0	0	0	0	0	0		0
Josh Downs	WR	10	0	0	0	0	0	40	0	2	0	0	0	0	0	0		0
Roschon Johnson	RB	10	0	0	0	18	0	14	0	4	0	0	0	0	0	0		0
Tyjae Spears	RB	10	0	0	0	18	0	42	0	4	0	0	0	0	0	0		0
Elijah Higgins	TE	10	0	0	0	0	0	0	0	0	0	0	0	0	0	0		0
Trey Palmer	WR	10	0	0	0	0	0	21	0	2	0	0	0	0	0	0		0
Jonathan Mingo	WR	10	0	0	0	0	0	20	0	3	0	0	0	0	0	0		0
Zay Flowers	WR	10	0	0	0	0	0	73	0	5	0	0	0	0	0	0		0
Sam LaPorta	TE	10	0	0	0	0	0	40	0	4	0	0	0	0	0	0		0
Michael Mayer	TE	10	0	0	0	0	0	19	1	3	0	0	0	0	0	0		0
Jahmyr Gibbs	RB	10	0	0	0	77	2	35	0	3	0	0	0	0	0	0		0
Luke Musgrave	TE	10	0	0	0	0	0	64	0	2	0	0	0	0	0	0		0
Jayden Reed	WR	10	0	0	0	0	0	84	1	5	0	0	0	0	0	0		0
Bryce Young	QB	10	185	0	0	18	0	0	0	0	0	0	0	0	0	0		0
Will Levis	QB	10	199	0	1	0	0	0	0	0	0	0	0	0	0	0		0
C.J. Stroud	QB	10	356	1	1	8	1	0	0	0	1	1	0	0	0	0		0
Zach Charbonnet	RB	10	0	0	0	44	0	18	0	4	0	0	0	0	0	0		0
Matt Prater	PK	11	0	0	0	0	0	0	0	0	0	0	0	0	0	0	57	1
Marcedes Lewis	TE	11	0	0	0	0	0	0	0	0	0	0	0	0	0	0		0
Nick Folk	PK	11	0	0	0	0	0	0	0	0	0	0	0	0	0	0		2
Matthew Stafford	QB	11	190	1	1	1	0	0	0	0	0	0	0	0	0	0		0
Julio Jones	WR	11	0	0	0	0	0	5	0	2	0	0	0	0	0	0		0
Russell Wilson	QB	11	259	1	0	1	0	0	0	0	0	0	0	0	0	0		0
Randy Bullock	PK	11	0	0	0	0	0	0	0	0	0	0	0	0	0	0	36	4
Justin Tucker	PK	11	0	0	0	0	0	0	0	0	0	0	0	0	0	0	25;47	4
Greg Zuerlein	PK	11	0	0	0	0	0	0	0	0	0	0	0	0	0	0		0
Brandon McManus	PK	11	0	0	0	0	0	0	0	0	0	0	0	0	0	0	30;25	4
Adam Thielen	WR	11	0	0	0	0	0	74	0	8	0	0	0	0	0	0		0
Dustin Hopkins	PK	11	0	0	0	0	0	0	0	0	0	0	0	0	0	0	25;34	1
Keenan Allen	WR	11	0	0	0	0	0	116	1	10	0	0	0	0	0	0		0
Robert Woods	WR	11	0	0	0	0	0	44	0	5	0	0	0	0	0	0		0
Travis Kelce	TE	11	0	0	0	0	0	44	1	7	0	0	1	0	0	0		0
Latavius Murray	RB	11	0	0	0	35	0	0	0	0	0	0	0	0	0	0		0
DeAndre Hopkins	WR	11	0	0	0	0	0	59	1	4	0	0	0	0	0	0		0
Geno Smith	QB	11	233	1	0	-1	0	0	0	0	0	0	0	0	0	0		0
Chris Boswell	PK	11	0	0	0	0	0	0	0	0	0	0	0	0	0	0	28	1
Cairo Santos	PK	11	0	0	0	0	0	0	0	0	0	0	0	0	0	0	31;53;40;39	2
Odell Beckham Jr.	WR	11	0	0	0	0	0	116	0	4	0	0	0	0	0	0		0
Brandin Cooks	WR	11	0	0	0	0	0	42	0	3	0	0	0	0	0	0		0
Logan Thomas	TE	11	0	0	0	0	0	58	0	5	0	0	1	0	0	0		0
Jerick McKinnon	RB	11	0	0	0	7	0	8	0	2	0	0	0	0	0	0		0
Davante Adams	WR	11	0	0	0	0	0	82	1	7	0	0	0	0	0	0		0
Mike Evans	WR	11	0	0	0	0	0	43	1	5	0	0	0	0	0	0		0
Allen Robinson	WR	11	0	0	0	0	0	20	0	3	0	0	0	0	0	0		0
Jason Myers	PK	11	0	0	0	0	0	0	0	0	0	0	0	0	0	0	54;43;52	1
Amari Cooper	WR	11	0	0	0	0	0	34	0	4	0	0	0	0	0	0		0
Nelson Agholor	WR	11	0	0	0	0	0	37	1	1	0	0	0	0	0	0		0
Stefon Diggs	WR	11	0	0	0	0	0	27	0	4	0	0	0	0	0	0		0
Raheem Mostert	RB	11	0	0	0	86	0	7	0	1	0	0	0	0	0	0		0
DeAndre Carter	WR	11	0	0	0	0	0	0	0	0	0	0	0	0	0	0		0
Jamison Crowder	WR	11	0	0	0	0	0	12	0	2	0	0	0	0	0	0		0
Ameer Abdullah	RB	11	0	0	0	0	0	4	0	1	0	0	0	0	0	0		0
C.J. Uzomah	TE	11	0	0	0	0	0	0	0	0	0	0	0	0	0	0		0
Geoff Swaim	TE	11	0	0	0	0	0	15	0	2	0	0	0	0	0	0		0
Tyler Lockett	WR	11	0	0	0	0	0	51	0	5	0	0	0	0	0	0		0
Sterling Shepard	WR	11	0	0	0	0	0	5	0	1	0	0	0	0	0	0		0
Austin Hooper	TE	11	0	0	0	0	0	0	0	0	0	0	0	0	0	0		0
Chris Moore	WR	11	0	0	0	38	0	49	0	1	0	0	0	0	0	0		0
Kalif Raymond	WR	11	0	0	0	0	0	5	0	1	0	0	0	0	0	0		0
Alex Erickson	WR	11	0	0	0	0	0	12	0	1	0	0	0	0	0	0		0
Wil Lutz	PK	11	0	0	0	0	0	0	0	0	0	0	0	0	0	0	31;31;52;37;28	0
Robbie Chosen	WR	11	0	0	0	0	0	39	0	2	0	0	0	0	0	0		0
Derrick Henry	RB	11	0	0	0	38	0	6	0	1	0	0	0	0	0	0		0
Demarcus Robinson	WR	11	0	0	0	0	0	24	0	2	0	0	0	0	0	0		0
Tyler Boyd	WR	11	0	0	0	0	0	22	0	3	0	0	0	0	0	0		0
Tyreek Hill	WR	11	0	0	0	0	0	146	1	10	0	0	0	0	0	0		0
Dak Prescott	QB	11	189	2	0	6	0	0	0	0	0	0	0	0	0	0		0
Jared Goff	QB	11	236	2	3	3	0	0	0	0	0	0	0	1	0	0		0
Tyler Higbee	TE	11	0	0	0	0	0	17	0	1	0	0	0	0	0	0		0
Christian McCaffrey	RB	11	0	0	0	78	0	25	1	5	0	0	0	0	0	0		0
Curtis Samuel	WR	11	0	0	0	0	0	5	0	1	0	0	0	0	0	0		0
George Kittle	TE	11	0	0	0	0	0	89	1	8	0	0	0	0	0	0		0
Trent Taylor	WR	11	0	0	0	0	0	0	0	0	0	0	0	0	0	0		0
Aaron Jones	RB	11	0	0	0	14	0	3	0	1	0	0	0	0	0	0		0
Harrison Butker	PK	11	0	0	0	0	0	0	0	0	0	0	0	0	0	0	43	2
Matt Breida	RB	11	0	0	0	-1	0	0	0	0	0	0	0	0	0	0		0
Samaje Perine	RB	11	0	0	0	7	0	60	0	7	0	0	0	0	0	0		0
James Conner	RB	11	0	0	0	62	0	1	0	2	0	0	0	0	0	0		0
Cooper Rush	QB	11	15	0	0	-3	0	0	0	0	0	0	0	0	0	0		0
Austin Ekeler	RB	11	0	0	0	64	0	6	0	2	0	1	0	0	0	0		0
Jake Elliott	PK	11	0	0	0	0	0	0	0	0	0	0	0	0	0	0		3
Patrick Mahomes	QB	11	177	2	1	38	0	0	0	0	0	0	0	0	0	0		0
Evan Engram	TE	11	0	0	0	0	0	29	0	4	0	0	0	0	0	0		0
David Njoku	TE	11	0	0	0	0	0	56	0	7	0	0	0	0	0	0		0
Zay Jones	WR	11	0	0	0	0	0	20	0	4	0	0	0	0	0	0		0
Dalvin Cook	RB	11	0	0	0	13	0	0	0	0	0	0	0	0	0	0		0
Joe Mixon	RB	11	0	0	0	69	0	31	1	5	0	0	0	0	0	0		0
Cooper Kupp	WR	11	0	0	0	0	0	11	0	1	0	0	0	0	0	0		0
Chris Godwin Jr.	WR	11	0	0	0	0	0	39	0	6	0	0	0	0	0	0		0
Kareem Hunt	RB	11	0	0	0	36	0	1	0	3	0	0	0	0	0	0		0
D'Onta Foreman	RB	11	0	0	0	14	1	0	0	0	0	0	0	0	0	0		0
Josh Reynolds	WR	11	0	0	0	0	0	11	0	1	0	0	0	0	0	0		0
Joshua Dobbs	QB	11	221	1	1	21	1	0	0	0	0	1	0	0	0	0		0
Will Dissly	TE	11	0	0	0	0	0	9	0	1	0	0	0	0	0	0		0
Daniel Carlson	PK	11	0	0	0	0	0	0	0	0	0	0	0	0	0	0	34;47	1
Eddy Pineiro	PK	11	0	0	0	0	0	0	0	0	0	0	0	0	0	0	42	1
Tim Boyle	QB	11	33	0	1	1	0	0	0	0	0	0	0	0	0	0		0
Gus Edwards	RB	11	0	0	0	62	2	8	0	2	0	0	0	0	0	0		0
Mike Boone	RB	11	0	0	0	0	0	5	0	1	0	0	0	0	0	0		0
Tyler Conklin	TE	11	0	0	0	0	0	18	0	2	0	0	0	0	0	0		0
Marquez Valdes-Scantling	WR	11	0	0	0	0	0	0	0	0	0	0	0	0	0	0		0
Equanimeous St. Brown	WR	11	0	0	0	0	0	19	0	2	0	0	0	0	0	0		0
Byron Pringle	WR	11	0	0	0	0	0	22	0	3	0	0	0	0	0	0		0
Courtland Sutton	WR	11	0	0	0	0	0	66	1	4	0	0	0	0	0	0		0
Dalton Schultz	TE	11	0	0	0	0	0	32	1	2	0	0	0	0	0	0		0
Justin Watson	WR	11	0	0	0	0	0	53	1	5	0	0	0	0	0	0		0
Ray-Ray McCloud	WR	11	0	0	0	0	0	0	0	0	0	0	0	0	0	0		0
Boston Scott	RB	11	0	0	0	8	0	0	0	0	0	0	0	0	0	0		0
Cedrick Wilson Jr.	WR	11	0	0	0	0	0	23	0	3	0	0	0	0	0	0		0
Greg Joseph	PK	11	0	0	0	0	0	0	0	0	0	0	0	0	0	0	34;30	2
Allen Lazard	WR	11	0	0	0	0	0	0	0	0	0	0	0	0	0	0		0
Kyle Allen	QB	11	0	0	0	-2	0	0	0	0	0	0	0	0	0	0		0
Tanner Hudson	TE	11	0	0	0	0	0	49	0	4	0	0	0	0	0	0		0
Brandon Powell	WR	11	0	0	0	0	0	32	0	3	0	0	0	0	0	0		0
Chase Edmonds	RB	11	0	0	0	8	0	11	0	1	0	0	0	0	0	0		0
Mark Andrews	TE	11	0	0	0	0	0	23	0	2	0	0	0	0	0	0		0
Michael Gallup	WR	11	0	0	0	0	0	31	0	3	0	0	0	0	0	0		0
Christian Kirk	WR	11	0	0	0	0	0	48	0	3	0	0	0	0	0	0		0
Jason Sanders	PK	11	0	0	0	0	0	0	0	0	0	0	0	0	0	0	41;51	2
Lamar Jackson	QB	11	264	2	0	54	0	0	0	0	0	0	0	0	0	0		0
DJ Moore	WR	11	0	0	0	0	0	96	1	7	0	0	0	0	0	0		0
Calvin Ridley	WR	11	0	0	0	18	0	103	2	7	0	0	0	0	0	0		0
Royce Freeman	RB	11	0	0	0	73	0	0	0	0	0	0	0	0	0	0		0
Saquon Barkley	RB	11	0	0	0	83	0	57	2	4	0	0	0	0	0	0		0
Baker Mayfield	QB	11	246	1	1	5	0	0	0	0	1	0	0	0	0	0		0
Josh Allen	QB	11	275	3	1	15	0	0	0	0	0	0	0	0	0	0		0
Steven Sims	WR	11	0	0	0	0	0	25	0	2	0	0	0	0	0	0		0
Jakobi Meyers	WR	11	0	0	0	0	0	49	0	4	0	0	0	0	0	0		0
Irv Smith	TE	11	0	0	0	0	0	0	0	0	0	0	0	0	0	0		0
Alexander Mattison	RB	11	0	0	0	81	0	-1	0	1	0	1	0	0	0	0		0
Justice Hill	RB	11	0	0	0	1	0	6	0	1	0	0	0	0	0	0		0
Hunter Renfrow	WR	11	0	0	0	0	0	42	0	5	0	0	0	0	0	0		0
Jake Browning	QB	11	68	1	0	40	0	0	0	0	0	0	0	0	0	0		0
Mecole Hardman	WR	11	0	0	0	0	0	12	0	2	0	0	0	0	0	0		0
Joey Slye	PK	11	0	0	0	0	0	0	0	0	0	0	0	0	0	0	23;42	1
Olamide Zaccheaus	WR	11	0	0	0	0	0	0	0	0	0	0	0	0	0	0		0
Deonte Harty	WR	11	0	0	0	-2	0	0	0	0	0	0	0	0	0	0		0
Diontae Johnson	WR	11	0	0	0	0	0	16	0	2	0	0	0	0	0	0		0
Kyler Murray	QB	11	214	1	1	51	1	0	0	0	0	0	0	0	0	0		0
T.J. Hockenson	TE	11	0	0	0	0	0	55	0	4	0	0	0	0	0	0		0
Miles Sanders	RB	11	0	0	0	50	0	2	0	1	0	0	0	0	0	0		0
Josh Oliver	TE	11	0	0	0	0	0	47	1	4	0	0	0	0	0	0		0
Devin Singletary	RB	11	0	0	0	112	1	6	0	2	0	0	0	0	0	0		0
Trevon Wesco	TE	11	0	0	0	0	0	0	0	0	0	0	0	0	0	0		0
Tony Pollard	RB	11	0	0	0	61	1	19	0	4	0	0	0	0	0	0		0
Trayveon Williams	RB	11	0	0	0	20	0	0	0	0	0	0	0	0	0	0		0
Donald Parham	TE	11	0	0	0	0	0	57	0	4	0	0	0	0	0	0		0
Trenton Irwin	WR	11	0	0	0	0	0	36	0	3	0	0	0	0	0	0		0
Chase McLaughlin	PK	11	0	0	0	0	0	0	0	0	0	0	0	0	0	0		2
Lil'Jordan Humphrey	WR	11	0	0	0	0	0	0	0	0	0	0	0	0	0	0		0
Greg Dortch	WR	11	0	0	0	0	0	76	0	6	0	0	0	0	0	0		0
Darius Slayton	WR	11	0	0	0	0	0	82	1	4	0	0	0	0	0	0		0
Ty Johnson	RB	11	0	0	0	11	0	47	1	3	0	0	0	0	0	0		0
Jesper Horsted	TE	11	0	0	0	0	0	0	0	0	0	0	0	0	0	0		0
Craig Reynolds	RB	11	0	0	0	0	0	0	0	0	0	0	0	0	0	0		0
D'Ernest Johnson	RB	11	0	0	0	20	0	34	0	1	0	0	0	0	0	0		0
Drew Sample	TE	11	0	0	0	0	0	19	0	2	0	0	0	0	0	0		0
DK Metcalf	WR	11	0	0	0	0	0	94	1	5	0	0	0	0	0	0		0
Noah Fant	TE	11	0	0	0	0	0	4	0	1	0	0	0	0	0	0		0
Gunner Olszewski	WR	11	0	0	0	0	0	0	0	0	0	0	0	0	0	0		0
Terry McLaurin	WR	11	0	0	0	0	0	43	0	5	0	0	0	0	0	0		0
Marquise Brown	WR	11	0	0	0	-6	0	18	0	2	0	0	0	0	0	0		0
Darrell Henderson	RB	11	0	0	0	1	1	28	0	4	0	0	0	0	0	0		0
A.J. Brown	WR	11	0	0	0	0	0	8	0	1	0	0	0	0	0	0		0
David Montgomery	RB	11	0	0	0	76	1	22	0	2	0	0	0	0	0	0		0
Josh Jacobs	RB	11	0	0	0	39	0	12	0	1	0	0	0	0	0	0		0
Drew Lock	QB	11	3	0	1	0	0	0	0	0	0	0	0	0	0	0		0
Derrick Gore	RB	11	0	0	0	23	0	0	0	0	0	0	0	0	0	0		0
Deebo Samuel Sr.	WR	11	0	0	0	-1	0	63	0	3	0	0	0	0	0	0		0
Tony Jones	RB	11	0	0	0	10	0	11	0	1	0	0	0	0	0	0		0
Salvon Ahmed	RB	11	0	0	0	6	0	25	1	3	0	0	0	0	0	0		0
Sean McKeon	TE	11	0	0	0	0	0	0	0	0	0	0	0	0	0	0		0
James Proche	WR	11	0	0	0	0	0	0	0	0	0	0	0	0	0	0		0
Rico Dowdle	RB	11	0	0	0	23	0	-3	0	2	0	0	0	0	0	0		0
Tyler Bass	PK	11	0	0	0	0	0	0	0	0	0	0	0	0	0	0	48;30;33;50	2
Isaiah Hodgins	WR	11	0	0	0	0	0	22	0	2	0	0	0	0	0	0		0
Nick Westbrook-Ikhine	WR	11	0	0	0	0	0	7	0	1	0	0	0	0	0	0		0
Reggie Gilliam	RB	11	0	0	0	0	0	0	0	0	0	0	0	0	0	0		0
Tua Tagovailoa	QB	11	325	2	1	6	0	0	0	0	0	1	0	0	0	0		0
Donovan Peoples-Jones	WR	11	0	0	0	0	0	0	0	0	0	0	0	0	0	0		0
Colby Parkinson	TE	11	0	0	0	0	0	0	0	0	0	0	0	0	0	0		0
Jauan Jennings	WR	11	0	0	0	0	0	0	0	0	0	0	0	0	0	0		0
Brandon Aiyuk	WR	11	0	0	0	0	0	156	1	5	0	0	0	0	0	0		0
Jordan Love	QB	11	322	2	0	0	0	0	0	0	0	0	0	0	0	0		0
AJ Dillon	RB	11	0	0	0	29	0	32	0	4	0	0	0	0	0	0		0
Laviska Shenault Jr.	WR	11	0	0	0	0	0	9	0	2	0	0	0	0	0	0		0
D'Andre Swift	RB	11	0	0	0	76	1	31	0	3	0	0	0	0	0	0		0
Cole Kmet	TE	11	0	0	0	0	0	20	0	3	0	0	0	0	0	0		0
Darnell Mooney	WR	11	0	0	0	0	0	24	0	1	0	0	0	0	0	0		0
Devin Duvernay	WR	11	0	0	0	0	0	0	0	0	0	0	0	0	0	0		0
Anthony McFarland	RB	11	0	0	0	0	0	0	0	0	0	0	0	0	0	0		0
K.J. Osborn	WR	11	0	0	0	0	0	7	0	1	0	0	0	0	0	0		0
Justin Herbert	QB	11	260	2	0	73	0	0	0	0	0	0	0	0	0	0		0
CeeDee Lamb	WR	11	0	0	0	7	0	38	1	6	0	0	0	0	0	0		0
Clyde Edwards-Helaire	RB	11	0	0	0	20	0	0	0	0	0	0	0	0	0	0		0
Joshua Kelley	RB	11	0	0	0	13	0	0	0	0	0	0	0	0	0	0		0
Jalen Hurts	QB	11	150	0	1	29	2	0	0	0	0	0	0	0	0	0		0
Jerry Jeudy	WR	11	0	0	0	0	0	58	0	5	0	0	0	0	0	0		0
Adam Trautman	TE	11	0	0	0	0	0	33	0	2	0	0	0	0	0	0		0
DeeJay Dallas	RB	11	0	0	0	4	0	10	0	1	0	0	0	0	0	0		0
Charlie Woerner	TE	11	0	0	0	0	0	0	0	0	0	0	0	0	0	0		0
Stephen Sullivan	TE	11	0	0	0	0	0	20	0	1	0	0	0	0	0	0		0
Joe Burrow	QB	11	101	1	0	7	0	0	0	0	0	0	0	0	0	0		0
Matt Ammendola	PK	11	0	0	0	0	0	0	0	0	0	0	0	0	0	0		3
DJ Turner	WR	11	0	0	0	0	0	0	0	0	0	0	0	0	0	0		0
Rashod Bateman	WR	11	0	0	0	0	0	10	1	1	0	0	0	0	0	0		0
Nico Collins	WR	11	0	0	0	0	0	65	0	7	0	0	0	0	0	0		0
Chuba Hubbard	RB	11	0	0	0	57	0	8	0	2	0	0	0	0	0	0		0
Elijah Mitchell	RB	11	0	0	0	24	0	0	0	0	0	0	0	0	0	0		0
Quintin Morris	TE	11	0	0	0	0	0	11	0	1	0	0	0	0	0	0		0
Jaylen Waddle	WR	11	0	0	0	0	0	55	0	4	0	0	0	0	0	0		0
Dee Eskridge	WR	11	0	0	0	0	0	0	0	0	0	0	0	0	0	0		0
Dyami Brown	WR	11	0	0	0	0	0	7	0	1	0	0	0	0	0	0		0
John Bates	TE	11	0	0	0	0	0	15	0	2	0	0	0	0	0	0		0
Ihmir Smith-Marsette	WR	11	0	0	0	0	0	0	0	0	0	0	0	0	0	0		0
Noah Gray	TE	11	0	0	0	0	0	0	0	0	0	0	0	0	0	0		0
Jack Stoll	TE	11	0	0	0	0	0	3	0	1	0	0	0	0	0	0		0
Brock Wright	TE	11	0	0	0	0	0	0	0	0	0	0	0	0	0	0		0
Riley Patterson	PK	11	0	0	0	0	0	0	0	0	0	0	0	0	0	0		3
Austin Trammell	WR	11	0	0	0	0	0	23	0	3	0	0	0	0	0	0		0
Tutu Atwell	WR	11	0	0	0	0	0	17	0	1	0	0	0	0	0	0		0
Evan McPherson	PK	11	0	0	0	0	0	0	0	0	0	0	0	0	0	0	50;26	2
Ben Skowronek	WR	11	0	0	0	0	0	0	0	0	0	0	0	0	0	0		0
Luke Farrell	TE	11	0	0	0	0	0	21	0	2	0	0	0	0	0	0		0
Najee Harris	RB	11	0	0	0	35	0	1	0	1	0	0	0	0	0	0		0
Pat Freiermuth	TE	11	0	0	0	0	0	7	0	1	0	0	0	0	0	0		0
Davis Mills	QB	11	2	0	0	0	0	0	0	0	0	0	0	0	0	0		0
Ja'Marr Chase	WR	11	0	0	0	0	0	12	1	2	0	0	0	0	0	0		0
Khalil Herbert	RB	11	0	0	0	35	0	6	0	2	0	0	0	0	0	0		0
DeVonta Smith	WR	11	0	0	0	0	0	99	0	6	0	0	0	0	0	0		0
Kadarius Toney	WR	11	0	0	0	14	0	12	0	2	0	0	0	0	0	0		0
Kenny Gainwell	RB	11	0	0	0	1	0	4	0	1	0	0	0	0	0	0		0
Rondale Moore	WR	11	0	0	0	6	0	48	1	1	0	0	0	0	0	0		0
Justin Fields	QB	11	169	1	0	104	0	0	0	0	0	0	0	0	0	0		0
Amon-Ra St. Brown	WR	11	0	0	0	0	0	77	1	8	0	0	0	0	0	0		0
Trevor Lawrence	QB	11	262	2	0	17	2	0	0	0	0	0	0	0	0	0		0
Travis Etienne	RB	11	0	0	0	52	0	7	0	3	0	0	0	0	0	0		0
Elijah Moore	WR	11	0	0	0	0	0	60	0	6	0	0	0	0	0	0		0
Javonte Williams	RB	11	0	0	0	37	0	16	0	2	0	0	0	0	0	0		0
Tommy Tremble	TE	11	0	0	0	0	0	4	1	1	0	0	0	0	0	0		0
Zach Wilson	QB	11	81	1	1	15	0	0	0	0	0	0	0	0	0	0		0
Sam Howell	QB	11	256	1	3	35	1	0	0	0	0	0	0	0	0	0		0
Cole Turner	TE	11	0	0	0	0	0	7	0	1	0	0	0	0	0	0		0
Britain Covey	WR	11	0	0	0	0	0	0	0	0	0	0	0	0	0	0		0
Irvin Charles	WR	11	0	0	0	0	0	0	0	0	0	0	0	0	0	0		0
Isiah Pacheco	RB	11	0	0	0	89	0	2	0	1	0	0	0	0	0	0		0
Cameron Dicker	PK	11	0	0	0	0	0	0	0	0	0	0	0	0	0	0	25;26	2
Jaylen Warren	RB	11	0	0	0	129	1	16	0	3	0	0	0	0	0	0		0
Jameson Williams	WR	11	0	0	0	0	0	44	1	2	0	0	0	0	0	0		0
George Pickens	WR	11	0	0	0	-1	0	38	0	4	0	0	0	0	0	0		0
James Cook	RB	11	0	0	0	73	0	29	1	3	0	0	0	0	0	0		0
Rachaad White	RB	11	0	0	0	30	1	28	0	6	0	0	0	0	0	0		0
Khalil Shakir	WR	11	0	0	0	0	0	115	1	3	0	0	0	0	0	0		0
Jerome Ford	RB	11	0	0	0	31	1	8	0	2	0	0	0	0	0	0		0
Kyle Philips	WR	11	0	0	0	0	0	10	0	1	0	0	0	0	0	0		0
Ty Chandler	RB	11	0	0	0	73	0	37	0	4	0	0	0	0	0	0		0
Raheem Blackshear	RB	11	0	0	0	0	0	0	0	0	0	0	0	0	0	0		0
Rod Williams	TE	11	0	0	0	0	0	0	0	0	0	0	0	0	0	0		0
Stone Smartt	TE	11	0	0	0	0	0	51	1	1	0	0	0	0	0	0		0
Deven Thompkins	WR	11	0	0	0	17	0	0	0	0	0	0	0	0	0	0		0
Jordan Mason	RB	11	0	0	0	0	0	0	0	0	0	0	0	0	0	0		0
John Metchie III	WR	11	0	0	0	0	0	12	0	1	0	0	0	0	0	0		0
Jalen Tolbert	WR	11	0	0	0	0	0	12	0	2	0	0	0	0	0	0		0
Brandon Aubrey	PK	11	0	0	0	0	0	0	0	0	0	0	0	0	0	0	30;27	3
Garrett Wilson	WR	11	0	0	0	0	0	9	0	2	0	0	1	0	0	0		0
Jahan Dotson	WR	11	0	0	0	0	0	23	1	3	0	0	0	0	0	0		0
Trey McBride	TE	11	0	0	0	0	0	43	0	5	0	0	0	0	0	0		0
Brian Robinson	RB	11	0	0	0	73	0	59	0	7	0	0	0	0	0	0		0
KaVontae Turpin	WR	11	0	0	0	13	0	10	0	2	0	0	0	0	0	0		0
Jeremy Ruckert	TE	11	0	0	0	0	0	25	0	3	0	0	0	0	0	0		0
Chig Okonkwo	TE	11	0	0	0	0	0	6	0	1	0	0	0	0	0	0		0
Romeo Doubs	WR	11	0	0	0	0	0	53	1	5	0	0	0	0	0	0		0
Brock Purdy	QB	11	333	3	0	14	0	0	0	0	0	0	0	0	0	0		0
Calvin Austin III	WR	11	0	0	0	0	0	0	0	0	0	0	0	0	0	0		0
Isaiah Likely	TE	11	0	0	0	0	0	0	0	0	0	0	0	0	0	0		0
Jake Ferguson	TE	11	0	0	0	0	0	32	0	3	0	0	0	0	0	0		0
Charlie Kolar	TE	11	0	0	0	0	0	13	0	1	0	0	0	0	0	0		0
Skyy Moore	WR	11	0	0	0	0	0	4	0	1	0	0	0	0	0	0		0
Pierre Strong	RB	11	0	0	0	1	0	4	0	1	0	0	0	0	0	0		0
Kenny Pickett	QB	11	106	0	0	9	0	0	0	0	0	0	0	0	0	0		0
Daniel Bellinger	TE	11	0	0	0	0	0	38	0	3	0	0	0	0	0	0		0
Wan'Dale Robinson	WR	11	0	0	0	2	0	35	0	3	0	0	0	0	0	0		0
Breece Hall	RB	11	0	0	0	23	0	50	1	5	0	0	0	0	0	0		0
Christian Watson	WR	11	0	0	0	1	0	21	1	2	0	0	0	0	0	0		0
Cade Otton	TE	11	0	0	0	0	0	49	0	4	0	0	0	0	0	0		0
Kenneth Walker III	RB	11	0	0	0	18	0	-2	0	1	0	0	0	0	0	0		0
Lucas Havrisik	PK	11	0	0	0	0	0	0	0	0	0	0	0	0	0	0	22	2
Israel Abanikanda	RB	11	0	0	0	11	0	5	0	1	0	0	0	0	0	0		0
Dontayvion Wicks	WR	11	0	0	0	0	0	91	0	3	0	0	0	0	0	0		0
Anders Carlson	PK	11	0	0	0	0	0	0	0	0	0	0	0	0	0	0	28	2
Keaton Mitchell	RB	11	0	0	0	33	0	8	0	1	0	0	0	0	0	0		0
Malik Heath	WR	11	0	0	0	0	0	7	0	1	0	0	0	0	0	0		0
Tommy DeVito	QB	11	246	3	0	7	0	0	0	0	0	0	0	0	0	0		0
Ben VanSumeren	RB	11	0	0	0	0	0	0	0	0	0	0	0	0	0	0		0
Xavier Gipson	WR	11	0	0	0	0	0	7	0	1	0	0	0	0	0	0		0
Jaxon Smith-Njigba	WR	11	0	0	0	0	0	40	0	3	0	0	0	0	0	0		0
Quentin Johnston	WR	11	0	0	0	0	0	21	0	2	0	0	0	0	0	0		0
Luke Schoonmaker	TE	11	0	0	0	0	0	23	1	2	0	0	0	0	0	0		0
Tank Bigsby	RB	11	0	0	0	21	0	0	0	0	0	0	0	0	0	0		0
Darnell Washington	TE	11	0	0	0	0	0	8	0	1	0	0	0	0	0	0		0
Jake Moody	PK	11	0	0	0	0	0	0	0	0	0	0	0	0	0	0	37;28	3
Tre Tucker	WR	11	0	0	0	-6	0	36	0	2	0	0	0	0	0	0		0
Derius Davis	WR	11	0	0	0	0	0	-3	0	1	0	0	0	0	0	0		0
Charlie Jones	WR	11	0	0	0	0	0	0	0	0	0	0	0	0	0	0		0
Aidan O'Connell	QB	11	271	1	3	3	0	0	0	0	0	0	0	0	0	0		0
Dorian Thompson-Robinson	QB	11	165	0	1	20	0	0	0	0	0	0	0	0	0	0		0
Josh Whyle	TE	11	0	0	0	0	0	7	0	1	0	0	0	0	0	0		0
Chris Rodriguez Jr.	RB	11	0	0	0	43	0	5	0	1	0	1	0	0	0	0		0
Julian Hill	TE	11	0	0	0	0	0	10	0	1	0	0	1	0	0	0		0
Hunter Luepke	RB	11	0	0	0	0	0	0	0	0	0	0	0	0	0	0		0
Jake Bobo	WR	11	0	0	0	0	0	8	0	1	0	0	0	0	0	0		0
Nate Adkins	TE	11	0	0	0	0	0	0	0	0	0	0	0	0	0	0		0
Jaleel McLaughlin	RB	11	0	0	0	1	0	14	0	5	0	0	0	0	0	0		0
Emanuel Wilson	RB	11	0	0	0	12	0	9	0	1	0	0	0	0	0	0		0
Rakim Jarrett	WR	11	0	0	0	0	0	41	0	1	0	0	0	0	0	0		0
Shedrick Jackson	WR	11	0	0	0	0	0	0	0	0	0	0	0	0	0	0		0
Dalton Kincaid	TE	11	0	0	0	0	0	46	0	6	0	0	0	0	0	0		0
Jalin Hyatt	WR	11	0	0	0	0	0	7	0	1	0	0	0	0	0	0		0
Tyler Scott	WR	11	0	0	0	0	0	4	0	1	0	0	1	0	0	0		0
Marvin Mims Jr.	WR	11	0	0	0	0	0	12	0	2	0	0	0	0	0	0		0
Tank Dell	WR	11	0	0	0	0	0	149	1	8	0	0	0	0	0	0		0
Cedric Tillman	WR	11	0	0	0	8	0	2	0	1	0	0	0	0	0	0		0
Jordan Addison	WR	11	0	0	0	0	0	44	0	3	0	0	0	0	0	0		0
Tucker Kraft	TE	11	0	0	0	0	0	32	0	2	0	0	0	0	0	0		0
Roschon Johnson	RB	11	0	0	0	30	0	0	0	0	0	0	0	0	0	0		0
Tyjae Spears	RB	11	0	0	0	14	0	12	0	2	0	0	0	0	0	0		0
De'Von Achane	RB	11	0	0	0	1	0	4	0	1	0	0	0	0	0	0		0
Elijah Higgins	TE	11	0	0	0	0	0	2	0	1	0	0	0	0	0	0		0
Payne Durham	TE	11	0	0	0	0	0	13	0	2	0	0	0	0	0	0		0
Trey Palmer	WR	11	0	0	0	6	0	22	0	4	0	0	0	0	0	0		0
Jonathan Mingo	WR	11	0	0	0	0	0	6	0	1	0	0	0	0	0	0		0
Zay Flowers	WR	11	0	0	0	7	0	43	0	3	0	0	0	0	0	0		0
Sam LaPorta	TE	11	0	0	0	0	0	18	0	3	0	0	0	0	0	1		0
Michael Mayer	TE	11	0	0	0	0	0	46	0	4	0	0	0	0	0	0		0
Rashee Rice	WR	11	0	0	0	0	0	42	0	4	0	0	0	0	0	0		0
Puka Nacua	WR	11	0	0	0	7	0	70	1	5	0	0	0	0	0	0		0
Zach Evans	RB	11	0	0	0	0	0	0	0	0	0	0	0	0	0	0		0
Jahmyr Gibbs	RB	11	0	0	0	36	1	59	0	6	0	0	0	0	0	0		0
Luke Musgrave	TE	11	0	0	0	0	0	28	0	4	0	0	0	0	0	0		0
Jayden Reed	WR	11	0	0	0	46	1	46	0	4	0	0	0	0	0	0		0
Bryce Young	QB	11	123	1	1	3	0	0	0	0	1	0	0	0	0	0		0
Will Levis	QB	11	158	2	0	2	0	0	0	0	0	1	0	0	0	0		0
C.J. Stroud	QB	11	336	2	3	-1	0	0	0	0	0	0	0	0	0	0		0
Zach Charbonnet	RB	11	0	0	0	47	0	22	0	6	0	0	0	0	0	0		0
Matt Prater	PK	12	0	0	0	0	0	0	0	0	0	0	0	0	0	0		0
Nick Folk	PK	12	0	0	0	0	0	0	0	0	0	0	0	0	0	0	53	2
Matthew Stafford	QB	12	229	4	1	2	0	0	0	0	0	0	0	0	0	0		0
Julio Jones	WR	12	0	0	0	0	0	0	0	1	0	0	0	0	0	0		0
Russell Wilson	QB	12	134	1	0	34	1	0	0	0	0	1	0	0	0	0		0
Randy Bullock	PK	12	0	0	0	0	0	0	0	0	0	0	0	0	0	0	42	1
Justin Tucker	PK	12	0	0	0	0	0	0	0	0	0	0	0	0	0	0	42;48	2
Greg Zuerlein	PK	12	0	0	0	0	0	0	0	0	0	0	0	0	0	0		1
Brandon McManus	PK	12	0	0	0	0	0	0	0	0	0	0	0	0	0	0	40;48;53	1
Adam Thielen	WR	12	0	0	0	0	0	2	0	1	0	0	0	0	0	0		0
Dustin Hopkins	PK	12	0	0	0	0	0	0	0	0	0	0	0	0	0	0	36;24	0
Keenan Allen	WR	12	0	0	0	0	0	106	0	14	0	0	1	0	0	0		0
Robert Woods	WR	12	0	0	0	0	0	40	0	2	0	0	0	0	0	0		0
Travis Kelce	TE	12	0	0	0	0	0	91	0	6	0	0	0	0	0	0		0
Latavius Murray	RB	12	0	0	0	30	0	18	0	3	0	0	0	0	0	0		0
DeAndre Hopkins	WR	12	0	0	0	0	0	49	0	3	0	0	0	0	0	0		0
Geno Smith	QB	12	180	0	1	21	0	0	0	0	0	0	0	0	0	0		0
Cordarrelle Patterson	RB	12	0	0	0	43	0	0	0	0	0	0	0	0	0	0		0
Chris Boswell	PK	12	0	0	0	0	0	0	0	0	0	0	0	0	0	0	41;34;33	1
Cairo Santos	PK	12	0	0	0	0	0	0	0	0	0	0	0	0	0	0	25;39;55;30	0
Odell Beckham Jr.	WR	12	0	0	0	0	0	34	0	3	0	0	0	0	0	0		0
Brandin Cooks	WR	12	0	0	0	0	0	72	1	4	0	0	0	0	0	0		0
Logan Thomas	TE	12	0	0	0	0	0	15	0	2	0	0	0	0	0	0		0
Derek Carr	QB	12	304	0	1	7	0	0	0	0	0	0	0	0	0	0		0
Davante Adams	WR	12	0	0	0	0	0	73	0	5	0	0	0	0	0	0		0
Mike Evans	WR	12	0	0	0	0	0	70	2	6	0	0	0	0	0	0		0
Allen Robinson	WR	12	0	0	0	0	0	11	0	1	0	0	0	0	0	0		0
Jason Myers	PK	12	0	0	0	0	0	0	0	0	0	0	0	0	0	0	51;30	1
Amari Cooper	WR	12	0	0	0	0	0	16	0	2	0	0	0	0	0	0		0
DeVante Parker	WR	12	0	0	0	0	0	42	0	3	0	0	0	0	0	0		0
Nelson Agholor	WR	12	0	0	0	0	0	21	0	1	0	0	0	0	0	0		0
Stefon Diggs	WR	12	0	0	0	0	0	74	1	6	0	0	0	0	0	0		0
Raheem Mostert	RB	12	0	0	0	94	2	0	0	0	0	0	0	0	0	0		0
DeAndre Carter	WR	12	0	0	0	0	0	0	0	0	0	0	0	0	0	0		0
Jamison Crowder	WR	12	0	0	0	0	0	0	0	0	0	0	0	0	0	0		0
Ameer Abdullah	RB	12	0	0	0	11	0	2	0	1	0	0	0	0	0	0		0
Geoff Swaim	TE	12	0	0	0	0	0	0	0	0	0	0	0	0	0	0		0
Ty Montgomery	WR	12	0	0	0	0	0	0	0	0	0	0	0	0	0	0		0
Tyler Lockett	WR	12	0	0	0	0	0	30	0	3	0	0	0	0	0	0		0
Sterling Shepard	WR	12	0	0	0	0	0	6	0	1	0	0	0	0	0	0		0
Austin Hooper	TE	12	0	0	0	0	0	14	0	1	0	0	0	0	0	0		0
Chris Moore	WR	12	0	0	0	1	0	41	0	3	0	0	0	0	0	0		0
Kalif Raymond	WR	12	0	0	0	6	0	90	0	5	0	0	0	0	0	0		0
Alex Erickson	WR	12	0	0	0	0	0	17	0	1	0	0	0	0	0	0		0
Wil Lutz	PK	12	0	0	0	0	0	0	0	0	0	0	0	0	0	0	23;34	3
Derrick Henry	RB	12	0	0	0	76	2	0	0	1	0	0	0	0	0	0		0
Demarcus Robinson	WR	12	0	0	0	0	0	13	0	2	0	0	0	0	0	0		0
Tyler Boyd	WR	12	0	0	0	0	0	23	0	3	0	0	0	0	0	0		0
Tyreek Hill	WR	12	0	0	0	2	0	102	1	9	0	0	0	0	0	0		0
Ezekiel Elliott	RB	12	0	0	0	46	0	6	0	2	0	0	0	0	0	0		0
Dak Prescott	QB	12	331	4	0	10	0	0	0	0	0	0	0	1	0	0		0
Jared Goff	QB	12	332	2	0	9	0	0	0	0	2	1	0	1	0	0		0
Tyler Higbee	TE	12	0	0	0	0	0	29	2	5	0	0	0	0	0	0		0
Mo Alie-Cox	TE	12	0	0	0	0	0	30	0	1	0	0	0	0	0	0		0
PJ Walker	QB	12	56	0	0	-1	0	0	0	0	1	0	0	0	0	0		0
Christian McCaffrey	RB	12	0	0	0	114	2	25	0	5	0	0	0	0	0	0		0
Curtis Samuel	WR	12	0	0	0	0	0	100	0	9	0	0	0	0	0	0		0
George Kittle	TE	12	0	0	0	0	0	19	0	3	0	0	0	0	0	0		0
Trent Taylor	WR	12	0	0	0	0	0	0	0	0	0	0	0	0	0	0		0
Harrison Butker	PK	12	0	0	0	0	0	0	0	0	0	0	0	0	0	0	32	4
Matt Breida	RB	12	0	0	0	6	0	10	0	1	0	0	0	0	0	0		0
Taysom Hill	TE	12	0	0	0	26	0	55	0	2	0	1	0	0	0	0		0
Isaiah McKenzie	WR	12	0	0	0	3	0	0	0	0	0	0	0	0	0	0		0
Samaje Perine	RB	12	0	0	0	55	1	11	0	1	0	0	0	0	0	0		0
James Conner	RB	12	0	0	0	27	0	5	0	4	0	0	0	0	0	0		0
David Moore	WR	12	0	0	0	0	0	0	0	0	0	0	0	0	0	0		0
Austin Ekeler	RB	12	0	0	0	32	0	32	0	5	0	0	1	0	0	0		0
Younghoe Koo	PK	12	0	0	0	0	0	0	0	0	0	0	0	0	0	0	39	3
Robert Tonyan	TE	12	0	0	0	0	0	0	0	0	0	0	0	0	0	0		0
Jake Elliott	PK	12	0	0	0	0	0	0	0	0	0	0	0	0	0	0	59	4
JuJu Smith-Schuster	WR	12	0	0	0	0	0	10	0	2	0	0	0	0	0	0		0
Jonnu Smith	TE	12	0	0	0	0	0	0	0	0	0	0	0	0	0	0		0
Patrick Mahomes	QB	12	298	2	0	9	0	0	0	0	0	0	0	0	0	0		0
Evan Engram	TE	12	0	0	0	0	0	49	0	5	0	0	0	0	0	0		0
David Njoku	TE	12	0	0	0	0	0	59	0	6	0	0	0	0	0	0		0
Zay Jones	WR	12	0	0	0	0	0	10	0	1	0	0	0	0	0	0		0
Dalvin Cook	RB	12	0	0	0	2	0	19	0	2	0	0	0	0	0	0		0
Gerald Everett	TE	12	0	0	0	0	0	43	1	4	0	0	0	0	0	0		0
Joe Mixon	RB	12	0	0	0	16	0	44	0	2	0	0	0	0	0	0		0
Alvin Kamara	RB	12	0	0	0	69	0	50	0	4	0	0	0	0	0	0		0
Cooper Kupp	WR	12	0	0	0	0	0	18	0	3	0	0	0	0	0	0		0
Chris Godwin Jr.	WR	12	0	0	0	0	0	45	0	3	0	0	0	0	0	0		0
Kareem Hunt	RB	12	0	0	0	22	0	0	0	0	0	0	0	0	0	0		0
Josh Reynolds	WR	12	0	0	0	0	0	15	1	2	0	0	0	0	0	0		0
Jamaal Williams	RB	12	0	0	0	6	0	4	0	2	0	0	0	0	0	0		0
Joshua Dobbs	QB	12	185	1	4	11	0	0	0	0	0	0	0	0	0	0		0
Jeff Wilson	RB	12	0	0	0	56	0	17	0	3	0	0	0	0	0	0		0
Will Dissly	TE	12	0	0	0	0	0	21	0	1	0	0	0	0	0	0		0
Daniel Carlson	PK	12	0	0	0	0	0	0	0	0	0	0	0	0	0	0	34	2
Eddy Pineiro	PK	12	0	0	0	0	0	0	0	0	0	0	0	0	0	0	50	1
Tim Boyle	QB	12	179	1	2	2	0	0	0	0	0	0	0	0	0	0		0
Gus Edwards	RB	12	0	0	0	26	0	11	0	1	0	0	0	0	0	0		0
Tyler Conklin	TE	12	0	0	0	0	0	33	0	4	0	0	0	0	0	0		0
Marquez Valdes-Scantling	WR	12	0	0	0	0	0	-1	0	1	0	0	0	0	0	0		0
Richie James	WR	12	0	0	0	0	0	0	0	0	0	0	0	0	0	0		0
Byron Pringle	WR	12	0	0	0	0	0	27	0	2	0	0	0	0	0	0		0
Keith Kirkwood	WR	12	0	0	0	0	0	20	0	2	0	0	0	0	0	0		0
Courtland Sutton	WR	12	0	0	0	0	0	61	0	3	0	0	0	0	0	0		0
Ian Thomas	TE	12	0	0	0	0	0	9	0	1	0	0	0	0	0	0		0
Dalton Schultz	TE	12	0	0	0	0	0	2	0	1	0	0	0	0	0	0		0
Justin Watson	WR	12	0	0	0	0	0	3	1	1	0	0	0	0	0	0		0
Mike White	QB	12	0	0	0	-2	0	0	0	0	0	0	0	0	0	0		0
Ray-Ray McCloud	WR	12	0	0	0	0	0	23	0	1	0	0	0	0	0	0		0
Boston Scott	RB	12	0	0	0	14	0	0	0	0	0	0	0	0	0	0		0
Braxton Berrios	WR	12	0	0	0	0	0	0	0	0	0	0	0	0	0	0		0
Nick Bawden	RB	12	0	0	0	0	0	6	0	1	0	0	0	0	0	0		0
Greg Joseph	PK	12	0	0	0	0	0	0	0	0	0	0	0	0	0	0	34	1
Trent Sherfield	WR	12	0	0	0	0	0	0	0	0	0	0	0	0	0	0		0
Tanner Hudson	TE	12	0	0	0	0	0	18	0	4	0	0	0	0	0	0		0
Brandon Powell	WR	12	0	0	0	2	0	45	0	3	0	0	0	0	0	0		0
Chase Edmonds	RB	12	0	0	0	11	0	0	0	0	0	0	0	0	0	0		0
Michael Gallup	WR	12	0	0	0	0	0	13	0	1	0	0	0	0	0	0		0
Christian Kirk	WR	12	0	0	0	0	0	89	0	4	0	0	0	0	0	0		0
DJ Chark	WR	12	0	0	0	0	0	34	0	3	0	0	0	0	0	0		0
Jason Sanders	PK	12	0	0	0	0	0	0	0	0	0	0	0	0	0	0	38;54	4
Lamar Jackson	QB	12	177	1	0	39	0	0	0	0	0	0	0	0	0	0		0
Durham Smythe	TE	12	0	0	0	0	0	10	0	1	0	0	0	0	0	0		0
DJ Moore	WR	12	0	0	0	0	0	114	0	11	0	0	0	0	0	0		0
Mike Gesicki	TE	12	0	0	0	0	0	0	0	0	0	0	0	0	0	0		0
Calvin Ridley	WR	12	0	0	0	0	0	89	1	5	0	0	0	0	0	1		0
Royce Freeman	RB	12	0	0	0	77	1	0	0	0	0	0	0	0	0	0		0
Saquon Barkley	RB	12	0	0	0	46	0	6	0	1	0	0	0	0	0	0		0
KhaDarel Hodge	WR	12	0	0	0	0	0	0	0	0	0	0	0	0	0	0		0
Baker Mayfield	QB	12	199	2	1	14	0	0	0	0	1	0	0	0	0	0		0
Josh Allen	QB	12	339	2	1	81	2	0	0	0	0	0	0	0	0	0		0
Steven Sims	WR	12	0	0	0	0	0	0	0	0	0	0	0	0	0	0		0
Jakobi Meyers	WR	12	0	0	0	2	0	79	1	6	0	0	0	0	0	0		0
Irv Smith	TE	12	0	0	0	0	0	8	0	2	0	0	0	0	0	0		0
Alexander Mattison	RB	12	0	0	0	52	0	11	0	2	0	0	0	0	0	0		0
Justice Hill	RB	12	0	0	0	31	0	0	0	0	0	0	0	0	0	0		0
Foster Moreau	TE	12	0	0	0	0	0	0	0	0	0	0	0	0	0	0		0
Hunter Renfrow	WR	12	0	0	0	0	0	38	0	4	0	0	0	0	0	0		0
Jake Browning	QB	12	227	1	1	9	0	0	0	0	0	0	0	0	0	0		0
Joey Slye	PK	12	0	0	0	0	0	0	0	0	0	0	0	0	0	0	43	1
Olamide Zaccheaus	WR	12	0	0	0	0	0	29	1	1	0	0	0	0	0	0		0
Diontae Johnson	WR	12	0	0	0	0	0	50	0	4	0	0	0	0	0	0		0
Kyler Murray	QB	12	256	1	0	2	1	0	0	0	0	0	0	0	0	0		0
T.J. Hockenson	TE	12	0	0	0	0	0	50	1	5	0	0	0	0	0	0		0
Miles Sanders	RB	12	0	0	0	28	0	0	0	0	0	0	0	0	0	0		0
Devin Singletary	RB	12	0	0	0	18	0	54	0	6	0	0	0	0	0	0		0
Tony Pollard	RB	12	0	0	0	79	1	24	0	6	0	0	0	0	0	0		0
Matt Gay	PK	12	0	0	0	0	0	0	0	0	0	0	0	0	0	0	46;36	3
Gardner Minshew	QB	12	251	0	1	6	1	0	0	0	0	0	0	0	0	0		0
Trayveon Williams	RB	12	0	0	0	0	0	0	0	0	0	0	0	0	0	0		0
Scott Miller	WR	12	0	0	0	0	0	4	0	1	0	0	0	0	0	0		0
Donald Parham	TE	12	0	0	0	0	0	0	0	0	0	0	0	0	0	0		0
Trenton Irwin	WR	12	0	0	0	0	0	25	0	1	0	0	0	0	0	0		0
Chase McLaughlin	PK	12	0	0	0	0	0	0	0	0	0	0	0	0	0	0	21;24	2
Lil'Jordan Humphrey	WR	12	0	0	0	0	0	13	0	1	0	0	0	0	0	0		0
Jalen Guyton	WR	12	0	0	0	0	0	4	0	1	0	0	0	0	0	0		0
Greg Dortch	WR	12	0	0	0	0	0	27	1	3	0	0	0	0	0	0		0
Andy Isabella	WR	12	0	0	0	0	0	0	0	0	0	0	0	0	0	0		0
Darius Slayton	WR	12	0	0	0	0	0	16	0	2	0	0	0	0	0	0		0
Ty Johnson	RB	12	0	0	0	19	0	0	0	0	0	0	0	0	0	0		0
Travis Homer	RB	12	0	0	0	0	0	0	0	0	0	0	0	0	0	0		0
D'Ernest Johnson	RB	12	0	0	0	19	0	42	0	1	0	0	0	0	0	0		0
Drew Sample	TE	12	0	0	0	0	0	11	1	1	0	0	0	0	0	0		0
Parris Campbell	WR	12	0	0	0	0	0	-2	0	1	0	0	0	0	0	0		0
DK Metcalf	WR	12	0	0	0	0	0	32	0	3	0	0	0	0	0	0		0
Noah Fant	TE	12	0	0	0	0	0	25	0	2	0	0	0	0	0	0		0
Gunner Olszewski	WR	12	0	0	0	0	0	0	0	0	0	0	0	0	0	0		0
Terry McLaurin	WR	12	0	0	0	0	0	50	0	4	0	0	0	0	0	0		0
Marquise Brown	WR	12	0	0	0	0	0	88	0	6	0	0	0	0	0	0		0
A.J. Brown	WR	12	0	0	0	0	0	37	1	5	0	0	0	0	0	0		0
David Montgomery	RB	12	0	0	0	71	1	0	0	0	0	0	0	0	1	0		0
Josh Jacobs	RB	12	0	0	0	110	1	15	0	4	0	0	0	0	0	0		0
Miles Boykin	WR	12	0	0	0	0	0	0	0	0	0	0	0	0	0	0		0
Deebo Samuel Sr.	WR	12	0	0	0	15	1	79	0	7	0	0	0	0	0	0		0
Mitchell Wilcox	TE	12	0	0	0	0	0	1	0	1	0	0	0	0	0	0		0
Patrick Taylor	RB	12	0	0	0	11	0	4	0	1	0	0	0	0	0	0		0
Sean McKeon	TE	12	0	0	0	0	0	0	0	0	0	0	0	0	0	0		0
Juwan Johnson	TE	12	0	0	0	0	0	45	0	4	0	0	0	0	0	0		0
James Proche	WR	12	0	0	0	0	0	0	0	0	0	0	0	0	0	0		0
Rico Dowdle	RB	12	0	0	0	11	0	15	1	1	0	0	0	0	0	0		0
Tyler Bass	PK	12	0	0	0	0	0	0	0	0	0	0	0	0	0	0	48;40	4
Isaiah Hodgins	WR	12	0	0	0	0	0	12	1	1	0	0	0	0	0	0		0
Nick Westbrook-Ikhine	WR	12	0	0	0	0	0	41	0	4	0	0	0	0	0	0		0
Gabe Davis	WR	12	0	0	0	0	0	105	1	6	0	0	0	0	0	0		0
Tua Tagovailoa	QB	12	243	1	2	1	0	0	0	0	0	1	0	0	0	0		0
Jonathan Taylor	RB	12	0	0	0	91	2	0	0	0	0	0	0	0	0	0		0
Harrison Bryant	TE	12	0	0	0	0	0	2	1	1	0	1	0	0	0	0		0
Donovan Peoples-Jones	WR	12	0	0	0	0	0	0	0	0	0	0	0	0	0	0		0
Colby Parkinson	TE	12	0	0	0	0	0	9	0	1	0	0	0	0	0	0		0
Zack Moss	RB	12	0	0	0	55	0	15	0	2	0	0	0	0	0	0		0
Michael Pittman	WR	12	0	0	0	0	0	107	0	10	0	0	0	0	0	0		0
Jauan Jennings	WR	12	0	0	0	0	0	7	0	1	0	0	0	0	0	0		0
Brandon Aiyuk	WR	12	0	0	0	0	0	50	1	2	0	0	0	0	0	0		0
Jordan Love	QB	12	268	3	0	39	0	0	0	0	0	0	0	0	0	0		0
AJ Dillon	RB	12	0	0	0	43	0	38	0	3	0	0	0	0	0	0		0
Laviska Shenault Jr.	WR	12	0	0	0	0	0	8	0	1	0	0	0	0	0	0		0
D'Andre Swift	RB	12	0	0	0	80	0	4	0	1	0	0	0	0	0	0		0
Cole Kmet	TE	12	0	0	0	0	0	43	0	7	0	0	0	0	0	0		0
Darrynton Evans	RB	12	0	0	0	16	0	0	0	0	0	0	0	0	0	0		0
Darnell Mooney	WR	12	0	0	0	0	0	6	0	2	0	0	0	0	0	0		0
Antonio Gibson	RB	12	0	0	0	21	0	16	0	3	0	0	0	0	0	0		0
Devin Duvernay	WR	12	0	0	0	0	0	0	0	0	0	0	0	0	0	0		0
K.J. Osborn	WR	12	0	0	0	0	0	34	0	3	0	0	0	0	0	0		0
Justin Herbert	QB	12	217	1	1	47	0	0	0	0	1	0	0	0	0	0		0
CeeDee Lamb	WR	12	0	0	0	0	0	53	1	4	0	0	0	0	0	1		0
Clyde Edwards-Helaire	RB	12	0	0	0	5	0	0	0	0	0	0	0	0	0	0		0
Lynn Bowden	WR	12	0	0	0	40	0	0	0	0	0	0	0	0	0	0		0
Joshua Kelley	RB	12	0	0	0	8	0	6	0	2	0	0	0	0	0	0		0
Jalen Hurts	QB	12	200	3	1	65	2	0	0	0	0	1	0	0	0	0		0
Jerry Jeudy	WR	12	0	0	0	0	0	11	0	2	0	0	0	0	0	0		0
Van Jefferson	WR	12	0	0	0	0	0	13	0	1	0	0	0	0	0	0		0
Adam Trautman	TE	12	0	0	0	0	0	8	1	1	0	0	0	0	0	0		0
DeeJay Dallas	RB	12	0	0	0	10	0	5	0	1	0	0	0	0	0	0		0
Charlie Woerner	TE	12	0	0	0	0	0	9	0	1	0	0	0	0	0	0		0
Stephen Sullivan	TE	12	0	0	0	0	0	13	0	1	0	0	0	0	0	0		0
Matt Ammendola	PK	12	0	0	0	0	0	0	0	0	0	0	0	0	0	0		3
Rashod Bateman	WR	12	0	0	0	0	0	21	0	2	0	0	0	0	0	0		0
Nico Collins	WR	12	0	0	0	0	0	104	1	7	0	0	0	0	0	0		0
Chuba Hubbard	RB	12	0	0	0	45	1	47	0	5	0	0	0	0	0	0		0
Brevin Jordan	TE	12	0	0	0	0	0	9	0	1	0	0	0	0	0	0		0
Elijah Mitchell	RB	12	0	0	0	39	0	-3	0	1	0	0	0	0	0	0		0
Jaylen Waddle	WR	12	0	0	0	0	0	114	0	8	0	0	0	0	0	0		0
Dee Eskridge	WR	12	0	0	0	10	0	0	0	0	0	0	0	0	0	0		0
Dyami Brown	WR	12	0	0	0	0	0	0	0	0	0	0	0	0	0	0		0
Ihmir Smith-Marsette	WR	12	0	0	0	0	0	14	0	1	0	0	0	0	0	0		0
Noah Gray	TE	12	0	0	0	0	0	30	0	3	0	0	0	0	0	0		0
Jack Stoll	TE	12	0	0	0	0	0	14	0	1	0	0	0	0	0	0		0
Brock Wright	TE	12	0	0	0	0	0	9	0	1	0	0	0	0	0	0		0
Riley Patterson	PK	12	0	0	0	0	0	0	0	0	0	0	0	0	0	0		0
Austin Trammell	WR	12	0	0	0	0	0	0	0	0	0	0	0	0	0	0		0
Kene Nwangwu	RB	12	0	0	0	0	0	0	0	0	0	0	0	0	0	0		0
Tutu Atwell	WR	12	0	0	0	0	0	76	0	3	0	0	0	0	0	0		0
Evan McPherson	PK	12	0	0	0	0	0	0	0	0	0	0	0	0	0	0	47	1
Ben Skowronek	WR	12	0	0	0	0	0	-1	0	1	0	0	0	0	0	0		0
Rhamondre Stevenson	RB	12	0	0	0	98	1	9	0	5	0	0	0	0	0	0		0
Kylen Granson	TE	12	0	0	0	0	0	0	0	0	0	0	0	0	0	0		0
Luke Farrell	TE	12	0	0	0	0	0	55	0	3	0	0	0	0	0	0		0
Najee Harris	RB	12	0	0	0	99	1	0	0	0	0	0	0	0	0	0		0
Pat Freiermuth	TE	12	0	0	0	0	0	120	0	9	0	0	0	0	0	0		0
Ja'Marr Chase	WR	12	0	0	0	0	0	81	0	4	0	0	0	0	0	0		0
Khalil Herbert	RB	12	0	0	0	24	0	14	0	2	0	0	0	0	0	0		0
DeVonta Smith	WR	12	0	0	0	0	0	106	1	7	0	0	0	0	0	0		0
Kenny Gainwell	RB	12	0	0	0	26	0	10	0	2	0	0	0	0	0	0		0
Michael Carter	RB	12	0	0	0	19	0	15	0	4	0	0	0	0	0	0		0
Kyle Trask	QB	12	0	0	0	0	0	0	0	0	0	0	0	0	0	0		0
Rondale Moore	WR	12	0	0	0	0	0	35	0	2	0	0	0	0	0	0		0
Justin Fields	QB	12	217	0	0	59	0	0	0	0	1	1	0	0	0	0		0
Amon-Ra St. Brown	WR	12	0	0	0	0	0	95	0	9	0	0	0	0	0	0		0
Kyle Pitts	TE	12	0	0	0	0	0	22	0	2	0	0	0	0	0	0		0
Trevor Lawrence	QB	12	364	1	1	0	1	0	0	0	0	0	0	1	0	0		0
Mac Jones	QB	12	89	0	2	0	0	0	0	0	0	0	0	0	0	0		0
Travis Etienne	RB	12	0	0	0	56	0	30	0	4	0	0	0	0	0	0		0
Elijah Moore	WR	12	0	0	0	0	0	44	0	3	0	1	0	0	0	0		0
Javonte Williams	RB	12	0	0	0	65	0	6	0	3	0	0	0	0	0	0		0
Tommy Tremble	TE	12	0	0	0	0	0	7	0	1	0	0	0	0	0	0		0
Sam Howell	QB	12	300	0	1	13	1	0	0	0	0	0	0	0	0	0		0
Cole Turner	TE	12	0	0	0	0	0	29	0	1	0	0	0	0	0	0		0
Britain Covey	WR	12	0	0	0	0	0	0	0	0	0	0	0	0	0	0		0
Irvin Charles	WR	12	0	0	0	0	0	0	0	0	0	0	0	0	0	0		0
Isiah Pacheco	RB	12	0	0	0	55	2	34	0	5	0	0	0	0	0	0		0
Cameron Dicker	PK	12	0	0	0	0	0	0	0	0	0	0	0	0	0	0	39	1
Jaylen Warren	RB	12	0	0	0	49	0	13	0	3	0	1	0	0	0	0		0
Drake London	WR	12	0	0	0	0	0	91	0	5	0	0	0	0	0	0		0
Chris Olave	WR	12	0	0	0	0	0	114	0	7	0	0	0	0	0	0		0
Jameson Williams	WR	12	0	0	0	0	0	51	0	2	0	0	0	0	0	0		0
George Pickens	WR	12	0	0	0	0	0	58	0	3	0	0	0	0	0	0		0
James Cook	RB	12	0	0	0	43	0	57	0	6	0	0	0	0	0	0		0
Rachaad White	RB	12	0	0	0	100	0	10	0	2	0	0	0	0	0	0		0
David Bell	WR	12	0	0	0	0	0	0	0	0	0	0	0	0	0	0		0
Dameon Pierce	RB	12	0	0	0	14	0	4	0	1	0	0	0	0	0	0		0
Khalil Shakir	WR	12	0	0	0	0	0	47	0	3	0	0	0	0	0	0		0
Tyler Allgeier	RB	12	0	0	0	64	0	0	0	0	0	0	0	0	0	0		0
Jerome Ford	RB	12	0	0	0	65	0	14	0	4	0	0	0	0	0	0		0
Kyle Philips	WR	12	0	0	0	0	0	-3	0	1	0	0	0	0	0	0		0
Ty Chandler	RB	12	0	0	0	8	0	3	0	1	0	0	0	0	0	0		0
Ko Kieft	TE	12	0	0	0	0	0	0	0	0	0	0	0	0	0	0		0
Stone Smartt	TE	12	0	0	0	0	0	0	0	0	0	0	0	0	0	0		0
Deven Thompkins	WR	12	0	0	0	0	0	0	0	0	0	0	0	0	0	0		0
Jordan Mason	RB	12	0	0	0	0	0	0	0	0	0	0	0	0	0	0		0
Rashid Shaheed	WR	12	0	0	0	0	0	9	0	2	0	0	0	0	0	0		0
John Metchie III	WR	12	0	0	0	0	0	6	0	1	0	0	0	0	0	0		0
Alec Pierce	WR	12	0	0	0	0	0	27	0	4	0	0	0	0	0	0		0
Jalen Tolbert	WR	12	0	0	0	0	0	49	0	2	0	0	0	0	0	0		0
Brandon Aubrey	PK	12	0	0	0	0	0	0	0	0	0	0	0	0	0	0	52	4
Garrett Wilson	WR	12	0	0	0	0	0	44	1	7	0	0	0	0	0	0		0
Jahan Dotson	WR	12	0	0	0	0	0	52	0	5	0	0	0	0	0	0		0
Trey McBride	TE	12	0	0	0	0	0	60	0	7	0	0	0	0	0	0		0
Velus Jones Jr.	WR	12	0	0	0	0	0	0	0	0	0	0	0	0	0	0		0
Brian Robinson	RB	12	0	0	0	53	0	11	0	2	0	0	0	0	0	0		0
KaVontae Turpin	WR	12	0	0	0	0	0	34	1	1	0	0	0	0	0	0		0
Jeremy Ruckert	TE	12	0	0	0	0	0	18	0	2	0	0	0	0	0	0		0
Chig Okonkwo	TE	12	0	0	0	0	0	45	0	4	0	0	0	0	0	0		0
Romeo Doubs	WR	12	0	0	0	0	0	37	0	3	0	0	0	0	0	0		0
Brock Purdy	QB	12	209	1	1	1	0	0	0	0	0	0	0	0	0	0		0
Calvin Austin III	WR	12	0	0	0	0	0	5	0	1	0	0	0	0	0	0		0
Isaiah Likely	TE	12	0	0	0	0	0	40	0	4	0	0	0	0	0	0		0
Kyren Williams	RB	12	0	0	0	143	0	61	2	6	0	0	0	0	0	0		0
Zamir White	RB	12	0	0	0	0	0	0	0	0	0	0	0	0	0	0		0
Jake Ferguson	TE	12	0	0	0	0	0	35	0	1	0	0	0	0	0	0		0
Skyy Moore	WR	12	0	0	0	0	0	34	0	3	0	0	0	0	0	0		0
Kenny Pickett	QB	12	278	0	0	5	0	0	0	0	0	0	0	0	0	0		0
Tyquan Thornton	WR	12	0	0	0	3	0	19	0	2	0	0	0	0	0	0		0
Bailey Zappe	QB	12	54	0	1	0	0	0	0	0	0	0	0	0	0	0		0
Daniel Bellinger	TE	12	0	0	0	0	0	8	0	1	0	0	0	0	0	0		0
Wan'Dale Robinson	WR	12	0	0	0	0	0	26	0	4	0	0	0	0	0	0		0
Breece Hall	RB	12	0	0	0	25	0	24	0	7	0	0	0	0	0	0		0
Desmond Ridder	QB	12	168	1	2	30	0	0	0	0	0	0	0	0	0	0		0
Christian Watson	WR	12	0	0	0	0	0	94	1	5	0	0	0	0	0	0		0
Cade Otton	TE	12	0	0	0	0	0	45	0	4	0	0	0	0	0	0		0
Lucas Havrisik	PK	12	0	0	0	0	0	0	0	0	0	0	0	0	0	0	24	4
Will Mallory	TE	12	0	0	0	0	0	29	0	2	0	0	0	0	0	0		0
Anders Carlson	PK	12	0	0	0	0	0	0	0	0	0	0	0	0	0	0	43	2
Keaton Mitchell	RB	12	0	0	0	64	0	25	0	2	0	0	0	0	0	0		0
Malik Heath	WR	12	0	0	0	0	0	46	0	4	0	0	0	0	0	0		0
Tommy DeVito	QB	12	191	1	0	6	0	0	0	0	0	1	0	0	0	0		0
Jason Brownlee	WR	12	0	0	0	0	0	20	0	2	0	0	0	0	0	0		0
Xavier Gipson	WR	12	0	0	0	0	0	15	0	2	0	0	0	0	0	0		0
Bijan Robinson	RB	12	0	0	0	91	1	32	1	3	0	0	0	0	0	0		0
Jaxon Smith-Njigba	WR	12	0	0	0	0	0	41	0	2	0	0	0	0	0	0		0
Quentin Johnston	WR	12	0	0	0	0	0	7	0	1	0	0	0	0	0	0		0
Luke Schoonmaker	TE	12	0	0	0	0	0	12	0	1	0	0	0	0	0	0		0
Tank Bigsby	RB	12	0	0	0	6	0	0	0	0	0	0	0	0	0	0		0
Darnell Washington	TE	12	0	0	0	0	0	10	0	1	0	0	0	0	0	0		0
Jake Moody	PK	12	0	0	0	0	0	0	0	0	0	0	0	0	0	0	32	4
Tre Tucker	WR	12	0	0	0	0	0	0	0	0	0	0	0	0	0	0		0
Chad Ryland	PK	12	0	0	0	0	0	0	0	0	0	0	0	0	0	0		1
Derius Davis	WR	12	0	0	0	-1	0	2	0	1	0	0	0	0	0	0		0
Charlie Jones	WR	12	0	0	0	0	0	0	0	0	0	0	0	0	0	0		0
Aidan O'Connell	QB	12	248	1	0	0	0	0	0	0	0	0	0	0	0	0		0
Clayton Tune	QB	12	0	0	0	0	0	0	0	0	0	0	0	0	1	0		0
Dorian Thompson-Robinson	QB	12	134	1	0	21	0	0	0	0	0	0	0	0	0	0		0
Josh Whyle	TE	12	0	0	0	0	0	11	0	1	0	0	0	0	0	0		0
Chase Brown	RB	12	0	0	0	0	0	0	0	0	0	0	0	0	0	0		0
Parker Washington	WR	12	0	0	0	0	0	0	0	0	0	0	0	0	0	0		0
Kayshon Boutte	WR	12	0	0	0	0	0	8	0	1	0	0	0	0	0	0		0
Chris Rodriguez Jr.	RB	12	0	0	0	21	0	0	0	0	0	0	0	0	0	0		0
A.T. Perry	WR	12	0	0	0	0	0	7	0	1	0	0	0	0	0	0		0
Xavier Hutchinson	WR	12	0	0	0	0	0	34	0	1	0	0	0	0	0	0		0
Andrei Iosivas	WR	12	0	0	0	0	0	16	0	1	0	0	0	0	0	0		0
DeMario Douglas	WR	12	0	0	0	0	0	49	0	6	0	0	0	0	0	0		0
Colton Dowell	WR	12	0	0	0	0	0	0	0	0	0	0	0	0	0	0		0
Jalen Brooks	WR	12	0	0	0	0	0	24	0	1	0	0	0	0	0	0		0
Ronnie Bell	WR	12	0	0	0	0	0	0	0	0	0	0	0	0	0	0		0
Emari Demercado	RB	12	0	0	0	15	0	0	0	0	0	0	0	0	0	0		0
Julian Hill	TE	12	0	0	0	0	0	0	0	0	0	0	0	0	0	0		0
Jake Bobo	WR	12	0	0	0	0	0	6	0	1	0	0	0	0	0	0		0
Jaleel McLaughlin	RB	12	0	0	0	4	0	0	0	0	0	0	0	0	0	0		0
Ben Sims	TE	12	0	0	0	0	0	0	0	0	0	0	0	0	0	0		0
Blake Grupe	PK	12	0	0	0	0	0	0	0	0	0	0	0	0	0	0	25;52;41;45;39	0
Dalton Kincaid	TE	12	0	0	0	0	0	38	0	5	0	0	0	0	0	0		0
Jalin Hyatt	WR	12	0	0	0	0	0	109	0	5	0	0	0	0	0	0		0
Marvin Mims Jr.	WR	12	0	0	0	11	0	24	0	2	0	0	0	0	0	0		0
Tank Dell	WR	12	0	0	0	12	0	50	1	5	0	0	0	0	0	0		0
Cedric Tillman	WR	12	0	0	0	0	0	55	0	4	0	0	0	0	0	0		0
Jordan Addison	WR	12	0	0	0	0	0	39	0	6	0	0	0	0	0	0		0
Tucker Kraft	TE	12	0	0	0	0	0	15	1	2	0	0	0	0	0	0		0
Josh Downs	WR	12	0	0	0	0	0	43	0	5	0	0	0	0	0	0		0
Roschon Johnson	RB	12	0	0	0	35	0	40	0	5	0	0	0	0	0	0		0
Tyjae Spears	RB	12	0	0	0	6	0	1	0	1	0	0	0	0	0	0		0
Elijah Higgins	TE	12	0	0	0	0	0	26	0	1	0	0	0	0	0	0		0
Payne Durham	TE	12	0	0	0	0	0	12	0	1	0	0	0	0	0	0		0
Trey Palmer	WR	12	0	0	0	0	0	17	0	4	0	0	0	0	0	0		0
Jonathan Mingo	WR	12	0	0	0	0	0	60	0	4	0	0	0	0	0	0		0
Zay Flowers	WR	12	0	0	0	37	1	25	1	5	0	0	0	0	0	0		0
Sam LaPorta	TE	12	0	0	0	0	0	47	1	5	0	0	0	0	0	1		0
Michael Mayer	TE	12	0	0	0	0	0	27	0	2	0	0	0	0	0	0		0
Rashee Rice	WR	12	0	0	0	0	0	107	1	8	0	0	0	0	0	0		0
Davis Allen	TE	12	0	0	0	0	0	6	0	1	0	0	0	0	0	0		0
Puka Nacua	WR	12	0	0	0	0	0	27	0	4	0	0	0	0	0	0		0
Zach Evans	RB	12	0	0	0	6	0	0	0	0	0	0	0	0	0	0		0
Jahmyr Gibbs	RB	12	0	0	0	54	0	19	0	4	0	0	0	0	0	0		0
Jayden Reed	WR	12	0	0	0	16	0	34	1	4	0	0	0	0	0	0		0
Bryce Young	QB	12	194	0	0	23	0	0	0	0	1	0	0	0	0	0		0
Will Levis	QB	12	185	0	0	-3	0	0	0	0	0	0	0	0	0	0		0
C.J. Stroud	QB	12	304	2	0	47	1	0	0	0	0	0	0	0	0	0		0
Zach Charbonnet	RB	12	0	0	0	47	0	11	0	4	0	0	0	0	0	0		0
Matt Prater	PK	13	0	0	0	0	0	0	0	0	0	0	0	0	0	0	51	3
Nick Folk	PK	13	0	0	0	0	0	0	0	0	0	0	0	0	0	0	24;46	2
Joe Flacco	QB	13	254	2	1	0	0	0	0	0	0	0	0	0	0	0		0
Matthew Stafford	QB	13	279	3	0	-2	0	0	0	0	0	0	0	0	0	0		0
Jimmy Graham	TE	13	0	0	0	0	0	6	1	1	0	0	0	0	0	0		0
Russell Wilson	QB	13	186	1	3	44	1	0	0	0	0	0	0	0	0	0		0
Greg Zuerlein	PK	13	0	0	0	0	0	0	0	0	0	0	0	0	0	0	27;46	0
Brandon McManus	PK	13	0	0	0	0	0	0	0	0	0	0	0	0	0	0	40	4
Adam Thielen	WR	13	0	0	0	0	0	25	0	3	0	0	0	0	0	0		0
Dustin Hopkins	PK	13	0	0	0	0	0	0	0	0	0	0	0	0	0	0	40;24	1
Keenan Allen	WR	13	0	0	0	0	0	58	0	5	0	0	0	0	0	0		0
Robert Woods	WR	13	0	0	0	0	0	0	0	0	0	0	0	0	0	0		0
Travis Kelce	TE	13	0	0	0	0	0	81	0	4	0	0	0	0	0	0		0
DeAndre Hopkins	WR	13	0	0	0	4	0	75	1	5	0	0	0	0	0	0		0
Geno Smith	QB	13	334	3	1	6	1	0	0	0	0	0	0	0	0	0		0
Cordarrelle Patterson	RB	13	0	0	0	11	0	6	0	1	0	0	0	0	0	0		0
Chris Boswell	PK	13	0	0	0	0	0	0	0	0	0	0	0	0	0	0	29	1
Brandin Cooks	WR	13	0	0	0	0	0	45	1	4	0	0	0	0	0	1		0
Logan Thomas	TE	13	0	0	0	0	0	0	0	0	0	0	0	0	0	1		0
Derek Carr	QB	13	226	1	1	-1	0	0	0	0	0	1	0	0	0	0		0
Mike Evans	WR	13	0	0	0	0	0	162	1	7	0	0	0	0	0	0		0
Allen Robinson	WR	13	0	0	0	0	0	19	0	3	0	0	0	0	0	0		0
Chris Manhertz	TE	13	0	0	0	0	0	0	0	0	0	0	0	0	0	0		0
Jason Myers	PK	13	0	0	0	0	0	0	0	0	0	0	0	0	0	0		5
Jameis Winston	QB	13	41	0	0	0	0	0	0	0	0	0	0	0	0	0		0
Amari Cooper	WR	13	0	0	0	0	0	34	0	3	0	0	0	0	0	0		0
DeVante Parker	WR	13	0	0	0	0	0	64	0	4	0	0	0	0	0	0		0
MyCole Pruitt	TE	13	0	0	0	0	0	20	1	1	0	0	0	0	0	0		0
Raheem Mostert	RB	13	0	0	0	43	1	8	0	1	0	0	0	0	0	0		0
Jamison Crowder	WR	13	0	0	0	0	0	0	0	0	0	0	0	0	0	0		0
Blake Bell	TE	13	0	0	0	0	0	0	0	0	0	0	0	0	0	0		0
Geoff Swaim	TE	13	0	0	0	0	0	10	0	2	0	0	0	0	0	0		0
Trevor Siemian	QB	13	66	0	0	8	0	0	0	0	1	0	0	0	0	0		0
Ty Montgomery	WR	13	0	0	0	2	0	0	0	0	0	0	0	0	0	0		0
Tyler Lockett	WR	13	0	0	0	0	0	47	0	5	0	0	0	0	0	0		0
Marcus Mariota	QB	13	16	0	0	6	0	0	0	0	0	0	0	0	0	0		0
Chris Moore	WR	13	0	0	0	0	0	12	0	1	0	0	0	0	0	0		0
Dwayne Washington	RB	13	0	0	0	0	0	0	0	0	0	0	0	0	0	0		0
Kalif Raymond	WR	13	0	0	0	9	0	0	0	0	0	0	0	0	0	0		0
Alex Erickson	WR	13	0	0	0	0	0	23	0	1	0	0	0	0	0	0		0
Wil Lutz	PK	13	0	0	0	0	0	0	0	0	0	0	0	0	0	0	34	2
Derrick Henry	RB	13	0	0	0	102	2	18	0	1	0	0	0	0	0	0		0
Demarcus Robinson	WR	13	0	0	0	0	0	55	1	4	0	0	0	0	0	0		0
Tyler Boyd	WR	13	0	0	1	5	0	37	0	5	0	0	0	0	0	0		0
Tyreek Hill	WR	13	0	0	0	-4	0	157	2	5	0	0	0	0	0	0		0
Ezekiel Elliott	RB	13	0	0	0	52	0	40	0	4	0	0	0	0	0	0		0
Dak Prescott	QB	13	299	3	0	23	0	0	0	0	0	0	0	1	0	0		0
Hunter Henry	TE	13	0	0	0	0	0	15	0	2	0	0	0	0	0	0		0
Jared Goff	QB	13	213	2	0	-2	0	0	0	0	0	0	0	0	0	0		0
Tyler Higbee	TE	13	0	0	0	0	0	35	0	2	0	0	0	0	0	0		0
Christian McCaffrey	RB	13	0	0	0	93	1	40	0	3	0	0	0	0	0	0		0
Curtis Samuel	WR	13	0	0	0	0	0	65	0	4	0	0	0	0	0	0		0
George Kittle	TE	13	0	0	0	0	0	68	0	4	0	0	0	0	0	0		0
Harrison Butker	PK	13	0	0	0	0	0	0	0	0	0	0	0	0	0	0	34;34	1
Taysom Hill	TE	13	0	0	0	59	1	15	0	2	0	0	0	0	0	0		0
Isaiah McKenzie	WR	13	0	0	0	0	0	0	0	0	0	0	0	0	0	0		0
Samaje Perine	RB	13	0	0	0	1	0	5	0	2	0	0	0	0	0	0		0
James Conner	RB	13	0	0	0	105	2	0	0	0	0	0	0	0	0	0		0
Eric Saubert	TE	13	0	0	0	0	0	5	0	1	0	0	0	0	0	0		0
Noah Brown	WR	13	0	0	0	0	0	0	0	0	0	0	0	0	0	0		0
Austin Ekeler	RB	13	0	0	0	18	0	9	0	2	0	0	0	0	0	0		0
Younghoe Koo	PK	13	0	0	0	0	0	0	0	0	0	0	0	0	0	0	22;42	1
Jake Elliott	PK	13	0	0	0	0	0	0	0	0	0	0	0	0	0	0	26;39	1
Dare Ogunbowale	RB	13	0	0	0	1	0	14	0	1	0	0	0	0	0	0		0
JuJu Smith-Schuster	WR	13	0	0	0	0	0	11	0	1	0	0	0	0	0	0		0
Jonnu Smith	TE	13	0	0	0	0	0	10	0	2	0	0	0	0	0	0		0
Mitchell Trubisky	QB	13	117	1	0	5	0	0	0	0	0	1	0	0	0	0		0
Patrick Mahomes	QB	13	210	1	1	26	0	0	0	0	0	0	0	0	0	0		0
Evan Engram	TE	13	0	0	0	0	0	82	1	9	0	0	0	0	0	0		0
David Njoku	TE	13	0	0	0	0	0	17	0	2	0	0	0	0	0	0		0
Zay Jones	WR	13	0	0	0	0	0	78	0	5	0	0	0	0	0	0		0
Dalvin Cook	RB	13	0	0	0	35	0	11	0	1	0	1	0	0	0	0		0
Gerald Everett	TE	13	0	0	0	0	0	44	0	4	0	0	0	0	0	0		0
Joe Mixon	RB	13	0	0	0	68	2	49	0	6	0	0	0	0	0	0		0
Alvin Kamara	RB	13	0	0	0	51	2	58	0	6	0	0	0	0	0	0		0
Cooper Kupp	WR	13	0	0	0	0	0	39	1	6	0	0	0	0	0	0		0
Chris Godwin Jr.	WR	13	0	0	0	19	1	0	0	0	0	0	0	0	0	0		0
Kareem Hunt	RB	13	0	0	0	48	0	0	0	1	0	0	0	0	0	0		0
C.J. Beathard	QB	13	63	0	0	7	0	0	0	0	0	0	0	0	0	0		0
Josh Reynolds	WR	13	0	0	0	0	0	12	0	1	0	0	0	0	0	0		0
Jamaal Williams	RB	13	0	0	0	10	0	6	0	1	0	0	0	0	0	0		0
River Cracraft	WR	13	0	0	0	0	0	16	0	2	0	0	0	0	0	0		0
Jeff Wilson	RB	13	0	0	0	11	0	0	0	0	0	0	0	0	0	0		0
Will Dissly	TE	13	0	0	0	0	0	0	0	0	0	0	0	0	0	0		0
Eddy Pineiro	PK	13	0	0	0	0	0	0	0	0	0	0	0	0	0	0	23	1
Tim Boyle	QB	13	148	0	1	2	0	0	0	0	0	0	0	0	0	0		0
Kevin Rader	TE	13	0	0	0	0	0	0	0	0	0	0	0	0	0	0		0
Tyler Conklin	TE	13	0	0	0	0	0	35	0	3	0	0	0	0	0	0		0
Marquez Valdes-Scantling	WR	13	0	0	0	0	0	25	0	2	0	0	0	0	0	0		0
Richie James	WR	13	0	0	0	0	0	12	0	1	0	0	0	0	0	0		0
Courtland Sutton	WR	13	0	0	0	0	0	77	1	2	0	0	0	0	0	0		0
Jordan Akins	TE	13	0	0	0	0	0	6	0	1	0	0	0	0	0	0		0
Ian Thomas	TE	13	0	0	0	0	0	6	0	1	0	0	0	0	0	0		0
Mike White	QB	13	3	0	0	0	0	0	0	0	0	0	0	0	0	0		0
Boston Scott	RB	13	0	0	0	2	0	27	0	1	0	0	0	0	0	0		0
Braxton Berrios	WR	13	0	0	0	0	0	0	0	0	0	0	0	0	0	0		0
Allen Lazard	WR	13	0	0	0	0	0	0	0	0	0	0	0	0	0	0		0
Tanner Hudson	TE	13	0	0	0	0	0	35	0	4	0	0	0	0	0	0		0
Godwin Igwebuike	RB	13	0	0	0	0	0	0	0	0	0	0	0	0	0	0		0
Chase Edmonds	RB	13	0	0	0	7	0	2	0	1	0	0	0	0	0	0		0
Michael Gallup	WR	13	0	0	0	0	0	0	0	0	0	0	0	0	0	0		0
Christian Kirk	WR	13	0	0	0	0	0	26	0	1	0	0	0	0	0	0		0
DJ Chark	WR	13	0	0	0	0	0	56	0	3	0	0	0	0	0	0		0
Jason Sanders	PK	13	0	0	0	0	0	0	0	0	0	0	0	0	0	0	49	6
Calvin Ridley	WR	13	0	0	0	7	0	26	0	4	0	0	0	0	0	0		0
Royce Freeman	RB	13	0	0	0	0	0	0	0	0	0	0	0	0	0	0		0
KhaDarel Hodge	WR	13	0	0	0	0	0	0	0	0	0	0	0	0	0	0		0
Baker Mayfield	QB	13	202	1	1	-2	0	0	0	0	0	0	0	0	0	0		0
Sam Darnold	QB	13	0	0	0	-1	0	0	0	0	0	0	0	0	0	0		0
Irv Smith	TE	13	0	0	0	0	0	0	0	0	0	0	0	0	0	0		0
Foster Moreau	TE	13	0	0	0	0	0	28	0	2	0	0	0	0	0	0		0
Jake Browning	QB	13	354	1	0	22	1	-7	0	1	0	0	0	0	0	0		0
Joey Slye	PK	13	0	0	0	0	0	0	0	0	0	0	0	0	0	0		1
Diontae Johnson	WR	13	0	0	0	0	0	33	1	4	0	0	0	0	0	0		0
Kyler Murray	QB	13	145	1	0	20	0	0	0	0	0	0	0	0	0	0		0
Miles Sanders	RB	13	0	0	0	23	0	6	0	1	0	0	0	0	0	0		0
Devin Singletary	RB	13	0	0	0	36	0	4	0	1	0	0	0	0	0	0		0
Trevon Wesco	TE	13	0	0	0	0	0	0	0	0	0	0	0	0	0	0		0
Tony Pollard	RB	13	0	0	0	68	1	15	0	3	0	0	0	0	0	0		0
Matt Gay	PK	13	0	0	0	0	0	0	0	0	0	0	0	0	0	0	23;46;23;28	1
Gardner Minshew	QB	13	312	2	0	2	0	0	0	0	1	0	0	0	0	0		0
Trayveon Williams	RB	13	0	0	0	0	0	0	0	0	0	0	0	0	0	0		0
Donald Parham	TE	13	0	0	0	0	0	12	0	2	0	0	0	0	0	0		0
Trenton Irwin	WR	13	0	0	0	0	0	25	0	1	0	0	0	0	0	0		0
Chase McLaughlin	PK	13	0	0	0	0	0	0	0	0	0	0	0	0	0	0		3
Lil'Jordan Humphrey	WR	13	0	0	0	0	0	12	0	1	0	0	0	0	0	0		0
Jalen Guyton	WR	13	0	0	0	0	0	5	0	1	0	0	0	0	0	0		0
Greg Dortch	WR	13	0	0	0	0	0	19	0	1	0	0	0	0	0	0		0
Craig Reynolds	RB	13	0	0	0	0	0	0	0	0	0	0	0	0	0	0		0
D'Ernest Johnson	RB	13	0	0	0	4	0	5	0	1	0	0	0	0	0	0		0
Drew Sample	TE	13	0	0	0	0	0	11	0	1	0	0	0	0	0	0		0
DK Metcalf	WR	13	0	0	0	0	0	134	3	6	0	0	0	0	0	0		0
Noah Fant	TE	13	0	0	0	0	0	43	0	3	0	0	0	0	0	0		0
Terry McLaurin	WR	13	0	0	0	0	0	0	0	0	0	0	0	0	0	0		0
Marquise Brown	WR	13	0	0	0	0	0	0	0	0	0	0	0	0	0	0		0
A.J. Brown	WR	13	0	0	0	0	0	114	0	8	0	0	0	0	0	0		0
David Montgomery	RB	13	0	0	0	56	1	-1	0	1	0	0	0	0	0	0		0
Deebo Samuel Sr.	WR	13	0	0	0	22	1	116	2	4	0	0	0	0	0	0		0
Mitchell Wilcox	TE	13	0	0	0	0	0	12	0	1	0	0	0	0	0	0		0
James Robinson	RB	13	0	0	0	2	0	-2	0	1	0	0	0	0	0	0		0
Patrick Taylor	RB	13	0	0	0	29	0	0	0	0	0	0	0	0	0	0		0
Juwan Johnson	TE	13	0	0	0	0	0	0	0	0	0	0	0	0	0	0		0
James Proche	WR	13	0	0	0	0	0	0	0	0	0	0	0	0	0	0		0
Rico Dowdle	RB	13	0	0	0	15	0	7	0	1	0	0	0	0	0	0		0
Nick Westbrook-Ikhine	WR	13	0	0	0	0	0	28	0	1	0	0	0	0	0	0		0
Tua Tagovailoa	QB	13	280	2	0	0	0	0	0	0	0	0	0	0	0	0		0
Harrison Bryant	TE	13	0	0	0	0	0	49	1	5	0	0	0	0	0	0		0
Donovan Peoples-Jones	WR	13	0	0	0	0	0	0	0	0	0	0	0	0	0	0		0
Zack Moss	RB	13	0	0	0	51	0	6	0	2	0	0	0	0	0	0		0
Michael Pittman	WR	13	0	0	0	0	0	105	1	11	0	0	0	0	0	0		0
Jauan Jennings	WR	13	0	0	0	0	0	44	1	3	0	0	0	0	0	0		0
Brandon Aiyuk	WR	13	0	0	0	0	0	46	1	5	0	0	0	0	0	0		0
Jordan Love	QB	13	267	3	0	10	0	0	0	0	0	0	0	0	0	0		0
AJ Dillon	RB	13	0	0	0	73	0	14	0	1	0	0	0	0	0	0		0
Quez Watkins	WR	13	0	0	0	0	0	28	0	3	0	0	0	0	0	0		0
D'Andre Swift	RB	13	0	0	0	13	0	7	0	2	0	0	0	0	0	0		0
Antonio Gibson	RB	13	0	0	0	35	0	37	0	4	0	0	0	0	0	0		0
Justin Herbert	QB	13	212	0	0	-5	0	0	0	0	0	0	0	0	0	0		0
CeeDee Lamb	WR	13	0	0	0	30	0	116	1	12	0	0	0	0	0	0		0
Clyde Edwards-Helaire	RB	13	0	0	0	6	0	8	0	1	0	0	0	0	0	0		0
Lynn Bowden	WR	13	0	0	0	-6	0	5	0	1	0	0	0	0	0	0		0
Joshua Kelley	RB	13	0	0	0	16	0	9	0	2	0	0	0	0	0	0		0
Jalen Reagor	WR	13	0	0	0	0	0	11	0	1	0	0	0	0	0	0		0
Jalen Hurts	QB	13	298	1	0	20	1	0	0	0	0	0	0	0	0	0		0
Jerry Jeudy	WR	13	0	0	0	0	0	51	0	3	0	0	0	0	0	0		0
Tee Higgins	WR	13	0	0	0	0	0	36	0	3	0	0	0	0	0	0		0
Adam Trautman	TE	13	0	0	0	0	0	6	0	1	0	0	0	0	0	0		0
Albert Okwuegbunam	TE	13	0	0	0	0	0	0	0	0	0	0	0	0	0	0		0
DeeJay Dallas	RB	13	0	0	0	6	0	0	0	0	0	0	0	0	0	0		0
Charlie Woerner	TE	13	0	0	0	0	0	0	0	0	0	0	0	0	0	0		0
Stephen Sullivan	TE	13	0	0	0	0	0	16	0	1	0	0	0	0	0	0		0
Matt Ammendola	PK	13	0	0	0	0	0	0	0	0	0	0	0	0	0	0	29;38;38	1
Mike Strachan	WR	13	0	0	0	0	0	0	0	0	0	0	0	0	0	0		0
Tim Jones	WR	13	0	0	0	0	0	0	0	0	0	0	0	0	0	0		0
Nico Collins	WR	13	0	0	0	0	0	191	1	9	0	0	0	0	0	0		0
Chuba Hubbard	RB	13	0	0	0	104	2	0	0	0	0	0	0	0	0	0		0
Brevin Jordan	TE	13	0	0	0	0	0	64	0	3	0	0	0	0	0	0		0
Elijah Mitchell	RB	13	0	0	0	13	0	0	0	0	0	0	0	0	0	0		0
Jaylen Waddle	WR	13	0	0	0	0	0	52	0	5	0	0	0	0	0	0		0
Dyami Brown	WR	13	0	0	0	0	0	0	0	1	0	0	0	0	0	0		0
John Bates	TE	13	0	0	0	0	0	0	0	0	0	0	0	0	0	0		0
Ihmir Smith-Marsette	WR	13	0	0	0	0	0	0	0	0	0	0	0	0	0	0		0
Noah Gray	TE	13	0	0	0	0	0	2	1	1	0	0	0	0	0	0		0
Brock Wright	TE	13	0	0	0	0	0	8	0	1	0	0	0	0	0	0		0
Riley Patterson	PK	13	0	0	0	0	0	0	0	0	0	0	0	0	0	0	26;32	3
Austin Trammell	WR	13	0	0	0	0	0	0	0	0	0	0	0	0	0	0		0
Tutu Atwell	WR	13	0	0	0	0	0	9	0	1	0	0	0	0	0	0		0
Evan McPherson	PK	13	0	0	0	0	0	0	0	0	0	0	0	0	0	0	54;48	4
Ben Skowronek	WR	13	0	0	0	0	0	12	0	2	0	0	0	0	0	0		0
Rhamondre Stevenson	RB	13	0	0	0	39	0	0	0	1	0	1	0	0	0	0		0
Kylen Granson	TE	13	0	0	0	2	0	72	0	3	0	0	0	0	0	0		0
Luke Farrell	TE	13	0	0	0	0	0	9	0	1	0	0	0	0	0	0		0
Najee Harris	RB	13	0	0	0	63	0	14	0	2	0	0	0	0	0	0		0
Pat Freiermuth	TE	13	0	0	0	0	0	29	0	3	0	0	0	0	0	0		0
Davis Mills	QB	13	18	0	0	0	0	0	0	0	0	0	0	0	0	0		0
Ja'Marr Chase	WR	13	-7	0	0	0	0	149	1	11	0	0	0	0	0	0		0
DeVonta Smith	WR	13	0	0	0	0	0	96	1	9	0	0	0	0	0	0		0
Kadarius Toney	WR	13	0	0	0	6	0	0	0	0	0	0	0	0	0	0		0
Kenny Gainwell	RB	13	0	0	0	5	0	42	0	5	0	0	0	0	0	0		0
Michael Carter	RB	13	0	0	0	25	0	0	0	0	0	0	0	0	0	0		0
Rondale Moore	WR	13	0	0	0	0	0	6	0	1	0	0	0	0	0	0		0
Amon-Ra St. Brown	WR	13	0	0	0	0	0	49	1	2	0	0	0	0	0	0		0
Kyle Pitts	TE	13	0	0	0	0	0	51	0	4	0	0	0	0	0	0		0
Trevor Lawrence	QB	13	258	2	0	8	1	0	0	0	0	0	0	0	0	0		0
Travis Etienne	RB	13	0	0	0	45	1	34	0	4	0	0	0	0	0	0		0
Elijah Moore	WR	13	0	0	0	0	0	83	0	4	0	0	0	0	0	0		0
Trey Sermon	RB	13	0	0	0	0	0	0	0	0	0	0	0	0	0	0		0
Javonte Williams	RB	13	0	0	0	46	0	24	0	3	0	0	0	0	0	0		0
Hunter Long	TE	13	0	0	0	0	0	0	0	0	0	0	0	0	0	0		0
Sam Howell	QB	13	127	0	1	21	2	0	0	0	0	0	0	1	0	0		0
Cole Turner	TE	13	0	0	0	0	0	2	0	1	0	0	0	0	0	0		0
Tyler Goodson	RB	13	0	0	0	0	0	11	0	2	0	0	0	0	0	0		0
Britain Covey	WR	13	0	0	0	0	0	0	0	0	0	0	0	0	0	0		0
Isiah Pacheco	RB	13	0	0	0	110	1	13	0	3	0	0	0	0	0	0		0
Cameron Dicker	PK	13	0	0	0	0	0	0	0	0	0	0	0	0	0	0	38;38	0
Jaylen Warren	RB	13	0	0	0	59	0	-4	0	1	0	0	0	0	0	0		0
Drake London	WR	13	0	0	0	0	0	8	0	1	0	0	0	0	0	0		0
Chris Olave	WR	13	0	0	0	0	0	119	0	5	0	0	0	0	0	0		0
Jameson Williams	WR	13	0	0	0	19	1	11	0	1	0	0	0	0	0	0		0
George Pickens	WR	13	0	0	0	0	0	86	0	4	0	0	0	0	0	0		0
Rachaad White	RB	13	0	0	0	84	1	22	0	3	0	0	0	0	0	0		0
David Bell	WR	13	0	0	0	0	0	12	0	2	0	0	0	0	0	0		0
Dameon Pierce	RB	13	0	0	0	41	1	0	0	0	0	0	0	0	0	0		0
Tyler Allgeier	RB	13	0	0	0	26	0	0	0	0	0	0	0	0	0	0		0
Jerome Ford	RB	13	0	0	0	19	0	33	1	3	0	0	0	0	0	0		0
Andrew Ogletree	TE	13	0	0	0	0	0	0	0	0	0	0	0	0	0	0		0
Ko Kieft	TE	13	0	0	0	0	0	0	0	0	0	0	0	0	0	0		0
Raheem Blackshear	RB	13	0	0	0	6	0	0	0	0	0	0	0	0	0	0		0
Rod Williams	TE	13	0	0	0	0	0	0	0	0	0	0	0	0	0	0		0
Stone Smartt	TE	13	0	0	0	0	0	0	0	0	0	0	0	0	0	0		0
Deven Thompkins	WR	13	0	0	0	7	0	4	0	1	0	0	0	0	0	0		0
Jordan Mason	RB	13	0	0	0	10	0	0	0	0	0	0	0	0	0	0		0
Lucas Krull	TE	13	0	0	0	0	0	0	0	0	0	0	0	0	0	0		0
John Metchie III	WR	13	0	0	0	0	0	9	0	1	0	0	0	0	0	0		0
Alec Pierce	WR	13	0	0	0	0	0	100	1	3	0	0	0	0	0	0		0
Jalen Tolbert	WR	13	0	0	0	0	0	17	0	1	0	0	0	0	0	0		0
Brandon Aubrey	PK	13	0	0	0	0	0	0	0	0	0	0	0	0	0	0	30;31;38;32	3
Garrett Wilson	WR	13	0	0	0	0	0	50	0	3	0	0	0	0	0	0		0
Jahan Dotson	WR	13	0	0	0	0	0	23	0	2	0	0	0	0	0	0		0
Trey McBride	TE	13	0	0	0	0	0	89	1	8	0	0	0	0	0	0		0
Brian Robinson	RB	13	0	0	0	53	0	0	0	0	0	0	0	0	0	0		0
KaVontae Turpin	WR	13	0	0	0	0	0	10	0	1	0	0	0	0	0	0		0
Jeremy Ruckert	TE	13	0	0	0	0	0	12	0	1	0	0	0	0	0	0		0
Chig Okonkwo	TE	13	0	0	0	2	0	62	0	3	0	0	0	0	0	0		0
Romeo Doubs	WR	13	0	0	0	0	0	72	0	4	0	0	0	0	0	0		0
Brock Purdy	QB	13	314	4	0	9	0	0	0	0	0	0	0	0	0	0		0
Calvin Austin III	WR	13	0	0	0	0	0	10	0	1	0	0	0	0	0	0		0
Kyren Williams	RB	13	0	0	0	88	1	24	0	3	0	0	0	0	0	0		0
Jake Ferguson	TE	13	0	0	0	0	0	77	1	6	0	0	0	0	0	0		0
Skyy Moore	WR	13	0	0	0	0	0	5	0	1	0	0	0	0	0	0		0
Pierre Strong	RB	13	0	0	0	20	0	0	0	0	0	0	0	0	0	0		0
Kenny Pickett	QB	13	70	0	0	3	0	0	0	0	0	0	0	0	0	0		0
Tyquan Thornton	WR	13	0	0	0	39	0	0	0	0	0	0	0	0	0	0		0
Bailey Zappe	QB	13	141	0	0	16	0	0	0	0	0	0	0	0	0	0		0
Breece Hall	RB	13	0	0	0	16	0	29	0	6	0	0	0	0	0	0		0
Desmond Ridder	QB	13	121	1	0	0	0	0	0	0	0	0	0	0	0	0		0
Christian Watson	WR	13	0	0	0	15	0	71	2	7	0	0	0	0	0	0		0
Cade Otton	TE	13	0	0	0	0	0	0	0	0	0	0	0	0	0	0		0
Lucas Havrisik	PK	13	0	0	0	0	0	0	0	0	0	0	0	0	0	0	44;28	4
Dontayvion Wicks	WR	13	0	0	0	0	0	43	0	3	0	0	0	0	0	0		0
Will Mallory	TE	13	0	0	0	0	0	4	0	2	0	0	0	0	0	0		0
Anders Carlson	PK	13	0	0	0	0	0	0	0	0	0	0	0	0	0	0	40;48	3
Malik Heath	WR	13	0	0	0	0	0	15	0	1	0	0	0	0	0	0		0
Henry Pearson	TE	13	0	0	0	0	0	0	0	0	0	0	0	0	0	0		0
Brady Russell	RB	13	0	0	0	0	0	0	0	0	0	0	0	0	0	0		0
Ben VanSumeren	RB	13	0	0	0	0	0	0	0	0	0	0	0	0	0	0		0
Xavier Gipson	WR	13	0	0	0	1	0	77	0	5	0	0	0	0	0	0		0
Bijan Robinson	RB	13	0	0	0	53	0	26	0	3	0	0	0	0	0	0		0
Jaxon Smith-Njigba	WR	13	0	0	0	0	0	62	0	7	0	0	0	0	0	0		0
Quentin Johnston	WR	13	0	0	0	0	0	52	0	5	0	0	0	0	0	0		0
Luke Schoonmaker	TE	13	0	0	0	0	0	12	0	1	0	0	0	0	0	0		0
Jake Moody	PK	13	0	0	0	0	0	0	0	0	0	0	0	0	0	0		6
Chad Ryland	PK	13	0	0	0	0	0	0	0	0	0	0	0	0	0	0		0
Derius Davis	WR	13	0	0	0	0	0	0	0	0	0	0	0	0	0	0		0
Charlie Jones	WR	13	0	0	0	0	0	0	0	0	0	0	0	0	0	0		0
Josh Whyle	TE	13	0	0	0	0	0	16	0	1	0	0	0	0	0	0		0
Chase Brown	RB	13	0	0	0	61	0	0	0	0	0	0	0	0	0	0		0
Parker Washington	WR	13	0	0	0	0	0	61	1	6	0	0	0	0	0	0		0
Chris Rodriguez Jr.	RB	13	0	0	0	29	0	0	0	0	0	0	0	0	0	0		0
A.T. Perry	WR	13	0	0	0	0	0	30	0	1	0	0	0	0	0	0		0
Andrei Iosivas	WR	13	0	0	0	0	0	0	0	0	0	0	0	0	0	0		0
Colton Dowell	WR	13	0	0	0	0	0	0	0	0	0	0	0	0	0	0		0
Ronnie Bell	WR	13	0	0	0	0	0	0	0	0	0	0	0	0	0	0		0
Julian Hill	TE	13	0	0	0	0	0	23	0	2	0	0	0	0	0	0		0
Hunter Luepke	RB	13	0	0	0	0	0	0	0	0	0	0	0	0	0	0		0
Jake Bobo	WR	13	0	0	0	0	0	9	0	1	0	0	0	0	0	0		0
Jaleel McLaughlin	RB	13	0	0	0	15	0	6	0	2	0	0	0	0	0	0		0
Ben Sims	TE	13	0	0	0	0	0	1	1	1	0	0	0	0	0	0		0
Blake Grupe	PK	13	0	0	0	0	0	0	0	0	0	0	0	0	0	0		4
Marvin Mims Jr.	WR	13	0	0	0	8	0	5	0	1	0	0	0	0	0	0		0
Cedric Tillman	WR	13	0	0	0	0	0	20	0	2	0	0	0	0	0	0		0
Tucker Kraft	TE	13	0	0	0	0	0	37	0	3	0	0	0	0	0	0		0
Josh Downs	WR	13	0	0	0	0	0	14	0	3	0	0	0	0	0	0		0
Tyjae Spears	RB	13	0	0	0	75	0	13	0	4	0	0	0	0	0	0		0
De'Von Achane	RB	13	0	0	0	73	2	30	0	3	0	0	0	0	0	0		0
Elijah Higgins	TE	13	0	0	0	0	0	21	0	1	0	0	0	0	0	0		0
Trey Palmer	WR	13	0	0	0	13	0	12	0	2	0	0	0	0	0	0		0
Jonathan Mingo	WR	13	0	0	0	0	0	69	0	6	0	0	0	0	0	0		0
Sam LaPorta	TE	13	0	0	0	0	0	140	1	9	0	0	0	0	0	0		0
Rashee Rice	WR	13	0	0	0	0	0	64	0	8	0	0	0	0	0	0		0
Puka Nacua	WR	13	0	0	0	34	0	105	1	4	0	0	0	0	0	0		0
Jahmyr Gibbs	RB	13	0	0	0	60	0	-6	0	1	0	0	0	0	0	0		0
Jayden Reed	WR	13	0	0	0	0	0	16	0	4	0	0	0	0	0	0		0
Bryce Young	QB	13	178	0	1	0	0	0	0	0	0	0	0	0	1	0		0
Will Levis	QB	13	224	1	0	5	0	0	0	0	1	0	0	0	0	0		0
C.J. Stroud	QB	13	274	1	0	11	0	0	0	0	0	0	0	0	0	0		0
Zach Charbonnet	RB	13	0	0	0	60	1	39	0	1	0	0	0	0	0	0		0
Marcedes Lewis	TE	14	0	0	0	0	0	4	0	1	0	0	0	0	0	0		0
Nick Folk	PK	14	0	0	0	0	0	0	0	0	0	0	0	0	0	0	28;23	2
Joe Flacco	QB	14	311	3	1	-1	0	0	0	0	1	0	0	0	0	0		0
Matthew Slater	WR	14	0	0	0	0	0	0	0	0	0	0	0	0	0	0		0
Matthew Stafford	QB	14	294	3	0	-1	0	0	0	0	0	0	0	0	0	0		0
Jimmy Graham	TE	14	0	0	0	0	0	16	1	2	0	0	0	0	0	0		0
Randall Cobb	WR	14	0	0	0	0	0	15	1	1	0	0	0	0	0	0		0
Brandon Bolden	RB	14	0	0	0	0	0	0	0	0	0	0	0	0	0	0		0
Russell Wilson	QB	14	224	2	1	5	0	0	0	0	0	0	0	0	0	0		0
Randy Bullock	PK	14	0	0	0	0	0	0	0	0	0	0	0	0	0	0	37	3
Justin Tucker	PK	14	0	0	0	0	0	0	0	0	0	0	0	0	0	0	31;47;33	2
Greg Zuerlein	PK	14	0	0	0	0	0	0	0	0	0	0	0	0	0	0	51;55;44	3
Brandon McManus	PK	14	0	0	0	0	0	0	0	0	0	0	0	0	0	0		3
Adam Thielen	WR	14	0	0	0	0	0	74	0	5	0	0	0	0	0	0		0
Dustin Hopkins	PK	14	0	0	0	0	0	0	0	0	0	0	0	0	0	0	55	4
Keenan Allen	WR	14	0	0	0	0	0	68	0	6	0	0	0	0	0	0		0
Robert Woods	WR	14	0	0	0	0	0	-2	0	1	0	0	0	0	0	0		0
Travis Kelce	TE	14	0	0	0	0	0	83	0	6	0	0	0	0	0	0		0
Latavius Murray	RB	14	0	0	0	9	0	21	0	1	0	0	0	0	0	0		0
DeAndre Hopkins	WR	14	0	0	0	0	0	124	1	7	0	0	0	0	0	0		0
Cordarrelle Patterson	RB	14	0	0	0	7	0	0	0	0	0	0	0	0	0	0		0
Chris Boswell	PK	14	0	0	0	0	0	0	0	0	0	0	0	0	0	0	56	1
Cairo Santos	PK	14	0	0	0	0	0	0	0	0	0	0	0	0	0	0	46;25;28	1
Odell Beckham Jr.	WR	14	0	0	0	0	0	97	1	4	0	0	0	0	0	0		0
Brandin Cooks	WR	14	0	0	0	0	0	37	0	2	0	0	0	0	0	0		0
Derek Carr	QB	14	119	2	1	0	0	0	0	0	0	0	0	0	0	0		0
AJ McCarron	QB	14	-1	0	0	0	0	0	0	0	0	0	0	0	0	0		0
Jerick McKinnon	RB	14	0	0	0	19	1	18	0	3	0	0	0	0	0	0		0
Davante Adams	WR	14	0	0	0	0	0	53	0	7	0	0	0	0	0	0		0
Mike Evans	WR	14	0	0	0	0	0	8	0	1	0	0	0	0	0	0		0
Allen Robinson	WR	14	0	0	0	0	0	21	0	1	0	0	0	0	0	0		0
Jason Myers	PK	14	0	0	0	0	0	0	0	0	0	0	0	0	0	0	40	1
Jameis Winston	QB	14	0	0	0	-2	0	0	0	0	0	0	0	0	0	0		0
Amari Cooper	WR	14	0	0	0	0	0	77	0	7	0	0	1	0	0	0		0
Nelson Agholor	WR	14	0	0	0	0	0	32	0	5	0	0	0	0	0	0		0
MyCole Pruitt	TE	14	0	0	0	0	0	15	0	2	0	0	0	0	0	0		0
Stefon Diggs	WR	14	0	0	0	0	0	24	0	4	0	0	0	0	0	0		0
Raheem Mostert	RB	14	0	0	0	96	2	4	0	1	0	0	0	0	0	0		0
DeAndre Carter	WR	14	0	0	0	0	0	0	0	0	0	0	0	0	0	0		0
Ameer Abdullah	RB	14	0	0	0	12	0	7	0	2	0	0	0	0	0	0		0
Ty Montgomery	WR	14	0	0	0	0	0	17	0	1	0	0	0	0	0	0		0
Tyler Lockett	WR	14	0	0	0	0	0	89	0	6	0	0	0	0	0	0		0
Austin Hooper	TE	14	0	0	0	0	0	5	0	1	0	0	0	0	0	0		0
Chris Moore	WR	14	0	0	0	0	0	22	0	1	0	0	0	0	0	0		0
Kalif Raymond	WR	14	0	0	0	0	0	15	0	3	0	0	0	0	0	0		0
Alex Erickson	WR	14	0	0	0	0	0	9	0	1	0	0	0	0	0	0		0
Wil Lutz	PK	14	0	0	0	0	0	0	0	0	0	0	0	0	0	0	23	3
Derrick Henry	RB	14	0	0	0	34	2	17	0	1	0	0	0	0	0	0		0
Demarcus Robinson	WR	14	0	0	0	0	0	46	1	3	0	0	0	0	0	0		0
Tyler Boyd	WR	14	0	0	0	0	0	23	0	2	0	0	0	0	0	0		0
Tyreek Hill	WR	14	0	0	0	0	0	61	0	4	0	0	0	0	0	0		0
Ezekiel Elliott	RB	14	0	0	0	68	0	72	1	7	0	0	0	0	0	0		0
Dak Prescott	QB	14	271	2	0	11	0	0	0	0	1	0	0	0	0	0		0
Hunter Henry	TE	14	0	0	0	0	0	40	2	3	0	0	0	0	0	0		0
Jared Goff	QB	14	161	1	2	0	0	0	0	0	0	1	0	0	0	0		0
Mo Alie-Cox	TE	14	0	0	0	0	0	2	1	1	0	0	0	0	0	0		0
Johnny Mundt	TE	14	0	0	0	0	0	4	0	1	0	0	0	0	0	0		0
Christian McCaffrey	RB	14	0	0	0	145	0	8	0	1	0	0	0	0	0	0		0
George Kittle	TE	14	0	0	0	0	0	76	1	3	0	0	0	0	0	0		0
Trent Taylor	WR	14	0	0	0	0	0	0	0	0	0	0	0	0	0	0		0
Harrison Butker	PK	14	0	0	0	0	0	0	0	0	0	0	0	0	0	0	27	2
Matt Breida	RB	14	0	0	0	16	0	0	0	0	0	0	0	0	0	0		0
Nick Mullens	QB	14	83	0	0	0	0	0	0	0	0	0	0	0	0	0		0
Pharaoh Brown	TE	14	0	0	0	0	0	4	0	1	0	0	0	0	0	0		0
Isaiah McKenzie	WR	14	0	0	0	0	0	0	0	0	0	0	0	0	0	0		0
Samaje Perine	RB	14	0	0	0	8	0	36	0	5	0	0	0	0	0	0		0
Mack Hollins	WR	14	0	0	0	0	0	4	0	1	0	0	0	0	0	0		0
David Moore	WR	14	0	0	0	0	0	11	0	1	0	0	0	0	0	0		0
Noah Brown	WR	14	0	0	0	0	0	0	0	0	0	0	0	0	0	0		0
Austin Ekeler	RB	14	0	0	0	51	1	49	0	5	0	0	0	0	0	0		0
Younghoe Koo	PK	14	0	0	0	0	0	0	0	0	0	0	0	0	0	0	20	2
Jake Elliott	PK	14	0	0	0	0	0	0	0	0	0	0	0	0	0	0	52;44	1
Dare Ogunbowale	RB	14	0	0	0	7	0	4	0	1	0	0	0	0	0	0		0
JuJu Smith-Schuster	WR	14	0	0	0	0	0	90	0	4	0	0	0	0	0	0		0
Jonnu Smith	TE	14	0	0	0	0	0	27	0	4	0	0	0	0	0	0		0
Mitchell Trubisky	QB	14	190	1	1	30	1	0	0	0	0	0	0	1	0	0		0
Patrick Mahomes	QB	14	271	1	1	8	0	0	0	0	0	0	0	0	0	0		0
Evan Engram	TE	14	0	0	0	0	0	95	2	11	0	0	0	0	0	0		0
David Njoku	TE	14	0	0	0	0	0	91	2	6	0	0	0	0	0	0		0
Zay Jones	WR	14	0	0	0	0	0	29	0	5	0	0	0	0	0	0		0
Dalvin Cook	RB	14	0	0	0	13	0	-5	0	1	0	0	0	0	0	0		0
Gerald Everett	TE	14	0	0	0	0	0	39	0	5	0	0	0	0	0	0		0
Joe Mixon	RB	14	0	0	0	79	1	46	0	3	0	0	0	0	0	0		0
Alvin Kamara	RB	14	0	0	0	56	1	-11	0	3	0	0	0	0	0	0		0
Cooper Kupp	WR	14	0	0	0	0	0	115	1	8	0	0	0	0	0	0		0
Chris Godwin Jr.	WR	14	0	0	0	0	0	53	0	5	0	0	0	0	0	0		0
Kareem Hunt	RB	14	0	0	0	27	1	3	0	1	0	0	0	0	0	0		0
D'Onta Foreman	RB	14	0	0	0	50	0	22	0	2	0	0	0	0	0	0		0
Josh Reynolds	WR	14	0	0	0	0	0	44	1	3	0	0	0	0	0	0		0
Jamaal Williams	RB	14	0	0	0	43	0	0	0	0	0	0	0	0	0	0		0
Joshua Dobbs	QB	14	63	0	0	21	0	0	0	0	0	0	0	0	0	0		0
Will Dissly	TE	14	0	0	0	0	0	3	0	1	0	0	0	0	0	0		0
Daniel Carlson	PK	14	0	0	0	0	0	0	0	0	0	0	0	0	0	0		0
Eddy Pineiro	PK	14	0	0	0	0	0	0	0	0	0	0	0	0	0	0	47;29	0
Gus Edwards	RB	14	0	0	0	15	0	0	0	0	0	0	0	0	0	0		0
Tyler Conklin	TE	14	0	0	0	0	0	57	0	4	0	0	0	0	0	0		0
Marquez Valdes-Scantling	WR	14	0	0	0	0	0	22	0	2	0	0	0	0	0	0		0
Richie James	WR	14	0	0	0	0	0	4	0	1	0	0	0	0	0	0		0
Courtland Sutton	WR	14	0	0	0	0	0	62	1	3	0	0	0	0	0	0		0
Dallas Goedert	TE	14	0	0	0	0	0	30	0	4	0	0	0	0	0	0		0
Jordan Akins	TE	14	0	0	0	0	0	3	0	1	0	0	0	0	0	0		0
Justin Watson	WR	14	0	0	0	0	0	18	0	1	0	0	0	0	0	0		0
Boston Scott	RB	14	0	0	0	9	0	0	0	0	0	0	0	0	0	0		0
Cedrick Wilson Jr.	WR	14	0	0	0	0	0	30	0	2	0	0	0	0	0	0		0
Braxton Berrios	WR	14	0	0	0	0	0	13	0	2	0	0	0	0	0	0		0
Nick Bawden	RB	14	0	0	0	3	0	0	0	0	0	0	0	0	0	0		0
Greg Joseph	PK	14	0	0	0	0	0	0	0	0	0	0	0	0	0	0	36	0
Trent Sherfield	WR	14	0	0	0	0	0	9	0	1	0	0	0	0	0	0		0
Allen Lazard	WR	14	0	0	0	0	0	0	0	0	0	0	0	0	0	0		0
Tanner Hudson	TE	14	0	0	0	0	0	21	1	2	0	0	0	0	0	0		0
Godwin Igwebuike	RB	14	0	0	0	0	0	0	0	0	0	0	0	0	0	0		0
Brandon Powell	WR	14	0	0	0	0	0	0	0	0	0	0	0	0	0	0		0
Chase Edmonds	RB	14	0	0	0	40	0	18	0	2	0	0	0	0	0	0		0
Michael Gallup	WR	14	0	0	0	0	0	48	1	3	0	0	0	0	0	0		0
DJ Chark	WR	14	0	0	0	0	0	26	0	2	0	0	0	0	0	0		0
Jason Sanders	PK	14	0	0	0	0	0	0	0	0	0	0	0	0	0	0	20;31	3
Lamar Jackson	QB	14	316	3	1	70	0	0	0	0	0	0	0	1	0	0		0
Durham Smythe	TE	14	0	0	0	0	0	16	0	2	0	0	0	0	0	0		0
DJ Moore	WR	14	0	0	0	20	1	68	1	6	0	0	0	0	0	0		0
Calvin Ridley	WR	14	0	0	0	0	0	53	0	4	0	0	0	0	0	0		0
Royce Freeman	RB	14	0	0	0	9	0	0	0	0	0	0	0	0	0	0		0
Saquon Barkley	RB	14	0	0	0	86	2	15	0	3	0	1	0	0	0	0		0
KhaDarel Hodge	WR	14	0	0	0	0	0	18	0	1	0	0	0	0	0	0		0
Baker Mayfield	QB	14	144	2	0	3	1	0	0	0	0	0	0	0	0	0		0
Josh Allen	QB	14	233	1	1	32	1	0	0	0	0	0	0	0	0	0		0
Jakobi Meyers	WR	14	0	0	0	0	0	25	0	5	0	0	0	0	0	0		0
Alexander Mattison	RB	14	0	0	0	66	0	0	0	0	0	0	0	0	0	0		0
Justice Hill	RB	14	0	0	0	0	0	12	0	1	0	0	0	0	0	0		0
Foster Moreau	TE	14	0	0	0	0	0	8	0	2	0	0	0	0	0	0		0
Hunter Renfrow	WR	14	0	0	0	0	0	46	0	3	0	0	1	0	0	0		0
Jake Browning	QB	14	275	2	1	7	1	0	0	0	0	0	0	0	0	0		0
Olamide Zaccheaus	WR	14	0	0	0	0	0	28	0	1	0	0	0	0	0	0		0
Deonte Harty	WR	14	0	0	0	0	0	25	0	1	0	0	0	0	0	0		0
Diontae Johnson	WR	14	0	0	0	0	0	57	1	3	0	0	0	0	0	0		0
T.J. Hockenson	TE	14	0	0	0	0	0	53	0	5	0	0	0	0	0	0		0
Miles Sanders	RB	14	0	0	0	74	0	0	0	0	0	0	0	0	0	0		0
Josh Oliver	TE	14	0	0	0	0	0	0	0	0	0	0	0	0	0	0		0
Devin Singletary	RB	14	0	0	0	65	1	0	0	0	0	0	0	0	0	0		0
Tony Pollard	RB	14	0	0	0	59	0	37	0	7	0	0	0	0	0	0		0
Matt Gay	PK	14	0	0	0	0	0	0	0	0	0	0	0	0	0	0		0
Easton Stick	QB	14	179	0	0	0	0	0	0	0	1	0	0	0	0	0		0
Gardner Minshew	QB	14	240	1	1	5	0	0	0	0	0	0	0	1	0	0		0
Trayveon Williams	RB	14	0	0	0	0	0	-1	0	1	0	0	0	0	0	0		0
Scott Miller	WR	14	0	0	0	0	0	0	0	0	0	0	0	0	0	0		0
Donald Parham	TE	14	0	0	0	0	0	11	0	1	0	0	0	0	0	0		0
Chase McLaughlin	PK	14	0	0	0	0	0	0	0	0	0	0	0	0	0	0	55;38	3
Lil'Jordan Humphrey	WR	14	0	0	0	0	0	12	0	1	0	0	0	0	0	0		0
Jalen Guyton	WR	14	0	0	0	0	0	8	0	1	0	0	0	0	0	0		0
Darius Slayton	WR	14	0	0	0	0	0	14	0	2	0	0	0	0	0	0		0
Ty Johnson	RB	14	0	0	0	19	0	2	0	2	0	0	0	0	0	0		0
Craig Reynolds	RB	14	0	0	0	0	0	0	0	0	0	0	0	0	0	0		0
Travis Homer	RB	14	0	0	0	0	0	0	0	0	0	0	0	0	0	0		0
D'Ernest Johnson	RB	14	0	0	0	12	0	16	0	2	0	0	0	0	0	0		0
Drew Sample	TE	14	0	0	0	0	0	4	0	2	0	0	0	0	0	0		0
DK Metcalf	WR	14	0	0	0	0	0	52	1	2	0	0	0	0	0	0		0
Noah Fant	TE	14	0	0	0	0	0	35	0	2	0	0	0	0	0	0		0
Gunner Olszewski	WR	14	0	0	0	0	0	0	0	0	0	0	0	0	0	0		0
A.J. Brown	WR	14	0	0	0	0	0	94	0	9	0	0	1	0	0	0		0
David Montgomery	RB	14	0	0	0	66	0	19	0	3	0	0	0	0	0	0		0
Dawson Knox	TE	14	0	0	0	0	0	36	0	3	0	0	0	0	0	0		0
Josh Jacobs	RB	14	0	0	0	34	0	16	0	2	0	0	0	0	0	0		0
Drew Lock	QB	14	269	2	2	5	0	0	0	0	0	0	0	0	0	0		0
Deebo Samuel Sr.	WR	14	0	0	0	1	1	149	1	7	0	0	0	0	0	0		0
Jakob Johnson	RB	14	0	0	0	0	0	0	0	0	0	0	0	0	0	0		0
Mitchell Wilcox	TE	14	0	0	0	0	0	0	0	1	0	0	0	0	0	0		0
Patrick Taylor	RB	14	0	0	0	30	0	22	0	2	0	0	0	0	0	0		0
Juwan Johnson	TE	14	0	0	0	0	0	10	0	2	0	0	0	0	0	0		0
James Proche	WR	14	0	0	0	0	0	0	0	0	0	0	0	0	0	0		0
Rico Dowdle	RB	14	0	0	0	46	1	6	0	1	0	0	0	0	0	0		0
Lawrence Cager	TE	14	0	0	0	0	0	0	0	0	0	0	0	0	0	0		0
Tyler Bass	PK	14	0	0	0	0	0	0	0	0	0	0	0	0	0	0	31;39	2
Isaiah Hodgins	WR	14	0	0	0	0	0	22	1	2	0	0	0	0	0	0		0
Nick Westbrook-Ikhine	WR	14	0	0	0	0	0	28	0	2	0	0	0	0	0	1		0
Gabe Davis	WR	14	0	0	0	0	0	0	0	0	0	0	0	0	0	0		0
Tua Tagovailoa	QB	14	240	0	0	15	0	0	0	0	1	0	0	0	0	0		0
Donovan Peoples-Jones	WR	14	0	0	0	0	0	17	0	1	0	0	0	0	0	0		0
Colby Parkinson	TE	14	0	0	0	0	0	28	1	2	0	0	0	0	0	0		0
Zack Moss	RB	14	0	0	0	28	0	28	0	4	0	0	0	0	0	0		0
Michael Pittman	WR	14	0	0	0	0	0	95	0	8	0	0	0	0	0	1		0
Jauan Jennings	WR	14	0	0	0	0	0	0	0	0	0	0	0	0	0	0		0
Brandon Aiyuk	WR	14	0	0	0	0	0	126	0	6	0	0	1	0	0	0		0
Jordan Love	QB	14	218	1	1	2	0	0	0	0	0	1	0	0	0	0		0
AJ Dillon	RB	14	0	0	0	53	0	25	0	2	0	0	0	0	0	0		0
D'Andre Swift	RB	14	0	0	0	39	0	0	0	0	0	0	0	0	0	0		0
Cole Kmet	TE	14	0	0	0	0	0	66	0	5	0	0	0	0	0	0		0
Darnell Mooney	WR	14	0	0	0	0	0	44	0	2	0	0	0	0	0	0		0
Justin Jefferson	WR	14	0	0	0	0	0	27	0	2	0	0	0	0	0	0		0
Chase Claypool	WR	14	0	0	0	0	0	0	0	0	0	0	0	0	0	0		0
Devin Duvernay	WR	14	0	0	0	0	0	0	0	0	0	0	0	0	0	0		0
K.J. Osborn	WR	14	0	0	0	0	0	15	0	4	0	0	0	0	0	0		0
Justin Herbert	QB	14	96	0	1	0	0	0	0	0	0	0	0	0	0	0		0
CeeDee Lamb	WR	14	0	0	0	0	0	71	1	6	0	0	0	0	0	0		0
Clyde Edwards-Helaire	RB	14	0	0	0	39	0	29	0	2	0	0	0	0	0	0		0
Lynn Bowden	WR	14	0	0	0	0	0	24	0	4	0	0	0	0	0	0		0
Joshua Kelley	RB	14	0	0	0	6	0	0	0	0	0	0	0	0	0	0		0
Jalen Reagor	WR	14	0	0	0	0	0	0	0	0	0	0	0	0	0	0		0
Jalen Hurts	QB	14	197	0	0	30	0	0	0	0	0	1	0	0	0	0		0
Jerry Jeudy	WR	14	0	0	0	0	0	16	0	2	0	0	0	0	0	0		0
Tee Higgins	WR	14	0	0	0	0	0	72	0	2	0	0	0	0	0	0		0
Adam Trautman	TE	14	0	0	0	0	0	19	1	2	0	0	0	0	0	0		0
DeeJay Dallas	RB	14	0	0	0	0	0	0	0	0	0	0	0	0	0	0		0
Charlie Woerner	TE	14	0	0	0	0	0	3	0	1	0	0	0	0	0	0		0
Stephen Sullivan	TE	14	0	0	0	0	0	0	0	0	0	0	0	0	0	0		0
Matt Ammendola	PK	14	0	0	0	0	0	0	0	0	0	0	0	0	0	0		0
DJ Turner	WR	14	0	0	0	0	0	0	0	0	0	0	0	0	0	0		0
Rashod Bateman	WR	14	0	0	0	0	0	24	0	2	0	0	0	0	0	0		0
Nico Collins	WR	14	0	0	0	0	0	13	0	1	0	0	0	0	0	0		0
Chuba Hubbard	RB	14	0	0	0	87	0	9	0	2	0	0	0	0	0	0		0
Brevin Jordan	TE	14	0	0	0	0	0	35	0	3	0	0	0	0	0	0		0
Jaylen Waddle	WR	14	0	0	0	0	0	79	0	6	0	0	0	0	0	0		0
Tylan Wallace	WR	14	0	0	0	0	0	0	0	0	0	0	0	0	0	0		0
Ihmir Smith-Marsette	WR	14	0	0	0	10	0	0	0	0	0	0	0	0	0	0		0
Brock Wright	TE	14	0	0	0	0	0	6	0	2	0	0	0	0	0	0		0
Riley Patterson	PK	14	0	0	0	0	0	0	0	0	0	0	0	0	0	0		1
Austin Trammell	WR	14	0	0	0	0	0	0	0	0	0	0	0	0	0	0		0
Kene Nwangwu	RB	14	0	0	0	3	0	0	0	0	0	0	0	0	0	0		0
Tutu Atwell	WR	14	0	0	0	0	0	0	0	0	0	0	0	0	0	0		0
Evan McPherson	PK	14	0	0	0	0	0	0	0	0	0	0	0	0	0	0	32;35	4
Ben Skowronek	WR	14	0	0	0	0	0	0	0	0	0	0	0	0	0	0		0
Kylen Granson	TE	14	0	0	0	0	0	17	0	2	0	0	0	0	0	0		0
Najee Harris	RB	14	0	0	0	29	0	19	0	3	0	0	0	0	0	0		0
Pat Freiermuth	TE	14	0	0	0	0	0	18	0	3	0	0	0	0	0	1		0
Davis Mills	QB	14	4	0	0	0	0	0	0	0	0	0	0	0	0	0		0
Ja'Marr Chase	WR	14	0	0	0	0	0	29	0	3	0	0	0	0	0	0		0
Khalil Herbert	RB	14	0	0	0	8	0	0	0	0	0	0	0	0	0	0		0
DeVonta Smith	WR	14	0	0	0	0	0	73	0	5	0	0	1	0	0	0		0
Kadarius Toney	WR	14	0	0	0	16	0	25	0	3	0	0	0	0	0	0		0
Kenny Gainwell	RB	14	0	0	0	28	0	0	0	0	0	0	0	0	0	0		0
Justin Fields	QB	14	223	1	0	58	1	0	0	0	0	0	0	0	0	0		0
Amon-Ra St. Brown	WR	14	0	0	0	0	0	21	0	3	0	0	0	0	0	0		0
Kyle Pitts	TE	14	0	0	0	0	0	57	1	3	0	0	0	0	0	0		0
Trevor Lawrence	QB	14	257	3	3	11	0	0	0	0	0	0	0	0	0	0		0
Travis Etienne	RB	14	0	0	0	35	1	37	0	4	0	0	0	0	0	0		0
Elijah Moore	WR	14	0	0	0	0	0	42	0	3	0	0	0	0	0	0		0
Trey Sermon	RB	14	0	0	0	13	0	0	0	0	0	0	0	0	0	0		0
Javonte Williams	RB	14	0	0	0	66	1	25	0	3	0	0	0	0	0	0		0
Tommy Tremble	TE	14	0	0	0	0	0	2	0	1	0	0	0	0	0	0		0
Zach Wilson	QB	14	301	2	0	12	0	0	0	0	0	1	0	0	0	0		0
Samori Toure	WR	14	0	0	0	0	0	22	0	2	0	0	0	0	0	0		0
Tyler Goodson	RB	14	0	0	0	0	0	-2	0	1	0	0	0	0	0	0		0
Britain Covey	WR	14	0	0	0	0	0	0	0	0	0	0	0	0	0	0		0
Cameron Dicker	PK	14	0	0	0	0	0	0	0	0	0	0	0	0	0	0		1
Jaylen Warren	RB	14	0	0	0	11	0	29	0	4	0	0	0	0	0	0		0
Drake London	WR	14	0	0	0	0	0	172	0	10	0	0	0	0	0	1		0
Chris Olave	WR	14	0	0	0	0	0	28	1	4	0	0	0	0	0	0		0
Jameson Williams	WR	14	0	0	0	4	0	0	0	0	0	0	0	0	0	0		0
George Pickens	WR	14	0	0	0	0	0	19	0	5	0	0	0	0	0	0		0
James Cook	RB	14	0	0	0	58	0	83	1	5	0	0	0	0	0	0		0
Rachaad White	RB	14	0	0	0	102	0	33	1	2	0	0	0	0	0	0		0
David Bell	WR	14	0	0	0	0	0	41	1	1	0	0	0	0	0	0		0
Dameon Pierce	RB	14	0	0	0	9	0	-2	0	1	0	0	0	0	0	0		0
Khalil Shakir	WR	14	0	0	0	0	0	12	0	1	0	0	0	0	0	0		0
Tyler Allgeier	RB	14	0	0	0	40	0	0	0	0	0	0	0	0	0	0		0
Jerome Ford	RB	14	0	0	0	51	0	31	0	5	0	0	0	0	0	0		0
Ty Chandler	RB	14	0	0	0	35	0	7	0	3	0	0	0	0	0	0		0
Jalen Nailor	WR	14	0	0	0	0	0	13	0	2	0	0	0	0	0	0		0
Andrew Ogletree	TE	14	0	0	0	0	0	0	0	0	0	0	0	0	0	0		0
Ko Kieft	TE	14	0	0	0	0	0	0	0	0	0	0	0	0	0	0		0
Raheem Blackshear	RB	14	0	0	0	4	0	4	0	1	0	0	0	0	0	0		0
Deven Thompkins	WR	14	0	0	0	0	0	0	0	0	0	0	0	0	0	0		0
Jordan Mason	RB	14	0	0	0	20	1	6	0	1	0	0	0	0	0	0		0
Lucas Krull	TE	14	0	0	0	0	0	35	0	1	0	0	0	0	0	0		0
Peyton Hendershot	TE	14	0	0	0	0	0	0	0	0	0	0	0	0	0	0		0
John Metchie III	WR	14	0	0	0	0	0	6	0	1	0	0	0	0	0	0		0
Alec Pierce	WR	14	0	0	0	0	0	22	0	2	0	0	0	0	0	0		0
Jalen Tolbert	WR	14	0	0	0	0	0	0	0	0	0	0	0	0	0	0		0
Brandon Aubrey	PK	14	0	0	0	0	0	0	0	0	0	0	0	0	0	0	60;59;45;50	3
Garrett Wilson	WR	14	0	0	0	3	0	108	0	9	0	0	0	0	0	0		0
Treylon Burks	WR	14	0	0	0	5	0	1	0	1	0	0	0	0	0	0		0
Velus Jones Jr.	WR	14	0	0	0	0	0	11	0	1	0	0	0	0	0	0		0
KaVontae Turpin	WR	14	0	0	0	22	0	0	0	0	0	0	0	0	0	0		0
Jeremy Ruckert	TE	14	0	0	0	0	0	37	0	3	0	0	0	0	0	0		0
Chig Okonkwo	TE	14	0	0	0	0	0	46	0	5	0	0	0	0	0	0		0
Romeo Doubs	WR	14	0	0	0	0	0	32	0	4	0	0	0	0	0	0		0
Brock Purdy	QB	14	368	2	1	7	0	0	0	0	0	0	0	0	0	0		0
Calvin Austin III	WR	14	0	0	0	12	0	0	0	0	0	0	0	0	0	0		0
Isaiah Likely	TE	14	0	0	0	0	0	83	1	5	0	0	0	0	0	0		0
Kyren Williams	RB	14	0	0	0	114	0	-1	0	3	0	0	0	0	0	0		0
Zamir White	RB	14	0	0	0	8	0	0	0	0	0	0	0	0	0	0		0
Jake Ferguson	TE	14	0	0	0	0	0	72	0	5	0	0	0	0	0	0		0
Isaiah Spiller	RB	14	0	0	0	19	0	0	0	0	0	0	0	0	0	0		0
Charlie Kolar	TE	14	0	0	0	0	0	0	0	0	0	0	0	0	0	0		0
Skyy Moore	WR	14	0	0	0	0	0	0	0	0	0	0	0	0	0	0		0
Pierre Strong	RB	14	0	0	0	0	0	0	0	0	0	0	0	0	0	0		0
Tyquan Thornton	WR	14	0	0	0	0	0	17	0	3	0	0	0	0	0	0		0
Bailey Zappe	QB	14	240	3	1	13	0	0	0	0	0	0	0	0	0	0		0
Daniel Bellinger	TE	14	0	0	0	0	0	15	0	2	0	0	0	0	0	0		0
Wan'Dale Robinson	WR	14	0	0	0	36	0	79	0	6	0	0	0	0	0	0		0
Breece Hall	RB	14	0	0	0	40	0	86	1	8	0	0	0	0	0	0		0
Desmond Ridder	QB	14	347	1	1	15	1	0	0	0	0	0	0	1	0	0		0
Cade Otton	TE	14	0	0	0	0	0	16	1	2	0	0	0	0	0	0		0
Kenneth Walker III	RB	14	0	0	0	21	0	33	0	4	0	0	0	0	0	0		0
Lucas Havrisik	PK	14	0	0	0	0	0	0	0	0	0	0	0	0	0	0	27;51;36	2
Israel Abanikanda	RB	14	0	0	0	-1	0	0	0	0	0	0	0	0	0	0		0
Dontayvion Wicks	WR	14	0	0	0	0	0	20	0	2	0	0	0	0	0	0		0
Will Mallory	TE	14	0	0	0	0	0	46	0	5	0	0	0	0	0	0		0
Anders Carlson	PK	14	0	0	0	0	0	0	0	0	0	0	0	0	0	0	36;32;48	1
Keaton Mitchell	RB	14	0	0	0	54	0	8	0	1	0	0	0	0	0	0		0
Malik Heath	WR	14	0	0	0	0	0	6	1	1	0	0	0	0	0	0		0
Tommy DeVito	QB	14	158	1	0	71	0	0	0	0	0	0	0	0	0	0		0
Brady Russell	RB	14	0	0	0	0	0	0	0	0	0	0	0	0	0	0		0
Xavier Gipson	WR	14	0	0	0	9	1	3	0	1	0	0	0	0	0	0		0
Bijan Robinson	RB	14	0	0	0	34	1	54	0	5	0	0	0	0	0	0		0
Jaxon Smith-Njigba	WR	14	0	0	0	0	0	25	0	4	0	0	0	0	0	0		0
Quentin Johnston	WR	14	0	0	0	0	0	91	0	3	0	0	0	0	0	0		0
Luke Schoonmaker	TE	14	0	0	0	0	0	0	0	0	0	0	0	0	0	0		0
Darnell Washington	TE	14	0	0	0	0	0	12	0	1	0	0	0	0	0	0		0
Jake Moody	PK	14	0	0	0	0	0	0	0	0	0	0	0	0	0	0		4
Tre Tucker	WR	14	0	0	0	0	0	0	0	0	0	0	0	0	0	0		0
Chad Ryland	PK	14	0	0	0	0	0	0	0	0	0	0	0	0	0	0		3
Derius Davis	WR	14	0	0	0	0	0	0	0	0	0	0	0	0	0	0		0
Charlie Jones	WR	14	0	0	0	0	0	0	0	0	0	0	0	0	0	0		0
Aidan O'Connell	QB	14	171	0	1	2	0	0	0	0	0	0	0	0	0	0		0
Dorian Thompson-Robinson	QB	14	0	0	0	5	0	0	0	0	0	0	0	0	0	0		0
Chase Brown	RB	14	0	0	0	25	0	80	1	3	0	0	0	0	0	0		0
Parker Washington	WR	14	0	0	0	0	0	27	1	2	0	0	1	0	0	0		0
A.T. Perry	WR	14	0	0	0	0	0	44	0	1	0	0	0	0	0	0		0
Xavier Hutchinson	WR	14	0	0	0	0	0	15	0	2	0	0	0	0	0	0		0
Ronnie Bell	WR	14	0	0	0	0	0	0	0	0	0	0	0	0	0	0		0
Elijah Cooks	WR	14	0	0	0	0	0	0	0	0	0	0	0	0	0	0		0
Jaleel McLaughlin	RB	14	0	0	0	25	0	7	0	1	0	0	0	0	0	0		0
Blake Grupe	PK	14	0	0	0	0	0	0	0	0	0	0	0	0	0	0		4
Dalton Kincaid	TE	14	0	0	0	0	0	21	0	5	0	0	0	0	0	0		0
Jalin Hyatt	WR	14	0	0	0	0	0	13	0	2	0	0	0	0	0	0		0
Tyler Scott	WR	14	0	0	0	0	0	11	0	1	0	0	0	0	0	0		0
Marvin Mims Jr.	WR	14	0	0	0	0	0	11	0	2	0	0	0	0	0	0		0
Cedric Tillman	WR	14	0	0	0	0	0	23	0	2	0	0	0	0	0	0		0
Jordan Addison	WR	14	0	0	0	0	0	27	0	2	0	0	0	0	0	0		0
Tucker Kraft	TE	14	0	0	0	0	0	64	0	4	0	0	0	0	0	0		0
Josh Downs	WR	14	0	0	0	0	0	32	0	3	0	0	0	0	0	0		0
Roschon Johnson	RB	14	0	0	0	6	0	0	0	0	0	0	0	0	0	0		0
Tyjae Spears	RB	14	0	0	0	29	0	89	0	6	0	0	0	0	0	0		0
De'Von Achane	RB	14	0	0	0	47	0	24	0	5	0	0	0	0	0	0		0
Trey Palmer	WR	14	0	0	0	3	0	5	0	1	0	0	0	0	0	0		0
Jonathan Mingo	WR	14	0	0	0	0	0	22	0	2	0	0	0	0	0	0		0
Zay Flowers	WR	14	0	0	0	0	0	60	1	6	0	0	0	0	0	1		0
Sam LaPorta	TE	14	0	0	0	4	0	23	0	2	0	0	0	0	0	0		0
Michael Mayer	TE	14	0	0	0	0	0	14	0	1	0	0	0	0	0	0		0
Rashee Rice	WR	14	0	0	0	0	0	72	1	7	0	0	1	0	0	0		0
Davis Allen	TE	14	0	0	0	0	0	50	1	4	0	0	0	0	0	0		0
Puka Nacua	WR	14	0	0	0	6	0	84	0	5	0	0	0	0	0	0		0
Jahmyr Gibbs	RB	14	0	0	0	66	1	16	0	3	0	0	0	0	0	0		0
Jayden Reed	WR	14	0	0	0	38	1	27	0	8	0	0	0	0	0	0		0
Bryce Young	QB	14	137	0	0	40	0	0	0	0	1	0	0	0	0	0		0
Will Levis	QB	14	327	1	1	15	0	0	0	0	0	1	0	1	0	0		0
C.J. Stroud	QB	14	91	0	0	0	0	0	0	0	0	0	0	0	0	0		0
Zach Charbonnet	RB	14	0	0	0	44	0	4	0	1	0	0	0	0	0	0		0
