player_display_name	position	week	passing_yards	passing_tds	passing_interceptions	rushing_yards	rushing_tds	receiving_yards	receiving_tds	receptions	sack_fumbles_lost	rushing_fumbles_lost	receiving_fumbles_lost	passing_2pt_conversions	rushing_2pt_conversions	receiving_2pt_conversions
Tom Brady	QB	1	379	4	2	0	0	0	0	0	0	0	0	0	0	0
Ben Roethlisberger	QB	1	188	1	0	5	0	0	0	0	0	0	0	0	0	0
Aaron Rodgers	QB	1	133	0	2	0	0	0	0	0	0	0	0	0	0	0
Ryan Fitzpatrick	QB	1	13	0	0	2	0	0	0	0	0	0	0	0	0	0
Marcedes Lewis	TE	1	0	0	0	0	0	19	0	1	0	0	0	0	0	0
Danny Amendola	WR	1	0	0	0	0	0	34	1	5	0	0	0	0	0	0
Matt Ryan	QB	1	164	0	0	8	0	0	0	0	0	0	0	0	0	0
DeSean Jackson	WR	1	0	0	0	0	0	21	0	2	0	0	0	0	0	0
Matthew Stafford	QB	1	321	3	0	-5	0	0	0	0	0	0	0	0	0	0
Jared Cook	TE	1	0	0	0	0	0	56	0	5	0	0	0	0	0	0
Rob Gronkowski	TE	1	0	0	0	0	0	90	2	8	0	0	0	0	0	0
Emmanuel Sanders	WR	1	0	0	0	0	0	52	0	4	0	0	0	0	0	0
Andre Roberts	WR	1	0	0	0	0	0	0	0	0	0	0	0	0	0	0
Jimmy Graham	TE	1	0	0	0	0	0	11	0	1	0	0	0	0	0	0
Antonio Brown	WR	1	0	0	0	6	0	121	1	5	0	0	0	0	0	0
A.J. Green	WR	1	0	0	0	0	0	25	0	2	0	0	0	0	0	0
Julio Jones	WR	1	0	0	0	0	0	29	0	3	0	0	0	0	0	0
Mark Ingram	RB	1	0	0	0	85	1	0	0	0	0	0	0	0	0	0
Andy Dalton	QB	1	206	0	1	13	0	0	0	0	1	0	0	0	0	0
Kyle Rudolph	TE	1	0	0	0	0	0	8	0	2	0	0	0	0	0	0
Randall Cobb	WR	1	0	0	0	1	0	32	0	1	0	0	0	0	0	0
Tyrod Taylor	QB	1	291	2	0	40	0	0	0	0	0	0	0	0	0	0
Chris Hogan	WR	1	0	0	0	0	0	10	1	1	0	0	0	0	0	0
Cole Beasley	WR	1	0	0	0	0	0	60	0	8	0	0	0	0	0	0
Brandon Bolden	RB	1	0	0	0	5	0	0	0	0	0	0	0	0	0	0
Russell Wilson	QB	1	254	4	0	9	0	0	0	0	0	0	0	0	0	0
Marvin Jones	WR	1	0	0	0	0	0	77	1	5	0	0	0	0	0	0
Kirk Cousins	QB	1	351	2	0	0	0	0	0	0	0	0	0	0	0	0
Mohamed Sanu	WR	1	0	0	0	0	0	7	0	1	0	0	0	0	0	0
Ryan Tannehill	QB	1	212	1	1	17	1	0	0	0	2	0	0	0	0	0
Darren Fells	TE	1	0	0	0	0	0	2	0	1	0	0	0	0	0	0
Adam Thielen	WR	1	0	0	0	0	0	92	2	9	0	0	0	0	0	0
Zach Ertz	TE	1	0	0	0	0	0	34	0	2	0	0	0	0	0	0
Marquise Goodwin	WR	1	0	0	0	-2	0	45	0	4	0	0	0	0	0	0
Ryan Griffin	TE	1	0	0	0	0	0	22	0	3	0	0	0	0	0	0
Demetrius Harris	TE	1	0	0	0	0	0	0	0	0	0	0	0	0	0	0
Jack Doyle	TE	1	0	0	0	0	0	21	0	3	0	0	0	0	0	0
Keenan Allen	WR	1	0	0	0	0	0	100	0	9	0	0	0	0	0	0
Rex Burkhead	RB	1	0	0	0	0	0	6	0	1	0	0	0	0	0	0
Robert Woods	WR	1	0	0	0	7	0	27	1	3	0	0	0	0	0	0
Giovani Bernard	RB	1	0	0	0	0	0	12	0	2	0	0	0	0	0	0
Travis Kelce	TE	1	0	0	0	0	0	76	2	6	0	0	0	0	0	0
Latavius Murray	RB	1	0	0	0	28	1	0	0	0	0	0	0	0	0	0
DeAndre Hopkins	WR	1	0	0	0	0	0	83	2	6	0	0	0	0	0	0
Cordarrelle Patterson	RB	1	0	0	0	54	0	13	0	2	0	0	0	0	0	0
Willie Snead	WR	1	0	0	0	0	0	0	0	0	0	0	0	0	0	0
Albert Wilson	WR	1	0	0	0	0	0	0	0	0	0	0	0	0	0	0
Damien Williams	RB	1	0	0	0	12	0	28	0	4	0	0	0	0	0	0
Carlos Hyde	RB	1	0	0	0	44	0	14	0	2	0	0	0	0	0	0
James White	RB	1	0	0	0	12	0	49	0	6	0	0	0	0	0	0
Brandin Cooks	WR	1	0	0	0	0	0	132	0	5	0	0	0	0	0	0
Teddy Bridgewater	QB	1	264	2	0	19	0	0	0	0	0	0	0	0	0	0
Logan Thomas	TE	1	0	0	0	0	0	30	1	3	0	0	0	0	0	0
Derek Carr	QB	1	435	2	1	6	0	0	0	0	0	0	0	0	0	0
Diontae Spencer	WR	1	0	0	0	0	0	0	0	0	0	0	0	0	0	0
Sammy Watkins	WR	1	0	0	0	0	0	96	0	4	0	0	0	0	0	0
Jimmy Garoppolo	QB	1	314	1	0	2	0	0	0	0	0	1	0	0	0	0
Davante Adams	WR	1	0	0	0	0	0	56	0	5	0	0	0	0	0	0
Jarvis Landry	WR	1	0	0	0	13	1	71	0	5	0	0	0	0	0	0
Eric Ebron	TE	1	0	0	0	0	0	19	0	1	0	0	0	0	0	0
Mike Evans	WR	1	0	0	0	0	0	24	0	3	0	0	0	0	0	0
Allen Robinson	WR	1	0	0	0	0	0	35	0	6	0	0	0	0	0	0
Chris Manhertz	TE	1	0	0	0	0	0	22	1	1	0	0	0	0	0	0
Jameis Winston	QB	1	148	5	0	37	0	0	0	0	0	0	0	0	0	0
Amari Cooper	WR	1	0	0	0	0	0	139	2	13	0	0	0	0	0	0
DeVante Parker	WR	1	0	0	0	0	0	81	0	4	0	0	0	0	0	0
Nelson Agholor	WR	1	0	0	0	0	0	72	1	5	0	0	0	0	0	0
Maxx Williams	TE	1	0	0	0	0	0	0	0	0	0	0	0	0	0	0
Stefon Diggs	WR	1	0	0	0	0	0	69	0	9	0	0	0	0	0	0
Darren Waller	TE	1	0	0	0	0	0	105	1	10	0	0	0	0	0	0
Raheem Mostert	RB	1	0	0	0	20	0	0	0	0	0	0	0	0	0	0
Eric Tomlinson	TE	1	0	0	0	0	0	0	0	0	0	0	0	0	0	0
DeAndre Carter	WR	1	0	0	0	0	0	0	0	0	0	0	0	0	0	0
Taylor Heinicke	QB	1	122	1	0	17	0	0	0	0	0	0	0	0	0	0
Malcolm Brown	RB	1	0	0	0	16	0	0	0	0	0	0	0	0	0	0
Damiere Byrd	WR	1	0	0	0	0	0	19	0	3	0	0	0	0	0	0
Devin Smith	WR	1	0	0	0	0	0	0	0	0	0	0	0	0	0	0
James O'Shaughnessy	TE	1	0	0	0	0	0	48	0	6	0	0	0	0	0	0
Adam Humphries	WR	1	0	0	0	0	0	10	0	2	0	0	0	0	0	0
Tevin Coleman	RB	1	0	0	0	24	0	0	0	0	0	0	0	0	0	0
Blake Bell	TE	1	0	0	0	2	0	3	0	1	0	0	0	0	0	0
Mike Davis	RB	1	0	0	0	49	0	23	0	3	0	0	0	0	0	0
Daniel Brown	TE	1	0	0	0	0	0	0	0	0	0	0	0	0	0	0
Ameer Abdullah	RB	1	0	0	0	4	0	15	0	2	0	0	0	0	0	0
Chris Conley	WR	1	0	0	0	0	0	27	0	2	0	0	0	0	0	0
C.J. Uzomah	TE	1	0	0	0	0	0	35	0	2	0	0	0	0	0	0
Geoff Swaim	TE	1	0	0	0	0	0	0	0	0	0	0	0	0	0	0
Melvin Gordon	RB	1	0	0	0	101	1	17	0	3	0	0	0	0	0	0
Tyrell Williams	WR	1	0	0	0	0	0	14	0	2	0	0	0	0	0	0
David Johnson	RB	1	0	0	0	10	0	18	1	3	0	0	0	0	0	0
Ty Montgomery	WR	1	0	0	0	0	0	5	0	1	0	0	0	0	0	0
Tyler Lockett	WR	1	0	0	0	0	0	100	2	4	0	0	0	0	0	0
Tyler Kroft	TE	1	0	0	0	0	0	26	0	3	0	0	0	0	0	0
Marcus Mariota	QB	1	0	0	0	31	0	0	0	0	0	0	0	0	0	0
Chester Rogers	WR	1	0	0	0	0	0	62	0	4	0	0	0	0	0	0
Sterling Shepard	WR	1	0	0	0	0	0	113	1	7	0	0	0	0	0	0
Austin Hooper	TE	1	0	0	0	0	0	27	0	3	0	0	0	0	0	0
Kalif Raymond	WR	1	0	0	0	9	0	50	0	3	0	0	0	0	0	0
Alex Erickson	WR	1	0	0	0	0	0	0	0	0	0	0	0	0	0	0
J.D. McKissic	RB	1	0	0	0	8	0	0	0	0	0	0	0	0	0	0
Robbie Chosen	WR	1	0	0	0	0	0	57	1	1	0	0	0	0	0	0
Stephen Anderson	TE	1	0	0	0	0	0	1	0	1	0	0	0	0	0	0
Derrick Henry	RB	1	0	0	0	58	0	19	0	3	0	0	0	0	0	0
Demarcus Robinson	WR	1	0	0	0	0	0	9	0	1	0	0	0	0	0	0
Jakeem Grant	WR	1	0	0	0	0	0	0	0	0	0	0	0	0	0	0
Carson Wentz	QB	1	251	2	0	23	0	0	0	0	0	1	0	0	0	0
Devontae Booker	RB	1	0	0	0	7	0	6	0	1	0	0	0	0	0	0
Jaydon Mickens	WR	1	0	0	0	0	0	0	0	0	0	0	0	0	0	0
Tyler Boyd	WR	1	0	0	0	0	0	32	0	3	0	0	0	0	0	0
Tyreek Hill	WR	1	0	0	0	4	0	197	1	11	0	0	0	0	0	0
Ezekiel Elliott	RB	1	0	0	0	33	0	6	0	2	0	0	0	0	0	0
Dak Prescott	QB	1	403	3	1	13	0	0	0	0	0	0	0	0	0	0
Hunter Henry	TE	1	0	0	0	0	0	31	0	3	0	0	0	0	0	0
Jared Goff	QB	1	338	3	1	14	0	0	0	0	0	0	0	2	0	0
Tyler Higbee	TE	1	0	0	0	0	0	68	0	5	0	0	0	0	0	0
Mike Thomas	WR	1	0	0	0	0	0	5	0	1	0	0	0	0	0	0
Kenyan Drake	RB	1	0	0	0	11	0	59	0	5	0	0	0	0	0	0
Jacoby Brissett	QB	1	0	0	0	4	0	0	0	0	0	0	0	0	0	0
Mo Alie-Cox	TE	1	0	0	0	0	0	0	0	0	0	0	0	0	0	0
Johnny Mundt	TE	1	0	0	0	0	0	0	0	0	0	0	0	0	0	0
Zach Pascal	WR	1	0	0	0	0	0	43	2	4	0	0	0	0	0	0
Darrell Daniels	TE	1	0	0	0	0	0	0	0	0	0	0	0	0	0	0
Christian McCaffrey	RB	1	0	0	0	98	0	89	0	9	0	0	0	0	0	0
George Kittle	TE	1	0	0	0	0	0	78	0	4	0	0	0	0	0	0
Aaron Jones	RB	1	0	0	0	9	0	13	0	2	0	0	0	0	0	0
Kendrick Bourne	WR	1	0	0	0	0	0	17	0	1	0	0	0	0	0	0
Matt Breida	RB	1	0	0	0	4	0	0	0	0	0	0	0	0	0	0
Taysom Hill	TE	1	3	0	0	1	0	0	0	0	0	0	0	0	0	0
C.J. Board	WR	1	0	0	0	0	0	6	0	1	0	0	0	0	0	0
Tim Patrick	WR	1	0	0	0	0	0	39	1	4	0	0	0	0	0	0
Patrick Ricard	RB	1	0	0	0	0	0	15	0	2	0	0	0	0	0	0
Pharaoh Brown	TE	1	0	0	0	0	0	67	0	4	0	0	0	0	0	0
Anthony Firkser	TE	1	0	0	0	0	0	19	0	3	0	0	0	0	0	0
Isaiah McKenzie	WR	1	0	0	0	-3	0	0	0	0	0	0	0	0	0	0
Marcus Kemp	WR	1	0	0	0	0	0	0	0	0	0	0	0	0	0	0
Samaje Perine	RB	1	0	0	0	22	0	7	0	1	0	0	0	0	0	0
Mike Williams	WR	1	0	0	0	0	0	82	1	8	0	0	0	0	0	0
James Conner	RB	1	0	0	0	53	0	0	0	0	0	0	0	0	0	0
Mack Hollins	WR	1	0	0	0	0	0	0	0	0	0	0	0	0	0	0
Jamal Agnew	WR	1	0	0	0	0	0	0	0	0	0	0	0	0	0	0
Eric Saubert	TE	1	0	0	0	0	0	7	0	1	0	0	0	0	0	0
Chris Carson	RB	1	0	0	0	91	0	26	0	3	0	1	0	0	0	0
Blake Jarwin	TE	1	0	0	0	0	0	20	0	3	0	0	0	0	0	0
Austin Ekeler	RB	1	0	0	0	57	1	0	0	0	0	0	0	0	0	0
Corey Clement	RB	1	0	0	0	0	0	0	0	0	0	0	0	0	0	0
Robert Tonyan	TE	1	0	0	0	0	0	8	0	2	0	0	0	0	0	0
Dede Westbrook	WR	1	0	0	0	0	0	11	0	1	0	0	0	0	0	0
Dare Ogunbowale	RB	1	0	0	0	0	0	0	0	0	0	0	0	0	0	0
Leonard Fournette	RB	1	0	0	0	32	0	27	0	5	0	0	0	0	0	0
JuJu Smith-Schuster	WR	1	0	0	0	0	0	52	0	4	0	0	0	0	0	0
Jonnu Smith	TE	1	0	0	0	6	0	42	0	5	0	0	0	0	0	0
Corey Davis	WR	1	0	0	0	0	0	97	2	5	0	0	0	0	0	0
Patrick Mahomes	QB	1	337	3	0	18	1	0	0	0	0	0	0	0	0	0
David Njoku	TE	1	0	0	0	0	0	76	0	3	0	0	0	0	0	0
Zay Jones	WR	1	0	0	0	0	0	46	1	2	0	0	0	0	0	0
Dalvin Cook	RB	1	0	0	0	61	1	43	0	6	0	1	0	0	0	0
Gerald Everett	TE	1	0	0	0	0	0	20	1	2	0	0	0	0	0	0
Joe Mixon	RB	1	0	0	0	127	1	23	0	4	0	0	0	0	0	0
Alvin Kamara	RB	1	0	0	0	83	0	8	1	3	0	0	0	0	0	0
Cooper Kupp	WR	1	0	0	0	0	0	108	1	7	0	0	0	0	0	0
Chris Godwin Jr.	WR	1	0	0	0	0	0	105	1	9	0	0	1	0	0	0
Kareem Hunt	RB	1	0	0	0	33	1	28	0	3	0	0	0	0	1	0
Kenny Golladay	WR	1	0	0	0	0	0	64	0	4	0	0	0	0	0	0
Jamaal Williams	RB	1	0	0	0	54	1	56	0	8	0	0	0	0	0	0
Jeremy McNichols	RB	1	0	0	0	9	0	24	0	3	0	0	0	0	0	0
Dan Arnold	TE	1	0	0	0	0	0	6	0	2	0	0	0	0	0	0
Cam Sims	WR	1	0	0	0	0	0	17	0	1	0	0	0	0	0	0
Phillip Lindsay	RB	1	0	0	0	25	1	0	0	0	0	0	0	0	0	0
Will Dissly	TE	1	0	0	0	0	0	37	0	3	0	0	0	0	0	0
Trenton Cannon	RB	1	0	0	0	5	0	0	0	0	0	0	0	0	0	0
Tyler Conklin	TE	1	0	0	0	0	0	41	0	4	0	0	0	0	0	0
Marquez Valdes-Scantling	WR	1	0	0	0	0	0	17	0	3	0	0	0	0	0	0
Byron Pringle	WR	1	0	0	0	0	0	6	0	1	0	0	0	0	0	0
Darrel Williams	RB	1	0	0	0	4	0	0	0	0	0	0	0	0	0	0
Courtland Sutton	WR	1	0	0	0	0	0	14	0	1	0	0	0	0	0	0
Dallas Goedert	TE	1	0	0	0	0	0	42	1	4	0	0	0	0	0	0
Jordan Akins	TE	1	0	0	0	0	0	0	0	0	0	0	0	0	0	0
Ian Thomas	TE	1	0	0	0	0	0	17	0	1	0	0	0	0	0	0
Nyheim Hines	RB	1	0	0	0	34	0	48	0	6	0	0	0	0	0	0
Dalton Schultz	TE	1	0	0	0	0	0	45	0	6	0	0	0	0	0	0
Ray-Ray McCloud	WR	1	0	0	0	0	0	0	0	0	0	0	0	0	0	0
Russell Gage	WR	1	0	0	0	0	0	0	0	0	0	0	0	0	0	0
Boston Scott	RB	1	0	0	0	0	0	0	0	0	0	0	0	0	0	0
Cedrick Wilson Jr.	WR	1	0	0	0	0	0	24	0	3	0	0	0	0	0	0
Braxton Berrios	WR	1	0	0	0	0	0	51	0	5	0	0	0	0	0	0
Justin Jackson	RB	1	0	0	0	5	0	2	0	1	0	0	0	0	0	0
Trent Sherfield	WR	1	0	0	0	0	0	23	1	2	0	0	0	0	0	0
Allen Lazard	WR	1	0	0	0	0	0	16	0	2	0	0	0	0	0	0
Godwin Igwebuike	RB	1	0	0	0	0	0	0	0	0	0	0	0	0	0	0
James Washington	WR	1	0	0	0	0	0	10	0	2	0	0	0	0	0	0
Chase Edmonds	RB	1	0	0	0	63	0	43	0	4	0	0	0	0	0	0
Rashaad Penny	RB	1	0	0	0	8	0	0	0	0	0	0	0	0	0	0
Mark Andrews	TE	1	0	0	0	0	0	20	0	3	0	0	0	0	0	0
Michael Gallup	WR	1	0	0	0	0	0	36	0	4	0	0	0	0	0	0
Chris Herndon	TE	1	0	0	0	0	0	0	0	0	0	0	0	0	0	0
Christian Kirk	WR	1	0	0	0	0	0	70	2	5	0	0	0	0	0	0
DJ Chark	WR	1	0	0	0	0	0	86	1	3	0	0	0	0	0	0
Nick Chubb	RB	1	0	0	0	83	2	18	0	2	0	1	0	0	0	0
Lamar Jackson	QB	1	235	1	0	86	0	0	0	0	1	1	0	0	0	0
Durham Smythe	TE	1	0	0	0	0	0	9	0	1	0	0	0	0	0	0
Ronald Jones	RB	1	0	0	0	14	0	0	0	0	0	1	0	0	0	0
DJ Moore	WR	1	0	0	0	14	0	80	0	6	0	0	0	0	0	0
Mike Gesicki	TE	1	0	0	0	0	0	0	0	0	0	0	0	0	0	0
Hayden Hurst	TE	1	0	0	0	0	0	28	0	4	0	0	0	0	0	0
Calvin Ridley	WR	1	0	0	0	0	0	51	0	5	0	0	0	0	0	0
Saquon Barkley	RB	1	0	0	0	26	0	1	0	1	0	0	0	0	0	0
Sony Michel	RB	1	0	0	0	2	0	0	0	0	0	0	0	0	0	0
Baker Mayfield	QB	1	321	0	1	7	0	11	0	0	0	0	0	0	0	0
Josh Allen	QB	1	270	1	0	44	0	0	0	0	1	0	0	0	0	0
Sam Darnold	QB	1	279	1	0	-1	1	0	0	0	0	1	0	0	0	0
Trinity Benson	WR	1	0	0	0	0	0	19	0	3	0	0	0	0	0	0
Jakobi Meyers	WR	1	0	0	0	0	0	44	0	6	0	0	0	0	0	0
Alexander Mattison	RB	1	0	0	0	2	0	4	0	1	0	0	0	0	0	0
Hunter Renfrow	WR	1	0	0	0	0	0	70	0	6	0	0	0	0	0	0
Kaden Smith	TE	1	0	0	0	0	0	0	0	0	0	0	0	0	0	0
Ashton Dulin	WR	1	0	0	0	0	0	0	0	0	0	0	0	0	0	0
Penny Hart	WR	1	0	0	0	0	0	0	0	0	0	0	0	0	0	0
Mecole Hardman	WR	1	0	0	0	0	0	19	0	3	0	0	0	0	0	0
Deonte Harty	WR	1	0	0	0	0	0	72	1	2	0	0	0	0	0	0
Diontae Johnson	WR	1	0	0	0	0	0	36	1	5	0	0	0	0	0	0
Benny Snell	RB	1	0	0	0	0	0	0	0	0	0	0	0	0	0	0
Zach Gentry	TE	1	0	0	0	0	0	-2	0	1	0	0	0	0	0	0
Kyler Murray	QB	1	289	4	1	20	1	0	0	0	0	0	0	0	0	0
T.J. Hockenson	TE	1	0	0	0	0	0	97	1	8	0	0	0	0	0	1
Miles Sanders	RB	1	0	0	0	74	0	39	0	4	0	0	0	0	1	0
J.J. Arcega-Whiteside	WR	1	0	0	0	0	0	0	0	0	0	0	0	0	0	0
Josh Oliver	TE	1	0	0	0	0	0	0	0	0	0	0	0	0	0	0
Devin Singletary	RB	1	0	0	0	72	0	8	0	3	0	0	0	0	0	0
Tony Pollard	RB	1	0	0	0	14	0	29	0	4	0	0	0	0	0	0
Myles Gaskin	RB	1	0	0	0	49	0	27	0	5	0	0	0	0	0	0
Donald Parham	TE	1	0	0	0	0	0	0	0	0	0	0	0	0	0	0
Jalen Guyton	WR	1	0	0	0	0	0	49	0	3	0	0	0	0	0	0
Tyron Johnson	WR	1	0	0	0	0	0	6	0	1	0	0	0	0	0	0
Malik Taylor	WR	1	0	0	0	0	0	14	0	2	0	0	0	0	0	0
Jeff Smith	WR	1	0	0	0	0	0	0	0	0	0	0	0	0	0	0
Darius Slayton	WR	1	0	0	0	0	0	65	0	3	0	0	0	0	0	0
Ty Johnson	RB	1	0	0	0	15	0	11	0	1	0	0	0	0	0	0
Travis Homer	RB	1	0	0	0	0	0	0	0	0	0	0	0	0	0	0
Nsimba Webster	WR	1	0	0	0	0	0	0	0	0	0	0	0	0	0	0
Parris Campbell	WR	1	0	0	0	0	0	24	0	1	0	0	0	0	0	0
DK Metcalf	WR	1	0	0	0	0	0	60	1	4	0	0	0	0	0	0
Noah Fant	TE	1	0	0	0	0	0	62	0	6	0	0	0	0	0	0
Gunner Olszewski	WR	1	0	0	0	0	0	0	0	0	0	0	0	0	0	0
Damien Harris	RB	1	0	0	0	100	0	17	0	2	0	1	0	0	0	0
Terry McLaurin	WR	1	0	0	0	0	0	62	0	4	0	0	0	0	0	0
Marquise Brown	WR	1	0	0	0	5	0	69	1	6	0	0	0	0	0	0
Darrell Henderson	RB	1	0	0	0	70	1	17	0	1	0	0	0	0	0	0
A.J. Brown	WR	1	0	0	0	0	0	49	1	4	0	0	0	0	0	0
David Montgomery	RB	1	0	0	0	108	1	10	0	1	0	0	0	0	0	0
Dawson Knox	TE	1	0	0	0	0	0	41	0	4	0	0	0	0	0	0
Josh Jacobs	RB	1	0	0	0	34	2	6	0	1	0	0	0	0	0	0
Daniel Jones	QB	1	267	1	0	27	1	0	0	0	0	1	0	0	0	0
Deebo Samuel Sr.	WR	1	0	0	0	0	0	189	1	9	0	0	1	0	0	0
JaMycal Hasty	RB	1	0	0	0	3	1	15	0	1	0	0	0	0	0	0
James Robinson	RB	1	0	0	0	25	0	29	0	3	0	0	0	0	0	0
Tony Jones	RB	1	0	0	0	50	0	3	0	1	0	0	0	0	0	0
Jonathan Ward	RB	1	0	0	0	0	0	0	0	0	0	0	0	0	0	0
Salvon Ahmed	RB	1	0	0	0	4	0	24	0	2	0	0	0	0	0	0
Juwan Johnson	TE	1	0	0	0	0	0	21	2	3	0	0	0	0	0	0
Nick Westbrook-Ikhine	WR	1	0	0	0	0	0	10	0	1	0	0	0	0	0	0
Gabe Davis	WR	1	0	0	0	0	0	40	1	2	0	0	0	0	0	0
Tua Tagovailoa	QB	1	202	1	1	1	1	0	0	0	0	0	0	0	0	0
Marquez Callaway	WR	1	0	0	0	0	0	14	0	1	0	0	0	0	0	0
Jonathan Taylor	RB	1	0	0	0	56	0	60	0	6	0	0	0	0	0	0
Harrison Bryant	TE	1	0	0	0	0	0	17	0	1	0	0	0	0	0	0
Donovan Peoples-Jones	WR	1	0	0	0	0	0	4	0	1	0	0	0	0	0	0
Freddie Swain	WR	1	0	0	0	5	0	0	0	0	0	0	0	0	0	0
Michael Pittman	WR	1	0	0	0	0	0	29	0	3	0	0	0	0	0	0
Denzel Mims	WR	1	0	0	0	0	0	40	0	1	0	0	0	0	0	0
Brandon Aiyuk	WR	1	0	0	0	0	0	0	0	0	0	0	0	0	0	0
Jordan Love	QB	1	68	0	0	0	0	0	0	0	1	0	0	0	0	0
AJ Dillon	RB	1	0	0	0	19	0	7	0	1	0	0	0	0	0	0
Laviska Shenault Jr.	WR	1	0	0	0	9	0	50	0	7	0	0	0	0	0	0
Quez Watkins	WR	1	0	0	0	0	0	23	0	3	0	0	0	0	0	0
D'Andre Swift	RB	1	0	0	0	39	0	65	1	8	0	0	0	0	0	0
Quintez Cephus	WR	1	0	0	0	0	0	12	1	3	0	0	0	0	0	1
Cole Kmet	TE	1	0	0	0	0	0	42	0	5	0	0	0	0	0	0
Darnell Mooney	WR	1	0	0	0	0	0	26	0	5	0	0	0	0	0	0
Justin Jefferson	WR	1	11	0	0	0	0	71	0	5	0	0	0	0	0	0
Chase Claypool	WR	1	0	0	0	25	0	45	0	3	0	0	0	0	0	0
Antonio Gibson	RB	1	0	0	0	90	0	18	0	3	0	1	0	0	0	0
Devin Duvernay	WR	1	0	0	0	0	0	6	0	1	0	0	0	0	0	0
K.J. Osborn	WR	1	0	0	0	0	0	76	0	7	0	0	0	0	0	0
Justin Herbert	QB	1	337	1	1	-1	0	0	0	0	1	0	0	0	0	0
Henry Ruggs III	WR	1	0	0	0	0	0	46	0	2	0	0	0	0	0	0
CeeDee Lamb	WR	1	0	0	0	0	0	104	1	7	0	0	0	0	0	0
Clyde Edwards-Helaire	RB	1	0	0	0	43	0	29	0	3	0	0	0	0	0	0
Bryan Edwards	WR	1	0	0	0	0	0	81	0	4	0	0	0	0	0	0
K.J. Hill	WR	1	0	0	0	0	0	30	0	3	0	0	0	0	0	0
Jalen Reagor	WR	1	0	0	0	0	0	49	1	6	0	0	0	0	0	0
Jalen Hurts	QB	1	264	3	0	62	0	0	0	0	0	0	0	0	0	0
Jerry Jeudy	WR	1	0	0	0	0	0	72	0	6	0	0	0	0	0	0
Tee Higgins	WR	1	0	0	0	0	0	58	1	4	0	0	0	0	0	0
KJ Hamler	WR	1	0	0	0	0	0	41	0	3	0	0	0	0	0	0
Van Jefferson	WR	1	0	0	0	0	0	80	1	2	0	0	0	0	0	0
Adam Trautman	TE	1	0	0	0	0	0	18	0	3	0	0	0	0	0	0
Albert Okwuegbunam	TE	1	0	0	0	0	0	16	1	3	0	0	1	0	0	0
DeeJay Dallas	RB	1	0	0	0	5	0	5	0	1	0	0	0	0	0	0
Tyler Johnson	WR	1	0	0	0	0	0	0	0	0	0	0	0	0	0	0
Joe Burrow	QB	1	261	2	0	2	0	0	0	0	0	0	0	0	0	0
Dominique Dafney	TE	1	0	0	0	0	0	0	0	0	0	0	0	0	0	0
Ty'Son Williams	RB	1	0	0	0	65	1	29	0	3	0	0	0	0	0	0
Mike Strachan	WR	1	0	0	0	0	0	26	0	2	0	0	0	0	0	0
Nico Collins	WR	1	0	0	0	0	0	7	0	1	0	0	0	0	0	0
Chuba Hubbard	RB	1	0	0	0	0	0	4	0	2	0	0	0	0	0	0
Elijah Mitchell	RB	1	0	0	0	104	1	0	0	0	0	0	0	0	0	0
Gary Brightwell	RB	1	0	0	0	0	0	6	0	1	0	0	0	0	0	0
Jaylen Waddle	WR	1	0	0	0	0	0	61	1	4	0	0	0	0	0	0
Dee Eskridge	WR	1	0	0	0	22	0	6	0	1	0	0	0	0	0	0
Dyami Brown	WR	1	0	0	0	0	0	-2	0	1	0	0	0	0	0	0
Ihmir Smith-Marsette	WR	1	0	0	0	0	0	0	0	0	0	0	0	0	0	0
Larry Rountree III	RB	1	0	0	0	27	0	0	0	0	0	0	0	0	0	0
Demetric Felton	RB	1	0	0	0	0	0	0	0	0	0	0	0	0	0	0
Kylin Hill	RB	1	0	0	0	14	0	0	0	0	0	0	0	0	0	0
Mekhi Sargent	RB	1	0	0	0	2	0	0	0	0	0	0	0	0	0	0
Jaret Patterson	RB	1	0	0	0	9	0	0	0	0	0	0	0	0	0	0
Jake Funk	RB	1	0	0	0	0	0	0	0	0	0	0	0	0	0	0
Rhamondre Stevenson	RB	1	0	0	0	2	0	9	0	1	0	0	1	0	0	0
Najee Harris	RB	1	0	0	0	45	0	4	0	1	0	0	0	0	0	0
Pat Freiermuth	TE	1	0	0	0	0	0	24	0	1	0	0	0	0	0	0
Ja'Marr Chase	WR	1	0	0	0	-2	0	101	1	5	0	0	0	0	0	0
Khalil Herbert	RB	1	0	0	0	0	0	0	0	0	0	0	0	0	0	0
DeVonta Smith	WR	1	0	0	0	0	0	71	1	6	0	0	0	0	0	0
Kadarius Toney	WR	1	0	0	0	0	0	-2	0	2	0	0	0	0	0	0
Kenny Gainwell	RB	1	0	0	0	37	1	6	0	2	0	0	0	0	0	0
Michael Carter	RB	1	0	0	0	6	0	14	0	1	0	0	0	0	0	0
Rondale Moore	WR	1	0	0	0	0	0	68	0	4	0	0	0	0	0	0
Justin Fields	QB	1	10	0	0	3	1	0	0	0	0	0	0	0	0	0
Avery Williams	RB	1	0	0	0	0	0	0	0	0	0	0	0	0	0	0
Terrace Marshall Jr.	WR	1	0	0	0	0	0	26	0	3	0	0	0	0	0	0
Amon-Ra St. Brown	WR	1	0	0	0	0	0	23	0	2	0	0	0	0	0	0
Kyle Pitts	TE	1	0	0	0	0	0	31	0	4	0	0	0	0	0	0
Trevor Lawrence	QB	1	332	3	3	-2	0	0	0	0	0	0	0	0	0	0
Mac Jones	QB	1	281	1	0	0	0	0	0	0	0	0	0	0	0	0
Elijah Moore	WR	1	0	0	0	0	0	-3	0	1	0	0	0	0	0	0
Josh Palmer	WR	1	0	0	0	0	0	17	0	1	0	0	0	0	0	0
Amari Rodgers	WR	1	0	0	0	0	0	19	0	1	0	0	0	0	0	0
Javonte Williams	RB	1	0	0	0	45	0	-4	0	1	0	0	0	0	0	0
Anthony Schwartz	WR	1	0	0	0	17	0	69	0	3	0	0	0	0	0	0
Tommy Tremble	TE	1	0	0	0	0	0	0	0	0	0	0	0	0	0	0
Trey Lance	QB	1	5	1	0	2	0	0	0	0	0	0	0	0	0	0
Zach Wilson	QB	1	258	2	1	0	0	0	0	0	0	0	0	0	1	0
Tom Brady	QB	2	276	5	0	6	0	0	0	0	1	0	0	0	0	0
Ben Roethlisberger	QB	2	295	1	1	0	0	0	0	0	0	0	0	0	0	0
Aaron Rodgers	QB	2	255	4	0	6	0	0	0	0	0	0	0	0	0	0
Danny Amendola	WR	2	0	0	0	0	0	9	0	1	0	0	0	0	0	0
Matt Ryan	QB	2	300	2	3	3	0	0	0	0	0	0	0	0	1	0
Matthew Slater	WR	2	0	0	0	0	0	0	0	0	0	0	0	0	0	0
Matthew Stafford	QB	2	278	2	1	1	0	0	0	0	0	0	0	0	0	0
Jared Cook	TE	2	0	0	0	0	0	28	0	3	0	0	0	0	0	0
Rob Gronkowski	TE	2	0	0	0	0	0	39	2	4	0	0	0	0	0	0
Emmanuel Sanders	WR	2	0	0	0	0	0	48	0	2	0	0	0	0	0	0
Andre Roberts	WR	2	0	0	0	0	0	35	0	1	0	0	0	0	0	0
Antonio Brown	WR	2	0	0	0	0	0	17	0	1	0	0	0	0	0	0
A.J. Green	WR	2	0	0	0	0	0	44	1	3	0	0	0	0	0	0
Julio Jones	WR	2	0	0	0	0	0	128	0	6	0	0	0	0	0	0
Blaine Gabbert	QB	2	0	0	0	-3	0	0	0	0	0	0	0	0	0	0
Mark Ingram	RB	2	0	0	0	41	0	-1	0	1	0	0	0	0	0	0
Andy Dalton	QB	2	56	1	0	25	0	0	0	0	0	0	0	0	0	0
Kyle Rudolph	TE	2	0	0	0	0	0	25	0	2	0	0	0	0	0	0
Randall Cobb	WR	2	0	0	0	0	0	26	0	3	0	0	0	0	0	0
Taiwan Jones	RB	2	0	0	0	0	0	0	0	0	0	0	0	0	0	0
Lee Smith	TE	2	0	0	0	0	0	9	0	1	0	0	0	0	0	0
Tyrod Taylor	QB	2	125	1	0	15	1	0	0	0	0	0	0	0	0	0
Chris Hogan	WR	2	0	0	0	0	0	16	0	1	0	0	0	0	0	0
Cole Beasley	WR	2	0	0	0	0	0	36	0	4	0	0	0	0	0	0
Derek Carrier	TE	2	0	0	0	0	0	13	0	2	0	0	0	0	0	0
Russell Wilson	QB	2	343	2	0	16	0	0	0	0	0	0	0	0	0	0
Marvin Jones	WR	2	0	0	0	0	0	55	1	6	0	0	0	0	0	0
Kirk Cousins	QB	2	244	3	0	35	0	0	0	0	0	0	0	0	0	0
Mohamed Sanu	WR	2	0	0	0	0	0	0	0	0	0	0	0	0	0	0
Ryan Tannehill	QB	2	347	0	0	27	0	0	0	0	1	0	0	0	0	0
Adam Thielen	WR	2	0	0	0	0	0	39	1	6	0	0	0	0	0	0
Zach Ertz	TE	2	0	0	0	0	0	6	0	1	0	0	0	0	0	0
Marquise Goodwin	WR	2	0	0	0	0	0	10	0	1	0	0	0	0	0	0
Ryan Griffin	TE	2	0	0	0	0	0	10	0	2	0	0	0	0	0	0
Demetrius Harris	TE	2	0	0	0	0	0	0	0	0	0	0	0	0	0	0
Jack Doyle	TE	2	0	0	0	0	0	64	0	5	0	0	0	0	0	1
Keenan Allen	WR	2	0	0	0	0	0	108	0	4	0	0	0	0	0	0
Robert Woods	WR	2	0	0	0	6	0	64	0	5	0	0	0	0	0	0
Giovani Bernard	RB	2	0	0	0	0	0	16	0	2	0	0	0	0	0	0
Travis Kelce	TE	2	0	0	0	0	0	109	1	7	0	0	0	0	0	0
Latavius Murray	RB	2	0	0	0	36	1	0	0	0	0	0	0	0	0	0
DeAndre Hopkins	WR	2	0	0	0	0	0	54	1	4	0	0	0	0	0	0
Cordarrelle Patterson	RB	2	0	0	0	11	1	58	1	5	0	0	0	0	0	0
Willie Snead	WR	2	0	0	0	0	0	14	0	1	0	0	0	0	0	0
Albert Wilson	WR	2	0	0	0	0	0	20	0	4	0	0	0	0	0	0
Damien Williams	RB	2	0	0	0	6	0	-2	0	2	0	0	0	0	0	0
Carlos Hyde	RB	2	0	0	0	7	0	0	0	0	0	0	0	0	0	0
James White	RB	2	0	0	0	20	1	45	0	6	0	0	0	0	0	0
Brandin Cooks	WR	2	0	0	0	0	0	78	1	9	0	0	0	0	0	0
Teddy Bridgewater	QB	2	328	2	0	1	0	0	0	0	0	0	0	0	0	0
Logan Thomas	TE	2	0	0	0	0	0	45	0	5	0	0	0	0	0	0
Cameron Brate	TE	2	0	0	0	0	0	8	0	1	0	0	0	0	0	0
Derek Carr	QB	2	382	2	0	9	0	0	0	0	0	0	0	0	0	0
Devonta Freeman	RB	2	0	0	0	29	0	0	0	0	0	0	0	0	0	0
Diontae Spencer	WR	2	0	0	0	0	0	0	0	0	0	0	0	0	0	0
Sammy Watkins	WR	2	0	0	0	0	0	44	0	4	0	0	0	0	0	0
Jimmy Garoppolo	QB	2	189	1	0	20	1	0	0	0	0	0	0	0	0	0
Jerick McKinnon	RB	2	0	0	0	0	0	14	0	1	0	0	0	0	0	0
Davante Adams	WR	2	0	0	0	0	0	121	0	8	0	0	0	0	0	0
Jarvis Landry	WR	2	0	0	0	0	0	9	0	1	0	0	0	0	0	0
Eric Ebron	TE	2	0	0	0	0	0	0	0	0	0	0	0	0	0	0
Mike Evans	WR	2	0	0	0	0	0	75	2	5	0	0	0	0	0	0
Allen Robinson	WR	2	0	0	0	0	0	24	1	2	0	0	0	0	0	0
Chris Manhertz	TE	2	0	0	0	0	0	0	0	0	0	0	0	0	0	0
Jameis Winston	QB	2	111	0	2	19	1	0	0	0	0	0	0	0	0	0
Amari Cooper	WR	2	0	0	0	0	0	24	0	3	0	0	0	0	0	0
DeVante Parker	WR	2	0	0	0	0	0	42	0	5	0	0	0	0	0	0
Nelson Agholor	WR	2	0	0	0	0	0	21	0	3	0	0	0	0	0	0
Maxx Williams	TE	2	0	0	0	0	0	94	0	7	0	0	0	0	0	0
MyCole Pruitt	TE	2	0	0	0	0	0	43	0	3	0	0	0	0	0	0
Stefon Diggs	WR	2	0	0	0	0	0	60	1	4	0	0	0	0	0	0
Darren Waller	TE	2	0	0	0	0	0	65	0	5	0	0	0	0	0	0
DeAndre Carter	WR	2	0	0	0	2	0	0	0	0	0	0	0	0	0	0
Jake Kumerow	WR	2	0	0	0	0	0	0	0	0	0	0	0	0	0	0
Taylor Heinicke	QB	2	336	2	1	6	0	0	0	0	0	0	0	0	0	0
Malcolm Brown	RB	2	0	0	0	21	0	0	0	0	0	0	0	0	0	0
James O'Shaughnessy	TE	2	0	0	0	0	0	24	0	1	0	0	0	0	0	0
Adam Humphries	WR	2	0	0	0	0	0	44	0	7	0	0	0	0	0	0
Tevin Coleman	RB	2	0	0	0	24	0	0	0	0	0	0	0	0	0	0
Blake Bell	TE	2	0	0	0	0	0	20	0	1	0	0	0	0	0	0
Mike Davis	RB	2	0	0	0	38	0	25	0	7	0	0	0	0	0	0
Ameer Abdullah	RB	2	0	0	0	0	0	0	0	0	0	0	0	0	0	0
Chris Conley	WR	2	0	0	0	0	0	13	0	1	0	0	0	0	0	0
C.J. Uzomah	TE	2	0	0	0	0	0	4	0	2	0	0	0	0	0	0
Geoff Swaim	TE	2	0	0	0	0	0	10	0	2	0	0	0	0	0	0
Melvin Gordon	RB	2	0	0	0	31	0	38	0	2	0	0	0	0	0	0
David Johnson	RB	2	0	0	0	25	0	22	0	2	0	0	0	0	0	0
Ty Montgomery	WR	2	0	0	0	0	0	3	0	1	0	0	0	0	0	0
Tyler Lockett	WR	2	0	0	0	0	0	178	1	8	0	0	0	0	0	0
Tyler Kroft	TE	2	0	0	0	0	0	8	0	1	0	0	0	0	0	0
Chester Rogers	WR	2	0	0	0	0	0	22	0	2	0	0	0	0	0	0
Sterling Shepard	WR	2	0	0	0	-9	0	94	0	9	0	0	0	0	0	0
Austin Hooper	TE	2	0	0	0	0	0	40	0	5	0	0	0	0	0	0
Alex Collins	RB	2	0	0	0	25	0	0	0	0	0	0	0	0	0	0
Dwayne Washington	RB	2	0	0	0	0	0	0	0	0	0	0	0	0	0	0
Kalif Raymond	WR	2	0	0	0	0	0	18	0	2	0	0	0	0	0	0
Alex Erickson	WR	2	0	0	0	0	0	0	0	0	0	0	0	0	0	0
J.D. McKissic	RB	2	0	0	0	10	1	83	0	5	0	0	0	0	0	0
Robbie Chosen	WR	2	0	0	0	0	0	38	0	3	0	0	0	0	0	0
Stephen Anderson	TE	2	0	0	0	0	0	9	0	2	0	0	0	0	0	0
Peyton Barber	RB	2	0	0	0	32	0	0	0	0	0	0	0	0	0	0
Derrick Henry	RB	2	0	0	0	182	3	55	0	6	0	0	0	0	0	0
Demarcus Robinson	WR	2	0	0	0	0	0	46	1	3	0	0	0	0	0	0
Tajae Sharpe	WR	2	0	0	0	0	0	8	0	1	0	0	0	0	0	0
Jakeem Grant	WR	2	0	0	0	0	0	0	0	1	0	0	1	0	0	0
Carson Wentz	QB	2	247	1	1	37	0	0	0	0	0	0	0	1	0	0
Laquon Treadwell	WR	2	0	0	0	0	0	0	0	0	0	0	0	0	0	0
Devontae Booker	RB	2	0	0	0	9	0	2	0	1	0	0	0	0	0	0
Rashard Higgins	WR	2	0	0	0	0	0	27	0	2	0	0	0	0	0	0
Jaydon Mickens	WR	2	0	0	0	0	0	0	0	0	0	0	0	0	0	0
Tyler Boyd	WR	2	0	0	0	0	0	73	0	7	0	0	0	0	0	0
Tyreek Hill	WR	2	0	0	0	15	0	14	0	3	0	0	0	0	0	0
Ezekiel Elliott	RB	2	0	0	0	71	1	26	0	2	0	0	0	0	0	0
Dak Prescott	QB	2	237	0	1	0	0	0	0	0	0	0	0	0	0	0
Hunter Henry	TE	2	0	0	0	0	0	42	0	2	0	0	0	0	0	0
Jared Goff	QB	2	246	2	1	46	0	0	0	0	0	1	0	0	0	0
Tyler Higbee	TE	2	0	0	0	0	0	8	0	1	0	0	0	0	0	0
Kenyan Drake	RB	2	0	0	0	9	0	46	0	5	0	0	0	0	0	0
Jacoby Brissett	QB	2	169	0	1	8	0	0	0	0	0	0	0	0	0	0
Mo Alie-Cox	TE	2	0	0	0	0	0	18	0	1	0	0	0	0	0	0
Zach Pascal	WR	2	0	0	0	0	0	38	1	5	0	0	0	0	0	0
Darrell Daniels	TE	2	0	0	0	0	0	0	0	0	0	0	0	0	0	0
Christian McCaffrey	RB	2	0	0	0	72	1	65	0	5	0	0	0	0	0	0
George Kittle	TE	2	0	0	0	0	0	17	0	4	0	0	0	0	0	0
Aaron Jones	RB	2	0	0	0	67	1	48	3	6	0	0	0	0	0	0
Alex Armah	RB	2	0	0	0	0	0	0	0	0	0	0	0	0	0	0
Kendrick Bourne	WR	2	0	0	0	16	0	10	0	2	0	0	0	0	0	0
Cethan Carter	TE	2	0	0	0	0	0	8	0	1	0	0	0	0	0	0
Taysom Hill	TE	2	0	0	0	16	0	0	0	0	0	0	0	0	0	0
C.J. Board	WR	2	0	0	0	6	0	0	0	0	0	0	0	0	0	0
Tim Patrick	WR	2	0	0	0	0	0	37	1	3	0	0	0	0	0	0
Patrick Ricard	RB	2	0	0	0	2	0	0	0	0	0	0	0	0	0	0
Pharaoh Brown	TE	2	0	0	0	0	0	0	0	0	0	0	0	0	0	0
Isaiah McKenzie	WR	2	0	0	0	0	0	1	0	1	0	0	0	0	0	0
Samaje Perine	RB	2	0	0	0	0	0	0	0	0	0	0	0	0	0	0
Mike Williams	WR	2	0	0	0	0	0	91	1	7	0	0	0	0	0	0
James Conner	RB	2	0	0	0	26	0	0	0	0	0	0	0	0	0	0
Mack Hollins	WR	2	0	0	0	0	0	0	0	0	0	0	0	0	0	0
Jamal Agnew	WR	2	0	0	0	0	0	0	0	0	0	0	0	0	0	0
Eric Saubert	TE	2	0	0	0	0	0	7	0	1	0	0	0	0	0	0
Chris Carson	RB	2	0	0	0	31	2	0	0	0	0	0	0	0	0	0
Ricky Seals-Jones	TE	2	0	0	0	0	0	19	1	1	0	0	0	0	0	0
Blake Jarwin	TE	2	0	0	0	0	0	37	0	3	0	0	0	0	0	0
Austin Ekeler	RB	2	0	0	0	54	0	61	0	9	0	0	0	0	1	0
Greg Ward	WR	2	0	0	0	0	0	0	0	0	0	0	0	0	0	0
Robert Tonyan	TE	2	0	0	0	0	0	52	1	3	0	0	0	0	0	0
Dede Westbrook	WR	2	0	0	0	0	0	0	0	0	0	0	0	0	0	0
Leonard Fournette	RB	2	0	0	0	52	0	24	0	4	0	0	0	0	0	0
JuJu Smith-Schuster	WR	2	0	0	0	3	1	41	0	6	0	0	0	0	0	0
Jonnu Smith	TE	2	0	0	0	0	0	28	0	4	0	0	0	0	0	0
Mitchell Trubisky	QB	2	0	0	0	-2	0	0	0	0	0	0	0	0	0	0
Corey Davis	WR	2	0	0	0	0	0	8	0	2	0	0	0	0	0	0
Patrick Mahomes	QB	2	343	3	1	3	0	0	0	0	0	0	0	0	0	0
O.J. Howard	TE	2	0	0	0	0	0	21	0	1	0	0	0	0	0	0
David Njoku	TE	2	0	0	0	0	0	18	0	2	0	0	0	0	0	0
Dalvin Cook	RB	2	0	0	0	131	0	17	0	2	0	0	0	0	0	0
Gerald Everett	TE	2	0	0	0	0	0	3	0	1	0	0	0	0	0	0
Joe Mixon	RB	2	0	0	0	69	0	2	0	1	0	0	0	0	0	0
Alvin Kamara	RB	2	0	0	0	5	0	25	0	4	0	0	0	0	0	0
Cooper Kupp	WR	2	0	0	0	-5	0	163	2	9	0	0	0	0	0	0
Chris Godwin Jr.	WR	2	0	0	0	0	0	62	1	4	0	0	0	0	0	0
Kareem Hunt	RB	2	0	0	0	51	0	2	0	1	0	0	0	0	0	0
Kenny Golladay	WR	2	0	0	0	0	0	38	0	3	0	0	0	0	0	0
Josh Reynolds	WR	2	0	0	0	0	0	0	0	0	0	0	0	0	0	0
Jamaal Williams	RB	2	0	0	0	25	0	12	0	3	0	0	0	0	0	0
Marlon Mack	RB	2	0	0	0	16	0	0	0	0	0	0	0	0	0	0
Jeremy McNichols	RB	2	0	0	0	3	0	26	0	3	0	0	0	0	0	0
Dan Arnold	TE	2	0	0	0	0	0	55	0	3	0	0	0	0	0	0
Brandon Zylstra	WR	2	0	0	0	0	0	44	1	3	0	0	0	0	0	0
Phillip Lindsay	RB	2	0	0	0	2	0	22	1	1	0	0	0	0	0	0
Christian Blake	WR	2	0	0	0	0	0	8	0	1	0	0	0	0	0	0
Trenton Cannon	RB	2	0	0	0	-1	0	0	0	0	0	0	0	0	0	0
Tyler Conklin	TE	2	0	0	0	0	0	15	0	2	0	0	0	0	0	0
Marquez Valdes-Scantling	WR	2	0	0	0	0	0	0	0	0	0	0	0	0	0	0
Equanimeous St. Brown	WR	2	0	0	0	0	0	0	0	1	0	0	0	0	0	0
Byron Pringle	WR	2	0	0	0	0	0	63	1	2	0	0	0	0	0	0
Darrel Williams	RB	2	0	0	0	-2	1	0	0	0	0	0	0	0	0	0
Josh Rosen	QB	2	0	0	0	0	0	0	0	0	0	0	0	0	0	0
Courtland Sutton	WR	2	0	0	0	0	0	159	0	9	0	0	0	0	0	0
Dallas Goedert	TE	2	0	0	0	0	0	24	0	2	0	0	0	0	0	0
Jordan Akins	TE	2	0	0	0	0	0	17	0	1	0	0	0	0	0	0
Ian Thomas	TE	2	0	0	0	0	0	7	0	1	0	0	0	0	0	0
Nyheim Hines	RB	2	0	0	0	5	0	17	0	1	0	0	0	0	0	0
Dalton Schultz	TE	2	0	0	0	0	0	18	0	2	0	0	0	0	0	0
Ray-Ray McCloud	WR	2	0	0	0	0	0	0	0	0	0	0	0	0	0	0
Russell Gage	WR	2	0	0	0	0	0	28	0	5	0	0	0	0	0	0
Cedrick Wilson Jr.	WR	2	0	0	0	5	0	20	0	2	0	0	0	0	0	0
Braxton Berrios	WR	2	0	0	0	0	0	73	0	7	0	0	0	0	0	0
Justin Jackson	RB	2	0	0	0	21	0	8	0	1	0	0	0	0	0	0
Trent Sherfield	WR	2	0	0	0	0	0	9	0	1	0	0	0	0	0	0
Godwin Igwebuike	RB	2	0	0	0	0	0	0	0	0	0	0	0	0	0	0
James Washington	WR	2	0	0	0	0	0	0	0	0	0	0	0	0	0	0
Chase Edmonds	RB	2	0	0	0	46	0	29	0	5	0	0	0	0	0	0
Mark Andrews	TE	2	0	0	0	0	0	57	0	5	0	0	0	0	0	0
Christian Kirk	WR	2	0	0	0	0	0	65	0	3	0	0	0	0	0	0
DJ Chark	WR	2	0	0	0	0	0	19	0	1	0	0	0	0	0	0
Nick Chubb	RB	2	0	0	0	95	1	3	0	1	0	0	0	0	0	0
Lamar Jackson	QB	2	239	1	2	107	2	0	0	0	0	0	0	0	0	0
Durham Smythe	TE	2	0	0	0	0	0	0	0	0	0	0	0	0	0	0
Ronald Jones	RB	2	0	0	0	27	0	9	0	1	0	0	0	0	0	0
DJ Moore	WR	2	0	0	0	0	0	79	1	8	0	0	0	0	0	0
Mike Gesicki	TE	2	0	0	0	0	0	41	0	3	0	0	0	0	0	0
Hayden Hurst	TE	2	0	0	0	0	0	6	0	1	0	0	0	0	0	0
Calvin Ridley	WR	2	0	0	0	0	0	63	1	7	0	0	0	0	0	0
Saquon Barkley	RB	2	0	0	0	57	0	12	0	2	0	0	0	0	0	0
Sony Michel	RB	2	0	0	0	46	0	0	0	0	0	0	0	0	0	0
Baker Mayfield	QB	2	213	1	1	10	1	0	0	0	0	0	0	0	0	0
Josh Allen	QB	2	179	2	1	35	0	0	0	0	0	0	0	0	0	0
Sam Darnold	QB	2	305	2	1	7	0	0	0	0	0	0	0	0	0	0
Trinity Benson	WR	2	0	0	0	0	0	24	0	1	0	0	0	0	0	0
Jakobi Meyers	WR	2	0	0	0	0	0	38	0	4	0	0	0	0	0	0
Alexander Mattison	RB	2	0	0	0	11	0	17	0	1	0	0	0	0	0	0
Foster Moreau	TE	2	0	0	0	0	0	34	1	2	0	0	0	0	0	0
Hunter Renfrow	WR	2	0	0	0	0	0	57	0	5	0	0	0	0	0	0
Kaden Smith	TE	2	0	0	0	0	0	24	0	2	0	0	0	0	0	0
Ashton Dulin	WR	2	0	0	0	0	0	10	0	1	0	0	0	0	0	0
Mecole Hardman	WR	2	0	0	0	0	0	55	0	5	0	0	0	0	0	0
Olamide Zaccheaus	WR	2	0	0	0	0	0	22	0	2	0	0	0	0	0	0
Deonte Harty	WR	2	0	0	0	1	0	9	0	1	0	0	0	0	0	0
Diontae Johnson	WR	2	0	0	0	0	0	105	0	9	0	0	0	0	0	0
Benny Snell	RB	2	0	0	0	1	0	0	0	0	0	0	0	0	0	0
Kyler Murray	QB	2	400	3	2	31	1	0	0	0	0	0	0	0	0	0
T.J. Hockenson	TE	2	0	0	0	0	0	66	1	8	0	0	0	0	0	0
Miles Sanders	RB	2	0	0	0	55	0	4	0	1	0	0	0	0	0	0
Josh Oliver	TE	2	0	0	0	0	0	9	0	1	0	0	0	0	0	0
Devin Singletary	RB	2	0	0	0	82	1	9	0	2	0	0	0	0	0	0
Tony Pollard	RB	2	0	0	0	109	1	31	0	3	0	0	0	0	0	0
Scott Miller	WR	2	0	0	0	0	0	0	0	0	0	0	0	0	0	0
Myles Gaskin	RB	2	0	0	0	25	0	21	0	4	0	0	0	0	0	0
Preston Williams	WR	2	0	0	0	0	0	2	0	1	0	0	0	0	0	0
Stanley Morgan	WR	2	0	0	0	0	0	0	0	0	0	0	0	0	0	0
Lil'Jordan Humphrey	WR	2	0	0	0	0	0	27	0	1	0	0	0	0	0	0
Jalen Guyton	WR	2	0	0	0	9	0	13	0	2	0	0	0	0	0	0
Tyron Johnson	WR	2	0	0	0	0	0	0	0	0	0	0	0	0	0	0
Jeff Smith	WR	2	0	0	0	0	0	35	0	1	0	0	0	0	0	0
Andy Isabella	WR	2	0	0	0	0	0	0	0	0	0	0	0	0	0	0
Darius Slayton	WR	2	0	0	0	0	0	54	1	3	0	0	0	0	0	0
Ty Johnson	RB	2	0	0	0	50	0	0	0	0	0	0	0	0	0	0
Joseph Fortson	TE	2	0	0	0	0	0	11	0	1	0	0	0	0	0	0
Parker Hesse	TE	2	0	0	0	0	0	0	0	0	0	0	0	0	0	0
Travis Homer	RB	2	0	0	0	0	0	14	0	2	0	0	0	0	0	0
Nsimba Webster	WR	2	0	0	0	0	0	0	0	0	0	0	0	0	0	0
DK Metcalf	WR	2	0	0	0	0	0	53	0	6	0	0	0	0	0	0
Noah Fant	TE	2	0	0	0	0	0	33	1	4	0	0	0	0	0	0
Gunner Olszewski	WR	2	0	0	0	0	0	0	0	0	0	0	0	0	0	0
Damien Harris	RB	2	0	0	0	62	1	2	0	1	0	0	0	0	0	0
Terry McLaurin	WR	2	0	0	0	0	0	107	1	11	0	0	0	0	0	0
Marquise Brown	WR	2	0	0	0	0	0	113	1	6	0	0	0	0	0	0
Darrell Henderson	RB	2	0	0	0	53	1	29	0	3	0	0	0	0	0	0
A.J. Brown	WR	2	0	0	0	0	0	43	0	3	0	0	0	0	0	0
David Montgomery	RB	2	0	0	0	61	0	18	0	3	0	0	0	0	0	0
Dawson Knox	TE	2	0	0	0	0	0	17	1	2	0	0	0	0	0	0
Daniel Jones	QB	2	249	1	0	95	1	0	0	0	0	0	0	0	0	0
Deebo Samuel Sr.	WR	2	0	0	0	8	0	93	0	6	0	0	0	0	0	0
JaMycal Hasty	RB	2	0	0	0	38	0	21	0	4	0	0	0	0	0	0
Ben Ellefson	TE	2	0	0	0	0	0	0	0	0	0	0	0	0	0	0
James Robinson	RB	2	0	0	0	47	0	17	0	3	0	0	0	0	0	0
Tony Jones	RB	2	0	0	0	7	0	0	0	0	0	0	0	0	0	0
Kendall Hinton	WR	2	0	0	0	0	0	15	0	1	0	0	0	0	0	0
Giovanni Ricci	TE	2	0	0	0	0	0	0	0	0	0	0	0	0	0	0
Salvon Ahmed	RB	2	0	0	0	17	0	0	0	0	0	0	0	0	0	0
Juwan Johnson	TE	2	0	0	0	0	0	23	0	1	0	0	0	0	0	0
J.J. Taylor	RB	2	0	0	0	3	0	0	0	0	0	0	0	0	0	0
Tommy Hudson	TE	2	0	0	0	0	0	14	0	1	0	0	0	0	0	0
Nick Westbrook-Ikhine	WR	2	0	0	0	0	0	6	0	1	0	0	0	0	0	0
Reggie Gilliam	RB	2	0	0	0	2	0	0	0	0	0	0	0	0	0	0
Tua Tagovailoa	QB	2	13	0	0	0	0	0	0	0	0	0	0	0	0	0
Marquez Callaway	WR	2	0	0	0	0	0	8	0	2	0	0	0	0	0	0
Jonathan Taylor	RB	2	0	0	0	51	0	2	0	1	0	0	0	0	0	0
Jacob Eason	QB	2	25	0	1	0	0	0	0	0	0	0	0	0	0	0
Harrison Bryant	TE	2	0	0	0	0	0	49	0	4	0	0	0	0	0	0
Donovan Peoples-Jones	WR	2	0	0	0	0	0	14	0	1	0	0	1	0	0	0
Freddie Swain	WR	2	0	0	0	5	0	95	1	5	0	0	0	0	0	0
Zack Moss	RB	2	0	0	0	26	2	8	0	2	0	0	1	0	0	0
Michael Pittman	WR	2	0	0	0	0	0	123	0	8	0	0	0	0	0	0
Jauan Jennings	WR	2	0	0	0	0	0	17	1	2	0	0	0	0	0	0
Brandon Aiyuk	WR	2	0	0	0	0	0	6	0	1	0	0	0	0	0	0
Jordan Love	QB	2	0	0	0	-3	0	0	0	0	0	0	0	0	0	0
AJ Dillon	RB	2	0	0	0	18	0	8	0	1	0	0	0	0	0	0
Laviska Shenault Jr.	WR	2	0	0	0	0	0	-3	0	2	0	0	0	0	0	0
Quez Watkins	WR	2	0	0	0	0	0	117	0	2	0	0	0	0	0	0
D'Andre Swift	RB	2	0	0	0	37	0	41	0	4	0	0	0	0	0	0
Quintez Cephus	WR	2	0	0	0	0	0	63	1	4	0	0	0	0	0	0
Cole Kmet	TE	2	0	0	0	0	0	0	0	1	0	0	0	0	0	0
Darnell Mooney	WR	2	0	0	0	0	0	66	0	6	0	0	0	0	0	0
Justin Jefferson	WR	2	0	0	0	0	0	65	1	6	0	0	0	0	0	0
Chase Claypool	WR	2	0	0	0	-3	0	70	0	3	0	0	0	0	0	0
Antonio Gibson	RB	2	0	0	0	69	0	4	0	2	0	0	0	0	0	0
Devin Duvernay	WR	2	0	0	0	0	0	0	0	0	0	0	0	0	0	0
K.J. Osborn	WR	2	0	0	0	0	0	91	1	5	0	0	0	0	0	0
Justin Herbert	QB	2	338	1	2	12	0	0	0	0	0	0	0	0	0	0
Henry Ruggs III	WR	2	0	0	0	2	0	113	1	5	0	0	0	0	0	0
CeeDee Lamb	WR	2	0	0	0	13	0	81	0	8	0	0	0	0	0	0
Clyde Edwards-Helaire	RB	2	0	0	0	46	0	0	0	0	0	1	0	0	0	0
Bryan Edwards	WR	2	0	0	0	0	0	40	0	3	0	0	0	0	0	0
K.J. Hill	WR	2	0	0	0	0	0	0	0	0	0	0	0	0	0	0
Jalen Reagor	WR	2	0	0	0	0	0	5	0	2	0	0	0	0	0	0
Jalen Hurts	QB	2	190	0	0	82	1	0	0	0	0	0	0	0	0	0
Tee Higgins	WR	2	0	0	0	0	0	60	1	6	0	0	1	0	0	0
KJ Hamler	WR	2	0	0	0	0	0	5	0	1	0	0	0	0	0	0
Van Jefferson	WR	2	0	0	0	0	0	14	0	1	0	0	0	0	0	0
Albert Okwuegbunam	TE	2	0	0	0	0	0	24	0	4	0	0	0	0	0	0
DeeJay Dallas	RB	2	0	0	0	0	0	0	0	0	0	0	0	0	0	0
Tyler Johnson	WR	2	0	0	0	0	0	5	0	1	0	0	0	0	0	0
Joe Burrow	QB	2	207	2	3	0	0	0	0	0	0	0	0	0	0	0
Ty'Son Williams	RB	2	0	0	0	77	0	16	0	2	0	0	0	0	0	0
Mike Strachan	WR	2	0	0	0	0	0	0	0	0	0	0	0	0	0	0
Nico Collins	WR	2	0	0	0	0	0	32	0	1	0	0	0	0	0	0
Chuba Hubbard	RB	2	0	0	0	10	0	0	0	0	0	0	0	0	0	0
Elijah Mitchell	RB	2	0	0	0	42	0	11	0	2	0	0	0	0	0	0
Gary Brightwell	RB	2	0	0	0	0	0	0	0	0	0	0	0	0	0	0
Jaylen Waddle	WR	2	0	0	0	0	0	48	0	6	0	0	0	0	0	0
Dyami Brown	WR	2	0	0	0	0	0	34	0	3	0	0	0	0	0	0
Ihmir Smith-Marsette	WR	2	0	0	0	0	0	0	0	0	0	0	0	0	0	0
Larry Rountree III	RB	2	0	0	0	-1	0	-1	0	1	0	0	0	0	0	0
Racey McMath	WR	2	0	0	0	0	0	0	0	0	0	0	0	0	0	0
Demetric Felton	RB	2	0	0	0	0	0	51	1	2	0	0	0	0	0	0
Kylin Hill	RB	2	0	0	0	8	0	0	0	0	0	0	0	0	0	0
Jack Stoll	TE	2	0	0	0	0	0	0	0	0	0	0	0	0	0	0
Jaret Patterson	RB	2	0	0	0	0	0	0	0	0	0	0	0	0	0	0
Tutu Atwell	WR	2	0	0	0	0	0	0	0	0	0	0	0	0	0	0
Chris Evans	RB	2	0	0	0	0	0	14	0	1	0	0	0	0	0	0
Jake Funk	RB	2	0	0	0	0	0	0	0	0	0	0	0	0	0	0
Luke Farrell	TE	2	0	0	0	0	0	6	0	1	0	0	0	0	0	0
Najee Harris	RB	2	0	0	0	38	0	43	1	5	0	0	0	0	0	0
Pat Freiermuth	TE	2	0	0	0	0	0	36	0	4	0	0	0	0	0	0
Davis Mills	QB	2	102	1	1	-1	0	0	0	0	0	0	0	0	0	0
Ja'Marr Chase	WR	2	0	0	0	0	0	54	1	2	0	0	0	0	0	0
DeVonta Smith	WR	2	0	0	0	0	0	16	0	2	0	0	0	0	0	0
Kenny Gainwell	RB	2	0	0	0	14	0	18	0	2	0	0	0	0	1	0
Michael Carter	RB	2	0	0	0	59	0	29	0	2	0	0	0	0	0	0
Rondale Moore	WR	2	0	0	0	0	0	114	1	7	0	0	0	0	0	0
Justin Fields	QB	2	60	0	1	31	0	0	0	0	0	0	0	0	0	0
Avery Williams	RB	2	0	0	0	0	0	0	0	0	0	0	0	0	0	0
Terrace Marshall Jr.	WR	2	0	0	0	0	0	17	0	3	0	0	0	0	0	0
Amon-Ra St. Brown	WR	2	0	0	0	0	0	18	0	3	0	0	0	0	0	0
Kyle Pitts	TE	2	0	0	0	0	0	73	0	5	0	0	0	0	0	0
Trevor Lawrence	QB	2	118	1	2	21	0	0	0	0	0	0	0	0	0	0
Mac Jones	QB	2	186	0	0	0	0	0	0	0	0	0	0	0	0	0
Elijah Moore	WR	2	0	0	0	0	0	47	0	4	0	0	0	0	0	0
Trey Sermon	RB	2	0	0	0	8	0	0	0	0	0	0	0	0	0	0
Josh Palmer	WR	2	0	0	0	0	0	21	0	2	0	0	0	0	0	0
Amari Rodgers	WR	2	0	0	0	0	0	0	0	0	0	0	0	0	0	0
Javonte Williams	RB	2	0	0	0	64	0	10	0	1	0	0	0	0	0	0
Anthony Schwartz	WR	2	0	0	0	0	0	0	0	0	0	0	0	0	0	0
Zach Wilson	QB	2	210	0	4	19	0	0	0	0	0	0	0	0	0	0
Tom Brady	QB	3	432	1	0	14	1	0	0	0	0	0	0	0	0	0
Ben Roethlisberger	QB	3	318	1	2	5	0	0	0	0	0	0	0	0	0	0
Aaron Rodgers	QB	3	261	2	0	0	0	-4	0	1	0	0	0	0	0	0
Matt Ryan	QB	3	243	2	0	-1	0	0	0	0	1	0	0	0	0	0
DeSean Jackson	WR	3	0	0	0	0	0	120	1	3	0	0	0	0	0	0
Matthew Stafford	QB	3	343	4	0	-2	0	0	0	0	0	0	0	0	0	0
Jared Cook	TE	3	0	0	0	0	0	27	0	2	0	0	0	0	0	0
Rob Gronkowski	TE	3	0	0	0	0	0	55	0	4	0	0	0	0	0	0
Emmanuel Sanders	WR	3	0	0	0	0	0	94	2	5	0	0	0	0	0	0
Andre Roberts	WR	3	0	0	0	0	0	0	0	0	0	0	0	0	0	0
Jimmy Graham	TE	3	0	0	0	0	0	0	0	0	0	0	0	0	0	0
A.J. Green	WR	3	0	0	0	0	0	112	0	5	0	0	0	0	0	0
Julio Jones	WR	3	0	0	0	0	0	47	0	3	0	0	0	0	0	0
Mark Ingram	RB	3	0	0	0	21	0	-1	0	1	0	0	0	0	0	0
Randall Cobb	WR	3	0	0	0	0	0	0	0	0	0	0	0	0	0	0
Lee Smith	TE	3	0	0	0	0	0	7	1	3	0	0	0	0	0	0
Chris Hogan	WR	3	0	0	0	0	0	0	0	0	0	0	0	0	0	0
Case Keenum	QB	3	0	0	0	0	0	0	0	0	0	0	0	0	0	0
Cole Beasley	WR	3	0	0	0	0	0	98	0	11	0	0	0	0	0	0
Brandon Bolden	RB	3	0	0	0	-1	0	23	0	3	0	0	0	0	0	0
Russell Wilson	QB	3	298	1	0	7	0	0	0	0	0	0	0	0	0	0
Marvin Jones	WR	3	0	0	0	0	0	62	0	6	0	0	0	0	0	0
Kirk Cousins	QB	3	323	3	0	2	0	0	0	0	0	0	0	0	0	0
Mohamed Sanu	WR	3	0	0	0	0	0	36	0	3	0	0	0	0	0	0
Ryan Tannehill	QB	3	197	3	2	56	0	0	0	0	0	0	0	0	0	0
Darren Fells	TE	3	0	0	0	0	0	35	0	2	0	0	0	0	0	0
Adam Thielen	WR	3	0	0	0	0	0	50	1	6	0	0	0	0	0	0
Zach Ertz	TE	3	0	0	0	0	0	53	1	4	0	0	0	0	0	0
Marquise Goodwin	WR	3	0	0	0	0	0	0	0	0	0	0	0	0	0	0
Kenny Stills	WR	3	0	0	0	0	0	17	0	1	0	0	0	0	0	0
Ryan Griffin	TE	3	0	0	0	0	0	5	0	1	0	0	0	0	0	0
Demetrius Harris	TE	3	0	0	0	0	0	0	0	0	0	0	0	0	0	0
Jack Doyle	TE	3	0	0	0	0	0	10	0	1	0	0	0	0	0	0
Keenan Allen	WR	3	0	0	0	0	0	50	1	8	0	0	0	0	0	0
Rex Burkhead	RB	3	0	0	0	0	0	5	0	1	0	0	0	0	0	0
Robert Woods	WR	3	0	0	0	5	0	33	0	3	0	0	0	0	0	0
Giovani Bernard	RB	3	0	0	0	0	0	51	1	9	0	0	0	0	0	0
Travis Kelce	TE	3	0	0	0	0	0	104	0	7	0	0	0	0	0	0
Latavius Murray	RB	3	0	0	0	28	0	0	0	0	0	0	0	0	0	0
DeAndre Hopkins	WR	3	0	0	0	0	0	21	0	3	0	0	0	0	0	0
Cordarrelle Patterson	RB	3	0	0	0	20	0	82	0	6	0	0	0	0	0	0
Damien Williams	RB	3	0	0	0	0	0	0	0	0	0	0	0	0	0	0
Carlos Hyde	RB	3	0	0	0	44	0	0	0	0	0	0	0	0	0	0
James White	RB	3	0	0	0	6	0	0	0	0	0	0	0	0	0	0
Odell Beckham Jr.	WR	3	0	0	0	10	0	77	0	5	0	0	0	0	0	0
Brandin Cooks	WR	3	0	0	0	5	0	112	0	9	0	0	0	0	0	0
Teddy Bridgewater	QB	3	235	0	0	24	0	0	0	0	0	0	0	0	0	0
Logan Thomas	TE	3	0	0	0	0	0	42	1	4	0	0	1	0	0	0
Cameron Brate	TE	3	0	0	0	0	0	35	0	4	0	0	0	0	0	0
Derek Carr	QB	3	386	2	1	-2	0	0	0	0	0	0	0	0	0	0
Devonta Freeman	RB	3	0	0	0	8	0	0	0	0	0	0	0	0	0	0
Diontae Spencer	WR	3	0	0	0	0	0	-3	0	1	0	0	0	0	0	0
Sammy Watkins	WR	3	0	0	0	0	0	68	0	4	0	0	0	0	0	0
Jimmy Garoppolo	QB	3	257	2	1	4	0	0	0	0	1	0	0	0	0	0
Davante Adams	WR	3	0	0	0	0	0	132	1	12	0	0	0	0	0	0
Eric Ebron	TE	3	0	0	0	0	0	0	0	0	0	0	0	0	0	0
Mike Evans	WR	3	0	0	0	0	0	106	0	8	0	0	0	0	0	0
Allen Robinson	WR	3	0	0	0	0	0	27	0	2	0	0	0	0	0	0
Chris Manhertz	TE	3	0	0	0	0	0	0	0	0	0	0	0	0	0	0
Jameis Winston	QB	3	128	2	0	4	0	0	0	0	0	0	0	0	0	0
Amari Cooper	WR	3	0	0	0	0	0	26	0	3	0	0	0	0	0	0
DeVante Parker	WR	3	0	0	0	0	0	42	0	4	0	0	0	0	0	0
Nelson Agholor	WR	3	0	0	0	0	0	17	0	2	0	0	0	0	0	0
Maxx Williams	TE	3	0	0	0	0	0	19	0	3	0	0	0	0	0	0
MyCole Pruitt	TE	3	0	0	0	0	0	7	0	1	0	0	0	0	0	0
Stefon Diggs	WR	3	0	0	0	0	0	62	0	6	0	0	0	0	0	0
Darren Waller	TE	3	0	0	0	0	0	54	0	5	0	0	0	0	0	0
DeAndre Carter	WR	3	0	0	0	0	0	0	0	0	0	0	0	0	0	0
Taylor Heinicke	QB	3	212	2	2	21	1	-2	0	1	0	0	0	0	0	0
Malcolm Brown	RB	3	0	0	0	31	1	0	0	0	0	0	0	0	0	0
Adam Humphries	WR	3	0	0	0	0	0	7	0	1	0	0	0	0	0	0
Blake Bell	TE	3	0	0	0	0	0	6	0	1	0	0	0	0	0	0
Mike Davis	RB	3	0	0	0	50	0	20	0	4	0	0	0	0	0	0
Ameer Abdullah	RB	3	0	0	0	24	0	0	0	0	0	0	0	0	0	0
Chris Conley	WR	3	0	0	0	0	0	0	0	0	0	0	0	0	0	0
C.J. Uzomah	TE	3	0	0	0	0	0	0	0	0	0	0	0	0	0	0
Jesse James	TE	3	0	0	0	0	0	0	0	0	0	0	0	0	0	0
Geoff Swaim	TE	3	0	0	0	0	0	27	0	3	0	0	0	0	0	0
Melvin Gordon	RB	3	0	0	0	60	1	21	0	1	0	0	0	0	0	0
David Johnson	RB	3	0	0	0	11	0	0	0	0	0	0	0	0	0	0
Ty Montgomery	WR	3	0	0	0	0	0	0	0	0	0	0	0	0	0	0
Phillip Dorsett	WR	3	0	0	0	0	0	0	0	0	0	0	0	0	0	0
Tyler Lockett	WR	3	0	0	0	0	0	31	0	4	0	0	0	0	0	0
Tyler Kroft	TE	3	0	0	0	0	0	12	0	2	0	0	0	0	0	0
Chester Rogers	WR	3	0	0	0	0	0	6	1	1	0	0	0	0	0	0
Sterling Shepard	WR	3	0	0	0	0	0	16	0	2	0	0	0	0	0	0
Austin Hooper	TE	3	0	0	0	0	0	19	1	2	0	0	0	0	0	0
Chris Moore	WR	3	0	0	0	0	0	0	0	0	0	0	0	0	0	0
Alex Collins	RB	3	0	0	0	8	0	0	0	0	0	0	0	0	0	0
Kalif Raymond	WR	3	0	0	0	0	0	68	0	6	0	0	0	0	0	0
Alex Erickson	WR	3	0	0	0	0	0	25	0	1	0	0	0	0	0	0
J.D. McKissic	RB	3	0	0	0	23	0	15	0	2	0	0	0	0	0	0
Robbie Chosen	WR	3	0	0	0	0	0	8	0	1	0	0	0	0	0	0
Peyton Barber	RB	3	0	0	0	111	1	31	0	3	0	0	0	0	0	0
Derrick Henry	RB	3	0	0	0	113	0	31	0	3	0	0	0	0	1	0
Demarcus Robinson	WR	3	0	0	0	0	0	17	0	2	0	0	0	0	0	0
Tajae Sharpe	WR	3	0	0	0	0	0	6	0	1	0	0	0	0	0	0
Jakeem Grant	WR	3	0	0	0	0	0	0	0	0	0	0	0	0	0	0
Carson Wentz	QB	3	194	0	0	0	0	0	0	0	0	0	0	0	0	0
Rashard Higgins	WR	3	0	0	0	0	0	24	0	2	0	0	0	0	0	0
Tyler Boyd	WR	3	0	0	0	0	0	36	1	4	0	0	0	0	0	0
Tyreek Hill	WR	3	0	0	0	11	0	56	0	5	0	0	1	0	0	0
Ezekiel Elliott	RB	3	0	0	0	95	2	21	0	3	0	0	0	0	0	0
Dak Prescott	QB	3	238	3	0	6	0	0	0	0	1	0	0	0	0	0
Hunter Henry	TE	3	0	0	0	0	0	36	0	5	0	0	0	0	0	0
Jared Goff	QB	3	217	0	0	4	0	0	0	0	0	0	0	0	0	0
Tyler Higbee	TE	3	0	0	0	0	0	40	1	5	0	0	0	0	0	0
Mike Thomas	WR	3	0	0	0	0	0	19	0	1	0	0	0	0	0	0
Kenyan Drake	RB	3	0	0	0	24	0	33	0	3	0	0	0	0	0	0
Jacoby Brissett	QB	3	215	0	0	37	1	0	0	0	0	0	0	1	0	0
Will Fuller	WR	3	0	0	0	0	0	20	0	3	0	0	0	0	0	1
Mo Alie-Cox	TE	3	0	0	0	0	0	14	0	2	0	0	0	0	0	0
Johnny Mundt	TE	3	0	0	0	0	0	0	0	0	0	0	0	0	0	0
Zach Pascal	WR	3	0	0	0	0	0	31	0	2	0	0	0	0	0	0
Darrell Daniels	TE	3	0	0	0	0	0	0	0	0	0	0	0	0	0	0
Christian McCaffrey	RB	3	0	0	0	31	0	9	0	2	0	0	0	0	0	0
George Kittle	TE	3	0	0	0	9	0	92	0	7	0	0	0	0	0	0
Aaron Jones	RB	3	0	0	0	82	1	14	0	2	0	0	0	0	0	0
Alex Armah	RB	3	0	0	0	5	0	0	0	0	0	0	0	0	0	0
Kendrick Bourne	WR	3	0	0	0	0	0	96	1	6	0	0	0	0	0	0
Taysom Hill	TE	3	0	0	0	32	1	0	0	0	0	0	0	0	0	0
C.J. Board	WR	3	0	0	0	0	0	38	0	1	0	0	0	0	0	0
Tim Patrick	WR	3	0	0	0	0	0	98	0	5	0	0	0	0	0	0
Patrick Ricard	RB	3	0	0	0	0	0	0	0	0	0	0	0	0	0	0
Jacob Hollister	TE	3	0	0	0	0	0	15	0	2	0	0	0	0	0	0
Pharaoh Brown	TE	3	0	0	0	0	0	0	0	0	0	0	0	0	0	0
Isaiah McKenzie	WR	3	0	0	0	8	0	0	0	0	0	0	0	0	0	0
Marcus Kemp	WR	3	0	0	0	0	0	0	0	0	0	0	0	0	0	0
Samaje Perine	RB	3	0	0	0	-1	0	8	0	1	0	0	0	0	0	0
Mike Williams	WR	3	0	0	0	0	0	122	2	7	0	0	0	0	0	1
James Conner	RB	3	0	0	0	43	2	10	0	1	0	0	0	0	0	0
Jamal Agnew	WR	3	0	0	0	0	0	0	0	0	0	0	0	0	0	0
Eric Saubert	TE	3	0	0	0	0	0	0	0	0	0	0	0	0	0	0
Noah Brown	WR	3	0	0	0	0	0	9	0	1	0	0	0	0	0	0
Chris Carson	RB	3	0	0	0	80	1	2	0	2	0	0	0	0	0	0
Blake Jarwin	TE	3	0	0	0	0	0	14	0	2	0	0	0	0	0	0
Keelan Cole	WR	3	0	0	0	0	0	30	0	2	0	0	0	0	0	0
Austin Ekeler	RB	3	0	0	0	55	0	52	1	6	0	0	0	0	0	0
Corey Clement	RB	3	0	0	0	0	0	0	0	0	0	0	0	0	0	0
Greg Ward	WR	3	0	0	0	0	0	15	1	1	0	0	0	0	0	0
Robert Tonyan	TE	3	0	0	0	0	0	6	0	1	0	0	0	0	0	0
Dede Westbrook	WR	3	0	0	0	0	0	0	0	0	0	0	0	0	0	0
Leonard Fournette	RB	3	0	0	0	8	0	26	0	3	0	0	0	0	0	0
JuJu Smith-Schuster	WR	3	0	0	0	0	0	25	0	3	0	0	0	0	0	0
Jonnu Smith	TE	3	0	0	0	0	0	4	0	1	0	0	0	0	0	0
Mitchell Trubisky	QB	3	1	0	0	19	0	0	0	0	0	0	0	0	0	0
Corey Davis	WR	3	0	0	0	0	0	41	0	5	0	0	0	0	0	0
Patrick Mahomes	QB	3	260	3	2	45	0	0	0	0	0	0	0	0	0	0
O.J. Howard	TE	3	0	0	0	0	0	11	0	1	0	0	0	0	0	0
Evan Engram	TE	3	0	0	0	0	0	21	0	2	0	0	1	0	0	0
Zay Jones	WR	3	0	0	0	0	0	15	0	1	0	0	0	0	0	0
Gerald Everett	TE	3	0	0	0	0	0	54	0	5	0	0	0	0	0	0
Joe Mixon	RB	3	0	0	0	90	0	4	0	1	0	0	0	0	0	0
Alvin Kamara	RB	3	0	0	0	89	0	29	1	3	0	0	0	0	0	0
Cooper Kupp	WR	3	0	0	0	0	0	96	2	9	0	0	0	0	0	0
Chris Godwin Jr.	WR	3	0	0	0	2	1	74	0	6	0	0	0	0	0	0
Kareem Hunt	RB	3	0	0	0	81	1	74	0	6	0	0	0	0	0	0
Kenny Golladay	WR	3	0	0	0	0	0	64	0	4	0	0	0	0	0	0
Jamaal Williams	RB	3	0	0	0	42	1	25	0	2	0	0	0	0	0	0
Jeremy McNichols	RB	3	0	0	0	6	0	10	1	1	0	0	0	0	0	0
Dan Arnold	TE	3	0	0	0	0	0	23	0	2	0	0	0	0	0	0
Brandon Zylstra	WR	3	0	0	0	0	0	0	0	0	0	0	0	0	0	0
Cam Sims	WR	3	0	0	0	7	0	15	0	1	0	0	0	0	0	0
Phillip Lindsay	RB	3	0	0	0	5	0	0	0	0	0	0	0	0	0	0
Christian Blake	WR	3	0	0	0	0	0	0	0	0	0	0	0	0	0	0
Will Dissly	TE	3	0	0	0	0	0	39	0	1	0	0	0	0	0	0
Trenton Cannon	RB	3	0	0	0	0	0	0	0	0	0	0	0	0	0	0
Tyler Conklin	TE	3	0	0	0	0	0	70	1	7	0	0	0	0	0	0
Marquez Valdes-Scantling	WR	3	0	0	0	0	0	59	1	3	0	0	0	0	0	0
Byron Pringle	WR	3	0	0	0	0	0	12	0	2	0	0	0	0	0	0
Darrel Williams	RB	3	0	0	0	28	0	11	0	2	0	0	0	0	0	0
Courtland Sutton	WR	3	0	0	0	0	0	37	0	5	0	0	0	0	0	0
Dallas Goedert	TE	3	0	0	0	0	0	66	0	2	0	0	0	0	0	0
Anthony Miller	WR	3	0	0	0	0	0	20	1	4	0	0	0	0	0	0
Jordan Akins	TE	3	0	0	0	0	0	32	0	4	0	0	0	0	0	0
Nyheim Hines	RB	3	0	0	0	25	1	54	0	5	0	0	0	0	0	0
Dalton Schultz	TE	3	0	0	0	0	0	80	2	6	0	0	0	0	0	0
Jordan Wilkins	RB	3	0	0	0	0	0	0	0	0	0	0	0	0	0	0
Ray-Ray McCloud	WR	3	0	0	0	0	0	33	0	3	0	0	0	0	0	0
Boston Scott	RB	3	0	0	0	0	0	5	0	2	0	0	0	0	0	0
Cedrick Wilson Jr.	WR	3	0	0	0	0	0	17	1	2	0	0	0	0	0	0
Braxton Berrios	WR	3	0	0	0	0	0	26	0	2	0	0	0	0	0	0
Justin Jackson	RB	3	0	0	0	0	0	0	0	0	0	0	0	0	0	0
Allen Lazard	WR	3	0	0	0	0	0	42	0	1	0	0	0	0	0	0
Cameron Batson	WR	3	0	0	0	0	0	13	0	1	0	0	0	0	0	0
James Washington	WR	3	0	0	0	0	0	20	0	3	0	0	0	0	0	0
Chase Edmonds	RB	3	0	0	0	26	0	49	0	7	0	0	0	0	0	0
Auden Tate	WR	3	0	0	0	0	0	14	0	1	0	0	0	0	0	0
Mark Andrews	TE	3	0	0	0	0	0	109	0	5	0	0	0	0	0	0
Christian Kirk	WR	3	0	0	0	0	0	104	0	7	0	0	0	0	0	0
DJ Chark	WR	3	0	0	0	0	0	49	1	3	0	0	0	0	0	0
Nick Chubb	RB	3	0	0	0	84	0	0	0	0	0	0	0	0	0	0
Lamar Jackson	QB	3	287	1	1	58	0	0	0	0	0	0	0	0	0	0
Durham Smythe	TE	3	0	0	0	0	0	0	0	0	0	0	0	0	0	0
Ronald Jones	RB	3	0	0	0	11	0	0	0	0	0	0	0	0	0	0
DJ Moore	WR	3	0	0	0	-1	0	126	0	8	0	0	0	0	0	0
Mike Gesicki	TE	3	0	0	0	0	0	86	0	10	0	0	0	0	0	0
Hayden Hurst	TE	3	0	0	0	0	0	0	0	0	0	0	0	0	0	0
Calvin Ridley	WR	3	0	0	0	0	0	61	0	8	0	0	0	0	0	0
Royce Freeman	RB	3	0	0	0	17	0	8	0	1	0	0	0	0	0	0
Saquon Barkley	RB	3	0	0	0	51	1	43	0	6	0	0	0	0	0	0
Sony Michel	RB	3	0	0	0	67	0	12	0	3	0	0	0	0	0	0
KhaDarel Hodge	WR	3	0	0	0	0	0	9	0	1	0	0	0	0	0	0
Baker Mayfield	QB	3	246	1	0	31	0	0	0	0	0	0	0	0	0	0
Josh Allen	QB	3	358	4	0	9	1	0	0	0	0	0	0	0	0	0
Sam Darnold	QB	3	304	0	0	11	2	0	0	0	0	0	0	0	0	0
Trinity Benson	WR	3	0	0	0	0	0	0	0	0	0	0	0	0	0	0
Jakobi Meyers	WR	3	0	0	0	0	0	94	0	9	0	0	0	0	0	0
Alexander Mattison	RB	3	0	0	0	112	0	59	0	6	0	0	0	0	0	0
Foster Moreau	TE	3	0	0	0	0	0	8	0	1	0	0	0	0	0	0
Hunter Renfrow	WR	3	0	0	0	0	0	77	1	5	0	0	0	0	0	0
Kaden Smith	TE	3	0	0	0	0	0	9	0	1	0	0	0	0	0	0
Ashton Dulin	WR	3	0	0	0	-7	0	0	0	0	0	0	0	0	0	0
Penny Hart	WR	3	0	0	0	0	0	7	0	1	0	0	0	0	0	0
Mecole Hardman	WR	3	0	0	0	2	0	33	1	3	0	0	0	0	0	0
Olamide Zaccheaus	WR	3	0	0	0	0	0	32	1	3	0	0	0	0	0	0
Deonte Harty	WR	3	0	0	0	0	0	31	0	3	0	0	0	0	0	0
Kyler Murray	QB	3	316	0	1	19	1	0	0	0	0	0	0	0	0	0
T.J. Hockenson	TE	3	0	0	0	0	0	10	0	2	0	0	0	0	0	0
Miles Sanders	RB	3	0	0	0	27	0	28	0	3	0	0	0	0	0	0
Josh Oliver	TE	3	0	0	0	0	0	6	0	1	0	0	0	0	0	0
Devin Singletary	RB	3	0	0	0	26	0	0	0	1	0	0	0	0	0	0
Tony Pollard	RB	3	0	0	0	60	0	5	0	1	0	0	0	0	0	0
Scott Miller	WR	3	0	0	0	0	0	11	0	2	0	0	0	0	0	0
Cullen Gillaspia	RB	3	0	0	0	0	0	0	0	0	0	0	0	0	0	0
Tommy Sweeney	TE	3	0	0	0	0	0	2	0	2	0	0	0	0	0	0
Myles Gaskin	RB	3	0	0	0	65	0	9	0	3	0	0	0	0	0	0
Donald Parham	TE	3	0	0	0	0	0	19	0	1	0	0	0	0	0	0
Jalen Guyton	WR	3	0	0	0	3	0	0	0	0	0	0	0	0	0	0
Damarea Crockett	RB	3	0	0	0	7	0	0	0	0	0	0	0	0	0	0
Jeff Smith	WR	3	0	0	0	0	0	13	0	1	0	0	0	0	0	0
Darius Slayton	WR	3	0	0	0	0	0	8	0	1	0	0	0	0	0	0
Ty Johnson	RB	3	0	0	0	17	0	6	0	1	0	0	0	0	0	0
Joseph Fortson	TE	3	0	0	0	0	0	7	1	2	0	0	0	0	0	0
Travis Homer	RB	3	0	0	0	0	0	48	0	3	0	0	0	0	0	0
Nsimba Webster	WR	3	0	0	0	0	0	0	0	0	0	0	0	0	0	0
D'Ernest Johnson	RB	3	0	0	0	9	0	0	0	0	0	0	0	0	0	0
Drew Sample	TE	3	0	0	0	0	0	0	0	0	0	0	0	0	0	0
Parris Campbell	WR	3	0	0	0	0	0	9	0	2	0	0	0	0	0	0
DK Metcalf	WR	3	0	0	0	0	0	107	1	6	0	0	0	0	0	0
Noah Fant	TE	3	0	0	0	0	0	15	0	2	0	0	0	0	0	0
Gunner Olszewski	WR	3	0	0	0	0	0	0	0	0	0	0	0	0	0	0
Damien Harris	RB	3	0	0	0	14	0	-3	0	2	0	0	0	0	0	0
Terry McLaurin	WR	3	0	0	0	0	0	62	0	4	0	0	0	0	0	0
Marquise Brown	WR	3	0	0	0	0	0	53	0	3	0	0	0	0	0	0
A.J. Brown	WR	3	0	0	0	3	0	0	0	0	0	0	0	0	0	0
David Montgomery	RB	3	0	0	0	34	0	21	0	2	0	0	0	0	0	0
Dawson Knox	TE	3	0	0	0	0	0	49	1	4	0	0	0	0	0	0
Daniel Jones	QB	3	266	0	0	39	0	0	0	0	0	0	0	0	1	0
Deebo Samuel Sr.	WR	3	0	0	0	0	0	52	0	5	0	0	0	0	0	0
James Robinson	RB	3	0	0	0	88	1	46	0	6	0	0	0	0	0	0
Tony Jones	RB	3	0	0	0	12	0	10	0	2	0	0	0	0	0	0
Cody White	WR	3	0	0	0	0	0	17	0	2	0	0	0	0	0	0
Juwan Johnson	TE	3	0	0	0	0	0	0	0	0	0	0	0	0	0	0
J.J. Taylor	RB	3	0	0	0	2	0	3	0	2	0	0	0	0	0	0
James Proche	WR	3	0	0	0	0	0	29	0	1	0	0	0	0	0	0
Tommy Hudson	TE	3	0	0	0	0	0	3	0	1	0	0	0	0	0	0
Nick Westbrook-Ikhine	WR	3	0	0	0	0	0	53	1	4	0	0	1	0	0	0
Reggie Gilliam	RB	3	0	0	0	0	0	0	0	0	0	0	0	0	0	0
Gabe Davis	WR	3	0	0	0	0	0	23	0	1	0	0	0	0	0	0
Marquez Callaway	WR	3	0	0	0	0	0	41	1	4	0	0	0	0	0	0
Jonathan Taylor	RB	3	0	0	0	64	0	8	0	1	0	0	0	0	0	0
Harrison Bryant	TE	3	0	0	0	0	0	0	0	0	0	0	0	0	0	0
Donovan Peoples-Jones	WR	3	0	0	0	0	0	39	0	2	0	0	0	0	0	0
Freddie Swain	WR	3	0	0	0	11	0	10	0	1	0	0	0	0	0	0
Zack Moss	RB	3	0	0	0	60	0	31	1	3	0	0	0	0	0	0
Michael Pittman	WR	3	0	0	0	5	0	68	0	6	0	0	0	0	0	0
Collin Johnson	WR	3	0	0	0	0	0	51	0	5	0	0	0	0	0	0
Brandon Aiyuk	WR	3	0	0	0	8	0	37	1	4	0	0	0	0	0	0
AJ Dillon	RB	3	0	0	0	18	0	8	0	2	0	0	0	0	0	0
Laviska Shenault Jr.	WR	3	0	0	0	0	0	48	0	4	0	0	0	0	0	0
Quez Watkins	WR	3	0	0	0	0	0	46	0	2	0	0	0	0	0	0
D'Andre Swift	RB	3	0	0	0	47	1	60	0	7	0	0	0	0	0	0
Quintez Cephus	WR	3	0	0	0	0	0	8	0	1	0	0	0	0	0	0
Cole Kmet	TE	3	0	0	0	0	0	11	0	1	0	0	0	0	0	0
Darnell Mooney	WR	3	0	0	0	0	0	9	0	1	0	0	0	0	0	0
Justin Jefferson	WR	3	0	0	0	0	0	118	1	9	0	0	0	0	0	0
Chase Claypool	WR	3	0	0	0	0	0	96	0	9	0	0	0	0	0	0
Antonio Gibson	RB	3	0	0	0	31	0	73	1	1	0	0	0	0	0	0
Devin Duvernay	WR	3	0	0	0	0	0	22	1	2	0	0	0	0	0	0
Josiah Deguara	TE	3	0	0	0	0	0	4	0	1	0	0	0	0	0	0
K.J. Osborn	WR	3	0	0	0	0	0	26	0	2	0	0	0	0	0	0
Justin Herbert	QB	3	281	4	0	16	0	0	0	0	0	0	0	1	0	0
Henry Ruggs III	WR	3	0	0	0	7	0	78	0	4	0	0	0	0	0	0
CeeDee Lamb	WR	3	0	0	0	-1	0	66	0	3	0	0	0	0	0	0
Clyde Edwards-Helaire	RB	3	0	0	0	100	0	9	1	2	0	1	0	0	0	0
Bryan Edwards	WR	3	0	0	0	0	0	89	0	3	0	0	0	0	0	0
K.J. Hill	WR	3	0	0	0	0	0	0	0	0	0	0	0	0	0	0
Jalen Reagor	WR	3	0	0	0	0	0	53	0	5	0	0	0	0	0	0
Jalen Hurts	QB	3	326	2	2	35	0	0	0	0	0	0	0	0	0	0
KJ Hamler	WR	3	0	0	0	0	0	28	0	1	0	0	0	0	0	0
Van Jefferson	WR	3	0	0	0	0	0	42	0	4	0	0	0	0	0	0
Adam Trautman	TE	3	0	0	0	0	0	0	0	0	0	0	0	0	0	0
Albert Okwuegbunam	TE	3	0	0	0	0	0	6	0	1	0	0	0	0	0	0
DeeJay Dallas	RB	3	0	0	0	0	0	0	0	0	0	0	0	0	0	0
Tyler Johnson	WR	3	0	0	0	0	0	63	0	3	0	0	0	0	0	0
Joe Burrow	QB	3	172	3	1	7	0	0	0	0	0	0	0	0	0	0
Ty'Son Williams	RB	3	0	0	0	22	0	0	0	0	0	0	0	0	0	0
Chuba Hubbard	RB	3	0	0	0	52	0	27	0	3	0	0	0	0	0	0
Gary Brightwell	RB	3	0	0	0	4	0	0	0	0	0	0	0	0	0	0
Jaylen Waddle	WR	3	0	0	0	0	0	58	0	12	0	0	0	0	0	0
Dyami Brown	WR	3	0	0	0	-4	0	0	0	0	0	0	0	0	0	0
John Bates	TE	3	0	0	0	0	0	0	0	0	0	0	0	0	0	0
Ihmir Smith-Marsette	WR	3	0	0	0	0	0	0	0	0	0	0	0	0	0	0
Noah Gray	TE	3	0	0	0	0	0	5	0	1	0	0	0	0	0	0
Larry Rountree III	RB	3	0	0	0	3	0	0	0	0	0	0	0	0	0	0
Racey McMath	WR	3	0	0	0	0	0	0	0	0	0	0	0	0	0	0
Demetric Felton	RB	3	0	0	0	0	0	13	0	2	0	0	0	0	0	0
Kylin Hill	RB	3	0	0	0	0	0	0	0	0	0	0	0	0	0	0
Mekhi Sargent	RB	3	0	0	0	2	0	0	0	0	0	0	0	0	0	0
Tutu Atwell	WR	3	0	0	0	0	0	0	0	0	0	0	0	0	0	0
Chris Evans	RB	3	0	0	0	0	0	26	0	2	0	0	0	0	0	0
Jake Funk	RB	3	0	0	0	6	0	0	0	0	0	0	0	0	0	0
Ben Skowronek	WR	3	0	0	0	0	0	0	0	0	0	0	0	0	0	0
Jaelon Darden	WR	3	0	0	0	0	0	0	0	1	0	0	0	0	0	0
Luke Farrell	TE	3	0	0	0	0	0	-1	0	1	0	0	0	0	0	0
Najee Harris	RB	3	0	0	0	40	0	102	0	14	0	0	0	0	0	0
Pat Freiermuth	TE	3	0	0	0	0	0	22	1	3	0	0	0	0	0	0
Davis Mills	QB	3	168	1	0	0	0	0	0	0	0	0	0	0	0	0
Ja'Marr Chase	WR	3	0	0	0	0	0	65	2	4	0	0	0	0	0	0
Khalil Herbert	RB	3	0	0	0	0	0	0	0	0	0	0	0	0	0	0
DeVonta Smith	WR	3	0	0	0	0	0	28	0	3	0	0	0	0	0	0
Kadarius Toney	WR	3	0	0	0	0	0	16	0	2	0	0	0	0	0	0
Kenny Gainwell	RB	3	0	0	0	2	0	32	0	3	0	0	0	0	0	0
Michael Carter	RB	3	0	0	0	24	0	5	0	2	0	0	0	0	0	0
Rondale Moore	WR	3	0	0	0	3	0	1	0	2	0	0	0	0	0	0
Justin Fields	QB	3	68	0	0	12	0	0	0	0	0	0	0	0	0	0
Avery Williams	RB	3	0	0	0	0	0	0	0	0	0	0	0	0	0	0
Terrace Marshall Jr.	WR	3	0	0	0	0	0	48	0	4	0	0	0	0	0	0
Amon-Ra St. Brown	WR	3	0	0	0	0	0	2	0	1	0	0	0	0	0	0
Kyle Pitts	TE	3	0	0	0	0	0	35	0	2	0	0	0	0	0	0
Trevor Lawrence	QB	3	219	1	2	27	0	0	0	0	2	0	0	0	0	0
Mac Jones	QB	3	270	1	3	28	0	0	0	0	0	0	0	0	0	0
Elijah Moore	WR	3	0	0	0	0	0	22	0	3	0	0	0	0	0	0
Trey Sermon	RB	3	0	0	0	31	1	3	0	2	0	0	0	0	0	0
Amari Rodgers	WR	3	0	0	0	0	0	0	0	0	0	0	0	0	0	0
Javonte Williams	RB	3	0	0	0	29	1	33	0	3	0	1	0	0	0	0
Anthony Schwartz	WR	3	0	0	0	0	0	0	0	0	0	0	0	0	0	0
Tommy Tremble	TE	3	0	0	0	7	1	30	0	1	0	0	0	0	0	0
Trey Lance	QB	3	0	0	0	1	1	0	0	0	0	0	0	0	0	0
Zach Wilson	QB	3	160	0	2	2	0	0	0	0	0	0	0	0	0	0
Tom Brady	QB	4	269	0	0	3	0	0	0	0	0	0	0	0	0	0
Ben Roethlisberger	QB	4	232	1	1	0	0	0	0	0	1	0	0	0	0	0
Aaron Rodgers	QB	4	248	2	0	2	1	0	0	0	0	0	0	0	0	0
Marcedes Lewis	TE	4	0	0	0	0	0	7	0	1	0	0	0	0	0	0
Matt Ryan	QB	4	283	4	0	17	0	0	0	0	0	0	0	0	0	0
DeSean Jackson	WR	4	0	0	0	0	0	6	0	1	0	0	0	0	0	0
Matthew Slater	WR	4	0	0	0	0	0	0	0	0	0	0	0	0	0	0
Matthew Stafford	QB	4	280	2	1	21	0	0	0	0	0	0	0	0	0	0
Jared Cook	TE	4	0	0	0	0	0	70	1	6	0	0	0	0	0	0
Emmanuel Sanders	WR	4	0	0	0	7	0	74	0	5	0	0	0	0	0	0
Colt McCoy	QB	4	0	0	0	-2	0	0	0	0	0	0	0	0	0	0
Andre Roberts	WR	4	0	0	0	0	0	0	0	0	0	0	0	0	0	0
Antonio Brown	WR	4	0	0	0	0	0	63	0	7	0	0	0	0	0	0
A.J. Green	WR	4	0	0	0	0	0	67	1	5	0	0	0	0	0	0
Mark Ingram	RB	4	0	0	0	24	0	0	0	0	0	0	0	0	0	0
Kyle Rudolph	TE	4	0	0	0	0	0	24	0	2	0	0	0	0	0	0
Randall Cobb	WR	4	0	0	0	0	0	69	2	5	0	0	0	0	0	0
Chris Hogan	WR	4	0	0	0	0	0	15	0	2	0	0	0	0	0	0
Cole Beasley	WR	4	0	0	0	0	0	16	0	2	0	0	0	0	0	0
Brandon Bolden	RB	4	0	0	0	0	0	51	0	6	0	0	0	0	0	0
Russell Wilson	QB	4	149	2	0	26	1	0	0	0	0	0	0	0	0	0
Marvin Jones	WR	4	0	0	0	0	0	24	0	3	0	0	0	0	0	0
Kirk Cousins	QB	4	203	1	1	0	0	0	0	0	0	0	0	0	0	0
Mohamed Sanu	WR	4	0	0	0	0	0	35	0	4	0	0	0	0	0	0
Ryan Tannehill	QB	4	298	1	0	9	0	0	0	0	0	0	0	1	0	0
Adam Thielen	WR	4	0	0	0	0	0	46	0	3	0	0	0	0	0	0
Zach Ertz	TE	4	0	0	0	0	0	60	0	6	0	0	0	0	0	0
Marquise Goodwin	WR	4	0	0	0	1	0	0	0	0	0	0	0	0	0	0
Kenny Stills	WR	4	0	0	0	0	0	0	0	0	0	0	0	0	0	0
Ryan Griffin	TE	4	0	0	0	0	0	8	0	1	0	0	0	0	0	0
Demetrius Harris	TE	4	0	0	0	0	0	0	0	0	0	0	0	0	0	0
Jack Doyle	TE	4	0	0	0	0	0	24	0	1	0	0	0	0	0	0
Keenan Allen	WR	4	0	0	0	0	0	36	0	7	0	0	0	0	0	0
Rex Burkhead	RB	4	0	0	0	-1	0	0	0	0	0	0	0	0	0	0
Robert Woods	WR	4	0	0	0	0	0	48	1	4	0	0	0	0	0	0
Le'Veon Bell	RB	4	0	0	0	11	0	0	0	0	0	0	0	0	0	0
Travis Kelce	TE	4	0	0	0	0	0	23	0	4	0	0	0	0	0	0
Latavius Murray	RB	4	0	0	0	59	1	0	0	0	0	0	0	0	0	0
Tavon Austin	WR	4	0	0	0	0	0	8	0	1	0	0	0	0	0	0
DeAndre Hopkins	WR	4	0	0	0	0	0	67	0	4	0	0	0	0	0	0
Cordarrelle Patterson	RB	4	0	0	0	34	0	82	3	5	0	0	0	0	0	0
Willie Snead	WR	4	0	0	0	0	0	15	0	1	0	0	0	0	0	0
Albert Wilson	WR	4	0	0	0	0	0	11	0	1	0	0	0	0	0	0
Damien Williams	RB	4	0	0	0	55	1	15	0	2	0	0	0	0	0	0
Odell Beckham Jr.	WR	4	0	0	0	4	0	27	0	2	0	0	0	0	0	0
Brandin Cooks	WR	4	0	0	0	0	0	47	0	5	0	0	0	0	0	0
Teddy Bridgewater	QB	4	65	1	0	2	0	0	0	0	0	0	0	0	0	0
Cameron Brate	TE	4	0	0	0	0	0	29	0	2	0	0	0	0	0	0
Derek Carr	QB	4	196	2	1	6	0	0	0	0	0	0	0	0	0	0
Devonta Freeman	RB	4	0	0	0	4	0	0	0	0	0	0	0	0	0	0
Diontae Spencer	WR	4	0	0	0	0	0	0	0	0	0	0	0	0	0	0
Sammy Watkins	WR	4	0	0	0	0	0	49	0	4	0	0	0	0	0	0
Jimmy Garoppolo	QB	4	165	1	1	0	0	0	0	0	0	0	0	0	0	0
Jerick McKinnon	RB	4	0	0	0	0	0	0	0	0	0	0	0	0	0	0
Davante Adams	WR	4	0	0	0	0	0	64	0	6	0	0	0	0	0	0
Eric Ebron	TE	4	0	0	0	0	0	8	0	2	0	0	0	0	0	0
Mike Evans	WR	4	0	0	0	0	0	75	0	7	0	0	0	0	0	0
Allen Robinson	WR	4	0	0	0	0	0	63	0	3	0	0	0	0	0	0
Chris Manhertz	TE	4	0	0	0	0	0	7	0	1	0	0	0	0	0	0
Jameis Winston	QB	4	226	1	0	0	0	0	0	0	0	0	0	0	0	0
Amari Cooper	WR	4	0	0	0	0	0	69	1	3	0	0	0	0	0	0
DeVante Parker	WR	4	0	0	0	0	0	77	1	4	0	0	0	0	0	0
Nelson Agholor	WR	4	0	0	0	4	0	55	0	3	0	0	0	0	0	0
Maxx Williams	TE	4	0	0	0	0	0	66	1	5	0	0	0	0	0	0
MyCole Pruitt	TE	4	0	0	0	0	0	14	0	1	0	0	0	0	0	1
Stefon Diggs	WR	4	0	0	0	0	0	114	0	7	0	0	0	0	0	0
Darren Waller	TE	4	0	0	0	0	0	50	1	4	0	0	0	0	0	0
DeAndre Carter	WR	4	0	0	0	0	0	24	0	1	0	0	0	0	0	0
Jake Kumerow	WR	4	0	0	0	0	0	0	0	0	0	0	0	0	0	0
Taylor Heinicke	QB	4	290	3	0	43	0	0	0	0	0	0	0	0	0	0
Malcolm Brown	RB	4	0	0	0	23	0	4	0	1	0	0	0	0	0	0
Jamison Crowder	WR	4	0	0	0	0	0	61	1	7	0	0	0	0	0	0
Adam Humphries	WR	4	0	0	0	0	0	19	0	1	0	0	0	0	0	0
Tevin Coleman	RB	4	0	0	0	14	0	17	0	2	0	0	0	0	0	0
Mike Davis	RB	4	0	0	0	14	0	12	1	2	0	0	0	0	0	0
Ameer Abdullah	RB	4	0	0	0	0	0	2	0	1	0	0	0	0	0	0
Chris Conley	WR	4	0	0	0	0	0	0	0	0	0	0	0	0	0	0
C.J. Uzomah	TE	4	0	0	0	0	0	95	2	5	0	0	0	0	0	0
Geoff Swaim	TE	4	0	0	0	0	0	0	0	0	0	0	0	0	0	0
Melvin Gordon	RB	4	0	0	0	56	0	11	0	2	0	0	0	0	0	0
David Johnson	RB	4	0	0	0	21	0	27	0	3	0	0	0	0	0	0
Ty Montgomery	WR	4	0	0	0	7	0	42	0	3	0	0	0	0	0	0
Tyler Lockett	WR	4	0	0	0	0	0	24	0	4	0	0	0	0	0	0
Tyler Kroft	TE	4	0	0	0	0	0	0	0	0	0	0	0	0	0	0
Chester Rogers	WR	4	0	0	0	0	0	63	0	5	0	0	0	0	0	0
Austin Hooper	TE	4	0	0	0	0	0	11	0	1	0	0	0	0	0	0
Alex Collins	RB	4	0	0	0	44	1	34	0	2	0	0	0	0	0	0
Dwayne Washington	RB	4	0	0	0	5	0	6	0	1	0	0	0	0	0	0
Kalif Raymond	WR	4	0	0	0	0	0	46	2	3	0	0	0	0	0	0
Alex Erickson	WR	4	0	0	0	0	0	0	0	0	0	0	0	0	0	0
J.D. McKissic	RB	4	0	0	0	15	0	44	1	5	0	0	0	0	0	0
Robbie Chosen	WR	4	0	0	0	3	0	46	0	5	0	0	0	0	0	0
Stephen Anderson	TE	4	0	0	0	0	0	34	0	1	0	0	0	0	0	0
Peyton Barber	RB	4	0	0	0	0	0	0	0	0	0	0	0	0	0	0
Derrick Henry	RB	4	0	0	0	157	1	20	0	2	0	0	0	0	0	0
Tajae Sharpe	WR	4	0	0	0	0	0	15	0	2	0	0	0	0	0	0
Jakeem Grant	WR	4	0	0	0	0	0	-7	0	1	0	0	0	0	0	0
Carson Wentz	QB	4	228	2	0	8	0	0	0	0	0	0	0	0	0	0
Devontae Booker	RB	4	0	0	0	6	0	6	0	1	0	0	0	0	0	0
Rashard Higgins	WR	4	0	0	0	0	0	63	0	4	0	0	0	0	0	0
J.P. Holtz	TE	4	0	0	0	0	0	0	0	0	0	0	0	0	0	0
Jaydon Mickens	WR	4	0	0	0	0	0	0	0	0	0	0	0	0	0	0
Tyler Boyd	WR	4	0	0	0	0	0	118	0	9	0	0	0	0	0	0
Tyreek Hill	WR	4	0	0	0	0	0	186	3	11	0	0	0	0	0	0
Ezekiel Elliott	RB	4	0	0	0	143	1	0	0	0	0	0	0	0	0	0
Dak Prescott	QB	4	188	4	0	35	0	0	0	0	0	0	0	0	0	0
Hunter Henry	TE	4	0	0	0	0	0	32	1	4	0	0	0	0	0	0
Garrett Griffin	TE	4	0	0	0	0	0	0	0	0	0	0	0	0	0	0
Jared Goff	QB	4	299	2	0	8	0	0	0	0	1	1	0	0	0	0
Tyler Higbee	TE	4	0	0	0	0	0	36	0	4	0	0	0	0	0	0
Mike Thomas	WR	4	0	0	0	0	0	0	0	1	0	0	0	0	0	0
Kenyan Drake	RB	4	0	0	0	2	0	0	0	0	0	0	0	0	0	0
Jacoby Brissett	QB	4	199	2	0	8	0	0	0	0	1	0	0	0	0	0
Will Fuller	WR	4	0	0	0	0	0	6	0	1	0	0	0	0	0	0
Mo Alie-Cox	TE	4	0	0	0	0	0	42	2	3	0	0	0	0	0	0
Johnny Mundt	TE	4	0	0	0	0	0	9	0	1	0	0	0	0	0	0
Zach Pascal	WR	4	0	0	0	0	0	44	0	4	0	0	0	0	0	0
Curtis Samuel	WR	4	0	0	0	0	0	19	0	4	0	0	0	0	0	0
George Kittle	TE	4	0	0	0	0	0	40	0	4	0	0	0	0	0	0
Aaron Jones	RB	4	0	0	0	48	0	51	0	3	0	1	0	0	0	0
Alex Armah	RB	4	0	0	0	2	0	0	0	0	0	0	0	0	0	0
Kendrick Bourne	WR	4	0	0	0	0	0	58	0	5	0	0	0	0	0	0
Cethan Carter	TE	4	0	0	0	0	0	0	0	0	0	0	0	0	0	0
Taysom Hill	TE	4	9	0	1	28	2	26	0	2	0	0	0	0	0	0
C.J. Board	WR	4	0	0	0	0	0	0	0	0	0	0	0	0	0	0
Tim Patrick	WR	4	0	0	0	0	0	39	0	3	0	0	0	0	0	0
Patrick Ricard	RB	4	0	0	0	0	0	4	0	1	0	0	0	0	0	0
Jacob Hollister	TE	4	0	0	0	0	0	5	0	1	0	0	0	0	0	0
Pharaoh Brown	TE	4	0	0	0	0	0	6	0	1	0	0	0	0	0	0
Anthony Firkser	TE	4	0	0	0	0	0	23	0	3	0	0	0	0	0	0
John Ross	WR	4	0	0	0	0	0	77	1	3	0	0	0	0	0	0
Isaiah McKenzie	WR	4	0	0	0	0	0	0	0	0	0	0	0	0	0	0
Marcus Kemp	WR	4	0	0	0	0	0	0	0	0	0	0	0	0	0	0
Samaje Perine	RB	4	0	0	0	7	0	15	0	1	0	0	0	0	0	0
Jeremy Sprinkle	TE	4	0	0	0	0	0	0	0	0	0	0	0	0	0	0
Mike Williams	WR	4	0	0	0	0	0	11	0	1	0	0	0	0	0	0
James Conner	RB	4	0	0	0	50	2	16	0	2	0	0	0	0	0	0
Jamal Agnew	WR	4	0	0	0	11	0	27	0	1	0	0	0	0	0	0
Eric Saubert	TE	4	0	0	0	0	0	0	0	0	0	0	0	0	0	0
Chris Carson	RB	4	0	0	0	30	0	1	0	1	0	0	0	0	0	0
Ricky Seals-Jones	TE	4	0	0	0	0	0	19	0	2	0	0	0	0	0	0
Blake Jarwin	TE	4	0	0	0	0	0	18	1	1	0	0	0	0	0	0
Keelan Cole	WR	4	0	0	0	0	0	92	0	3	0	0	0	0	0	0
Austin Ekeler	RB	4	0	0	0	117	1	28	1	3	0	0	0	0	0	0
Colin Thompson	TE	4	0	0	0	0	0	0	0	0	0	0	0	0	0	0
Greg Ward	WR	4	0	0	0	0	0	15	1	1	0	0	0	0	0	0
Robert Tonyan	TE	4	0	0	0	0	0	8	0	2	0	0	0	0	0	0
Dede Westbrook	WR	4	0	0	0	0	0	17	0	1	0	0	0	0	0	0
Dare Ogunbowale	RB	4	0	0	0	3	0	0	0	0	0	0	0	0	0	0
Leonard Fournette	RB	4	0	0	0	92	0	47	0	3	0	0	0	0	0	0
JuJu Smith-Schuster	WR	4	0	0	0	0	0	11	0	2	0	0	0	0	0	0
Jonnu Smith	TE	4	0	0	0	0	0	14	1	3	0	0	0	0	0	0
Mitchell Trubisky	QB	4	8	0	0	10	1	0	0	0	0	0	0	0	0	0
Corey Davis	WR	4	0	0	0	0	0	111	1	4	0	0	0	0	0	0
Patrick Mahomes	QB	4	278	5	1	26	0	0	0	0	0	0	0	0	0	0
O.J. Howard	TE	4	0	0	0	0	0	0	0	0	0	0	0	0	0	0
Evan Engram	TE	4	0	0	0	-3	0	27	0	5	0	0	0	0	0	0
David Njoku	TE	4	0	0	0	0	0	17	0	2	0	0	0	0	0	0
Zay Jones	WR	4	0	0	0	0	0	5	0	1	0	0	0	0	0	0
Dalvin Cook	RB	4	0	0	0	34	0	10	0	2	0	0	0	0	0	0
Adam Shaheen	TE	4	0	0	0	0	0	0	0	0	0	0	0	0	0	0
Joe Mixon	RB	4	0	0	0	67	1	0	0	1	0	0	0	0	0	0
Alvin Kamara	RB	4	0	0	0	120	0	0	0	0	0	0	0	0	0	0
Cooper Kupp	WR	4	0	0	0	0	0	64	0	5	0	0	0	0	0	0
Chris Godwin Jr.	WR	4	0	0	0	0	0	55	0	3	0	0	0	0	0	0
Kareem Hunt	RB	4	0	0	0	69	1	17	0	2	0	0	0	0	0	0
Kenny Golladay	WR	4	0	0	0	0	0	116	0	6	0	0	0	0	0	0
Josh Reynolds	WR	4	0	0	0	0	0	59	0	6	0	0	0	0	0	0
Jamaal Williams	RB	4	0	0	0	66	0	0	0	0	0	0	0	0	0	0
Wayne Gallman	RB	4	0	0	0	29	0	0	0	0	0	0	0	0	0	0
Marlon Mack	RB	4	0	0	0	22	0	1	0	1	0	0	0	0	0	0
Jeremy McNichols	RB	4	0	0	0	11	0	74	0	8	0	0	0	0	0	0
Dan Arnold	TE	4	0	0	0	0	0	29	0	2	0	0	0	0	0	0
Brandon Zylstra	WR	4	0	0	0	0	0	63	0	2	0	0	0	0	0	0
Ross Dwelley	TE	4	0	0	0	0	0	21	1	1	0	0	0	0	0	0
Cam Sims	WR	4	0	0	0	0	0	0	0	0	0	0	0	0	0	0
Phillip Lindsay	RB	4	0	0	0	-1	0	0	0	0	0	0	0	0	0	0
Christian Blake	WR	4	0	0	0	0	0	0	0	0	0	0	0	0	0	0
Will Dissly	TE	4	0	0	0	0	0	5	0	2	0	0	0	0	0	0
Trenton Cannon	RB	4	0	0	0	0	0	0	0	0	0	0	0	0	0	0
Tyler Conklin	TE	4	0	0	0	0	0	18	0	4	0	0	0	0	0	0
Equanimeous St. Brown	WR	4	0	0	0	0	0	0	0	0	0	0	0	0	0	0
Byron Pringle	WR	4	0	0	0	0	0	23	0	2	0	0	0	0	0	0
Darrel Williams	RB	4	0	0	0	42	1	16	0	2	0	0	0	0	0	0
Courtland Sutton	WR	4	0	0	0	0	0	47	0	3	0	0	0	0	0	0
Dallas Goedert	TE	4	0	0	0	0	0	56	1	5	0	0	0	0	0	0
Anthony Miller	WR	4	0	0	0	0	0	3	0	1	0	0	0	0	0	0
Jordan Akins	TE	4	0	0	0	3	0	4	0	1	0	0	1	0	0	0
Ian Thomas	TE	4	0	0	0	0	0	15	0	3	0	0	0	0	0	0
Nyheim Hines	RB	4	0	0	0	6	0	5	0	2	0	0	0	0	0	0
Dalton Schultz	TE	4	0	0	0	0	0	58	1	6	0	0	0	0	0	0
Ray-Ray McCloud	WR	4	0	0	0	0	0	2	0	1	0	0	0	0	0	0
Cedrick Wilson Jr.	WR	4	0	0	0	0	0	30	1	2	0	0	0	0	0	0
Braxton Berrios	WR	4	0	0	0	15	0	0	0	1	0	0	0	0	0	0
Justin Jackson	RB	4	0	0	0	-4	0	17	0	4	0	0	0	0	0	0
Buddy Howell	RB	4	0	0	0	0	0	0	0	0	0	0	0	0	0	0
Trent Sherfield	WR	4	0	0	0	0	0	0	0	0	0	0	0	0	0	0
Allen Lazard	WR	4	0	0	0	0	0	33	0	2	0	0	0	0	0	0
Cameron Batson	WR	4	0	0	0	0	0	2	1	1	0	0	0	0	0	0
James Washington	WR	4	0	0	0	0	0	69	0	4	0	0	0	0	0	0
Chase Edmonds	RB	4	0	0	0	120	0	19	0	4	0	0	0	0	0	0
Auden Tate	WR	4	0	0	0	0	0	18	0	1	0	0	0	0	0	0
Codey McElroy	TE	4	0	0	0	0	0	0	0	0	0	0	0	0	0	0
Mark Andrews	TE	4	0	0	0	0	0	67	0	5	0	0	0	0	0	0
Christian Kirk	WR	4	0	0	0	0	0	5	0	1	0	0	0	0	0	0
Nick Chubb	RB	4	0	0	0	100	0	5	0	1	0	0	0	0	0	0
Lamar Jackson	QB	4	316	1	0	28	0	0	0	0	0	0	0	0	0	0
Durham Smythe	TE	4	0	0	0	0	0	6	0	2	0	0	0	0	0	0
Ronald Jones	RB	4	0	0	0	25	1	0	0	0	0	0	0	0	0	0
DJ Moore	WR	4	0	0	0	6	0	113	2	8	0	0	0	0	0	0
Mike Gesicki	TE	4	0	0	0	0	0	57	1	5	0	0	0	0	0	0
Hayden Hurst	TE	4	0	0	0	0	0	29	0	4	0	0	0	0	0	0
Calvin Ridley	WR	4	0	0	0	0	0	80	0	7	0	0	0	0	0	0
Royce Freeman	RB	4	0	0	0	12	0	0	0	0	0	0	0	0	0	0
Saquon Barkley	RB	4	0	0	0	52	1	74	1	5	0	0	0	0	0	0
Sony Michel	RB	4	0	0	0	11	0	0	0	0	0	1	0	0	0	0
KhaDarel Hodge	WR	4	0	0	0	0	0	13	0	1	0	0	0	0	0	0
Baker Mayfield	QB	4	155	0	0	11	0	0	0	0	0	0	0	1	0	0
Josh Allen	QB	4	248	2	1	41	0	0	0	0	0	0	0	0	0	0
Sam Darnold	QB	4	301	2	2	35	2	0	0	0	0	0	0	0	0	0
Trinity Benson	WR	4	0	0	0	0	0	12	0	2	0	0	0	0	0	0
Jakobi Meyers	WR	4	45	0	0	0	0	70	0	8	0	0	0	0	0	0
Alexander Mattison	RB	4	0	0	0	20	0	0	0	0	0	0	0	0	0	0
Hunter Renfrow	WR	4	0	0	0	0	0	45	1	6	0	0	0	0	0	0
Ashton Dulin	WR	4	0	0	0	0	0	17	0	1	0	0	0	0	0	0
Mecole Hardman	WR	4	0	0	0	25	0	16	0	2	0	0	0	0	0	0
Olamide Zaccheaus	WR	4	0	0	0	0	0	15	0	1	0	0	0	0	0	0
Deonte Harty	WR	4	0	0	0	0	0	52	0	5	0	0	0	0	0	0
Diontae Johnson	WR	4	0	0	0	0	0	92	1	9	0	0	0	0	0	0
Benny Snell	RB	4	0	0	0	0	0	0	0	0	0	0	0	0	0	0
Zach Gentry	TE	4	0	0	0	0	0	10	0	1	0	0	0	0	0	0
Kyler Murray	QB	4	268	2	0	39	0	0	0	0	0	0	0	0	0	0
T.J. Hockenson	TE	4	0	0	0	0	0	42	0	4	0	0	0	0	0	0
Miles Sanders	RB	4	0	0	0	13	0	34	0	3	0	0	0	0	0	0
J.J. Arcega-Whiteside	WR	4	0	0	0	0	0	0	0	0	0	0	0	0	0	0
Josh Oliver	TE	4	0	0	0	0	0	0	0	0	0	0	0	0	0	0
Devin Singletary	RB	4	0	0	0	79	0	7	0	1	0	0	0	0	0	0
Trevon Wesco	TE	4	0	0	0	0	0	0	0	0	0	0	0	0	0	0
Tony Pollard	RB	4	0	0	0	67	0	0	0	0	0	0	0	0	0	0
Myles Gaskin	RB	4	0	0	0	3	0	0	0	0	0	0	0	0	0	0
Donald Parham	TE	4	0	0	0	0	0	17	1	2	0	0	0	0	0	0
Trenton Irwin	WR	4	0	0	0	0	0	25	0	1	0	0	0	0	0	0
Jalen Guyton	WR	4	0	0	0	20	0	9	0	1	0	0	0	0	0	0
Tyron Johnson	WR	4	0	0	0	0	0	0	0	0	0	0	0	0	0	0
Ty Johnson	RB	4	0	0	0	1	0	12	0	2	0	0	0	0	0	0
Joseph Fortson	TE	4	0	0	0	0	0	2	1	1	0	0	0	0	0	0
Travis Homer	RB	4	0	0	0	5	0	0	0	0	0	0	0	0	0	0
Nsimba Webster	WR	4	0	0	0	0	0	0	0	0	0	0	0	0	0	0
N'Keal Harry	TE	4	0	0	0	0	0	10	0	1	0	0	0	0	0	0
D'Ernest Johnson	RB	4	0	0	0	0	0	0	0	0	0	0	0	0	0	0
Parris Campbell	WR	4	0	0	0	0	0	22	0	2	0	0	0	0	0	0
DK Metcalf	WR	4	0	0	0	0	0	65	1	4	0	0	0	0	0	0
Noah Fant	TE	4	0	0	0	0	0	46	1	6	0	0	0	0	0	0
Gunner Olszewski	WR	4	0	0	0	0	0	0	0	0	0	0	0	0	0	0
Damien Harris	RB	4	0	0	0	-4	0	30	0	2	0	0	0	0	0	0
Terry McLaurin	WR	4	0	0	0	0	0	123	2	6	0	0	0	0	0	0
Marquise Brown	WR	4	0	0	0	0	0	91	1	4	0	0	0	0	0	0
Darrell Henderson	RB	4	0	0	0	89	0	27	0	5	0	0	0	0	0	0
David Montgomery	RB	4	0	0	0	106	2	0	0	0	0	0	0	0	0	0
Dawson Knox	TE	4	0	0	0	0	0	37	2	5	0	0	0	0	0	0
Josh Jacobs	RB	4	0	0	0	40	0	17	0	5	0	0	0	0	0	0
Drew Lock	QB	4	113	0	1	0	0	0	0	0	0	0	0	0	0	0
Daniel Jones	QB	4	402	2	1	27	0	0	0	0	0	0	0	0	1	0
Deebo Samuel Sr.	WR	4	0	0	0	1	0	156	2	8	0	0	0	0	0	0
Jacques Patrick	RB	4	0	0	0	12	0	0	0	0	0	0	0	0	0	0
James Robinson	RB	4	0	0	0	78	2	-2	0	1	0	0	0	0	0	0
Tony Jones	RB	4	0	0	0	8	0	-3	0	1	0	0	0	0	0	0
Kendall Hinton	WR	4	0	0	0	0	0	13	0	1	0	0	0	0	0	0
Rodney Smith	RB	4	0	0	0	0	0	48	0	5	0	0	0	0	0	0
Salvon Ahmed	RB	4	0	0	0	1	0	12	0	2	0	0	0	0	0	0
Juwan Johnson	TE	4	0	0	0	0	0	20	1	2	0	0	0	0	0	0
J.J. Taylor	RB	4	0	0	0	0	0	0	0	1	0	0	1	0	0	0
James Proche	WR	4	0	0	0	0	0	74	0	5	0	0	0	0	0	0
Tommy Hudson	TE	4	0	0	0	0	0	14	0	1	0	0	0	0	0	0
Nick Westbrook-Ikhine	WR	4	0	0	0	0	0	29	0	3	0	0	0	0	0	0
Reggie Gilliam	RB	4	0	0	0	1	0	8	0	1	0	0	0	0	0	0
Gabe Davis	WR	4	0	0	0	0	0	0	0	0	0	0	0	0	0	0
Marquez Callaway	WR	4	0	0	0	0	0	74	0	2	0	0	0	0	0	0
Jonathan Taylor	RB	4	0	0	0	103	1	11	0	3	0	0	0	0	0	0
Harrison Bryant	TE	4	0	0	0	0	0	3	0	1	0	0	0	0	0	0
Freddie Swain	WR	4	0	0	0	0	0	20	1	3	0	0	0	0	0	0
Zack Moss	RB	4	0	0	0	61	1	0	0	0	0	0	0	0	0	0
Michael Pittman	WR	4	0	0	0	0	0	59	0	6	0	0	0	0	0	0
Collin Johnson	WR	4	0	0	0	0	0	0	0	0	0	0	0	0	0	0
Jauan Jennings	WR	4	0	0	0	0	0	14	0	1	0	0	0	0	0	0
Brandon Aiyuk	WR	4	0	0	0	0	0	15	0	1	0	0	0	0	0	0
AJ Dillon	RB	4	0	0	0	81	0	16	0	1	0	0	0	0	0	0
Laviska Shenault Jr.	WR	4	0	0	0	11	0	99	0	6	0	0	0	0	0	0
Quez Watkins	WR	4	0	0	0	0	0	33	0	3	0	0	0	0	0	0
D'Andre Swift	RB	4	0	0	0	16	0	33	0	4	0	0	0	0	0	0
Quintez Cephus	WR	4	0	0	0	0	0	83	0	4	0	0	0	0	0	0
Cole Kmet	TE	4	0	0	0	0	0	6	0	1	0	0	0	0	0	0
Darnell Mooney	WR	4	0	0	0	10	0	125	0	5	0	0	0	0	0	0
Justin Jefferson	WR	4	0	0	0	0	0	84	1	6	0	0	0	0	0	0
Antonio Gibson	RB	4	0	0	0	63	1	12	0	2	0	0	0	0	0	0
Devin Duvernay	WR	4	0	0	0	0	0	31	0	3	0	0	0	0	0	0
Josiah Deguara	TE	4	0	0	0	0	0	0	0	0	0	0	0	0	0	0
K.J. Osborn	WR	4	0	0	0	10	0	26	0	3	0	0	0	0	0	0
Justin Herbert	QB	4	222	3	0	4	0	0	0	0	0	0	0	0	0	0
Henry Ruggs III	WR	4	0	0	0	0	0	60	0	3	0	0	0	0	0	0
CeeDee Lamb	WR	4	0	0	0	0	0	13	0	2	0	0	0	0	0	0
Clyde Edwards-Helaire	RB	4	0	0	0	102	0	12	1	2	0	0	0	0	0	0
Bryan Edwards	WR	4	0	0	0	0	0	4	0	1	0	0	0	0	0	0
K.J. Hill	WR	4	0	0	0	0	0	0	0	0	0	0	0	0	0	0
Jalen Reagor	WR	4	0	0	0	12	0	9	0	1	0	0	0	0	0	0
Jalen Hurts	QB	4	387	2	0	47	0	0	0	0	0	0	0	0	0	0
Van Jefferson	WR	4	0	0	0	0	0	90	1	6	0	0	0	0	0	0
Adam Trautman	TE	4	0	0	0	0	0	3	0	1	0	0	0	0	0	0
Albert Okwuegbunam	TE	4	0	0	0	0	0	11	0	1	0	0	0	0	0	0
DeeJay Dallas	RB	4	0	0	0	0	0	0	0	0	0	0	0	0	0	0
Tyler Johnson	WR	4	0	0	0	0	0	0	0	0	0	0	0	0	0	0
Joe Burrow	QB	4	348	2	0	4	0	0	0	0	0	0	0	0	0	0
Chuba Hubbard	RB	4	0	0	0	57	0	14	0	2	0	0	0	0	0	0
Gary Brightwell	RB	4	0	0	0	0	0	0	0	0	0	0	0	0	0	0
Jaylen Waddle	WR	4	0	0	0	0	0	33	0	3	0	0	0	0	0	0
Dyami Brown	WR	4	0	0	0	0	0	19	0	1	0	0	0	0	0	0
Tylan Wallace	WR	4	0	0	0	0	0	0	0	0	0	0	0	0	0	0
Noah Gray	TE	4	0	0	0	0	0	0	0	0	0	0	0	0	0	0
Larry Rountree III	RB	4	0	0	0	31	0	0	0	0	0	0	0	0	0	0
Demetric Felton	RB	4	0	0	0	0	0	12	0	2	0	0	0	0	0	0
Kylin Hill	RB	4	0	0	0	0	0	0	0	0	0	0	0	0	0	0
Jaret Patterson	RB	4	0	0	0	1	0	11	0	1	0	0	0	0	0	0
Feleipe Franks	TE	4	0	0	0	3	0	0	0	0	0	0	0	0	0	0
Tutu Atwell	WR	4	0	0	0	0	0	0	0	0	0	0	0	0	0	0
Kylen Granson	TE	4	0	0	0	0	0	3	0	1	0	0	0	0	0	0
Luke Farrell	TE	4	0	0	0	0	0	7	0	1	0	0	0	0	0	0
Najee Harris	RB	4	0	0	0	62	1	29	0	6	0	0	0	0	0	0
Pat Freiermuth	TE	4	0	0	0	0	0	11	0	1	0	0	0	0	0	0
Davis Mills	QB	4	87	0	4	2	0	0	0	0	0	0	0	0	0	0
Ja'Marr Chase	WR	4	0	0	0	0	0	77	0	6	0	0	0	0	0	0
Khalil Herbert	RB	4	0	0	0	7	0	0	0	0	0	0	0	0	0	0
DeVonta Smith	WR	4	0	0	0	0	0	122	0	7	0	0	0	0	0	0
Kadarius Toney	WR	4	0	0	0	1	0	78	0	6	0	0	0	0	0	0
Kenny Gainwell	RB	4	0	0	0	31	1	58	0	6	0	0	0	0	0	0
Michael Carter	RB	4	0	0	0	38	1	-4	0	1	0	0	0	0	0	0
Rondale Moore	WR	4	0	0	0	9	0	28	0	3	0	0	0	0	0	0
Justin Fields	QB	4	209	0	1	9	0	0	0	0	0	0	0	0	0	0
Avery Williams	RB	4	0	0	0	0	0	0	0	0	0	0	0	0	0	0
Terrace Marshall Jr.	WR	4	0	0	0	0	0	2	0	1	0	0	0	0	0	0
Amon-Ra St. Brown	WR	4	0	0	0	0	0	70	0	6	0	0	0	0	0	0
Kyle Pitts	TE	4	0	0	0	0	0	50	0	4	0	0	0	0	0	0
Trevor Lawrence	QB	4	204	0	0	36	1	0	0	0	0	0	0	0	0	0
Mac Jones	QB	4	275	2	1	-1	0	0	0	0	0	0	0	0	0	0
Trey Sermon	RB	4	0	0	0	89	0	0	0	0	0	0	0	0	0	0
Amari Rodgers	WR	4	0	0	0	0	0	0	0	0	0	0	0	0	0	0
Javonte Williams	RB	4	0	0	0	48	0	11	0	3	0	0	0	0	0	0
Anthony Schwartz	WR	4	0	0	0	0	0	0	0	0	0	0	0	0	0	0
Tommy Tremble	TE	4	0	0	0	0	0	0	0	0	0	0	0	0	0	0
Trey Lance	QB	4	157	2	0	41	0	0	0	0	0	0	0	0	1	0
Zach Wilson	QB	4	297	2	1	-2	0	0	0	0	0	0	0	0	0	0
Tom Brady	QB	5	411	5	0	13	0	0	0	0	0	0	0	0	0	0
Ben Roethlisberger	QB	5	253	2	0	-1	0	0	0	0	1	0	0	0	0	0
Aaron Rodgers	QB	5	344	2	1	0	0	0	0	0	0	0	0	0	0	0
Marcedes Lewis	TE	5	0	0	0	0	0	34	0	2	0	0	0	0	0	0
Matt Ryan	QB	5	342	2	0	-1	0	0	0	0	0	0	0	0	0	0
DeSean Jackson	WR	5	0	0	0	0	0	68	0	1	0	0	0	0	0	0
Matthew Slater	WR	5	0	0	0	0	0	0	0	0	0	0	0	0	0	0
Matthew Stafford	QB	5	365	1	1	-1	0	0	0	0	0	0	0	0	0	0
Jared Cook	TE	5	0	0	0	0	0	29	0	1	0	0	0	0	0	0
Emmanuel Sanders	WR	5	0	0	0	0	0	54	2	3	0	0	0	0	0	0
Andre Roberts	WR	5	0	0	0	0	0	0	0	0	0	0	0	0	0	0
Antonio Brown	WR	5	0	0	0	0	0	124	2	7	0	0	0	0	0	0
A.J. Green	WR	5	0	0	0	0	0	13	0	1	0	0	0	0	0	0
Blaine Gabbert	QB	5	41	0	0	-1	0	0	0	0	0	0	0	0	0	0
Mark Ingram	RB	5	0	0	0	41	0	0	0	0	0	0	0	0	0	0
Andy Dalton	QB	5	8	0	0	0	0	0	0	0	0	0	0	0	0	0
Kyle Rudolph	TE	5	0	0	0	0	0	14	0	1	0	0	0	0	0	0
Randall Cobb	WR	5	0	0	0	0	0	30	0	2	0	0	0	0	0	0
Lee Smith	TE	5	0	0	0	0	0	30	0	3	0	0	0	0	0	0
Chris Hogan	WR	5	0	0	0	0	0	0	0	0	0	0	0	0	0	0
Cole Beasley	WR	5	0	0	0	0	0	5	0	1	0	0	0	0	0	0
Brandon Bolden	RB	5	0	0	0	25	0	6	0	4	0	0	0	0	0	0
Russell Wilson	QB	5	152	1	1	10	0	0	0	0	0	0	0	0	0	0
Travis Benjamin	WR	5	0	0	0	0	0	0	0	0	0	0	0	0	0	0
Marvin Jones	WR	5	0	0	0	0	0	25	0	1	0	0	0	0	0	0
Kirk Cousins	QB	5	275	1	1	4	0	0	0	0	0	0	0	0	0	0
Mohamed Sanu	WR	5	0	0	0	0	0	19	0	2	0	0	0	0	0	0
Josh Gordon	WR	5	0	0	0	0	0	11	0	1	0	0	0	0	0	0
Ryan Tannehill	QB	5	197	1	0	21	0	0	0	0	0	0	0	0	0	0
Adam Thielen	WR	5	0	0	0	0	0	40	0	2	0	0	0	0	0	0
Zach Ertz	TE	5	0	0	0	0	0	7	0	1	0	0	0	0	0	0
Marquise Goodwin	WR	5	0	0	0	0	0	8	0	1	0	0	0	0	0	0
Kenny Stills	WR	5	0	0	0	1	0	17	0	2	0	0	0	0	0	0
Ryan Griffin	TE	5	0	0	0	0	0	4	0	1	0	0	0	0	0	0
Jack Doyle	TE	5	0	0	0	0	0	4	0	1	0	0	0	0	0	0
Keenan Allen	WR	5	0	0	0	0	0	75	0	6	0	0	0	0	0	0
Robert Woods	WR	5	0	0	0	0	0	150	0	12	0	0	0	0	0	0
Giovani Bernard	RB	5	0	0	0	21	0	14	1	2	0	0	0	0	0	0
Travis Kelce	TE	5	0	0	0	0	0	57	1	6	0	0	0	0	0	0
Latavius Murray	RB	5	0	0	0	17	0	13	0	2	0	0	0	0	0	0
Mike Glennon	QB	5	196	1	2	2	0	0	0	0	0	0	0	0	0	0
Tavon Austin	WR	5	0	0	0	0	0	54	0	5	0	0	0	0	0	0
DeAndre Hopkins	WR	5	0	0	0	0	0	87	1	6	0	0	0	0	0	0
Geno Smith	QB	5	131	1	1	23	0	0	0	0	0	0	0	0	0	0
Cordarrelle Patterson	RB	5	0	0	0	54	0	60	0	7	0	0	0	0	0	0
Willie Snead	WR	5	0	0	0	0	0	3	0	1	0	0	0	0	0	0
Damien Williams	RB	5	0	0	0	64	1	20	0	2	0	0	0	0	0	0
Carlos Hyde	RB	5	0	0	0	13	0	0	0	0	0	0	0	0	0	0
Odell Beckham Jr.	WR	5	0	0	0	0	0	20	0	2	0	0	0	0	0	0
Brandin Cooks	WR	5	0	0	0	0	0	23	0	3	0	0	0	0	0	0
Teddy Bridgewater	QB	5	288	2	1	11	0	0	0	0	0	0	0	0	0	0
Cameron Brate	TE	5	0	0	0	0	0	12	0	1	0	0	0	0	0	0
Derek Carr	QB	5	206	0	1	10	0	0	0	0	0	0	0	0	0	0
Devonta Freeman	RB	5	0	0	0	1	0	34	0	3	0	0	0	0	0	0
Diontae Spencer	WR	5	0	0	0	0	0	0	0	0	0	0	0	0	0	0
Sammy Watkins	WR	5	0	0	0	0	0	35	0	2	0	0	0	0	0	0
Jerick McKinnon	RB	5	0	0	0	2	0	13	0	2	0	0	0	0	0	0
Davante Adams	WR	5	0	0	0	0	0	206	1	11	0	0	0	0	0	0
Eric Ebron	TE	5	0	0	0	0	0	10	0	2	0	0	0	0	0	0
Mike Evans	WR	5	0	0	0	0	0	113	2	6	0	0	0	0	0	0
Allen Robinson	WR	5	0	0	0	0	0	32	0	4	0	0	0	0	0	0
Jameis Winston	QB	5	279	4	1	26	0	0	0	0	1	0	0	0	0	0
Amari Cooper	WR	5	0	0	0	0	0	60	1	3	0	0	0	0	0	0
Nelson Agholor	WR	5	0	0	0	0	0	32	0	3	0	0	0	0	0	0
Maxx Williams	TE	5	0	0	0	0	0	14	0	1	0	0	0	0	0	0
MyCole Pruitt	TE	5	0	0	0	0	0	14	1	1	0	0	0	0	0	0
Stefon Diggs	WR	5	0	0	0	0	0	69	0	2	0	0	0	0	0	0
Darren Waller	TE	5	0	0	0	0	0	45	0	4	0	0	0	0	0	0
DeAndre Carter	WR	5	0	0	0	11	0	62	0	4	0	0	0	0	0	0
Taylor Heinicke	QB	5	248	0	2	40	0	0	0	0	0	0	0	0	0	0
Jamison Crowder	WR	5	0	0	0	0	0	24	0	4	0	0	0	0	0	1
Adam Humphries	WR	5	0	0	0	0	0	73	0	3	0	0	0	0	0	0
Tevin Coleman	RB	5	0	0	0	11	0	0	0	0	0	0	0	0	0	0
Blake Bell	TE	5	0	0	0	0	0	4	0	1	0	0	0	0	0	0
Mike Davis	RB	5	0	0	0	53	1	8	0	2	0	1	0	0	0	0
Ameer Abdullah	RB	5	0	0	0	2	0	0	0	0	0	0	0	0	0	0
Chris Conley	WR	5	0	0	0	0	0	84	1	3	0	0	1	0	0	0
C.J. Uzomah	TE	5	0	0	0	0	0	16	0	2	0	0	0	0	0	0
Geoff Swaim	TE	5	0	0	0	0	0	0	0	0	0	0	0	0	0	0
Melvin Gordon	RB	5	0	0	0	34	0	9	0	2	0	0	0	0	0	0
David Johnson	RB	5	0	0	0	5	0	46	0	5	0	0	0	0	0	0
Ty Montgomery	WR	5	0	0	0	0	0	0	0	0	0	0	0	0	0	0
Tyler Lockett	WR	5	0	0	0	0	0	57	0	5	0	0	0	0	0	0
Chester Rogers	WR	5	0	0	0	9	0	26	0	1	0	0	0	0	0	0
Austin Hooper	TE	5	0	0	0	0	0	0	0	0	0	0	0	0	0	1
Chris Moore	WR	5	0	0	0	0	0	109	1	5	0	0	0	0	0	0
Alex Collins	RB	5	0	0	0	47	0	25	0	2	0	0	0	0	0	0
Kalif Raymond	WR	5	0	0	0	0	0	0	0	0	0	0	0	0	0	0
Alex Erickson	WR	5	0	0	0	0	0	0	0	0	0	0	0	0	0	0
J.D. McKissic	RB	5	0	0	0	-1	0	8	0	1	0	0	0	0	0	0
Robbie Chosen	WR	5	0	0	0	0	0	30	0	2	0	0	0	0	0	0
Stephen Anderson	TE	5	0	0	0	0	0	0	0	0	0	0	0	0	0	0
Derrick Henry	RB	5	0	0	0	130	3	0	0	0	0	0	0	0	0	0
Demarcus Robinson	WR	5	0	0	0	0	0	8	0	1	0	0	0	0	0	0
Tajae Sharpe	WR	5	0	0	0	0	0	53	0	4	0	0	0	0	0	0
Jakeem Grant	WR	5	0	0	0	0	0	0	0	0	0	0	0	0	0	0
Carson Wentz	QB	5	402	2	0	5	0	0	0	0	1	0	0	0	0	0
Devontae Booker	RB	5	0	0	0	42	1	16	1	3	0	0	0	0	0	0
Rashard Higgins	WR	5	0	0	0	0	0	29	1	3	0	0	0	0	0	0
Marcus Johnson	WR	5	0	0	0	0	0	52	0	3	0	0	0	0	0	0
Jaydon Mickens	WR	5	0	0	0	0	0	0	0	0	0	0	0	0	0	0
Tyler Boyd	WR	5	0	0	0	0	0	24	0	4	0	0	0	0	0	0
Jalen Richard	RB	5	0	0	0	0	0	4	0	1	0	0	0	0	0	0
Tyreek Hill	WR	5	0	0	0	15	0	63	0	7	0	0	0	0	0	0
Ezekiel Elliott	RB	5	0	0	0	110	1	2	1	2	0	0	0	0	0	0
Dak Prescott	QB	5	302	3	1	6	0	0	0	0	0	1	0	0	0	0
Hunter Henry	TE	5	0	0	0	0	0	75	1	6	0	0	0	0	0	0
Garrett Griffin	TE	5	0	0	0	0	0	0	0	0	0	0	0	0	0	0
Jared Goff	QB	5	203	0	1	0	0	0	0	0	1	0	0	1	0	0
Tyler Higbee	TE	5	0	0	0	0	0	14	1	2	0	0	0	0	0	0
Kenyan Drake	RB	5	0	0	0	11	0	0	0	0	0	0	0	0	0	0
Jacoby Brissett	QB	5	275	2	1	0	0	0	0	0	1	0	0	0	0	0
Mo Alie-Cox	TE	5	0	0	0	0	0	50	0	3	0	0	0	0	0	0
Zach Pascal	WR	5	0	0	0	0	0	48	0	3	0	0	0	0	0	0
Curtis Samuel	WR	5	0	0	0	8	0	0	0	0	0	0	0	0	0	0
Aaron Jones	RB	5	0	0	0	103	0	6	0	4	0	0	0	0	0	0
Kendrick Bourne	WR	5	0	0	0	12	0	26	0	3	0	0	0	0	0	0
Taysom Hill	TE	5	0	0	0	0	0	11	0	1	0	0	0	0	0	0
C.J. Board	WR	5	0	0	0	0	0	7	0	2	0	0	0	0	0	0
Tim Patrick	WR	5	0	0	0	0	0	89	0	7	0	0	0	0	0	0
Jacob Hollister	TE	5	0	0	0	0	0	1	1	1	0	0	0	0	0	0
Antony Auclair	TE	5	0	0	0	0	0	11	1	1	0	0	0	0	0	0
Pharaoh Brown	TE	5	0	0	0	0	0	22	0	2	0	0	0	0	0	0
Anthony Firkser	TE	5	0	0	0	0	0	33	0	3	0	0	0	0	0	0
John Ross	WR	5	0	0	0	0	0	13	0	1	0	0	0	0	0	0
Isaiah McKenzie	WR	5	0	0	0	0	0	0	0	0	0	0	0	0	0	0
Isaiah Ford	WR	5	0	0	0	0	0	3	0	1	0	0	0	0	0	0
Marcus Kemp	WR	5	0	0	0	0	0	0	0	0	0	0	0	0	0	0
Samaje Perine	RB	5	0	0	0	59	0	24	1	4	0	0	0	0	0	0
Mike Williams	WR	5	0	0	0	0	0	165	2	8	0	0	0	0	0	0
James Conner	RB	5	0	0	0	29	1	8	0	1	0	0	0	0	0	0
Mack Hollins	WR	5	0	0	0	0	0	10	0	1	0	0	0	0	0	0
Jamal Agnew	WR	5	0	0	0	8	0	41	0	6	0	0	0	0	0	0
David Moore	WR	5	0	0	0	0	0	0	0	0	0	0	0	0	0	0
Noah Brown	WR	5	0	0	0	0	0	36	0	3	0	0	0	0	0	0
Ricky Seals-Jones	TE	5	0	0	0	0	0	41	0	5	0	0	0	0	0	0
Blake Jarwin	TE	5	0	0	0	0	0	0	0	0	0	0	0	0	0	0
Keelan Cole	WR	5	0	0	0	0	0	38	0	2	0	0	0	0	0	0
Austin Ekeler	RB	5	0	0	0	66	2	53	1	5	0	0	1	0	0	0
Greg Ward	WR	5	0	0	0	0	0	0	0	0	0	0	0	0	0	0
Robert Tonyan	TE	5	0	0	0	0	0	8	0	1	0	0	0	0	0	0
Dede Westbrook	WR	5	0	0	0	0	0	18	0	3	0	0	0	0	0	0
Dare Ogunbowale	RB	5	0	0	0	0	0	19	0	1	0	0	0	0	0	0
Leonard Fournette	RB	5	0	0	0	67	1	43	0	4	0	0	0	0	0	0
JuJu Smith-Schuster	WR	5	0	0	0	6	0	0	0	0	0	0	0	0	0	0
Jonnu Smith	TE	5	0	0	0	5	0	27	0	2	0	0	0	0	0	0
Corey Davis	WR	5	0	0	0	0	0	45	0	4	0	0	0	0	0	0
Patrick Mahomes	QB	5	272	2	2	61	0	0	0	0	0	1	0	0	0	0
O.J. Howard	TE	5	0	0	0	0	0	19	0	2	0	0	0	0	0	0
Evan Engram	TE	5	0	0	0	0	0	55	0	4	0	0	0	0	0	0
David Njoku	TE	5	0	0	0	0	0	149	1	7	0	0	0	0	0	0
Zay Jones	WR	5	0	0	0	0	0	6	0	1	0	0	0	0	0	0
Adam Shaheen	TE	5	0	0	0	0	0	15	0	2	0	0	0	0	0	0
Joe Mixon	RB	5	0	0	0	33	1	2	0	1	0	0	0	0	0	0
Alvin Kamara	RB	5	0	0	0	71	1	51	1	5	0	0	0	0	0	0
Cooper Kupp	WR	5	0	0	0	0	0	92	0	7	0	0	0	0	0	0
Chris Godwin Jr.	WR	5	0	0	0	0	0	70	0	7	0	0	0	0	0	0
Kareem Hunt	RB	5	0	0	0	61	2	28	0	5	0	0	0	0	0	0
Kenny Golladay	WR	5	0	0	0	0	0	0	0	0	0	0	0	0	0	0
Josh Reynolds	WR	5	0	0	0	0	0	8	0	1	0	0	0	0	0	0
Jamaal Williams	RB	5	0	0	0	57	0	8	0	2	0	0	0	0	0	0
Wayne Gallman	RB	5	0	0	0	2	0	0	0	0	0	0	0	0	0	0
Marlon Mack	RB	5	0	0	0	47	0	7	0	1	0	0	0	0	0	0
Jeremy McNichols	RB	5	0	0	0	9	0	26	0	2	0	0	0	0	0	0
Nathan Peterman	QB	5	0	0	0	2	0	0	0	0	0	0	0	0	0	0
Dan Arnold	TE	5	0	0	0	0	0	64	0	6	0	0	1	0	0	0
Brandon Zylstra	WR	5	0	0	0	0	0	0	0	0	0	0	0	0	0	0
Ross Dwelley	TE	5	0	0	0	0	0	25	0	2	0	0	0	0	0	0
Phillip Lindsay	RB	5	0	0	0	19	0	0	0	0	0	0	0	0	0	0
Christian Blake	WR	5	0	0	0	0	0	12	0	2	0	0	0	0	0	0
Will Dissly	TE	5	0	0	0	0	0	29	0	2	0	0	0	0	0	0
Trenton Cannon	RB	5	0	0	0	0	0	0	0	0	0	0	0	0	0	0
Tyler Conklin	TE	5	0	0	0	0	0	25	0	2	0	0	0	0	0	0
Equanimeous St. Brown	WR	5	0	0	0	0	0	0	0	0	0	0	0	0	0	0
Byron Pringle	WR	5	0	0	0	0	0	11	1	2	0	0	0	0	0	0
Darrel Williams	RB	5	0	0	0	27	0	18	0	3	0	0	0	0	0	0
Courtland Sutton	WR	5	0	0	0	0	0	120	1	7	0	0	0	0	0	0
Dallas Goedert	TE	5	0	0	0	0	0	28	0	2	0	0	0	0	0	0
Jordan Akins	TE	5	0	0	0	0	0	17	0	2	0	0	0	0	0	0
Ian Thomas	TE	5	0	0	0	0	0	40	0	4	0	0	0	0	0	0
Nyheim Hines	RB	5	0	0	0	18	0	0	0	0	0	0	0	0	0	0
Dalton Schultz	TE	5	0	0	0	0	0	79	0	6	0	0	0	0	0	0
Ray-Ray McCloud	WR	5	0	0	0	0	0	1	0	1	0	0	0	0	0	0
Cedrick Wilson Jr.	WR	5	22	0	0	6	0	35	0	1	0	0	0	0	0	0
Braxton Berrios	WR	5	0	0	0	0	0	6	0	1	0	0	0	0	0	0
Allen Lazard	WR	5	0	0	0	0	0	6	0	2	0	0	0	0	0	0
Godwin Igwebuike	RB	5	0	0	0	0	0	0	0	0	0	0	0	0	0	0
Cameron Batson	WR	5	0	0	0	15	0	0	0	0	0	0	0	0	0	0
Chase Edmonds	RB	5	0	0	0	15	0	19	0	3	0	0	1	0	0	0
Auden Tate	WR	5	0	0	0	0	0	0	0	0	0	0	0	0	0	0
Mark Andrews	TE	5	0	0	0	0	0	147	2	11	0	0	0	0	0	2
Chris Herndon	TE	5	0	0	0	0	0	0	0	0	0	0	0	0	0	0
Christian Kirk	WR	5	0	0	0	11	0	39	0	5	0	0	0	0	0	0
Nick Chubb	RB	5	0	0	0	161	1	9	0	1	0	0	0	0	0	0
Lamar Jackson	QB	5	442	4	0	62	0	0	0	0	0	1	0	2	0	0
Durham Smythe	TE	5	0	0	0	0	0	23	0	2	0	0	0	0	0	0
Kalen Ballage	RB	5	0	0	0	0	0	0	0	0	0	0	0	0	0	0
Ronald Jones	RB	5	0	0	0	21	0	15	0	1	0	0	0	0	0	0
DJ Moore	WR	5	0	0	0	-4	0	42	0	5	0	0	0	0	0	0
Mike Gesicki	TE	5	0	0	0	0	0	43	0	4	0	0	0	0	0	0
Hayden Hurst	TE	5	0	0	0	0	0	40	1	4	0	0	1	0	0	0
Royce Freeman	RB	5	0	0	0	2	0	6	0	1	0	0	0	0	0	0
Saquon Barkley	RB	5	0	0	0	9	0	0	0	0	0	0	0	0	0	0
Sony Michel	RB	5	0	0	0	37	1	8	0	1	0	0	0	0	0	0
KhaDarel Hodge	WR	5	0	0	0	0	0	17	0	1	0	0	0	0	0	1
Baker Mayfield	QB	5	305	2	0	8	0	0	0	0	0	0	0	1	0	0
Josh Allen	QB	5	315	3	0	59	1	0	0	0	0	0	0	0	0	0
Sam Darnold	QB	5	177	1	3	10	0	0	0	0	0	0	0	0	0	0
Trinity Benson	WR	5	0	0	0	0	0	0	0	0	0	0	0	0	0	0
Jakobi Meyers	WR	5	0	0	0	0	0	56	0	4	0	0	0	0	0	0
Alexander Mattison	RB	5	0	0	0	113	0	40	1	7	0	1	0	0	0	0
Foster Moreau	TE	5	0	0	0	0	0	0	0	0	0	0	0	0	0	0
Hunter Renfrow	WR	5	0	0	0	0	0	56	0	6	0	0	0	0	0	0
Kaden Smith	TE	5	0	0	0	0	0	0	0	0	0	0	0	0	0	0
Ashton Dulin	WR	5	0	0	0	0	0	13	0	2	0	0	0	0	0	0
Penny Hart	WR	5	0	0	0	0	0	19	0	2	0	0	0	0	0	0
Mecole Hardman	WR	5	0	0	0	0	0	76	0	9	0	0	0	0	0	0
Olamide Zaccheaus	WR	5	0	0	0	0	0	20	0	2	0	0	0	0	0	0
Deonte Harty	WR	5	0	0	0	0	0	72	1	1	0	0	0	0	0	0
Diontae Johnson	WR	5	0	0	0	0	0	72	1	2	0	0	0	0	0	0
Benny Snell	RB	5	0	0	0	20	0	0	0	0	0	0	0	0	0	0
Zach Gentry	TE	5	0	0	0	0	0	13	0	1	0	0	0	0	0	0
Kyler Murray	QB	5	239	1	0	1	0	0	0	0	0	0	0	0	0	0
T.J. Hockenson	TE	5	0	0	0	0	0	22	0	2	0	0	0	0	0	0
Miles Sanders	RB	5	0	0	0	45	0	6	0	5	0	0	0	0	0	0
Josh Oliver	TE	5	0	0	0	0	0	13	0	2	0	0	0	0	0	0
Devin Singletary	RB	5	0	0	0	25	0	-2	0	1	0	0	0	0	0	0
Trevon Wesco	TE	5	0	0	0	0	0	0	0	0	0	0	0	0	0	0
Tony Pollard	RB	5	0	0	0	75	0	28	0	4	0	0	0	0	0	0
Tommy Sweeney	TE	5	0	0	0	0	0	1	0	1	0	0	0	0	0	0
Myles Gaskin	RB	5	0	0	0	25	0	74	2	10	0	0	0	0	0	0
Donald Parham	TE	5	0	0	0	0	0	29	1	2	0	0	0	0	0	1
Preston Williams	WR	5	0	0	0	7	0	60	0	3	0	0	0	0	0	0
Stanley Morgan	WR	5	0	0	0	0	0	0	0	0	0	0	0	0	0	0
Jalen Guyton	WR	5	0	0	0	0	0	35	0	2	0	0	0	0	0	0
Malik Taylor	WR	5	0	0	0	0	0	0	0	0	0	0	0	0	0	0
Ty Johnson	RB	5	0	0	0	12	1	22	0	2	0	0	0	0	0	0
Jesper Horsted	TE	5	0	0	0	0	0	2	1	1	0	0	0	0	0	0
Travis Homer	RB	5	0	0	0	5	0	13	0	1	0	0	0	0	0	0
N'Keal Harry	TE	5	0	0	0	0	0	9	0	1	0	0	0	0	0	0
Drew Sample	TE	5	0	0	0	0	0	9	0	2	0	0	0	0	0	0
Parris Campbell	WR	5	0	0	0	0	0	56	0	4	0	0	0	0	0	0
DK Metcalf	WR	5	0	0	0	0	0	98	2	5	0	0	0	0	0	0
Noah Fant	TE	5	0	0	0	0	0	20	0	3	0	0	0	0	0	0
Gunner Olszewski	WR	5	0	0	0	0	0	0	0	0	0	0	0	0	0	0
Damien Harris	RB	5	0	0	0	58	1	0	0	0	0	1	0	0	0	0
Terry McLaurin	WR	5	0	0	0	0	0	46	0	4	0	0	0	0	0	0
Marquise Brown	WR	5	0	0	0	0	0	125	2	9	0	0	0	0	0	0
Darrell Henderson	RB	5	0	0	0	82	1	17	0	1	0	0	0	0	0	0
A.J. Brown	WR	5	0	0	0	0	0	38	0	3	0	0	0	0	0	0
Dawson Knox	TE	5	0	0	0	0	0	117	1	3	0	0	0	0	0	0
Josh Jacobs	RB	5	0	0	0	48	1	19	0	4	0	0	0	0	0	0
Daniel Jones	QB	5	98	0	0	9	0	0	0	0	0	0	0	0	0	0
Deebo Samuel Sr.	WR	5	0	0	0	13	1	58	0	3	0	0	0	0	0	0
Ben Ellefson	TE	5	0	0	0	0	0	0	0	0	0	0	0	0	0	0
James Robinson	RB	5	0	0	0	149	1	-2	0	1	0	0	0	0	0	0
Kendall Hinton	WR	5	0	0	0	0	0	25	1	2	0	0	0	0	0	0
Cody White	WR	5	0	0	0	0	0	0	0	0	0	0	0	0	0	0
Jonathan Ward	RB	5	0	0	0	0	0	0	0	0	0	0	0	0	0	0
Salvon Ahmed	RB	5	0	0	0	5	0	16	0	2	0	0	0	0	0	0
Juwan Johnson	TE	5	0	0	0	0	0	0	0	0	0	0	0	0	0	0
James Proche	WR	5	0	0	0	0	0	15	0	2	0	0	0	0	0	0
Gabe Davis	WR	5	0	0	0	0	0	16	0	1	0	0	0	0	0	0
Marquez Callaway	WR	5	0	0	0	0	0	85	2	4	0	0	0	0	0	0
Jonathan Taylor	RB	5	0	0	0	53	1	116	1	3	0	0	0	0	0	0
Harrison Bryant	TE	5	0	0	0	0	0	0	0	0	0	0	0	0	0	0
Donovan Peoples-Jones	WR	5	0	0	0	0	0	70	0	5	0	0	0	0	0	0
Colby Parkinson	TE	5	0	0	0	0	0	1	0	1	0	0	0	0	0	0
Freddie Swain	WR	5	0	0	0	0	0	9	0	1	0	0	0	0	0	0
Tyler Davis	TE	5	0	0	0	0	0	0	0	0	0	0	0	0	0	0
Zack Moss	RB	5	0	0	0	37	0	55	0	3	0	0	0	0	0	0
Michael Pittman	WR	5	0	0	0	0	0	89	1	6	0	0	0	0	0	0
Collin Johnson	WR	5	0	0	0	0	0	0	0	0	0	0	0	0	0	0
Denzel Mims	WR	5	0	0	0	0	0	33	0	2	0	0	0	0	0	0
Brandon Aiyuk	WR	5	0	0	0	0	0	32	0	2	0	0	0	0	0	0
AJ Dillon	RB	5	0	0	0	30	0	49	1	4	0	0	0	0	0	0
Laviska Shenault Jr.	WR	5	0	0	0	0	0	58	0	1	0	0	0	0	0	0
Quez Watkins	WR	5	0	0	0	0	0	48	0	3	0	0	0	0	0	0
D'Andre Swift	RB	5	0	0	0	51	1	53	0	6	0	0	0	0	0	0
Quintez Cephus	WR	5	0	0	0	0	0	38	0	3	0	0	0	0	0	0
Cole Kmet	TE	5	0	0	0	0	0	22	0	2	0	0	0	0	0	0
Darnell Mooney	WR	5	0	0	0	0	0	35	0	3	0	0	0	0	0	0
Justin Jefferson	WR	5	0	0	0	0	0	124	0	7	0	0	0	0	0	0
Chase Claypool	WR	5	0	0	0	0	0	130	1	5	0	0	0	0	0	0
Antonio Gibson	RB	5	0	0	0	60	2	12	0	2	0	0	0	0	0	0
Devin Duvernay	WR	5	0	0	0	0	0	45	0	4	0	0	0	0	0	0
K.J. Osborn	WR	5	0	0	0	0	0	14	0	3	0	0	0	0	0	0
Justin Herbert	QB	5	398	4	0	29	1	0	0	0	0	0	0	1	0	0
Henry Ruggs III	WR	5	0	0	0	0	0	51	0	3	0	0	0	0	0	0
CeeDee Lamb	WR	5	0	0	0	4	0	84	1	4	0	0	0	0	0	0
Clyde Edwards-Helaire	RB	5	0	0	0	13	0	11	0	1	0	0	0	0	0	0
Bryan Edwards	WR	5	0	0	0	0	0	22	0	2	0	0	0	0	0	0
Joshua Kelley	RB	5	0	0	0	17	0	0	0	0	0	0	0	0	0	0
K.J. Hill	WR	5	0	0	0	0	0	0	0	0	0	0	0	0	0	0
Eno Benjamin	RB	5	0	0	0	0	0	0	0	0	0	0	0	0	0	0
Jalen Reagor	WR	5	0	0	0	0	0	24	0	3	0	0	0	0	0	0
Jalen Hurts	QB	5	198	0	1	30	2	0	0	0	0	0	0	1	0	0
Tee Higgins	WR	5	0	0	0	0	0	32	0	5	0	0	0	0	0	1
Van Jefferson	WR	5	0	0	0	0	0	16	0	1	0	0	0	0	0	0
Adam Trautman	TE	5	0	0	0	0	0	43	0	2	0	0	0	0	0	0
DeeJay Dallas	RB	5	0	0	0	7	0	32	0	2	0	0	0	0	0	0
Tyler Johnson	WR	5	0	0	0	0	0	42	0	3	0	0	0	0	0	0
Charlie Woerner	TE	5	0	0	0	0	0	4	0	1	0	0	0	0	0	0
Tyrie Cleveland	WR	5	0	0	0	0	0	0	0	0	0	0	0	0	0	0
Joe Burrow	QB	5	281	2	2	11	0	0	0	0	0	0	0	1	0	0
Ty'Son Williams	RB	5	0	0	0	6	0	15	0	2	0	0	0	0	0	0
Chuba Hubbard	RB	5	0	0	0	101	0	33	0	5	0	0	0	0	0	0
Elijah Mitchell	RB	5	0	0	0	43	0	19	0	2	0	0	0	0	0	0
Jaylen Waddle	WR	5	0	0	0	2	0	31	0	2	0	0	0	0	0	0
Tylan Wallace	WR	5	0	0	0	0	0	0	0	0	0	0	0	0	0	0
Larry Rountree III	RB	5	0	0	0	0	0	0	0	0	0	0	0	0	0	0
Demetric Felton	RB	5	0	0	0	0	0	0	0	0	0	0	0	0	0	0
Kylin Hill	RB	5	0	0	0	0	0	5	0	1	0	0	0	0	0	0
Dax Milne	WR	5	0	0	0	0	0	6	0	1	0	0	0	0	0	0
Jaret Patterson	RB	5	0	0	0	13	0	0	0	0	0	0	0	0	0	0
Tutu Atwell	WR	5	0	0	0	0	0	0	0	0	0	0	0	0	0	0
Chris Evans	RB	5	0	0	0	0	0	15	0	2	0	0	0	0	0	0
Ben Skowronek	WR	5	0	0	0	0	0	0	0	0	0	0	0	0	0	0
Rhamondre Stevenson	RB	5	0	0	0	23	0	0	0	0	0	0	0	0	0	0
Kylen Granson	TE	5	0	0	0	0	0	19	0	2	0	0	0	0	0	0
Luke Farrell	TE	5	0	0	0	0	0	13	0	1	0	0	0	0	0	0
Najee Harris	RB	5	0	0	0	122	1	20	0	2	0	0	0	0	0	0
Pat Freiermuth	TE	5	0	0	0	0	0	7	0	2	0	0	0	0	0	0
Davis Mills	QB	5	312	3	0	2	0	0	0	0	0	0	0	0	0	0
Ja'Marr Chase	WR	5	0	0	0	0	0	159	1	6	0	0	0	0	0	0
Khalil Herbert	RB	5	0	0	0	75	0	0	0	0	0	0	0	0	0	0
DeVonta Smith	WR	5	0	0	0	0	0	77	0	7	0	0	1	0	0	1
Kadarius Toney	WR	5	0	0	0	7	0	189	0	10	0	0	0	0	0	0
Kenny Gainwell	RB	5	0	0	0	16	0	8	0	1	0	0	0	0	0	0
Michael Carter	RB	5	0	0	0	38	1	20	0	3	0	0	0	0	0	0
Rondale Moore	WR	5	0	0	0	38	0	59	0	5	0	0	0	0	0	0
Justin Fields	QB	5	111	1	0	4	0	0	0	0	0	0	0	0	0	0
Terrace Marshall Jr.	WR	5	0	0	0	0	0	14	0	2	0	0	0	0	0	0
Amon-Ra St. Brown	WR	5	0	0	0	0	0	65	0	7	0	0	0	0	0	0
Kyle Pitts	TE	5	0	0	0	0	0	119	1	9	0	0	0	0	0	0
Trevor Lawrence	QB	5	273	1	1	28	1	0	0	0	0	0	0	0	0	0
Mac Jones	QB	5	231	1	1	3	0	0	0	0	0	0	0	0	0	0
Elijah Moore	WR	5	0	0	0	0	0	0	0	0	0	0	0	0	0	0
Trey Sermon	RB	5	0	0	0	7	0	0	0	0	0	0	0	0	0	0
Josh Palmer	WR	5	0	0	0	0	0	12	0	2	0	0	0	0	0	0
Amari Rodgers	WR	5	0	0	0	0	0	0	0	0	0	0	0	0	0	0
Javonte Williams	RB	5	0	0	0	61	0	25	0	3	0	0	0	0	0	0
Anthony Schwartz	WR	5	0	0	0	0	0	0	0	0	0	0	0	0	0	0
Tommy Tremble	TE	5	0	0	0	0	0	12	1	2	0	0	0	0	0	0
Trey Lance	QB	5	192	0	1	89	0	0	0	0	0	0	0	0	0	0
Zach Wilson	QB	5	192	0	1	3	0	0	0	0	0	0	0	1	0	0
Tom Brady	QB	6	297	2	1	1	0	0	0	0	0	0	0	0	0	0
Ben Roethlisberger	QB	6	229	1	0	-3	0	0	0	0	1	0	0	0	0	0
Aaron Rodgers	QB	6	195	2	0	19	1	0	0	0	0	0	0	0	0	0
Marcedes Lewis	TE	6	0	0	0	0	0	17	0	2	0	0	0	0	0	0
DeSean Jackson	WR	6	0	0	0	0	0	6	0	1	0	0	0	0	0	0
Matthew Stafford	QB	6	251	4	1	12	0	0	0	0	0	0	0	0	0	0
Jared Cook	TE	6	0	0	0	0	0	25	1	4	0	0	0	0	0	0
Emmanuel Sanders	WR	6	0	0	0	0	0	91	0	5	0	0	0	0	0	0
Colt McCoy	QB	6	0	0	0	-3	0	0	0	0	0	0	0	0	0	0
Andre Roberts	WR	6	0	0	0	0	0	0	0	0	0	0	0	0	0	0
Antonio Brown	WR	6	0	0	0	0	0	93	1	9	0	0	0	0	0	0
A.J. Green	WR	6	0	0	0	0	0	79	1	5	0	0	0	0	0	0
Julio Jones	WR	6	0	0	0	0	0	59	0	3	0	0	0	0	0	0
Mark Ingram	RB	6	0	0	0	73	0	8	0	2	0	0	0	0	0	0
Kyle Rudolph	TE	6	0	0	0	0	0	8	0	1	0	0	0	0	0	1
Case Keenum	QB	6	6	0	0	0	0	0	0	0	0	0	0	0	0	0
Cole Beasley	WR	6	0	0	0	0	0	88	1	7	0	0	0	0	0	0
Brandon Bolden	RB	6	0	0	0	-1	0	3	0	1	0	0	0	0	0	0
Marvin Jones	WR	6	0	0	0	0	0	100	1	7	0	0	0	0	0	0
Kirk Cousins	QB	6	373	3	0	16	0	0	0	0	0	0	0	0	0	0
T.Y. Hilton	WR	6	0	0	0	0	0	80	0	4	0	0	0	0	0	0
Ryan Tannehill	QB	6	216	0	1	3	1	0	0	0	0	0	0	0	0	0
Adam Thielen	WR	6	0	0	0	2	0	126	1	11	0	0	0	0	0	0
Zach Ertz	TE	6	0	0	0	0	0	29	1	4	0	0	0	0	0	0
Marquise Goodwin	WR	6	0	0	0	0	0	12	0	1	0	0	0	0	0	0
Demetrius Harris	TE	6	0	0	0	0	0	0	0	0	0	0	0	0	0	0
Jack Doyle	TE	6	0	0	0	0	0	0	0	0	0	0	0	0	0	0
Keenan Allen	WR	6	0	0	0	0	0	50	0	5	0	0	0	0	0	0
Rex Burkhead	RB	6	0	0	0	0	0	0	0	0	0	0	0	0	0	0
Robert Woods	WR	6	0	0	0	0	0	31	1	2	0	0	0	0	0	0
Giovani Bernard	RB	6	0	0	0	0	0	4	0	2	0	0	0	0	0	0
Le'Veon Bell	RB	6	0	0	0	18	1	0	0	0	0	0	0	0	0	0
Travis Kelce	TE	6	0	0	0	0	0	99	0	8	0	0	0	0	0	0
Latavius Murray	RB	6	0	0	0	44	1	12	0	2	0	0	0	0	0	0
Tavon Austin	WR	6	0	0	0	0	0	0	0	0	0	0	0	0	0	0
DeAndre Hopkins	WR	6	0	0	0	0	0	55	2	3	0	0	0	0	0	0
Geno Smith	QB	6	209	1	0	-1	0	0	0	0	1	0	0	0	0	0
Willie Snead	WR	6	0	0	0	0	0	0	0	0	0	0	0	0	0	0
Albert Wilson	WR	6	0	0	0	0	0	14	0	2	0	0	0	0	0	0
Odell Beckham Jr.	WR	6	0	0	0	0	0	79	0	5	0	0	0	0	0	0
Brandin Cooks	WR	6	0	0	0	0	0	89	0	9	0	0	0	0	0	0
Teddy Bridgewater	QB	6	334	3	3	9	0	0	0	0	0	1	0	0	0	0
Cameron Brate	TE	6	0	0	0	0	0	26	0	3	0	0	0	0	0	0
Derek Carr	QB	6	341	2	0	-1	0	0	0	0	0	0	0	0	0	0
Devonta Freeman	RB	6	0	0	0	53	1	0	0	0	0	0	0	0	0	0
Diontae Spencer	WR	6	0	0	0	0	0	0	0	0	0	0	0	0	0	0
Jerick McKinnon	RB	6	0	0	0	10	0	5	0	1	0	0	0	0	0	0
Davante Adams	WR	6	0	0	0	0	0	89	0	4	0	0	0	0	0	0
Eric Ebron	TE	6	0	0	0	1	1	10	0	2	0	0	0	0	0	0
Mike Evans	WR	6	0	0	0	0	0	27	0	2	0	0	0	0	0	0
Allen Robinson	WR	6	0	0	0	0	0	53	0	4	0	0	0	0	0	0
Chris Manhertz	TE	6	0	0	0	0	0	11	0	1	0	0	0	0	0	0
Amari Cooper	WR	6	0	0	0	0	0	55	0	5	0	0	0	0	0	0
Nelson Agholor	WR	6	0	0	0	1	0	27	0	1	0	0	0	0	0	0
Stefon Diggs	WR	6	0	0	0	0	0	89	1	9	0	0	0	0	0	0
Darren Waller	TE	6	0	0	0	0	0	59	0	5	0	0	0	0	0	0
DeAndre Carter	WR	6	0	0	0	0	0	0	0	0	0	0	0	0	0	0
Jake Kumerow	WR	6	0	0	0	0	0	0	0	0	0	0	0	0	0	0
Taylor Heinicke	QB	6	182	1	1	0	0	0	0	0	0	0	0	0	0	0
Malcolm Brown	RB	6	0	0	0	24	0	7	0	1	0	0	0	0	0	0
Damiere Byrd	WR	6	0	0	0	0	0	0	0	0	0	0	0	0	0	0
Adam Humphries	WR	6	0	0	0	0	0	-4	0	1	0	0	0	0	0	0
Ameer Abdullah	RB	6	0	0	0	0	0	0	0	0	0	0	0	0	0	0
Chris Conley	WR	6	0	0	0	0	0	10	0	1	0	0	0	0	0	0
C.J. Uzomah	TE	6	0	0	0	0	0	15	1	3	0	0	0	0	0	0
Geoff Swaim	TE	6	0	0	0	0	0	8	0	1	0	0	0	0	0	0
Melvin Gordon	RB	6	0	0	0	50	0	23	0	3	0	0	0	0	0	0
David Johnson	RB	6	0	0	0	7	0	14	0	1	0	1	0	0	0	0
Phillip Dorsett	WR	6	0	0	0	0	0	3	0	1	0	0	0	0	0	0
Tyler Lockett	WR	6	0	0	0	0	0	35	0	2	0	0	0	0	0	0
Chester Rogers	WR	6	0	0	0	0	0	7	0	1	0	0	0	0	0	0
Sterling Shepard	WR	6	0	0	0	0	0	76	0	10	0	0	0	0	0	0
Austin Hooper	TE	6	0	0	0	0	0	4	0	1	0	0	0	0	0	0
Chris Moore	WR	6	0	0	0	0	0	14	0	4	0	0	0	0	0	0
Alex Collins	RB	6	0	0	0	101	1	-3	0	1	0	0	0	0	0	0
Brandon Allen	QB	6	7	1	0	-3	0	0	0	0	0	0	0	0	0	0
Kalif Raymond	WR	6	0	0	0	0	0	37	0	6	0	0	0	0	0	0
Alex Erickson	WR	6	0	0	0	0	0	17	0	1	0	0	0	0	0	0
J.D. McKissic	RB	6	0	0	0	45	0	65	0	8	0	0	0	0	0	0
Robbie Chosen	WR	6	0	0	0	0	0	11	1	3	0	0	0	0	0	0
Stephen Anderson	TE	6	0	0	0	0	0	-1	0	1	0	0	0	0	0	0
Derrick Henry	RB	6	0	0	0	143	3	13	0	2	0	0	0	0	0	0
Demarcus Robinson	WR	6	0	0	0	0	0	46	1	3	0	0	0	0	0	0
Jakeem Grant	WR	6	0	0	0	0	0	0	0	0	0	0	0	0	0	0
Carson Wentz	QB	6	223	2	0	1	0	0	0	0	0	0	0	0	0	0
Laquon Treadwell	WR	6	0	0	0	0	0	0	0	0	0	0	0	0	0	0
Devontae Booker	RB	6	0	0	0	41	0	28	0	4	0	0	0	0	0	0
Rashard Higgins	WR	6	0	0	0	0	0	0	0	0	0	0	0	0	0	0
Marcus Johnson	WR	6	0	0	0	0	0	0	0	0	0	0	0	0	0	0
Jaydon Mickens	WR	6	0	0	0	0	0	0	0	0	0	0	0	0	0	0
Tyler Boyd	WR	6	0	0	0	0	0	7	0	1	0	0	0	0	0	0
Jalen Richard	RB	6	0	0	0	0	0	3	0	1	0	0	0	0	0	0
Tyreek Hill	WR	6	0	0	0	0	0	76	1	9	0	0	0	0	0	0
Ezekiel Elliott	RB	6	0	0	0	69	0	50	0	7	0	0	0	0	0	0
Dak Prescott	QB	6	445	3	1	10	0	0	0	0	0	1	0	0	0	0
Hunter Henry	TE	6	0	0	0	0	0	25	1	2	0	0	0	0	0	0
Jared Goff	QB	6	202	0	1	1	0	0	0	0	0	0	0	1	0	0
Tyler Higbee	TE	6	0	0	0	0	0	36	0	5	0	0	0	0	0	0
Kenyan Drake	RB	6	0	0	0	34	1	39	1	2	0	0	0	0	0	0
Jacoby Brissett	QB	6	25	0	0	0	0	0	0	0	0	0	0	0	0	0
Mo Alie-Cox	TE	6	0	0	0	0	0	28	1	1	0	0	0	0	0	0
Zach Pascal	WR	6	0	0	0	0	0	0	0	0	0	0	0	0	0	0
Darrell Daniels	TE	6	0	0	0	0	0	0	0	0	0	0	0	0	0	0
Aaron Jones	RB	6	0	0	0	76	0	34	1	4	0	0	0	0	0	0
Kendrick Bourne	WR	6	0	0	0	0	0	75	1	1	0	0	0	0	0	0
Cethan Carter	TE	6	0	0	0	0	0	8	0	1	0	0	0	0	0	0
C.J. Board	WR	6	0	0	0	0	0	0	0	0	0	0	0	0	0	0
Tim Patrick	WR	6	0	0	0	0	0	42	1	3	0	0	0	0	0	0
Jacob Hollister	TE	6	0	0	0	0	0	0	0	0	0	0	0	0	0	0
Pharaoh Brown	TE	6	0	0	0	0	0	8	0	2	0	0	0	0	0	0
Anthony Firkser	TE	6	0	0	0	0	0	11	0	1	0	0	0	0	0	0
John Ross	WR	6	0	0	0	0	0	0	0	0	0	0	0	0	0	0
Isaiah McKenzie	WR	6	0	0	0	5	0	3	0	1	0	0	0	0	0	0
Isaiah Ford	WR	6	0	0	0	0	0	0	0	0	0	0	0	0	0	0
Marcus Kemp	WR	6	0	0	0	0	0	0	0	0	0	0	0	0	0	0
Jeremy Sprinkle	TE	6	0	0	0	0	0	0	0	0	0	0	0	0	0	0
Mike Williams	WR	6	0	0	0	0	0	27	0	2	0	0	0	0	0	0
James Conner	RB	6	0	0	0	71	0	0	0	1	0	0	0	0	0	0
Mack Hollins	WR	6	0	0	0	0	0	61	0	4	0	0	0	0	0	0
Jamal Agnew	WR	6	0	0	0	0	0	78	0	5	0	0	0	0	0	0
Eric Saubert	TE	6	0	0	0	0	0	23	0	3	0	0	0	0	0	0
Noah Brown	WR	6	0	0	0	0	0	47	0	2	0	0	0	0	0	0
Ricky Seals-Jones	TE	6	0	0	0	0	0	58	1	4	0	0	0	0	0	0
Blake Jarwin	TE	6	0	0	0	0	0	1	1	1	0	0	0	0	0	0
Austin Ekeler	RB	6	0	0	0	7	0	48	0	4	0	0	0	0	0	0
Robert Tonyan	TE	6	0	0	0	0	0	10	0	2	0	0	0	0	0	0
Dede Westbrook	WR	6	0	0	0	0	0	13	0	2	0	0	0	0	0	0
Dare Ogunbowale	RB	6	0	0	0	0	0	0	0	0	0	0	0	0	0	0
Leonard Fournette	RB	6	0	0	0	81	2	46	0	6	0	0	0	0	0	0
Jonnu Smith	TE	6	0	0	0	0	0	9	0	1	0	0	0	0	0	0
Patrick Mahomes	QB	6	397	2	2	31	0	0	0	0	0	0	0	0	0	0
O.J. Howard	TE	6	0	0	0	0	0	49	1	6	0	0	0	0	0	0
Evan Engram	TE	6	0	0	0	0	0	24	0	3	0	0	0	0	0	0
David Njoku	TE	6	0	0	0	0	0	6	0	1	0	0	0	0	0	0
Dalvin Cook	RB	6	0	0	0	140	1	3	0	2	0	0	0	0	0	0
Gerald Everett	TE	6	0	0	0	0	0	40	0	2	0	0	0	0	0	0
Joe Mixon	RB	6	0	0	0	94	0	59	1	5	0	0	0	0	0	0
Cooper Kupp	WR	6	0	0	0	0	0	130	2	9	0	0	0	0	0	0
Chris Godwin Jr.	WR	6	0	0	0	0	0	43	0	5	0	0	0	0	0	0
Kareem Hunt	RB	6	0	0	0	66	0	12	0	3	0	0	0	0	0	0
Jamaal Williams	RB	6	0	0	0	11	0	-2	0	1	0	0	0	0	0	0
Marlon Mack	RB	6	0	0	0	12	0	0	0	0	0	0	0	0	0	0
Dan Arnold	TE	6	0	0	0	0	0	27	0	2	0	0	0	0	0	0
Brandon Zylstra	WR	6	0	0	0	0	0	32	0	3	0	0	0	0	0	0
Phillip Lindsay	RB	6	0	0	0	39	0	15	0	2	0	0	0	0	0	0
Will Dissly	TE	6	0	0	0	0	0	8	1	2	0	0	0	0	0	0
Mike Boone	RB	6	0	0	0	0	0	3	0	1	0	0	0	0	0	0
Tyler Conklin	TE	6	0	0	0	0	0	71	0	3	0	0	0	0	0	0
Equanimeous St. Brown	WR	6	0	0	0	0	0	0	0	0	0	0	0	0	0	0
Byron Pringle	WR	6	0	0	0	0	0	55	0	3	0	0	0	0	0	0
Darrel Williams	RB	6	0	0	0	62	2	27	0	3	0	0	0	0	0	0
Johnny Stanton	RB	6	0	0	0	0	0	6	0	1	0	0	0	0	0	0
Courtland Sutton	WR	6	0	0	0	0	0	94	1	8	0	0	0	0	0	0
Jordan Akins	TE	6	0	0	0	0	0	41	0	4	0	0	0	0	0	0
Ian Thomas	TE	6	0	0	0	0	0	41	0	1	0	0	0	0	0	0
Nyheim Hines	RB	6	0	0	0	13	0	9	0	1	0	0	0	0	0	0
Dalton Schultz	TE	6	0	0	0	0	0	79	0	5	0	0	0	0	0	0
Ray-Ray McCloud	WR	6	0	0	0	0	0	18	0	2	0	0	0	0	0	0
Cedrick Wilson Jr.	WR	6	0	0	0	0	0	42	0	4	0	0	0	0	0	0
Justin Jackson	RB	6	0	0	0	0	0	7	0	1	0	0	0	0	0	0
Allen Lazard	WR	6	0	0	0	0	0	27	1	3	0	0	0	0	0	0
Godwin Igwebuike	RB	6	0	0	0	0	0	0	0	0	0	0	0	0	0	0
Cameron Batson	WR	6	0	0	0	0	0	0	0	0	0	0	0	0	0	0
James Washington	WR	6	0	0	0	0	0	9	0	1	0	0	0	0	0	0
Chase Edmonds	RB	6	0	0	0	46	0	4	0	3	0	0	0	0	0	0
Auden Tate	WR	6	0	0	0	0	0	7	1	1	0	0	0	0	0	0
Mark Andrews	TE	6	0	0	0	0	0	68	1	5	0	0	0	0	0	0
Chris Herndon	TE	6	0	0	0	0	0	2	1	1	0	0	0	0	0	0
Christian Kirk	WR	6	0	0	0	0	0	75	1	5	0	0	0	0	0	0
Lamar Jackson	QB	6	167	1	2	51	0	0	0	0	0	0	0	0	0	0
Durham Smythe	TE	6	0	0	0	0	0	59	0	5	0	0	0	0	0	0
Kalen Ballage	RB	6	0	0	0	15	0	0	0	0	0	0	0	0	0	0
Ronald Jones	RB	6	0	0	0	20	0	9	0	1	0	0	0	0	0	0
DJ Moore	WR	6	0	0	0	6	0	73	0	5	0	0	1	0	0	0
Mike Gesicki	TE	6	0	0	0	0	0	115	0	8	0	0	0	0	0	0
Royce Freeman	RB	6	0	0	0	3	0	0	0	0	0	0	0	0	0	0
Sony Michel	RB	6	0	0	0	42	0	0	0	0	0	0	0	0	0	0
KhaDarel Hodge	WR	6	0	0	0	0	0	9	0	2	0	0	0	0	0	0
Baker Mayfield	QB	6	234	2	1	8	0	0	0	0	2	0	0	0	0	0
Josh Allen	QB	6	353	3	1	26	0	0	0	0	0	0	0	0	0	1
Dante Pettis	WR	6	0	0	0	0	0	48	0	5	0	0	0	0	0	0
Malik Turner	WR	6	0	0	0	0	0	0	0	0	0	0	0	0	0	0
Sam Darnold	QB	6	207	1	1	48	0	0	0	0	1	0	0	1	0	0
John Wolford	QB	6	0	0	1	-1	0	0	0	0	0	0	0	0	0	0
Jakobi Meyers	WR	6	0	0	0	0	0	44	0	5	0	0	0	0	0	1
Alexander Mattison	RB	6	0	0	0	10	0	0	0	0	0	0	0	0	0	0
Foster Moreau	TE	6	0	0	0	0	0	11	0	1	0	0	0	0	0	0
Hunter Renfrow	WR	6	0	0	0	0	0	36	0	3	0	0	0	0	0	0
Ashton Dulin	WR	6	0	0	0	0	0	7	0	1	0	0	0	0	0	0
Penny Hart	WR	6	0	0	0	0	0	12	0	1	0	0	0	0	0	0
Mecole Hardman	WR	6	0	0	0	6	0	62	0	4	0	1	0	0	0	0
Diontae Johnson	WR	6	0	0	0	25	0	71	0	9	0	0	0	0	0	0
Benny Snell	RB	6	0	0	0	0	0	0	0	0	0	0	0	0	0	0
Kyler Murray	QB	6	229	4	0	6	0	0	0	0	0	0	0	0	0	0
T.J. Hockenson	TE	6	0	0	0	0	0	74	0	8	0	0	0	0	0	0
Miles Sanders	RB	6	0	0	0	56	0	10	0	2	0	0	0	0	0	0
Josh Oliver	TE	6	0	0	0	0	0	2	0	1	0	0	0	0	0	0
Devin Singletary	RB	6	0	0	0	27	0	16	0	5	0	0	0	0	0	0
Tony Pollard	RB	6	0	0	0	41	0	22	0	3	0	0	0	0	0	0
Trayveon Williams	RB	6	0	0	0	13	0	0	0	0	0	0	0	0	0	0
Cullen Gillaspia	RB	6	0	0	0	0	0	0	0	0	0	0	0	0	0	0
Tommy Sweeney	TE	6	0	0	0	0	0	1	1	1	0	0	0	0	0	0
Myles Gaskin	RB	6	0	0	0	9	0	5	0	2	0	0	0	0	0	0
Donald Parham	TE	6	0	0	0	0	0	10	0	2	0	0	0	0	0	0
Trenton Irwin	WR	6	0	0	0	0	0	0	0	0	0	0	0	0	0	0
Stanley Morgan	WR	6	0	0	0	0	0	0	0	0	0	0	0	0	0	0
Jalen Guyton	WR	6	0	0	0	0	0	15	0	1	0	0	0	0	0	0
Tom Kennedy	WR	6	0	0	0	0	0	15	0	1	0	0	0	0	0	0
Joseph Fortson	TE	6	0	0	0	0	0	27	0	1	0	0	0	0	0	0
Jesper Horsted	TE	6	0	0	0	0	0	0	0	0	0	0	0	0	0	0
Travis Homer	RB	6	0	0	0	27	0	27	0	1	0	0	0	0	0	0
D'Ernest Johnson	RB	6	0	0	0	2	0	7	0	1	0	0	0	0	0	0
Drew Sample	TE	6	0	0	0	0	0	0	0	0	0	0	0	0	0	0
Parris Campbell	WR	6	0	0	0	0	0	51	1	1	0	0	0	0	0	0
DK Metcalf	WR	6	0	0	0	0	0	58	0	6	0	0	0	0	0	0
Noah Fant	TE	6	0	0	0	0	0	97	1	9	0	0	0	0	0	0
Gunner Olszewski	WR	6	0	0	0	0	0	0	0	0	0	0	0	0	0	0
Damien Harris	RB	6	0	0	0	101	1	7	0	1	0	0	0	0	0	0
Terry McLaurin	WR	6	0	0	0	0	0	28	0	4	0	0	0	0	0	0
Marquise Brown	WR	6	0	0	0	0	0	35	0	4	0	0	0	0	0	0
Darrell Henderson	RB	6	0	0	0	78	1	29	1	2	0	0	0	0	0	0
A.J. Brown	WR	6	0	0	0	0	0	91	0	7	0	0	0	0	0	0
Dawson Knox	TE	6	0	0	0	0	0	25	0	3	0	0	0	1	0	0
Josh Jacobs	RB	6	0	0	0	53	1	29	0	1	0	0	0	0	0	0
Miles Boykin	WR	6	0	0	0	0	0	6	0	1	0	0	0	0	0	0
Daniel Jones	QB	6	242	0	3	4	0	0	0	0	1	0	0	1	0	0
James Robinson	RB	6	0	0	0	73	1	28	0	3	0	0	0	0	0	0
Kendall Hinton	WR	6	0	0	0	0	0	37	0	5	0	0	0	0	0	0
Jonathan Ward	RB	6	0	0	0	14	0	0	0	0	0	0	0	0	0	0
Tyler Huntley	QB	6	0	0	0	10	0	0	0	0	0	0	0	0	0	0
Salvon Ahmed	RB	6	0	0	0	22	0	15	0	1	0	0	0	0	0	0
James Proche	WR	6	0	0	0	0	0	0	0	0	0	0	0	0	0	0
Nick Westbrook-Ikhine	WR	6	0	0	0	0	0	27	0	3	0	0	0	0	0	0
Reggie Gilliam	RB	6	0	0	0	0	0	0	0	0	0	0	0	0	0	0
Gabe Davis	WR	6	0	0	0	0	0	25	0	2	0	0	0	0	0	0
Artavis Pierce	RB	6	0	0	0	0	0	0	0	0	0	0	0	0	0	0
Tua Tagovailoa	QB	6	329	2	1	22	0	0	0	0	0	0	0	0	0	0
Jonathan Taylor	RB	6	0	0	0	145	2	13	0	1	0	0	0	0	0	0
Donovan Peoples-Jones	WR	6	0	0	0	0	0	101	2	4	0	0	0	0	0	0
Freddie Swain	WR	6	0	0	0	0	0	-4	0	2	0	0	0	0	0	0
Tyler Davis	TE	6	0	0	0	0	0	0	0	0	0	0	0	0	0	0
Zack Moss	RB	6	0	0	0	24	0	15	0	2	0	0	0	0	0	0
Michael Pittman	WR	6	0	0	0	3	0	35	0	2	0	0	0	0	0	0
Collin Johnson	WR	6	0	0	0	0	0	21	0	2	0	0	0	0	0	0
AJ Dillon	RB	6	0	0	0	59	0	0	0	0	0	0	0	0	0	0
Laviska Shenault Jr.	WR	6	0	0	0	0	0	54	0	6	0	0	0	0	0	0
Quez Watkins	WR	6	0	0	0	0	0	44	0	3	0	0	0	0	0	1
D'Andre Swift	RB	6	0	0	0	24	1	43	0	5	0	0	0	0	0	0
Cole Kmet	TE	6	0	0	0	0	0	49	0	4	0	0	0	0	0	0
Darnell Mooney	WR	6	0	0	0	0	0	45	1	5	0	0	0	0	0	0
Justin Jefferson	WR	6	0	0	0	0	0	80	0	8	0	0	1	0	0	0
Chase Claypool	WR	6	0	0	0	0	0	17	0	2	0	0	0	0	0	0
Antonio Gibson	RB	6	0	0	0	44	0	0	0	2	0	1	0	0	0	0
Devin Duvernay	WR	6	0	0	0	11	0	15	0	2	0	0	0	0	0	0
Josiah Deguara	TE	6	0	0	0	0	0	4	0	1	0	0	0	0	0	0
K.J. Osborn	WR	6	0	0	0	0	0	78	1	6	0	0	0	0	0	0
Justin Herbert	QB	6	195	1	1	12	0	0	0	0	0	0	0	0	0	0
Henry Ruggs III	WR	6	0	0	0	0	0	97	1	3	0	0	0	0	0	0
CeeDee Lamb	WR	6	0	0	0	2	0	149	2	9	0	0	0	0	0	0
Bryan Edwards	WR	6	0	0	0	0	0	67	0	2	0	0	0	0	0	0
Joshua Kelley	RB	6	0	0	0	7	0	0	0	0	0	0	0	0	0	0
K.J. Hill	WR	6	0	0	0	0	0	0	0	0	0	0	0	0	0	0
Jalen Reagor	WR	6	0	0	0	0	0	0	0	0	0	0	0	0	0	0
Jalen Hurts	QB	6	115	1	1	44	2	0	0	0	0	0	0	1	0	0
Tee Higgins	WR	6	0	0	0	0	0	44	0	3	0	0	0	0	0	0
Van Jefferson	WR	6	0	0	0	0	0	19	0	3	0	0	0	0	0	0
DeeJay Dallas	RB	6	0	0	0	17	0	33	0	5	0	0	0	0	0	0
Tyrie Cleveland	WR	6	0	0	0	0	0	0	0	0	0	0	0	0	0	0
Joe Burrow	QB	6	271	3	1	20	0	0	0	0	0	0	0	0	0	0
Rashod Bateman	WR	6	0	0	0	0	0	29	0	4	0	0	0	0	0	0
Nico Collins	WR	6	0	0	0	0	0	44	0	4	0	0	0	0	0	0
Chuba Hubbard	RB	6	0	0	0	61	1	4	0	1	0	0	0	0	0	0
Gary Brightwell	RB	6	0	0	0	0	0	0	0	0	0	0	0	0	0	0
Shi Smith	WR	6	0	0	0	0	0	20	0	2	0	0	0	0	0	0
Jaylen Waddle	WR	6	0	0	0	0	0	70	2	10	0	0	0	0	0	0
Dyami Brown	WR	6	0	0	0	0	0	30	0	3	0	0	0	0	0	0
John Bates	TE	6	0	0	0	0	0	7	0	1	0	0	0	0	0	0
Tylan Wallace	WR	6	0	0	0	0	0	0	0	0	0	0	0	0	0	0
Demetric Felton	RB	6	0	0	0	0	0	14	0	2	0	0	0	0	0	0
Kylin Hill	RB	6	0	0	0	0	0	0	0	0	0	0	0	0	0	0
Dax Milne	WR	6	0	0	0	0	0	0	0	0	0	0	0	0	0	0
Jaret Patterson	RB	6	0	0	0	5	0	-2	0	1	0	0	0	0	0	0
Tutu Atwell	WR	6	0	0	0	0	0	0	0	0	0	0	0	0	0	0
Chris Evans	RB	6	0	0	0	18	0	49	1	3	0	0	0	0	0	0
Jake Funk	RB	6	0	0	0	0	0	0	0	0	0	0	0	0	0	0
Ben Skowronek	WR	6	0	0	0	0	0	0	0	0	0	0	0	0	0	0
Rhamondre Stevenson	RB	6	0	0	0	23	1	39	0	3	0	0	0	0	0	0
Luke Farrell	TE	6	0	0	0	0	0	21	0	1	0	0	0	0	0	0
Najee Harris	RB	6	0	0	0	81	0	46	1	6	0	0	0	0	0	0
Pat Freiermuth	TE	6	0	0	0	0	0	58	0	7	0	0	0	0	0	0
Davis Mills	QB	6	243	0	2	5	0	0	0	0	0	0	0	0	0	0
Ja'Marr Chase	WR	6	0	0	0	0	0	97	0	4	0	0	0	0	0	0
Khalil Herbert	RB	6	0	0	0	97	1	15	0	2	0	0	0	0	0	0
DeVonta Smith	WR	6	0	0	0	0	0	31	0	2	0	0	0	0	0	0
Kadarius Toney	WR	6	0	0	0	0	0	36	0	3	0	0	0	0	0	0
Kenny Gainwell	RB	6	0	0	0	0	0	1	0	1	0	0	0	0	0	0
Rondale Moore	WR	6	0	0	0	10	0	16	0	3	0	0	0	0	0	0
Justin Fields	QB	6	174	1	1	43	0	0	0	0	0	0	0	0	0	0
Terrace Marshall Jr.	WR	6	0	0	0	0	0	9	0	1	0	0	0	0	0	0
Amon-Ra St. Brown	WR	6	0	0	0	0	0	26	0	5	0	0	0	0	0	1
Trevor Lawrence	QB	6	319	1	0	11	0	0	0	0	1	0	0	0	0	0
Mac Jones	QB	6	229	2	1	-4	0	0	0	0	1	0	0	1	0	0
Josh Palmer	WR	6	0	0	0	0	0	8	0	1	0	0	0	0	0	0
Amari Rodgers	WR	6	0	0	0	0	0	14	0	1	0	0	0	0	0	0
Javonte Williams	RB	6	0	0	0	53	0	15	0	3	0	0	0	0	0	0
Anthony Schwartz	WR	6	0	0	0	-3	0	11	0	2	0	0	0	0	0	0
Hunter Long	TE	6	0	0	0	0	0	0	0	0	0	0	0	0	0	0
Tommy Tremble	TE	6	0	0	0	0	0	0	0	0	0	0	0	0	0	1
Tom Brady	QB	7	211	4	0	0	0	0	0	0	0	0	0	0	0	0
Aaron Rodgers	QB	7	274	3	0	17	0	0	0	0	0	0	0	0	0	0
Marcedes Lewis	TE	7	0	0	0	0	0	31	0	3	0	0	0	0	0	0
Danny Amendola	WR	7	0	0	0	0	0	17	0	3	0	0	0	0	0	0
Matt Ryan	QB	7	336	2	1	0	0	0	0	0	0	1	0	0	0	0
DeSean Jackson	WR	7	0	0	0	0	0	0	0	0	0	0	0	0	0	0
Chad Henne	QB	7	82	0	0	4	0	0	0	0	0	0	0	0	0	0
Matthew Stafford	QB	7	334	3	0	-2	0	0	0	0	0	0	0	1	0	0
Brian Hoyer	QB	7	79	0	0	-3	0	0	0	0	0	0	0	0	0	0
Colt McCoy	QB	7	0	0	0	-1	0	0	0	0	0	0	0	0	0	0
A.J. Green	WR	7	0	0	0	0	0	66	0	3	0	0	0	0	0	0
Julio Jones	WR	7	0	0	0	0	0	38	0	2	0	0	0	0	0	0
Blaine Gabbert	QB	7	15	0	0	0	0	0	0	0	0	0	0	0	0	0
Mark Ingram	RB	7	0	0	0	9	0	18	0	3	0	0	0	0	0	0
Kyle Rudolph	TE	7	0	0	0	0	0	8	0	2	0	0	0	0	0	0
Randall Cobb	WR	7	0	0	0	0	0	22	0	3	0	0	0	0	0	0
Lee Smith	TE	7	0	0	0	0	0	7	0	1	0	0	0	0	0	0
Case Keenum	QB	7	199	1	0	7	0	0	0	0	0	0	0	0	0	0
Brandon Bolden	RB	7	0	0	0	0	0	79	1	6	0	0	0	0	0	0
Mohamed Sanu	WR	7	0	0	0	0	0	16	0	1	0	0	0	0	0	0
Josh Gordon	WR	7	0	0	0	0	0	0	0	0	0	0	0	0	0	0
Ryan Tannehill	QB	7	270	1	1	6	1	0	0	0	0	0	0	0	0	0
Darren Fells	TE	7	0	0	0	0	0	6	0	1	0	0	0	0	0	0
Zach Ertz	TE	7	0	0	0	4	0	66	1	3	0	0	0	0	0	0
Marquise Goodwin	WR	7	0	0	0	0	0	16	0	2	0	0	0	0	0	0
Kenny Stills	WR	7	0	0	0	0	0	0	0	0	0	0	0	0	0	0
Ryan Griffin	TE	7	0	0	0	0	0	15	0	1	0	0	0	0	0	0
Demetrius Harris	TE	7	0	0	0	0	0	0	0	0	0	0	0	0	0	0
Jack Doyle	TE	7	0	0	0	0	0	0	0	0	0	0	0	0	0	0
Rex Burkhead	RB	7	0	0	0	0	0	0	0	0	0	0	0	0	0	0
Robert Woods	WR	7	0	0	0	0	0	70	0	6	0	0	0	0	0	1
Giovani Bernard	RB	7	0	0	0	0	0	5	0	2	0	0	0	0	0	0
Le'Veon Bell	RB	7	0	0	0	5	0	-1	0	1	0	0	0	0	0	0
Travis Kelce	TE	7	0	0	0	0	0	65	0	7	0	0	0	0	0	0
DeAndre Hopkins	WR	7	0	0	0	0	0	53	1	7	0	0	0	0	0	0
Geno Smith	QB	7	167	1	0	12	0	0	0	0	0	0	0	0	0	0
Cordarrelle Patterson	RB	7	0	0	0	60	1	1	0	2	0	0	0	0	0	0
Damien Williams	RB	7	0	0	0	5	0	3	0	1	0	0	0	0	0	0
John Brown	WR	7	0	0	0	0	0	0	0	0	0	0	0	0	0	0
Odell Beckham Jr.	WR	7	0	0	0	0	0	23	0	2	0	0	0	0	0	0
Brandin Cooks	WR	7	0	0	0	0	0	21	0	5	0	0	0	0	0	0
Teddy Bridgewater	QB	7	187	2	1	3	0	0	0	0	0	0	0	0	0	0
Cameron Brate	TE	7	0	0	0	0	0	0	0	0	0	0	0	0	0	0
Derek Carr	QB	7	323	2	1	1	0	0	0	0	0	0	0	0	0	0
Devonta Freeman	RB	7	0	0	0	14	1	25	0	3	0	0	0	0	0	0
Diontae Spencer	WR	7	0	0	0	0	0	0	0	0	0	0	0	0	0	0
Jimmy Garoppolo	QB	7	181	1	2	0	0	0	0	0	1	0	0	0	0	0
Jerick McKinnon	RB	7	0	0	0	0	0	17	0	2	0	0	0	0	0	0
Davante Adams	WR	7	0	0	0	0	0	76	1	6	0	0	0	0	0	0
Jarvis Landry	WR	7	0	0	0	0	0	37	0	5	0	0	0	0	0	0
Mike Evans	WR	7	0	0	0	0	0	76	3	6	0	0	0	0	0	0
Allen Robinson	WR	7	0	0	0	0	0	16	0	2	0	0	0	0	0	0
Jameis Winston	QB	7	222	1	0	40	0	0	0	0	0	0	0	0	0	0
Kevin White	WR	7	0	0	0	0	0	0	0	0	0	0	0	0	0	0
Nelson Agholor	WR	7	0	0	0	0	0	51	1	2	0	0	0	0	0	0
MyCole Pruitt	TE	7	0	0	0	0	0	27	1	2	0	0	0	0	0	0
DeAndre Carter	WR	7	0	0	0	27	0	4	0	1	0	0	0	0	0	0
Taylor Heinicke	QB	7	268	1	1	95	0	0	0	0	1	0	0	0	0	0
Malcolm Brown	RB	7	0	0	0	10	0	-1	0	1	0	0	0	0	0	0
Damiere Byrd	WR	7	0	0	0	0	0	10	0	1	0	0	0	0	0	0
Jamison Crowder	WR	7	0	0	0	0	0	34	0	4	0	0	0	0	0	0
Adam Humphries	WR	7	0	0	0	0	0	36	0	3	0	0	0	0	0	0
Mike Davis	RB	7	0	0	0	10	0	0	0	0	0	0	0	0	0	0
Ameer Abdullah	RB	7	0	0	0	0	0	0	0	0	0	0	0	0	0	0
C.J. Uzomah	TE	7	0	0	0	0	0	91	2	3	0	0	0	0	0	0
Jesse James	TE	7	0	0	0	0	0	20	0	3	0	0	0	0	0	0
Geoff Swaim	TE	7	0	0	0	0	0	8	0	1	0	0	0	0	0	0
Melvin Gordon	RB	7	0	0	0	18	0	14	1	2	0	0	0	0	0	0
David Johnson	RB	7	0	0	0	25	0	27	0	5	0	0	0	0	0	0
Ty Montgomery	WR	7	0	0	0	4	0	0	0	0	0	0	0	0	0	0
Tyler Lockett	WR	7	0	0	0	0	0	12	0	2	0	0	0	0	0	0
Marcus Mariota	QB	7	0	0	0	4	0	0	0	0	0	0	0	0	0	0
Austin Hooper	TE	7	0	0	0	0	0	42	0	2	0	0	0	0	0	0
Alex Collins	RB	7	0	0	0	35	0	9	0	1	0	0	0	0	0	0
Kalif Raymond	WR	7	0	0	0	1	0	115	0	6	0	0	0	0	0	0
Alex Erickson	WR	7	0	0	0	0	0	0	0	0	0	0	0	0	0	0
J.D. McKissic	RB	7	0	0	0	22	0	34	0	4	0	0	0	0	0	0
Geronimo Allison	WR	7	0	0	0	0	0	0	0	0	0	0	0	0	0	0
Robbie Chosen	WR	7	0	0	0	0	0	14	0	3	0	0	0	0	0	0
Derrick Henry	RB	7	5	1	0	86	0	16	0	2	0	0	0	0	0	0
Demarcus Robinson	WR	7	0	0	0	0	0	7	0	1	0	0	0	0	0	0
Tajae Sharpe	WR	7	0	0	0	0	0	18	0	2	0	0	0	0	0	0
Jakeem Grant	WR	7	0	0	0	0	0	0	0	0	0	0	0	0	0	0
Carson Wentz	QB	7	150	2	0	23	1	0	0	0	1	0	0	0	0	0
Devontae Booker	RB	7	0	0	0	51	1	15	0	2	0	0	0	0	0	0
Rashard Higgins	WR	7	0	0	0	0	0	-2	0	1	0	0	0	0	0	0
Marcus Johnson	WR	7	0	0	0	5	0	0	0	0	0	0	0	0	0	0
Tyler Boyd	WR	7	0	0	0	0	0	39	0	4	0	0	0	0	0	0
Jalen Richard	RB	7	0	0	0	8	0	17	0	3	0	0	0	0	0	0
Tyreek Hill	WR	7	0	0	0	18	0	49	0	6	0	0	0	0	0	0
Hunter Henry	TE	7	0	0	0	0	0	23	1	2	0	0	0	0	0	0
Jared Goff	QB	7	268	1	2	3	0	0	0	0	0	0	0	0	0	0
Tyler Higbee	TE	7	0	0	0	0	0	46	0	5	0	0	0	0	0	0
Kenyan Drake	RB	7	0	0	0	69	1	10	0	3	0	0	0	0	0	0
Mo Alie-Cox	TE	7	0	0	0	0	0	25	1	3	0	0	0	0	0	0
Zach Pascal	WR	7	0	0	0	0	0	14	0	3	0	0	0	0	0	0
PJ Walker	QB	7	33	0	0	13	0	0	0	0	0	0	0	0	0	0
Aaron Jones	RB	7	0	0	0	19	0	20	0	5	0	0	0	0	0	0
Alex Armah	RB	7	0	0	0	2	0	0	0	0	0	0	0	0	0	0
Kendrick Bourne	WR	7	25	1	0	0	0	68	0	4	0	0	0	0	0	0
Cethan Carter	TE	7	0	0	0	0	0	0	0	0	0	0	0	0	0	0
Tim Patrick	WR	7	0	0	0	0	0	16	0	2	0	0	0	0	0	0
Pharaoh Brown	TE	7	0	0	0	0	0	11	0	3	0	0	0	0	0	0
Anthony Firkser	TE	7	0	0	0	0	0	9	0	1	0	0	0	0	0	0
John Ross	WR	7	0	0	0	0	0	27	0	2	0	0	0	0	0	0
Isaiah Ford	WR	7	0	0	0	0	0	10	1	1	0	0	0	0	0	0
Marcus Kemp	WR	7	0	0	0	0	0	8	0	1	0	0	0	0	0	0
Samaje Perine	RB	7	0	0	0	52	1	23	0	1	0	0	0	0	0	0
James Conner	RB	7	0	0	0	64	1	0	0	0	0	0	0	0	0	0
Mack Hollins	WR	7	0	0	0	0	0	13	1	2	0	0	0	0	0	0
Eric Saubert	TE	7	0	0	0	0	0	3	0	1	0	0	0	0	0	0
Ricky Seals-Jones	TE	7	0	0	0	0	0	51	0	6	0	0	0	0	0	0
Keelan Cole	WR	7	0	0	0	0	0	6	0	1	0	0	0	0	0	0
Colin Thompson	TE	7	0	0	0	0	0	0	0	0	0	0	0	0	0	0
Robert Tonyan	TE	7	0	0	0	0	0	63	1	4	0	0	0	0	0	0
Leonard Fournette	RB	7	0	0	0	81	1	9	0	2	0	0	0	0	0	0
Jonnu Smith	TE	7	0	0	0	5	0	52	0	2	0	0	0	0	0	0
Corey Davis	WR	7	0	0	0	0	0	47	1	4	0	0	0	0	0	0
Patrick Mahomes	QB	7	206	0	1	35	0	0	0	0	0	1	0	0	0	0
O.J. Howard	TE	7	0	0	0	0	0	9	0	1	0	0	0	0	0	0
Evan Engram	TE	7	0	0	0	0	0	44	0	6	0	0	0	0	0	0
David Njoku	TE	7	0	0	0	0	0	18	0	2	0	0	0	0	0	0
Zay Jones	WR	7	0	0	0	0	0	43	0	1	0	0	0	0	0	0
Gerald Everett	TE	7	0	0	0	12	0	11	0	3	0	0	0	0	0	0
Adam Shaheen	TE	7	0	0	0	0	0	23	0	4	0	0	0	0	0	0
Joe Mixon	RB	7	0	0	0	59	1	0	0	0	0	0	0	0	0	0
Alvin Kamara	RB	7	0	0	0	51	0	128	1	10	0	0	0	0	0	0
Cooper Kupp	WR	7	0	0	0	0	0	156	2	10	0	0	0	0	0	0
Chris Godwin Jr.	WR	7	0	0	0	0	0	111	1	8	0	0	0	0	0	0
Josh Reynolds	WR	7	0	0	0	0	0	23	0	3	0	0	0	0	0	0
Jamaal Williams	RB	7	0	0	0	57	0	0	0	0	0	0	0	0	0	0
Wayne Gallman	RB	7	0	0	0	2	0	0	0	0	0	0	0	0	0	0
Marlon Mack	RB	7	0	0	0	4	0	0	0	0	0	0	0	0	0	0
Jeremy McNichols	RB	7	0	0	0	0	0	10	0	1	0	0	0	0	0	0
Ross Dwelley	TE	7	0	0	0	0	0	5	0	1	0	0	0	0	0	0
Phillip Lindsay	RB	7	0	0	0	8	0	0	0	0	0	0	0	0	0	0
Trenton Cannon	RB	7	0	0	0	0	0	0	0	0	0	0	0	0	0	0
Equanimeous St. Brown	WR	7	0	0	0	13	0	0	0	0	0	0	0	0	0	0
Byron Pringle	WR	7	0	0	0	0	0	73	0	5	0	0	0	0	0	0
Darrel Williams	RB	7	0	0	0	20	0	30	0	3	0	0	0	0	0	0
Johnny Stanton	RB	7	0	0	0	5	0	1	1	1	0	0	0	0	0	0
Keith Kirkwood	WR	7	0	0	0	0	0	17	0	3	0	0	0	0	0	0
Deon Yelder	TE	7	0	0	0	0	0	0	0	1	0	0	0	0	0	0
Courtland Sutton	WR	7	0	0	0	0	0	68	0	5	0	0	0	0	0	0
Dallas Goedert	TE	7	0	0	0	0	0	70	0	3	0	0	0	0	0	1
Jordan Akins	TE	7	0	0	0	0	0	13	0	2	0	0	0	0	0	0
Ian Thomas	TE	7	0	0	0	0	0	0	0	0	0	0	0	0	0	0
Keke Coutee	WR	7	0	0	0	0	0	5	0	1	0	0	0	0	0	0
Nyheim Hines	RB	7	0	0	0	14	0	-2	0	1	0	0	0	0	0	0
Mike White	QB	7	202	1	2	0	0	0	0	0	0	0	0	0	0	0
Russell Gage	WR	7	0	0	0	0	0	67	1	4	0	0	0	0	0	0
Boston Scott	RB	7	0	0	0	24	1	5	0	1	0	0	0	0	0	0
Braxton Berrios	WR	7	0	0	0	0	0	0	0	0	0	0	0	0	0	0
Logan Woodside	QB	7	0	0	0	-1	0	0	0	0	0	0	0	0	0	0
Buddy Howell	RB	7	0	0	0	0	0	0	0	0	0	0	0	0	0	0
Trent Sherfield	WR	7	0	0	0	0	0	9	0	1	0	0	0	0	0	0
Allen Lazard	WR	7	0	0	0	0	0	60	1	5	0	0	0	0	0	0
Ryan Nall	RB	7	0	0	0	0	0	4	0	1	0	0	0	0	0	0
Godwin Igwebuike	RB	7	0	0	0	0	0	0	0	0	0	0	0	0	0	0
Chase Edmonds	RB	7	0	0	0	81	0	9	0	1	0	0	0	0	0	0
Rashaad Penny	RB	7	0	0	0	9	0	0	0	0	0	0	0	0	0	0
Mark Andrews	TE	7	0	0	0	0	0	48	0	3	0	0	0	0	0	0
Tre'Quan Smith	WR	7	0	0	0	0	0	11	0	1	0	0	0	0	0	0
Christian Kirk	WR	7	0	0	0	0	0	50	1	4	0	0	0	0	0	0
Lamar Jackson	QB	7	257	1	0	88	0	0	0	0	0	0	0	0	0	0
Durham Smythe	TE	7	0	0	0	0	0	37	0	3	0	0	0	0	0	0
John Kelly	RB	7	0	0	0	13	0	0	0	0	0	0	0	0	0	0
Ronald Jones	RB	7	0	0	0	63	0	0	0	0	0	1	0	0	0	0
DJ Moore	WR	7	0	0	0	0	0	73	0	6	0	0	0	0	0	0
Mike Gesicki	TE	7	0	0	0	0	0	85	1	7	0	0	0	0	0	0
Hayden Hurst	TE	7	0	0	0	0	0	35	0	3	0	0	0	0	0	0
Calvin Ridley	WR	7	0	0	0	0	0	26	1	4	0	0	0	0	0	0
Royce Freeman	RB	7	0	0	0	18	0	1	0	1	0	0	0	0	0	0
Sony Michel	RB	7	0	0	0	4	0	0	0	0	0	0	0	0	0	0
KhaDarel Hodge	WR	7	0	0	0	0	0	3	0	1	0	0	0	0	0	0
Dante Pettis	WR	7	16	0	0	0	0	39	1	5	0	0	0	0	0	0
Sam Darnold	QB	7	112	0	1	0	0	0	0	0	0	0	0	0	0	0
Jakobi Meyers	WR	7	0	0	0	0	0	44	0	5	0	0	0	0	0	0
Foster Moreau	TE	7	0	0	0	0	0	60	1	6	0	0	0	0	0	0
Hunter Renfrow	WR	7	0	0	0	0	0	58	0	7	0	0	0	0	0	0
Ashton Dulin	WR	7	0	0	0	0	0	0	0	2	0	0	0	0	0	0
Penny Hart	WR	7	0	0	0	0	0	0	0	0	0	0	0	0	0	0
Mecole Hardman	WR	7	0	0	0	0	0	28	0	4	0	0	1	0	0	0
Devine Ozigbo	RB	7	0	0	0	-3	0	7	0	1	0	0	0	0	0	0
Olamide Zaccheaus	WR	7	0	0	0	0	0	13	0	1	0	0	0	0	0	0
Kyler Murray	QB	7	261	3	1	10	0	0	0	0	0	0	0	0	0	0
T.J. Hockenson	TE	7	0	0	0	0	0	48	0	6	0	0	0	0	0	0
Miles Sanders	RB	7	0	0	0	30	0	-3	0	1	0	0	0	0	0	0
J.J. Arcega-Whiteside	WR	7	0	0	0	0	0	0	0	0	0	0	0	0	0	0
Josh Oliver	TE	7	0	0	0	0	0	29	0	2	0	0	0	0	0	0
Trevon Wesco	TE	7	0	0	0	0	0	0	0	0	0	0	0	0	0	0
Cullen Gillaspia	RB	7	0	0	0	0	0	0	0	0	0	0	0	0	0	0
Myles Gaskin	RB	7	0	0	0	67	0	10	1	4	0	0	0	0	0	0
Trenton Irwin	WR	7	0	0	0	0	0	0	0	0	0	0	0	0	0	0
Preston Williams	WR	7	0	0	0	0	0	5	0	1	0	0	0	0	0	0
David Sills	WR	7	0	0	0	0	0	0	0	0	0	0	0	0	0	0
Lil'Jordan Humphrey	WR	7	0	0	0	0	0	0	0	0	0	0	0	0	0	0
Darius Slayton	WR	7	0	0	0	0	0	63	0	5	0	0	0	0	0	0
Ty Johnson	RB	7	0	0	0	6	0	65	0	6	0	0	0	0	0	0
Jesper Horsted	TE	7	0	0	0	0	0	0	0	0	0	0	0	0	0	0
Travis Homer	RB	7	0	0	0	14	0	0	0	0	0	0	0	0	0	0
N'Keal Harry	TE	7	0	0	0	0	0	28	0	1	0	0	0	0	0	0
D'Ernest Johnson	RB	7	0	0	0	146	1	22	0	2	0	0	0	0	0	0
DK Metcalf	WR	7	0	0	0	0	0	96	1	2	0	0	0	0	0	0
Noah Fant	TE	7	0	0	0	0	0	39	0	5	0	0	0	0	0	0
Gunner Olszewski	WR	7	0	0	0	0	0	22	0	1	0	0	0	0	0	0
Damien Harris	RB	7	0	0	0	106	2	7	0	2	0	0	0	0	0	0
Terry McLaurin	WR	7	0	0	0	0	0	122	1	7	0	0	0	0	0	0
Marquise Brown	WR	7	0	0	0	0	0	80	1	5	0	0	0	0	0	0
Darrell Henderson	RB	7	0	0	0	45	0	19	0	3	0	0	0	0	0	0
A.J. Brown	WR	7	0	0	0	0	0	133	1	8	0	0	0	0	0	0
Josh Jacobs	RB	7	0	0	0	29	1	39	0	3	0	0	0	0	0	0
Daniel Jones	QB	7	203	1	0	28	0	16	0	1	0	0	0	0	0	0
Derrick Gore	RB	7	0	0	0	0	0	7	0	1	0	0	0	0	0	0
Deebo Samuel Sr.	WR	7	0	0	0	0	0	100	1	7	0	0	1	0	0	0
Jakob Johnson	RB	7	0	0	0	0	0	32	0	2	0	0	0	0	0	0
JaMycal Hasty	RB	7	0	0	0	1	0	15	0	3	0	0	0	0	0	0
Kendall Hinton	WR	7	0	0	0	0	0	15	0	2	0	0	0	0	0	0
Jonathan Ward	RB	7	0	0	0	7	0	0	0	0	0	0	0	0	0	0
Tyler Huntley	QB	7	39	0	0	0	0	0	0	0	0	0	0	0	0	0
Salvon Ahmed	RB	7	0	0	0	26	0	26	0	2	0	0	0	0	0	0
Juwan Johnson	TE	7	0	0	0	0	0	8	0	1	0	0	0	0	0	0
J.J. Taylor	RB	7	0	0	0	21	2	5	0	1	0	0	0	0	0	0
James Proche	WR	7	0	0	0	0	0	0	0	0	0	0	0	0	0	0
Mason Kinsey	WR	7	0	0	0	0	0	0	0	0	0	0	0	0	0	0
Tua Tagovailoa	QB	7	291	4	2	29	0	0	0	0	0	0	0	0	0	0
Marquez Callaway	WR	7	0	0	0	0	0	32	0	3	0	0	0	0	0	0
Jonathan Taylor	RB	7	0	0	0	107	1	3	0	3	0	1	0	0	0	0
Harrison Bryant	TE	7	0	0	0	0	0	15	0	1	0	0	0	0	0	0
Freddie Swain	WR	7	0	0	0	8	0	39	0	4	0	0	0	0	0	0
Tyler Davis	TE	7	0	0	0	0	0	0	0	0	0	0	0	0	0	0
Michael Pittman	WR	7	0	0	0	0	0	105	1	4	0	0	0	0	0	0
Collin Johnson	WR	7	0	0	0	0	0	7	0	1	0	0	0	0	0	0
Denzel Mims	WR	7	0	0	0	0	0	6	0	1	0	0	0	0	0	0
Jauan Jennings	WR	7	0	0	0	0	0	0	0	0	0	0	0	0	0	0
Brandon Aiyuk	WR	7	0	0	0	3	0	6	0	1	0	0	0	0	0	0
AJ Dillon	RB	7	0	0	0	6	0	2	0	1	0	1	0	0	0	0
Quez Watkins	WR	7	0	0	0	0	0	37	0	2	0	0	0	0	0	0
D'Andre Swift	RB	7	0	0	0	48	0	96	1	8	0	0	0	0	0	0
Cole Kmet	TE	7	0	0	0	0	0	43	0	5	0	0	0	0	0	0
Darrynton Evans	RB	7	0	0	0	7	0	11	0	2	0	0	0	0	0	0
Darnell Mooney	WR	7	0	0	0	0	0	39	0	2	0	0	0	0	0	0
Antonio Gibson	RB	7	0	0	0	51	0	5	0	2	0	0	0	0	0	0
Devin Duvernay	WR	7	0	0	0	-2	0	11	0	1	0	0	0	0	0	0
Josiah Deguara	TE	7	0	0	0	0	0	0	0	0	0	0	0	0	0	0
Antonio Gandy-Golden	WR	7	0	0	0	0	0	0	0	0	0	0	0	0	0	0
Henry Ruggs III	WR	7	0	0	0	7	0	24	0	4	0	0	0	0	0	0
Bryan Edwards	WR	7	0	0	0	0	0	43	1	3	0	0	0	0	0	0
Eno Benjamin	RB	7	0	0	0	7	0	0	0	0	0	0	0	0	0	0
Jalen Reagor	WR	7	0	0	0	0	0	25	1	2	0	0	0	0	0	0
Jalen Hurts	QB	7	236	2	0	61	0	0	0	0	0	1	0	1	0	0
Tee Higgins	WR	7	0	0	0	0	0	62	0	7	0	0	0	0	0	0
Van Jefferson	WR	7	0	0	0	0	0	43	1	4	0	0	0	0	0	0
Adam Trautman	TE	7	0	0	0	0	0	36	0	3	0	0	1	0	0	0
DeeJay Dallas	RB	7	0	0	0	0	0	0	0	0	0	0	0	0	0	0
Tyler Johnson	WR	7	0	0	0	0	0	16	0	2	0	0	0	0	0	0
Charlie Woerner	TE	7	0	0	0	0	0	30	0	2	0	0	0	0	0	0
Tyrie Cleveland	WR	7	0	0	0	0	0	0	0	0	0	0	0	0	0	0
Joe Burrow	QB	7	416	3	1	0	0	0	0	0	0	0	0	0	0	0
Ke'Shawn Vaughn	RB	7	0	0	0	27	0	0	0	0	0	0	0	0	0	0
Ty'Son Williams	RB	7	0	0	0	10	0	24	0	2	0	0	0	0	0	0
Rashod Bateman	WR	7	0	0	0	0	0	80	0	3	0	0	0	0	0	0
Nico Collins	WR	7	0	0	0	0	0	28	0	2	0	0	0	0	0	0
Chuba Hubbard	RB	7	0	0	0	28	0	28	0	4	0	0	0	0	0	0
Elijah Mitchell	RB	7	0	0	0	107	1	0	0	0	0	0	0	0	0	0
Shi Smith	WR	7	0	0	0	-3	0	0	0	0	0	0	0	0	0	0
Jaylen Waddle	WR	7	0	0	0	0	0	83	0	7	0	0	0	0	0	0
Tylan Wallace	WR	7	0	0	0	0	0	0	0	0	0	0	0	0	0	0
Noah Gray	TE	7	0	0	0	0	0	4	0	1	0	0	0	0	0	0
Demetric Felton	RB	7	0	0	0	13	0	21	0	3	0	0	0	0	0	0
Kylin Hill	RB	7	0	0	0	2	0	0	0	0	0	0	0	0	0	0
Dax Milne	WR	7	0	0	0	0	0	16	0	2	0	0	0	0	0	0
Brock Wright	TE	7	0	0	0	0	0	0	0	0	0	0	0	0	0	0
Ben Skowronek	WR	7	0	0	0	0	0	0	0	0	0	0	0	0	0	0
Kylen Granson	TE	7	0	0	0	0	0	0	0	0	0	0	0	0	0	0
Jaelon Darden	WR	7	0	0	0	11	0	0	0	0	0	0	0	0	0	0
Davis Mills	QB	7	135	0	0	0	0	0	0	0	1	0	0	0	0	0
Ja'Marr Chase	WR	7	0	0	0	0	0	201	1	8	0	0	0	0	0	0
Khalil Herbert	RB	7	0	0	0	100	0	33	0	5	0	0	0	0	0	0
DeVonta Smith	WR	7	0	0	0	0	0	61	0	5	0	0	0	0	0	0
Jacob Harris	WR	7	0	0	0	0	0	0	0	0	0	0	0	0	0	0
Kenny Gainwell	RB	7	0	0	0	20	0	41	1	4	0	1	0	0	0	0
Michael Carter	RB	7	0	0	0	37	0	67	0	8	0	0	1	0	0	0
Rondale Moore	WR	7	0	0	0	0	0	17	0	2	0	0	0	0	0	0
Justin Fields	QB	7	184	0	3	38	0	0	0	0	2	0	0	0	0	0
Kyle Pitts	TE	7	0	0	0	0	0	163	0	7	0	0	0	0	0	0
Mac Jones	QB	7	307	2	0	19	0	0	0	0	0	0	0	0	0	0
Elijah Moore	WR	7	0	0	0	19	1	13	0	1	0	0	0	0	0	0
Amari Rodgers	WR	7	0	0	0	0	0	0	0	0	0	0	0	0	0	0
Javonte Williams	RB	7	0	0	0	20	0	32	1	6	0	0	0	0	0	0
Anthony Schwartz	WR	7	0	0	0	-2	0	22	0	2	0	0	0	0	0	0
Tommy Tremble	TE	7	0	0	0	0	0	12	0	2	0	0	0	0	0	0
Zach Wilson	QB	7	51	0	0	0	0	0	0	0	0	0	0	0	0	0
Tom Brady	QB	8	375	4	2	2	0	0	0	0	1	0	0	0	0	0
Ben Roethlisberger	QB	8	266	1	0	0	0	0	0	0	0	0	0	0	0	0
Aaron Rodgers	QB	8	184	2	0	3	0	0	0	0	0	0	0	0	0	0
Marcedes Lewis	TE	8	0	0	0	0	0	0	0	0	0	0	0	0	0	0
Danny Amendola	WR	8	0	0	0	0	0	3	0	2	0	0	0	0	0	0
Matt Ryan	QB	8	146	1	2	3	0	0	0	0	0	0	0	0	0	0
Matthew Slater	WR	8	0	0	0	0	0	0	0	0	0	0	0	0	0	0
Josh Johnson	QB	8	17	0	0	0	0	0	0	0	0	0	0	0	0	0
Matthew Stafford	QB	8	305	3	0	0	0	0	0	0	0	0	0	0	0	0
Jared Cook	TE	8	0	0	0	0	0	25	0	2	0	0	0	0	0	0
Rob Gronkowski	TE	8	0	0	0	0	0	0	0	0	0	0	0	0	0	0
Emmanuel Sanders	WR	8	0	0	0	0	0	0	0	0	0	0	0	0	0	0
Andre Roberts	WR	8	0	0	0	0	0	0	0	0	0	0	0	0	0	0
A.J. Green	WR	8	0	0	0	0	0	50	0	5	0	0	0	0	0	0
Mark Ingram	RB	8	0	0	0	27	0	25	0	2	0	0	0	0	0	0
Kyle Rudolph	TE	8	0	0	0	0	0	12	1	2	0	0	0	0	0	0
Randall Cobb	WR	8	0	0	0	0	0	15	2	3	0	0	0	0	0	0
Luke Stocker	TE	8	0	0	0	0	0	7	0	1	0	0	0	0	0	0
Taiwan Jones	RB	8	0	0	0	0	0	0	0	0	0	0	0	0	0	0
Lee Smith	TE	8	0	0	0	0	0	0	0	0	0	0	0	0	0	0
Cole Beasley	WR	8	0	0	0	0	0	110	0	10	0	0	0	0	0	0
Brandon Bolden	RB	8	0	0	0	26	0	0	0	0	0	0	0	0	0	0
Marvin Jones	WR	8	0	0	0	0	0	35	0	5	0	0	0	0	0	0
Kirk Cousins	QB	8	184	1	0	18	0	0	0	0	0	0	0	0	0	0
T.Y. Hilton	WR	8	0	0	0	0	0	16	0	2	0	0	0	0	0	0
Mohamed Sanu	WR	8	0	0	0	0	0	59	0	3	0	0	0	0	0	0
Josh Gordon	WR	8	0	0	0	0	0	0	0	0	0	0	0	0	0	0
Ryan Tannehill	QB	8	265	3	2	26	0	0	0	0	0	0	0	0	0	0
Adam Thielen	WR	8	0	0	0	0	0	78	1	6	0	0	0	0	0	0
Zach Ertz	TE	8	0	0	0	0	0	42	0	4	0	0	0	0	0	0
Marquise Goodwin	WR	8	0	0	0	0	0	32	0	2	0	0	0	0	0	0
Ryan Griffin	TE	8	0	0	0	0	0	7	0	1	0	0	0	0	0	0
Demetrius Harris	TE	8	0	0	0	0	0	0	0	0	0	0	0	0	0	0
Jack Doyle	TE	8	0	0	0	0	0	12	1	2	0	0	0	0	0	0
Keenan Allen	WR	8	0	0	0	0	0	77	1	6	0	0	0	0	0	0
Rex Burkhead	RB	8	0	0	0	21	1	27	0	3	0	0	0	0	0	0
Robert Woods	WR	8	0	0	0	22	1	35	1	3	0	0	0	0	0	0
Giovani Bernard	RB	8	0	0	0	30	0	7	1	1	0	0	0	0	0	0
Travis Kelce	TE	8	0	0	0	0	0	27	0	4	0	0	1	0	0	0
Tavon Austin	WR	8	0	0	0	0	0	5	0	1	0	0	0	0	0	0
DeAndre Hopkins	WR	8	0	0	0	0	0	66	0	2	0	0	0	0	0	0
Geno Smith	QB	8	195	2	0	8	1	0	0	0	0	0	0	0	0	0
Cordarrelle Patterson	RB	8	0	0	0	35	0	37	1	5	0	0	0	0	0	0
Damien Williams	RB	8	0	0	0	-3	0	0	0	0	0	0	0	0	0	0
Carlos Hyde	RB	8	0	0	0	32	0	40	0	6	0	0	0	0	0	0
Odell Beckham Jr.	WR	8	0	0	0	0	0	6	0	1	0	0	0	0	0	0
Brandin Cooks	WR	8	0	0	0	0	0	83	1	6	0	0	0	0	0	0
Teddy Bridgewater	QB	8	213	1	0	1	0	0	0	0	0	0	0	0	0	0
Cameron Brate	TE	8	0	0	0	0	0	15	0	2	0	0	0	0	0	0
Jimmy Garoppolo	QB	8	322	0	0	4	2	0	0	0	0	0	0	1	0	0
Jarvis Landry	WR	8	0	0	0	5	0	65	0	5	0	0	1	0	0	0
Mike Evans	WR	8	0	0	0	0	0	48	1	2	0	0	0	0	0	0
Allen Robinson	WR	8	0	0	0	0	0	21	0	3	0	0	0	0	0	0
Jameis Winston	QB	8	56	1	0	40	0	0	0	0	0	0	0	0	0	0
Amari Cooper	WR	8	0	0	0	0	0	122	1	8	0	0	0	0	0	0
Kevin White	WR	8	0	0	0	0	0	38	0	1	0	0	0	0	0	0
DeVante Parker	WR	8	0	0	0	0	0	85	0	8	0	0	0	0	0	0
Nelson Agholor	WR	8	0	0	0	0	0	60	0	3	0	0	0	0	0	0
MyCole Pruitt	TE	8	0	0	0	0	0	22	0	2	0	0	0	0	0	0
Stefon Diggs	WR	8	0	0	0	0	0	40	1	5	0	0	0	0	0	0
DeAndre Carter	WR	8	0	0	0	0	0	51	1	3	0	0	0	0	0	0
Taylor Heinicke	QB	8	270	1	2	10	0	0	0	0	0	0	0	0	0	0
Jamison Crowder	WR	8	0	0	0	0	0	84	0	8	0	0	1	1	0	0
Adam Humphries	WR	8	0	0	0	0	0	35	0	2	0	0	0	0	0	0
Blake Bell	TE	8	0	0	0	0	0	0	0	0	0	0	0	0	0	0
Mike Davis	RB	8	0	0	0	44	0	22	0	5	0	0	0	0	0	0
Ameer Abdullah	RB	8	0	0	0	31	0	35	0	3	0	0	0	0	0	0
Chris Conley	WR	8	0	0	0	0	0	24	0	1	0	0	0	0	0	0
C.J. Uzomah	TE	8	0	0	0	0	0	33	0	4	0	0	0	0	0	0
Jesse James	TE	8	0	0	0	0	0	38	1	3	0	0	0	0	0	0
Geoff Swaim	TE	8	0	0	0	0	0	23	1	4	0	0	0	0	0	0
Melvin Gordon	RB	8	0	0	0	47	1	15	1	3	0	1	0	0	0	0
Trevor Siemian	QB	8	159	1	0	2	0	0	0	0	0	0	0	0	0	0
David Johnson	RB	8	0	0	0	4	0	-1	0	1	0	0	0	0	0	0
Ty Montgomery	WR	8	0	0	0	0	0	4	0	1	0	0	0	0	0	0
Tyler Lockett	WR	8	0	0	0	0	0	142	0	12	0	0	0	0	0	0
Tyler Kroft	TE	8	0	0	0	0	0	20	1	2	0	0	0	0	0	0
Chester Rogers	WR	8	0	0	0	0	0	0	0	0	0	0	0	0	0	0
Sterling Shepard	WR	8	0	0	0	0	0	25	0	4	0	0	0	0	0	0
Austin Hooper	TE	8	0	0	0	0	0	26	0	4	0	0	0	0	0	0
Chris Moore	WR	8	0	0	0	0	0	16	0	2	0	0	0	0	0	0
Alex Collins	RB	8	0	0	0	44	0	0	0	0	0	0	0	0	0	0
Kalif Raymond	WR	8	0	0	0	0	0	0	0	0	0	0	0	0	0	0
Alex Erickson	WR	8	0	0	0	0	0	0	0	0	0	0	0	0	0	0
J.D. McKissic	RB	8	0	0	0	10	0	83	0	8	0	0	0	0	0	0
Robbie Chosen	WR	8	0	0	0	0	0	0	0	0	0	0	0	0	0	0
Stephen Anderson	TE	8	0	0	0	0	0	0	0	0	0	0	0	0	0	0
Derrick Henry	RB	8	0	0	0	68	0	0	0	0	0	0	0	0	0	0
Demarcus Robinson	WR	8	0	0	0	0	0	18	0	1	0	0	0	0	0	0
Tajae Sharpe	WR	8	0	0	0	0	0	58	0	5	0	0	0	0	0	0
Jordan Howard	RB	8	0	0	0	57	2	0	0	0	0	0	0	0	0	0
Jakeem Grant	WR	8	0	0	0	0	0	0	0	0	0	0	0	0	0	0
Carson Wentz	QB	8	231	3	2	11	0	0	0	0	0	0	0	0	0	0
Devontae Booker	RB	8	0	0	0	60	0	65	0	5	0	0	0	0	0	0
Rashard Higgins	WR	8	0	0	0	0	0	27	0	2	0	0	0	0	0	0
Marcus Johnson	WR	8	0	0	0	0	0	8	0	1	0	0	0	0	0	0
J.P. Holtz	TE	8	0	0	0	0	0	0	0	0	0	0	0	0	0	0
Tyler Boyd	WR	8	46	0	0	0	0	69	1	5	0	0	0	0	0	0
Tyreek Hill	WR	8	0	0	0	0	0	94	1	12	0	0	0	0	0	0
Ezekiel Elliott	RB	8	0	0	0	50	0	23	0	4	0	0	0	0	0	0
Hunter Henry	TE	8	0	0	0	0	0	33	0	1	0	0	0	0	0	0
Garrett Griffin	TE	8	0	0	0	0	0	30	0	3	0	0	0	0	0	0
Jared Goff	QB	8	222	0	0	0	0	0	0	0	0	0	0	0	0	0
Tyler Higbee	TE	8	0	0	0	0	0	25	0	3	0	0	0	0	0	0
Cyril Grayson	WR	8	0	0	0	0	0	50	1	1	0	0	0	0	0	0
Mo Alie-Cox	TE	8	0	0	0	0	0	0	0	0	0	0	0	0	0	0
Zach Pascal	WR	8	0	0	0	0	0	43	0	5	0	0	0	0	0	0
Darrell Daniels	TE	8	0	0	0	0	0	0	0	0	0	0	0	0	0	0
PJ Walker	QB	8	0	0	0	-1	0	0	0	0	0	0	0	0	0	0
Aaron Jones	RB	8	0	0	0	59	1	51	0	7	0	0	0	0	0	0
Alex Armah	RB	8	0	0	0	0	0	1	1	1	0	0	0	0	0	0
Kendrick Bourne	WR	8	0	0	0	0	0	38	0	4	0	0	1	0	0	0
Cethan Carter	TE	8	0	0	0	0	0	0	0	0	0	0	0	0	0	0
Tim Patrick	WR	8	0	0	0	0	0	64	0	3	0	0	0	0	0	0
Anthony Firkser	TE	8	0	0	0	0	0	8	0	1	0	0	0	0	0	0
John Ross	WR	8	0	0	0	0	0	72	0	2	0	0	0	0	0	0
Isaiah McKenzie	WR	8	0	0	0	0	0	0	0	0	0	0	0	0	0	0
Isaiah Ford	WR	8	0	0	0	0	0	0	0	0	0	0	0	0	0	0
Marcus Kemp	WR	8	0	0	0	0	0	0	0	0	0	0	0	0	0	0
Samaje Perine	RB	8	0	0	0	0	0	16	0	2	0	0	0	0	0	0
Mike Williams	WR	8	0	0	0	0	0	19	0	2	0	0	0	0	0	0
James Conner	RB	8	0	0	0	22	2	0	0	0	0	0	0	0	0	0
Mack Hollins	WR	8	0	0	0	0	0	0	0	0	0	0	0	0	0	0
Jamal Agnew	WR	8	0	0	0	0	0	38	1	6	0	0	0	0	0	0
Noah Brown	WR	8	0	0	0	0	0	7	0	1	0	0	0	0	0	0
Ricky Seals-Jones	TE	8	0	0	0	0	0	12	0	2	0	0	0	0	0	0
Blake Jarwin	TE	8	0	0	0	0	0	0	0	0	0	0	0	0	0	0
Cooper Rush	QB	8	325	2	1	2	0	0	0	0	1	0	0	0	0	0
Keelan Cole	WR	8	0	0	0	0	0	25	0	3	0	0	0	0	0	0
Austin Ekeler	RB	8	0	0	0	64	1	60	0	6	0	0	0	0	0	0
Greg Ward	WR	8	0	0	0	0	0	0	0	0	0	0	0	0	0	0
Robert Tonyan	TE	8	0	0	0	0	0	49	0	3	0	0	0	0	0	0
Dare Ogunbowale	RB	8	0	0	0	9	0	9	0	1	0	0	0	0	0	0
Leonard Fournette	RB	8	0	0	0	26	0	17	0	3	0	0	0	0	0	0
Jonnu Smith	TE	8	0	0	0	0	0	13	0	2	0	0	0	0	0	0
Patrick Mahomes	QB	8	275	1	1	10	0	0	0	0	0	0	0	0	0	0
O.J. Howard	TE	8	0	0	0	0	0	16	0	2	0	0	0	0	0	0
Evan Engram	TE	8	0	0	0	0	0	15	1	3	0	0	0	0	0	0
David Njoku	TE	8	0	0	0	0	0	39	0	3	0	0	0	0	0	0
Dalvin Cook	RB	8	0	0	0	78	0	0	0	0	0	0	0	0	0	0
Gerald Everett	TE	8	0	0	0	-5	0	7	0	1	0	0	0	0	0	0
Adam Shaheen	TE	8	0	0	0	0	0	8	0	1	0	0	0	0	0	0
Joe Mixon	RB	8	0	0	0	33	1	58	1	4	0	0	0	0	0	0
Alvin Kamara	RB	8	0	0	0	61	1	15	0	3	0	0	0	0	0	0
Cooper Kupp	WR	8	0	0	0	0	0	115	1	7	0	0	0	0	0	0
Chris Godwin Jr.	WR	8	0	0	0	0	0	140	1	8	0	0	0	0	0	0
Jeremy McNichols	RB	8	0	0	0	0	0	33	0	3	0	0	0	0	0	0
Dan Arnold	TE	8	0	0	0	0	0	68	0	8	0	0	0	0	0	0
Cam Sims	WR	8	0	0	0	0	0	20	0	1	0	0	0	0	0	0
Phillip Lindsay	RB	8	0	0	0	8	0	0	0	0	0	0	0	0	0	0
Will Dissly	TE	8	0	0	0	0	0	0	0	0	0	0	0	0	0	0
Trenton Cannon	RB	8	0	0	0	0	0	0	0	0	0	0	0	0	0	0
Dontrell Hilliard	RB	8	0	0	0	0	0	0	0	0	0	0	0	0	0	0
Tyler Conklin	TE	8	0	0	0	0	0	57	0	5	0	0	0	0	0	0
Equanimeous St. Brown	WR	8	0	0	0	0	0	12	0	2	0	0	0	0	0	0
Byron Pringle	WR	8	0	0	0	0	0	12	0	1	0	0	0	0	0	0
Darrel Williams	RB	8	0	0	0	49	0	61	0	6	0	0	0	0	0	0
Keith Kirkwood	WR	8	0	0	0	0	0	0	0	0	0	0	0	0	0	0
Courtland Sutton	WR	8	0	0	0	0	0	40	0	2	0	0	0	0	0	0
Dallas Goedert	TE	8	0	0	0	0	0	72	0	6	0	0	0	0	0	0
Jordan Akins	TE	8	0	0	0	0	0	53	0	5	0	0	0	0	0	0
Ian Thomas	TE	8	0	0	0	0	0	10	0	1	0	0	0	0	0	0
Nyheim Hines	RB	8	0	0	0	2	0	22	0	4	0	0	0	0	0	0
Dalton Schultz	TE	8	0	0	0	0	0	11	0	2	0	0	0	0	0	0
Mike White	QB	8	405	3	2	-1	0	0	0	0	0	0	0	0	0	1
Ray-Ray McCloud	WR	8	0	0	0	10	0	0	0	0	0	0	0	0	0	0
Boston Scott	RB	8	0	0	0	60	2	0	0	0	0	0	0	0	0	0
Cedrick Wilson Jr.	WR	8	35	0	0	0	0	84	1	3	0	0	0	0	0	0
Braxton Berrios	WR	8	0	0	0	0	0	13	1	2	0	0	0	0	0	0
Logan Woodside	QB	8	0	0	0	-1	0	0	0	0	0	0	0	0	0	0
Justin Jackson	RB	8	0	0	0	79	0	0	0	0	0	0	0	0	0	0
Buddy Howell	RB	8	0	0	0	11	0	0	0	0	0	0	0	0	0	0
Ryan Nall	RB	8	0	0	0	4	0	0	0	0	0	0	0	0	0	0
Godwin Igwebuike	RB	8	0	0	0	18	0	40	0	3	0	0	0	0	0	0
James Washington	WR	8	0	0	0	0	0	4	0	1	0	0	0	0	0	0
Chase Edmonds	RB	8	0	0	0	30	1	39	0	3	0	0	0	0	0	0
Rashaad Penny	RB	8	0	0	0	7	0	0	0	0	0	0	0	0	0	0
Tre'Quan Smith	WR	8	0	0	0	0	0	33	1	3	0	0	0	0	0	0
Chris Herndon	TE	8	0	0	0	0	0	7	0	1	0	0	0	0	0	0
Christian Kirk	WR	8	0	0	0	0	0	46	0	4	0	0	0	0	0	0
Nick Chubb	RB	8	0	0	0	61	0	8	0	1	0	0	0	0	0	0
Kalen Ballage	RB	8	0	0	0	-3	0	0	0	0	0	0	0	0	0	0
Ronald Jones	RB	8	0	0	0	13	0	6	0	1	0	0	0	0	0	0
DJ Moore	WR	8	0	0	0	0	0	59	0	4	0	0	0	0	0	0
Mike Gesicki	TE	8	0	0	0	0	0	48	0	3	0	0	0	0	0	1
Hayden Hurst	TE	8	0	0	0	0	0	4	0	2	0	0	0	0	0	0
Royce Freeman	RB	8	0	0	0	25	0	0	0	0	0	0	0	0	0	0
Sony Michel	RB	8	0	0	0	42	0	14	0	2	0	0	0	0	0	0
KhaDarel Hodge	WR	8	0	0	0	0	0	0	0	0	0	0	0	0	0	0
Baker Mayfield	QB	8	225	0	0	5	0	0	0	0	0	0	0	0	0	0
Josh Allen	QB	8	249	2	0	55	1	0	0	0	0	0	0	0	0	0
Dante Pettis	WR	8	0	0	0	0	0	0	0	0	0	0	0	0	0	0
Sam Darnold	QB	8	129	0	0	66	0	0	0	0	0	0	0	0	0	0
John Wolford	QB	8	5	0	0	0	0	0	0	0	0	0	0	0	0	0
Jakobi Meyers	WR	8	0	0	0	0	0	36	0	4	0	0	0	0	0	1
Alexander Mattison	RB	8	0	0	0	5	0	-5	0	2	0	0	0	0	0	0
Ashton Dulin	WR	8	0	0	0	0	0	0	0	0	0	0	0	0	0	0
David Blough	QB	8	0	0	0	6	0	0	0	0	0	0	0	0	0	0
Antoine Wesley	WR	8	0	0	0	0	0	7	0	1	0	0	0	0	0	0
Mecole Hardman	WR	8	0	0	0	0	0	63	0	5	0	0	0	0	0	0
Olamide Zaccheaus	WR	8	0	0	0	0	0	12	0	1	0	0	0	0	0	0
Deonte Harty	WR	8	0	0	0	22	0	35	0	3	0	0	0	0	0	0
Diontae Johnson	WR	8	0	0	0	0	0	98	0	6	0	0	0	0	0	0
Benny Snell	RB	8	0	0	0	0	0	7	0	1	0	0	0	0	0	0
Zach Gentry	TE	8	0	0	0	0	0	39	0	3	0	0	0	0	0	0
Kyler Murray	QB	8	274	0	2	21	0	0	0	0	0	0	0	0	0	0
T.J. Hockenson	TE	8	0	0	0	0	0	89	0	10	0	0	0	0	0	0
Devin Singletary	RB	8	0	0	0	28	0	1	0	1	0	0	0	0	0	0
Tony Pollard	RB	8	0	0	0	26	0	1	0	1	0	0	0	0	0	0
Gardner Minshew	QB	8	11	0	0	0	0	0	0	0	0	0	0	0	0	0
Tommy Sweeney	TE	8	0	0	0	0	0	30	0	3	0	0	0	0	0	0
Myles Gaskin	RB	8	0	0	0	36	0	19	0	3	0	0	0	0	0	0
Donald Parham	TE	8	0	0	0	0	0	0	0	0	0	0	0	0	0	0
Patrick Laird	RB	8	0	0	0	0	0	10	0	1	0	0	0	0	0	0
Jalen Guyton	WR	8	0	0	0	0	0	18	0	1	0	0	0	0	0	0
Tyron Johnson	WR	8	0	0	0	0	0	10	0	1	0	0	0	0	0	0
Malik Taylor	WR	8	0	0	0	0	0	0	0	0	0	0	0	0	0	0
Jeff Smith	WR	8	0	0	0	-1	0	10	0	1	0	0	0	0	0	0
Darius Slayton	WR	8	0	0	0	0	0	0	0	0	0	0	0	0	0	0
Ty Johnson	RB	8	0	0	0	15	0	71	1	5	0	0	0	0	0	0
Tom Kennedy	WR	8	0	0	0	0	0	0	0	0	0	0	0	0	0	0
Juwann Winfree	WR	8	0	0	0	0	0	30	0	4	0	0	0	0	0	0
Travis Homer	RB	8	0	0	0	9	0	3	0	1	0	0	0	0	0	0
N'Keal Harry	TE	8	0	0	0	0	0	30	0	2	0	0	0	0	0	0
D'Ernest Johnson	RB	8	0	0	0	22	1	7	0	1	0	0	0	0	0	0
DK Metcalf	WR	8	0	0	0	0	0	43	2	6	0	0	0	0	0	0
Noah Fant	TE	8	0	0	0	0	0	8	0	2	0	0	0	0	0	0
Gunner Olszewski	WR	8	0	0	0	0	0	0	0	0	0	0	0	0	0	0
Damien Harris	RB	8	0	0	0	80	1	0	0	0	0	0	0	0	0	0
Terry McLaurin	WR	8	0	0	0	12	0	23	0	3	0	0	0	0	0	0
Darrell Henderson	RB	8	0	0	0	90	1	3	1	1	0	0	0	0	0	0
A.J. Brown	WR	8	0	0	0	0	0	155	1	10	0	0	0	0	0	0
Daniel Jones	QB	8	222	2	1	12	0	0	0	0	0	0	0	0	0	0
Derrick Gore	RB	8	0	0	0	48	1	0	0	0	0	0	0	0	0	0
Deebo Samuel Sr.	WR	8	0	0	0	0	0	171	0	6	0	0	0	0	0	0
Jakob Johnson	RB	8	0	0	0	0	0	2	0	1	0	0	0	0	0	0
JaMycal Hasty	RB	8	0	0	0	4	0	29	0	2	0	0	0	0	0	0
James Robinson	RB	8	0	0	0	22	0	17	0	1	0	0	0	0	0	0
Kendall Hinton	WR	8	0	0	0	0	0	0	0	0	0	0	0	0	0	0
Jonathan Ward	RB	8	0	0	0	0	0	0	0	0	0	0	0	0	0	0
Giovanni Ricci	TE	8	0	0	0	0	0	0	0	0	0	0	0	0	0	0
Salvon Ahmed	RB	8	0	0	0	22	0	6	0	1	0	0	0	0	0	0
Juwan Johnson	TE	8	0	0	0	0	0	0	0	0	0	0	0	0	0	0
Scottie Phillips	RB	8	0	0	0	11	0	9	0	2	0	0	0	0	0	0
Nick Westbrook-Ikhine	WR	8	0	0	0	0	0	16	1	2	0	0	0	0	0	0
Gabe Davis	WR	8	0	0	0	0	0	29	1	4	0	0	0	0	0	0
Tua Tagovailoa	QB	8	205	0	1	10	1	0	0	0	0	0	0	1	0	0
Marquez Callaway	WR	8	0	0	0	0	0	30	0	3	0	0	0	0	0	0
Jonathan Taylor	RB	8	0	0	0	70	1	52	0	3	0	0	0	0	0	0
Harrison Bryant	TE	8	0	0	0	0	0	33	0	2	0	0	0	0	0	0
Freddie Swain	WR	8	0	0	0	0	0	0	0	0	0	0	0	0	0	0
Zack Moss	RB	8	0	0	0	19	0	39	0	6	0	0	0	0	0	0
Michael Pittman	WR	8	0	0	0	0	0	86	2	10	0	0	0	0	0	0
Collin Johnson	WR	8	0	0	0	0	0	10	0	2	0	0	0	0	0	0
Denzel Mims	WR	8	0	0	0	0	0	30	0	2	0	0	0	0	0	0
Jauan Jennings	WR	8	0	0	0	0	0	0	0	0	0	0	0	0	0	0
Brandon Aiyuk	WR	8	0	0	0	0	0	45	0	4	0	0	0	0	0	1
AJ Dillon	RB	8	0	0	0	78	0	0	0	0	0	0	0	0	0	0
Laviska Shenault Jr.	WR	8	0	0	0	8	0	13	0	2	0	0	0	0	0	0
La'Mical Perine	RB	8	0	0	0	3	0	0	0	0	0	0	0	0	0	0
Quez Watkins	WR	8	0	0	0	0	0	18	0	2	0	0	0	0	0	0
D'Andre Swift	RB	8	0	0	0	27	0	24	0	5	0	0	1	0	0	0
Cole Kmet	TE	8	0	0	0	0	0	24	0	3	0	0	0	0	0	0
Darnell Mooney	WR	8	0	0	0	0	0	64	0	6	0	0	0	0	0	0
Justin Jefferson	WR	8	0	0	0	0	0	21	0	2	0	0	0	0	0	0
Chase Claypool	WR	8	0	0	0	16	0	45	0	4	0	0	0	0	0	0
Antonio Gibson	RB	8	0	0	0	34	0	20	0	3	0	0	0	0	0	0
Josiah Deguara	TE	8	0	0	0	0	0	20	0	2	0	0	0	0	0	0
Anthony McFarland	RB	8	0	0	0	1	0	0	0	0	0	0	0	0	0	0
K.J. Osborn	WR	8	0	0	0	0	0	10	0	2	0	0	0	0	0	0
Justin Herbert	QB	8	223	2	2	9	0	0	0	0	0	0	0	0	0	0
CeeDee Lamb	WR	8	0	0	0	0	0	112	0	6	0	0	0	0	0	0
Jalen Reagor	WR	8	0	0	0	21	0	0	0	1	0	0	0	0	0	0
Jalen Hurts	QB	8	103	0	0	71	0	0	0	0	0	0	0	0	0	0
Jerry Jeudy	WR	8	0	0	0	0	0	39	0	4	0	0	0	0	0	0
Tee Higgins	WR	8	0	0	0	0	0	97	0	4	0	0	0	0	0	0
Van Jefferson	WR	8	0	0	0	0	0	88	0	3	0	0	0	0	0	0
Adam Trautman	TE	8	0	0	0	0	0	4	0	2	0	0	0	0	0	0
Albert Okwuegbunam	TE	8	0	0	0	0	0	34	0	3	0	0	0	0	0	0
DeeJay Dallas	RB	8	0	0	0	6	0	0	0	0	0	0	0	0	0	0
Tyler Johnson	WR	8	0	0	0	0	0	65	0	5	0	0	0	0	0	0
Charlie Woerner	TE	8	0	0	0	0	0	7	0	1	0	0	0	0	0	0
Tyrie Cleveland	WR	8	0	0	0	0	0	0	0	0	0	0	0	0	0	0
Joe Burrow	QB	8	259	3	1	-1	0	0	0	0	0	0	0	0	0	0
Nico Collins	WR	8	0	0	0	0	0	55	0	4	0	0	0	0	0	0
Chuba Hubbard	RB	8	0	0	0	82	1	9	0	1	0	1	0	0	0	0
Brevin Jordan	TE	8	0	0	0	0	0	41	1	3	0	0	0	0	0	0
Elijah Mitchell	RB	8	0	0	0	137	1	0	0	0	0	0	0	0	0	0
Shi Smith	WR	8	0	0	0	0	0	-2	0	1	0	0	0	0	0	0
Jaylen Waddle	WR	8	0	0	0	0	0	29	0	4	0	0	0	0	0	0
John Bates	TE	8	0	0	0	0	0	4	0	1	0	0	0	0	0	0
Ihmir Smith-Marsette	WR	8	0	0	0	0	0	6	0	1	0	0	0	0	0	0
Larry Rountree III	RB	8	0	0	0	11	0	0	0	0	0	0	0	0	0	0
Demetric Felton	RB	8	0	0	0	3	0	14	0	1	0	0	0	0	0	0
Kylin Hill	RB	8	0	0	0	0	0	0	0	0	0	0	0	0	0	0
Jermar Jefferson	RB	8	0	0	0	6	1	23	0	4	0	0	0	0	0	0
Dax Milne	WR	8	0	0	0	0	0	22	0	1	0	0	0	0	0	0
Jack Stoll	TE	8	0	0	0	0	0	9	0	1	0	0	0	0	0	0
Jaret Patterson	RB	8	0	0	0	46	0	0	0	0	0	0	0	0	0	0
Tutu Atwell	WR	8	0	0	0	0	0	0	0	0	0	0	0	0	0	0
Ben Skowronek	WR	8	0	0	0	0	0	30	0	3	0	0	0	0	0	0
Rhamondre Stevenson	RB	8	0	0	0	26	0	5	0	1	0	0	0	0	0	0
Kylen Granson	TE	8	0	0	0	0	0	0	0	1	0	0	0	0	0	0
Jaelon Darden	WR	8	0	0	0	0	0	11	0	3	0	0	0	0	0	0
Luke Farrell	TE	8	0	0	0	0	0	3	0	1	0	0	0	0	0	0
Najee Harris	RB	8	0	0	0	91	1	29	0	3	0	0	0	0	0	0
Pat Freiermuth	TE	8	0	0	0	0	0	44	1	4	0	0	0	0	0	0
Davis Mills	QB	8	310	2	1	0	0	0	0	0	0	0	0	0	1	0
Ja'Marr Chase	WR	8	0	0	0	9	0	32	1	3	0	0	0	0	0	0
Khalil Herbert	RB	8	0	0	0	72	0	-4	0	2	0	0	0	0	0	0
DeVonta Smith	WR	8	0	0	0	0	0	15	0	1	0	0	0	0	0	0
Kadarius Toney	WR	8	19	0	0	0	0	26	0	4	0	0	0	0	0	0
Jacob Harris	WR	8	0	0	0	0	0	0	0	0	0	0	0	0	0	0
Kenny Gainwell	RB	8	0	0	0	27	0	0	0	0	0	0	0	0	0	0
Michael Carter	RB	8	0	0	0	77	1	95	0	9	0	0	0	0	0	0
Rondale Moore	WR	8	0	0	0	1	0	24	0	3	0	0	0	0	0	0
Justin Fields	QB	8	175	1	1	103	1	0	0	0	0	0	0	0	0	0
Avery Williams	RB	8	0	0	0	0	0	0	0	0	0	0	0	0	0	0
Amon-Ra St. Brown	WR	8	0	0	0	0	0	46	0	3	0	0	0	0	0	0
Kyle Pitts	TE	8	0	0	0	0	0	13	0	2	0	0	0	0	0	0
Trevor Lawrence	QB	8	238	1	1	11	0	0	0	0	0	0	0	0	0	0
Mac Jones	QB	8	217	0	0	10	0	0	0	0	0	0	0	1	0	0
Elijah Moore	WR	8	0	0	0	4	0	67	0	6	0	0	0	0	0	0
Josh Palmer	WR	8	0	0	0	0	0	24	1	1	0	0	0	0	0	0
Amari Rodgers	WR	8	0	0	0	11	0	7	0	1	0	0	0	0	0	0
Javonte Williams	RB	8	0	0	0	35	0	13	0	2	0	0	0	0	0	0
Anthony Schwartz	WR	8	0	0	0	0	0	0	0	0	0	0	0	0	0	0
Tommy Tremble	TE	8	0	0	0	0	0	18	0	3	0	0	0	0	0	0
Ben Roethlisberger	QB	9	205	2	0	0	0	0	0	0	0	0	0	0	0	0
Marcedes Lewis	TE	9	0	0	0	0	0	-1	0	1	0	0	0	0	0	0
Adrian Peterson	RB	9	0	0	0	21	1	5	0	1	0	0	0	0	0	0
Danny Amendola	WR	9	0	0	0	0	0	49	0	3	0	0	0	0	0	0
Matt Ryan	QB	9	343	2	0	8	1	0	0	0	0	0	0	0	0	0
Matthew Slater	WR	9	0	0	0	0	0	0	0	0	0	0	0	0	0	0
Josh Johnson	QB	9	317	3	1	18	0	0	0	0	0	0	0	0	0	0
Matthew Stafford	QB	9	294	1	2	13	0	0	0	0	0	0	0	0	0	0
Brian Hoyer	QB	9	0	0	0	-3	0	0	0	0	0	0	0	0	0	0
Jared Cook	TE	9	0	0	0	0	0	48	0	4	0	0	0	0	0	1
Emmanuel Sanders	WR	9	0	0	0	0	0	65	0	4	0	0	0	0	0	0
Colt McCoy	QB	9	249	1	0	23	0	0	0	0	0	0	0	0	0	0
Andre Roberts	WR	9	0	0	0	9	0	0	0	0	0	0	0	0	0	0
Jimmy Graham	TE	9	0	0	0	0	0	28	0	1	0	0	0	0	0	0
Julio Jones	WR	9	0	0	0	0	0	35	0	4	0	0	0	0	0	0
Mark Ingram	RB	9	0	0	0	43	0	21	0	5	0	0	0	0	0	0
Kyle Rudolph	TE	9	0	0	0	0	0	20	0	4	0	0	0	0	0	0
Randall Cobb	WR	9	0	0	0	0	0	50	0	3	0	0	0	0	0	0
Luke Stocker	TE	9	0	0	0	0	0	5	0	1	0	0	0	0	0	0
Taiwan Jones	RB	9	0	0	0	0	0	0	0	0	0	0	0	0	0	0
Tyrod Taylor	QB	9	240	0	3	23	0	0	0	0	0	0	0	0	0	0
Cole Beasley	WR	9	0	0	0	0	0	33	0	8	0	0	0	0	0	0
Brandon Bolden	RB	9	0	0	0	54	0	27	0	2	0	0	0	0	0	0
Marvin Jones	WR	9	0	0	0	0	0	21	0	3	0	0	0	0	0	0
Kirk Cousins	QB	9	187	2	0	1	1	0	0	0	0	0	0	0	0	0
Mohamed Sanu	WR	9	0	0	0	0	0	5	0	1	0	0	0	0	0	0
Josh Gordon	WR	9	0	0	0	0	0	0	0	0	0	0	0	0	0	0
Ryan Tannehill	QB	9	143	1	1	3	1	0	0	0	0	0	0	0	0	0
Adam Thielen	WR	9	0	0	0	0	0	6	1	2	0	0	0	0	0	0
Zach Ertz	TE	9	0	0	0	0	0	27	0	3	0	0	0	0	0	0
Marquise Goodwin	WR	9	0	0	0	0	0	50	0	1	0	0	0	0	0	0
Kenny Stills	WR	9	0	0	0	0	0	30	1	2	0	0	0	0	0	0
Ryan Griffin	TE	9	0	0	0	0	0	28	1	4	0	0	0	0	0	0
Jack Doyle	TE	9	0	0	0	0	0	1	1	1	0	0	0	0	0	0
Keenan Allen	WR	9	0	0	0	0	0	104	0	12	0	0	0	0	0	0
Rex Burkhead	RB	9	0	0	0	9	0	0	0	0	0	0	0	0	0	0
Robert Woods	WR	9	0	0	0	6	0	98	0	7	0	0	0	0	0	0
Le'Veon Bell	RB	9	0	0	0	48	1	0	0	0	0	0	0	0	0	0
Travis Kelce	TE	9	0	0	0	0	0	68	1	5	0	0	0	0	0	0
Cordarrelle Patterson	RB	9	0	0	0	10	0	126	0	6	0	0	0	0	0	0
Willie Snead	WR	9	0	0	0	0	0	6	0	1	0	0	0	0	0	0
Albert Wilson	WR	9	0	0	0	0	0	11	0	1	0	0	0	0	0	0
Carlos Hyde	RB	9	0	0	0	67	0	6	0	1	0	1	0	0	0	0
Brandin Cooks	WR	9	0	0	0	0	0	56	0	6	0	0	0	0	0	0
Teddy Bridgewater	QB	9	249	1	0	-1	1	0	0	0	0	0	0	1	0	0
Derek Carr	QB	9	296	1	2	5	0	0	0	0	1	0	0	0	0	0
Devonta Freeman	RB	9	0	0	0	79	0	4	1	2	0	0	0	0	0	0
Diontae Spencer	WR	9	0	0	0	0	0	0	0	0	0	0	0	0	0	0
Jimmy Garoppolo	QB	9	326	2	1	3	0	0	0	0	0	0	0	0	0	0
Jerick McKinnon	RB	9	0	0	0	0	0	26	0	3	0	0	0	0	0	0
Davante Adams	WR	9	0	0	0	0	0	42	0	6	0	0	0	0	0	0
Jarvis Landry	WR	9	0	0	0	0	0	11	0	3	0	0	0	0	0	0
Allen Robinson	WR	9	0	0	0	0	0	68	0	4	0	0	0	0	0	0
Chris Manhertz	TE	9	0	0	0	0	0	9	0	1	0	0	0	0	0	0
Amari Cooper	WR	9	0	0	0	0	0	37	0	2	0	0	0	0	0	0
Kevin White	WR	9	0	0	0	0	0	0	0	0	0	0	0	0	0	0
Stefon Diggs	WR	9	0	0	0	0	0	85	0	6	0	0	0	0	0	0
Darren Waller	TE	9	0	0	0	0	0	92	0	7	0	0	0	0	0	0
Eric Tomlinson	TE	9	0	0	0	0	0	7	0	1	0	0	0	0	0	0
Jamison Crowder	WR	9	0	0	0	0	0	38	0	5	0	0	0	0	0	0
Blake Bell	TE	9	0	0	0	0	0	0	0	0	0	0	0	0	0	0
Mike Davis	RB	9	0	0	0	13	0	5	0	1	0	0	0	0	0	0
Ameer Abdullah	RB	9	0	0	0	0	0	30	0	4	0	0	0	0	0	0
Chris Conley	WR	9	0	0	0	0	0	38	0	2	0	0	0	0	0	0
C.J. Uzomah	TE	9	0	0	0	0	0	24	0	4	0	0	0	0	0	0
Geoff Swaim	TE	9	0	0	0	0	0	29	1	4	0	0	0	0	0	0
Melvin Gordon	RB	9	0	0	0	80	1	15	0	2	0	0	0	0	0	0
Trevor Siemian	QB	9	249	2	0	0	0	0	0	0	1	0	0	0	0	0
David Johnson	RB	9	0	0	0	11	0	29	0	3	0	0	0	0	0	0
Tyler Kroft	TE	9	0	0	0	0	0	38	0	2	0	0	0	0	0	0
Marcus Mariota	QB	9	0	0	0	6	0	0	0	0	0	0	0	0	0	0
Chester Rogers	WR	9	0	0	0	0	0	0	0	0	0	0	0	0	0	0
Austin Hooper	TE	9	0	0	0	0	0	14	0	2	0	0	0	0	0	0
Chris Moore	WR	9	0	0	0	0	0	4	0	1	0	0	0	0	0	0
Brandon Allen	QB	9	6	0	0	0	0	0	0	0	0	0	0	0	0	0
Dwayne Washington	RB	9	0	0	0	0	0	0	0	0	0	0	0	0	0	0
Alex Erickson	WR	9	0	0	0	0	0	0	0	0	0	0	0	0	0	0
Robbie Chosen	WR	9	0	0	0	0	0	2	0	1	0	0	0	0	0	0
Stephen Anderson	TE	9	0	0	0	0	0	39	1	4	0	0	0	0	0	0
Demarcus Robinson	WR	9	0	0	0	0	0	2	0	1	0	0	0	0	0	0
Tajae Sharpe	WR	9	0	0	0	0	0	12	0	1	0	0	0	0	0	0
Jordan Howard	RB	9	0	0	0	71	1	0	0	0	0	0	0	0	0	0
Jakeem Grant	WR	9	0	0	0	0	0	0	0	0	0	0	0	0	0	0
Carson Wentz	QB	9	272	3	0	13	0	0	0	0	0	0	0	0	0	0
Laquon Treadwell	WR	9	0	0	0	0	0	0	0	0	0	0	0	0	0	0
Devontae Booker	RB	9	0	0	0	99	0	23	0	3	0	0	0	0	0	0
Marcus Johnson	WR	9	0	0	0	-7	0	0	0	0	0	0	0	0	0	0
Tyler Boyd	WR	9	0	0	0	0	0	11	0	1	0	0	0	0	0	0
Jalen Richard	RB	9	0	0	0	0	0	18	0	2	0	0	0	0	0	0
Tyreek Hill	WR	9	0	0	0	-4	0	37	0	4	0	0	0	0	0	0
Ezekiel Elliott	RB	9	0	0	0	51	0	25	0	3	0	0	0	0	1	0
Dak Prescott	QB	9	232	2	1	16	0	0	0	0	0	0	0	0	1	0
Hunter Henry	TE	9	0	0	0	0	0	19	1	2	0	0	0	0	0	0
Tyler Higbee	TE	9	0	0	0	0	0	51	0	5	0	0	0	0	0	0
Pharoh Cooper	WR	9	0	0	0	0	0	0	0	0	0	0	0	0	0	0
Mike Thomas	WR	9	0	0	0	0	0	16	0	1	0	0	0	0	0	0
Kenyan Drake	RB	9	0	0	0	30	0	70	0	6	0	0	0	0	0	0
Jacoby Brissett	QB	9	244	1	2	7	0	0	0	0	1	0	0	0	0	0
Mo Alie-Cox	TE	9	0	0	0	0	0	28	0	1	0	0	0	0	0	0
Zach Pascal	WR	9	0	0	0	0	0	58	0	4	0	0	0	0	0	0
Darrell Daniels	TE	9	0	0	0	0	0	0	0	1	0	0	0	0	0	0
Christian McCaffrey	RB	9	0	0	0	52	0	54	0	4	0	0	0	0	0	0
George Kittle	TE	9	0	0	0	0	0	101	1	6	0	0	1	0	0	0
Aaron Jones	RB	9	0	0	0	53	0	0	0	0	0	0	0	0	0	0
Alex Armah	RB	9	0	0	0	12	0	0	0	0	0	0	0	0	0	0
Kendrick Bourne	WR	9	0	0	0	0	0	34	0	3	0	0	0	0	0	0
Cethan Carter	TE	9	0	0	0	0	0	0	0	0	0	0	0	0	0	0
Taysom Hill	TE	9	33	0	0	4	0	0	0	0	0	0	0	0	0	0
Tim Patrick	WR	9	0	0	0	0	0	85	1	4	0	0	0	0	0	0
Patrick Ricard	RB	9	0	0	0	0	0	35	1	3	0	0	0	0	0	0
Antony Auclair	TE	9	0	0	0	0	0	23	0	2	0	0	0	0	0	0
Anthony Firkser	TE	9	0	0	0	0	0	7	0	1	0	0	0	0	0	0
Isaiah McKenzie	WR	9	0	0	0	0	0	10	0	2	0	0	0	0	0	0
Isaiah Ford	WR	9	0	0	0	0	0	0	0	0	0	0	0	0	0	0
Samaje Perine	RB	9	0	0	0	20	0	17	0	2	0	0	0	0	0	0
Mike Williams	WR	9	0	0	0	0	0	58	0	2	0	0	0	0	0	0
James Conner	RB	9	0	0	0	96	2	77	1	5	0	0	0	0	0	0
Mack Hollins	WR	9	0	0	0	0	0	22	1	3	0	0	0	0	0	0
Jamal Agnew	WR	9	0	0	0	11	0	27	0	3	0	0	0	0	0	0
Eric Saubert	TE	9	0	0	0	0	0	6	0	1	0	0	0	0	0	0
Noah Brown	WR	9	0	0	0	0	0	0	0	0	0	0	0	0	0	0
Keelan Cole	WR	9	0	0	0	0	0	66	0	5	0	0	0	0	0	0
Austin Ekeler	RB	9	0	0	0	59	0	23	0	3	0	0	0	0	0	0
Colin Thompson	TE	9	0	0	0	0	0	0	0	0	0	0	0	0	0	0
Corey Clement	RB	9	0	0	0	0	0	0	0	0	0	0	0	0	0	0
Greg Ward	WR	9	0	0	0	0	0	0	0	0	0	0	0	0	0	0
Dede Westbrook	WR	9	0	0	0	0	0	0	0	0	0	0	0	0	0	0
Dare Ogunbowale	RB	9	0	0	0	1	0	4	0	1	0	0	0	0	0	0
Jonnu Smith	TE	9	0	0	0	4	0	4	0	1	0	0	0	0	0	0
Patrick Mahomes	QB	9	166	1	0	-2	0	0	0	0	0	0	0	0	0	0
Evan Engram	TE	9	0	0	0	0	0	38	1	3	0	0	0	0	0	0
David Njoku	TE	9	0	0	0	0	0	18	1	1	0	0	0	0	0	0
Zay Jones	WR	9	0	0	0	0	0	20	0	1	0	0	0	0	0	0
Dalvin Cook	RB	9	0	0	0	110	0	12	0	3	0	0	0	0	0	0
Adam Shaheen	TE	9	0	0	0	0	0	11	0	1	0	0	0	0	0	0
Joe Mixon	RB	9	0	0	0	64	2	46	0	5	0	0	0	0	0	0
Alvin Kamara	RB	9	0	0	0	50	1	54	0	4	0	0	0	0	0	0
Cooper Kupp	WR	9	0	0	0	0	0	95	0	11	0	0	0	0	0	0
D'Onta Foreman	RB	9	0	0	0	29	0	0	0	0	0	0	0	0	0	0
Kenny Golladay	WR	9	0	0	0	0	0	28	0	2	0	0	0	0	0	0
C.J. Beathard	QB	9	33	0	0	0	0	0	0	0	0	0	0	0	0	0
Jeremy McNichols	RB	9	0	0	0	24	0	11	0	3	0	0	0	0	0	0
Dan Arnold	TE	9	0	0	0	0	0	60	0	4	0	0	0	0	0	0
Phillip Lindsay	RB	9	0	0	0	28	0	0	0	0	0	0	0	0	0	0
Christian Blake	WR	9	0	0	0	0	0	0	0	0	0	0	0	0	0	0
Trenton Cannon	RB	9	0	0	0	0	0	0	0	0	0	0	0	0	0	0
Kevin Rader	TE	9	0	0	0	0	0	1	0	1	0	0	0	0	0	0
Mike Boone	RB	9	0	0	0	0	0	0	0	0	0	0	0	0	0	0
Tyler Conklin	TE	9	0	0	0	0	0	45	0	5	0	0	0	0	0	0
Marquez Valdes-Scantling	WR	9	0	0	0	0	0	19	0	2	0	0	0	0	0	0
Darrel Williams	RB	9	0	0	0	70	0	7	0	3	0	0	0	0	0	0
Courtland Sutton	WR	9	0	0	0	0	0	9	0	1	0	0	0	0	0	1
Dallas Goedert	TE	9	0	0	0	0	0	43	0	3	0	0	0	0	0	0
Jordan Akins	TE	9	0	0	0	0	0	7	0	2	0	0	1	0	0	0
Ian Thomas	TE	9	0	0	0	0	0	9	0	1	0	0	0	0	0	0
Nyheim Hines	RB	9	0	0	0	74	1	34	0	4	0	0	0	0	0	0
Dalton Schultz	TE	9	0	0	0	0	0	54	0	4	0	0	0	0	0	0
Mike White	QB	9	95	1	0	0	0	0	0	0	0	0	0	0	0	0
Ray-Ray McCloud	WR	9	0	0	0	0	0	12	0	1	0	0	0	0	0	0
Russell Gage	WR	9	0	0	0	0	0	64	0	7	0	0	0	0	0	0
Boston Scott	RB	9	0	0	0	40	0	0	0	0	0	0	0	0	0	0
Cedrick Wilson Jr.	WR	9	0	0	0	0	0	28	0	2	0	0	0	0	0	0
Braxton Berrios	WR	9	0	0	0	0	0	5	0	2	0	0	0	0	0	0
Logan Woodside	QB	9	0	0	0	-1	0	0	0	0	0	0	0	0	0	0
Buddy Howell	RB	9	0	0	0	0	0	0	0	0	0	0	0	0	0	0
Allen Lazard	WR	9	0	0	0	0	0	20	1	1	0	0	0	0	0	0
Ryan Nall	RB	9	0	0	0	0	0	0	0	0	0	0	0	0	0	0
James Washington	WR	9	0	0	0	13	0	42	0	1	0	0	0	0	0	0
Chase Edmonds	RB	9	0	0	0	3	0	0	0	0	0	0	0	0	0	0
Mark Andrews	TE	9	0	0	0	0	0	44	0	5	0	0	0	0	0	0
Tre'Quan Smith	WR	9	0	0	0	0	0	53	0	3	0	0	0	0	0	0
Christian Kirk	WR	9	33	0	0	0	0	91	0	6	0	0	0	0	0	0
Nick Chubb	RB	9	0	0	0	137	2	26	0	2	0	0	0	0	0	0
Lamar Jackson	QB	9	266	3	2	120	0	0	0	0	0	0	0	0	0	0
Durham Smythe	TE	9	0	0	0	0	0	27	0	2	0	0	0	0	0	0
Kalen Ballage	RB	9	0	0	0	0	0	2	0	1	0	0	0	0	0	0
DJ Moore	WR	9	0	0	0	14	0	32	0	3	0	0	0	0	0	0
Mike Gesicki	TE	9	0	0	0	0	0	54	0	4	0	0	0	0	0	0
Hayden Hurst	TE	9	0	0	0	0	0	16	0	2	0	0	0	0	0	0
Sony Michel	RB	9	0	0	0	20	0	6	1	2	0	0	0	0	0	0
Baker Mayfield	QB	9	218	2	0	0	0	0	0	0	0	0	0	0	0	0
Josh Allen	QB	9	264	0	2	50	0	0	0	0	0	1	0	0	0	0
Malik Turner	WR	9	0	0	0	0	0	33	2	5	0	0	0	0	0	0
Sam Darnold	QB	9	172	0	3	9	0	0	0	0	0	0	0	0	0	0
Jakobi Meyers	WR	9	0	0	0	0	0	8	0	1	0	0	0	0	0	0
Alexander Mattison	RB	9	0	0	0	0	0	3	0	1	0	0	0	0	0	0
Foster Moreau	TE	9	0	0	0	0	0	0	0	0	0	0	0	0	0	0
Hunter Renfrow	WR	9	0	0	0	0	0	49	1	7	0	0	0	0	0	0
Ashton Dulin	WR	9	0	0	0	0	0	23	0	2	0	0	0	0	0	0
Antoine Wesley	WR	9	0	0	0	0	0	62	0	3	0	0	0	0	0	0
Mecole Hardman	WR	9	0	0	0	0	0	20	0	3	0	0	0	0	0	0
Olamide Zaccheaus	WR	9	0	0	0	0	0	58	2	3	0	0	0	0	0	0
Deonte Harty	WR	9	0	0	0	0	0	52	0	6	0	0	0	0	0	0
Diontae Johnson	WR	9	0	0	0	11	0	56	0	5	0	0	0	0	0	0
Benny Snell	RB	9	0	0	0	6	0	0	0	0	0	0	0	0	0	0
Devin Singletary	RB	9	0	0	0	16	0	43	0	7	0	0	0	0	0	0
Trevon Wesco	TE	9	0	0	0	0	0	16	0	2	0	0	0	0	0	0
Tony Pollard	RB	9	0	0	0	11	0	32	0	1	0	0	0	0	0	0
Tommy Sweeney	TE	9	0	0	0	0	0	10	0	2	0	0	0	0	0	0
Myles Gaskin	RB	9	0	0	0	34	1	23	0	6	0	1	0	0	0	0
Donald Parham	TE	9	0	0	0	0	0	39	1	3	0	0	0	0	0	0
Stanley Morgan	WR	9	0	0	0	0	0	0	0	0	0	0	0	0	0	0
Jalen Guyton	WR	9	0	0	0	0	0	19	0	1	0	0	0	0	0	0
Malik Taylor	WR	9	0	0	0	0	0	0	0	0	0	0	0	0	0	0
Greg Dortch	WR	9	0	0	0	0	0	0	0	0	0	0	0	0	0	0
Jeff Smith	WR	9	0	0	0	0	0	40	0	3	0	0	0	0	0	0
Andy Isabella	WR	9	0	0	0	0	0	0	0	0	0	0	0	0	0	0
Darius Slayton	WR	9	0	0	0	0	0	0	0	0	0	0	0	0	0	0
Ty Johnson	RB	9	0	0	0	21	0	40	1	2	0	1	0	0	0	0
D'Ernest Johnson	RB	9	0	0	0	16	0	0	0	0	0	0	0	0	0	0
Drew Sample	TE	9	0	0	0	0	0	36	0	3	0	0	0	0	0	0
Gunner Olszewski	WR	9	0	0	0	0	0	0	0	0	0	0	0	0	0	0
Damien Harris	RB	9	0	0	0	30	1	3	0	1	0	0	0	0	0	0
Marquise Brown	WR	9	0	0	0	0	0	116	0	9	0	0	0	0	0	0
Darrell Henderson	RB	9	0	0	0	55	0	3	0	3	0	0	0	0	0	0
A.J. Brown	WR	9	0	0	0	0	0	42	0	5	0	0	0	0	0	0
David Montgomery	RB	9	0	0	0	63	0	17	0	2	0	0	0	0	0	0
Josh Jacobs	RB	9	0	0	0	76	0	19	0	4	0	0	0	0	0	0
Daniel Jones	QB	9	110	1	0	17	0	0	0	0	1	0	0	0	0	0
Derrick Gore	RB	9	0	0	0	13	0	6	0	1	0	0	0	0	0	0
Deebo Samuel Sr.	WR	9	0	0	0	0	0	63	0	5	0	0	0	0	0	0
Chris Streveler	QB	9	0	0	0	2	0	0	0	0	0	0	0	0	0	0
JaMycal Hasty	RB	9	0	0	0	2	0	11	0	3	0	0	0	0	0	0
Kirk Merritt	WR	9	0	0	0	0	0	13	0	1	0	0	0	0	0	0
Kendall Hinton	WR	9	0	0	0	0	0	40	0	1	0	0	0	0	0	0
Cody White	WR	9	0	0	0	0	0	0	0	0	0	0	0	0	0	0
J.J. Koski	WR	9	0	0	0	0	0	0	0	0	0	0	0	0	0	0
Salvon Ahmed	RB	9	0	0	0	6	0	0	0	0	0	0	0	0	0	0
Sean McKeon	TE	9	0	0	0	0	0	0	0	0	0	0	0	0	0	0
Scottie Phillips	RB	9	0	0	0	2	0	0	0	0	0	0	0	0	0	0
Nick Westbrook-Ikhine	WR	9	0	0	0	0	0	14	0	1	0	0	0	0	0	0
Gabe Davis	WR	9	0	0	0	0	0	0	0	0	0	0	0	0	0	0
Marquez Callaway	WR	9	0	0	0	0	0	25	1	3	0	0	0	0	0	0
Jonathan Taylor	RB	9	0	0	0	172	2	28	0	2	0	0	0	0	0	0
Dezmon Patmon	WR	9	0	0	0	0	0	7	0	1	0	0	0	0	0	0
Harrison Bryant	TE	9	0	0	0	0	0	26	0	2	0	0	0	0	0	0
Donovan Peoples-Jones	WR	9	0	0	0	0	0	86	1	2	0	0	0	0	0	0
Zack Moss	RB	9	0	0	0	6	0	18	0	2	0	0	0	0	0	0
Michael Pittman	WR	9	0	0	0	0	0	64	1	5	0	0	0	0	0	0
Denzel Mims	WR	9	0	0	0	0	0	20	0	1	0	0	0	0	0	0
Brandon Aiyuk	WR	9	0	0	0	-2	0	89	1	6	0	0	1	0	0	0
Jordan Love	QB	9	190	1	1	23	0	0	0	0	0	0	0	0	0	0
AJ Dillon	RB	9	0	0	0	46	0	44	0	4	0	0	0	0	0	0
Laviska Shenault Jr.	WR	9	0	0	0	-4	0	24	0	4	0	0	0	0	0	0
Quez Watkins	WR	9	0	0	0	0	0	9	0	2	0	0	0	0	0	0
Cole Kmet	TE	9	0	0	0	0	0	87	0	6	0	0	0	0	0	0
Darnell Mooney	WR	9	0	0	0	15	1	41	1	3	0	0	0	0	0	0
Justin Jefferson	WR	9	0	0	0	11	0	69	1	3	0	0	0	0	0	0
Chase Claypool	WR	9	0	0	0	13	0	30	0	3	0	0	0	0	0	0
Devin Duvernay	WR	9	0	0	0	0	0	8	1	2	0	0	0	0	0	0
Josiah Deguara	TE	9	0	0	0	0	0	16	0	2	0	0	0	0	0	0
K.J. Osborn	WR	9	0	0	0	0	0	20	0	1	0	0	0	0	0	0
Justin Herbert	QB	9	356	2	0	14	1	0	0	0	0	0	0	1	0	0
CeeDee Lamb	WR	9	0	0	0	0	0	23	0	2	0	0	0	0	0	0
Bryan Edwards	WR	9	0	0	0	0	0	0	0	0	0	0	0	0	0	0
Joshua Kelley	RB	9	0	0	0	6	0	4	0	1	0	0	0	0	0	0
Eno Benjamin	RB	9	0	0	0	39	1	0	0	0	0	0	0	0	0	0
Jalen Reagor	WR	9	0	0	0	0	0	-6	0	1	0	0	0	0	0	0
Jalen Hurts	QB	9	162	1	0	62	0	0	0	0	0	0	0	0	0	0
John Hightower	WR	9	0	0	0	0	0	0	0	0	0	0	0	0	0	0
Jerry Jeudy	WR	9	0	0	0	0	0	69	0	6	0	0	0	0	0	0
Tee Higgins	WR	9	0	0	0	0	0	78	0	6	0	0	0	0	0	0
Van Jefferson	WR	9	0	0	0	0	0	41	0	3	0	0	0	0	0	0
Adam Trautman	TE	9	0	0	0	0	0	47	0	4	0	0	0	0	0	0
Albert Okwuegbunam	TE	9	0	0	0	0	0	25	0	4	0	0	0	0	0	0
Joe Burrow	QB	9	282	0	2	1	0	0	0	0	0	0	0	0	0	0
Dominique Dafney	TE	9	0	0	0	0	0	0	0	0	0	0	0	0	0	0
Dillon Stoner	WR	9	0	0	0	0	0	0	0	0	0	0	0	0	0	0
Rashod Bateman	WR	9	0	0	0	0	0	52	0	5	0	0	0	0	0	0
Nico Collins	WR	9	0	0	0	0	0	25	0	3	0	0	0	0	0	0
Chuba Hubbard	RB	9	0	0	0	3	0	33	0	1	0	0	0	0	0	0
Brevin Jordan	TE	9	0	0	0	0	0	9	0	2	0	0	0	0	0	0
Elijah Mitchell	RB	9	0	0	0	36	0	43	0	5	0	0	0	0	0	0
Jaylen Waddle	WR	9	0	0	0	0	0	83	0	8	0	0	0	0	0	0
Larry Rountree III	RB	9	0	0	0	1	0	0	0	0	0	0	0	0	0	0
Demetric Felton	RB	9	0	0	0	0	0	22	0	1	0	0	0	0	0	0
Feleipe Franks	TE	9	0	0	0	3	0	0	0	0	0	0	0	0	0	0
Kene Nwangwu	RB	9	0	0	0	9	0	0	0	0	0	0	0	0	0	0
Chris Evans	RB	9	0	0	0	0	0	11	0	1	0	0	0	0	0	0
Rhamondre Stevenson	RB	9	0	0	0	62	0	44	0	2	0	0	0	0	0	0
Kylen Granson	TE	9	0	0	0	0	0	27	0	1	0	0	0	0	0	0
Sam Ehlinger	QB	9	0	0	0	1	0	0	0	0	0	0	0	0	0	0
Luke Farrell	TE	9	0	0	0	0	0	0	0	0	0	0	0	0	0	0
Najee Harris	RB	9	0	0	0	62	1	16	0	3	0	0	0	0	0	0
Pat Freiermuth	TE	9	0	0	0	0	0	43	2	5	0	0	0	0	0	0
Ja'Marr Chase	WR	9	0	0	0	0	0	49	0	6	0	0	1	0	0	0
Khalil Herbert	RB	9	0	0	0	13	0	0	0	0	0	0	0	0	0	0
DeVonta Smith	WR	9	0	0	0	0	0	116	1	5	0	0	0	0	0	0
Kadarius Toney	WR	9	0	0	0	-2	0	9	0	1	0	0	0	0	0	0
Kenny Gainwell	RB	9	0	0	0	3	1	0	0	0	0	0	0	0	0	0
Michael Carter	RB	9	0	0	0	49	0	37	0	1	0	0	0	0	0	0
Rondale Moore	WR	9	0	0	0	0	0	25	0	5	0	0	0	0	0	0
Justin Fields	QB	9	291	1	1	45	0	0	0	0	0	0	0	0	0	0
Avery Williams	RB	9	0	0	0	0	0	0	0	0	0	0	0	0	0	0
Terrace Marshall Jr.	WR	9	0	0	0	0	0	0	0	0	0	0	0	0	0	0
Kyle Pitts	TE	9	0	0	0	0	0	62	0	3	0	0	0	0	0	0
Trevor Lawrence	QB	9	118	0	0	4	0	0	0	0	0	0	0	0	0	0
Mac Jones	QB	9	139	1	1	4	0	0	0	0	1	0	0	0	0	0
Elijah Moore	WR	9	0	0	0	0	0	84	2	7	0	0	0	0	0	0
Josh Palmer	WR	9	0	0	0	0	0	22	0	2	0	0	0	0	0	0
Amari Rodgers	WR	9	0	0	0	0	0	0	0	0	0	0	0	0	0	0
Javonte Williams	RB	9	0	0	0	111	0	0	0	0	0	0	0	0	0	0
Anthony Schwartz	WR	9	0	0	0	0	0	15	0	1	0	0	0	0	0	0
Tommy Tremble	TE	9	0	0	0	0	0	6	0	1	0	0	0	0	0	0
Tom Brady	QB	10	220	2	2	2	0	0	0	0	0	0	0	0	0	0
Aaron Rodgers	QB	10	292	0	1	8	0	0	0	0	0	0	0	0	0	0
Marcedes Lewis	TE	10	0	0	0	0	0	10	0	2	0	0	0	0	0	0
Adrian Peterson	RB	10	0	0	0	21	0	-1	0	1	0	0	0	0	0	0
Matt Ryan	QB	10	117	0	2	0	0	0	0	0	0	0	0	0	0	0
Joe Flacco	QB	10	47	1	0	0	0	0	0	0	0	0	0	0	0	0
DeSean Jackson	WR	10	0	0	0	0	0	38	0	1	0	0	1	0	0	0
Chad Henne	QB	10	0	0	0	-2	0	0	0	0	0	0	0	0	0	0
Matthew Slater	WR	10	0	0	0	0	0	0	0	0	0	0	0	0	0	0
Matthew Stafford	QB	10	243	1	2	1	0	0	0	0	0	0	0	0	0	0
Brian Hoyer	QB	10	85	1	0	-2	0	0	0	0	0	0	0	0	0	0
Jared Cook	TE	10	0	0	0	0	0	10	0	1	0	0	0	0	0	0
Emmanuel Sanders	WR	10	0	0	0	24	0	27	0	2	0	0	0	0	0	0
Colt McCoy	QB	10	107	0	1	-1	0	0	0	0	1	0	0	0	0	0
Andre Roberts	WR	10	0	0	0	0	0	0	0	0	0	0	0	0	0	0
Cam Newton	QB	10	8	1	0	14	1	0	0	0	0	0	0	0	0	0
A.J. Green	WR	10	0	0	0	0	0	4	0	1	0	0	0	0	0	0
Mark Ingram	RB	10	0	0	0	47	1	61	0	4	0	0	0	0	0	0
Randall Cobb	WR	10	0	0	0	0	0	21	0	3	0	0	0	0	0	0
Luke Stocker	TE	10	0	0	0	0	0	0	0	0	0	0	0	0	0	0
Taiwan Jones	RB	10	0	0	0	0	0	0	0	0	0	0	0	0	0	0
Case Keenum	QB	10	81	0	0	0	0	0	0	0	0	0	0	0	0	0
Cole Beasley	WR	10	0	0	0	0	0	15	0	2	0	0	0	0	0	0
Brandon Bolden	RB	10	0	0	0	32	0	38	0	3	0	0	0	0	0	0
Russell Wilson	QB	10	161	0	2	32	0	0	0	0	0	0	0	0	0	0
Marvin Jones	WR	10	0	0	0	0	0	35	0	2	0	0	0	0	0	0
Kirk Cousins	QB	10	294	2	0	-3	0	0	0	0	1	0	0	0	0	0
T.Y. Hilton	WR	10	0	0	0	0	0	5	0	1	0	0	0	0	0	0
Ryan Tannehill	QB	10	213	1	0	1	1	0	0	0	0	0	0	0	0	0
Adam Thielen	WR	10	0	0	0	0	0	65	0	5	0	0	0	0	0	0
Zach Ertz	TE	10	0	0	0	0	0	46	0	4	0	0	0	0	0	0
Ryan Griffin	TE	10	0	0	0	0	0	21	0	1	0	0	0	0	0	0
Jack Doyle	TE	10	0	0	0	0	0	31	0	3	0	0	0	0	0	0
Keenan Allen	WR	10	0	0	0	0	0	98	0	8	0	0	0	0	0	0
Giovani Bernard	RB	10	0	0	0	4	0	4	0	1	0	0	0	0	0	0
Le'Veon Bell	RB	10	0	0	0	1	0	0	0	0	0	0	0	0	0	0
Travis Kelce	TE	10	0	0	0	0	0	119	0	8	0	0	0	0	0	0
Cordarrelle Patterson	RB	10	0	0	0	25	0	14	0	1	0	0	0	0	0	0
Albert Wilson	WR	10	0	0	0	19	0	87	0	4	0	0	0	0	0	0
Carlos Hyde	RB	10	0	0	0	4	0	0	0	1	0	0	0	0	0	0
Odell Beckham Jr.	WR	10	0	0	0	0	0	18	0	2	0	0	0	0	0	0
Teddy Bridgewater	QB	10	226	0	0	0	0	0	0	0	0	0	0	0	0	0
Cameron Brate	TE	10	0	0	0	0	0	6	1	1	0	0	0	0	0	0
Derek Carr	QB	10	261	2	1	18	0	0	0	0	0	0	0	0	0	0
Devonta Freeman	RB	10	0	0	0	35	0	23	0	3	0	0	0	0	0	0
Diontae Spencer	WR	10	0	0	0	0	0	0	0	0	0	0	0	0	0	0
Sammy Watkins	WR	10	0	0	0	0	0	7	0	1	0	0	1	0	0	0
Jimmy Garoppolo	QB	10	182	2	0	1	0	0	0	0	0	0	0	0	0	0
Jerick McKinnon	RB	10	0	0	0	26	0	6	0	1	0	0	0	0	0	0
Davante Adams	WR	10	0	0	0	0	0	78	0	7	0	0	0	0	0	0
Jarvis Landry	WR	10	0	0	0	0	0	26	0	4	0	0	0	0	0	0
Eric Ebron	TE	10	0	0	0	0	0	13	0	2	0	0	0	0	0	0
Mike Evans	WR	10	0	0	0	0	0	62	1	2	0	0	0	0	0	0
Chris Manhertz	TE	10	0	0	0	0	0	0	0	0	0	0	0	0	0	0
Amari Cooper	WR	10	0	0	0	0	0	51	0	4	0	0	0	0	0	0
Kevin White	WR	10	0	0	0	0	0	0	0	0	0	0	0	0	0	0
Nelson Agholor	WR	10	0	0	0	0	0	21	0	2	0	0	0	0	0	0
MyCole Pruitt	TE	10	0	0	0	0	0	2	1	1	0	0	0	0	0	0
Stefon Diggs	WR	10	0	0	0	0	0	162	1	8	0	0	0	0	0	0
Darren Waller	TE	10	0	0	0	0	0	24	0	4	0	0	0	0	0	0
DeAndre Carter	WR	10	0	0	0	4	0	56	1	3	0	0	0	0	0	0
Taylor Heinicke	QB	10	256	1	0	15	0	0	0	0	0	0	0	0	0	0
Jamison Crowder	WR	10	0	0	0	0	0	20	0	3	0	0	0	0	0	0
Adam Humphries	WR	10	0	0	0	0	0	5	0	1	0	0	0	0	0	0
Tevin Coleman	RB	10	0	0	0	29	0	4	0	2	0	0	0	0	0	0
Blake Bell	TE	10	0	0	0	3	0	0	0	0	0	0	0	0	0	0
Mike Davis	RB	10	0	0	0	18	0	0	0	0	0	0	0	0	0	0
Ameer Abdullah	RB	10	0	0	0	24	0	27	0	4	0	0	0	0	0	0
Geoff Swaim	TE	10	0	0	0	0	0	26	0	4	0	0	0	0	0	0
Melvin Gordon	RB	10	0	0	0	45	1	-2	0	1	0	1	0	0	0	0
Trevor Siemian	QB	10	298	2	0	0	0	0	0	0	0	0	0	0	0	0
Ty Montgomery	WR	10	0	0	0	2	0	0	0	0	0	0	0	0	0	0
Tyler Lockett	WR	10	0	0	0	0	0	23	0	2	0	0	0	0	0	0
Chester Rogers	WR	10	0	0	0	0	0	9	0	1	0	0	0	0	0	0
Austin Hooper	TE	10	0	0	0	0	0	25	1	4	0	0	0	0	0	0
Alex Collins	RB	10	0	0	0	41	0	8	0	1	0	0	0	0	0	0
Dwayne Washington	RB	10	0	0	0	8	0	0	0	0	0	0	0	0	0	0
Kalif Raymond	WR	10	0	0	0	0	0	29	0	4	0	0	0	0	0	0
Alex Erickson	WR	10	0	0	0	0	0	0	0	0	0	0	0	0	0	0
J.D. McKissic	RB	10	0	0	0	4	0	35	0	4	0	0	0	0	0	0
Robbie Chosen	WR	10	0	0	0	0	0	37	1	4	0	0	0	0	0	0
Stephen Anderson	TE	10	0	0	0	0	0	0	0	0	0	0	0	0	0	0
Demarcus Robinson	WR	10	0	0	0	0	0	23	0	3	0	0	0	0	0	0
Tajae Sharpe	WR	10	0	0	0	0	0	0	0	1	0	0	0	0	0	0
Jordan Howard	RB	10	0	0	0	83	0	0	0	0	0	0	0	0	0	0
Carson Wentz	QB	10	180	0	0	-1	0	0	0	0	0	0	0	0	0	0
Laquon Treadwell	WR	10	0	0	0	0	0	18	0	1	0	0	0	0	0	0
Rashard Higgins	WR	10	0	0	0	0	0	0	0	0	0	0	0	0	0	0
Marcus Johnson	WR	10	0	0	0	0	0	100	0	5	0	0	0	0	0	0
Jalen Richard	RB	10	0	0	0	0	0	3	0	1	0	0	0	0	0	0
Tyreek Hill	WR	10	0	0	0	2	0	83	2	7	0	0	0	0	0	0
Ezekiel Elliott	RB	10	4	0	0	41	2	15	0	3	0	1	0	0	1	0
Dak Prescott	QB	10	296	2	0	5	1	0	0	0	0	0	0	0	0	0
Hunter Henry	TE	10	0	0	0	0	0	37	2	4	0	0	0	0	0	0
Jared Goff	QB	10	114	0	0	0	0	0	0	0	0	0	0	0	0	0
Tyler Higbee	TE	10	0	0	0	0	0	20	1	3	0	0	0	0	0	0
Kenyan Drake	RB	10	0	0	0	16	0	15	0	2	0	0	0	0	0	0
Jacoby Brissett	QB	10	156	0	0	4	0	0	0	0	0	0	0	0	0	0
Mo Alie-Cox	TE	10	0	0	0	0	0	6	0	1	0	0	0	0	0	0
Zach Pascal	WR	10	0	0	0	0	0	9	0	2	0	0	0	0	0	0
Darrell Daniels	TE	10	0	0	0	0	0	0	0	0	0	0	0	0	0	0
JoJo Natson	WR	10	0	0	0	0	0	0	0	0	0	0	0	0	0	0
PJ Walker	QB	10	167	0	1	6	0	0	0	0	0	1	0	1	0	0
Christian McCaffrey	RB	10	0	0	0	95	0	66	0	10	0	0	0	0	0	0
George Kittle	TE	10	0	0	0	0	0	50	1	5	0	0	0	0	0	0
Aaron Jones	RB	10	0	0	0	25	0	61	0	4	0	0	0	0	0	0
Kendrick Bourne	WR	10	0	0	0	43	0	98	1	4	0	0	0	0	0	0
Matt Breida	RB	10	0	0	0	28	1	22	1	3	0	1	0	0	0	0
Taysom Hill	TE	10	11	0	0	23	0	15	0	1	0	0	0	0	0	0
Tim Patrick	WR	10	0	0	0	0	0	14	0	3	0	0	0	0	0	0
Anthony Firkser	TE	10	0	0	0	0	0	2	0	1	0	0	0	0	0	0
Isaiah McKenzie	WR	10	0	0	0	17	1	12	0	1	0	0	0	0	0	0
Isaiah Ford	WR	10	0	0	0	0	0	84	0	4	0	0	0	0	0	0
Marcus Kemp	WR	10	0	0	0	0	0	16	0	1	0	0	0	0	0	0
Mike Williams	WR	10	0	0	0	0	0	33	0	4	0	0	0	0	0	0
Davis Webb	QB	10	0	0	0	-3	0	0	0	0	0	0	0	0	0	0
James Conner	RB	10	0	0	0	39	1	25	0	3	0	0	0	0	0	0
Mack Hollins	WR	10	0	0	0	0	0	0	0	0	0	0	0	0	0	0
Jamal Agnew	WR	10	0	0	0	79	1	0	0	0	0	0	0	0	0	0
Eric Saubert	TE	10	0	0	0	0	0	0	0	0	0	0	0	0	0	0
Noah Brown	WR	10	0	0	0	0	0	18	0	1	0	0	0	0	0	0
Ricky Seals-Jones	TE	10	0	0	0	0	0	30	0	3	0	0	0	0	0	0
Cooper Rush	QB	10	17	0	0	-6	0	0	0	0	0	0	0	0	0	0
Keelan Cole	WR	10	0	0	0	0	0	18	0	1	0	0	0	0	0	0
Austin Ekeler	RB	10	0	0	0	44	0	15	1	3	0	0	0	0	0	0
Corey Clement	RB	10	0	0	0	20	0	5	0	1	0	0	0	0	0	0
Dede Westbrook	WR	10	0	0	0	0	0	0	0	0	0	0	0	0	0	0
Leonard Fournette	RB	10	0	0	0	47	0	45	0	8	0	0	0	0	0	0
Corey Davis	WR	10	0	0	0	0	0	93	0	5	0	0	1	0	0	0
Patrick Mahomes	QB	10	406	5	0	0	0	0	0	0	0	0	0	0	0	0
O.J. Howard	TE	10	0	0	0	0	0	0	0	0	0	0	0	0	0	0
David Njoku	TE	10	0	0	0	0	0	11	0	1	0	0	0	0	0	0
Zay Jones	WR	10	0	0	0	0	0	22	0	1	0	0	0	0	0	0
Dalvin Cook	RB	10	0	0	0	94	1	24	0	3	0	0	0	0	0	0
Gerald Everett	TE	10	0	0	0	0	0	63	0	8	0	0	0	0	0	0
Adam Shaheen	TE	10	0	0	0	0	0	34	0	3	0	0	0	0	0	0
Cooper Kupp	WR	10	0	0	0	0	0	122	0	11	0	0	0	0	0	0
Chris Godwin Jr.	WR	10	0	0	0	0	0	57	0	7	0	0	0	0	0	0
D'Onta Foreman	RB	10	0	0	0	30	0	48	0	2	0	0	0	0	0	0
Wayne Gallman	RB	10	0	0	0	55	0	21	0	1	0	0	0	0	0	0
Jeremy McNichols	RB	10	0	0	0	7	0	1	0	1	0	0	0	0	0	0
Dan Arnold	TE	10	0	0	0	0	0	67	0	5	0	0	0	0	0	1
Brandon Zylstra	WR	10	0	0	0	0	0	18	0	2	0	0	0	0	0	0
Ross Dwelley	TE	10	0	0	0	0	0	0	0	0	0	0	0	0	0	0
Cam Sims	WR	10	0	0	0	0	0	10	0	2	0	0	0	0	0	0
Jeff Wilson	RB	10	0	0	0	28	0	0	0	0	0	0	0	0	0	0
Christian Blake	WR	10	0	0	0	0	0	0	0	0	0	0	0	0	0	0
Will Dissly	TE	10	0	0	0	0	0	22	0	2	0	0	0	0	0	0
Trenton Cannon	RB	10	0	0	0	0	0	0	0	0	0	0	0	0	0	0
Tyler Conklin	TE	10	0	0	0	0	0	11	2	3	0	0	0	0	0	0
Marquez Valdes-Scantling	WR	10	0	0	0	0	0	41	0	1	0	0	0	0	0	0
Byron Pringle	WR	10	0	0	0	0	0	46	1	4	0	0	0	0	0	0
Darrel Williams	RB	10	0	0	0	43	0	101	1	9	0	0	0	0	0	0
Johnny Stanton	RB	10	0	0	0	0	0	0	0	0	0	0	0	0	0	0
Josh Rosen	QB	10	14	0	1	0	0	0	0	0	0	0	0	0	0	0
Courtland Sutton	WR	10	0	0	0	0	0	29	0	2	0	0	0	0	0	0
Dallas Goedert	TE	10	0	0	0	0	0	28	0	2	0	0	0	0	0	0
Nyheim Hines	RB	10	0	0	0	12	0	17	0	2	0	0	0	0	0	0
Dalton Schultz	TE	10	0	0	0	0	0	14	0	1	0	0	0	0	0	0
Mike White	QB	10	251	0	4	0	0	0	0	0	0	0	0	0	0	0
Ray-Ray McCloud	WR	10	0	0	0	0	0	63	0	9	0	0	0	0	0	0
Russell Gage	WR	10	0	0	0	0	0	0	0	0	0	0	0	0	0	0
Boston Scott	RB	10	0	0	0	81	0	24	0	2	0	0	0	0	0	0
Braxton Berrios	WR	10	0	0	0	0	0	19	0	3	0	0	0	0	0	0
Allen Lazard	WR	10	0	0	0	0	0	6	0	1	0	0	0	0	0	0
Godwin Igwebuike	RB	10	0	0	0	56	1	0	0	0	0	0	0	0	0	0
James Washington	WR	10	0	0	0	0	0	15	1	2	0	0	0	0	0	0
Mark Andrews	TE	10	0	0	0	0	0	63	1	6	0	0	0	0	0	0
Michael Gallup	WR	10	0	0	0	0	0	42	0	3	0	0	0	0	0	0
Tre'Quan Smith	WR	10	0	0	0	0	0	44	1	4	0	0	0	0	0	0
Chris Herndon	TE	10	0	0	0	0	0	14	0	1	0	0	0	0	0	0
Mason Rudolph	QB	10	242	1	1	36	0	0	0	0	0	0	0	0	0	0
Christian Kirk	WR	10	0	0	0	0	0	58	0	7	0	0	0	0	0	0
Lamar Jackson	QB	10	238	1	1	39	0	0	0	0	0	0	0	0	0	0
Durham Smythe	TE	10	0	0	0	0	0	23	0	1	0	0	0	0	0	0
Kalen Ballage	RB	10	0	0	0	0	0	0	0	0	0	0	0	0	0	0
DJ Moore	WR	10	0	0	0	0	0	24	0	4	0	0	0	0	0	0
Mike Gesicki	TE	10	0	0	0	0	0	0	0	0	0	0	0	0	0	0
Sony Michel	RB	10	0	0	0	20	0	11	0	2	0	0	0	0	0	0
KhaDarel Hodge	WR	10	0	0	0	0	0	0	0	0	0	0	0	0	0	0
Baker Mayfield	QB	10	73	1	1	0	0	0	0	0	0	0	0	0	0	0
Josh Allen	QB	10	366	2	1	3	0	0	0	0	0	0	0	0	0	0
Malik Turner	WR	10	0	0	0	0	0	7	0	1	0	0	0	0	0	0
Trinity Benson	WR	10	0	0	0	0	0	17	0	2	0	0	0	0	0	0
Jakobi Meyers	WR	10	0	0	0	0	0	49	1	4	0	0	0	0	0	0
Alexander Mattison	RB	10	0	0	0	16	0	24	0	1	0	0	0	0	0	0
Foster Moreau	TE	10	0	0	0	0	0	0	0	0	0	0	0	0	0	0
Hunter Renfrow	WR	10	0	0	0	0	0	46	1	7	0	0	0	0	0	0
Ashton Dulin	WR	10	0	0	0	0	0	16	0	1	0	0	0	0	0	0
Penny Hart	WR	10	0	0	0	0	0	0	0	0	0	0	0	0	0	0
Antoine Wesley	WR	10	0	0	0	0	0	0	0	0	0	0	0	0	0	0
Mecole Hardman	WR	10	0	0	0	3	0	27	0	2	0	0	0	0	0	0
Olamide Zaccheaus	WR	10	0	0	0	0	0	22	0	2	0	0	0	0	0	0
Deonte Harty	WR	10	0	0	0	6	0	84	0	3	0	0	0	0	0	0
Diontae Johnson	WR	10	0	0	0	0	0	83	0	7	0	0	1	0	0	0
Benny Snell	RB	10	0	0	0	4	0	0	0	0	0	0	0	0	0	0
T.J. Hockenson	TE	10	0	0	0	0	0	0	0	0	0	0	0	0	0	0
Josh Oliver	TE	10	0	0	0	0	0	0	0	0	0	0	0	0	0	0
Devin Singletary	RB	10	0	0	0	43	1	6	0	1	0	0	0	0	0	0
Trevon Wesco	TE	10	0	0	0	0	0	0	0	0	0	0	0	0	0	0
Tony Pollard	RB	10	0	0	0	42	0	56	0	6	0	0	0	0	0	0
Myles Gaskin	RB	10	0	0	0	31	0	14	0	1	0	0	0	0	0	0
Donald Parham	TE	10	0	0	0	0	0	17	0	1	0	0	0	0	0	0
Patrick Laird	RB	10	0	0	0	0	0	2	0	1	0	0	0	0	0	0
Preston Williams	WR	10	0	0	0	0	0	0	0	0	0	0	0	0	0	0
Jalen Guyton	WR	10	0	0	0	0	0	0	0	0	0	0	0	0	0	0
Daniel Helm	TE	10	0	0	0	0	0	0	0	0	0	0	0	0	0	0
Malik Taylor	WR	10	0	0	0	0	0	0	0	0	0	0	0	0	0	0
Greg Dortch	WR	10	0	0	0	0	0	0	0	0	0	0	0	0	0	0
Ty Johnson	RB	10	0	0	0	2	0	36	0	5	0	0	0	0	0	0
Travis Homer	RB	10	0	0	0	2	0	23	0	3	0	0	0	0	0	0
Kendall Blanton	TE	10	0	0	0	0	0	2	0	1	0	0	0	0	0	0
N'Keal Harry	TE	10	0	0	0	0	0	26	0	1	0	0	0	0	0	0
D'Ernest Johnson	RB	10	0	0	0	99	0	58	0	7	0	0	0	0	0	0
DK Metcalf	WR	10	0	0	0	0	0	26	0	3	0	0	0	0	0	0
Noah Fant	TE	10	0	0	0	0	0	59	0	5	0	0	0	0	0	0
Terry McLaurin	WR	10	0	0	0	0	0	59	0	6	0	0	0	0	0	0
Marquise Brown	WR	10	0	0	0	0	0	37	0	6	0	0	0	0	0	0
Darrell Henderson	RB	10	0	0	0	31	0	10	0	4	0	0	0	0	0	0
A.J. Brown	WR	10	0	0	0	7	0	16	0	1	0	0	0	0	0	0
Dawson Knox	TE	10	0	0	0	0	0	17	0	1	0	0	0	0	0	0
Josh Jacobs	RB	10	0	0	0	16	0	20	0	5	0	0	0	0	0	0
Derrick Gore	RB	10	0	0	0	19	0	0	0	0	0	0	0	0	0	0
Deebo Samuel Sr.	WR	10	0	0	0	36	1	97	1	5	0	0	0	0	0	0
Chris Streveler	QB	10	36	0	0	4	0	0	0	0	0	0	0	0	0	0
James Robinson	RB	10	0	0	0	57	1	27	0	4	0	0	0	0	0	0
Maurice Ffrench	WR	10	0	0	0	0	0	0	0	0	0	0	0	0	0	0
Cody White	WR	10	0	0	0	0	0	0	0	0	0	0	0	0	0	0
J.J. Koski	WR	10	0	0	0	0	0	0	0	0	0	0	0	0	0	0
Giovanni Ricci	TE	10	0	0	0	0	0	0	0	0	0	0	0	0	0	0
Patrick Taylor	RB	10	0	0	0	7	0	0	0	0	0	0	0	0	0	0
Dan Chisena	WR	10	0	0	0	0	0	0	0	0	0	0	0	0	0	0
Salvon Ahmed	RB	10	0	0	0	6	0	9	0	1	0	0	0	0	0	0
Sean McKeon	TE	10	0	0	0	0	0	15	0	2	0	0	0	0	0	0
Juwan Johnson	TE	10	0	0	0	0	0	36	0	2	0	0	0	0	0	0
J.J. Taylor	RB	10	0	0	0	11	0	0	0	0	0	0	0	0	0	0
Nick Westbrook-Ikhine	WR	10	0	0	0	0	0	10	0	1	0	0	0	0	0	0
Reggie Gilliam	RB	10	0	0	0	0	0	0	0	0	0	0	0	0	0	0
Gabe Davis	WR	10	0	0	0	0	0	105	0	3	0	0	0	0	0	0
Tua Tagovailoa	QB	10	158	0	0	0	1	0	0	0	0	0	0	0	0	0
Marquez Callaway	WR	10	0	0	0	0	0	37	1	2	0	0	0	0	0	0
Jonathan Taylor	RB	10	0	0	0	116	1	10	0	6	0	0	0	0	0	0
Harrison Bryant	TE	10	0	0	0	0	0	18	0	2	0	0	0	0	0	0
Donovan Peoples-Jones	WR	10	0	0	0	0	0	16	0	1	0	0	0	0	0	0
Freddie Swain	WR	10	0	0	0	0	0	0	0	0	0	0	0	0	0	0
Tyler Davis	TE	10	0	0	0	0	0	4	0	1	0	0	0	0	0	0
Zack Moss	RB	10	0	0	0	27	1	0	0	0	0	0	0	0	0	0
Michael Pittman	WR	10	0	0	0	0	0	71	0	5	0	0	0	0	0	0
Jauan Jennings	WR	10	0	0	0	0	0	3	0	1	0	0	0	0	0	0
Brandon Aiyuk	WR	10	0	0	0	0	0	26	0	3	0	0	0	0	0	0
AJ Dillon	RB	10	0	0	0	66	2	62	0	2	0	0	0	0	0	0
Laviska Shenault Jr.	WR	10	0	0	0	6	0	15	0	3	0	0	0	0	0	0
Quez Watkins	WR	10	0	0	0	0	0	33	0	4	0	0	0	0	0	0
D'Andre Swift	RB	10	0	0	0	130	0	5	0	3	0	0	0	0	0	0
Justin Jefferson	WR	10	0	0	0	-4	0	143	0	9	0	0	0	0	0	0
Antonio Gibson	RB	10	0	0	0	64	2	14	0	2	0	0	0	0	0	0
Devin Duvernay	WR	10	0	0	0	19	0	28	0	4	0	0	0	0	0	0
Josiah Deguara	TE	10	0	0	0	0	0	9	0	2	0	0	0	0	0	0
K.J. Osborn	WR	10	0	0	0	0	0	0	0	0	0	0	0	0	0	0
Justin Herbert	QB	10	195	1	1	22	0	0	0	0	0	0	0	0	0	0
CeeDee Lamb	WR	10	0	0	0	12	0	94	2	6	0	0	0	0	0	0
Bryan Edwards	WR	10	0	0	0	0	0	88	1	3	0	0	0	0	0	0
Joshua Kelley	RB	10	0	0	0	6	0	0	0	0	0	0	0	0	0	0
Eno Benjamin	RB	10	0	0	0	22	0	0	0	0	0	0	0	0	0	0
Jalen Reagor	WR	10	0	0	0	-8	0	12	0	1	0	0	0	0	0	0
Jalen Hurts	QB	10	178	2	1	55	0	0	0	0	0	0	0	0	0	0
Jerry Jeudy	WR	10	0	0	0	3	0	48	0	6	0	0	0	0	0	0
Van Jefferson	WR	10	0	0	0	0	0	54	0	3	0	0	0	0	0	0
Adam Trautman	TE	10	0	0	0	0	0	32	0	5	0	0	0	0	0	0
Albert Okwuegbunam	TE	10	0	0	0	0	0	77	0	3	0	0	0	0	0	0
DeeJay Dallas	RB	10	0	0	0	0	0	0	0	0	0	0	0	0	0	0
Tyler Johnson	WR	10	0	0	0	0	0	17	0	3	0	0	0	0	0	0
Kenny Yeboah	TE	10	0	0	0	0	0	0	0	0	0	0	0	0	0	0
Dillon Stoner	WR	10	0	0	0	0	0	0	0	0	0	0	0	0	0	0
Rashod Bateman	WR	10	0	0	0	0	0	80	0	6	0	0	0	0	0	0
Chuba Hubbard	RB	10	0	0	0	27	1	0	0	0	0	0	0	0	0	0
Elijah Mitchell	RB	10	0	0	0	91	0	0	0	0	0	0	0	0	0	0
Jaylen Waddle	WR	10	0	0	0	0	0	61	0	4	0	0	0	0	0	0
Dee Eskridge	WR	10	0	0	0	0	0	-4	0	1	0	0	0	0	0	0
Dez Fitzpatrick	WR	10	0	0	0	0	0	0	0	1	0	0	0	0	0	0
John Bates	TE	10	0	0	0	0	0	25	0	3	0	0	0	0	0	0
Noah Gray	TE	10	0	0	0	0	0	1	1	1	0	0	0	0	0	0
Larry Rountree III	RB	10	0	0	0	10	1	0	0	0	0	0	0	0	0	0
Jermar Jefferson	RB	10	0	0	0	41	1	0	0	0	0	0	0	0	0	0
Dax Milne	WR	10	0	0	0	0	0	22	0	2	0	0	1	0	0	0
Jack Stoll	TE	10	0	0	0	0	0	6	0	2	0	0	0	0	0	0
Brock Wright	TE	10	0	0	0	0	0	2	0	1	0	0	0	0	0	0
Jaret Patterson	RB	10	0	0	0	7	0	0	0	0	0	0	0	0	0	0
Feleipe Franks	TE	10	0	0	0	0	0	0	0	0	0	0	0	0	0	0
Kene Nwangwu	RB	10	0	0	0	0	0	0	0	0	0	0	0	0	0	0
Ben Skowronek	WR	10	0	0	0	0	0	8	0	1	0	0	0	0	0	0
Rhamondre Stevenson	RB	10	0	0	0	100	2	14	0	4	0	0	0	0	0	0
Kylen Granson	TE	10	0	0	0	0	0	15	0	1	0	0	0	0	0	0
Jaelon Darden	WR	10	0	0	0	0	0	29	0	1	0	0	0	0	0	0
Najee Harris	RB	10	0	0	0	105	0	28	0	4	0	0	0	0	0	0
Pat Freiermuth	TE	10	0	0	0	0	0	31	0	5	0	0	1	0	0	0
DeVonta Smith	WR	10	0	0	0	0	0	66	2	4	0	0	0	0	0	0
Kenny Gainwell	RB	10	0	0	0	5	0	9	0	1	0	0	0	0	0	0
Michael Carter	RB	10	0	0	0	39	1	43	0	4	0	0	0	0	0	0
Rondale Moore	WR	10	0	0	0	1	0	10	0	2	0	0	0	0	0	0
Avery Williams	RB	10	0	0	0	0	0	0	0	0	0	0	0	0	0	0
Frank Darby	WR	10	0	0	0	0	0	14	0	1	0	0	0	0	0	0
Terrace Marshall Jr.	WR	10	0	0	0	0	0	0	0	0	0	0	0	0	0	1
Amon-Ra St. Brown	WR	10	0	0	0	0	0	61	0	4	0	0	0	0	0	0
Kyle Pitts	TE	10	0	0	0	0	0	60	0	4	0	0	0	0	0	0
Trevor Lawrence	QB	10	162	0	0	33	0	0	0	0	1	0	0	1	0	0
Mac Jones	QB	10	198	3	0	0	0	0	0	0	0	0	0	0	0	0
Elijah Moore	WR	10	0	0	0	0	0	44	1	3	0	0	0	0	0	0
Trey Sermon	RB	10	0	0	0	0	0	0	0	0	0	0	0	0	0	0
Josh Palmer	WR	10	0	0	0	0	0	22	0	3	0	0	0	0	0	0
Amari Rodgers	WR	10	0	0	0	0	0	0	0	0	0	0	0	0	0	0
Javonte Williams	RB	10	0	0	0	48	0	1	0	2	0	0	0	0	0	0
Anthony Schwartz	WR	10	0	0	0	0	0	0	0	0	0	0	0	0	0	0
Tommy Tremble	TE	10	0	0	0	0	0	3	0	1	0	0	0	0	0	0
Tom Brady	QB	11	307	2	1	10	0	0	0	0	0	0	0	0	0	0
Ben Roethlisberger	QB	11	273	3	0	0	0	0	0	0	0	0	0	0	0	0
Aaron Rodgers	QB	11	385	4	0	21	0	0	0	0	0	0	0	0	0	0
Adrian Peterson	RB	11	0	0	0	40	0	4	0	2	0	0	0	0	0	0
Danny Amendola	WR	11	0	0	0	0	0	0	0	0	0	0	0	0	0	0
Matt Ryan	QB	11	153	0	2	0	0	0	0	0	0	0	0	0	0	0
Joe Flacco	QB	11	291	2	0	3	0	0	0	0	1	0	0	0	0	0
DeSean Jackson	WR	11	0	0	0	4	0	0	0	0	0	0	0	0	0	0
Matthew Slater	WR	11	0	0	0	0	0	0	0	0	0	0	0	0	0	0
Jared Cook	TE	11	0	0	0	0	0	28	0	3	0	0	0	0	0	0
Rob Gronkowski	TE	11	0	0	0	0	0	71	0	6	0	0	0	0	0	0
Emmanuel Sanders	WR	11	0	0	0	0	0	26	0	3	0	0	0	0	0	0
Colt McCoy	QB	11	328	2	0	18	0	0	0	0	0	0	0	0	0	0
Andre Roberts	WR	11	0	0	0	4	0	0	0	0	0	0	0	0	0	0
Jimmy Graham	TE	11	0	0	0	0	0	25	0	2	0	0	0	0	0	0
Cam Newton	QB	11	189	2	0	46	1	0	0	0	0	0	0	0	0	0
A.J. Green	WR	11	0	0	0	0	0	78	0	4	0	0	0	0	0	0
Blaine Gabbert	QB	11	11	0	0	-2	0	0	0	0	0	0	0	0	0	0
Mark Ingram	RB	11	0	0	0	88	0	25	0	6	0	1	0	0	0	0
Andy Dalton	QB	11	201	2	0	0	0	0	0	0	0	0	0	0	0	0
Kyle Rudolph	TE	11	0	0	0	0	0	28	0	1	0	0	0	0	0	0
Randall Cobb	WR	11	0	0	0	0	0	15	0	1	0	0	0	0	0	0
Lee Smith	TE	11	0	0	0	0	0	0	0	0	0	0	0	0	0	0
Tyrod Taylor	QB	11	107	0	0	28	2	0	0	0	0	0	0	0	0	0
Cole Beasley	WR	11	0	0	0	0	0	23	0	4	0	0	0	0	0	0
Brandon Bolden	RB	11	0	0	0	1	0	15	0	2	0	0	0	0	0	0
Russell Wilson	QB	11	207	0	0	2	0	0	0	0	0	0	0	0	0	0
Marvin Jones	WR	11	0	0	0	0	0	52	0	4	0	0	0	0	0	0
Kirk Cousins	QB	11	341	3	0	-4	0	0	0	0	0	0	0	0	0	0
T.Y. Hilton	WR	11	0	0	0	0	0	26	0	2	0	0	0	0	0	0
Josh Gordon	WR	11	0	0	0	0	0	7	0	1	0	0	0	0	0	0
Ryan Tannehill	QB	11	323	1	4	3	0	0	0	0	0	0	0	0	0	0
Adam Thielen	WR	11	0	0	0	0	0	82	1	8	0	0	0	0	0	0
Zach Ertz	TE	11	0	0	0	0	0	88	2	8	0	0	0	0	0	0
Marquise Goodwin	WR	11	0	0	0	0	0	104	1	4	0	0	0	0	0	0
Ryan Griffin	TE	11	0	0	0	0	0	39	0	3	0	0	0	0	0	0
Jack Doyle	TE	11	0	0	0	0	0	30	0	3	0	0	0	0	0	0
Keenan Allen	WR	11	0	0	0	0	0	112	0	9	0	0	0	0	0	0
Rex Burkhead	RB	11	0	0	0	40	0	0	0	0	0	0	0	0	0	0
Giovani Bernard	RB	11	0	0	0	0	0	3	0	1	0	0	0	0	0	0
Travis Kelce	TE	11	0	0	0	4	1	74	0	5	0	0	0	0	0	0
Latavius Murray	RB	11	0	0	0	32	0	1	0	2	0	0	0	0	0	0
Tavon Austin	WR	11	0	0	0	0	0	18	0	1	0	0	0	0	0	0
Albert Wilson	WR	11	0	0	0	-3	0	18	0	3	0	0	0	0	0	0
Carlos Hyde	RB	11	0	0	0	0	0	0	0	0	0	0	0	0	0	0
John Brown	WR	11	0	0	0	0	0	0	0	0	0	0	0	0	0	0
Brandin Cooks	WR	11	0	0	0	0	0	18	0	2	0	0	0	0	0	0
Cameron Brate	TE	11	0	0	0	0	0	27	0	2	0	0	0	0	0	0
Derek Carr	QB	11	215	1	1	0	0	0	0	0	1	0	0	0	0	0
Devonta Freeman	RB	11	0	0	0	49	1	31	0	6	0	0	0	0	0	0
Sammy Watkins	WR	11	0	0	0	0	0	48	0	3	0	0	0	0	0	0
Jimmy Garoppolo	QB	11	176	2	0	6	0	0	0	0	0	0	0	0	0	0
Jerick McKinnon	RB	11	0	0	0	0	0	0	0	0	0	0	0	0	0	0
Davante Adams	WR	11	0	0	0	0	0	115	2	7	0	0	0	0	0	0
Jarvis Landry	WR	11	0	0	0	16	1	26	0	4	0	0	0	0	0	0
Eric Ebron	TE	11	0	0	0	0	0	24	1	3	0	0	0	0	0	0
Mike Evans	WR	11	0	0	0	10	0	73	1	6	0	0	0	0	0	0
Nelson Agholor	WR	11	0	0	0	0	0	40	1	5	0	0	0	0	0	0
Stefon Diggs	WR	11	0	0	0	0	0	23	2	4	0	0	0	0	0	0
Nick Boyle	TE	11	0	0	0	0	0	0	0	0	0	0	0	0	0	0
Darren Waller	TE	11	0	0	0	0	0	116	0	7	0	0	0	0	0	0
Eric Tomlinson	TE	11	0	0	0	0	0	0	0	0	0	0	0	0	0	0
DeAndre Carter	WR	11	0	0	0	-3	0	22	1	2	0	0	0	0	0	0
Taylor Heinicke	QB	11	206	3	0	29	0	0	0	0	0	0	0	0	0	0
Damiere Byrd	WR	11	0	0	0	0	0	3	0	1	0	0	0	0	0	0
Jamison Crowder	WR	11	0	0	0	0	0	44	1	6	0	0	0	0	0	0
Adam Humphries	WR	11	0	0	0	0	0	30	0	2	0	0	0	0	0	0
Breshad Perriman	WR	11	0	0	0	-3	0	19	0	2	0	0	0	0	0	0
Tevin Coleman	RB	11	0	0	0	16	0	2	0	1	0	0	0	0	0	0
Blake Bell	TE	11	0	0	0	0	0	8	0	1	0	0	0	0	0	0
Mike Davis	RB	11	0	0	0	1	0	20	0	3	0	0	0	0	0	0
Ameer Abdullah	RB	11	0	0	0	6	0	0	0	0	0	0	0	0	0	0
Chris Conley	WR	11	0	0	0	0	0	37	0	4	0	0	0	0	0	0
C.J. Uzomah	TE	11	0	0	0	0	0	9	0	2	0	0	0	0	0	0
Trevor Siemian	QB	11	214	3	2	16	1	0	0	0	0	0	0	0	0	0
David Johnson	RB	11	0	0	0	18	0	16	0	3	0	0	0	0	0	0
Tyler Lockett	WR	11	0	0	0	0	0	115	0	4	0	0	0	0	0	0
Duke Johnson	RB	11	0	0	0	18	0	0	0	0	0	0	0	0	0	0
Chester Rogers	WR	11	0	0	0	0	0	41	0	4	0	0	0	0	0	0
Austin Hooper	TE	11	0	0	0	0	0	53	0	4	0	0	0	0	0	0
Nick Vannett	TE	11	0	0	0	0	0	20	0	1	0	0	0	0	0	0
Chris Moore	WR	11	0	0	0	0	0	10	0	1	0	0	0	0	0	0
Alex Collins	RB	11	0	0	0	36	0	0	0	0	0	0	0	0	0	0
Dwayne Washington	RB	11	0	0	0	3	0	6	0	1	0	0	0	0	0	0
Kalif Raymond	WR	11	0	0	0	0	0	0	0	0	0	0	0	0	0	0
Alex Erickson	WR	11	0	0	0	0	0	0	0	0	0	0	0	0	0	0
J.D. McKissic	RB	11	0	0	0	46	0	4	0	1	0	0	0	0	0	0
Robbie Chosen	WR	11	0	0	0	0	0	30	0	5	0	0	0	0	0	0
Peyton Barber	RB	11	0	0	0	3	0	0	0	0	0	0	0	0	0	0
Tajae Sharpe	WR	11	0	0	0	0	0	21	0	2	0	0	0	0	0	0
Jordan Howard	RB	11	0	0	0	63	0	0	0	0	0	0	0	0	0	0
Jakeem Grant	WR	11	0	0	0	11	0	6	0	1	0	0	0	0	0	0
Carson Wentz	QB	11	106	1	0	18	0	0	0	0	0	0	0	0	0	0
Laquon Treadwell	WR	11	0	0	0	0	0	11	0	1	0	0	0	0	0	0
Devontae Booker	RB	11	0	0	0	15	0	5	0	1	0	0	0	0	0	0
Rashard Higgins	WR	11	0	0	0	0	0	17	0	1	0	0	0	0	0	0
Marcus Johnson	WR	11	0	0	0	0	0	0	0	0	0	0	0	0	0	0
Tyler Boyd	WR	11	0	0	0	14	0	49	0	6	0	0	0	0	0	0
Tyreek Hill	WR	11	0	0	0	33	0	77	0	9	0	0	0	0	0	0
Ezekiel Elliott	RB	11	0	0	0	32	0	36	0	6	0	0	0	0	0	0
Dak Prescott	QB	11	216	0	2	0	0	0	0	0	1	0	0	0	0	0
Hunter Henry	TE	11	0	0	0	0	0	25	0	2	0	0	0	0	0	0
Garrett Griffin	TE	11	0	0	0	0	0	0	0	0	0	0	0	0	0	0
Pharoh Cooper	WR	11	0	0	0	0	0	0	0	0	0	0	0	0	0	0
Mike Thomas	WR	11	0	0	0	0	0	12	0	1	0	0	0	0	0	0
Kenyan Drake	RB	11	0	0	0	23	0	6	0	1	0	0	0	0	0	0
Mo Alie-Cox	TE	11	0	0	0	0	0	0	0	0	0	0	0	0	0	0
Zach Pascal	WR	11	0	0	0	9	0	0	0	0	0	0	0	0	0	0
Darrell Daniels	TE	11	0	0	0	0	0	0	0	0	0	0	0	0	0	0
Christian McCaffrey	RB	11	0	0	0	59	0	60	1	7	0	0	0	0	0	0
George Kittle	TE	11	0	0	0	0	0	34	1	4	0	0	0	0	0	0
Alex Armah	RB	11	0	0	0	0	0	0	0	0	0	0	0	0	0	0
Kendrick Bourne	WR	11	0	0	0	7	0	42	0	4	0	0	0	0	0	0
Matt Breida	RB	11	0	0	0	51	0	16	0	1	0	0	0	0	0	0
Cethan Carter	TE	11	0	0	0	0	0	0	0	0	0	0	0	0	0	0
Patrick Ricard	RB	11	0	0	0	2	0	0	0	0	0	0	0	0	0	0
Pharaoh Brown	TE	11	0	0	0	0	0	10	0	2	0	0	0	0	0	0
Anthony Firkser	TE	11	0	0	0	0	0	26	0	5	0	0	0	0	0	0
John Ross	WR	11	0	0	0	16	0	0	0	0	0	0	0	0	0	0
Isaiah McKenzie	WR	11	0	0	0	0	0	0	0	0	0	0	0	0	0	0
Samaje Perine	RB	11	0	0	0	3	0	18	0	3	0	0	0	0	0	0
Jeremy Sprinkle	TE	11	0	0	0	0	0	0	0	0	0	0	0	0	0	0
Mike Williams	WR	11	0	0	0	0	0	97	1	5	0	0	0	0	0	0
James Conner	RB	11	0	0	0	62	1	37	0	5	0	0	0	0	0	0
Mack Hollins	WR	11	0	0	0	0	0	72	1	2	0	0	0	0	0	0
Jamal Agnew	WR	11	0	0	0	2	0	18	0	3	0	0	0	0	0	0
Noah Brown	WR	11	0	0	0	0	0	0	0	0	0	0	0	0	0	0
Keelan Cole	WR	11	0	0	0	0	0	0	0	0	0	0	0	0	0	0
Austin Ekeler	RB	11	0	0	0	50	2	65	2	6	0	0	0	0	0	0
Corey Clement	RB	11	0	0	0	0	0	0	0	0	0	0	0	0	0	0
Dede Westbrook	WR	11	0	0	0	0	0	7	0	1	0	0	0	0	0	0
Leonard Fournette	RB	11	0	0	0	35	0	39	0	6	0	0	0	0	0	0
Jonnu Smith	TE	11	0	0	0	0	0	17	0	1	0	0	0	0	0	0
Mitchell Trubisky	QB	11	19	0	1	0	0	0	0	0	0	0	0	0	0	0
Corey Davis	WR	11	0	0	0	0	0	35	0	3	0	0	0	0	0	0
Patrick Mahomes	QB	11	260	0	1	11	0	0	0	0	1	0	0	0	0	0
O.J. Howard	TE	11	0	0	0	0	0	10	0	1	0	0	0	0	0	0
Evan Engram	TE	11	0	0	0	0	0	12	0	2	0	0	0	0	0	0
David Njoku	TE	11	0	0	0	1	0	20	0	2	0	0	0	0	0	0
Zay Jones	WR	11	0	0	0	0	0	20	0	1	0	0	0	0	0	0
Dalvin Cook	RB	11	0	0	0	86	1	29	0	3	0	0	0	0	1	0
Gerald Everett	TE	11	0	0	0	0	0	37	0	3	0	0	0	0	0	0
Adam Shaheen	TE	11	0	0	0	0	0	19	0	1	0	0	0	0	0	0
Joe Mixon	RB	11	0	0	0	123	2	0	0	0	0	0	0	0	0	0
Chris Godwin Jr.	WR	11	0	0	0	7	0	65	1	6	0	0	0	0	0	0
D'Onta Foreman	RB	11	0	0	0	25	0	15	0	1	0	0	0	0	0	0
Kenny Golladay	WR	11	0	0	0	0	0	12	0	1	0	0	0	0	0	0
Josh Reynolds	WR	11	0	0	0	0	0	0	0	0	0	0	0	0	0	0
Jamaal Williams	RB	11	0	0	0	11	0	0	0	0	0	0	0	0	0	0
Wayne Gallman	RB	11	0	0	0	-3	0	0	0	0	0	0	0	0	0	0
Dan Arnold	TE	11	0	0	0	0	0	0	0	0	0	0	0	0	0	0
Brandon Zylstra	WR	11	0	0	0	0	0	7	0	1	0	0	0	0	0	0
Cam Sims	WR	11	0	0	0	0	0	19	1	2	0	0	0	0	0	0
Phillip Lindsay	RB	11	0	0	0	-3	0	0	0	0	0	0	0	0	0	0
Jeff Wilson	RB	11	0	0	0	50	0	8	0	1	0	0	0	0	0	0
Will Dissly	TE	11	0	0	0	0	0	16	0	1	0	0	0	0	0	0
Trenton Cannon	RB	11	0	0	0	0	0	0	0	0	0	0	0	0	0	0
Tim Boyle	QB	11	77	0	2	0	0	0	0	0	0	0	0	0	0	0
Dontrell Hilliard	RB	11	0	0	0	35	0	47	0	8	0	0	0	0	0	0
Tyler Conklin	TE	11	0	0	0	0	0	35	0	3	0	0	0	0	0	0
Marquez Valdes-Scantling	WR	11	0	0	0	0	0	123	1	4	0	0	0	0	0	0
Equanimeous St. Brown	WR	11	0	0	0	11	0	43	0	2	0	0	0	0	0	0
Byron Pringle	WR	11	0	0	0	0	0	37	0	1	0	0	0	0	0	0
Darrel Williams	RB	11	0	0	0	15	0	11	0	1	0	0	0	0	0	0
Josh Rosen	QB	11	5	0	1	0	0	0	0	0	0	0	0	0	0	0
Dallas Goedert	TE	11	0	0	0	0	0	62	0	5	0	0	0	0	0	0
Ian Thomas	TE	11	0	0	0	0	0	7	0	1	0	0	0	0	0	0
Nyheim Hines	RB	11	0	0	0	31	0	0	0	0	0	0	0	0	0	0
Dalton Schultz	TE	11	0	0	0	0	0	53	0	6	0	0	0	0	0	0
Daurice Fountain	WR	11	0	0	0	0	0	0	0	0	0	0	0	0	0	0
Ray-Ray McCloud	WR	11	0	0	0	5	0	12	0	2	0	0	0	0	0	0
Russell Gage	WR	11	0	0	0	0	0	49	0	5	0	0	0	0	0	0
Boston Scott	RB	11	0	0	0	16	0	2	0	2	0	0	0	0	0	0
Cedrick Wilson Jr.	WR	11	0	0	0	0	0	36	0	4	0	0	0	0	0	0
Braxton Berrios	WR	11	0	0	0	0	0	0	0	0	0	0	0	0	0	0
Nick Bawden	RB	11	0	0	0	0	0	20	0	1	0	0	0	0	0	0
Justin Jackson	RB	11	0	0	0	2	0	0	0	0	0	0	0	0	0	0
Trent Sherfield	WR	11	0	0	0	0	0	0	0	0	0	0	0	0	0	0
Ryan Nall	RB	11	0	0	0	0	0	0	0	0	0	0	0	0	0	0
Godwin Igwebuike	RB	11	0	0	0	0	0	-4	0	1	0	0	0	0	0	0
James Washington	WR	11	0	0	0	0	0	12	0	2	0	0	0	0	0	0
Rashaad Penny	RB	11	0	0	0	19	0	0	0	0	0	0	0	0	0	0
Mark Andrews	TE	11	0	0	0	0	0	73	0	8	0	0	0	0	0	0
Michael Gallup	WR	11	0	0	0	0	0	44	0	5	0	0	0	0	0	0
Tre'Quan Smith	WR	11	0	0	0	0	0	64	0	5	0	0	0	0	0	0
Christian Kirk	WR	11	0	0	0	0	0	25	0	2	0	0	0	0	0	0
Nick Chubb	RB	11	0	0	0	130	0	14	1	2	0	0	0	0	0	0
Durham Smythe	TE	11	0	0	0	0	0	37	0	4	0	0	0	0	0	0
Kalen Ballage	RB	11	0	0	0	3	0	0	0	0	0	0	0	0	0	0
Ronald Jones	RB	11	0	0	0	33	1	0	0	0	0	0	0	0	0	0
DJ Moore	WR	11	0	0	0	0	0	50	1	5	0	0	0	0	0	0
Mike Gesicki	TE	11	0	0	0	0	0	50	0	5	0	0	0	0	0	0
Saquon Barkley	RB	11	0	0	0	25	0	31	0	6	0	0	0	0	0	0
Baker Mayfield	QB	11	176	1	2	9	0	0	0	0	0	0	0	0	0	0
Josh Allen	QB	11	209	2	2	18	0	0	0	0	0	0	0	0	1	0
Malik Turner	WR	11	0	0	0	0	0	11	0	1	0	0	0	0	0	0
Jakobi Meyers	WR	11	0	0	0	0	0	39	0	4	0	0	0	0	0	0
Alexander Mattison	RB	11	0	0	0	5	0	0	0	0	0	0	0	0	0	0
Foster Moreau	TE	11	0	0	0	0	0	19	1	1	0	0	0	0	0	0
Hunter Renfrow	WR	11	0	0	0	5	0	30	0	4	0	0	0	0	0	0
Ashton Dulin	WR	11	0	0	0	0	0	0	0	0	0	0	0	0	0	0
Penny Hart	WR	11	0	0	0	0	0	0	0	0	0	0	0	0	0	0
Antoine Wesley	WR	11	0	0	0	0	0	44	0	4	0	0	0	0	0	0
Mecole Hardman	WR	11	0	0	0	0	0	25	0	2	0	0	0	0	0	0
Olamide Zaccheaus	WR	11	0	0	0	0	0	23	0	3	0	0	0	0	0	0
Deonte Harty	WR	11	0	0	0	0	0	11	0	2	0	0	0	0	0	0
Diontae Johnson	WR	11	0	0	0	0	0	101	1	7	0	0	0	0	0	0
Benny Snell	RB	11	0	0	0	7	0	0	0	0	0	0	0	0	0	0
T.J. Hockenson	TE	11	0	0	0	0	0	51	0	6	0	0	0	0	0	0
Miles Sanders	RB	11	0	0	0	94	0	0	0	0	0	1	0	0	0	0
J.J. Arcega-Whiteside	WR	11	0	0	0	0	0	23	0	1	0	0	0	0	0	0
Devin Singletary	RB	11	0	0	0	17	0	26	0	3	0	0	0	0	0	0
Tony Pollard	RB	11	0	0	0	50	0	20	0	2	0	0	0	0	0	0
Qadree Ollison	RB	11	0	0	0	34	0	0	0	2	0	0	0	0	0	0
Tommy Sweeney	TE	11	0	0	0	0	0	0	0	0	0	0	0	0	0	0
Myles Gaskin	RB	11	0	0	0	89	0	7	1	3	0	0	0	0	0	0
Donald Parham	TE	11	0	0	0	0	0	38	0	4	0	0	0	0	0	0
Patrick Laird	RB	11	0	0	0	4	0	5	0	1	0	0	0	0	0	0
Chris Myarick	TE	11	0	0	0	0	0	0	0	0	0	0	0	0	0	0
Preston Williams	WR	11	0	0	0	0	0	0	0	0	0	0	0	0	0	0
Tyree Jackson	TE	11	0	0	0	0	0	0	0	0	0	0	0	0	0	0
Stanley Morgan	WR	11	0	0	0	0	0	3	0	1	0	0	0	0	0	0
Lil'Jordan Humphrey	WR	11	0	0	0	0	0	4	1	1	0	0	0	0	0	0
Jalen Guyton	WR	11	0	0	0	2	0	18	0	1	0	0	0	0	0	0
Darius Slayton	WR	11	0	0	0	0	0	37	0	4	0	0	1	0	0	0
Ty Johnson	RB	11	0	0	0	5	0	8	0	1	0	0	0	0	0	0
Parker Hesse	TE	11	0	0	0	0	0	5	0	1	0	0	0	0	0	0
Travis Homer	RB	11	0	0	0	4	0	0	0	0	0	0	0	0	0	0
N'Keal Harry	TE	11	0	0	0	0	0	14	0	2	0	0	0	0	0	0
D'Ernest Johnson	RB	11	0	0	0	26	0	0	0	0	0	0	0	0	0	0
Drew Sample	TE	11	0	0	0	0	0	3	0	1	0	0	0	0	0	0
DK Metcalf	WR	11	0	0	0	0	0	31	0	4	0	0	0	0	0	0
Gunner Olszewski	WR	11	0	0	0	0	0	0	0	0	0	0	0	0	0	0
Damien Harris	RB	11	0	0	0	56	0	9	0	1	0	0	0	0	0	0
Terry McLaurin	WR	11	0	0	0	0	0	103	1	5	0	0	0	0	0	0
A.J. Brown	WR	11	0	0	0	0	0	48	0	5	0	0	0	0	0	0
David Montgomery	RB	11	0	0	0	58	0	9	0	1	0	0	0	0	0	0
Dawson Knox	TE	11	0	0	0	0	0	80	0	6	0	0	0	0	0	0
Josh Jacobs	RB	11	0	0	0	37	0	24	0	5	0	0	0	0	0	0
Daniel Jones	QB	11	167	1	2	10	0	0	0	0	0	0	0	0	0	0
Deebo Samuel Sr.	WR	11	0	0	0	79	1	15	0	1	0	0	0	0	0	0
Jakob Johnson	RB	11	0	0	0	0	0	0	0	0	0	0	0	0	0	0
James Robinson	RB	11	0	0	0	29	1	9	0	2	0	0	0	0	0	0
Tony Jones	RB	11	0	0	0	2	0	0	0	0	0	0	0	0	0	0
Patrick Taylor	RB	11	0	0	0	11	0	0	0	0	0	0	0	0	0	0
Tyler Huntley	QB	11	219	0	1	40	0	0	0	0	0	0	0	0	0	0
Sean McKeon	TE	11	0	0	0	0	0	2	0	1	0	0	0	0	0	0
Ja'Marcus Bradley	WR	11	0	0	0	0	0	46	0	2	0	0	0	0	0	0
Tommy Hudson	TE	11	0	0	0	0	0	0	0	0	0	0	0	0	0	0
Nick Westbrook-Ikhine	WR	11	0	0	0	0	0	107	0	7	0	0	0	0	0	0
Reggie Gilliam	RB	11	0	0	0	0	0	7	0	1	0	0	0	0	0	0
Gabe Davis	WR	11	0	0	0	0	0	27	0	2	0	0	0	0	0	0
Tua Tagovailoa	QB	11	273	2	1	6	0	0	0	0	0	0	0	0	0	0
Marquez Callaway	WR	11	0	0	0	0	0	26	1	1	0	0	0	0	0	0
Jonathan Taylor	RB	11	0	0	0	185	4	19	1	3	0	0	0	0	0	0
Dezmon Patmon	WR	11	0	0	0	0	0	0	0	0	0	0	0	0	0	0
Harrison Bryant	TE	11	0	0	0	0	0	0	0	0	0	0	0	0	0	0
Colby Parkinson	TE	11	0	0	0	0	0	6	0	1	0	0	0	0	0	0
Freddie Swain	WR	11	0	0	0	0	0	0	0	0	0	0	0	0	0	0
Zack Moss	RB	11	0	0	0	5	0	0	0	0	0	0	0	0	0	0
Michael Pittman	WR	11	0	0	0	0	0	23	0	2	0	0	0	0	0	0
Collin Johnson	WR	11	0	0	0	0	0	0	0	0	0	0	0	0	0	0
Jauan Jennings	WR	11	0	0	0	0	0	4	0	1	0	0	0	0	0	0
Brandon Aiyuk	WR	11	0	0	0	0	0	85	1	7	0	0	0	0	0	0
Jordan Love	QB	11	0	0	0	-1	0	0	0	0	0	0	0	0	0	0
AJ Dillon	RB	11	0	0	0	53	0	44	0	6	0	0	0	0	0	0
Laviska Shenault Jr.	WR	11	0	0	0	0	0	50	0	5	0	0	1	0	0	0
Quez Watkins	WR	11	0	0	0	0	0	0	0	0	0	0	0	0	0	0
D'Andre Swift	RB	11	0	0	0	136	1	0	0	3	0	0	0	0	0	0
Cole Kmet	TE	11	0	0	0	0	0	12	0	1	0	0	0	0	0	0
Darnell Mooney	WR	11	0	0	0	0	0	121	1	5	0	0	0	0	0	0
Justin Jefferson	WR	11	0	0	0	3	0	169	2	8	0	0	0	0	0	0
Chase Claypool	WR	11	0	0	0	1	0	93	0	5	0	0	0	0	0	0
Antonio Gibson	RB	11	0	0	0	95	0	0	0	0	0	1	0	0	0	0
Devin Duvernay	WR	11	0	0	0	0	0	37	0	4	0	0	0	0	0	0
Josiah Deguara	TE	11	0	0	0	0	0	37	1	2	0	0	0	0	0	0
K.J. Osborn	WR	11	0	0	0	0	0	19	0	1	0	0	0	0	0	0
Justin Herbert	QB	11	382	3	1	90	0	0	0	0	0	0	0	0	0	0
CeeDee Lamb	WR	11	0	0	0	0	0	14	0	3	0	0	0	0	0	0
Clyde Edwards-Helaire	RB	11	0	0	0	63	1	13	0	2	0	0	0	0	0	0
Bryan Edwards	WR	11	0	0	0	0	0	0	0	0	0	0	0	0	0	0
Eno Benjamin	RB	11	0	0	0	15	0	5	0	1	0	0	0	0	0	0
Jalen Reagor	WR	11	0	0	0	0	0	-1	0	1	0	0	0	0	0	0
Jalen Hurts	QB	11	147	0	0	69	3	0	0	0	0	0	0	0	0	0
Tee Higgins	WR	11	0	0	0	0	0	15	0	2	0	0	0	0	0	0
Adam Trautman	TE	11	0	0	0	0	0	58	1	5	0	0	0	0	0	0
DeeJay Dallas	RB	11	0	0	0	25	1	2	0	1	0	0	0	0	0	0
Tyler Johnson	WR	11	0	0	0	0	0	8	0	1	0	0	0	0	0	0
Joe Burrow	QB	11	148	1	0	11	0	0	0	0	1	0	0	0	0	0
Ke'Shawn Vaughn	RB	11	0	0	0	4	0	0	0	0	0	0	0	0	0	0
Dominique Dafney	TE	11	0	0	0	0	0	8	0	1	0	0	0	0	0	0
Deon Jackson	RB	11	0	0	0	12	0	0	0	0	0	0	0	0	0	0
Rashod Bateman	WR	11	0	0	0	0	0	29	0	3	0	0	0	0	0	0
Nico Collins	WR	11	0	0	0	0	0	9	0	1	0	0	0	0	0	0
Brevin Jordan	TE	11	0	0	0	0	0	7	0	1	0	0	0	0	0	0
Gary Brightwell	RB	11	0	0	0	0	0	0	0	0	0	0	0	0	0	0
Jaylen Waddle	WR	11	0	0	0	1	1	65	0	8	0	0	0	0	0	0
Dez Fitzpatrick	WR	11	0	0	0	0	0	35	1	3	0	0	0	0	0	0
John Bates	TE	11	0	0	0	0	0	23	0	3	0	0	0	0	0	0
Noah Gray	TE	11	0	0	0	0	0	8	0	1	0	0	0	0	0	0
Larry Rountree III	RB	11	0	0	0	5	0	0	0	0	0	0	0	0	0	0
Demetric Felton	RB	11	0	0	0	2	0	0	0	0	0	0	0	0	0	0
Dax Milne	WR	11	0	0	0	0	0	5	0	1	0	0	0	0	0	0
Jack Stoll	TE	11	0	0	0	0	0	0	0	0	0	0	0	0	0	0
Brock Wright	TE	11	0	0	0	0	0	12	0	1	0	0	0	0	0	0
Jaret Patterson	RB	11	0	0	0	23	0	0	0	0	0	0	0	0	0	0
Feleipe Franks	TE	11	0	0	1	0	0	0	0	0	0	0	0	0	0	0
Kene Nwangwu	RB	11	0	0	0	0	0	0	0	0	0	0	0	0	0	0
Chris Evans	RB	11	0	0	0	0	0	7	0	1	0	0	0	0	0	0
Rhamondre Stevenson	RB	11	0	0	0	69	0	6	0	1	0	0	0	0	0	0
Kylen Granson	TE	11	0	0	0	0	0	8	0	1	0	0	0	0	0	0
Jaelon Darden	WR	11	0	0	0	0	0	3	0	1	0	0	0	0	0	0
Sam Ehlinger	QB	11	0	0	0	9	0	0	0	0	0	0	0	0	0	0
Najee Harris	RB	11	0	0	0	39	1	20	0	5	0	0	0	0	0	0
Pat Freiermuth	TE	11	0	0	0	0	0	11	1	4	0	0	0	0	0	0
Ja'Marr Chase	WR	11	0	0	0	8	0	32	1	3	0	0	0	0	0	0
Khalil Herbert	RB	11	0	0	0	0	0	0	0	0	0	0	0	0	0	0
DeVonta Smith	WR	11	0	0	0	0	0	61	0	4	0	0	0	0	0	0
Kadarius Toney	WR	11	0	0	0	0	0	40	0	7	0	0	0	0	0	0
Michael Carter	RB	11	0	0	0	63	0	2	0	1	0	0	0	0	0	0
Rondale Moore	WR	11	0	0	0	0	0	51	0	11	0	0	0	0	0	0
Justin Fields	QB	11	79	0	0	23	0	0	0	0	1	0	0	0	0	0
Avery Williams	RB	11	0	0	0	0	0	0	0	0	0	0	0	0	0	0
Terrace Marshall Jr.	WR	11	0	0	0	0	0	0	0	0	0	0	0	0	0	0
Amon-Ra St. Brown	WR	11	0	0	0	0	0	18	0	4	0	0	0	0	0	0
Kyle Pitts	TE	11	0	0	0	0	0	29	0	3	0	0	0	0	0	0
Trevor Lawrence	QB	11	158	0	0	23	0	0	0	0	0	0	0	0	0	0
Mac Jones	QB	11	207	1	1	1	0	0	0	0	0	0	0	0	0	0
Elijah Moore	WR	11	0	0	0	15	0	141	1	8	0	0	0	0	0	0
Trey Sermon	RB	11	0	0	0	32	0	23	0	1	0	0	0	0	0	0
Josh Palmer	WR	11	0	0	0	6	0	17	0	1	0	0	0	0	0	0
Amari Rodgers	WR	11	0	0	0	0	0	0	0	0	0	0	0	0	0	0
Tommy Tremble	TE	11	0	0	0	0	0	35	0	2	0	0	0	0	0	0
Tre' McKitty	TE	11	0	0	0	0	0	7	0	1	0	0	0	0	0	0
Trey Lance	QB	11	0	0	0	4	0	0	0	0	0	0	0	0	0	0
Tom Brady	QB	12	226	1	1	2	0	0	0	0	0	0	0	0	0	0
Ben Roethlisberger	QB	12	263	1	2	0	0	0	0	0	1	0	0	0	0	0
Aaron Rodgers	QB	12	307	2	0	0	1	0	0	0	0	0	0	0	0	0
Marcedes Lewis	TE	12	0	0	0	0	0	4	0	2	0	0	0	0	0	0
Danny Amendola	WR	12	0	0	0	0	0	23	0	3	0	0	0	0	0	0
Matt Ryan	QB	12	190	1	1	6	0	0	0	0	0	0	0	0	0	0
DeSean Jackson	WR	12	0	0	0	0	0	102	1	3	0	0	0	0	0	0
Josh Johnson	QB	12	0	0	0	0	0	0	0	0	0	0	0	0	1	0
Matthew Stafford	QB	12	302	3	1	-1	0	0	0	0	1	0	0	1	0	0
Brian Hoyer	QB	12	0	0	0	-1	0	0	0	0	0	0	0	0	0	0
Jared Cook	TE	12	0	0	0	0	0	25	1	2	0	0	0	0	0	0
Rob Gronkowski	TE	12	0	0	0	0	0	123	0	7	0	0	0	0	0	0
Emmanuel Sanders	WR	12	0	0	0	0	0	28	0	3	0	0	0	0	0	0
Andre Roberts	WR	12	0	0	0	0	0	0	0	0	0	0	0	0	0	0
Jimmy Graham	TE	12	0	0	0	0	0	34	1	2	0	0	0	0	0	0
Cam Newton	QB	12	92	0	2	5	1	0	0	0	0	0	0	0	0	0
Andy Dalton	QB	12	317	1	1	11	0	0	0	0	0	0	0	0	0	0
Randall Cobb	WR	12	0	0	0	0	0	95	1	4	0	0	0	0	0	0
Taiwan Jones	RB	12	0	0	0	0	0	0	0	0	0	0	0	0	0	0
Lee Smith	TE	12	0	0	0	0	0	0	0	0	0	0	0	0	0	0
Tyrod Taylor	QB	12	158	2	1	30	0	0	0	0	0	0	0	0	0	0
Cole Beasley	WR	12	0	0	0	0	0	46	0	5	0	0	0	0	0	0
Brandon Bolden	RB	12	0	0	0	0	0	54	0	4	0	0	0	0	0	0
Russell Wilson	QB	12	247	2	0	16	0	0	0	0	0	0	0	0	0	0
Marvin Jones	WR	12	0	0	0	0	0	43	0	4	0	0	0	0	0	0
Kirk Cousins	QB	12	238	2	1	0	0	0	0	0	0	0	0	0	0	0
T.Y. Hilton	WR	12	0	0	0	0	0	28	1	4	0	0	0	0	0	0
Ryan Tannehill	QB	12	93	1	1	24	0	0	0	0	0	0	0	0	0	0
Adam Thielen	WR	12	0	0	0	0	0	62	2	5	0	0	0	0	0	0
Marquise Goodwin	WR	12	0	0	0	0	0	0	0	0	0	0	0	0	0	0
Ryan Griffin	TE	12	0	0	0	0	0	20	0	3	0	0	0	0	0	0
Jack Doyle	TE	12	0	0	0	0	0	81	1	6	0	0	0	0	0	0
Keenan Allen	WR	12	0	0	0	0	0	85	0	7	0	0	0	0	0	0
Rex Burkhead	RB	12	0	0	0	27	0	27	0	3	0	0	0	0	0	0
Latavius Murray	RB	12	0	0	0	14	0	0	0	0	0	0	0	0	0	0
Tavon Austin	WR	12	0	0	0	0	0	21	1	2	0	0	0	0	0	0
Cordarrelle Patterson	RB	12	0	0	0	108	2	27	0	2	0	0	0	0	0	0
Albert Wilson	WR	12	0	0	0	0	0	17	0	5	0	0	0	0	0	0
Carlos Hyde	RB	12	0	0	0	16	0	0	0	0	0	0	0	0	0	0
John Brown	WR	12	0	0	0	0	0	0	0	0	0	0	0	0	0	0
Odell Beckham Jr.	WR	12	0	0	0	0	0	81	1	5	0	0	0	0	0	0
Brandin Cooks	WR	12	0	0	0	0	0	45	1	3	0	0	0	0	0	0
Teddy Bridgewater	QB	12	129	1	0	10	1	0	0	0	0	0	0	0	0	0
Logan Thomas	TE	12	0	0	0	0	0	31	0	3	0	0	0	0	0	0
Cameron Brate	TE	12	0	0	0	0	0	23	0	3	0	0	0	0	0	0
Derek Carr	QB	12	373	1	0	21	0	0	0	0	0	0	0	0	0	0
Devonta Freeman	RB	12	0	0	0	52	0	8	0	1	0	0	0	0	0	0
Diontae Spencer	WR	12	0	0	0	0	0	0	0	0	0	0	0	0	0	0
Sammy Watkins	WR	12	0	0	0	0	0	8	0	1	0	0	0	0	0	0
Jimmy Garoppolo	QB	12	230	1	1	0	0	0	0	0	0	0	0	0	0	0
Davante Adams	WR	12	0	0	0	0	0	104	0	8	0	0	0	0	0	0
Jarvis Landry	WR	12	0	0	0	0	0	111	0	6	1	0	0	0	0	0
Mike Evans	WR	12	0	0	0	0	0	16	0	3	0	0	0	0	0	0
Chris Manhertz	TE	12	0	0	0	0	0	11	0	1	0	0	0	0	0	0
Nelson Agholor	WR	12	0	0	0	0	0	20	0	3	0	0	0	0	0	0
MyCole Pruitt	TE	12	0	0	0	0	0	10	0	1	0	0	0	0	0	0
Stefon Diggs	WR	12	0	0	0	0	0	74	1	7	0	0	0	0	0	0
Darren Waller	TE	12	0	0	0	0	0	33	0	2	0	0	0	0	0	0
Eric Tomlinson	TE	12	0	0	0	0	0	0	0	0	0	0	0	0	0	0
DeAndre Carter	WR	12	0	0	0	4	0	42	0	4	0	0	0	0	0	0
Taylor Heinicke	QB	12	223	1	1	3	0	0	0	0	0	0	0	0	0	0
Damiere Byrd	WR	12	0	0	0	0	0	42	0	4	0	0	0	0	0	0
Jamison Crowder	WR	12	0	0	0	0	0	5	0	1	0	0	0	0	0	0
James O'Shaughnessy	TE	12	0	0	0	0	0	29	0	3	0	0	0	0	0	1
Adam Humphries	WR	12	0	0	0	0	0	14	0	2	0	0	0	0	0	0
Tevin Coleman	RB	12	0	0	0	67	0	3	0	2	0	0	0	0	0	0
Mike Davis	RB	12	0	0	0	16	0	25	0	3	0	0	0	0	0	0
Ameer Abdullah	RB	12	0	0	0	4	0	20	0	2	0	0	0	0	0	0
C.J. Uzomah	TE	12	0	0	0	0	0	9	0	3	0	0	0	0	0	0
Jesse James	TE	12	0	0	0	0	0	0	0	0	0	0	0	0	0	0
Geoff Swaim	TE	12	0	0	0	0	0	8	0	1	0	0	0	0	0	0
Melvin Gordon	RB	12	0	0	0	83	0	5	0	1	0	0	0	0	0	0
Trevor Siemian	QB	12	163	1	1	3	0	0	0	0	0	0	0	0	0	0
David Johnson	RB	12	0	0	0	39	0	16	0	2	0	0	0	0	0	0
Ty Montgomery	WR	12	0	0	0	14	0	31	0	5	0	0	0	0	0	0
Tyler Lockett	WR	12	0	0	0	0	0	96	0	3	0	0	0	0	0	0
Marcus Mariota	QB	12	0	0	0	4	1	0	0	0	0	0	0	0	0	0
Chester Rogers	WR	12	0	0	0	0	0	2	0	1	0	0	0	0	0	0
Austin Hooper	TE	12	0	0	0	0	0	0	0	0	0	0	0	0	0	0
Nick Vannett	TE	12	0	0	0	0	0	11	1	1	0	0	0	0	0	0
Chris Moore	WR	12	0	0	0	0	0	-4	0	1	0	0	0	0	0	0
Alex Collins	RB	12	0	0	0	14	0	13	0	1	0	0	1	0	0	0
Brandon Allen	QB	12	0	0	0	-1	0	0	0	0	0	0	0	0	0	0
Dwayne Washington	RB	12	0	0	0	0	0	0	0	0	0	0	0	0	0	0
Kalif Raymond	WR	12	0	0	0	0	0	16	0	3	0	0	0	0	0	0
Alex Erickson	WR	12	0	0	0	0	0	13	0	1	0	0	0	0	0	0
J.D. McKissic	RB	12	0	0	0	30	1	26	1	5	0	0	0	0	0	0
Robbie Chosen	WR	12	0	0	0	0	0	15	0	1	0	0	0	0	0	0
Stephen Anderson	TE	12	0	0	0	0	0	18	0	2	0	0	0	0	0	0
Tajae Sharpe	WR	12	0	0	0	0	0	22	0	2	0	0	0	0	0	0
Jakeem Grant	WR	12	0	0	0	0	0	25	0	2	0	0	0	0	0	0
Carson Wentz	QB	12	306	3	2	21	0	0	0	0	1	0	0	0	0	0
Laquon Treadwell	WR	12	0	0	0	0	0	53	0	4	0	0	0	0	0	0
Devontae Booker	RB	12	0	0	0	10	0	17	0	1	0	0	0	0	0	0
J.P. Holtz	TE	12	0	0	0	0	0	0	0	0	0	0	0	0	0	0
Jaydon Mickens	WR	12	0	0	0	0	0	0	0	0	0	0	0	0	0	0
Tyler Boyd	WR	12	0	0	0	0	0	13	0	2	0	0	0	0	0	0
Ezekiel Elliott	RB	12	0	0	0	25	1	24	0	6	0	0	0	0	0	0
Dak Prescott	QB	12	375	2	0	3	0	0	0	0	0	0	0	1	0	0
Hunter Henry	TE	12	0	0	0	0	0	16	0	2	0	0	0	0	0	0
Jared Goff	QB	12	171	2	0	0	0	0	0	0	1	0	0	0	0	0
Tyler Higbee	TE	12	0	0	0	0	0	3	0	1	0	0	0	0	0	0
Pharoh Cooper	WR	12	0	0	0	3	0	6	0	1	0	0	0	0	0	0
Mike Thomas	WR	12	0	0	0	0	0	0	0	0	0	0	0	0	0	0
Kenyan Drake	RB	12	0	0	0	25	0	5	0	2	0	0	0	0	0	0
Mo Alie-Cox	TE	12	0	0	0	0	0	8	0	1	0	0	0	0	0	0
Zach Pascal	WR	12	0	0	0	0	0	12	0	2	0	0	1	0	0	0
JoJo Natson	WR	12	0	0	0	0	0	0	0	0	0	0	0	0	0	0
PJ Walker	QB	12	87	0	1	0	0	0	0	0	0	0	0	0	0	0
Christian McCaffrey	RB	12	0	0	0	35	0	0	0	0	0	0	0	0	0	0
Curtis Samuel	WR	12	0	0	0	4	0	9	0	1	0	0	0	0	0	0
George Kittle	TE	12	0	0	0	0	0	13	0	1	0	0	0	0	0	0
Aaron Jones	RB	12	0	0	0	23	0	0	0	0	0	0	0	0	0	0
Kendrick Bourne	WR	12	0	0	0	0	0	61	2	5	0	0	0	0	0	0
Matt Breida	RB	12	0	0	0	26	0	29	1	2	0	0	0	0	0	0
Tim Patrick	WR	12	0	0	0	0	0	26	0	2	0	0	0	0	0	0
Patrick Ricard	RB	12	0	0	0	0	0	0	0	1	0	0	0	0	0	0
Cody Hollister	WR	12	0	0	0	0	0	22	0	2	0	0	0	0	0	0
Pharaoh Brown	TE	12	0	0	0	0	0	0	0	0	0	0	0	0	0	0
Anthony Firkser	TE	12	0	0	0	0	0	7	0	1	0	0	0	0	0	0
John Ross	WR	12	0	0	0	0	0	28	0	2	0	0	0	0	0	0
Isaiah Ford	WR	12	0	0	0	0	0	11	0	1	0	0	0	0	0	0
Samaje Perine	RB	12	0	0	0	3	0	12	0	1	0	0	0	0	0	0
Mike Williams	WR	12	0	0	0	0	0	39	0	4	0	0	0	0	0	0
Mack Hollins	WR	12	0	0	0	0	0	0	0	0	0	0	0	0	0	0
Eric Saubert	TE	12	0	0	0	0	0	1	1	1	0	0	0	0	0	0
Noah Brown	WR	12	0	0	0	0	0	53	0	6	0	0	0	0	0	0
Keelan Cole	WR	12	0	0	0	0	0	24	0	2	0	0	0	0	0	0
Austin Ekeler	RB	12	0	0	0	31	0	68	1	6	0	0	0	0	0	0
Greg Ward	WR	12	0	0	0	0	0	0	0	0	0	0	0	0	0	0
Dede Westbrook	WR	12	0	0	0	0	0	0	0	0	0	0	0	0	0	0
Dare Ogunbowale	RB	12	0	0	0	0	0	0	0	0	0	0	0	0	0	0
Leonard Fournette	RB	12	0	0	0	100	3	31	1	7	0	0	0	0	0	0
Jonnu Smith	TE	12	0	0	0	9	0	49	0	3	0	0	0	0	0	0
Evan Engram	TE	12	0	0	0	0	0	37	0	3	0	0	0	0	0	0
David Njoku	TE	12	0	0	0	0	0	35	1	3	0	0	0	0	0	0
Zay Jones	WR	12	0	0	0	4	0	59	0	5	0	0	0	0	0	0
Dalvin Cook	RB	12	0	0	0	39	0	64	0	6	0	1	0	0	0	0
Gerald Everett	TE	12	0	0	0	0	0	37	1	5	0	0	0	0	0	0
Joe Mixon	RB	12	0	0	0	165	2	-2	0	4	0	0	0	0	0	0
Cooper Kupp	WR	12	0	0	0	0	0	96	0	7	0	0	0	0	0	1
Chris Godwin Jr.	WR	12	0	0	0	3	0	24	0	4	0	0	1	0	0	0
Kareem Hunt	RB	12	0	0	0	20	0	0	0	0	0	0	0	0	0	0
D'Onta Foreman	RB	12	0	0	0	109	0	3	0	1	0	1	0	0	0	0
Kenny Golladay	WR	12	0	0	0	0	0	50	0	3	0	0	0	0	0	0
Josh Reynolds	WR	12	0	0	0	0	0	70	1	3	0	0	0	0	0	0
Jamaal Williams	RB	12	0	0	0	65	0	18	0	5	0	0	0	0	0	0
Wayne Gallman	RB	12	0	0	0	19	0	0	0	0	0	0	0	0	0	0
Dan Arnold	TE	12	0	0	0	0	0	9	0	1	0	0	0	0	0	0
Brandon Zylstra	WR	12	0	0	0	0	0	24	0	1	0	0	0	0	0	0
Cam Sims	WR	12	0	0	0	0	0	0	0	0	0	0	0	0	0	0
Phillip Lindsay	RB	12	0	0	0	42	0	0	0	0	0	0	0	0	0	0
Jeff Wilson	RB	12	0	0	0	5	0	2	0	1	0	0	0	0	0	0
Will Dissly	TE	12	0	0	0	0	0	19	0	2	0	0	0	0	0	0
Dontrell Hilliard	RB	12	0	0	0	131	1	2	0	1	0	1	0	0	0	0
Tyler Conklin	TE	12	0	0	0	0	0	25	0	2	0	0	0	0	0	0
Marquez Valdes-Scantling	WR	12	0	0	0	0	0	50	0	4	0	0	0	0	0	0
Equanimeous St. Brown	WR	12	0	0	0	0	0	7	0	1	0	0	0	0	0	0
Courtland Sutton	WR	12	0	0	0	0	0	17	0	2	0	0	0	0	0	0
Dallas Goedert	TE	12	0	0	0	0	0	0	0	1	0	0	0	0	0	0
Anthony Miller	WR	12	0	0	0	0	0	2	0	1	0	0	0	0	0	0
Ian Thomas	TE	12	0	0	0	0	0	0	0	0	0	0	0	0	0	0
Nyheim Hines	RB	12	0	0	0	3	0	26	0	3	0	0	0	0	0	0
Dalton Schultz	TE	12	0	0	0	0	0	46	1	3	0	0	0	0	0	1
Russell Gage	WR	12	0	0	0	0	0	62	1	6	0	0	0	0	0	0
Boston Scott	RB	12	0	0	0	64	1	8	0	2	0	1	0	0	0	0
Cedrick Wilson Jr.	WR	12	0	0	0	0	0	104	0	7	0	0	0	0	0	0
Braxton Berrios	WR	12	0	0	0	0	0	47	0	2	0	0	0	0	0	0
Justin Jackson	RB	12	0	0	0	0	0	0	0	0	0	0	0	0	0	0
Buddy Howell	RB	12	0	0	0	0	0	0	0	0	0	0	0	0	0	0
Trent Sherfield	WR	12	0	0	0	0	0	5	0	1	0	0	0	0	0	0
Allen Lazard	WR	12	0	0	0	0	0	13	0	2	0	0	0	0	0	0
Godwin Igwebuike	RB	12	0	0	0	11	0	0	0	0	0	0	0	0	0	0
James Washington	WR	12	0	0	0	0	0	3	0	1	0	0	0	0	0	0
Mark Andrews	TE	12	0	0	0	0	0	65	1	4	0	0	0	0	0	0
Michael Gallup	WR	12	0	0	0	0	0	106	0	5	0	0	0	0	0	0
Tre'Quan Smith	WR	12	0	0	0	0	0	31	0	4	0	0	0	0	0	0
Nick Chubb	RB	12	0	0	0	16	0	23	0	2	0	0	0	0	0	0
Lamar Jackson	QB	12	165	1	4	68	0	0	0	0	0	0	0	0	0	0
Durham Smythe	TE	12	0	0	0	3	0	32	0	5	0	0	0	0	0	0
Kalen Ballage	RB	12	0	0	0	21	0	6	0	1	0	0	0	0	0	0
Ronald Jones	RB	12	0	0	0	37	1	0	0	0	0	0	0	0	0	0
DJ Moore	WR	12	0	0	0	0	0	103	0	4	0	0	0	0	0	0
Mike Gesicki	TE	12	0	0	0	0	0	17	0	3	0	0	0	0	0	0
Saquon Barkley	RB	12	0	0	0	40	0	13	0	4	0	0	0	0	0	0
Sony Michel	RB	12	0	0	0	14	0	11	0	1	0	0	0	0	0	0
KhaDarel Hodge	WR	12	0	0	0	0	0	0	0	0	0	0	0	0	0	0
Baker Mayfield	QB	12	247	1	0	4	0	0	0	0	1	0	0	0	0	0
Josh Allen	QB	12	260	4	2	43	0	0	0	0	0	0	0	0	0	0
Jakobi Meyers	WR	12	0	0	0	0	0	98	0	5	0	0	0	0	0	0
Alexander Mattison	RB	12	0	0	0	21	1	7	0	2	0	0	0	0	0	0
Foster Moreau	TE	12	0	0	0	0	0	3	0	1	0	0	0	0	0	0
Hunter Renfrow	WR	12	0	0	0	2	0	134	0	8	0	0	0	0	0	0
Ashton Dulin	WR	12	0	0	0	0	0	62	1	1	0	0	0	0	0	0
Austin Walter	RB	12	0	0	0	38	1	0	0	0	0	0	0	0	0	0
Olamide Zaccheaus	WR	12	0	0	0	0	0	5	0	1	0	0	0	0	0	0
Deonte Harty	WR	12	0	0	0	0	0	9	0	1	0	0	0	0	0	0
Diontae Johnson	WR	12	0	0	0	0	0	95	0	9	0	0	0	0	0	0
Benny Snell	RB	12	0	0	0	5	0	0	0	0	0	0	0	0	0	0
Zach Gentry	TE	12	0	0	0	0	0	10	0	1	0	0	0	0	0	0
T.J. Hockenson	TE	12	0	0	0	0	0	35	1	3	0	0	0	0	0	0
Miles Sanders	RB	12	0	0	0	64	0	0	0	1	0	0	0	0	0	0
J.J. Arcega-Whiteside	WR	12	0	0	0	0	0	13	0	1	0	0	0	0	0	0
Devin Singletary	RB	12	0	0	0	44	0	4	0	1	0	0	0	0	0	0
Trevon Wesco	TE	12	0	0	0	0	0	0	0	0	0	0	0	0	0	0
Tony Pollard	RB	12	0	0	0	36	0	32	0	4	0	0	0	0	0	0
Scott Miller	WR	12	0	0	0	0	0	0	0	0	0	0	0	0	0	0
Myles Gaskin	RB	12	0	0	0	49	2	3	0	2	0	0	0	0	0	0
Donald Parham	TE	12	0	0	0	0	0	5	0	1	0	0	0	0	0	0
Chris Myarick	TE	12	0	0	0	0	0	11	1	2	0	0	0	0	0	0
Preston Williams	WR	12	0	0	0	0	0	4	0	1	0	0	0	0	0	0
Stanley Morgan	WR	12	0	0	0	0	0	0	0	0	0	0	0	0	0	0
Lil'Jordan Humphrey	WR	12	0	0	0	0	0	47	0	3	0	0	0	0	0	0
Jalen Guyton	WR	12	0	0	0	0	0	23	0	2	0	0	0	0	0	0
Daniel Helm	TE	12	0	0	0	0	0	0	0	0	0	0	0	0	0	0
Darius Slayton	WR	12	0	0	0	-13	0	40	0	3	0	0	0	0	0	0
Ty Johnson	RB	12	0	0	0	42	0	0	0	0	0	0	0	0	0	0
Parker Hesse	TE	12	0	0	0	0	0	7	0	1	0	0	0	0	0	0
DK Metcalf	WR	12	0	0	0	0	0	13	0	1	0	0	0	0	0	0
Noah Fant	TE	12	0	0	0	0	0	12	0	3	0	0	0	0	0	0
Gunner Olszewski	WR	12	0	0	0	0	0	0	0	0	0	0	0	0	0	0
Damien Harris	RB	12	0	0	0	40	1	12	0	1	0	0	0	0	0	0
Terry McLaurin	WR	12	0	0	0	0	0	51	0	4	0	0	0	0	0	0
Marquise Brown	WR	12	0	0	0	0	0	51	0	8	0	0	0	0	0	0
Darrell Henderson	RB	12	0	0	0	55	0	18	1	4	0	0	0	0	0	0
David Montgomery	RB	12	0	0	0	46	0	28	0	3	0	0	0	0	0	0
Dawson Knox	TE	12	0	0	0	0	0	32	2	3	0	0	0	0	0	0
Josh Jacobs	RB	12	0	0	0	87	1	25	0	2	0	0	0	0	0	0
Drew Lock	QB	12	26	0	1	0	0	0	0	0	0	0	0	0	0	0
Daniel Jones	QB	12	202	1	0	30	0	0	0	0	0	0	0	0	0	0
Deebo Samuel Sr.	WR	12	0	0	0	66	2	12	0	1	0	0	0	0	0	0
James Robinson	RB	12	0	0	0	86	0	29	0	3	0	1	0	0	0	0
Matt Cole	WR	12	0	0	0	0	0	0	0	0	0	0	0	0	0	0
Tony Jones	RB	12	0	0	0	27	0	0	0	0	0	0	0	0	0	0
Kendall Hinton	WR	12	0	0	0	0	0	0	0	0	0	0	0	0	0	0
Darius Bradwell	RB	12	0	0	0	0	0	0	0	0	0	0	0	0	0	0
J.J. Koski	WR	12	0	0	0	0	0	0	0	0	0	0	0	0	0	0
Giovanni Ricci	TE	12	0	0	0	0	0	0	0	0	0	0	0	0	0	0
Salvon Ahmed	RB	12	0	0	0	17	0	9	0	1	0	0	0	0	0	0
Sean McKeon	TE	12	0	0	0	0	0	10	1	1	0	0	0	0	0	0
Ja'Marcus Bradley	WR	12	0	0	0	0	0	18	0	2	0	0	0	0	0	0
Nick Westbrook-Ikhine	WR	12	0	0	0	0	0	25	1	2	0	0	0	0	0	0
Gabe Davis	WR	12	0	0	0	0	0	47	0	2	0	0	0	0	0	0
Tua Tagovailoa	QB	12	230	1	0	0	0	0	0	0	0	0	0	0	0	0
Marquez Callaway	WR	12	0	0	0	0	0	24	0	2	0	0	0	0	0	0
Jonathan Taylor	RB	12	0	0	0	83	1	14	0	4	0	0	0	0	0	0
Harrison Bryant	TE	12	0	0	0	0	0	50	0	3	0	0	0	0	0	0
Donovan Peoples-Jones	WR	12	0	0	0	0	0	10	0	2	0	0	0	0	0	0
Freddie Swain	WR	12	0	0	0	0	0	32	1	1	0	0	0	0	0	0
Michael Pittman	WR	12	0	0	0	0	0	53	0	4	0	0	0	0	0	0
Jauan Jennings	WR	12	0	0	0	0	0	24	1	2	0	0	0	0	0	0
Brandon Aiyuk	WR	12	0	0	0	4	0	91	0	3	0	0	0	0	0	0
AJ Dillon	RB	12	0	0	0	69	0	21	1	5	0	0	0	0	0	0
Laviska Shenault Jr.	WR	12	0	0	0	0	0	33	0	5	0	0	0	0	0	0
Quez Watkins	WR	12	0	0	0	3	0	23	0	2	0	0	0	0	0	0
D'Andre Swift	RB	12	0	0	0	0	0	9	0	3	0	0	0	0	0	0
Cole Kmet	TE	12	0	0	0	0	0	65	0	8	0	0	0	0	0	0
Isaiah Coulter	WR	12	0	0	0	0	0	0	0	0	0	0	0	0	0	0
Darnell Mooney	WR	12	0	0	0	2	0	123	0	5	0	0	0	0	0	0
Justin Jefferson	WR	12	24	0	0	0	0	83	0	4	0	0	0	0	0	0
Chase Claypool	WR	12	0	0	0	0	0	82	0	3	0	0	0	0	0	0
Antonio Gibson	RB	12	0	0	0	111	0	35	0	7	0	0	0	0	1	0
Devin Duvernay	WR	12	0	0	0	13	0	2	0	1	0	0	0	0	0	0
Josiah Deguara	TE	12	0	0	0	0	0	13	0	2	0	0	0	0	0	0
Anthony McFarland	RB	12	0	0	0	2	0	11	0	1	0	0	0	0	0	0
K.J. Osborn	WR	12	0	0	0	0	0	5	0	1	0	0	0	0	0	0
Justin Herbert	QB	12	303	2	2	36	0	0	0	0	0	0	0	0	0	0
Bryan Edwards	WR	12	0	0	0	0	0	12	0	1	0	0	0	0	0	0
Joshua Kelley	RB	12	0	0	0	5	0	15	0	2	0	0	0	0	0	0
Jalen Reagor	WR	12	0	0	0	0	0	31	0	2	0	0	0	0	0	0
Jalen Hurts	QB	12	129	0	3	77	0	0	0	0	0	0	0	0	0	0
Jerry Jeudy	WR	12	0	0	0	0	0	25	0	2	0	0	0	0	0	0
Tee Higgins	WR	12	0	0	0	0	0	114	1	6	0	0	0	0	0	0
Van Jefferson	WR	12	0	0	0	0	0	93	1	3	0	0	0	0	0	0
Albert Okwuegbunam	TE	12	0	0	0	0	0	12	0	1	0	0	0	0	0	0
DeeJay Dallas	RB	12	0	0	0	4	0	27	0	5	0	0	0	0	0	0
Tyler Johnson	WR	12	0	0	0	0	0	9	0	1	0	0	0	0	0	0
Charlie Woerner	TE	12	0	0	0	0	0	11	0	1	0	0	0	0	0	0
Joe Burrow	QB	12	190	1	1	8	1	0	0	0	0	0	0	0	0	0
Dominique Dafney	TE	12	0	0	0	0	0	0	0	0	0	0	0	0	0	0
Ty'Son Williams	RB	12	0	0	0	1	0	0	0	0	0	0	0	0	0	0
Rashod Bateman	WR	12	0	0	0	0	0	31	0	4	0	0	0	0	0	0
Nico Collins	WR	12	0	0	0	0	0	28	0	2	0	0	0	0	0	0
Chuba Hubbard	RB	12	0	0	0	6	0	0	0	0	0	0	0	0	0	0
Brevin Jordan	TE	12	0	0	0	0	0	23	1	3	0	0	0	0	0	0
Elijah Mitchell	RB	12	0	0	0	133	1	35	0	5	0	0	0	0	0	0
Gary Brightwell	RB	12	0	0	0	0	0	0	0	0	0	0	0	0	0	0
Marquez Stevenson	WR	12	0	0	0	0	0	0	0	0	0	0	0	0	0	0
Jaylen Waddle	WR	12	0	0	0	0	0	137	1	9	0	0	0	0	0	0
Dee Eskridge	WR	12	0	0	0	0	0	10	0	2	0	0	0	0	0	0
Dez Fitzpatrick	WR	12	0	0	0	0	0	14	0	1	0	0	0	0	0	0
John Bates	TE	12	0	0	0	0	0	15	0	1	0	0	0	0	0	0
Tylan Wallace	WR	12	0	0	0	0	0	0	0	0	0	0	0	0	0	0
Demetric Felton	RB	12	0	0	0	0	0	0	0	0	0	0	0	0	0	0
Jaret Patterson	RB	12	0	0	0	0	0	0	0	0	0	0	0	0	0	0
Kene Nwangwu	RB	12	0	0	0	7	0	0	0	0	0	0	0	0	0	0
Chris Evans	RB	12	0	0	0	23	0	5	0	1	0	0	0	0	0	0
Rhamondre Stevenson	RB	12	0	0	0	46	0	0	0	0	0	0	0	0	0	0
Kylen Granson	TE	12	0	0	0	0	0	22	0	2	0	0	0	0	0	0
Jaelon Darden	WR	12	0	0	0	0	0	0	0	0	0	0	0	0	0	0
Najee Harris	RB	12	0	0	0	23	0	14	0	3	0	0	0	0	0	0
Pat Freiermuth	TE	12	0	0	0	0	0	40	1	4	0	0	0	0	0	0
Ja'Marr Chase	WR	12	0	0	0	0	0	39	0	3	0	0	0	0	0	0
Khalil Herbert	RB	12	0	0	0	9	0	0	0	0	0	0	0	0	0	0
DeVonta Smith	WR	12	0	0	0	0	0	22	0	2	0	0	0	0	0	0
Kenny Gainwell	RB	12	0	0	0	0	0	32	0	3	0	0	0	0	0	0
Avery Williams	RB	12	0	0	0	0	0	0	0	0	0	0	0	0	0	0
Frank Darby	WR	12	0	0	0	0	0	0	0	0	0	0	0	0	0	0
Amon-Ra St. Brown	WR	12	0	0	0	0	0	23	0	4	0	0	0	0	0	0
Kyle Pitts	TE	12	0	0	0	0	0	26	0	2	0	0	0	0	0	0
Trevor Lawrence	QB	12	228	1	1	39	0	0	0	0	0	0	0	1	0	0
Mac Jones	QB	12	310	2	0	11	0	0	0	0	0	0	0	0	0	0
Elijah Moore	WR	12	0	0	0	7	0	46	0	4	0	0	0	0	0	0
Josh Palmer	WR	12	0	0	0	0	0	25	0	2	0	0	0	0	0	0
Amari Rodgers	WR	12	0	0	0	0	0	0	0	0	0	0	0	0	0	0
Javonte Williams	RB	12	0	0	0	54	1	57	0	3	0	0	0	0	0	0
Tommy Tremble	TE	12	0	0	0	0	0	4	0	1	0	0	0	0	0	0
Tre' McKitty	TE	12	0	0	0	0	0	0	0	0	0	0	0	0	0	0
Zach Wilson	QB	12	145	0	1	3	1	0	0	0	0	0	0	0	0	0
Tom Brady	QB	13	368	4	1	-1	0	0	0	0	0	0	0	0	0	0
Ben Roethlisberger	QB	13	236	2	0	-1	0	0	0	0	0	0	0	1	0	0
Adrian Peterson	RB	13	0	0	0	16	1	0	0	0	0	0	0	0	0	0
Matt Ryan	QB	13	297	0	0	2	0	0	0	0	0	0	0	0	0	0
DeSean Jackson	WR	13	0	0	0	0	0	14	0	1	0	0	0	0	0	0
Matthew Slater	WR	13	0	0	0	0	0	0	0	0	0	0	0	0	0	0
Matthew Stafford	QB	13	295	3	0	2	0	0	0	0	0	0	0	0	0	0
Jared Cook	TE	13	0	0	0	0	0	29	0	3	0	0	0	0	0	0
Rob Gronkowski	TE	13	0	0	0	0	0	58	2	4	0	0	0	0	0	0
Emmanuel Sanders	WR	13	0	0	0	0	0	22	0	3	0	0	0	0	0	0
Andre Roberts	WR	13	0	0	0	0	0	0	0	0	0	0	0	0	0	0
Jimmy Graham	TE	13	0	0	0	0	0	1	1	1	0	0	0	0	0	1
A.J. Green	WR	13	0	0	0	0	0	14	0	1	0	0	0	0	0	0
Mark Ingram	RB	13	0	0	0	28	0	-2	0	1	0	0	0	0	0	0
Andy Dalton	QB	13	229	2	4	6	0	0	0	0	0	0	0	1	0	0
Kyle Rudolph	TE	13	0	0	0	0	0	18	0	2	0	0	0	0	0	0
Luke Stocker	TE	13	0	0	0	0	0	0	0	0	0	0	0	0	0	0
Lee Smith	TE	13	0	0	0	0	0	0	0	0	0	0	0	0	0	0
Tyrod Taylor	QB	13	45	0	1	15	0	0	0	0	0	0	0	0	0	0
Cole Beasley	WR	13	0	0	0	0	0	11	0	1	0	0	0	0	0	0
Brandon Bolden	RB	13	0	0	0	28	0	7	0	1	0	0	0	0	1	0
Russell Wilson	QB	13	231	2	1	15	0	0	0	0	0	0	0	0	0	0
Travis Benjamin	WR	13	0	0	0	0	0	0	0	0	0	0	0	0	0	0
Marvin Jones	WR	13	0	0	0	0	0	11	0	2	0	0	0	0	0	0
Kirk Cousins	QB	13	340	2	0	6	0	0	0	0	1	0	0	0	0	0
T.Y. Hilton	WR	13	0	0	0	0	0	22	0	2	0	0	0	0	0	0
Adam Thielen	WR	13	0	0	0	0	0	0	0	1	0	0	0	0	0	0
Zach Ertz	TE	13	0	0	0	0	0	10	0	1	0	0	0	0	0	0
Kenny Stills	WR	13	0	0	0	0	0	0	0	0	0	0	0	0	0	0
Ryan Griffin	TE	13	0	0	0	0	0	15	1	2	0	0	0	0	0	0
Demetrius Harris	TE	13	0	0	0	0	0	7	0	2	0	0	0	0	0	0
Jack Doyle	TE	13	0	0	0	0	0	13	0	1	0	0	0	0	0	0
Keenan Allen	WR	13	0	0	0	0	0	34	2	5	0	0	0	1	0	0
Rex Burkhead	RB	13	0	0	0	30	0	15	0	1	0	0	0	0	0	0
Giovani Bernard	RB	13	0	0	0	3	0	7	0	1	0	0	0	0	0	0
Travis Kelce	TE	13	0	0	0	0	0	27	0	3	0	0	0	0	0	0
Latavius Murray	RB	13	0	0	0	1	0	34	0	2	0	0	0	0	0	0
Mike Glennon	QB	13	187	0	1	0	0	0	0	0	0	0	0	0	0	0
Tavon Austin	WR	13	0	0	0	0	0	9	0	1	0	0	0	0	0	0
DeAndre Hopkins	WR	13	0	0	0	0	0	32	1	2	0	0	0	0	0	0
Cordarrelle Patterson	RB	13	0	0	0	78	0	18	0	3	0	0	0	0	0	0
Albert Wilson	WR	13	0	0	0	0	0	26	0	4	0	0	0	0	0	0
Carlos Hyde	RB	13	0	0	0	24	1	-1	0	1	0	1	0	0	0	0
Odell Beckham Jr.	WR	13	0	0	0	0	0	28	1	2	0	0	0	0	0	0
Brandin Cooks	WR	13	0	0	0	16	0	38	0	3	0	0	0	0	0	0
Teddy Bridgewater	QB	13	257	1	2	17	0	0	0	0	0	0	0	0	0	0
Logan Thomas	TE	13	0	0	0	0	0	48	1	3	0	0	0	0	0	0
Cameron Brate	TE	13	0	0	0	0	0	3	1	1	0	0	0	0	0	0
Derek Carr	QB	13	249	0	0	24	0	0	0	0	0	0	0	0	0	0
Devonta Freeman	RB	13	0	0	0	52	1	45	0	5	0	0	0	0	0	0
Diontae Spencer	WR	13	0	0	0	0	0	0	0	0	0	0	0	0	0	0
Sammy Watkins	WR	13	0	0	0	0	0	39	1	4	0	0	0	0	0	0
Jimmy Garoppolo	QB	13	299	2	2	0	0	0	0	0	0	0	0	0	0	0
Mike Evans	WR	13	0	0	0	0	0	99	0	7	0	0	0	0	0	0
Amari Cooper	WR	13	0	0	0	0	0	41	0	2	0	0	0	0	0	0
DeVante Parker	WR	13	0	0	0	0	0	62	0	5	0	0	0	0	0	0
Nelson Agholor	WR	13	0	0	0	6	0	0	0	0	0	0	0	0	0	0
Stefon Diggs	WR	13	0	0	0	0	0	51	0	4	0	0	0	0	0	0
Eric Tomlinson	TE	13	0	0	0	0	0	0	0	0	0	0	0	0	0	0
DeAndre Carter	WR	13	0	0	0	0	0	6	0	1	0	0	0	0	0	0
Taylor Heinicke	QB	13	196	2	1	10	0	0	0	0	0	0	0	0	0	0
Damiere Byrd	WR	13	0	0	0	0	0	36	0	3	0	0	0	0	0	0
Jamison Crowder	WR	13	0	0	0	0	0	62	0	4	0	0	0	0	0	0
James O'Shaughnessy	TE	13	0	0	0	0	0	13	0	2	0	0	0	0	0	0
Adam Humphries	WR	13	0	0	0	0	0	38	0	4	0	0	0	0	0	0
Breshad Perriman	WR	13	0	0	0	0	0	5	0	1	0	0	0	0	0	0
Tevin Coleman	RB	13	0	0	0	58	0	19	0	3	0	0	0	0	0	0
Mike Davis	RB	13	0	0	0	32	1	37	0	4	0	0	0	0	0	0
Chris Conley	WR	13	0	0	0	0	0	0	0	0	0	0	0	0	0	0
C.J. Uzomah	TE	13	0	0	0	0	0	20	0	3	0	0	0	0	0	0
Ty Montgomery	WR	13	0	0	0	21	0	9	0	4	0	0	0	0	0	0
Tyler Lockett	WR	13	0	0	0	0	0	68	1	7	0	0	0	0	0	0
Nick Vannett	TE	13	0	0	0	0	0	48	0	3	0	0	0	0	0	0
Dwayne Washington	RB	13	0	0	0	0	0	0	0	0	0	0	0	0	0	0
Kalif Raymond	WR	13	0	0	0	0	0	33	0	2	0	0	0	0	0	0
Stephen Anderson	TE	13	0	0	0	0	0	0	0	0	0	0	0	0	0	0
Peyton Barber	RB	13	0	0	0	0	0	2	0	1	0	0	0	0	0	0
Demarcus Robinson	WR	13	0	0	0	0	0	21	0	2	0	0	0	0	0	0
Tajae Sharpe	WR	13	0	0	0	0	0	10	0	3	0	0	0	0	0	0
Wendell Smallwood	RB	13	0	0	0	13	0	12	0	2	0	0	0	0	0	0
Jakeem Grant	WR	13	0	0	0	0	0	62	1	5	0	0	0	0	0	0
Carson Wentz	QB	13	158	1	0	8	0	0	0	0	0	0	0	0	0	0
Laquon Treadwell	WR	13	0	0	0	0	0	62	0	4	0	0	0	0	0	0
Devontae Booker	RB	13	0	0	0	36	0	18	0	4	0	0	0	0	0	0
Jaydon Mickens	WR	13	0	0	0	0	0	10	0	2	0	0	0	0	0	0
Tyler Boyd	WR	13	0	0	0	0	0	85	0	5	0	0	0	0	0	0
Tyreek Hill	WR	13	0	0	0	0	0	22	0	2	0	0	0	0	0	0
Ezekiel Elliott	RB	13	0	0	0	45	0	2	0	2	0	0	0	0	0	0
Dak Prescott	QB	13	238	1	1	-3	0	0	0	0	0	0	0	0	0	0
Garrett Griffin	TE	13	0	0	0	0	0	9	0	1	0	0	0	0	0	0
Jared Goff	QB	13	296	3	1	1	0	0	0	0	1	0	0	0	0	0
Tyler Higbee	TE	13	0	0	0	0	0	48	0	5	0	0	0	0	0	0
Pharoh Cooper	WR	13	0	0	0	0	0	21	0	2	0	0	0	0	0	0
Kenyan Drake	RB	13	0	0	0	0	0	8	0	1	0	0	0	0	0	0
Mo Alie-Cox	TE	13	0	0	0	0	0	0	0	1	0	0	0	0	0	0
Zach Pascal	WR	13	0	0	0	12	0	6	0	1	0	0	0	0	0	0
Curtis Samuel	WR	13	0	0	0	-1	0	-1	0	1	0	0	0	0	0	0
George Kittle	TE	13	0	0	0	5	0	181	2	9	0	0	0	0	0	0
Kendrick Bourne	WR	13	0	0	0	3	0	0	0	0	0	0	0	0	0	0
Matt Breida	RB	13	0	0	0	3	0	5	0	1	0	0	0	0	0	0
Taysom Hill	TE	13	264	2	4	101	0	0	0	0	0	0	0	0	0	0
Tim Patrick	WR	13	0	0	0	0	0	9	0	1	0	0	0	0	0	0
Patrick Ricard	RB	13	0	0	0	0	0	9	0	1	0	0	0	0	0	0
Pharaoh Brown	TE	13	0	0	0	0	0	23	0	4	0	0	1	0	0	0
John Ross	WR	13	0	0	0	0	0	0	0	0	0	0	0	0	0	0
Isaiah Ford	WR	13	0	0	0	0	0	2	1	1	0	0	0	0	0	0
Marcus Kemp	WR	13	0	0	0	0	0	0	0	0	0	0	0	0	0	0
Samaje Perine	RB	13	0	0	0	36	0	5	0	2	0	0	0	0	0	0
Mike Williams	WR	13	0	0	0	0	0	110	0	5	0	0	0	0	0	0
James Conner	RB	13	0	0	0	75	0	36	1	2	0	0	0	0	0	0
Mack Hollins	WR	13	0	0	0	0	0	5	1	1	0	0	0	0	0	0
Noah Brown	WR	13	0	0	0	0	0	14	0	2	0	0	0	0	0	0
Austin Ekeler	RB	13	0	0	0	59	1	45	0	5	0	0	2	0	0	0
Corey Clement	RB	13	0	0	0	0	0	0	0	0	0	0	0	0	0	0
Dede Westbrook	WR	13	0	0	0	0	0	-2	0	1	0	0	0	0	0	0
Dare Ogunbowale	RB	13	0	0	0	0	0	0	0	0	0	0	0	0	0	0
Leonard Fournette	RB	13	0	0	0	44	0	48	1	7	0	0	0	0	0	0
Jonnu Smith	TE	13	0	0	0	-1	0	12	0	1	0	0	0	0	0	0
Corey Davis	WR	13	0	0	0	0	0	15	0	2	0	0	0	0	0	0
Patrick Mahomes	QB	13	184	0	1	12	1	0	0	0	0	0	0	0	0	0
Evan Engram	TE	13	0	0	0	0	0	61	0	4	0	0	0	0	0	0
Zay Jones	WR	13	0	0	0	0	0	21	0	3	0	0	0	0	0	0
Gerald Everett	TE	13	0	0	0	0	0	7	0	4	0	0	2	0	0	0
Joe Mixon	RB	13	0	0	0	54	1	0	0	0	0	1	0	0	0	0
Cooper Kupp	WR	13	0	0	0	0	0	129	1	8	0	0	0	0	0	0
Chris Godwin Jr.	WR	13	0	0	0	9	0	143	0	15	0	0	0	0	0	0
Kenny Golladay	WR	13	0	0	0	0	0	37	0	3	0	0	0	0	0	0
C.J. Beathard	QB	13	0	0	0	2	0	0	0	0	0	0	0	0	0	0
Josh Reynolds	WR	13	0	0	0	0	0	69	0	4	0	0	0	0	0	0
Jamaal Williams	RB	13	0	0	0	71	0	9	0	1	0	0	0	0	0	0
Rodney Adams	WR	13	0	0	0	0	0	0	0	0	0	0	0	0	0	0
Will Dissly	TE	13	0	0	0	0	0	7	0	2	0	0	0	0	0	0
Mike Boone	RB	13	0	0	0	35	0	19	0	1	0	0	0	0	0	0
Tyler Conklin	TE	13	0	0	0	0	0	56	0	7	0	0	0	0	0	0
Byron Pringle	WR	13	0	0	0	0	0	14	0	1	0	0	0	0	0	0
Darrel Williams	RB	13	0	0	0	20	0	60	0	3	0	0	0	0	0	0
Jaylen Samuels	RB	13	0	0	0	2	0	0	0	0	0	0	0	0	0	0
Courtland Sutton	WR	13	0	0	0	0	0	15	0	2	0	0	0	0	0	0
Dallas Goedert	TE	13	0	0	0	0	0	105	2	6	0	0	0	0	0	0
Nyheim Hines	RB	13	0	0	0	24	0	32	0	3	0	0	0	0	0	0
Dalton Schultz	TE	13	0	0	0	0	0	43	0	5	0	0	0	0	0	0
Ray-Ray McCloud	WR	13	0	0	0	0	0	7	0	1	0	0	0	0	0	0
Russell Gage	WR	13	0	0	0	0	0	130	0	11	0	0	1	0	0	0
Boston Scott	RB	13	0	0	0	0	0	0	0	0	0	0	0	0	0	0
Braxton Berrios	WR	13	0	0	0	0	0	11	0	1	0	0	0	0	0	0
Justin Jackson	RB	13	0	0	0	15	0	6	0	2	0	0	0	0	0	0
Trent Sherfield	WR	13	0	0	0	0	0	16	0	2	0	0	0	0	0	0
Godwin Igwebuike	RB	13	0	0	0	8	0	13	0	1	0	0	0	0	0	0
Brandon Powell	WR	13	0	0	0	0	0	0	0	0	0	0	0	0	0	0
James Washington	WR	13	0	0	0	0	0	0	0	0	0	0	0	0	0	0
Rashaad Penny	RB	13	0	0	0	35	0	27	0	1	0	0	0	0	0	0
Mark Andrews	TE	13	0	0	0	0	0	50	0	4	0	0	0	0	0	0
Michael Gallup	WR	13	0	0	0	0	0	36	1	5	0	0	0	0	0	0
Tre'Quan Smith	WR	13	0	0	0	0	0	15	0	2	0	0	0	0	0	0
Christian Kirk	WR	13	0	0	0	0	0	4	0	1	0	0	0	0	0	0
Lamar Jackson	QB	13	253	1	1	55	0	0	0	0	0	0	0	0	0	0
Durham Smythe	TE	13	0	0	0	0	0	0	0	0	0	0	0	0	0	0
Ronald Jones	RB	13	0	0	0	2	0	0	0	1	0	0	0	0	0	0
Mike Gesicki	TE	13	0	0	0	0	0	46	0	7	0	0	0	0	0	0
Royce Freeman	RB	13	0	0	0	10	0	11	0	1	0	0	0	0	0	0
Saquon Barkley	RB	13	0	0	0	55	0	19	0	6	0	0	0	0	0	0
Sony Michel	RB	13	0	0	0	121	1	8	0	3	0	0	0	0	0	0
KhaDarel Hodge	WR	13	0	0	0	0	0	9	0	1	0	0	0	0	0	0
Josh Allen	QB	13	145	1	0	39	0	0	0	0	0	1	0	0	0	0
Malik Turner	WR	13	0	0	0	0	0	10	0	1	0	0	0	0	0	0
Alexander Mattison	RB	13	0	0	0	90	1	34	0	3	0	0	0	0	0	0
Foster Moreau	TE	13	0	0	0	0	0	34	0	1	0	0	0	0	0	0
Hunter Renfrow	WR	13	0	0	0	0	0	102	0	9	0	0	0	0	0	0
Ashton Dulin	WR	13	0	0	0	0	0	2	1	1	0	0	0	0	0	0
Penny Hart	WR	13	0	0	0	0	0	-1	0	1	0	0	0	0	0	0
Davion Davis	WR	13	0	0	0	0	0	0	0	0	0	0	0	0	0	0
Mecole Hardman	WR	13	0	0	0	0	0	12	0	1	0	0	0	0	0	0
Austin Walter	RB	13	0	0	0	2	0	9	0	2	0	0	0	0	0	0
Olamide Zaccheaus	WR	13	0	0	0	2	0	44	0	3	0	0	0	0	0	0
Deonte Harty	WR	13	0	0	0	3	0	96	1	4	0	0	0	0	0	0
Diontae Johnson	WR	13	0	0	0	0	0	105	2	8	0	0	0	0	0	0
Benny Snell	RB	13	0	0	0	13	0	0	0	0	0	0	0	0	0	0
Zach Gentry	TE	13	0	0	0	0	0	10	0	2	0	0	0	0	0	0
Kyler Murray	QB	13	123	2	0	59	2	0	0	0	0	0	0	0	0	0
T.J. Hockenson	TE	13	0	0	0	0	0	49	1	4	0	0	0	0	0	0
Miles Sanders	RB	13	0	0	0	120	0	22	0	3	0	0	0	0	0	0
Josh Oliver	TE	13	0	0	0	0	0	0	0	0	0	0	0	0	0	0
Devin Singletary	RB	13	0	0	0	36	0	0	0	0	0	0	0	0	0	0
Tony Pollard	RB	13	0	0	0	71	1	3	0	2	0	0	0	0	0	0
Qadree Ollison	RB	13	0	0	0	7	0	8	0	1	0	0	0	0	0	0
Gardner Minshew	QB	13	242	2	0	11	0	0	0	0	0	0	0	0	0	0
Trayveon Williams	RB	13	0	0	0	0	0	0	0	0	0	0	0	0	0	0
Myles Gaskin	RB	13	0	0	0	44	0	5	0	2	0	0	0	0	0	0
Donald Parham	TE	13	0	0	0	0	0	3	0	2	0	0	0	0	0	0
Trenton Irwin	WR	13	0	0	0	0	0	0	0	0	0	0	0	0	0	0
Stanley Morgan	WR	13	0	0	0	0	0	0	0	0	0	0	0	0	0	0
Lil'Jordan Humphrey	WR	13	0	0	0	0	0	49	1	2	0	0	0	0	0	0
Jalen Guyton	WR	13	0	0	0	-1	0	90	1	4	0	0	0	0	0	0
Jeff Smith	WR	13	0	0	0	0	0	0	0	0	0	0	0	0	0	0
Darius Slayton	WR	13	0	0	0	0	0	13	0	2	0	0	0	0	0	0
Ty Johnson	RB	13	0	0	0	1	0	14	0	2	0	0	0	0	0	0
Travis Homer	RB	13	0	0	0	80	1	10	0	4	0	0	0	0	0	0
Kendall Blanton	TE	13	0	0	0	0	0	6	0	1	0	0	0	0	0	0
N'Keal Harry	TE	13	0	0	0	0	0	0	0	0	0	0	0	0	0	0
DK Metcalf	WR	13	0	0	0	0	0	60	0	5	0	0	0	0	0	0
Noah Fant	TE	13	0	0	0	0	0	33	0	4	0	0	0	0	0	0
Gunner Olszewski	WR	13	0	0	0	0	0	0	0	0	0	0	0	0	0	0
Damien Harris	RB	13	0	0	0	111	1	0	0	0	0	0	0	0	0	0
Terry McLaurin	WR	13	0	0	0	0	0	22	0	3	0	0	0	0	0	0
Marquise Brown	WR	13	0	0	0	0	0	55	0	5	0	0	0	0	0	0
David Montgomery	RB	13	0	0	0	90	1	51	0	8	0	0	0	0	0	0
Dawson Knox	TE	13	0	0	0	0	0	14	0	2	0	0	0	0	0	0
Josh Jacobs	RB	13	0	0	0	52	1	38	0	9	0	0	0	0	0	0
JaMycal Hasty	RB	13	0	0	0	0	0	0	0	0	0	0	0	0	0	0
James Robinson	RB	13	0	0	0	24	0	11	0	1	0	1	0	0	0	0
Kendall Hinton	WR	13	0	0	0	0	0	7	0	1	0	0	0	0	0	0
Cody White	WR	13	0	0	0	0	0	0	0	0	0	0	0	0	0	0
Dan Chisena	WR	13	0	0	0	0	0	0	0	0	0	0	0	0	0	0
Salvon Ahmed	RB	13	0	0	0	23	0	0	0	0	0	0	0	0	0	0
Juwan Johnson	TE	13	0	0	0	0	0	27	0	1	0	0	0	0	0	0
Gabe Davis	WR	13	0	0	0	0	0	30	1	2	0	0	0	0	0	0
Tua Tagovailoa	QB	13	244	2	0	1	0	0	0	0	0	0	0	0	0	0
Marquez Callaway	WR	13	0	0	0	0	0	13	0	1	0	0	0	0	0	0
Jonathan Taylor	RB	13	0	0	0	143	2	0	0	0	0	1	0	0	0	0
Freddie Swain	WR	13	0	0	0	0	0	18	0	3	0	0	0	0	0	0
Zack Moss	RB	13	0	0	0	21	0	12	0	2	0	0	0	0	0	0
Michael Pittman	WR	13	0	0	0	33	0	77	0	6	0	0	0	0	0	0
Denzel Mims	WR	13	0	0	0	0	0	4	0	1	0	0	0	0	0	0
Jauan Jennings	WR	13	0	0	0	0	0	8	0	1	0	0	0	0	0	0
Brandon Aiyuk	WR	13	0	0	0	0	0	55	0	3	0	0	0	0	0	0
Laviska Shenault Jr.	WR	13	0	0	0	1	0	30	0	3	0	0	0	0	0	0
Quez Watkins	WR	13	0	0	0	0	0	60	0	3	0	0	0	0	0	0
Cole Kmet	TE	13	0	0	0	0	0	41	0	3	0	0	0	0	0	0
Darnell Mooney	WR	13	0	0	0	0	0	27	0	5	0	0	0	0	0	0
Justin Jefferson	WR	13	0	0	0	4	0	182	1	11	0	0	0	0	0	0
Chase Claypool	WR	13	0	0	0	2	0	52	0	2	0	0	0	0	0	0
Antonio Gibson	RB	13	0	0	0	88	0	23	1	5	0	0	0	0	0	0
Devin Duvernay	WR	13	0	0	0	0	0	21	0	2	0	0	0	0	0	0
K.J. Osborn	WR	13	0	0	0	0	0	47	1	4	0	0	0	0	0	0
Justin Herbert	QB	13	317	3	1	6	0	0	0	0	0	0	0	0	0	1
CeeDee Lamb	WR	13	0	0	0	33	0	89	0	7	0	0	0	0	0	0
Clyde Edwards-Helaire	RB	13	0	0	0	54	0	28	0	3	0	0	0	0	0	0
Bryan Edwards	WR	13	0	0	0	0	0	30	0	3	0	0	0	0	0	0
Eno Benjamin	RB	13	0	0	0	1	0	12	0	1	0	0	0	0	0	0
Jalen Reagor	WR	13	0	0	0	0	0	7	0	1	0	0	0	0	0	0
Jerry Jeudy	WR	13	0	0	0	0	0	77	0	4	0	0	0	0	0	0
Tee Higgins	WR	13	0	0	0	0	0	138	1	9	0	0	0	0	0	0
Van Jefferson	WR	13	0	0	0	0	0	41	1	6	0	0	0	0	0	0
Albert Okwuegbunam	TE	13	0	0	0	0	0	21	0	3	0	0	0	0	0	0
DeeJay Dallas	RB	13	0	0	0	0	0	0	0	0	0	0	0	0	0	0
Tyler Johnson	WR	13	0	0	0	0	0	5	0	1	0	0	0	0	0	0
Charlie Woerner	TE	13	0	0	0	0	0	0	0	0	0	0	0	0	0	0
Joe Burrow	QB	13	300	1	2	6	1	0	0	0	1	0	0	0	0	0
Sammis Reyes	TE	13	0	0	0	0	0	0	0	0	0	0	0	0	0	0
Deon Jackson	RB	13	0	0	0	19	1	0	0	0	0	0	0	0	0	0
Kenny Yeboah	TE	13	0	0	0	0	0	0	0	0	0	0	0	0	0	0
Rashod Bateman	WR	13	0	0	0	0	0	0	0	0	0	0	0	0	0	0
Nico Collins	WR	13	0	0	0	0	0	0	0	0	0	0	0	0	0	0
Brevin Jordan	TE	13	0	0	0	0	0	7	0	2	0	0	0	0	0	0
Elijah Mitchell	RB	13	0	0	0	66	1	18	0	3	0	0	0	0	0	0
Nate McCrary	RB	13	0	0	0	-1	0	0	0	0	0	0	0	0	0	0
Jaylen Waddle	WR	13	0	0	0	0	0	90	0	9	0	0	0	0	0	0
Dee Eskridge	WR	13	0	0	0	0	0	35	1	3	0	0	0	0	0	0
Dyami Brown	WR	13	0	0	0	0	0	6	0	1	0	0	0	0	0	0
John Bates	TE	13	0	0	0	0	0	42	0	3	0	0	0	0	0	0
Tylan Wallace	WR	13	0	0	0	0	0	0	0	0	0	0	0	0	0	0
Jermar Jefferson	RB	13	0	0	0	18	0	0	0	0	0	0	0	0	0	0
Mekhi Sargent	RB	13	0	0	0	5	0	0	0	0	0	0	0	0	0	0
Pooka Williams Jr.	RB	13	0	0	0	0	0	0	0	0	0	0	0	0	0	0
Brock Wright	TE	13	0	0	0	0	0	28	1	2	0	0	0	0	0	0
Jaret Patterson	RB	13	0	0	0	2	0	0	0	0	0	0	0	0	0	0
Kene Nwangwu	RB	13	0	0	0	0	0	4	0	2	0	0	0	0	0	0
Ben Skowronek	WR	13	0	0	0	0	0	35	0	1	0	0	0	0	0	0
Rhamondre Stevenson	RB	13	0	0	0	78	0	0	0	0	0	0	0	0	0	0
Kylen Granson	TE	13	0	0	0	0	0	6	0	1	0	0	0	0	0	0
Sam Ehlinger	QB	13	0	0	0	-1	0	0	0	0	0	0	0	0	0	0
Najee Harris	RB	13	0	0	0	71	0	36	0	5	0	0	0	0	0	0
Pat Freiermuth	TE	13	0	0	0	0	0	26	0	3	0	0	0	0	0	1
Davis Mills	QB	13	49	0	0	11	0	0	0	0	0	0	0	0	0	0
Ja'Marr Chase	WR	13	0	0	0	0	0	52	0	5	0	0	0	0	0	0
Khalil Herbert	RB	13	0	0	0	16	0	11	0	1	0	0	0	0	0	0
DeVonta Smith	WR	13	0	0	0	0	0	15	0	2	0	0	0	0	0	0
Kenny Gainwell	RB	13	0	0	0	54	1	33	0	5	0	0	0	0	0	0
Rondale Moore	WR	13	0	0	0	2	0	8	0	1	0	0	0	0	0	0
Avery Williams	RB	13	0	0	0	0	0	0	0	0	0	0	0	0	0	0
Amon-Ra St. Brown	WR	13	0	0	0	2	0	86	1	10	0	0	0	0	0	0
Kyle Pitts	TE	13	0	0	0	0	0	48	0	4	0	0	0	0	0	0
Trevor Lawrence	QB	13	145	0	0	10	0	0	0	0	0	0	0	0	0	0
Mac Jones	QB	13	19	0	0	-3	0	0	0	0	0	0	0	0	0	0
Elijah Moore	WR	13	0	0	0	9	0	77	1	6	0	0	0	0	0	0
Josh Palmer	WR	13	0	0	0	0	0	0	0	0	0	0	0	0	0	0
Javonte Williams	RB	13	0	0	0	102	0	76	1	6	0	0	0	0	0	0
Hunter Long	TE	13	0	0	0	0	0	8	0	1	0	0	0	0	0	0
Zach Wilson	QB	13	226	2	1	0	1	0	0	0	0	0	0	0	0	0
Tom Brady	QB	14	363	2	0	16	1	0	0	0	0	0	0	0	0	0
Ben Roethlisberger	QB	14	308	3	1	5	0	0	0	0	0	0	0	1	0	0
Aaron Rodgers	QB	14	341	4	0	0	0	0	0	0	0	0	0	0	0	0
Marcedes Lewis	TE	14	0	0	0	0	0	51	0	4	0	0	0	0	0	0
Matt Ryan	QB	14	190	1	0	3	0	0	0	0	0	0	0	0	0	0
DeSean Jackson	WR	14	0	0	0	0	0	19	0	1	0	0	0	0	0	0
Chad Henne	QB	14	0	0	0	-2	0	0	0	0	0	0	0	0	0	0
Matthew Stafford	QB	14	287	3	0	0	0	0	0	0	0	0	0	0	0	0
Chase Daniel	QB	14	0	0	0	-2	0	0	0	0	0	0	0	0	0	0
Jared Cook	TE	14	0	0	0	0	0	8	1	2	0	0	0	0	0	0
Rob Gronkowski	TE	14	0	0	0	0	0	62	0	5	0	0	0	0	0	0
Emmanuel Sanders	WR	14	0	0	0	0	0	25	0	1	0	0	0	0	0	0
Andre Roberts	WR	14	0	0	0	0	0	0	0	0	0	0	0	0	0	0
Jimmy Graham	TE	14	0	0	0	0	0	9	0	2	0	0	0	0	0	0
Cam Newton	QB	14	178	0	1	47	1	0	0	0	0	1	0	0	0	0
A.J. Green	WR	14	0	0	0	0	0	102	0	7	0	0	0	0	0	0
Julio Jones	WR	14	0	0	0	0	0	33	0	4	0	0	0	0	0	0
Kyle Rudolph	TE	14	0	0	0	0	0	66	0	2	0	0	0	0	0	0
Lee Smith	TE	14	0	0	0	0	0	12	0	1	0	0	0	0	0	0
Cole Beasley	WR	14	0	0	0	0	0	64	0	9	0	0	0	0	0	0
Russell Wilson	QB	14	260	2	0	8	0	0	0	0	0	0	0	1	0	0
Travis Benjamin	WR	14	0	0	0	0	0	0	0	0	0	0	0	0	0	0
Marvin Jones	WR	14	0	0	0	0	0	70	0	6	0	0	0	0	0	0
Kirk Cousins	QB	14	216	2	2	14	0	0	0	0	0	0	0	0	0	0
Josh Gordon	WR	14	0	0	0	0	0	9	1	2	0	0	0	0	0	0
Ryan Tannehill	QB	14	191	0	0	29	1	0	0	0	0	0	0	0	0	0
Zach Ertz	TE	14	0	0	0	0	0	42	0	5	0	0	0	0	0	0
Ryan Griffin	TE	14	0	0	0	0	0	28	0	2	0	0	0	0	0	0
Rex Burkhead	RB	14	0	0	0	40	0	26	0	4	0	0	0	0	0	0
Travis Kelce	TE	14	0	0	0	0	0	27	0	3	0	0	0	0	0	0
Latavius Murray	RB	14	0	0	0	1	1	0	0	0	0	0	0	0	0	0
Mike Glennon	QB	14	191	2	1	7	1	0	0	0	1	0	0	0	0	0
Tavon Austin	WR	14	0	0	0	0	0	17	0	3	0	0	0	0	0	0
DeAndre Hopkins	WR	14	0	0	0	0	0	54	0	5	0	0	0	0	0	0
Cordarrelle Patterson	RB	14	0	0	0	58	1	1	0	2	0	0	0	0	0	0
Damien Williams	RB	14	0	0	0	13	0	4	0	1	0	0	0	0	0	0
Carlos Hyde	RB	14	0	0	0	2	0	6	0	1	0	0	0	0	0	0
Odell Beckham Jr.	WR	14	0	0	0	0	0	77	1	6	0	0	0	0	0	0
Brandin Cooks	WR	14	0	0	0	0	0	101	0	8	0	0	0	0	0	0
Teddy Bridgewater	QB	14	179	2	0	0	0	0	0	0	0	0	0	0	0	0
Cameron Brate	TE	14	0	0	0	0	0	11	0	2	0	0	0	0	0	0
Derek Carr	QB	14	263	1	1	0	0	0	0	0	1	0	0	0	0	0
Devonta Freeman	RB	14	0	0	0	64	0	8	0	5	0	0	0	0	0	0
Diontae Spencer	WR	14	0	0	0	0	0	0	0	0	0	0	0	0	0	0
Sammy Watkins	WR	14	0	0	0	0	0	0	0	0	0	0	0	0	0	0
Jimmy Garoppolo	QB	14	296	2	0	3	0	0	0	0	0	0	0	0	0	0
Davante Adams	WR	14	0	0	0	0	0	121	2	10	0	0	0	0	0	0
Jarvis Landry	WR	14	0	0	0	0	0	41	1	5	0	0	0	0	0	0
Mike Evans	WR	14	0	0	0	0	0	91	1	6	0	0	0	0	0	0
Allen Robinson	WR	14	0	0	0	0	0	14	0	2	0	0	0	0	0	0
Amari Cooper	WR	14	0	0	0	0	0	51	1	5	0	0	0	0	0	0
MyCole Pruitt	TE	14	0	0	0	0	0	5	0	1	0	0	0	0	0	0
Stefon Diggs	WR	14	0	0	0	0	0	74	0	7	0	0	0	0	0	0
DeAndre Carter	WR	14	0	0	0	0	0	12	0	2	0	0	0	0	0	0
Jake Kumerow	WR	14	0	0	0	0	0	0	0	0	0	0	0	0	0	0
Taylor Heinicke	QB	14	122	1	1	8	0	0	0	0	1	0	0	0	1	0
Damiere Byrd	WR	14	0	0	0	0	0	76	1	2	0	0	0	0	0	0
Jamison Crowder	WR	14	0	0	0	0	0	19	0	3	0	0	0	0	0	0
James O'Shaughnessy	TE	14	0	0	0	0	0	21	0	4	0	0	0	0	0	0
Adam Humphries	WR	14	0	0	0	0	0	34	0	4	0	0	0	0	0	0
Breshad Perriman	WR	14	0	0	0	0	0	58	1	1	0	0	0	0	0	0
Mike Davis	RB	14	0	0	0	44	0	42	0	5	0	0	0	0	0	0
Daniel Brown	TE	14	0	0	0	0	0	0	0	0	0	0	0	0	0	0
Ameer Abdullah	RB	14	0	0	0	16	0	17	0	2	0	0	0	0	0	0
Chris Conley	WR	14	0	0	0	0	0	20	0	2	0	0	0	0	0	0
C.J. Uzomah	TE	14	0	0	0	0	0	56	0	4	0	0	0	0	0	0
Geoff Swaim	TE	14	0	0	0	0	0	45	0	3	0	0	0	0	0	0
Melvin Gordon	RB	14	0	0	0	111	2	0	0	0	0	0	0	0	0	0
Phillip Dorsett	WR	14	0	0	0	0	0	9	0	1	0	0	0	0	0	0
Tyler Lockett	WR	14	0	0	0	0	0	142	1	5	0	0	0	0	0	1
Chester Rogers	WR	14	0	0	0	0	0	13	0	1	0	0	0	0	0	0
Sterling Shepard	WR	14	0	0	0	0	0	27	0	2	0	0	0	0	0	0
Austin Hooper	TE	14	0	0	0	0	0	30	1	5	0	0	0	0	0	0
Nick Vannett	TE	14	0	0	0	0	0	44	0	3	0	0	0	0	0	0
Alex Collins	RB	14	0	0	0	16	0	1	0	1	0	0	0	0	0	0
Dwayne Washington	RB	14	0	0	0	0	0	0	0	0	0	0	0	0	0	0
Kalif Raymond	WR	14	0	0	0	0	0	31	1	4	0	0	0	0	0	0
Alex Erickson	WR	14	0	0	0	0	0	0	0	0	0	0	0	0	0	0
Robbie Chosen	WR	14	0	0	0	0	0	84	1	7	0	0	0	0	0	0
Stephen Anderson	TE	14	0	0	0	0	0	11	0	1	0	0	0	0	0	0
Peyton Barber	RB	14	0	0	0	7	0	13	0	2	0	0	0	0	0	0
Tajae Sharpe	WR	14	0	0	0	0	0	7	0	1	0	0	0	0	0	0
Jakeem Grant	WR	14	0	0	0	5	0	46	1	1	0	0	0	0	0	0
Laquon Treadwell	WR	14	0	0	0	0	0	68	0	4	0	0	0	0	0	0
Devontae Booker	RB	14	0	0	0	56	0	28	0	4	0	0	0	0	0	0
Jonathan Williams	RB	14	0	0	0	16	1	19	0	1	0	0	0	0	0	0
J.P. Holtz	TE	14	0	0	0	0	0	0	0	0	0	0	0	0	0	0
Jaydon Mickens	WR	14	0	0	0	0	0	0	0	0	0	0	0	0	0	0
Tyler Boyd	WR	14	0	0	0	8	0	55	0	4	0	0	0	0	0	0
Tyreek Hill	WR	14	0	0	0	0	0	76	0	4	0	0	0	0	0	0
Ezekiel Elliott	RB	14	0	0	0	45	0	15	0	1	0	0	0	0	1	0
Dak Prescott	QB	14	211	1	2	15	0	0	0	0	0	0	0	0	0	0
Jared Goff	QB	14	215	1	1	10	0	0	0	0	0	0	0	0	0	0
Pharoh Cooper	WR	14	0	0	0	0	0	6	0	1	0	0	0	0	0	0
JoJo Natson	WR	14	0	0	0	0	0	0	0	0	0	0	0	0	0	0
PJ Walker	QB	14	75	1	1	-5	0	0	0	0	0	0	0	0	0	0
Curtis Samuel	WR	14	0	0	0	0	0	0	0	0	0	0	0	0	0	0
George Kittle	TE	14	0	0	0	0	0	151	1	13	0	0	0	0	0	0
Aaron Jones	RB	14	0	0	0	35	1	30	1	3	0	0	0	0	0	0
Matt Breida	RB	14	0	0	0	12	0	0	0	0	0	0	0	0	0	0
Taysom Hill	TE	14	175	0	0	73	2	0	0	0	0	0	0	0	0	0
Tim Patrick	WR	14	0	0	0	0	0	21	0	2	0	0	0	0	0	0
Cody Hollister	WR	14	0	0	0	0	0	6	0	1	0	0	0	0	0	0
Antony Auclair	TE	14	0	0	0	0	0	6	0	1	0	0	0	0	0	0
Anthony Firkser	TE	14	0	0	0	0	0	34	0	4	0	0	0	0	0	0
John Ross	WR	14	0	0	0	0	0	7	0	1	0	0	0	0	0	0
Isaiah McKenzie	WR	14	0	0	0	0	0	5	0	1	0	0	0	0	0	0
Marcus Kemp	WR	14	0	0	0	0	0	0	0	0	0	0	0	0	0	0
Samaje Perine	RB	14	0	0	0	11	0	22	0	4	0	0	0	0	0	0
Mike Williams	WR	14	0	0	0	0	0	61	0	6	0	0	0	0	0	0
James Conner	RB	14	0	0	0	31	2	94	0	9	0	0	0	0	0	0
Ricky Seals-Jones	TE	14	0	0	0	0	0	8	0	1	0	0	0	0	0	0
Keelan Cole	WR	14	0	0	0	0	0	27	0	1	0	0	0	0	0	0
Austin Ekeler	RB	14	0	0	0	67	1	17	0	2	0	0	0	0	0	0
Corey Clement	RB	14	0	0	0	44	0	2	0	1	0	0	0	0	0	0
Dede Westbrook	WR	14	0	0	0	0	0	0	0	0	0	0	0	0	0	0
Dare Ogunbowale	RB	14	0	0	0	0	0	5	0	2	0	0	0	0	0	0
Leonard Fournette	RB	14	0	0	0	113	1	19	0	4	0	0	0	0	0	0
Patrick Mahomes	QB	14	258	2	0	20	0	0	0	0	0	0	0	0	0	0
Evan Engram	TE	14	0	0	0	0	0	8	0	1	0	0	0	0	0	0
Zay Jones	WR	14	0	0	0	0	0	25	0	5	0	0	1	0	0	0
Dalvin Cook	RB	14	0	0	0	205	2	17	0	1	0	0	0	0	0	0
Gerald Everett	TE	14	0	0	0	13	0	15	1	2	0	0	0	0	0	0
Joe Mixon	RB	14	0	0	0	58	0	10	0	2	0	0	0	0	0	0
Alvin Kamara	RB	14	0	0	0	120	1	25	0	4	0	0	0	0	0	0
Cooper Kupp	WR	14	0	0	0	0	0	123	1	13	0	0	0	0	0	0
Chris Godwin Jr.	WR	14	0	0	0	0	0	105	0	10	0	0	0	0	0	0
Kareem Hunt	RB	14	0	0	0	5	0	13	0	2	0	0	0	0	0	0
D'Onta Foreman	RB	14	0	0	0	47	1	15	0	2	0	0	0	0	0	0
Kenny Golladay	WR	14	0	0	0	0	0	15	0	2	0	0	0	0	0	0
Josh Reynolds	WR	14	0	0	0	0	0	52	0	3	0	0	0	0	0	0
Jeremy McNichols	RB	14	0	0	0	16	0	0	0	0	0	0	0	0	0	0
Brandon Zylstra	WR	14	0	0	0	0	0	45	0	4	0	0	0	0	0	0
River Cracraft	WR	14	0	0	0	0	0	0	0	0	0	0	0	0	0	0
Cam Sims	WR	14	0	0	0	0	0	69	1	3	0	0	0	0	0	0
Jeff Wilson	RB	14	0	0	0	56	0	0	0	0	0	0	0	0	0	0
Kurt Benkert	QB	14	0	0	0	-1	0	0	0	0	0	0	0	0	0	0
Will Dissly	TE	14	0	0	0	0	0	38	0	2	0	0	0	0	0	0
Dontrell Hilliard	RB	14	0	0	0	13	0	0	0	0	0	0	0	0	0	0
Tyler Conklin	TE	14	0	0	0	0	0	20	0	2	0	0	0	0	0	0
Marquez Valdes-Scantling	WR	14	0	0	0	0	0	20	0	3	0	0	0	0	0	0
Equanimeous St. Brown	WR	14	0	0	0	0	0	0	0	0	0	0	0	0	0	0
Byron Pringle	WR	14	0	0	0	0	0	28	0	1	0	0	0	0	0	0
Darrel Williams	RB	14	0	0	0	8	0	31	1	3	0	0	0	0	0	0
Courtland Sutton	WR	14	0	0	0	0	0	9	0	1	0	0	0	0	0	0
Jordan Akins	TE	14	0	0	0	0	0	6	0	1	0	0	0	0	0	0
Ian Thomas	TE	14	0	0	0	0	0	0	0	0	0	0	0	0	0	0
Dalton Schultz	TE	14	0	0	0	0	0	4	0	1	0	0	0	0	0	0
Ray-Ray McCloud	WR	14	0	0	0	0	0	32	0	6	0	0	0	0	0	0
Russell Gage	WR	14	0	0	0	0	0	64	0	4	0	0	0	0	0	0
Cedrick Wilson Jr.	WR	14	0	0	0	0	0	18	0	2	0	0	0	0	0	0
Braxton Berrios	WR	14	0	0	0	0	0	52	0	6	0	0	0	0	0	0
Logan Woodside	QB	14	0	0	0	-3	0	0	0	0	0	0	0	0	0	0
Justin Jackson	RB	14	0	0	0	35	0	7	0	1	0	0	0	0	0	0
Trent Sherfield	WR	14	0	0	0	0	0	0	0	0	0	0	0	0	0	0
Allen Lazard	WR	14	0	0	0	14	0	75	1	6	0	0	0	0	0	0
Kyle Allen	QB	14	53	0	0	11	0	0	0	0	1	0	0	0	0	0
Godwin Igwebuike	RB	14	0	0	0	25	0	0	0	0	0	1	0	0	0	0
Vyncint Smith	WR	14	0	0	0	0	0	0	0	0	0	0	0	0	0	0
Brandon Powell	WR	14	0	0	0	0	0	0	0	0	0	0	0	0	0	0
James Washington	WR	14	0	0	0	0	0	65	1	4	0	0	0	0	0	0
Rashaad Penny	RB	14	0	0	0	137	2	1	0	1	0	0	0	0	0	0
Mark Andrews	TE	14	0	0	0	0	0	115	1	11	0	0	0	0	0	0
Michael Gallup	WR	14	0	0	0	0	0	60	0	5	0	0	0	0	0	0
Tre'Quan Smith	WR	14	0	0	0	0	0	33	0	3	0	0	0	0	0	0
Chris Herndon	TE	14	0	0	0	0	0	17	0	1	0	0	0	0	0	0
Christian Kirk	WR	14	0	0	0	0	0	86	0	3	0	0	0	0	0	0
Nick Chubb	RB	14	0	0	0	59	0	6	0	3	0	0	0	0	0	0
Lamar Jackson	QB	14	17	0	0	5	0	0	0	0	0	0	0	0	0	0
Ronald Jones	RB	14	0	0	0	8	0	0	0	0	0	0	0	0	0	0
DJ Moore	WR	14	0	0	0	0	0	84	0	6	0	0	0	0	0	0
Hayden Hurst	TE	14	0	0	0	0	0	3	1	1	0	0	0	0	0	0
Royce Freeman	RB	14	0	0	0	15	0	51	0	6	0	0	0	0	0	0
Saquon Barkley	RB	14	0	0	0	64	0	31	1	3	0	0	0	0	0	0
Sony Michel	RB	14	0	0	0	79	0	0	0	0	0	0	0	0	0	0
KhaDarel Hodge	WR	14	0	0	0	0	0	0	0	0	0	0	0	0	0	0
Baker Mayfield	QB	14	190	2	1	14	0	0	0	0	0	0	0	0	0	0
Josh Allen	QB	14	308	2	1	109	1	0	0	0	0	0	0	0	0	0
Alexander Mattison	RB	14	0	0	0	27	0	0	0	0	0	0	0	0	0	0
Foster Moreau	TE	14	0	0	0	0	0	13	0	3	0	0	0	0	0	0
Hunter Renfrow	WR	14	0	0	0	0	0	117	1	13	0	0	1	0	0	0
Penny Hart	WR	14	0	0	0	0	0	16	0	1	0	0	0	0	0	0
D.J. Montgomery	WR	14	0	0	0	0	0	36	0	3	0	0	0	0	0	0
Davion Davis	WR	14	0	0	0	0	0	17	0	1	0	0	0	0	0	0
Mecole Hardman	WR	14	0	0	0	0	0	59	0	2	0	0	0	0	0	0
Diontae Johnson	WR	14	0	0	0	7	0	76	0	5	0	0	0	0	0	1
Benny Snell	RB	14	0	0	0	-2	0	0	0	0	0	0	0	0	0	0
Kyler Murray	QB	14	383	0	2	61	0	0	0	0	0	0	0	0	0	0
Josh Oliver	TE	14	0	0	0	0	0	6	0	1	0	0	0	0	0	0
Devin Singletary	RB	14	0	0	0	52	0	37	0	6	0	0	0	0	0	0
Qadree Ollison	RB	14	0	0	0	23	0	0	0	0	0	1	0	0	0	0
Trayveon Williams	RB	14	0	0	0	0	0	0	0	0	0	0	0	0	0	0
Donald Parham	TE	14	0	0	0	0	0	13	0	2	0	0	0	0	0	0
Chris Myarick	TE	14	0	0	0	0	0	0	0	0	0	0	0	0	0	0
Stanley Morgan	WR	14	0	0	0	0	0	0	0	0	0	0	0	0	0	0
Jalen Guyton	WR	14	0	0	0	0	0	87	1	3	0	0	0	0	0	0
Tyron Johnson	WR	14	0	0	0	0	0	0	0	0	0	0	0	0	0	0
Malik Taylor	WR	14	0	0	0	0	0	0	0	0	0	0	0	0	0	0
Darius Slayton	WR	14	0	0	0	0	0	0	0	0	0	0	0	0	0	0
Ty Johnson	RB	14	0	0	0	17	0	40	0	4	0	0	0	0	0	0
Tom Kennedy	WR	14	0	0	0	0	0	7	0	1	0	0	0	0	0	0
Craig Reynolds	RB	14	0	0	0	83	0	16	0	2	0	0	0	0	0	0
Kendall Blanton	TE	14	0	0	0	0	0	29	0	2	0	0	0	0	0	0
D'Ernest Johnson	RB	14	0	0	0	22	0	7	0	1	0	0	0	0	0	0
Drew Sample	TE	14	0	0	0	0	0	14	0	1	0	0	0	0	0	0
DK Metcalf	WR	14	0	0	0	0	0	43	0	4	0	0	0	0	0	0
Noah Fant	TE	14	0	0	0	0	0	51	0	4	0	0	0	0	0	0
Terry McLaurin	WR	14	0	0	0	0	0	0	0	0	0	0	0	0	0	0
Marquise Brown	WR	14	0	0	0	0	0	41	0	5	0	0	0	0	0	0
David Montgomery	RB	14	0	0	0	42	0	39	0	6	0	0	0	0	0	0
Dawson Knox	TE	14	0	0	0	0	0	60	1	7	0	0	0	0	0	0
Josh Jacobs	RB	14	0	0	0	24	0	46	0	5	0	1	0	0	0	0
Derrick Gore	RB	14	0	0	0	66	1	23	0	2	0	0	0	0	0	0
Deebo Samuel Sr.	WR	14	0	0	0	37	1	22	0	1	0	0	0	0	0	0
Mitchell Wilcox	TE	14	0	0	0	0	0	0	0	0	0	0	0	0	0	0
JaMycal Hasty	RB	14	0	0	0	0	0	10	0	3	0	0	0	0	0	0
James Robinson	RB	14	0	0	0	4	0	0	0	0	0	0	0	0	0	0
Tony Jones	RB	14	0	0	0	10	0	19	0	1	0	0	0	0	0	0
Tyler Huntley	QB	14	270	1	0	45	0	0	0	0	2	0	0	0	0	0
Juwan Johnson	TE	14	0	0	0	0	0	15	0	1	0	0	0	0	0	0
Easop Winston	WR	14	0	0	0	0	0	5	0	1	0	0	0	0	0	0
Nick Westbrook-Ikhine	WR	14	0	0	0	0	0	31	0	3	0	0	0	0	0	0
Gabe Davis	WR	14	0	0	0	0	0	43	1	5	0	0	0	0	0	0
Marquez Callaway	WR	14	0	0	0	0	0	34	0	2	0	0	0	0	0	0
Donovan Peoples-Jones	WR	14	0	0	0	0	0	90	0	5	0	0	0	0	0	0
Freddie Swain	WR	14	0	0	0	3	0	0	0	0	0	0	0	0	0	0
Tyler Davis	TE	14	0	0	0	0	0	0	0	0	0	0	0	0	0	0
Denzel Mims	WR	14	0	0	0	0	0	0	0	0	0	0	0	0	0	0
Jauan Jennings	WR	14	0	0	0	0	0	46	0	3	0	0	0	0	0	0
Brandon Aiyuk	WR	14	0	0	0	4	0	62	1	6	0	0	0	0	0	0
AJ Dillon	RB	14	0	0	0	71	0	0	0	0	0	0	0	0	0	0
Laviska Shenault Jr.	WR	14	0	0	0	0	0	34	0	4	0	0	0	0	0	0
La'Mical Perine	RB	14	0	0	0	28	0	0	0	0	0	0	0	0	0	0
Cole Kmet	TE	14	0	0	0	0	0	17	0	3	0	0	0	0	0	0
Darnell Mooney	WR	14	0	0	0	0	0	19	0	1	0	0	0	0	0	0
Justin Jefferson	WR	14	0	0	0	-4	0	79	1	7	0	0	0	0	0	0
Chase Claypool	WR	14	0	0	0	2	0	93	0	8	0	0	0	0	0	0
Antonio Gibson	RB	14	0	0	0	36	0	5	0	2	0	0	1	0	0	0
Devin Duvernay	WR	14	0	0	0	3	0	14	0	2	0	0	0	0	0	0
Josiah Deguara	TE	14	0	0	0	0	0	44	0	3	0	0	0	0	0	0
K.J. Osborn	WR	14	0	0	0	0	0	83	1	3	0	0	0	0	0	0
Justin Herbert	QB	14	275	3	0	19	0	0	0	0	0	0	0	0	0	0
CeeDee Lamb	WR	14	0	0	0	15	0	61	0	7	0	0	0	0	0	0
Clyde Edwards-Helaire	RB	14	0	0	0	37	2	5	0	3	0	0	0	0	0	0
Bryan Edwards	WR	14	0	0	0	0	0	24	0	2	0	0	0	0	0	0
Joshua Kelley	RB	14	0	0	0	33	0	5	0	1	0	0	0	0	0	0
Jerry Jeudy	WR	14	0	0	0	0	0	47	0	5	0	0	0	0	0	0
Tee Higgins	WR	14	0	0	0	0	0	114	0	5	0	0	0	0	0	0
Van Jefferson	WR	14	0	0	0	10	0	58	1	2	0	0	0	0	0	0
Albert Okwuegbunam	TE	14	0	0	0	0	0	41	1	5	0	0	0	0	0	0
DeeJay Dallas	RB	14	0	0	0	16	0	0	0	0	0	0	0	0	0	0
Tyler Johnson	WR	14	0	0	0	0	0	17	0	3	0	0	0	0	0	0
Charlie Woerner	TE	14	0	0	0	0	0	0	0	0	0	0	0	0	0	0
Joe Burrow	QB	14	348	2	0	3	0	0	0	0	0	0	0	0	0	0
Trey Ragas	RB	14	0	0	0	9	0	6	0	2	0	0	0	0	0	0
Shane Zylstra	TE	14	0	0	0	0	0	18	0	2	0	0	0	0	0	0
Rashod Bateman	WR	14	0	0	0	0	0	103	0	7	0	0	0	0	0	0
Nico Collins	WR	14	0	0	0	0	0	69	0	5	0	0	0	0	0	0
Chuba Hubbard	RB	14	0	0	0	33	1	0	0	0	0	0	0	0	0	0
Brevin Jordan	TE	14	0	0	0	0	0	26	1	4	0	0	0	0	0	0
Marquez Stevenson	WR	14	0	0	0	0	0	0	0	0	0	0	0	0	0	0
Dee Eskridge	WR	14	0	0	0	0	0	0	0	0	0	0	0	0	0	0
Dyami Brown	WR	14	0	0	0	0	0	0	0	0	0	0	0	0	0	0
John Bates	TE	14	0	0	0	0	0	19	0	1	0	0	0	0	0	0
Tylan Wallace	WR	14	0	0	0	0	0	0	0	0	0	0	0	0	0	0
Racey McMath	WR	14	0	0	0	0	0	9	0	1	0	0	0	0	0	0
Demetric Felton	RB	14	0	0	0	0	0	0	0	0	0	0	0	0	0	0
Brock Wright	TE	14	0	0	0	0	0	20	0	3	0	0	0	0	0	0
Jaret Patterson	RB	14	0	0	0	29	0	9	0	1	0	0	0	0	0	0
JaQuan Hardy	RB	14	0	0	0	3	0	0	0	0	0	0	0	0	0	0
Ben Skowronek	WR	14	0	0	0	0	0	0	0	0	0	0	0	0	0	0
Jaelon Darden	WR	14	0	0	0	0	0	0	0	0	0	0	0	0	0	0
Najee Harris	RB	14	0	0	0	94	1	10	1	3	0	0	0	0	0	0
Pat Freiermuth	TE	14	0	0	0	0	0	32	1	2	0	0	0	0	0	0
Davis Mills	QB	14	331	1	0	8	0	0	0	0	0	0	0	0	0	0
Ja'Marr Chase	WR	14	0	0	0	6	0	77	2	5	0	0	0	0	0	0
Khalil Herbert	RB	14	0	0	0	3	0	0	0	0	0	0	0	0	0	0
Rondale Moore	WR	14	0	0	0	11	0	5	0	3	0	0	0	0	0	0
Justin Fields	QB	14	224	2	2	74	0	0	0	0	1	0	0	0	0	0
Avery Williams	RB	14	0	0	0	0	0	0	0	0	0	0	0	0	0	0
Frank Darby	WR	14	0	0	0	0	0	0	0	0	0	0	0	0	0	0
Amon-Ra St. Brown	WR	14	0	0	0	0	0	73	0	8	0	0	0	0	0	0
Kyle Pitts	TE	14	0	0	0	0	0	61	0	5	0	0	0	0	0	0
Trevor Lawrence	QB	14	221	0	4	2	0	0	0	0	0	0	0	0	0	0
Josh Palmer	WR	14	0	0	0	0	0	66	1	5	0	0	0	0	0	0
Amari Rodgers	WR	14	0	0	0	0	0	0	0	0	0	0	0	0	0	0
Javonte Williams	RB	14	0	0	0	73	1	10	1	1	0	0	0	0	0	0
Tommy Tremble	TE	14	0	0	0	0	0	23	0	2	0	0	0	0	0	0
Zach Wilson	QB	14	202	0	0	33	0	0	0	0	0	0	0	0	0	0
