player_display_name	position	week	passing_yards	passing_tds	passing_interceptions	rushing_yards	rushing_tds	receiving_yards	receiving_tds	receptions	sack_fumbles_lost	rushing_fumbles_lost	receiving_fumbles_lost	passing_2pt_conversions	rushing_2pt_conversions	receiving_2pt_conversions	fg_made_list	pat_made
Phil Dawson	PK	1	0	0	0	0	0	0	0	0	0	0	0	0	0	0		0
Adam Vinatieri	PK	1	0	0	0	0	0	0	0	0	0	0	0	0	0	0	21;38;51	2
Tom Brady	QB	1	277	3	1	2	0	0	0	0	0	0	0	0	0	0		0
Sebastian Janikowski	PK	1	0	0	0	0	0	0	0	0	0	0	0	0	0	0	35	3
Drew Brees	QB	1	439	3	0	0	0	0	0	0	0	0	0	1	0	0		0
Matt Bryant	PK	1	0	0	0	0	0	0	0	0	0	0	0	0	0	0	21;52	0
Antonio Gates	TE	1	0	0	0	0	0	16	0	2	0	0	0	0	0	1		0
Eli Manning	QB	1	224	0	1	2	0	0	0	0	0	0	0	0	0	0		0
Larry Fitzgerald	WR	1	0	0	0	0	0	76	0	7	0	0	0	0	0	0		0
Ben Roethlisberger	QB	1	335	1	3	16	0	0	0	0	2	0	0	0	0	0		0
Philip Rivers	QB	1	424	3	1	0	0	0	0	0	0	0	0	1	0	0		0
Benjamin Watson	TE	1	0	0	0	0	0	44	0	4	0	0	0	0	0	0		0
Robbie Gould	PK	1	0	0	0	0	0	0	0	0	0	0	0	0	0	0	42;33;22	1
Alex Smith	QB	1	255	2	0	14	0	0	0	0	0	0	0	0	0	0		0
Aaron Rodgers	QB	1	286	3	0	15	0	0	0	0	0	0	0	0	0	0		0
Mike Nugent	PK	1	0	0	0	0	0	0	0	0	0	0	0	0	0	0	24;48	1
Frank Gore	RB	1	0	0	0	61	0	0	0	0	0	0	0	0	0	0		0
Darren Sproles	RB	1	0	0	0	10	0	22	0	4	0	0	0	0	0	0		0
Matt Cassel	QB	1	14	0	1	-1	0	0	0	0	0	0	0	0	0	0		0
Ryan Fitzpatrick	QB	1	417	4	0	36	1	0	0	0	0	0	0	0	0	0		0
Matt Prater	PK	1	0	0	0	0	0	0	0	0	0	0	0	0	0	0	21	2
Vernon Davis	TE	1	0	0	0	0	0	9	0	1	0	0	0	0	0	0		0
Stephen Gostkowski	PK	1	0	0	0	0	0	0	0	0	0	0	0	0	0	0	39;35	3
Brandon Marshall	WR	1	0	0	0	0	0	46	1	3	0	0	0	0	0	0		0
Delanie Walker	TE	1	0	0	0	0	0	52	0	4	0	0	0	0	0	0		0
Adrian Peterson	RB	1	0	0	0	96	1	70	0	2	0	0	1	0	0	0		0
Ted Ginn	WR	1	0	0	0	5	0	68	1	5	0	0	0	0	0	1		0
Marshawn Lynch	RB	1	0	0	0	41	1	8	0	2	0	0	0	0	0	0		0
Greg Olsen	TE	1	0	0	0	0	0	33	0	2	0	0	0	0	0	0		0
Mason Crosby	PK	1	0	0	0	0	0	0	0	0	0	0	0	0	0	0	42	3
Steven Hauschka	PK	1	0	0	0	0	0	0	0	0	0	0	0	0	0	0	35	0
Danny Amendola	WR	1	0	0	0	0	0	26	0	4	0	0	0	0	0	0		0
Matt Ryan	QB	1	251	0	1	8	0	0	0	0	0	0	0	0	0	0		0
Jonathan Stewart	RB	1	0	0	0	8	0	0	0	0	0	0	0	0	0	0		0
Joe Flacco	QB	1	236	3	0	3	0	0	0	0	0	0	0	0	0	0		0
Jordy Nelson	WR	1	0	0	0	0	0	23	0	3	0	0	0	0	0	0		0
DeSean Jackson	WR	1	0	0	0	0	0	146	2	5	0	0	0	0	0	0		0
Matthew Slater	WR	1	0	0	0	0	0	0	0	0	0	0	0	0	0	0		0
Pierre Garcon	WR	1	0	0	0	0	0	21	0	2	0	0	0	0	0	0		0
Matthew Stafford	QB	1	286	1	4	6	0	0	0	0	0	0	0	0	0	0		0
Graham Gano	PK	1	0	0	0	0	0	0	0	0	0	0	0	0	0	0	27	1
Mike Wallace	WR	1	0	0	0	0	0	0	0	0	0	0	0	0	0	0		0
Ryan Succop	PK	1	0	0	0	0	0	0	0	0	0	0	0	0	0	0	47;53	2
Darrius Heyward-Bey	WR	1	0	0	0	0	0	0	0	0	0	0	0	0	0	0		0
Michael Crabtree	WR	1	0	0	0	0	0	38	1	3	0	0	0	0	0	0		0
LeSean McCoy	RB	1	0	0	0	22	0	-1	0	1	0	0	0	0	0	0		0
Jared Cook	TE	1	0	0	0	0	0	180	0	9	0	0	0	0	0	0		0
Logan Paulsen	TE	1	0	0	0	0	0	0	0	0	0	0	0	0	0	0		0
LeGarrette Blount	RB	1	0	0	0	-3	0	0	0	0	0	0	0	0	0	0		0
Chris Ivory	RB	1	0	0	0	3	0	0	0	0	0	0	0	0	0	0		0
Rob Gronkowski	TE	1	0	0	0	0	0	123	1	7	0	0	1	0	0	0		0
Emmanuel Sanders	WR	1	0	0	0	0	0	135	1	10	0	0	0	0	0	0		0
Andre Roberts	WR	1	0	0	0	2	0	0	0	0	0	0	0	0	0	0		0
Jimmy Graham	TE	1	0	0	0	0	0	8	0	2	0	0	0	0	0	0		0
Antonio Brown	WR	1	0	0	0	0	0	93	1	9	0	0	0	0	0	0		0
Sam Bradford	QB	1	153	0	1	7	0	0	0	0	1	0	0	0	0	0		0
Demaryius Thomas	WR	1	0	0	0	0	0	63	1	6	0	0	0	0	0	0		0
Golden Tate	WR	1	0	0	0	0	0	79	1	7	0	0	0	0	0	0		0
Cam Newton	QB	1	161	0	0	58	1	0	0	0	0	0	0	0	0	0		0
A.J. Green	WR	1	0	0	0	0	0	92	1	6	0	0	1	0	0	0		0
Julio Jones	WR	1	0	0	0	11	0	169	0	10	0	0	0	0	0	0		0
Blaine Gabbert	QB	1	117	0	1	0	0	0	0	0	0	0	0	0	0	0		0
Andy Dalton	QB	1	243	2	1	8	0	0	0	0	0	0	0	0	0	0		0
Kyle Rudolph	TE	1	0	0	0	0	0	11	1	1	0	0	0	0	0	0		0
Lance Kendricks	TE	1	0	0	0	0	0	13	0	1	0	0	0	0	0	0		0
Torrey Smith	WR	1	0	0	0	0	0	15	0	1	0	0	0	0	0	0		0
Randall Cobb	WR	1	0	0	0	0	0	142	1	9	0	0	0	0	0	0		0
Luke Stocker	TE	1	0	0	0	0	0	37	0	2	0	0	0	0	0	0		0
Taiwan Jones	RB	1	0	0	0	0	0	0	0	0	0	0	0	0	0	0		0
Bilal Powell	RB	1	0	0	0	60	0	5	0	1	0	0	0	0	0	0		0
Jacquizz Rodgers	RB	1	0	0	0	1	0	2	0	1	0	0	0	0	0	0		0
Dion Lewis	RB	1	0	0	0	75	1	35	0	5	0	0	0	0	0	0		0
Jeremy Kerley	WR	1	0	0	0	0	0	7	0	2	0	0	0	0	0	0		0
Niles Paul	TE	1	0	0	0	0	0	0	0	0	0	0	0	0	0	0		0
Lee Smith	TE	1	0	0	0	0	0	0	0	0	0	0	0	0	0	0		0
Charles Clay	TE	1	0	0	0	0	0	0	0	0	0	0	0	0	0	0		0
Dwayne Harris	WR	1	0	0	0	0	0	0	0	0	0	0	0	0	0	0		0
Tyrod Taylor	QB	1	197	1	1	77	1	0	0	0	0	0	0	0	0	0		0
Virgil Green	TE	1	0	0	0	0	0	21	0	2	0	0	0	0	0	0		0
Chris Hogan	WR	1	0	0	0	0	0	11	0	1	0	0	0	0	0	0		0
Andre Holmes	WR	1	0	0	0	0	0	14	0	1	0	0	0	0	0	0		0
Doug Baldwin	WR	1	0	0	0	0	0	0	0	0	0	0	0	0	0	0		0
Patrick DiMarco	RB	1	0	0	0	0	0	0	0	0	0	0	0	0	0	0		0
Terrelle Pryor	WR	1	0	0	0	0	0	49	0	3	0	0	0	0	0	0		0
Garrett Celek	TE	1	0	0	0	0	0	0	0	0	0	0	0	0	0	0		0
Case Keenum	QB	1	329	3	3	0	0	0	0	0	0	0	0	0	0	0		0
Cole Beasley	WR	1	0	0	0	0	0	73	0	7	0	0	0	0	0	0		0
Derek Carrier	TE	1	0	0	0	0	0	20	0	2	0	0	0	0	0	0		0
Alfred Morris	RB	1	0	0	0	38	0	0	0	0	0	1	0	0	0	0		0
Brandon Bolden	RB	1	0	0	0	0	0	0	0	0	0	0	0	0	0	0		0
Russell Wilson	QB	1	298	3	2	5	0	0	0	0	0	0	0	0	0	0		0
Travis Benjamin	WR	1	0	0	0	19	0	1	0	1	0	0	0	0	0	0		0
Marvin Jones	WR	1	0	0	0	0	0	54	0	4	0	0	0	0	0	0		0
Josh Bellamy	WR	1	0	0	0	0	0	0	0	0	0	0	0	0	0	0		0
Deonte Thompson	WR	1	0	0	0	0	0	27	0	3	0	0	0	0	0	0		0
Orson Charles	TE	1	0	0	0	0	0	0	0	0	0	0	0	0	0	0		0
Randy Bullock	PK	1	0	0	0	0	0	0	0	0	0	0	0	0	0	0	42;39	4
Jamize Olawale	RB	1	0	0	0	0	0	0	0	0	0	0	0	0	0	0		0
Nick Foles	QB	1	117	0	1	-1	0	15	0	1	0	0	0	0	0	0		0
Jarius Wright	WR	1	0	0	0	0	0	23	0	3	0	0	0	0	0	0		0
Rishard Matthews	WR	1	0	0	0	0	0	0	0	0	0	0	0	0	0	0		0
Rhett Ellison	TE	1	0	0	0	0	0	16	0	1	0	0	0	0	0	0		0
Justin Tucker	PK	1	0	0	0	0	0	0	0	0	0	0	0	0	0	0	41;39	5
Kirk Cousins	QB	1	244	2	0	26	0	0	0	0	0	0	0	0	0	0		0
T.Y. Hilton	WR	1	0	0	0	0	0	46	1	5	0	0	0	0	0	0		0
Doug Martin	RB	1	0	0	0	20	0	-3	0	2	0	0	0	0	0	0		0
Lamar Miller	RB	1	0	0	0	98	0	11	0	1	0	0	0	0	0	0		0
Greg Zuerlein	PK	1	0	0	0	0	0	0	0	0	0	0	0	0	0	0	20;28;55;20	3
Mohamed Sanu	WR	1	0	0	0	0	0	18	0	4	0	0	0	0	0	0		0
Josh Gordon	WR	1	0	0	0	0	0	17	1	1	0	0	0	0	0	0		0
Andrew Luck	QB	1	319	2	1	7	0	0	0	0	0	0	0	0	0	0		0
Ryan Tannehill	QB	1	230	2	2	4	0	0	0	0	0	0	0	0	0	0		0
Darren Fells	TE	1	0	0	0	0	0	12	0	1	0	0	0	0	0	0		0
Benny Cunningham	RB	1	0	0	0	0	0	0	0	0	0	0	0	0	0	0		0
Brandon McManus	PK	1	0	0	0	0	0	0	0	0	0	0	0	0	0	0	51;53	3
C.J. Anderson	RB	1	0	0	0	35	0	0	0	0	0	0	0	0	0	0		0
Adam Thielen	WR	1	0	0	0	0	0	102	0	6	0	0	0	0	0	0		0
Zach Ertz	TE	1	0	0	0	0	0	48	0	5	0	0	0	0	0	0		0
Marquise Goodwin	WR	1	0	0	0	0	0	0	0	0	0	0	0	0	0	0		0
Kenny Stills	WR	1	0	0	0	0	0	106	2	4	0	0	0	0	0	0		0
Luke Willson	TE	1	0	0	0	0	0	0	0	0	0	0	0	0	0	0		0
Dustin Hopkins	PK	1	0	0	0	0	0	0	0	0	0	0	0	0	0	0	31	3
Theo Riddick	RB	1	0	0	0	20	0	15	0	5	0	0	0	0	0	0		0
Ryan Griffin	TE	1	0	0	0	0	0	0	0	0	0	0	0	0	0	0		0
Jack Doyle	TE	1	0	0	0	0	0	60	0	7	0	0	1	0	0	0		0
Josh Hill	TE	1	0	0	0	0	0	15	0	1	0	0	0	0	0	0		0
Keenan Allen	WR	1	0	0	0	0	0	108	1	8	0	0	0	0	0	0		0
Rex Burkhead	RB	1	0	0	0	64	0	5	0	1	0	0	0	0	0	0		0
Jaron Brown	WR	1	0	0	0	0	0	7	0	1	0	0	0	0	0	0		0
Brett Maher	PK	1	0	0	0	0	0	0	0	0	0	0	0	0	0	0		0
Caleb Sturgis	PK	1	0	0	0	0	0	0	0	0	0	0	0	0	0	0	45;39	0
Chris Thompson	RB	1	0	0	0	65	0	63	1	6	0	0	0	0	0	0		0
Spencer Ware	RB	1	0	0	0	32	0	8	0	1	0	0	0	0	0	0		0
Dion Sims	TE	1	0	0	0	0	0	9	0	2	0	0	0	0	0	0		0
Robert Woods	WR	1	0	0	0	6	0	37	0	3	0	0	0	0	0	0		0
Christine Michael	RB	1	0	0	0	9	0	0	0	0	0	0	0	0	0	0		0
Mike Gillislee	RB	1	0	0	0	9	0	0	0	0	0	1	0	0	0	0		0
Levine Toilolo	TE	1	0	0	0	0	0	7	0	1	0	0	0	0	0	0		0
Giovani Bernard	RB	1	0	0	0	-2	0	11	0	1	0	0	0	0	0	0		0
Jordan Reed	TE	1	0	0	0	0	0	48	1	4	0	0	0	0	0	0		0
Travis Kelce	TE	1	0	0	0	0	0	6	0	1	0	0	0	0	0	0		0
Latavius Murray	RB	1	0	0	0	42	0	0	0	0	0	0	0	0	0	0		0
Justin Hunter	WR	1	0	0	0	0	0	6	0	1	0	0	0	0	0	0		0
Tavon Austin	WR	1	0	0	0	1	0	0	0	0	0	0	0	0	0	0		0
Terrance Williams	WR	1	0	0	0	0	0	6	0	1	0	0	0	0	0	0		0
Tyler Eifert	TE	1	0	0	0	0	0	44	0	3	0	0	0	0	0	0		0
DeAndre Hopkins	WR	1	0	0	0	-7	0	78	0	8	0	0	0	0	0	0		0
Cordarrelle Patterson	RB	1	0	0	0	13	0	6	0	1	0	0	0	0	0	0		0
Isaiah Crowell	RB	1	0	0	0	102	2	0	0	0	0	0	0	0	0	0		0
Willie Snead	WR	1	0	0	0	0	0	49	1	4	0	0	0	0	0	0		0
Albert Wilson	WR	1	0	0	0	7	0	31	0	3	0	0	0	0	0	0		0
Trey Burton	TE	1	0	0	0	0	0	15	0	1	0	0	0	0	0	0		0
David Fluellen	RB	1	0	0	0	0	0	0	0	0	0	0	0	0	0	0		0
Freddie Martino	WR	1	0	0	0	0	0	0	0	0	0	0	0	0	0	0		0
Allen Hurns	WR	1	0	0	0	0	0	20	0	1	0	0	0	0	0	0		0
Cody Parkey	PK	1	0	0	0	0	0	0	0	0	0	0	0	0	0	0	26;33;32	2
Erik Swoope	TE	1	0	0	0	0	0	13	0	1	0	0	0	0	0	0		0
Damien Williams	RB	1	0	0	0	0	0	0	0	0	0	0	0	0	0	0		0
Chandler Catanzaro	PK	1	0	0	0	0	0	0	0	0	0	0	0	0	0	0	33;36	6
Quincy Enunwa	WR	1	0	0	0	0	0	63	1	6	0	0	0	0	0	0		0
Carlos Hyde	RB	1	0	0	0	62	1	3	0	1	0	0	0	0	0	0		0
John Brown	WR	1	0	0	0	1	0	44	1	3	0	0	0	0	0	0		0
De'Anthony Thomas	WR	1	0	0	0	0	0	1	1	1	0	0	0	0	0	0		0
James White	RB	1	0	0	0	18	0	38	1	4	0	0	0	0	0	0		0
Ryan Grant	WR	1	0	0	0	0	0	59	0	8	0	0	0	0	0	0		0
Alfred Blue	RB	1	0	0	0	36	1	0	0	0	0	0	0	0	0	0		0
Chris Boswell	PK	1	0	0	0	0	0	0	0	0	0	0	0	0	0	0		3
Seth Roberts	WR	1	0	0	0	0	0	11	0	1	0	0	0	0	0	0		0
T.J. Jones	WR	1	0	0	0	0	0	6	0	1	0	0	0	0	0	0		0
Taylor Gabriel	WR	1	0	0	0	0	0	25	0	5	0	0	0	0	0	0		0
Odell Beckham Jr.	WR	1	0	0	0	-1	0	111	0	11	0	0	0	0	0	0		0
Brandin Cooks	WR	1	0	0	0	6	0	87	0	5	0	0	0	0	0	0		0
Paul Richardson	WR	1	0	0	0	0	0	22	0	4	0	0	0	0	0	0		0
Logan Thomas	TE	1	0	0	0	0	0	24	0	1	0	0	0	0	0	0		0
Cameron Brate	TE	1	0	0	0	0	0	0	0	0	0	0	0	0	0	0		0
Derek Carr	QB	1	303	0	3	1	0	0	0	0	0	0	0	0	0	0		0
Devonta Freeman	RB	1	0	0	0	36	0	14	0	3	0	0	0	0	0	0		0
Jeremy Hill	RB	1	0	0	0	25	0	6	0	1	0	0	0	0	0	0		0
Sammy Watkins	WR	1	0	0	0	0	0	21	0	3	0	0	0	0	0	0		0
Bruce Ellington	WR	1	0	0	0	0	0	37	1	4	0	0	0	0	0	0		0
Donte Moncrief	WR	1	0	0	0	0	0	14	0	1	0	0	0	0	0	0		0
Cody Latimer	WR	1	0	0	0	0	0	0	0	0	0	0	0	0	0	0		0
Jimmy Garoppolo	QB	1	261	1	3	6	0	0	0	0	0	0	0	0	0	0		0
Kelvin Benjamin	WR	1	0	0	0	0	0	10	0	1	0	0	0	0	0	0		0
Davante Adams	WR	1	0	0	0	0	0	88	1	5	0	0	0	0	0	0		0
Jarvis Landry	WR	1	0	0	0	0	0	106	0	7	0	0	0	0	0	0		0
Eric Ebron	TE	1	0	0	0	0	0	51	1	4	0	0	0	0	0	0		0
Blake Bortles	QB	1	176	1	1	42	0	0	0	0	0	0	0	0	0	0		0
Mike Evans	WR	1	0	0	0	0	0	147	1	7	0	0	0	0	0	0		0
Austin Seferian-Jenkins	TE	1	0	0	0	0	0	25	0	3	0	0	0	0	0	0		0
Allen Robinson	WR	1	0	0	0	0	0	61	0	4	0	0	0	0	0	0		0
Chris Manhertz	TE	1	0	0	0	0	0	0	0	0	0	0	0	0	0	0		0
Jason Myers	PK	1	0	0	0	0	0	0	0	0	0	0	0	0	0	0	35;32	6
Amari Cooper	WR	1	0	0	0	9	0	9	0	1	0	0	0	0	0	0		0
Nelson Agholor	WR	1	15	0	0	16	0	33	0	8	0	0	0	0	0	0		0
Maxx Williams	TE	1	0	0	0	0	0	32	0	3	0	0	0	0	0	0		0
Justin Hardy	WR	1	0	0	0	0	0	0	0	0	0	0	0	0	0	0		0
Javorius Allen	RB	1	0	0	0	17	1	15	0	5	0	0	0	0	0	0		0
Stefon Diggs	WR	1	0	0	0	8	0	43	1	3	0	0	0	0	0	0		0
Jay Ajayi	RB	1	0	0	0	62	2	0	0	0	0	0	0	0	1	0		0
Nick Boyle	TE	1	0	0	0	0	0	40	0	3	0	0	0	0	0	0		0
Raheem Mostert	RB	1	0	0	0	0	0	0	0	0	0	0	0	0	0	0		0
Eric Tomlinson	TE	1	0	0	0	0	0	7	0	1	0	0	0	0	0	0		0
Corey Grant	RB	1	0	0	0	3	0	0	0	0	0	0	0	0	0	0		0
Matt LaCosse	TE	1	0	0	0	0	0	0	0	0	0	0	0	0	0	0		0
DeAndre Carter	WR	1	0	0	0	0	0	10	0	1	0	0	0	0	0	0		0
Malcolm Brown	RB	1	0	0	0	5	0	18	0	2	0	0	0	0	0	0		0
Damiere Byrd	WR	1	0	0	0	0	0	0	0	0	0	0	0	0	0	0		0
Rod Smith	RB	1	0	0	0	5	0	0	0	0	0	0	0	0	0	0		0
Jamison Crowder	WR	1	0	0	0	0	0	32	0	3	0	0	0	0	0	0		0
James O'Shaughnessy	TE	1	0	0	0	0	0	0	0	0	0	0	0	0	0	0		0
Marcus Murphy	RB	1	0	0	0	31	0	0	0	0	0	0	0	0	0	0		0
Darius Jennings	WR	1	0	0	0	0	0	0	0	0	0	0	0	0	0	0		0
Adam Humphries	WR	1	0	0	0	0	0	27	0	3	0	0	0	0	0	0		0
Devin Funchess	WR	1	0	0	0	0	0	41	0	3	0	0	0	0	0	0		0
Tevin Coleman	RB	1	0	0	0	19	1	26	0	1	0	0	0	0	0	0		0
Josh Lambo	PK	1	0	0	0	0	0	0	0	0	0	0	0	0	0	0	39;39	2
Kaelin Clay	WR	1	0	0	0	0	0	0	0	0	0	0	0	0	0	0		0
Neal Sterling	TE	1	0	0	0	0	0	27	0	3	0	0	0	0	0	0		0
Chris Conley	WR	1	0	0	0	0	0	15	0	1	0	0	0	0	0	0		0
C.J. Uzomah	TE	1	0	0	0	0	0	4	0	1	0	0	0	0	0	0		0
Jesse James	TE	1	0	0	0	0	0	60	0	3	0	0	0	0	0	0		0
Geoff Swaim	TE	1	0	0	0	0	0	18	0	3	0	0	0	0	0	0		0
Melvin Gordon	RB	1	0	0	0	64	0	102	0	9	0	0	0	0	1	0		0
Tyrell Williams	WR	1	0	0	0	0	0	8	1	2	0	0	0	0	0	0		0
Sammie Coates	WR	1	0	0	0	0	0	0	0	0	0	0	0	0	0	0		0
David Johnson	RB	1	0	0	0	37	1	30	0	5	0	0	0	0	0	0		0
Ty Montgomery	WR	1	0	0	0	7	0	21	0	2	0	0	0	0	0	0		0
Phillip Dorsett	WR	1	0	0	0	0	0	66	1	7	0	0	0	0	0	0		0
T.J. Yeldon	RB	1	0	0	0	51	0	18	1	3	0	0	0	0	0	0		0
Tyler Lockett	WR	1	0	0	0	0	0	59	1	3	0	0	0	0	0	0		0
Tyler Kroft	TE	1	0	0	0	0	0	9	0	1	0	0	0	0	0	0		0
Jeff Heuerman	TE	1	0	0	0	0	0	15	0	1	0	0	0	0	0	0		0
Todd Gurley	RB	1	0	0	0	108	0	39	1	3	0	0	0	0	0	0		0
Duke Johnson	RB	1	0	0	0	17	0	8	0	1	0	0	0	0	0	0		0
Marcus Mariota	QB	1	103	0	2	15	0	0	0	0	0	0	0	0	0	0		0
Chester Rogers	WR	1	0	0	0	0	0	18	0	3	0	0	0	0	0	0		0
Rob Kelley	RB	1	0	0	0	7	0	0	0	0	0	0	0	0	0	0		0
Sterling Shepard	WR	1	0	0	0	0	0	48	0	5	0	0	0	0	0	0		0
Austin Hooper	TE	1	0	0	0	0	0	24	0	3	0	0	0	0	0	0		0
Nick Vannett	TE	1	0	0	0	0	0	11	0	1	0	0	0	0	0	0		0
Chris Moore	WR	1	0	0	0	0	0	5	0	1	0	0	0	0	0	0		0
Tyler Ervin	RB	1	0	0	0	0	0	12	0	1	0	0	0	0	0	0		0
Kenneth Dixon	RB	1	0	0	0	44	1	0	0	0	0	0	0	0	0	0		0
Alex Collins	RB	1	0	0	0	13	1	6	0	1	0	1	0	0	0	0		0
David Morgan	TE	1	0	0	0	0	0	9	0	1	0	0	0	0	0	0		0
Hakeem Valles	TE	1	0	0	0	0	0	5	0	1	0	0	0	0	0	0		0
Tra Carson	RB	1	0	0	0	0	0	0	0	0	0	0	0	0	0	0		0
Alex Erickson	WR	1	0	0	0	0	0	0	0	0	0	0	0	0	0	0		0
Wil Lutz	PK	1	0	0	0	0	0	0	0	0	0	0	0	0	0	0	36	3
Geronimo Allison	WR	1	0	0	0	0	0	69	1	5	0	0	0	0	0	0		0
Robbie Chosen	WR	1	0	0	0	-9	0	41	1	1	0	0	0	0	0	0		0
Ka'imi Fairbairn	PK	1	0	0	0	0	0	0	0	0	0	0	0	0	0	0	42;36	2
Peyton Barber	RB	1	0	0	0	69	0	0	0	0	0	0	0	0	0	0		0
Alan Cross	TE	1	0	0	0	0	0	0	0	0	0	0	0	0	0	0		0
Josh Doctson	WR	1	0	0	0	0	0	11	0	1	0	0	0	0	0	0		0
Derrick Henry	RB	1	0	0	0	26	0	5	0	1	0	0	0	0	0	0		0
Michael Thomas	WR	1	0	0	0	0	0	180	1	16	0	0	1	0	0	0		0
Tajae Sharpe	WR	1	0	0	0	0	0	17	0	1	0	0	0	0	0	0		0
Jordan Howard	RB	1	0	0	0	82	0	25	0	5	0	0	0	0	0	0		0
Wendell Smallwood	RB	1	0	0	0	0	0	0	0	0	0	0	0	0	0	0		0
Jakeem Grant	WR	1	0	0	0	0	0	38	0	5	0	0	0	0	0	0		0
Aldrick Rosas	PK	1	0	0	0	0	0	0	0	0	0	0	0	0	0	0	27;31;44	0
Tommylee Lewis	WR	1	0	0	0	0	0	0	0	0	0	0	0	0	0	0		0
Laquon Treadwell	WR	1	0	0	0	0	0	18	0	2	0	0	0	0	0	0		0
Devontae Booker	RB	1	0	0	0	4	0	11	0	2	0	0	0	0	0	0		0
Jonathan Williams	RB	1	0	0	0	0	0	0	0	0	0	0	0	0	0	0		0
Rashard Higgins	WR	1	0	0	0	0	0	38	0	1	0	0	0	0	0	0		0
Jaydon Mickens	WR	1	0	0	0	0	0	0	0	0	0	0	0	0	0	0		0
Tyler Boyd	WR	1	0	0	0	0	0	26	0	3	0	0	0	0	0	0		0
Jalen Richard	RB	1	0	0	0	24	0	55	0	9	0	0	0	0	0	0		0
Tyreek Hill	WR	1	0	0	0	4	0	169	2	7	0	0	0	0	0	0		0
Ezekiel Elliott	RB	1	0	0	0	69	1	17	0	3	0	0	0	0	0	0		0
Dak Prescott	QB	1	170	0	0	19	0	0	0	0	1	0	0	0	1	0		0
Jared Goff	QB	1	233	2	0	-1	0	0	0	0	0	0	0	0	0	0		0
Pharoh Cooper	WR	1	0	0	0	0	0	0	0	0	0	0	0	0	0	0		0
Kenyan Drake	RB	1	0	0	0	48	0	18	0	3	0	0	0	0	0	0		0
Zach Pascal	WR	1	0	0	0	0	0	18	0	1	0	0	0	0	0	0		0
Christian McCaffrey	RB	1	0	0	0	50	0	45	0	6	0	1	0	0	0	0		0
George Kittle	TE	1	0	0	0	0	0	90	0	5	0	0	0	0	0	0		0
Trent Taylor	WR	1	0	0	0	0	0	28	0	4	0	0	0	0	0	0		0
Alex Armah	RB	1	0	0	0	1	1	0	0	0	0	0	0	0	0	0		0
Harrison Butker	PK	1	0	0	0	0	0	0	0	0	0	0	0	0	0	0	46	5
Kendrick Bourne	WR	1	0	0	0	0	0	0	0	0	0	0	0	0	0	0		0
Matt Breida	RB	1	0	0	0	46	0	5	0	1	0	0	0	0	0	0		0
Tim Patrick	WR	1	0	0	0	0	0	0	0	0	0	0	0	0	0	0		0
Patrick Ricard	RB	1	0	0	0	0	0	0	0	0	0	0	0	0	0	0		0
Austin Carr	WR	1	0	0	0	0	0	20	0	2	0	0	0	0	0	0		0
Keon Hatcher	WR	1	0	0	0	0	0	0	0	0	0	0	0	0	0	0		0
John Ross	WR	1	0	0	0	0	0	3	1	1	0	0	0	0	0	0		0
Marcus Kemp	WR	1	0	0	0	0	0	0	0	0	0	0	0	0	0	0		0
Mike Williams	WR	1	0	0	0	0	0	81	0	5	0	0	0	0	0	0		0
Deshaun Watson	QB	1	176	1	1	40	0	0	0	0	0	1	0	0	0	0		0
James Conner	RB	1	0	0	0	135	2	57	0	5	0	1	0	0	0	0		0
Tarik Cohen	RB	1	0	0	0	25	0	16	0	3	0	0	0	0	0	0		0
Michael Roberts	TE	1	0	0	0	0	0	0	0	0	0	0	0	0	0	0		0
Ryan Switzer	WR	1	0	0	0	8	0	0	0	0	0	0	0	0	0	0		0
Jake Butt	TE	1	0	0	0	0	0	29	0	2	0	0	0	0	0	0		0
Jamal Agnew	WR	1	0	0	0	0	0	0	0	0	0	0	0	0	0	0		0
Shelton Gibson	WR	1	0	0	0	0	0	0	0	0	0	0	0	0	0	0		0
Eric Saubert	TE	1	0	0	0	0	0	0	0	0	0	0	0	0	0	0		0
David Moore	WR	1	0	0	0	0	0	0	0	0	0	0	0	0	0	0		0
Chris Carson	RB	1	0	0	0	51	0	28	0	3	0	1	0	0	0	0		0
Ricky Seals-Jones	TE	1	0	0	0	0	0	19	0	3	0	0	0	0	0	0		0
Jason Croom	TE	1	0	0	0	0	0	18	0	2	0	0	0	0	0	0		0
Blake Jarwin	TE	1	0	0	0	0	0	0	0	0	0	0	0	0	0	0		0
Keelan Cole	WR	1	0	0	0	0	0	54	0	3	0	0	0	0	0	0		0
Austin Ekeler	RB	1	0	0	0	39	0	87	1	5	0	0	0	0	0	0		0
Corey Clement	RB	1	0	0	0	26	0	0	0	0	0	0	0	0	0	0		0
Riley McCarron	WR	1	0	0	0	0	0	0	0	0	0	0	0	0	0	0		0
Jake Elliott	PK	1	0	0	0	0	0	0	0	0	0	0	0	0	0	0	26	1
Dede Westbrook	WR	1	0	0	0	0	0	51	0	5	0	0	0	0	0	0		0
Leonard Fournette	RB	1	0	0	0	41	0	14	0	3	0	0	0	0	0	0		0
JuJu Smith-Schuster	WR	1	0	0	0	0	0	119	0	5	0	0	0	0	0	0		0
Jonnu Smith	TE	1	0	0	0	0	0	12	0	1	0	0	0	0	0	0		0
Zane Gonzalez	PK	1	0	0	0	0	0	0	0	0	0	0	0	0	0	0		3
Mitchell Trubisky	QB	1	171	0	0	32	1	0	0	0	1	0	0	0	0	0		0
Corey Davis	WR	1	0	0	0	0	0	62	0	6	0	0	0	0	0	0		0
Patrick Mahomes	QB	1	256	4	0	21	0	0	0	0	0	0	0	0	0	0		0
O.J. Howard	TE	1	0	0	0	0	0	54	0	2	0	0	0	0	0	0		0
Evan Engram	TE	1	0	0	0	0	0	18	0	2	0	0	0	0	0	0		0
David Njoku	TE	1	0	0	0	0	0	13	0	3	0	0	0	0	0	0		0
Zay Jones	WR	1	0	0	0	0	0	26	0	3	0	0	0	0	0	0		0
Dalvin Cook	RB	1	0	0	0	40	0	55	0	6	0	1	0	0	0	0		0
Joe Mixon	RB	1	0	0	0	95	1	54	0	5	0	0	0	0	0	0		0
DeShone Kizer	QB	1	55	0	1	0	0	0	0	0	1	0	0	0	0	0		0
Alvin Kamara	RB	1	0	0	0	29	2	112	1	9	0	0	0	0	1	0		0
Cooper Kupp	WR	1	0	0	0	16	0	52	1	5	0	0	0	0	0	0		0
Taywan Taylor	WR	1	0	0	0	0	0	0	0	0	0	0	0	0	0	0		0
Chris Godwin Jr.	WR	1	0	0	0	0	0	41	1	3	0	0	0	0	0	0		0
Kareem Hunt	RB	1	0	0	0	49	0	0	0	0	0	0	0	0	0	0		0
Kenny Golladay	WR	1	0	0	0	0	0	114	0	7	0	0	0	0	0	0		0
Chad Williams	WR	1	0	0	0	0	0	0	0	0	0	0	0	0	0	0		0
Jamaal Williams	RB	1	0	0	0	47	0	0	0	0	0	0	0	0	0	0		0
Wayne Gallman	RB	1	0	0	0	-1	0	9	0	2	0	0	0	0	0	0		0
Nathan Peterman	QB	1	24	0	2	1	0	0	0	0	0	0	0	0	0	0		0
Phillip Lindsay	RB	1	0	0	0	71	0	31	1	2	0	0	0	0	0	0		0
Will Dissly	TE	1	0	0	0	0	0	105	1	3	0	0	0	0	0	0		0
Daniel Carlson	PK	1	0	0	0	0	0	0	0	0	0	0	0	0	0	0	48	3
Trenton Cannon	RB	1	0	0	0	15	0	6	0	1	0	0	0	0	0	0		0
Tyler Conklin	TE	1	0	0	0	0	0	6	0	1	0	0	0	0	0	0		0
Marquez Valdes-Scantling	WR	1	0	0	0	0	0	0	0	0	0	0	0	0	0	0		0
Janarion Grant	WR	1	0	0	0	0	0	0	0	0	0	0	0	0	0	0		0
Trey Quinn	WR	1	0	0	0	0	0	0	0	0	0	0	0	0	0	0		0
Courtland Sutton	WR	1	0	0	0	0	0	45	0	2	0	0	0	0	0	0		0
Kerryon Johnson	RB	1	0	0	0	17	0	20	0	3	0	0	0	0	0	0		0
Dallas Goedert	TE	1	0	0	0	0	0	4	0	1	0	0	0	0	0	0		0
Anthony Miller	WR	1	0	0	0	0	0	14	0	2	0	0	0	0	0	0		0
Jordan Akins	TE	1	0	0	0	0	0	11	0	2	0	0	0	0	0	0		0
Ian Thomas	TE	1	0	0	0	0	0	4	0	2	0	0	0	0	0	0		0
Nyheim Hines	RB	1	0	0	0	19	0	33	0	7	0	0	0	0	0	0		0
Jordan Wilkins	RB	1	0	0	0	40	0	21	0	3	0	0	0	0	0	0		0
Robert Foster	WR	1	0	0	0	0	0	0	0	0	0	0	0	0	0	0		0
J.J. Jones	WR	1	0	0	0	0	0	0	0	0	0	0	0	0	0	0		0
Shaun Wilson	RB	1	0	0	0	6	0	0	0	0	0	0	0	0	0	0		0
Vyncint Smith	WR	1	0	0	0	0	0	0	0	0	0	0	0	0	0	0		0
Chase Edmonds	RB	1	0	0	0	24	0	24	0	4	0	0	0	0	0	0		0
Rashaad Penny	RB	1	0	0	0	8	0	35	0	4	0	0	0	0	0	0		0
Mark Andrews	TE	1	0	0	0	0	0	31	0	3	0	0	0	0	0	0		0
Michael Gallup	WR	1	0	0	0	0	0	9	0	1	0	0	0	0	0	0		0
Tre'Quan Smith	WR	1	0	0	0	0	0	0	0	0	0	0	0	0	0	0		0
Antonio Callaway	WR	1	0	0	0	0	0	0	0	0	0	0	0	0	0	0		0
Christian Kirk	WR	1	0	0	0	0	0	4	0	1	0	0	0	0	0	0		0
DJ Chark	WR	1	0	0	0	0	0	0	0	0	0	0	0	0	0	0		0
Nick Chubb	RB	1	0	0	0	21	0	0	0	0	0	0	0	0	0	0		0
Jason Sanders	PK	1	0	0	0	0	0	0	0	0	0	0	0	0	0	0	27;30	3
Lamar Jackson	QB	1	24	0	0	39	0	0	0	0	0	0	0	0	0	0		0
DJ Moore	WR	1	0	0	0	3	0	0	0	0	0	0	0	0	0	0		0
Mike Gesicki	TE	1	0	0	0	0	0	11	0	1	0	0	0	0	0	0		0
Calvin Ridley	WR	1	0	0	0	0	0	0	0	0	0	0	0	0	0	0		0
Royce Freeman	RB	1	0	0	0	71	0	0	0	0	0	0	0	0	0	0		0
Saquon Barkley	RB	1	0	0	0	106	1	22	0	2	0	0	0	0	0	0		0
Josh Allen	QB	1	74	0	0	26	0	0	0	0	0	0	0	0	0	0		0
Dante Pettis	WR	1	0	0	0	0	0	61	1	2	0	0	0	0	0	0		0
Sam Darnold	QB	1	198	2	1	-1	0	0	0	0	0	0	0	0	0	0		0
Phil Dawson	PK	2	0	0	0	0	0	0	0	0	0	0	0	0	0	0		0
Adam Vinatieri	PK	2	0	0	0	0	0	0	0	0	0	0	0	0	0	0		3
Tom Brady	QB	2	234	2	0	10	0	0	0	0	1	0	0	0	0	0		0
Sebastian Janikowski	PK	2	0	0	0	0	0	0	0	0	0	0	0	0	0	0	56	2
Drew Brees	QB	2	243	2	0	-1	0	0	0	0	0	0	0	0	0	0		0
Matt Bryant	PK	2	0	0	0	0	0	0	0	0	0	0	0	0	0	0	44	4
Antonio Gates	TE	2	0	0	0	0	0	0	0	0	0	0	0	0	0	0		0
Matt Schaub	QB	2	0	0	0	0	0	0	0	0	0	0	0	0	0	0		0
Eli Manning	QB	2	279	1	0	4	0	0	0	0	1	0	0	0	0	0		0
Larry Fitzgerald	WR	2	0	0	0	0	0	28	0	3	0	0	0	0	0	0		0
Ben Roethlisberger	QB	2	452	3	0	9	1	0	0	0	0	0	0	1	0	0		0
Philip Rivers	QB	2	256	3	0	5	0	0	0	0	0	0	0	0	0	0		0
Benjamin Watson	TE	2	0	0	0	0	0	19	0	3	0	0	0	0	0	0		0
Robbie Gould	PK	2	0	0	0	0	0	0	0	0	0	0	0	0	0	0	45;42;36	3
Alex Smith	QB	2	292	0	0	14	0	0	0	0	0	0	0	0	0	0		0
Aaron Rodgers	QB	2	281	1	0	8	0	0	0	0	0	0	0	0	0	0		0
Mike Nugent	PK	2	0	0	0	0	0	0	0	0	0	0	0	0	0	0	26;46	1
Frank Gore	RB	2	0	0	0	25	0	19	0	1	0	0	0	0	0	0		0
Ryan Fitzpatrick	QB	2	402	4	1	-1	0	0	0	0	0	0	0	0	0	0		0
Matt Prater	PK	2	0	0	0	0	0	0	0	0	0	0	0	0	0	0	27;43	3
Vernon Davis	TE	2	0	0	0	0	0	7	0	1	0	0	0	0	0	0		0
Marcedes Lewis	TE	2	0	0	0	0	0	0	0	0	0	0	0	0	0	0		0
Stephen Gostkowski	PK	2	0	0	0	0	0	0	0	0	0	0	0	0	0	0	29;46	2
Brandon Marshall	WR	2	0	0	0	0	0	44	0	4	0	0	0	0	0	0		0
Adrian Peterson	RB	2	0	0	0	20	0	30	0	3	0	0	0	0	0	0		0
Ted Ginn	WR	2	0	0	0	0	0	55	0	4	0	0	1	0	0	0		0
Marshawn Lynch	RB	2	0	0	0	65	1	3	0	2	0	0	0	0	0	0		0
Mason Crosby	PK	2	0	0	0	0	0	0	0	0	0	0	0	0	0	0	37;40;31;48;36	2
Steven Hauschka	PK	2	0	0	0	0	0	0	0	0	0	0	0	0	0	0	43;41	2
Danny Amendola	WR	2	0	0	0	0	0	32	0	4	0	0	0	0	0	0		0
Matt Ryan	QB	2	272	2	1	18	2	0	0	0	0	0	0	0	0	0		0
Jonathan Stewart	RB	2	0	0	0	1	0	0	0	0	0	0	0	0	0	0		0
Joe Flacco	QB	2	376	2	2	8	0	0	0	0	1	0	0	0	0	0		0
Jordy Nelson	WR	2	0	0	0	0	0	30	0	2	0	0	0	0	0	0		0
DeSean Jackson	WR	2	0	0	0	0	0	129	1	4	0	0	0	0	0	0		0
Matthew Slater	WR	2	0	0	0	0	0	0	0	0	0	0	0	0	0	0		0
Pierre Garcon	WR	2	0	0	0	0	0	57	0	4	0	0	0	0	0	0		0
Matthew Stafford	QB	2	347	3	0	8	0	0	0	0	1	0	0	0	0	0		0
Graham Gano	PK	2	0	0	0	0	0	0	0	0	0	0	0	0	0	0	54	3
Ryan Succop	PK	2	0	0	0	0	0	0	0	0	0	0	0	0	0	0	42;31	2
Michael Crabtree	WR	2	0	0	0	0	0	56	0	5	0	0	0	0	0	0		0
LeSean McCoy	RB	2	0	0	0	39	0	29	0	4	0	0	0	0	0	0		0
Jared Cook	TE	2	0	0	0	0	0	49	0	4	0	0	0	0	0	0		0
Logan Paulsen	TE	2	0	0	0	0	0	10	0	1	0	0	0	0	0	0		0
LeGarrette Blount	RB	2	0	0	0	38	0	-3	0	1	0	0	0	0	0	0		0
Chris Ivory	RB	2	0	0	0	7	1	0	0	0	0	0	0	0	0	0		0
Rob Gronkowski	TE	2	0	0	0	0	0	15	0	2	0	0	0	0	0	0		0
Emmanuel Sanders	WR	2	0	0	0	0	0	96	0	4	0	0	0	0	0	0		0
Andre Roberts	WR	2	0	0	0	0	0	0	0	0	0	0	0	0	0	0		0
Jimmy Graham	TE	2	0	0	0	0	0	95	0	6	0	0	0	0	0	0		0
Antonio Brown	WR	2	0	0	0	0	0	67	0	9	0	0	0	0	0	0		0
Sam Bradford	QB	2	90	0	1	0	0	0	0	0	0	0	0	0	0	0		0
Demaryius Thomas	WR	2	0	0	0	0	0	18	0	5	0	0	0	0	0	0		0
Golden Tate	WR	2	0	0	0	9	0	109	0	7	0	0	0	0	0	0		0
Cam Newton	QB	2	335	3	1	42	0	0	0	0	0	0	0	0	0	0		0
A.J. Green	WR	2	0	0	0	0	0	69	3	5	0	0	0	0	0	0		0
Julio Jones	WR	2	0	0	0	0	0	64	0	5	0	0	0	0	0	0		0
Blaine Gabbert	QB	2	117	1	0	2	0	0	0	0	0	0	0	0	0	0		0
Andy Dalton	QB	2	265	4	0	0	0	0	0	0	0	0	0	0	0	0		0
Kyle Rudolph	TE	2	0	0	0	0	0	72	0	7	0	0	0	0	0	0		0
Lance Kendricks	TE	2	0	0	0	0	0	4	0	1	0	0	0	0	0	0		0
Torrey Smith	WR	2	0	0	0	0	0	33	1	3	0	0	0	0	0	0		0
Randall Cobb	WR	2	0	0	0	0	0	30	0	4	0	0	0	0	0	0		0
Stevan Ridley	RB	2	0	0	0	2	0	5	0	1	0	0	0	0	0	0		0
Luke Stocker	TE	2	0	0	0	0	0	15	0	2	0	0	0	0	0	0		0
Bilal Powell	RB	2	0	0	0	6	0	74	1	5	0	0	0	0	0	0		0
Jacquizz Rodgers	RB	2	0	0	0	13	0	23	0	3	0	0	0	0	0	0		0
Dion Lewis	RB	2	0	0	0	42	0	1	0	1	0	0	0	0	0	0		0
Niles Paul	TE	2	0	0	0	0	0	22	0	1	0	0	0	0	0	0		0
Charles Clay	TE	2	0	0	0	0	0	29	0	2	0	0	0	0	0	0		0
Tyrod Taylor	QB	2	246	1	1	26	0	0	0	0	0	0	0	0	0	0		0
Virgil Green	TE	2	0	0	0	0	0	55	0	3	0	0	0	0	0	0		0
Chris Hogan	WR	2	0	0	0	0	0	42	2	3	0	0	0	0	0	0		0
Andre Holmes	WR	2	0	0	0	0	0	0	0	0	0	0	0	0	0	0		0
Kamar Aiken	WR	2	0	0	0	0	0	39	0	5	0	0	0	0	0	0		0
Patrick DiMarco	RB	2	0	0	0	0	0	24	0	1	0	0	0	0	0	0		0
Terrelle Pryor	WR	2	0	0	0	0	0	84	0	4	0	0	0	0	0	0		0
Garrett Celek	TE	2	0	0	0	0	0	22	1	2	0	0	0	0	0	0		0
Case Keenum	QB	2	222	0	1	16	1	0	0	0	0	0	0	0	0	0		0
Cole Beasley	WR	2	0	0	0	0	0	13	0	2	0	0	0	0	0	0		0
Derek Carrier	TE	2	0	0	0	0	0	5	0	1	0	0	0	0	0	0		0
Alfred Morris	RB	2	0	0	0	48	0	32	0	2	0	0	0	0	0	0		0
Jermaine Kearse	WR	2	0	0	0	0	0	-1	0	1	0	0	0	0	0	0		0
Brandon Bolden	RB	2	0	0	0	0	0	0	0	0	0	0	0	0	0	0		0
Russell Wilson	QB	2	226	2	1	17	0	0	0	0	1	0	0	0	0	0		0
Marvin Jones	WR	2	0	0	0	0	0	54	1	4	0	0	0	0	0	0		0
Josh Bellamy	WR	2	0	0	0	0	0	6	0	1	0	0	0	0	0	0		0
Deonte Thompson	WR	2	0	0	0	0	0	33	0	4	0	0	0	0	0	0		0
Randy Bullock	PK	2	0	0	0	0	0	0	0	0	0	0	0	0	0	0	28;40	4
Jamize Olawale	RB	2	0	0	0	0	0	0	0	0	0	0	0	0	0	0		0
Nick Foles	QB	2	334	1	0	8	0	-5	0	0	1	0	0	0	0	0		0
Jarius Wright	WR	2	0	0	0	0	0	62	1	5	0	0	0	0	0	0		0
Rishard Matthews	WR	2	0	0	0	0	0	8	0	2	0	0	0	0	0	0		0
Rhett Ellison	TE	2	0	0	0	0	0	5	0	2	0	0	0	0	0	0		0
Justin Tucker	PK	2	0	0	0	0	0	0	0	0	0	0	0	0	0	0	55	2
Kirk Cousins	QB	2	425	4	1	5	0	0	0	0	0	0	0	1	0	0		0
T.Y. Hilton	WR	2	0	0	0	0	0	83	1	7	0	0	0	0	0	0		0
Doug Martin	RB	2	0	0	0	24	0	0	0	1	0	0	0	0	0	0		0
Lamar Miller	RB	2	0	0	0	68	0	2	0	2	0	0	0	0	0	0		0
Mohamed Sanu	WR	2	0	0	0	-4	0	19	0	2	0	0	0	0	0	0		0
Andrew Luck	QB	2	179	2	2	2	0	0	0	0	0	0	0	0	0	0		0
Ryan Tannehill	QB	2	168	2	0	44	0	0	0	0	1	0	0	0	0	0		0
Darren Fells	TE	2	0	0	0	0	0	15	0	2	0	0	0	0	0	0		0
Brandon McManus	PK	2	0	0	0	0	0	0	0	0	0	0	0	0	0	0	39;36	2
C.J. Anderson	RB	2	0	0	0	31	0	0	0	0	0	0	0	0	0	0		0
Adam Thielen	WR	2	0	0	0	0	0	131	1	12	0	0	0	0	0	0		0
Zach Ertz	TE	2	0	0	0	0	0	94	0	11	0	0	0	0	0	0		0
Kenny Stills	WR	2	0	0	0	0	0	17	0	2	0	0	0	0	0	0		0
Luke Willson	TE	2	0	0	0	0	0	13	0	1	0	0	0	0	0	0		0
Dustin Hopkins	PK	2	0	0	0	0	0	0	0	0	0	0	0	0	0	0	49;27;49	0
Theo Riddick	RB	2	0	0	0	0	0	47	0	9	0	0	0	0	0	0		0
Ryan Griffin	TE	2	0	0	0	0	0	19	0	1	0	0	0	0	0	0		0
Russell Shepard	WR	2	0	0	0	0	0	0	0	0	0	0	0	0	0	0		0
Demetrius Harris	TE	2	0	0	0	0	0	0	0	0	0	0	0	0	0	0		0
Jack Doyle	TE	2	0	0	0	0	0	20	0	2	0	0	0	0	0	0		0
Josh Hill	TE	2	0	0	0	0	0	5	0	1	0	0	0	0	0	0		0
Keenan Allen	WR	2	0	0	0	0	0	67	0	6	0	0	0	0	0	0		0
Rex Burkhead	RB	2	0	0	0	22	0	0	0	0	0	0	0	0	0	0		0
Jaron Brown	WR	2	0	0	0	0	0	36	0	3	0	0	0	0	0	0		0
Brett Maher	PK	2	0	0	0	0	0	0	0	0	0	0	0	0	0	0	37;29	2
Caleb Sturgis	PK	2	0	0	0	0	0	0	0	0	0	0	0	0	0	0	24	4
Chris Thompson	RB	2	0	0	0	1	0	92	0	13	0	0	0	0	0	0		0
Spencer Ware	RB	2	0	0	0	3	0	0	0	0	0	0	0	0	0	0		0
Robert Woods	WR	2	0	0	0	0	0	81	0	6	0	0	0	0	0	0		0
Mike Gillislee	RB	2	0	0	0	18	0	0	0	0	0	0	0	0	0	0		0
Giovani Bernard	RB	2	0	0	0	27	0	15	0	4	0	0	0	0	0	0		0
Vance McDonald	TE	2	0	0	0	0	0	26	0	3	0	0	0	0	0	0		0
Jordan Reed	TE	2	0	0	0	0	0	55	0	6	0	0	1	0	0	0		0
Travis Kelce	TE	2	0	0	0	0	0	109	2	7	0	0	0	0	0	0		0
Latavius Murray	RB	2	0	0	0	19	0	0	0	0	0	0	0	0	0	0		0
Tavon Austin	WR	2	0	0	0	15	0	79	1	2	0	0	0	0	0	0		0
Terrance Williams	WR	2	0	0	0	0	0	12	0	1	0	0	0	0	0	0		0
Tyler Eifert	TE	2	0	0	0	0	0	23	0	2	0	0	0	0	0	0		0
DeAndre Hopkins	WR	2	0	0	0	0	0	110	1	6	0	0	0	0	0	0		0
Geno Smith	QB	2	0	0	0	-1	0	0	0	0	0	0	0	0	0	0		0
Cordarrelle Patterson	RB	2	0	0	0	5	0	18	0	3	0	0	0	0	0	0		0
Isaiah Crowell	RB	2	0	0	0	35	0	4	0	2	0	0	0	0	0	0		0
Willie Snead	WR	2	0	0	0	0	0	54	0	5	0	0	0	0	0	0		0
Albert Wilson	WR	2	0	0	0	8	0	37	1	3	0	0	0	0	0	0		0
Trey Burton	TE	2	0	0	0	2	0	20	1	4	0	0	0	0	0	0		0
Ryan Hewitt	TE	2	0	0	0	0	0	0	0	0	0	0	0	0	0	0		0
Allen Hurns	WR	2	0	0	0	0	0	9	0	1	0	0	0	0	0	0		0
Cody Parkey	PK	2	0	0	0	0	0	0	0	0	0	0	0	0	0	0	25	3
Damien Williams	RB	2	0	0	0	0	0	2	0	1	0	0	0	0	0	0		0
Chandler Catanzaro	PK	2	0	0	0	0	0	0	0	0	0	0	0	0	0	0		3
Quincy Enunwa	WR	2	0	0	0	0	0	92	0	7	0	0	0	0	0	0		0
Carlos Hyde	RB	2	0	0	0	43	1	7	0	1	0	0	0	0	0	0		0
John Brown	WR	2	0	0	0	0	0	92	1	4	0	0	0	0	0	0		0
De'Anthony Thomas	WR	2	0	0	0	0	0	0	0	0	0	0	0	0	0	0		0
James White	RB	2	0	0	0	11	0	73	0	7	0	0	0	0	0	0		0
Ryan Grant	WR	2	0	0	0	0	0	30	0	2	0	0	0	0	0	0		0
Alfred Blue	RB	2	0	0	0	36	0	0	0	0	0	0	0	0	0	0		0
Chris Boswell	PK	2	0	0	0	0	0	0	0	0	0	0	0	0	0	0		3
Seth Roberts	WR	2	0	0	0	0	0	43	1	3	0	0	0	0	0	0		0
Taylor Gabriel	WR	2	0	0	0	17	0	30	0	4	0	0	0	0	0	0		0
Odell Beckham Jr.	WR	2	0	0	0	0	0	51	0	4	0	0	0	0	0	0		0
Brandin Cooks	WR	2	0	0	0	0	0	159	0	7	0	0	0	0	0	0		0
Paul Richardson	WR	2	0	0	0	0	0	63	0	4	0	0	0	0	0	0		0
Logan Thomas	TE	2	0	0	0	0	0	7	0	1	0	0	0	0	0	0		0
Derek Carr	QB	2	288	1	0	0	0	0	0	0	0	0	0	0	0	0		0
Sammy Watkins	WR	2	0	0	0	31	0	100	0	6	0	0	0	0	0	0		0
Bruce Ellington	WR	2	0	0	0	0	0	45	0	3	0	0	0	0	0	0		0
Donte Moncrief	WR	2	0	0	0	0	0	34	1	4	0	0	0	0	0	0		0
Cody Latimer	WR	2	0	0	0	0	0	41	0	2	0	0	0	0	0	0		0
Jimmy Garoppolo	QB	2	206	2	0	4	0	0	0	0	0	0	0	0	0	0		0
Kelvin Benjamin	WR	2	0	0	0	0	0	19	1	2	0	0	0	0	0	0		0
Martavis Bryant	WR	2	0	0	0	0	0	30	0	4	0	0	0	0	0	0		0
Davante Adams	WR	2	0	0	0	0	0	64	1	8	0	0	0	0	0	0		0
Jarvis Landry	WR	2	0	0	0	0	0	69	0	5	0	0	0	0	0	0		0
Eric Ebron	TE	2	0	0	0	0	0	26	1	3	0	0	0	0	0	0		0
Blake Bortles	QB	2	376	4	1	35	0	0	0	0	0	0	0	0	0	0		0
Mike Evans	WR	2	0	0	0	0	0	83	1	10	0	0	1	0	0	0		0
Austin Seferian-Jenkins	TE	2	0	0	0	0	0	23	1	3	0	0	0	0	0	0		0
Allen Robinson	WR	2	0	0	0	0	0	83	0	10	0	0	0	0	0	0		0
Chris Manhertz	TE	2	0	0	0	0	0	0	0	0	0	0	0	0	0	0		0
Jason Myers	PK	2	0	0	0	0	0	0	0	0	0	0	0	0	0	0	55;41	0
Amari Cooper	WR	2	0	0	0	0	0	116	0	10	0	0	0	0	0	0		0
Nelson Agholor	WR	2	0	0	0	2	0	88	1	8	0	0	0	0	0	0		0
Maxx Williams	TE	2	0	0	0	7	0	31	0	3	0	0	0	0	0	0		0
Justin Hardy	WR	2	0	0	0	0	0	0	0	0	0	0	0	0	0	0		0
Javorius Allen	RB	2	0	0	0	8	1	36	0	5	0	0	0	0	0	0		0
Stefon Diggs	WR	2	0	0	0	1	0	128	2	9	0	0	0	0	0	1		0
Jay Ajayi	RB	2	0	0	0	23	1	4	0	1	0	0	0	0	0	0		0
Nick Boyle	TE	2	0	0	0	0	0	26	0	2	0	0	0	0	0	0		0
A.J. Derby	TE	2	0	0	0	0	0	19	1	1	0	0	0	0	0	0		0
Raheem Mostert	RB	2	0	0	0	0	0	0	0	0	0	0	0	0	0	0		0
Eric Tomlinson	TE	2	0	0	0	0	0	24	0	1	0	0	0	0	0	0		0
Corey Grant	RB	2	0	0	0	13	0	56	0	6	0	0	0	0	0	0		0
Malcolm Brown	RB	2	0	0	0	46	0	0	0	0	0	0	0	0	0	1		0
Rod Smith	RB	2	0	0	0	0	0	0	0	0	0	0	0	0	0	0		0
Jamison Crowder	WR	2	0	0	0	29	0	8	0	2	0	0	0	0	0	0		0
James O'Shaughnessy	TE	2	0	0	0	0	0	17	0	1	0	0	0	0	0	0		0
Marcus Murphy	RB	2	0	0	0	6	0	7	0	1	0	0	0	0	0	0		0
Adam Humphries	WR	2	0	0	0	0	0	8	0	1	0	0	0	0	0	0		0
Devin Funchess	WR	2	0	0	0	0	0	77	0	7	0	0	0	0	0	0		0
Tevin Coleman	RB	2	0	0	0	107	0	18	0	4	0	0	0	0	0	0		0
Mike Davis	RB	2	0	0	0	3	0	-1	0	1	0	0	0	0	0	0		0
Josh Lambo	PK	2	0	0	0	0	0	0	0	0	0	0	0	0	0	0	28	4
J.J. Nelson	WR	2	0	0	0	0	0	0	0	0	0	0	0	0	0	0		0
Kaelin Clay	WR	2	0	0	0	0	0	0	0	0	0	0	0	0	0	0		0
Chris Conley	WR	2	0	0	0	0	0	17	1	2	0	0	1	0	0	0		0
C.J. Uzomah	TE	2	0	0	0	0	0	45	0	3	0	0	0	0	0	0		0
Jesse James	TE	2	0	0	0	0	0	138	1	5	0	0	0	0	0	0		0
Geoff Swaim	TE	2	0	0	0	0	0	0	0	0	0	0	0	0	0	0		0
Melvin Gordon	RB	2	0	0	0	28	1	38	2	6	0	0	0	0	0	0		0
Tyrell Williams	WR	2	0	0	0	0	0	48	0	3	0	0	0	0	0	0		0
David Johnson	RB	2	0	0	0	48	0	3	0	1	0	0	0	0	0	0		0
Ty Montgomery	WR	2	0	0	0	31	0	9	0	1	0	0	0	0	0	0		0
Phillip Dorsett	WR	2	0	0	0	0	0	44	0	5	0	0	0	0	0	0		0
T.J. Yeldon	RB	2	0	0	0	58	0	13	0	2	0	0	0	0	0	0		0
Tyler Lockett	WR	2	0	0	0	0	0	60	1	5	0	0	0	0	0	0		0
Tyler Kroft	TE	2	0	0	0	0	0	11	0	2	0	0	0	0	0	0		0
Jeff Heuerman	TE	2	0	0	0	0	0	10	0	2	0	0	0	0	0	0		0
Todd Gurley	RB	2	0	0	0	42	3	31	0	3	0	0	0	0	2	0		0
Duke Johnson	RB	2	0	0	0	3	0	7	0	2	0	0	0	0	0	0		0
Chester Rogers	WR	2	0	0	0	0	0	17	0	3	0	0	0	0	0	0		0
Rob Kelley	RB	2	0	0	0	1	0	0	0	0	0	0	0	0	0	0		0
Sterling Shepard	WR	2	0	0	0	0	0	24	0	3	0	0	0	0	0	0		0
Austin Hooper	TE	2	0	0	0	0	0	59	1	5	0	0	0	0	0	0		0
C.J. Prosise	RB	2	0	0	0	0	0	22	0	3	0	0	0	0	0	0		0
Nick Vannett	TE	2	0	0	0	0	0	23	0	3	0	0	0	0	0	0		0
Chris Moore	WR	2	0	0	0	2	0	9	0	2	0	0	0	0	0	0		0
Tyler Ervin	RB	2	0	0	0	0	0	0	0	0	0	0	0	0	0	0		0
Alex Collins	RB	2	0	0	0	35	0	55	0	3	0	0	0	0	0	0		0
David Morgan	TE	2	0	0	0	0	0	19	0	2	0	0	0	0	0	0		0
Tanner McEvoy	WR	2	0	0	0	0	0	0	0	0	0	0	0	0	0	0		0
Alex Erickson	WR	2	0	0	0	0	0	0	0	0	0	0	0	0	0	0		0
Wil Lutz	PK	2	0	0	0	0	0	0	0	0	0	0	0	0	0	0	31;44	1
Brandon Wilds	RB	2	0	0	0	4	0	0	0	0	0	0	0	0	0	0		0
Josh Perkins	TE	2	0	0	0	0	0	57	0	4	0	0	0	0	0	0		0
Geronimo Allison	WR	2	0	0	0	0	0	64	0	6	0	0	0	0	0	0		0
Robbie Chosen	WR	2	0	0	0	0	0	27	0	3	0	0	1	0	0	0		0
Ka'imi Fairbairn	PK	2	0	0	0	0	0	0	0	0	0	0	0	0	0	0	34	2
Peyton Barber	RB	2	0	0	0	22	0	7	0	1	0	0	0	0	0	0		0
Josh Doctson	WR	2	0	0	0	0	0	37	0	4	0	0	0	0	0	0		0
Derrick Henry	RB	2	8	0	0	56	0	0	0	0	0	0	0	0	0	0		0
Michael Thomas	WR	2	0	0	0	0	0	89	2	12	0	0	1	0	0	0		0
Demarcus Robinson	WR	2	0	0	0	0	0	3	1	1	0	0	0	0	0	0		0
Tajae Sharpe	WR	2	0	0	0	0	0	14	0	1	0	0	0	0	0	0		0
Jordan Howard	RB	2	0	0	0	35	0	33	0	3	0	0	0	0	0	0		0
Wendell Smallwood	RB	2	0	0	0	28	0	2	0	1	0	0	0	0	0	0		0
Jakeem Grant	WR	2	0	0	0	5	0	27	0	2	0	0	0	0	0	0		0
Aldrick Rosas	PK	2	0	0	0	0	0	0	0	0	0	0	0	0	0	0	28;38	1
Tommylee Lewis	WR	2	0	0	0	0	0	0	0	0	0	0	0	0	0	0		0
Laquon Treadwell	WR	2	0	0	0	0	0	23	1	2	0	0	0	0	0	0		0
Charone Peake	WR	2	0	0	0	0	0	0	0	0	0	0	0	0	0	0		0
Devontae Booker	RB	2	0	0	0	17	0	0	0	0	0	0	0	0	0	0		0
Jonathan Williams	RB	2	0	0	0	-1	0	0	0	0	0	0	0	0	0	0		0
Rashard Higgins	WR	2	0	0	0	0	0	47	0	5	0	0	0	0	0	0		0
Jaydon Mickens	WR	2	0	0	0	0	0	0	0	0	0	0	0	0	0	0		0
Tyler Boyd	WR	2	0	0	0	0	0	91	1	6	0	0	0	0	0	0		0
Jalen Richard	RB	2	0	0	0	3	0	0	0	0	0	0	0	0	0	0		0
Tyreek Hill	WR	2	0	0	0	0	0	90	1	5	0	0	0	0	0	0		0
Ezekiel Elliott	RB	2	0	0	0	78	1	9	0	5	0	0	0	0	0	0		0
Rico Gathers	TE	2	0	0	0	0	0	0	0	0	0	0	0	0	0	0		0
Dak Prescott	QB	2	160	1	0	45	0	0	0	0	0	0	0	0	0	0		0
Marvin Hall	WR	2	0	0	0	0	0	30	0	1	0	0	0	0	0	0		0
Jared Goff	QB	2	354	1	1	2	0	0	0	0	0	0	0	1	0	0		0
Tyler Higbee	TE	2	0	0	0	0	0	3	1	1	0	0	0	0	0	0		0
Kenyan Drake	RB	2	0	0	0	53	1	17	0	4	0	0	0	0	0	0		0
Will Fuller	WR	2	0	0	0	0	0	113	1	8	0	0	0	0	0	0		0
Zach Pascal	WR	2	0	0	0	0	0	0	0	0	0	0	0	0	0	0		0
Darrell Daniels	TE	2	0	0	0	0	0	0	0	0	0	0	0	0	0	0		0
JoJo Natson	WR	2	0	0	0	0	0	0	0	0	0	0	0	0	0	0		0
Christian McCaffrey	RB	2	0	0	0	37	0	102	0	14	0	0	0	0	0	0		0
George Kittle	TE	2	0	0	0	0	0	22	0	2	0	0	0	0	0	0		0
Trent Taylor	WR	2	0	0	0	0	0	0	0	0	0	0	0	0	0	0		0
Alex Armah	RB	2	0	0	0	4	0	0	0	0	0	0	0	0	0	0		0
Harrison Butker	PK	2	0	0	0	0	0	0	0	0	0	0	0	0	0	0		6
Kendrick Bourne	WR	2	0	0	0	0	0	4	1	1	0	0	0	0	0	0		0
Matt Breida	RB	2	0	0	0	138	1	21	0	3	0	0	0	0	0	0		0
Taysom Hill	TE	2	0	0	0	0	0	0	0	0	0	0	0	0	0	0		0
Tim Patrick	WR	2	0	0	0	0	0	26	0	1	0	0	0	0	0	0		0
Patrick Ricard	RB	2	0	0	0	0	0	0	0	0	0	0	0	0	0	0		0
Austin Carr	WR	2	0	0	0	0	0	0	0	0	0	0	0	0	0	0		0
Jacob Hollister	TE	2	0	0	0	0	0	35	0	3	0	0	0	0	0	0		0
John Ross	WR	2	0	0	0	-3	0	8	0	1	0	0	0	0	0	0		0
Jehu Chesson	WR	2	0	0	0	0	0	0	0	0	0	0	0	0	0	0		0
Mike Williams	WR	2	0	0	0	0	0	27	1	2	0	0	0	0	0	0		0
Deshaun Watson	QB	2	310	2	1	44	0	0	0	0	0	0	0	0	0	0		0
James Conner	RB	2	0	0	0	17	1	48	0	5	0	0	0	0	0	1		0
Tarik Cohen	RB	2	0	0	0	8	0	17	0	1	0	0	0	0	0	0		0
Michael Roberts	TE	2	0	0	0	0	0	15	1	1	0	0	0	0	0	0		0
Ryan Switzer	WR	2	0	0	0	5	0	14	0	1	0	0	0	0	0	0		0
Jake Butt	TE	2	0	0	0	0	0	48	0	4	0	0	0	0	0	0		0
Jamal Agnew	WR	2	0	0	0	0	0	0	0	0	0	0	0	0	0	0		0
Shelton Gibson	WR	2	0	0	0	0	0	0	0	0	0	0	0	0	0	0		0
Chris Carson	RB	2	0	0	0	24	0	0	0	0	0	0	0	0	0	0		0
Ricky Seals-Jones	TE	2	0	0	0	0	0	17	0	4	0	0	0	0	0	0		0
Jason Croom	TE	2	0	0	0	0	0	7	0	2	0	0	0	0	0	0		0
Keelan Cole	WR	2	0	0	0	0	0	116	1	7	0	0	0	0	0	0		0
Austin Ekeler	RB	2	0	0	0	77	0	21	0	3	0	0	0	0	0	0		0
Corey Clement	RB	2	0	0	0	30	1	55	0	5	0	0	0	0	0	0		0
Justin Davis	RB	2	0	0	0	0	0	0	0	0	0	0	0	0	0	0		0
Jake Elliott	PK	2	0	0	0	0	0	0	0	0	0	0	0	0	0	0		3
T.J. Logan	RB	2	0	0	0	0	0	0	0	0	0	0	0	0	0	0		0
Dede Westbrook	WR	2	0	0	0	-6	0	82	1	4	0	0	0	0	0	0		0
JuJu Smith-Schuster	WR	2	0	0	0	0	0	121	1	13	0	0	0	0	0	0		0
Jonnu Smith	TE	2	0	0	0	0	0	0	0	0	0	0	0	0	0	0		0
Josh Malone	WR	2	0	0	0	0	0	0	0	0	0	0	0	0	0	0		0
Zane Gonzalez	PK	2	0	0	0	0	0	0	0	0	0	0	0	0	0	0	39;39	0
Mitchell Trubisky	QB	2	200	2	2	24	0	0	0	0	0	0	0	0	0	0		0
Corey Davis	WR	2	0	0	0	0	0	55	0	5	0	0	0	0	0	0		0
Patrick Mahomes	QB	2	326	6	0	18	0	0	0	0	0	0	0	0	0	0		0
O.J. Howard	TE	2	0	0	0	0	0	96	1	3	0	0	0	0	0	0		0
Evan Engram	TE	2	0	0	0	0	0	67	1	7	0	0	0	0	0	0		0
David Njoku	TE	2	0	0	0	0	0	20	0	4	0	0	0	0	0	0		0
Zay Jones	WR	2	0	0	0	0	0	63	0	2	0	0	0	0	0	0		0
Dalvin Cook	RB	2	0	0	0	38	0	52	0	3	0	0	0	0	0	0		0
Gerald Everett	TE	2	0	0	0	0	0	17	0	1	0	0	0	0	0	0		0
Joe Mixon	RB	2	0	0	0	84	0	3	0	1	0	0	0	0	0	0		0
Alvin Kamara	RB	2	0	0	0	46	0	53	0	6	0	0	0	0	1	0		0
Cooper Kupp	WR	2	0	0	0	0	0	63	0	6	0	0	0	0	0	0		0
Taywan Taylor	WR	2	0	0	0	0	0	32	1	3	0	0	0	0	0	0		0
Chris Godwin Jr.	WR	2	0	0	0	0	0	56	1	5	0	0	0	0	0	0		0
Kareem Hunt	RB	2	0	0	0	75	0	5	1	1	0	0	0	0	0	0		0
Kenny Golladay	WR	2	0	0	0	0	0	89	1	6	0	0	0	0	0	0		0
Chad Williams	WR	2	0	0	0	0	0	0	0	0	0	0	0	0	0	0		0
Josh Reynolds	WR	2	0	0	0	0	0	0	0	0	0	0	0	0	0	0		0
Jamaal Williams	RB	2	0	0	0	59	0	12	0	3	0	0	0	0	0	0		0
Wayne Gallman	RB	2	0	0	0	2	0	11	0	1	0	0	0	0	0	0		0
Marlon Mack	RB	2	0	0	0	34	0	2	0	1	0	0	0	0	0	0		0
Stacy Coley	WR	2	0	0	0	0	0	0	0	0	0	0	0	0	0	0		0
Phillip Lindsay	RB	2	0	0	0	107	0	4	0	1	0	0	0	0	0	0		0
Will Dissly	TE	2	0	0	0	0	0	42	1	3	0	0	0	0	0	0		0
Daniel Carlson	PK	2	0	0	0	0	0	0	0	0	0	0	0	0	0	0		3
Marquez Valdes-Scantling	WR	2	0	0	0	0	0	3	0	1	0	0	0	0	0	0		0
Janarion Grant	WR	2	0	0	0	0	0	0	0	0	0	0	0	0	0	0		0
Courtland Sutton	WR	2	0	0	0	0	0	9	0	1	0	0	0	0	0	0		0
Kerryon Johnson	RB	2	0	0	0	43	0	23	0	5	0	0	0	0	0	0		0
Anthony Miller	WR	2	0	0	0	0	0	11	1	2	0	0	0	0	0	0		0
Jordan Akins	TE	2	0	0	0	0	0	21	0	2	0	0	0	0	0	0		0
Ian Thomas	TE	2	0	0	0	0	0	10	0	2	0	0	0	0	0	0		0
Nyheim Hines	RB	2	0	0	0	7	1	-2	0	1	0	0	0	0	0	0		0
Ito Smith	RB	2	0	0	0	46	0	8	0	1	0	0	0	0	0	0		0
Jordan Wilkins	RB	2	0	0	0	61	0	3	0	2	0	0	0	0	0	0		0
Robert Foster	WR	2	0	0	0	0	0	30	0	2	0	0	0	0	0	0		0
J.J. Jones	WR	2	0	0	0	0	0	0	0	0	0	0	0	0	0	0		0
Detrez Newsome	RB	2	0	0	0	0	0	0	0	0	0	0	0	0	0	0		0
Shaun Wilson	RB	2	0	0	0	9	0	0	0	0	0	0	0	0	0	0		0
James Washington	WR	2	0	0	0	0	0	14	1	1	0	0	0	0	0	0		0
Chase Edmonds	RB	2	0	0	0	5	0	15	0	5	0	0	0	0	0	0		0
Rashaad Penny	RB	2	0	0	0	30	0	0	0	0	0	0	0	0	0	0		0
Mark Andrews	TE	2	0	0	0	0	0	17	1	3	0	0	0	0	0	0		0
Michael Gallup	WR	2	0	0	0	0	0	5	0	1	0	0	0	0	0	0		0
Tre'Quan Smith	WR	2	0	0	0	0	0	18	0	1	0	0	0	0	0	0		0
Chris Herndon	TE	2	0	0	0	0	0	30	0	2	0	0	0	0	0	0		0
Antonio Callaway	WR	2	0	0	0	7	0	81	1	3	0	0	0	0	0	0		0
Christian Kirk	WR	2	0	0	0	0	0	27	0	4	0	0	0	0	0	0		0
DJ Chark	WR	2	0	0	0	0	0	13	0	1	0	0	1	0	0	0		0
Nick Chubb	RB	2	0	0	0	14	0	0	0	0	0	0	0	0	0	0		0
Jason Sanders	PK	2	0	0	0	0	0	0	0	0	0	0	0	0	0	0		2
Lamar Jackson	QB	2	0	0	0	6	0	0	0	0	0	0	0	0	0	0		0
DJ Moore	WR	2	0	0	0	7	0	51	1	1	0	0	0	0	0	0		0
Calvin Ridley	WR	2	0	0	0	3	0	64	1	4	0	0	0	0	0	0		0
Royce Freeman	RB	2	0	0	0	28	1	0	0	0	0	0	0	0	0	0		0
Saquon Barkley	RB	2	0	0	0	28	0	80	0	14	0	0	0	0	0	0		0
Sony Michel	RB	2	0	0	0	34	0	7	0	1	0	0	0	0	0	0		0
Josh Allen	QB	2	215	1	2	32	0	0	0	0	0	0	0	0	0	0		0
Dante Pettis	WR	2	0	0	0	0	0	35	0	1	0	0	0	0	0	0		0
Sam Darnold	QB	2	334	1	2	1	0	0	0	0	0	0	0	0	0	0		0
Phil Dawson	PK	3	0	0	0	0	0	0	0	0	0	0	0	0	0	0		2
Adam Vinatieri	PK	3	0	0	0	0	0	0	0	0	0	0	0	0	0	0	35;31;28	1
Tom Brady	QB	3	133	1	1	2	0	0	0	0	0	0	0	0	0	0		0
Sebastian Janikowski	PK	3	0	0	0	0	0	0	0	0	0	0	0	0	0	0	47	3
Drew Brees	QB	3	396	3	0	7	2	0	0	0	0	0	0	0	0	0		0
Matt Bryant	PK	3	0	0	0	0	0	0	0	0	0	0	0	0	0	0		3
Antonio Gates	TE	3	0	0	0	0	0	45	0	3	0	0	0	0	0	0		0
Eli Manning	QB	3	297	2	0	-1	0	0	0	0	0	0	0	0	0	0		0
Larry Fitzgerald	WR	3	0	0	0	0	0	9	0	2	0	0	0	0	0	0		0
Ben Roethlisberger	QB	3	353	3	1	-1	0	0	0	0	0	0	0	0	0	0		0
Philip Rivers	QB	3	226	2	0	0	0	0	0	0	0	0	0	0	0	0		0
Benjamin Watson	TE	3	0	0	0	0	0	71	0	5	0	0	0	0	0	0		0
Robbie Gould	PK	3	0	0	0	0	0	0	0	0	0	0	0	0	0	0	39;35	1
Alex Smith	QB	3	220	2	1	20	0	0	0	0	0	0	0	0	0	0		0
Aaron Rodgers	QB	3	265	2	0	13	0	0	0	0	0	0	0	0	0	0		0
Mike Nugent	PK	3	0	0	0	0	0	0	0	0	0	0	0	0	0	0	25;52	2
Frank Gore	RB	3	0	0	0	12	0	0	0	0	0	0	0	0	0	0		0
Ryan Fitzpatrick	QB	3	411	3	3	27	0	0	0	0	0	0	0	0	0	0		0
Matt Prater	PK	3	0	0	0	0	0	0	0	0	0	0	0	0	0	0	38;25;32;30	2
Vernon Davis	TE	3	0	0	0	0	0	70	0	2	0	0	0	0	0	0		0
Stephen Gostkowski	PK	3	0	0	0	0	0	0	0	0	0	0	0	0	0	0	36	1
Brandon Marshall	WR	3	0	0	0	0	0	30	0	2	0	0	0	0	0	0		0
Adrian Peterson	RB	3	0	0	0	120	2	0	0	0	0	0	0	0	0	0		0
Ted Ginn	WR	3	0	0	0	20	0	12	1	3	0	0	0	0	0	0		0
Marshawn Lynch	RB	3	0	0	0	64	1	22	0	3	0	0	0	0	0	0		0
Mason Crosby	PK	3	0	0	0	0	0	0	0	0	0	0	0	0	0	0	41	2
Steven Hauschka	PK	3	0	0	0	0	0	0	0	0	0	0	0	0	0	0	30;50	3
Danny Amendola	WR	3	0	0	0	0	0	42	0	3	0	0	0	0	0	0		0
Matt Ryan	QB	3	374	5	0	12	0	0	0	0	0	0	0	2	0	0		0
Jonathan Stewart	RB	3	0	0	0	8	0	0	0	0	0	0	0	0	0	0		0
Joe Flacco	QB	3	277	1	0	2	0	0	0	0	0	0	0	0	0	0		0
Jordy Nelson	WR	3	0	0	0	0	0	173	1	6	0	0	0	0	0	0		0
DeSean Jackson	WR	3	0	0	0	0	0	37	0	3	0	0	0	0	0	0		0
Matthew Slater	WR	3	0	0	0	0	0	0	0	0	0	0	0	0	0	0		0
Pierre Garcon	WR	3	0	0	0	0	0	11	0	1	0	0	0	0	0	0		0
Matthew Stafford	QB	3	262	2	1	10	0	0	0	0	0	0	0	0	0	0		0
Graham Gano	PK	3	0	0	0	0	0	0	0	0	0	0	0	0	0	0	40	4
Ryan Succop	PK	3	0	0	0	0	0	0	0	0	0	0	0	0	0	0	39;36;28	0
Darrius Heyward-Bey	WR	3	0	0	0	0	0	0	0	0	0	0	0	0	0	0		0
Michael Crabtree	WR	3	0	0	0	0	0	61	0	7	0	0	0	0	0	0		0
Jared Cook	TE	3	0	0	0	0	0	31	0	5	0	0	0	0	0	0		0
Logan Paulsen	TE	3	0	0	0	0	0	11	0	1	0	0	0	0	0	0		0
LeGarrette Blount	RB	3	0	0	0	48	0	17	0	2	0	0	0	0	0	0		0
Chris Ivory	RB	3	0	0	0	56	0	70	0	3	0	0	0	0	0	0		0
Rob Gronkowski	TE	3	0	0	0	0	0	51	0	4	0	0	0	0	0	0		0
Emmanuel Sanders	WR	3	0	0	0	35	1	38	0	5	0	0	0	0	0	0		0
Andre Roberts	WR	3	0	0	0	0	0	0	0	0	0	0	0	0	0	0		0
Jimmy Graham	TE	3	0	0	0	0	0	45	0	5	0	0	0	0	0	0		0
Antonio Brown	WR	3	0	0	0	0	0	50	1	6	0	0	0	0	0	0		0
Sam Bradford	QB	3	157	2	2	0	0	0	0	0	1	0	0	0	0	0		0
Jermaine Gresham	TE	3	0	0	0	0	0	9	0	1	0	0	0	0	0	0		0
Demaryius Thomas	WR	3	0	0	0	0	0	63	0	5	0	0	0	0	0	0		0
Golden Tate	WR	3	0	0	0	0	0	69	0	6	0	0	0	0	0	0		0
Cam Newton	QB	3	150	2	0	36	2	0	0	0	0	0	0	0	0	0		0
A.J. Green	WR	3	0	0	0	0	0	58	0	5	0	0	0	0	0	0		0
Julio Jones	WR	3	0	0	0	0	0	96	0	5	0	0	0	0	0	0		0
Blaine Gabbert	QB	3	8	0	0	0	0	0	0	0	0	0	0	0	0	0		0
Andy Dalton	QB	3	352	2	4	0	0	0	0	0	0	0	0	0	0	0		0
Kyle Rudolph	TE	3	0	0	0	0	0	48	1	5	0	0	0	0	0	0		0
Lance Kendricks	TE	3	0	0	0	0	0	0	0	0	0	0	0	0	0	0		0
Torrey Smith	WR	3	0	0	0	0	0	19	0	3	0	0	0	0	0	0		0
Randall Cobb	WR	3	0	0	0	0	0	22	0	4	0	0	1	0	0	0		0
Stevan Ridley	RB	3	0	0	0	18	0	0	0	0	0	0	0	0	0	0		0
Luke Stocker	TE	3	0	0	0	0	0	11	0	1	0	0	0	0	0	0		0
Taiwan Jones	RB	3	0	0	0	0	0	0	0	0	0	0	0	0	0	0		0
Bilal Powell	RB	3	0	0	0	73	0	0	0	0	0	0	0	0	0	0		0
Jacquizz Rodgers	RB	3	0	0	0	-1	0	18	0	2	0	0	0	0	0	0		0
Dion Lewis	RB	3	0	0	0	26	0	14	0	3	0	0	0	0	0	0		0
Niles Paul	TE	3	0	0	0	0	0	0	0	0	0	0	0	0	0	0		0
Charles Clay	TE	3	0	0	0	0	0	18	0	2	0	0	0	0	0	0		0
Dwayne Harris	WR	3	0	0	0	0	0	11	0	2	0	0	0	0	0	0		0
Aldrick Robinson	WR	3	0	0	0	0	0	9	0	1	0	0	0	0	0	0		0
Tyrod Taylor	QB	3	19	0	0	22	0	0	0	0	0	0	0	0	0	0		0
Virgil Green	TE	3	0	0	0	0	0	6	0	1	0	0	0	0	0	0		0
Chris Hogan	WR	3	0	0	0	0	0	31	0	3	0	0	0	0	0	0		0
Andre Holmes	WR	3	0	0	0	0	0	29	0	3	0	0	0	0	0	0		0
Kamar Aiken	WR	3	0	0	0	0	0	0	0	0	0	0	0	0	0	0		0
Dan Bailey	PK	3	0	0	0	0	0	0	0	0	0	0	0	0	0	0		0
Terrelle Pryor	WR	3	0	0	0	0	0	25	0	1	0	0	0	0	0	0		0
Garrett Celek	TE	3	0	0	0	0	0	7	0	1	0	0	0	0	0	0		0
Case Keenum	QB	3	192	0	1	0	0	0	0	0	0	0	0	0	0	0		0
Cole Beasley	WR	3	0	0	0	0	0	46	0	3	0	0	0	0	0	0		0
Derek Carrier	TE	3	0	0	0	0	0	0	0	0	0	0	0	0	0	0		0
Alfred Morris	RB	3	0	0	0	67	1	0	0	0	0	0	0	0	0	0		0
Jermaine Kearse	WR	3	0	0	0	0	0	35	0	3	0	0	0	0	0	0		0
Russell Wilson	QB	3	192	2	0	-1	0	0	0	0	0	0	0	0	0	0		0
Marvin Jones	WR	3	0	0	0	0	0	69	1	4	0	0	0	0	0	0		0
Josh Bellamy	WR	3	0	0	0	0	0	2	0	1	0	0	0	0	0	0		0
Deonte Thompson	WR	3	0	0	0	0	0	23	0	2	0	0	0	0	0	0		0
Orson Charles	TE	3	0	0	0	0	0	0	0	0	0	0	0	0	0	0		0
Randy Bullock	PK	3	0	0	0	0	0	0	0	0	0	0	0	0	0	0		3
Jamize Olawale	RB	3	0	0	0	0	0	0	0	0	0	0	0	0	0	0		0
Jarius Wright	WR	3	0	0	0	0	0	7	0	1	0	0	0	0	0	0		0
Rishard Matthews	WR	3	0	0	0	0	0	3	0	1	0	0	0	0	0	0		0
Rhett Ellison	TE	3	0	0	0	0	0	39	1	3	0	0	0	0	0	0		0
Justin Tucker	PK	3	0	0	0	0	0	0	0	0	0	0	0	0	0	0	52;52	3
Kirk Cousins	QB	3	296	1	1	2	0	0	0	0	2	0	0	0	0	0		0
T.Y. Hilton	WR	3	0	0	0	0	0	50	0	5	0	0	0	0	0	0		0
Doug Martin	RB	3	0	0	0	43	0	0	0	0	0	0	0	0	0	0		0
Lamar Miller	RB	3	0	0	0	10	0	41	1	5	0	0	1	0	0	0		0
Mohamed Sanu	WR	3	0	0	0	0	0	36	1	4	0	0	0	0	0	1		0
Andrew Luck	QB	3	164	1	0	33	0	0	0	0	0	0	0	0	0	0		0
Ryan Tannehill	QB	3	289	3	0	26	0	0	0	0	0	0	0	0	0	0		0
Benny Cunningham	RB	3	0	0	0	0	0	9	0	1	0	0	0	0	0	0		0
Brandon McManus	PK	3	0	0	0	0	0	0	0	0	0	0	0	0	0	0		2
C.J. Anderson	RB	3	0	0	0	9	0	24	1	1	0	0	0	0	0	0		0
Adam Thielen	WR	3	0	0	0	0	0	105	0	14	0	0	0	0	0	0		0
Zach Ertz	TE	3	0	0	0	0	0	73	0	5	0	0	0	0	0	0		0
Marquise Goodwin	WR	3	0	0	0	-2	0	30	1	3	0	0	0	0	0	0		0
Kenny Stills	WR	3	0	0	0	0	0	61	1	3	0	0	0	0	0	0		0
Luke Willson	TE	3	0	0	0	0	0	10	0	2	0	0	0	0	0	0		0
Dustin Hopkins	PK	3	0	0	0	0	0	0	0	0	0	0	0	0	0	0	35	4
Theo Riddick	RB	3	0	0	0	0	0	36	0	3	0	0	0	0	0	0		0
Ryan Griffin	TE	3	0	0	0	0	0	44	0	2	0	0	0	0	0	0		0
Demetrius Harris	TE	3	0	0	0	0	0	13	1	1	0	0	0	0	0	0		0
Josh Hill	TE	3	0	0	0	0	0	17	0	1	0	0	0	0	0	0		0
Keenan Allen	WR	3	0	0	0	0	0	44	0	3	0	0	1	0	0	0		0
Rex Burkhead	RB	3	0	0	0	0	0	26	0	2	0	0	0	0	0	0		0
Jaron Brown	WR	3	0	0	0	0	0	25	1	2	0	0	0	0	0	0		0
Brett Maher	PK	3	0	0	0	0	0	0	0	0	0	0	0	0	0	0	50;35	1
Caleb Sturgis	PK	3	0	0	0	0	0	0	0	0	0	0	0	0	0	0	26	2
Chris Thompson	RB	3	0	0	0	17	0	0	0	1	0	0	0	0	0	0		0
Spencer Ware	RB	3	0	0	0	1	0	29	0	2	0	0	0	0	0	0		0
Dion Sims	TE	3	0	0	0	0	0	0	0	0	0	0	0	0	0	0		0
Robert Woods	WR	3	0	0	0	13	0	104	2	10	0	0	0	0	0	0		0
Mike Gillislee	RB	3	0	0	0	10	0	0	0	0	0	0	0	0	0	0		0
Giovani Bernard	RB	3	0	0	0	61	1	25	0	5	0	0	0	0	0	0		0
Vance McDonald	TE	3	0	0	0	0	0	112	1	4	0	0	0	0	0	0		0
Jordan Reed	TE	3	0	0	0	0	0	65	0	4	0	0	0	0	0	0		0
Travis Kelce	TE	3	0	0	0	0	0	114	0	8	0	0	0	0	0	0		0
Latavius Murray	RB	3	0	0	0	1	0	30	0	5	0	0	0	0	0	0		0
Tavon Austin	WR	3	0	0	0	18	0	2	1	3	0	0	0	0	0	0		0
Tyler Eifert	TE	3	0	0	0	0	0	74	0	6	0	0	0	0	0	0		0
DeAndre Hopkins	WR	3	0	0	0	0	0	86	0	6	0	0	0	0	0	0		0
Cordarrelle Patterson	RB	3	0	0	0	0	0	12	0	1	0	0	0	0	0	0		0
Isaiah Crowell	RB	3	0	0	0	34	2	17	0	2	0	0	0	0	0	0		0
Willie Snead	WR	3	0	0	0	0	0	39	0	3	0	0	0	0	0	0		0
Albert Wilson	WR	3	52	1	0	0	0	74	1	2	0	0	0	0	0	0		0
Trey Burton	TE	3	0	0	0	0	0	55	0	4	0	0	0	0	0	0		0
Allen Hurns	WR	3	0	0	0	0	0	22	0	2	0	0	0	0	0	0		0
Cody Parkey	PK	3	0	0	0	0	0	0	0	0	0	0	0	0	0	0	20;41;43	1
Erik Swoope	TE	3	0	0	0	0	0	7	0	1	0	0	0	0	0	0		0
Damien Williams	RB	3	0	0	0	0	0	16	0	2	0	0	0	0	0	0		0
Chandler Catanzaro	PK	3	0	0	0	0	0	0	0	0	0	0	0	0	0	0	21;28	3
Quincy Enunwa	WR	3	0	0	0	0	0	57	0	4	0	0	0	0	0	0		0
Xavier Grimble	TE	3	0	0	0	0	0	0	0	0	0	0	0	0	0	0		0
Carlos Hyde	RB	3	0	0	0	98	2	5	0	2	0	0	0	0	0	0		0
John Brown	WR	3	0	0	0	0	0	86	0	5	0	0	0	0	0	0		0
De'Anthony Thomas	WR	3	0	0	0	0	0	0	0	0	0	0	0	0	0	0		0
James White	RB	3	0	0	0	37	0	14	1	3	0	0	0	0	0	0		0
Ryan Grant	WR	3	0	0	0	0	0	35	1	3	0	0	0	0	0	0		0
Alfred Blue	RB	3	0	0	0	13	0	4	0	1	0	0	0	0	0	0		0
Kapri Bibbs	RB	3	0	0	0	3	0	0	0	0	0	0	0	0	0	0		0
Chris Boswell	PK	3	0	0	0	0	0	0	0	0	0	0	0	0	0	0	38	3
Scott Simonson	TE	3	0	0	0	0	0	0	0	0	0	0	0	0	0	0		0
T.J. Jones	WR	3	0	0	0	0	0	4	0	1	0	0	0	0	0	0		0
Senorise Perry	RB	3	0	0	0	0	0	0	0	0	0	0	0	0	0	0		0
Taylor Gabriel	WR	3	0	0	0	0	0	34	0	6	0	0	0	0	0	0		0
Odell Beckham Jr.	WR	3	0	0	0	0	0	109	0	9	0	0	0	0	0	0		0
Brandin Cooks	WR	3	0	0	0	0	0	90	0	7	0	0	0	0	0	0		0
Paul Richardson	WR	3	0	0	0	0	0	46	1	1	0	0	0	0	0	0		0
Cameron Brate	TE	3	0	0	0	0	0	34	1	3	0	0	0	0	0	0		0
Derek Carr	QB	3	345	1	2	-2	0	0	0	0	0	0	0	0	0	0		0
Jordan Matthews	TE	3	0	0	0	0	0	21	0	2	0	0	0	0	0	0		0
Sammy Watkins	WR	3	0	0	0	20	0	55	1	5	0	0	0	0	0	0		0
Bruce Ellington	WR	3	0	0	0	0	0	10	0	1	0	0	0	0	0	0		0
Donte Moncrief	WR	3	0	0	0	0	0	16	0	2	0	0	0	0	0	0		0
Cody Latimer	WR	3	0	0	0	0	0	15	0	1	0	0	0	0	0	0		0
Jimmy Garoppolo	QB	3	251	2	0	23	0	0	0	0	0	0	0	1	0	0		0
Kelvin Benjamin	WR	3	0	0	0	0	0	29	0	3	0	0	0	0	0	0		0
Martavis Bryant	WR	3	0	0	0	4	0	30	0	2	0	0	0	0	0	0		0
Davante Adams	WR	3	0	0	0	0	0	52	1	7	0	0	0	0	0	0		0
Jarvis Landry	WR	3	0	0	0	0	0	103	0	8	0	0	0	1	0	0		0
Eric Ebron	TE	3	0	0	0	0	0	33	0	5	0	0	0	0	0	0		0
Blake Bortles	QB	3	155	0	0	27	0	0	0	0	0	0	0	0	0	0		0
Mike Evans	WR	3	0	0	0	0	0	137	1	6	0	0	0	0	0	0		0
Austin Seferian-Jenkins	TE	3	0	0	0	0	0	18	0	3	0	0	0	0	0	0		0
Allen Robinson	WR	3	0	0	0	0	0	50	0	3	0	0	0	0	0	0		0
Jason Myers	PK	3	0	0	0	0	0	0	0	0	0	0	0	0	0	0	28	2
Amari Cooper	WR	3	0	0	0	0	0	17	0	2	0	0	0	0	0	0		0
DeVante Parker	WR	3	0	0	0	0	0	40	0	2	0	0	0	0	0	0		0
Nelson Agholor	WR	3	0	0	0	0	0	24	0	4	0	0	0	0	0	0		0
Maxx Williams	TE	3	0	0	0	0	0	5	0	1	0	0	0	0	0	0		0
Justin Hardy	WR	3	0	0	0	0	0	0	0	0	0	0	0	0	0	0		0
Javorius Allen	RB	3	0	0	0	7	1	19	1	3	0	0	0	0	0	0		0
Stefon Diggs	WR	3	0	0	0	0	0	17	0	4	0	0	0	0	0	0		0
Nick Boyle	TE	3	0	0	0	0	0	2	0	1	0	0	0	0	0	0		0
A.J. Derby	TE	3	0	0	0	0	0	16	0	1	0	0	0	0	0	0		0
Raheem Mostert	RB	3	0	0	0	0	0	8	0	1	0	0	0	0	0	0		0
Eric Tomlinson	TE	3	0	0	0	0	0	14	0	1	0	0	0	0	0	0		0
Corey Grant	RB	3	0	0	0	11	0	-1	0	1	0	0	0	0	0	0		0
Malcolm Brown	RB	3	0	0	0	42	0	0	0	0	0	0	0	0	0	0		0
Cameron Meredith	WR	3	0	0	0	0	0	11	1	1	0	0	0	0	0	0		0
Jamison Crowder	WR	3	0	0	0	6	0	39	1	4	0	0	0	0	0	0		0
James O'Shaughnessy	TE	3	0	0	0	0	0	0	0	0	0	0	0	0	0	0		0
Marcus Murphy	RB	3	0	0	0	33	0	1	0	1	0	0	0	0	0	0		0
Darius Jennings	WR	3	0	0	0	0	0	7	0	1	0	0	0	0	0	0		0
Adam Humphries	WR	3	0	0	0	4	0	30	0	3	0	0	0	0	0	0		0
Devin Funchess	WR	3	0	0	0	0	0	67	1	4	0	0	0	0	0	0		0
Tevin Coleman	RB	3	0	0	0	33	0	14	1	2	0	0	0	0	0	0		0
Mike Davis	RB	3	0	0	0	0	0	7	0	1	0	0	0	0	0	0		0
Josh Lambo	PK	3	0	0	0	0	0	0	0	0	0	0	0	0	0	0	46;38	0
J.J. Nelson	WR	3	0	0	0	0	0	0	0	0	0	0	0	0	0	0		0
Chris Conley	WR	3	0	0	0	0	0	13	1	2	0	0	0	0	0	0		0
C.J. Uzomah	TE	3	0	0	0	0	0	19	1	2	0	0	0	0	0	0		0
Jesse James	TE	3	0	0	0	0	0	7	0	1	0	0	0	0	0	0		0
Geoff Swaim	TE	3	0	0	0	0	0	47	0	5	0	0	0	0	0	0		0
Melvin Gordon	RB	3	0	0	0	80	1	4	0	2	0	0	0	0	0	0		0
Tyrell Williams	WR	3	0	0	0	14	0	22	0	2	0	0	0	0	0	0		0
David Johnson	RB	3	0	0	0	31	0	30	1	4	0	0	0	0	0	0		0
Ty Montgomery	WR	3	0	0	0	16	0	49	0	6	0	0	0	0	0	0		0
Phillip Dorsett	WR	3	0	0	0	0	0	0	0	0	0	0	0	0	0	0		0
T.J. Yeldon	RB	3	0	0	0	44	0	46	0	6	0	0	0	0	0	0		0
Tyler Lockett	WR	3	0	0	0	5	0	77	1	4	0	0	0	0	0	0		0
Tyler Kroft	TE	3	0	0	0	0	0	16	0	1	0	0	0	0	0	0		0
Jeff Heuerman	TE	3	0	0	0	0	0	7	0	2	0	0	0	0	0	0		0
Todd Gurley	RB	3	0	0	0	105	1	51	0	5	0	0	1	0	0	0		0
Duke Johnson	RB	3	0	0	0	9	0	24	0	2	0	0	0	0	0	0		0
Marcus Mariota	QB	3	100	0	0	51	0	0	0	0	0	0	0	0	0	0		0
Chester Rogers	WR	3	0	0	0	0	0	14	0	2	0	0	0	0	0	0		0
Sterling Shepard	WR	3	0	0	0	0	0	80	1	6	0	0	0	0	0	0		0
Austin Hooper	TE	3	0	0	0	0	0	23	0	3	0	0	0	0	0	1		0
Nick Vannett	TE	3	0	0	0	0	0	27	0	4	0	0	0	0	0	0		0
Tyler Ervin	RB	3	0	0	0	0	0	0	0	0	0	0	0	0	0	0		0
Alex Collins	RB	3	0	0	0	68	1	6	0	3	0	0	0	0	0	0		0
Alex Erickson	WR	3	0	0	0	0	0	0	0	0	0	0	0	0	0	0		0
Cole Wick	TE	3	0	0	0	0	0	0	0	0	0	0	0	0	0	0		0
Wil Lutz	PK	3	0	0	0	0	0	0	0	0	0	0	0	0	0	0	49;21;45	4
Brandon Wilds	RB	3	0	0	0	5	0	0	0	0	0	0	0	0	0	0		0
Josh Perkins	TE	3	0	0	0	0	0	10	0	1	0	0	0	0	0	0		0
Geronimo Allison	WR	3	0	0	0	0	0	76	1	2	0	0	0	0	0	0		0
Robbie Chosen	WR	3	0	0	0	0	0	22	0	2	0	0	1	0	0	0		0
Ka'imi Fairbairn	PK	3	0	0	0	0	0	0	0	0	0	0	0	0	0	0	23;28;54	1
Peyton Barber	RB	3	0	0	0	33	0	0	0	0	0	0	0	0	0	0		0
Josh Doctson	WR	3	0	0	0	0	0	0	0	0	0	0	0	0	0	0		0
Derrick Henry	RB	3	0	0	0	57	0	0	0	0	0	0	0	0	0	0		0
Michael Thomas	WR	3	0	0	0	0	0	129	0	10	0	0	0	0	0	0		0
Demarcus Robinson	WR	3	0	0	0	0	0	0	0	0	0	0	0	0	0	0		0
Tajae Sharpe	WR	3	0	0	0	16	0	0	0	0	0	0	0	0	0	0		0
Jordan Howard	RB	3	0	0	0	61	1	20	0	2	0	0	0	0	0	0		0
Wendell Smallwood	RB	3	0	0	0	56	1	35	0	3	0	0	0	0	0	0		0
Jakeem Grant	WR	3	0	0	0	0	0	70	2	2	0	0	0	0	0	0		0
Aldrick Rosas	PK	3	0	0	0	0	0	0	0	0	0	0	0	0	0	0	44;30	3
Carson Wentz	QB	3	255	1	1	10	0	0	0	0	1	0	0	0	0	0		0
Laquon Treadwell	WR	3	0	0	0	0	0	33	0	4	0	0	0	0	0	0		0
Devontae Booker	RB	3	0	0	0	10	0	34	0	5	0	0	0	0	0	0		0
Jonathan Williams	RB	3	0	0	0	1	0	1	0	1	0	0	0	0	0	0		0
Rashard Higgins	WR	3	0	0	0	0	0	32	0	3	0	0	0	0	0	0		0
Marcus Johnson	WR	3	0	0	0	-2	0	0	0	0	0	0	0	0	0	0		0
Jaydon Mickens	WR	3	0	0	0	0	0	0	0	0	0	0	0	0	0	0		0
Tyler Boyd	WR	3	0	0	0	5	0	132	1	6	0	0	0	0	0	0		0
Jalen Richard	RB	3	0	0	0	0	0	59	0	6	0	0	0	0	0	0		0
Tyreek Hill	WR	3	0	0	0	5	0	51	0	2	0	0	0	0	0	0		0
Ezekiel Elliott	RB	3	0	0	0	127	0	11	0	3	0	1	0	0	0	0		0
Rico Gathers	TE	3	0	0	0	0	0	0	0	0	0	0	0	0	0	0		0
Dak Prescott	QB	3	168	1	2	21	0	0	0	0	0	0	0	0	0	0		0
Marvin Hall	WR	3	0	0	0	0	0	7	0	1	0	0	0	0	0	0		0
Jared Goff	QB	3	354	3	1	14	0	0	0	0	0	0	0	0	0	0		0
Tyler Higbee	TE	3	0	0	0	0	0	35	0	2	0	0	0	0	0	0		0
Kenyan Drake	RB	3	0	0	0	3	0	7	0	2	0	0	0	0	0	0		0
Jacoby Brissett	QB	3	0	0	0	0	0	0	0	0	0	0	0	0	0	0		0
Will Fuller	WR	3	0	0	0	0	0	101	1	5	0	0	0	0	0	0		0
Sam Ficken	PK	3	0	0	0	0	0	0	0	0	0	0	0	0	0	0		5
Zach Pascal	WR	3	0	0	0	0	0	3	0	1	0	0	0	0	0	0		0
JoJo Natson	WR	3	0	0	0	0	0	0	0	0	0	0	0	0	0	0		0
Christian McCaffrey	RB	3	0	0	0	184	0	10	0	2	0	0	0	0	0	0		0
George Kittle	TE	3	0	0	0	0	0	79	0	5	0	0	0	0	0	1		0
Trent Taylor	WR	3	0	0	0	0	0	24	0	3	0	0	0	0	0	0		0
Aaron Jones	RB	3	0	0	0	42	0	5	0	1	0	0	0	0	0	0		0
Alex Armah	RB	3	0	0	0	1	0	0	0	0	0	0	0	0	0	0		0
Harrison Butker	PK	3	0	0	0	0	0	0	0	0	0	0	0	0	0	0	37	5
Kendrick Bourne	WR	3	0	0	0	0	0	27	0	1	0	0	0	0	0	0		0
Matt Breida	RB	3	0	0	0	90	0	27	0	3	0	0	0	0	0	0		0
Taysom Hill	TE	3	0	0	0	39	0	0	0	0	0	0	0	0	0	0		0
Patrick Ricard	RB	3	0	0	0	0	0	0	0	0	0	0	0	0	0	0		0
Tim White	WR	3	0	0	0	0	0	0	0	0	0	0	0	0	0	0		0
Austin Carr	WR	3	0	0	0	0	0	25	0	1	0	0	0	0	0	0		0
John Ross	WR	3	0	0	0	0	0	16	0	3	0	0	0	0	0	0		0
Marcus Kemp	WR	3	0	0	0	0	0	7	0	1	0	0	0	0	0	0		0
Mike Williams	WR	3	0	0	0	0	0	81	2	4	0	0	0	0	0	0		0
Deshaun Watson	QB	3	385	2	1	36	0	0	0	0	0	0	0	0	0	0		0
James Conner	RB	3	0	0	0	61	0	34	0	5	0	0	0	0	0	0		0
Tarik Cohen	RB	3	0	0	0	53	0	15	0	3	0	0	0	0	0	0		0
Ryan Switzer	WR	3	0	0	0	0	0	9	1	3	0	0	0	0	0	0		0
Jake Butt	TE	3	0	0	0	0	0	8	0	2	0	0	0	0	0	0		0
Jamal Agnew	WR	3	0	0	0	0	0	0	0	0	0	0	0	0	0	0		0
Chris Carson	RB	3	0	0	0	102	1	22	0	2	0	0	0	0	0	0		0
Ricky Seals-Jones	TE	3	0	0	0	0	0	35	1	1	0	0	0	0	0	0		0
Jason Croom	TE	3	0	0	0	0	0	26	1	1	0	0	0	0	0	0		0
Blake Jarwin	TE	3	0	0	0	0	0	0	0	0	0	0	0	0	0	0		0
Keelan Cole	WR	3	0	0	0	0	0	40	0	5	0	0	0	0	0	0		0
Austin Ekeler	RB	3	0	0	0	47	0	24	0	3	0	0	1	0	0	0		0
Corey Clement	RB	3	0	0	0	56	0	19	0	3	0	0	0	0	0	0		0
Justin Davis	RB	3	0	0	0	0	0	0	0	0	0	0	0	0	0	0		0
Jake Elliott	PK	3	0	0	0	0	0	0	0	0	0	0	0	0	0	0	33;24	2
Dede Westbrook	WR	3	0	0	0	0	0	31	0	3	0	0	0	0	0	0		0
JuJu Smith-Schuster	WR	3	0	0	0	0	0	116	0	9	0	0	0	0	0	0		0
Jonnu Smith	TE	3	0	0	0	0	0	9	0	1	0	0	0	0	0	0		0
Josh Malone	WR	3	0	0	0	0	0	12	0	1	0	0	0	0	0	0		0
Mitchell Trubisky	QB	3	220	0	1	8	0	0	0	0	1	0	0	0	0	0		0
Corey Davis	WR	3	0	0	0	0	0	34	0	2	0	0	0	0	0	0		0
Patrick Mahomes	QB	3	314	3	0	7	0	0	0	0	0	0	0	0	0	0		0
O.J. Howard	TE	3	0	0	0	0	0	72	0	6	0	0	0	0	0	0		0
Evan Engram	TE	3	0	0	0	0	0	19	0	1	0	0	0	0	0	0		0
David Njoku	TE	3	0	0	0	0	0	36	0	2	0	0	0	0	0	0		0
Zay Jones	WR	3	0	0	0	0	0	17	0	1	0	0	0	0	0	0		0
Gerald Everett	TE	3	0	0	0	0	0	3	0	1	0	0	0	0	0	0		0
Alvin Kamara	RB	3	0	0	0	66	0	124	0	15	0	0	0	0	0	0		0
Cooper Kupp	WR	3	0	0	0	-3	0	71	1	4	0	0	0	0	0	0		0
Taywan Taylor	WR	3	0	0	0	0	0	30	0	4	0	0	0	0	0	0		0
Chris Godwin Jr.	WR	3	0	0	0	0	0	74	1	5	0	0	1	0	0	0		0
Kareem Hunt	RB	3	0	0	0	44	2	0	0	0	0	0	0	0	0	0		0
Kenny Golladay	WR	3	0	0	0	0	0	53	1	6	0	0	0	0	0	0		0
Chad Williams	WR	3	0	0	0	0	0	8	0	1	0	0	0	0	0	0		0
Jamaal Williams	RB	3	0	0	0	29	0	16	0	2	0	0	0	0	0	0		0
Wayne Gallman	RB	3	0	0	0	25	0	0	0	0	0	0	0	0	0	0		0
Jordan Leggett	TE	3	0	0	0	0	0	0	0	0	0	0	0	0	0	0		0
Stacy Coley	WR	3	0	0	0	0	0	0	0	0	0	0	0	0	0	0		0
Phillip Lindsay	RB	3	0	0	0	20	0	0	0	0	0	0	0	0	0	0		0
Will Dissly	TE	3	0	0	0	0	0	4	0	1	0	0	0	0	0	0		0
Mike Boone	RB	3	0	0	0	11	0	0	0	1	0	0	0	0	0	0		0
Tyler Conklin	TE	3	0	0	0	0	0	7	0	1	0	0	0	0	0	0		0
Marquez Valdes-Scantling	WR	3	0	0	0	0	0	0	0	0	0	0	0	0	0	0		0
Josh Rosen	QB	3	36	0	1	12	0	0	0	0	0	0	0	0	0	0		0
Courtland Sutton	WR	3	0	0	0	0	0	37	0	2	0	0	0	0	0	0		0
Kerryon Johnson	RB	3	0	0	0	101	0	9	0	2	0	0	0	0	0	0		0
Dallas Goedert	TE	3	0	0	0	0	0	73	1	7	0	0	0	0	0	0		0
Anthony Miller	WR	3	0	0	0	0	0	35	0	4	0	0	0	0	0	0		0
Jordan Akins	TE	3	0	0	0	0	0	18	0	1	0	0	0	0	0	0		0
Ian Thomas	TE	3	0	0	0	0	0	20	0	3	0	0	0	0	0	0		0
Nyheim Hines	RB	3	0	0	0	18	0	25	0	5	0	0	0	0	0	0		0
DaeSean Hamilton	WR	3	0	0	0	0	0	0	0	0	0	0	0	0	0	0		0
Ito Smith	RB	3	0	0	0	-6	0	41	0	3	0	0	0	0	0	0		0
Jordan Wilkins	RB	3	0	0	0	19	0	1	0	2	0	0	0	0	0	0		0
Ray-Ray McCloud	WR	3	0	0	0	0	0	6	0	1	0	0	0	0	0	0		0
Buddy Howell	RB	3	0	0	0	0	0	0	0	0	0	0	0	0	0	0		0
Greg Joseph	PK	3	0	0	0	0	0	0	0	0	0	0	0	0	0	0	45;27	1
Josh Adams	RB	3	0	0	0	30	0	0	0	0	0	0	0	0	0	0		0
Robert Foster	WR	3	0	0	0	0	0	0	0	0	0	0	0	0	0	0		0
J.J. Jones	WR	3	0	0	0	0	0	0	0	0	0	0	0	0	0	0		0
Shaun Wilson	RB	3	0	0	0	0	0	9	0	2	0	0	0	0	0	0		0
Vyncint Smith	WR	3	0	0	0	0	0	28	0	1	0	0	0	0	0	0		0
James Washington	WR	3	0	0	0	0	0	25	0	2	0	0	0	0	0	0		0
Chase Edmonds	RB	3	0	0	0	10	0	0	0	0	0	0	0	0	0	0		0
Rashaad Penny	RB	3	0	0	0	5	0	0	0	0	0	0	0	0	0	0		0
Mark Andrews	TE	3	0	0	0	0	0	59	0	2	0	0	0	0	0	0		0
Michael Gallup	WR	3	0	0	0	0	0	17	0	1	0	0	0	0	0	0		0
Chris Herndon	TE	3	0	0	0	0	0	-1	0	2	0	0	0	0	0	0		0
Antonio Callaway	WR	3	0	0	0	0	0	20	0	4	0	0	0	0	0	0		0
Christian Kirk	WR	3	0	0	0	0	0	90	0	7	0	0	0	0	0	0		0
DJ Chark	WR	3	0	0	0	0	0	0	0	0	0	0	0	0	0	0		0
Nick Chubb	RB	3	0	0	0	6	0	0	0	0	0	0	0	0	0	0		0
Jason Sanders	PK	3	0	0	0	0	0	0	0	0	0	0	0	0	0	0		4
Lamar Jackson	QB	3	0	0	0	0	0	0	0	0	0	0	0	0	0	0		0
DJ Moore	WR	3	0	0	0	0	0	3	0	1	0	0	0	0	0	0		0
Mike Gesicki	TE	3	0	0	0	0	0	31	0	3	0	0	0	0	0	0		0
Calvin Ridley	WR	3	0	0	0	9	0	146	3	7	0	0	0	0	0	0		0
Royce Freeman	RB	3	0	0	0	53	1	5	0	1	0	0	0	0	0	0		0
Saquon Barkley	RB	3	0	0	0	82	1	35	0	5	0	0	0	0	0	0		0
Sony Michel	RB	3	0	0	0	50	0	-1	0	1	0	0	0	0	0	0		0
KhaDarel Hodge	WR	3	0	0	0	0	0	0	0	0	0	0	0	0	0	0		0
Baker Mayfield	QB	3	201	0	0	-2	0	0	0	0	0	0	0	0	0	1		0
Josh Allen	QB	3	196	1	0	39	2	0	0	0	0	0	0	0	0	0		0
Dante Pettis	WR	3	0	0	0	0	0	0	0	0	0	0	0	0	0	0		0
Sam Darnold	QB	3	169	0	2	0	0	0	0	0	0	0	0	0	0	0		0
Phil Dawson	PK	4	0	0	0	0	0	0	0	0	0	0	0	0	0	0	23	2
Adam Vinatieri	PK	4	0	0	0	0	0	0	0	0	0	0	0	0	0	0	42;44	2
Tom Brady	QB	4	274	3	2	0	0	0	0	0	0	0	0	0	0	0		0
Sebastian Janikowski	PK	4	0	0	0	0	0	0	0	0	0	0	0	0	0	0	40;52	2
Drew Brees	QB	4	217	0	0	-1	0	0	0	0	0	0	0	0	0	0		0
Matt Bryant	PK	4	0	0	0	0	0	0	0	0	0	0	0	0	0	0	55;28;32	3
Antonio Gates	TE	4	0	0	0	0	0	27	1	2	0	0	0	0	0	0		0
Eli Manning	QB	4	255	1	0	5	0	0	0	0	1	0	0	1	0	0		0
Larry Fitzgerald	WR	4	0	0	0	0	0	28	0	3	0	0	0	0	0	0		0
Ben Roethlisberger	QB	4	274	1	1	-1	0	0	0	0	0	0	0	1	0	0		0
Philip Rivers	QB	4	250	3	1	-3	0	0	0	0	0	0	0	1	0	0		0
Benjamin Watson	TE	4	0	0	0	0	0	23	0	1	0	0	0	0	0	0		0
Robbie Gould	PK	4	0	0	0	0	0	0	0	0	0	0	0	0	0	0	21;33	3
Aaron Rodgers	QB	4	298	1	1	31	0	0	0	0	1	0	0	0	0	0		0
Frank Gore	RB	4	0	0	0	41	0	16	1	2	0	0	0	0	0	0		0
Ryan Fitzpatrick	QB	4	126	0	1	0	0	0	0	0	0	0	0	0	0	0		0
Matt Prater	PK	4	0	0	0	0	0	0	0	0	0	0	0	0	0	0	33	3
Stephen Gostkowski	PK	4	0	0	0	0	0	0	0	0	0	0	0	0	0	0	20	5
Brandon Marshall	WR	4	0	0	0	0	0	5	0	1	0	0	0	0	0	0		0
Ted Ginn	WR	4	0	0	0	1	0	0	0	0	0	0	0	0	0	0		0
Marshawn Lynch	RB	4	0	0	0	130	0	27	0	3	0	0	0	0	0	0		0
Mason Crosby	PK	4	0	0	0	0	0	0	0	0	0	0	0	0	0	0	52;36;52	1
Steven Hauschka	PK	4	0	0	0	0	0	0	0	0	0	0	0	0	0	0		0
Danny Amendola	WR	4	0	0	0	0	0	21	0	2	0	0	0	0	0	0		0
Matt Ryan	QB	4	419	3	0	5	0	0	0	0	0	0	0	0	0	0		0
Joe Flacco	QB	4	363	2	0	-3	0	0	0	0	0	0	0	0	0	0		0
Jordy Nelson	WR	4	0	0	0	0	0	48	1	5	0	0	0	0	0	1		0
DeSean Jackson	WR	4	0	0	0	0	0	112	0	5	0	0	0	0	0	0		0
Pierre Garcon	WR	4	0	0	0	0	0	52	0	4	0	0	0	0	0	0		0
Matthew Stafford	QB	4	307	2	0	5	0	0	0	0	0	0	0	0	0	0		0
Chase Daniel	QB	4	0	0	0	-2	0	0	0	0	0	0	0	0	0	0		0
Brian Hoyer	QB	4	0	0	0	-3	0	0	0	0	0	0	0	0	0	0		0
Ryan Succop	PK	4	0	0	0	0	0	0	0	0	0	0	0	0	0	0	42;33	2
Michael Crabtree	WR	4	0	0	0	0	0	29	0	3	0	0	0	0	0	0		0
LeSean McCoy	RB	4	0	0	0	24	0	13	0	3	0	0	0	0	0	0		0
Brandon Tate	WR	4	0	0	0	0	0	0	0	0	0	0	0	0	0	0		0
Jared Cook	TE	4	0	0	0	0	0	110	2	8	0	0	0	0	0	0		0
Logan Paulsen	TE	4	0	0	0	0	0	17	1	1	0	0	0	0	0	0		0
LeGarrette Blount	RB	4	0	0	0	12	0	0	0	0	0	0	0	0	0	0		0
Chris Ivory	RB	4	0	0	0	15	0	0	0	0	0	0	0	0	0	0		0
Rob Gronkowski	TE	4	0	0	0	0	0	44	0	4	0	0	0	0	0	0		0
Emmanuel Sanders	WR	4	0	0	0	18	0	45	0	5	0	0	0	0	0	0		0
Andre Roberts	WR	4	0	0	0	0	0	0	0	0	0	0	0	0	0	0		0
Jimmy Graham	TE	4	0	0	0	0	0	21	1	3	0	0	0	0	0	0		0
Antonio Brown	WR	4	0	0	0	0	0	62	1	5	0	0	0	0	0	0		0
Demaryius Thomas	WR	4	0	0	0	0	0	24	0	4	0	0	0	0	0	0		0
Golden Tate	WR	4	0	0	0	0	0	132	2	8	0	0	0	0	0	0		0
A.J. Green	WR	4	0	0	0	0	0	78	1	4	0	0	0	0	0	0		0
Julio Jones	WR	4	0	0	0	0	0	173	0	9	0	0	0	0	0	0		0
Andy Dalton	QB	4	337	3	1	13	0	0	0	0	0	0	0	0	0	0		0
Kyle Rudolph	TE	4	0	0	0	0	0	57	0	5	0	0	0	0	0	0		0
Lance Kendricks	TE	4	0	0	0	0	0	5	0	1	0	0	0	0	0	0		0
Taiwan Jones	RB	4	0	0	0	0	0	0	0	0	0	0	0	0	0	0		0
Bilal Powell	RB	4	0	0	0	26	0	26	0	4	0	0	0	0	0	0		0
Jacquizz Rodgers	RB	4	0	0	0	0	0	0	0	0	0	0	0	0	0	0		0
Dion Lewis	RB	4	0	0	0	0	0	66	0	9	0	0	0	0	0	0		0
Niles Paul	TE	4	0	0	0	0	0	11	0	2	0	0	0	0	0	0		0
Lee Smith	TE	4	0	0	0	0	0	23	0	3	0	0	0	0	0	0		0
Charles Clay	TE	4	0	0	0	0	0	40	0	4	0	0	0	0	0	0		0
Dwayne Harris	WR	4	0	0	0	-1	0	0	0	0	0	0	0	0	0	0		0
Aldrick Robinson	WR	4	0	0	0	0	0	33	2	2	0	0	0	0	0	0		0
Virgil Green	TE	4	0	0	0	0	0	9	0	2	0	0	0	0	0	0		0
Chris Hogan	WR	4	0	0	0	0	0	25	0	1	0	0	0	0	0	0		0
Andre Holmes	WR	4	0	0	0	0	0	8	0	2	0	0	0	0	0	0		0
Doug Baldwin	WR	4	0	0	0	0	0	41	0	5	0	0	0	0	0	0		0
Kamar Aiken	WR	4	0	0	0	0	0	14	0	1	0	0	0	0	0	0		0
Dan Bailey	PK	4	0	0	0	0	0	0	0	0	0	0	0	0	0	0	37;39;40	2
Terrelle Pryor	WR	4	0	0	0	0	0	0	0	0	0	0	0	0	0	0		0
Garrett Celek	TE	4	0	0	0	0	0	0	0	0	0	0	0	0	0	0		0
Case Keenum	QB	4	245	0	1	0	0	0	0	0	0	0	0	0	0	0		0
Cole Beasley	WR	4	0	0	0	0	0	53	0	4	0	0	0	0	0	0		0
Derek Carrier	TE	4	0	0	0	0	0	0	0	0	0	0	0	0	0	0		0
Alshon Jeffery	WR	4	0	0	0	0	0	105	1	8	0	0	0	0	0	0		0
Alfred Morris	RB	4	0	0	0	14	0	4	0	1	0	0	0	0	0	0		0
Jermaine Kearse	WR	4	0	0	0	0	0	23	0	2	0	0	0	0	0	0		0
Russell Wilson	QB	4	172	0	0	21	0	0	0	0	0	0	0	0	0	0		0
Travis Benjamin	WR	4	0	0	0	0	0	2	0	1	0	0	0	0	0	0		0
Marvin Jones	WR	4	0	0	0	0	0	56	0	3	0	0	0	0	0	0		0
Josh Bellamy	WR	4	0	0	0	0	0	20	1	1	0	0	0	0	0	0		0
Deonte Thompson	WR	4	0	0	0	0	0	0	0	0	0	0	0	0	0	0		0
Orson Charles	TE	4	0	0	0	0	0	0	0	0	0	0	0	0	0	0		0
Randy Bullock	PK	4	0	0	0	0	0	0	0	0	0	0	0	0	0	0	36	4
Rhett Ellison	TE	4	0	0	0	0	0	29	0	3	0	0	0	0	0	0		0
Justin Tucker	PK	4	0	0	0	0	0	0	0	0	0	0	0	0	0	0	47;49;28;31	2
Kirk Cousins	QB	4	422	3	0	28	0	0	0	0	1	0	0	1	0	0		0
T.Y. Hilton	WR	4	0	0	0	0	0	115	0	4	0	0	0	0	0	0		0
Doug Martin	RB	4	0	0	0	11	0	0	0	0	0	0	0	0	0	0		0
Lamar Miller	RB	4	0	0	0	49	0	0	0	0	0	0	0	0	0	0		0
Mohamed Sanu	WR	4	0	0	0	0	0	111	0	6	0	0	0	0	0	0		0
Josh Gordon	WR	4	0	0	0	0	0	32	0	2	0	0	0	0	0	0		0
Andrew Luck	QB	4	464	4	0	11	0	0	0	0	1	0	0	1	0	0		0
Brock Osweiler	QB	4	35	1	0	7	0	0	0	0	0	0	0	0	0	0		0
Dwayne Allen	TE	4	0	0	0	0	0	-4	0	1	0	0	0	0	0	0		0
Ryan Tannehill	QB	4	100	0	1	0	0	0	0	0	0	1	0	0	0	0		0
Darren Fells	TE	4	0	0	0	0	0	49	1	1	0	0	0	0	0	0		0
Benny Cunningham	RB	4	0	0	0	0	0	0	0	0	0	0	0	0	0	0		0
Brandon McManus	PK	4	0	0	0	0	0	0	0	0	0	0	0	0	0	0	42;34;46	2
Nick Williams	WR	4	0	0	0	0	0	0	0	0	0	0	0	0	0	0		0
Adam Thielen	WR	4	0	0	0	0	0	135	1	8	0	0	0	0	0	0		0
Zach Ertz	TE	4	0	0	0	0	0	112	0	10	0	0	0	0	0	0		0
Marquise Goodwin	WR	4	0	0	0	4	0	24	0	2	0	0	0	0	0	0		0
Kenny Stills	WR	4	0	0	0	0	0	40	0	3	0	0	0	0	0	0		0
Luke Willson	TE	4	0	0	0	0	0	6	0	1	0	0	0	0	0	0		0
Theo Riddick	RB	4	0	0	0	7	0	20	0	4	0	0	0	0	0	0		0
Ryan Griffin	TE	4	0	0	0	0	0	12	0	1	0	0	0	0	0	0		0
Russell Shepard	WR	4	0	0	0	0	0	9	0	1	0	0	0	0	0	0		0
Demetrius Harris	TE	4	0	0	0	0	0	59	0	2	0	0	0	0	0	0		0
Josh Hill	TE	4	0	0	0	0	0	63	0	3	0	0	0	0	0	0		0
Keenan Allen	WR	4	0	0	0	0	0	63	0	7	0	0	0	0	0	0		0
Brett Maher	PK	4	0	0	0	0	0	0	0	0	0	0	0	0	0	0	32;43;22;38	2
Caleb Sturgis	PK	4	0	0	0	0	0	0	0	0	0	0	0	0	0	0	48;25;21	0
Spencer Ware	RB	4	0	0	0	6	0	0	0	0	0	0	0	0	0	0		0
Robert Woods	WR	4	0	0	0	0	0	101	1	5	0	0	0	0	0	0		0
Mike Gillislee	RB	4	0	0	0	6	0	9	0	1	0	0	0	0	0	0		0
Levine Toilolo	TE	4	0	0	0	0	0	12	0	2	0	0	0	0	0	0		0
Giovani Bernard	RB	4	0	0	0	69	2	27	0	4	0	0	0	0	0	0		0
Kenjon Barner	RB	4	0	0	0	11	0	0	0	0	0	0	0	0	0	0		0
Vance McDonald	TE	4	0	0	0	0	0	62	0	5	0	0	1	0	0	0		0
Travis Kelce	TE	4	0	0	0	0	0	78	1	7	0	0	0	0	0	0		0
Latavius Murray	RB	4	0	0	0	2	0	16	0	2	0	0	0	0	0	1		0
Tavon Austin	WR	4	0	0	0	7	0	0	0	0	0	0	0	0	0	0		0
Tyler Eifert	TE	4	0	0	0	0	0	38	1	4	0	0	0	0	0	0		0
DeAndre Hopkins	WR	4	0	0	0	0	0	169	1	10	0	0	0	0	0	0		0
Cordarrelle Patterson	RB	4	0	0	0	11	0	54	1	3	0	0	0	0	0	0		0
Isaiah Crowell	RB	4	0	0	0	0	0	3	0	1	0	0	0	0	0	0		0
Willie Snead	WR	4	0	0	0	0	0	56	0	6	0	0	0	0	0	0		0
Albert Wilson	WR	4	0	0	0	2	0	19	0	4	0	0	0	0	0	0		0
Trey Burton	TE	4	0	0	0	0	0	86	1	2	0	0	0	0	0	0		0
Allen Hurns	WR	4	0	0	0	0	0	30	0	3	0	0	0	0	0	0		0
Cody Parkey	PK	4	0	0	0	0	0	0	0	0	0	0	0	0	0	0	50;46	6
Chandler Catanzaro	PK	4	0	0	0	0	0	0	0	0	0	0	0	0	0	0	30	1
Quincy Enunwa	WR	4	0	0	0	0	0	66	0	4	0	0	0	0	0	0		0
Carlos Hyde	RB	4	0	0	0	82	1	0	0	0	0	0	0	0	0	0		0
John Brown	WR	4	0	0	0	3	0	116	1	3	0	0	0	0	0	0		0
De'Anthony Thomas	WR	4	0	0	0	6	0	15	0	1	0	0	0	0	0	0		0
James White	RB	4	0	0	0	44	1	68	1	8	0	0	0	0	0	0		0
Ryan Grant	WR	4	0	0	0	0	0	64	0	5	0	0	0	0	0	0		0
Alfred Blue	RB	4	0	0	0	31	0	0	0	0	0	0	0	0	0	0		0
Chris Boswell	PK	4	0	0	0	0	0	0	0	0	0	0	0	0	0	0	34;39	0
Seth Roberts	WR	4	0	0	0	0	0	12	0	2	0	0	0	0	0	0		0
Scott Simonson	TE	4	0	0	0	0	0	7	0	1	0	0	0	0	0	0		0
Senorise Perry	RB	4	0	0	0	0	0	0	0	0	0	0	0	0	0	0		0
Taylor Gabriel	WR	4	0	0	0	10	0	104	2	7	0	0	0	0	0	0		0
Odell Beckham Jr.	WR	4	0	0	0	10	0	60	0	7	0	0	0	0	0	0		0
Brandin Cooks	WR	4	0	0	0	10	0	116	1	7	0	0	0	0	0	0		0
Cameron Brate	TE	4	0	0	0	0	0	29	1	3	0	0	0	0	0	0		0
Derek Carr	QB	4	437	4	2	1	0	0	0	0	0	0	0	1	0	0		0
Jordan Matthews	TE	4	0	0	0	0	0	56	1	1	0	0	0	0	0	0		0
Sammy Watkins	WR	4	0	0	0	0	0	0	0	0	0	0	0	0	0	0		0
Donte Moncrief	WR	4	0	0	0	0	0	109	1	5	0	0	0	0	0	0		0
Kelvin Benjamin	WR	4	0	0	0	0	0	34	0	1	0	0	0	0	0	0		0
Martavis Bryant	WR	4	0	0	0	0	0	51	0	3	0	0	0	0	0	0		0
Davante Adams	WR	4	0	0	0	0	0	81	0	8	0	0	0	0	0	0		0
Jarvis Landry	WR	4	0	0	0	0	0	34	1	4	0	0	0	0	0	0		0
Eric Ebron	TE	4	0	0	0	0	0	40	1	5	0	0	0	0	0	0		0
Blake Bortles	QB	4	388	2	1	28	0	0	0	0	0	0	0	0	0	0		0
Mike Evans	WR	4	0	0	0	0	0	59	0	6	0	0	0	0	0	0		0
Austin Seferian-Jenkins	TE	4	0	0	0	0	0	24	0	2	0	0	0	0	0	0		0
Allen Robinson	WR	4	0	0	0	0	0	23	1	2	0	0	0	0	0	0		0
Jason Myers	PK	4	0	0	0	0	0	0	0	0	0	0	0	0	0	0	27;38	0
Jameis Winston	QB	4	145	1	2	7	0	0	0	0	0	0	0	0	0	0		0
Amari Cooper	WR	4	0	0	0	0	0	128	1	8	0	0	0	0	0	0		0
Nelson Agholor	WR	4	0	0	0	0	0	22	0	5	0	0	0	0	0	0		0
Maxx Williams	TE	4	0	0	0	0	0	51	0	5	0	0	0	0	0	0		0
Justin Hardy	WR	4	0	0	0	0	0	4	0	1	0	0	0	0	0	0		0
Javorius Allen	RB	4	0	0	0	30	0	17	0	2	0	0	0	0	0	0		0
Stefon Diggs	WR	4	0	0	0	0	0	123	0	11	0	0	0	0	0	0		0
Jay Ajayi	RB	4	0	0	0	70	0	11	0	3	0	0	0	0	0	0		0
Nick Boyle	TE	4	0	0	0	0	0	36	0	3	0	0	0	0	0	0		0
Eric Tomlinson	TE	4	0	0	0	0	0	0	0	0	0	0	0	0	0	0		0
Corey Grant	RB	4	0	0	0	5	0	12	0	2	0	0	0	0	0	0		0
Matt LaCosse	TE	4	0	0	0	0	0	17	0	1	0	0	0	0	0	0		0
DeAndre Carter	WR	4	0	0	0	0	0	0	0	0	0	0	0	0	0	0		0
Rod Smith	RB	4	0	0	0	22	0	0	0	1	0	0	0	0	0	0		0
Cameron Meredith	WR	4	0	0	0	0	0	32	0	3	0	0	0	0	0	0		0
Khari Lee	TE	4	0	0	0	0	0	5	0	1	0	0	0	0	0	0		0
James O'Shaughnessy	TE	4	0	0	0	0	0	28	0	2	0	0	0	0	0	0		0
Darius Jennings	WR	4	0	0	0	0	0	6	0	1	0	0	0	0	0	0		0
Adam Humphries	WR	4	0	0	0	0	0	36	0	6	0	0	0	0	0	0		0
Tevin Coleman	RB	4	0	0	0	51	0	26	0	3	0	0	0	0	0	0		0
Mike Davis	RB	4	0	0	0	101	2	23	0	4	0	0	0	0	0	0		0
Josh Lambo	PK	4	0	0	0	0	0	0	0	0	0	0	0	0	0	0	32;22;54	2
J.J. Nelson	WR	4	0	0	0	0	0	4	0	1	0	0	0	0	0	0		0
Chris Conley	WR	4	0	0	0	0	0	13	0	4	0	0	0	0	0	0		0
C.J. Uzomah	TE	4	0	0	0	0	0	6	0	1	0	0	0	0	0	0		0
Jesse James	TE	4	0	0	0	0	0	23	0	1	0	0	0	0	0	0		0
Geoff Swaim	TE	4	0	0	0	0	0	39	1	3	0	0	0	0	0	0		0
Melvin Gordon	RB	4	0	0	0	104	0	55	1	7	0	0	0	0	0	1		0
Tyrell Williams	WR	4	0	0	0	0	0	48	0	3	0	0	0	0	0	0		0
Sammie Coates	WR	4	0	0	0	0	0	12	0	1	0	0	0	0	0	0		0
David Johnson	RB	4	0	0	0	71	1	41	0	3	0	1	0	0	0	0		0
Ty Montgomery	WR	4	0	0	0	18	0	56	0	2	0	0	0	0	0	0		0
Phillip Dorsett	WR	4	0	0	0	0	0	55	1	4	0	0	0	0	0	0		0
T.J. Yeldon	RB	4	0	0	0	52	1	48	1	3	0	1	0	0	0	0		0
Tyler Lockett	WR	4	0	0	0	0	0	53	0	5	0	0	0	0	0	0		0
Tyler Kroft	TE	4	0	0	0	0	0	0	0	0	0	0	0	0	0	0		0
Jeff Heuerman	TE	4	0	0	0	0	0	57	0	4	0	0	0	0	0	0		0
Todd Gurley	RB	4	0	0	0	83	0	73	1	4	0	0	0	0	0	0		0
Duke Johnson	RB	4	0	0	0	11	0	45	0	4	0	0	0	0	2	0		0
Marcus Mariota	QB	4	344	2	1	46	1	0	0	0	0	0	0	0	0	0		0
Chester Rogers	WR	4	0	0	0	0	0	85	0	8	0	0	0	0	0	1		0
Sterling Shepard	WR	4	0	0	0	0	0	77	1	10	0	0	0	0	0	1		0
Austin Hooper	TE	4	0	0	0	0	0	19	0	1	0	0	0	0	0	0		0
Nick Vannett	TE	4	0	0	0	0	0	6	0	1	0	0	0	0	0	0		0
Chris Moore	WR	4	0	0	0	3	0	19	0	1	0	0	0	0	0	0		0
Tyler Ervin	RB	4	0	0	0	0	0	0	0	0	0	0	0	0	0	0		0
Alex Collins	RB	4	0	0	0	42	0	3	1	1	0	1	0	0	0	0		0
David Morgan	TE	4	0	0	0	0	0	3	0	1	0	0	0	0	0	0		0
Dwayne Washington	RB	4	0	0	0	2	0	0	0	0	0	0	0	0	0	0		0
Hakeem Valles	TE	4	0	0	0	0	0	6	0	1	0	0	0	0	0	0		0
Alex Erickson	WR	4	0	0	0	8	0	8	0	1	0	0	0	0	0	0		0
Wil Lutz	PK	4	0	0	0	0	0	0	0	0	0	0	0	0	0	0	42;34;37;26	3
Geronimo Allison	WR	4	0	0	0	0	0	80	0	6	0	0	0	0	0	0		0
Ben Braunecker	TE	4	0	0	0	0	0	0	0	0	0	0	0	0	0	0		0
Robbie Chosen	WR	4	0	0	0	0	0	18	0	2	0	0	0	0	0	0		0
Ka'imi Fairbairn	PK	4	0	0	0	0	0	0	0	0	0	0	0	0	0	0	40;29;37	4
Peyton Barber	RB	4	0	0	0	24	0	6	0	1	0	0	0	0	0	0		0
Derrick Henry	RB	4	0	0	0	24	0	7	0	2	0	0	0	0	0	0		0
Michael Thomas	WR	4	0	0	0	0	0	47	0	4	0	0	0	0	0	0		0
Demarcus Robinson	WR	4	0	0	0	0	0	31	0	2	0	0	0	0	0	0		0
Tajae Sharpe	WR	4	0	0	0	0	0	27	1	2	0	0	0	0	0	0		0
Jordan Howard	RB	4	0	0	0	25	0	0	0	0	0	0	0	0	0	0		0
Wendell Smallwood	RB	4	0	0	0	39	0	15	0	3	0	0	0	0	0	0		0
Jakeem Grant	WR	4	0	0	0	0	0	17	0	2	0	0	0	0	0	0		0
Aldrick Rosas	PK	4	0	0	0	0	0	0	0	0	0	0	0	0	0	0	33	1
Carson Wentz	QB	4	348	2	0	8	0	0	0	0	1	0	0	0	0	0		0
Laquon Treadwell	WR	4	0	0	0	0	0	47	0	4	0	0	0	0	0	0		0
Devontae Booker	RB	4	0	0	0	5	0	9	0	1	0	0	0	0	0	0		0
Rashard Higgins	WR	4	0	0	0	0	0	61	0	4	0	0	0	0	0	0		0
Marcus Johnson	WR	4	0	0	0	0	0	24	0	2	0	0	0	0	0	0		0
Jaydon Mickens	WR	4	0	0	0	0	0	0	0	0	0	0	0	0	0	0		0
Tyler Boyd	WR	4	0	0	0	0	0	100	0	11	0	0	0	0	0	0		0
Jalen Richard	RB	4	0	0	0	-2	0	38	0	3	0	0	0	0	0	0		0
Tyreek Hill	WR	4	0	0	0	2	0	54	0	9	0	0	0	0	0	0		0
Ezekiel Elliott	RB	4	0	0	0	152	0	88	1	4	0	0	0	0	0	0		0
Rico Gathers	TE	4	0	0	0	0	0	0	0	0	0	0	0	0	0	0		0
Dak Prescott	QB	4	255	2	0	2	0	0	0	0	0	0	0	0	0	0		0
Marvin Hall	WR	4	0	0	0	0	0	2	0	1	0	0	0	0	0	0		0
Jared Goff	QB	4	465	5	0	7	0	0	0	0	0	0	0	0	0	0		0
Tyler Higbee	TE	4	0	0	0	0	0	0	0	0	0	0	0	0	0	0		0
Kenyan Drake	RB	4	0	0	0	3	0	13	0	1	0	0	0	0	0	0		0
Will Fuller	WR	4	0	0	0	0	0	49	1	4	0	0	0	0	0	0		0
Sam Ficken	PK	4	0	0	0	0	0	0	0	0	0	0	0	0	0	0	34	5
Mo Alie-Cox	TE	4	0	0	0	0	0	17	0	1	0	0	0	0	0	0		0
Zach Pascal	WR	4	0	0	0	0	0	56	1	6	0	0	0	0	0	0		0
George Kittle	TE	4	0	0	0	0	0	125	1	6	0	0	0	0	0	0		0
Trent Taylor	WR	4	0	0	0	0	0	12	0	2	0	0	0	0	0	0		0
Aaron Jones	RB	4	0	0	0	65	1	17	0	1	0	0	0	0	0	0		0
Harrison Butker	PK	4	0	0	0	0	0	0	0	0	0	0	0	0	0	0	33;21	3
Kendrick Bourne	WR	4	0	0	0	0	0	34	1	3	0	0	0	0	0	0		0
Matt Breida	RB	4	0	0	0	39	0	32	0	3	0	0	0	0	0	0		0
Taysom Hill	TE	4	10	0	0	28	0	-4	0	1	0	0	0	0	0	0		0
Patrick Ricard	RB	4	0	0	0	0	0	0	0	0	0	0	0	0	0	0		0
Tim White	WR	4	0	0	0	0	0	14	0	1	0	0	0	0	0	0		0
Antony Auclair	TE	4	0	0	0	0	0	8	0	1	0	0	0	0	0	0		0
John Ross	WR	4	0	0	0	0	0	52	1	2	0	0	0	0	0	0		0
Mike Williams	WR	4	0	0	0	0	0	15	0	1	0	0	0	0	0	0		0
Deshaun Watson	QB	4	375	2	1	41	1	0	0	0	0	0	0	0	0	0		0
James Conner	RB	4	0	0	0	19	0	25	0	3	0	0	0	0	0	1		0
Tarik Cohen	RB	4	0	0	0	53	0	121	1	7	0	0	0	0	0	0		0
Ryan Switzer	WR	4	0	0	0	1	0	32	0	7	0	0	0	0	0	0		0
Jamal Agnew	WR	4	0	0	0	17	0	0	0	0	0	0	0	0	0	0		0
David Moore	WR	4	0	0	0	0	0	39	0	2	0	0	0	0	0	0		0
Ricky Seals-Jones	TE	4	0	0	0	0	0	52	0	2	0	0	0	0	0	0		0
Jason Croom	TE	4	0	0	0	0	0	13	0	1	0	0	0	0	0	0		0
Blake Jarwin	TE	4	0	0	0	0	0	0	0	0	0	0	0	0	0	0		0
Keelan Cole	WR	4	0	0	0	0	0	15	0	2	0	0	0	0	0	0		0
Austin Ekeler	RB	4	0	0	0	25	0	31	1	2	0	0	0	0	0	0		0
Jake Elliott	PK	4	0	0	0	0	0	0	0	0	0	0	0	0	0	0	27;30;37	2
Dede Westbrook	WR	4	0	0	0	11	0	130	0	9	0	0	1	0	0	0		0
Leonard Fournette	RB	4	0	0	0	30	0	5	0	1	0	0	0	0	0	0		0
JuJu Smith-Schuster	WR	4	0	0	0	0	0	60	0	4	0	0	0	0	0	0		0
Jonnu Smith	TE	4	0	0	0	0	0	0	0	0	0	0	0	0	0	0		0
Mitchell Trubisky	QB	4	354	6	0	53	0	0	0	0	0	0	0	0	0	0		0
Corey Davis	WR	4	0	0	0	0	0	161	1	9	0	0	0	0	0	0		0
Patrick Mahomes	QB	4	304	1	0	7	1	0	0	0	0	0	0	0	0	0		0
O.J. Howard	TE	4	0	0	0	0	0	0	0	0	0	0	0	0	0	0		0
David Njoku	TE	4	0	0	0	0	0	52	0	5	0	0	0	0	0	0		0
Zay Jones	WR	4	0	0	0	0	0	38	0	4	0	0	0	0	0	0		0
Dalvin Cook	RB	4	0	0	0	20	0	0	0	0	0	0	0	0	0	0		0
Gerald Everett	TE	4	0	0	0	0	0	13	0	1	0	0	0	0	0	0		0
Alvin Kamara	RB	4	0	0	0	134	3	47	0	5	0	0	0	0	0	0		0
Cooper Kupp	WR	4	0	0	0	0	0	162	2	9	0	0	0	0	0	0		0
Taywan Taylor	WR	4	0	0	0	0	0	77	0	7	0	0	0	0	0	0		0
Chris Godwin Jr.	WR	4	0	0	0	0	0	22	0	2	0	0	0	0	0	0		0
Kareem Hunt	RB	4	0	0	0	121	1	54	0	3	0	0	0	0	0	0		0
Kenny Golladay	WR	4	0	0	0	0	0	74	0	4	0	0	0	0	0	0		0
Chad Williams	WR	4	0	0	0	0	0	22	1	1	0	0	0	0	0	0		0
C.J. Beathard	QB	4	298	2	2	19	0	0	0	0	0	0	0	0	0	0		0
Josh Reynolds	WR	4	0	0	0	0	0	0	0	0	0	0	0	0	0	0		0
Jamaal Williams	RB	4	0	0	0	27	0	0	0	0	0	0	0	0	0	0		0
Wayne Gallman	RB	4	0	0	0	6	0	17	0	3	0	0	1	0	0	0		0
Jordan Leggett	TE	4	0	0	0	0	0	13	1	3	0	0	0	0	0	0		0
Jeremy McNichols	RB	4	0	0	0	4	0	0	0	0	0	0	0	0	0	0		0
Phillip Lindsay	RB	4	0	0	0	69	1	10	0	2	0	0	0	0	0	0		0
Will Dissly	TE	4	0	0	0	0	0	5	0	1	0	0	0	0	0	0		0
De'Lance Turner	RB	4	0	0	0	4	0	10	0	1	0	0	0	0	0	0		0
Mike Boone	RB	4	0	0	0	0	0	1	0	1	0	0	0	0	0	0		0
Roc Thomas	RB	4	0	0	0	4	0	0	0	0	0	0	0	0	0	0		0
Marquez Valdes-Scantling	WR	4	0	0	0	0	0	38	0	1	0	0	0	0	0	0		0
Josh Rosen	QB	4	180	1	0	13	0	0	0	0	0	0	0	0	0	0		0
Courtland Sutton	WR	4	0	0	0	0	0	51	0	3	0	0	0	0	0	0		0
Kerryon Johnson	RB	4	0	0	0	55	1	1	0	1	0	0	0	0	0	0		0
Dallas Goedert	TE	4	0	0	0	0	0	13	0	2	0	0	0	0	0	0		0
Jordan Akins	TE	4	0	0	0	0	0	24	0	2	0	0	0	0	0	0		0
Keke Coutee	WR	4	0	0	0	-2	0	109	0	11	0	0	0	0	0	0		0
Nyheim Hines	RB	4	0	0	0	10	0	63	2	9	0	0	0	0	0	0		0
DaeSean Hamilton	WR	4	0	0	0	0	0	0	0	0	0	0	0	0	0	0		0
Ito Smith	RB	4	0	0	0	35	1	13	0	3	0	0	0	0	0	0		0
Justin Watson	WR	4	0	0	0	0	0	0	0	0	0	0	0	0	0	0		0
Jordan Wilkins	RB	4	0	0	0	16	0	0	0	0	0	0	0	0	0	0		0
Ray-Ray McCloud	WR	4	0	0	0	0	0	0	0	0	0	0	0	0	0	0		0
Javon Wims	WR	4	0	0	0	0	0	0	0	0	0	0	0	0	0	0		0
Greg Joseph	PK	4	0	0	0	0	0	0	0	0	0	0	0	0	0	0	25;28	2
Matt McCrane	PK	4	0	0	0	0	0	0	0	0	0	0	0	0	0	0	29;44;29	4
Jawill Davis	WR	4	0	0	0	0	0	0	0	0	0	0	0	0	0	0		0
Robert Foster	WR	4	0	0	0	0	0	0	0	0	0	0	0	0	0	0		0
James Washington	WR	4	0	0	0	0	0	10	0	2	0	0	0	0	0	0		0
Mark Walton	RB	4	0	0	0	9	0	28	0	2	0	0	0	0	0	0		0
Chase Edmonds	RB	4	0	0	0	1	0	0	0	0	0	0	0	0	0	0		0
Rashaad Penny	RB	4	0	0	0	49	0	0	0	0	0	0	0	0	0	0		0
Mark Andrews	TE	4	0	0	0	0	0	12	0	2	0	0	0	0	0	0		0
Michael Gallup	WR	4	0	0	0	0	0	45	0	2	0	0	0	0	0	0		0
Tre'Quan Smith	WR	4	0	0	0	0	0	0	0	0	0	0	0	0	0	0		0
Chris Herndon	TE	4	0	0	0	0	0	18	0	1	0	0	0	0	0	0		0
Antonio Callaway	WR	4	0	0	0	0	0	54	0	3	0	0	0	0	0	0		0
Christian Kirk	WR	4	0	0	0	7	0	28	0	4	0	0	0	0	0	0		0
DJ Chark	WR	4	0	0	0	0	0	6	0	1	0	0	0	0	0	0		0
Nick Chubb	RB	4	0	0	0	105	2	0	0	0	0	0	0	0	0	0		0
Jason Sanders	PK	4	0	0	0	0	0	0	0	0	0	0	0	0	0	0		1
Lamar Jackson	QB	4	0	0	0	17	0	0	0	0	0	0	0	0	0	0		0
Durham Smythe	TE	4	0	0	0	0	0	0	0	0	0	0	0	0	0	0		0
Kalen Ballage	RB	4	0	0	0	3	0	0	0	0	0	0	0	0	0	0		0
Ronald Jones	RB	4	0	0	0	29	0	-1	0	1	0	0	0	0	0	0		0
Mike Gesicki	TE	4	0	0	0	0	0	9	0	1	0	0	0	0	0	0		0
Calvin Ridley	WR	4	0	0	0	1	0	54	2	4	0	0	0	0	0	0		0
Royce Freeman	RB	4	0	0	0	67	1	0	0	0	0	0	0	0	0	0		0
Saquon Barkley	RB	4	0	0	0	44	1	56	0	6	0	0	0	0	0	0		0
Sony Michel	RB	4	0	0	0	112	1	0	0	0	0	0	0	0	0	0		0
Baker Mayfield	QB	4	295	2	2	10	0	0	0	0	1	1	0	0	0	0		0
Josh Allen	QB	4	151	0	2	19	0	0	0	0	0	1	0	0	0	0		0
Dante Pettis	WR	4	0	0	0	0	0	0	0	0	0	0	0	0	0	0		0
Sam Darnold	QB	4	167	1	0	8	0	0	0	0	0	0	0	0	0	0		0
Phil Dawson	PK	5	0	0	0	0	0	0	0	0	0	0	0	0	0	0		4
Adam Vinatieri	PK	5	0	0	0	0	0	0	0	0	0	0	0	0	0	0	54	3
Tom Brady	QB	5	341	3	2	-1	1	0	0	0	0	0	0	0	0	0		0
Sebastian Janikowski	PK	5	0	0	0	0	0	0	0	0	0	0	0	0	0	0	52	4
Drew Brees	QB	5	363	3	0	1	0	1	0	1	0	0	0	0	0	0		0
Matt Bryant	PK	5	0	0	0	0	0	0	0	0	0	0	0	0	0	0	47	2
Antonio Gates	TE	5	0	0	0	0	0	19	0	2	0	0	0	0	0	0		0
Matt Schaub	QB	5	20	0	0	0	0	-7	0	1	0	0	0	0	0	0		0
Eli Manning	QB	5	326	2	2	2	0	0	0	0	0	0	0	1	0	0		0
Larry Fitzgerald	WR	5	0	0	0	0	0	35	0	2	0	0	0	0	0	0		0
Ben Roethlisberger	QB	5	250	3	1	16	0	0	0	0	0	0	0	0	0	0		0
Philip Rivers	QB	5	339	2	0	-2	0	0	0	0	0	0	0	0	0	0		0
Benjamin Watson	TE	5	0	0	0	0	0	30	0	4	0	0	0	0	0	0		0
Robbie Gould	PK	5	0	0	0	0	0	0	0	0	0	0	0	0	0	0		0
Alex Smith	QB	5	275	0	1	7	1	0	0	0	1	0	0	0	0	0		0
Aaron Rodgers	QB	5	442	3	0	10	0	0	0	0	2	0	0	1	0	0		0
Frank Gore	RB	5	0	0	0	63	0	0	0	0	0	0	0	0	0	0		0
Matt Prater	PK	5	0	0	0	0	0	0	0	0	0	0	0	0	0	0	39	4
Vernon Davis	TE	5	0	0	0	0	0	15	0	2	0	0	0	0	0	0		0
Stephen Gostkowski	PK	5	0	0	0	0	0	0	0	0	0	0	0	0	0	0	45	5
Brandon Marshall	WR	5	0	0	0	0	0	0	0	0	0	0	0	0	0	0		0
Adrian Peterson	RB	5	0	0	0	6	0	36	0	2	0	0	0	0	0	0		0
Marshawn Lynch	RB	5	0	0	0	31	0	10	0	2	0	0	0	0	0	0		0
Mason Crosby	PK	5	0	0	0	0	0	0	0	0	0	0	0	0	0	0	41	0
Steven Hauschka	PK	5	0	0	0	0	0	0	0	0	0	0	0	0	0	0	40;46	1
Danny Amendola	WR	5	0	0	0	0	0	30	0	3	0	0	0	0	0	0		0
Matt Ryan	QB	5	285	1	0	10	0	0	0	0	1	0	0	0	0	0		0
Joe Flacco	QB	5	298	0	1	13	0	0	0	0	0	0	0	0	0	0		0
Jordy Nelson	WR	5	0	0	0	0	0	43	1	4	0	0	0	0	0	0		0
Matthew Slater	WR	5	0	0	0	0	0	0	0	0	0	0	0	0	0	0		0
Pierre Garcon	WR	5	0	0	0	0	0	47	0	5	0	0	0	0	0	0		0
Matthew Stafford	QB	5	183	2	0	-1	0	0	0	0	0	0	0	0	0	0		0
Graham Gano	PK	5	0	0	0	0	0	0	0	0	0	0	0	0	0	0	47;47;39;63	3
Ryan Succop	PK	5	0	0	0	0	0	0	0	0	0	0	0	0	0	0	25;54;39;50	0
Michael Crabtree	WR	5	0	0	0	0	0	66	0	6	0	0	0	0	0	0		0
LeSean McCoy	RB	5	0	0	0	85	0	23	0	2	0	0	0	0	0	0		0
Jared Cook	TE	5	0	0	0	0	0	20	0	4	0	0	0	0	0	0		0
Julian Edelman	WR	5	0	0	0	0	0	57	0	7	0	0	0	0	0	0		0
LeGarrette Blount	RB	5	0	0	0	22	2	0	0	0	0	0	0	0	0	0		0
Chris Ivory	RB	5	0	0	0	43	0	0	0	0	0	0	0	0	0	0		0
Rob Gronkowski	TE	5	0	0	0	0	0	75	0	6	0	0	0	0	0	0		0
Emmanuel Sanders	WR	5	0	0	0	0	0	72	0	9	0	0	0	0	0	0		0
Andre Roberts	WR	5	0	0	0	0	0	4	0	1	0	0	0	0	0	0		0
Jimmy Graham	TE	5	0	0	0	0	0	76	0	6	0	0	0	0	0	0		0
Antonio Brown	WR	5	0	0	0	0	0	101	2	6	0	0	0	0	0	0		0
Joe Webb	QB	5	0	0	0	0	0	0	0	0	0	0	0	0	0	0		0
Jermaine Gresham	TE	5	0	0	0	0	0	11	0	1	0	0	0	0	0	0		0
Demaryius Thomas	WR	5	0	0	0	0	0	105	1	5	0	0	0	0	0	0		0
Golden Tate	WR	5	0	0	0	0	0	42	0	5	0	0	0	0	0	0		0
Cam Newton	QB	5	237	2	2	29	0	0	0	0	0	0	0	0	0	0		0
A.J. Green	WR	5	0	0	0	0	0	112	0	6	0	0	0	0	0	0		0
Julio Jones	WR	5	0	0	0	0	0	62	0	5	0	0	0	0	0	0		0
Mark Ingram	RB	5	0	0	0	53	2	20	0	2	0	0	0	0	0	0		0
Andy Dalton	QB	5	248	1	1	10	0	0	0	0	0	0	0	0	0	0		0
Kyle Rudolph	TE	5	0	0	0	0	0	41	0	5	0	0	0	0	0	0		0
Lance Kendricks	TE	5	0	0	0	0	0	8	1	2	0	0	0	0	0	0		0
Torrey Smith	WR	5	0	0	0	0	0	0	0	0	0	0	0	0	0	0		0
Stevan Ridley	RB	5	0	0	0	8	0	0	0	0	0	0	0	0	0	0		0
Luke Stocker	TE	5	0	0	0	0	0	0	0	0	0	0	0	0	0	0		0
Taiwan Jones	RB	5	0	0	0	0	0	0	0	0	0	0	0	0	0	0		0
Bilal Powell	RB	5	0	0	0	99	0	0	0	0	0	1	0	0	0	0		0
Dion Lewis	RB	5	0	0	0	34	0	14	0	3	0	1	0	0	0	0		0
Niles Paul	TE	5	0	0	0	0	0	65	0	7	0	0	0	0	0	0		0
Charles Clay	TE	5	0	0	0	0	0	12	0	1	0	0	0	0	0	0		0
Dwayne Harris	WR	5	0	0	0	0	0	0	0	0	0	0	0	0	0	0		0
Aldrick Robinson	WR	5	0	0	0	0	0	0	0	0	0	0	0	0	0	0		0
Virgil Green	TE	5	0	0	0	0	0	13	1	1	0	0	0	0	0	0		0
Chris Hogan	WR	5	0	0	0	0	0	34	0	3	0	0	0	0	0	0		0
Andre Holmes	WR	5	0	0	0	0	0	0	0	0	0	0	0	0	0	0		0
Doug Baldwin	WR	5	0	0	0	0	0	1	0	1	0	0	0	0	0	0		0
Dan Bailey	PK	5	0	0	0	0	0	0	0	0	0	0	0	0	0	0	37;22;52	2
Terrelle Pryor	WR	5	0	0	0	0	0	20	1	1	0	0	0	0	0	0		0
Garrett Celek	TE	5	0	0	0	0	0	0	0	0	0	0	0	0	0	0		0
Case Keenum	QB	5	377	2	1	0	0	0	0	0	0	0	0	0	0	0		0
Cole Beasley	WR	5	0	0	0	0	0	8	0	1	0	0	0	0	0	0		0
Derek Carrier	TE	5	0	0	0	0	0	0	0	0	0	0	0	0	0	0		0
Rod Streater	WR	5	0	0	0	-11	0	0	0	0	0	0	0	0	0	0		0
Alshon Jeffery	WR	5	0	0	0	0	0	39	0	2	0	0	0	0	0	0		0
Alfred Morris	RB	5	0	0	0	61	0	30	0	3	0	0	0	0	0	0		0
Jermaine Kearse	WR	5	0	0	0	0	0	14	0	1	0	0	0	0	0	0		0
Brandon Bolden	RB	5	0	0	0	0	0	0	0	0	0	0	0	0	0	0		0
Russell Wilson	QB	5	198	3	0	0	0	0	0	0	0	0	0	0	0	0		0
Robert Turbin	RB	5	0	0	0	0	0	0	0	0	0	0	0	0	0	0		0
Marvin Jones	WR	5	0	0	0	0	0	8	1	1	0	0	0	0	0	0		0
Deonte Thompson	WR	5	0	0	0	0	0	19	0	2	0	0	0	0	0	0		0
Randy Bullock	PK	5	0	0	0	0	0	0	0	0	0	0	0	0	0	0	51;20	3
Jamize Olawale	RB	5	0	0	0	0	0	0	0	0	0	0	0	0	0	0		0
Jarius Wright	WR	5	0	0	0	0	0	25	0	3	0	0	0	0	0	0		0
Rhett Ellison	TE	5	0	0	0	0	0	17	0	2	0	0	0	0	0	1		0
Justin Tucker	PK	5	0	0	0	0	0	0	0	0	0	0	0	0	0	0	44;25;32	0
Kirk Cousins	QB	5	301	1	0	1	0	0	0	0	0	1	0	0	0	0		0
Doug Martin	RB	5	0	0	0	1	0	0	0	0	0	0	0	0	0	0		0
Mohamed Sanu	WR	5	0	0	0	0	0	73	1	4	0	0	0	0	0	0		0
Brian Quick	WR	5	0	0	0	0	0	6	0	1	0	0	0	0	0	0		0
Josh Gordon	WR	5	0	0	0	0	0	50	1	2	0	0	0	0	0	0		0
Andrew Luck	QB	5	365	3	2	0	0	0	0	0	0	0	0	0	0	0		0
Ryan Tannehill	QB	5	185	1	2	17	0	0	0	0	1	0	0	0	0	0		0
Darren Fells	TE	5	0	0	0	0	0	8	0	1	0	0	0	0	0	0		0
Brandon McManus	PK	5	0	0	0	0	0	0	0	0	0	0	0	0	0	0	30	1
Nick Williams	WR	5	0	0	0	0	0	0	0	0	0	0	0	0	0	0		0
C.J. Anderson	RB	5	0	0	0	9	0	0	0	0	0	0	0	0	0	0		0
Adam Thielen	WR	5	0	0	0	0	0	116	1	7	0	0	0	0	0	0		0
Zach Ertz	TE	5	0	0	0	0	0	110	1	10	0	0	0	0	0	0		0
Kenny Stills	WR	5	0	0	0	0	0	17	0	2	0	0	0	0	0	0		0
Dustin Hopkins	PK	5	0	0	0	0	0	0	0	0	0	0	0	0	0	0	37;53	1
Theo Riddick	RB	5	0	0	0	3	0	20	0	2	0	0	0	0	0	0		0
Ryan Griffin	TE	5	0	0	0	0	0	65	0	6	0	0	0	0	0	0		0
Russell Shepard	WR	5	0	0	0	0	0	52	0	3	0	0	0	0	0	0		0
Demetrius Harris	TE	5	0	0	0	0	0	5	0	1	0	0	0	0	0	0		0
Josh Hill	TE	5	0	0	0	0	0	24	1	2	0	0	0	0	0	0		0
Keenan Allen	WR	5	0	0	0	5	0	90	0	8	0	0	0	0	0	0		0
Jaron Brown	WR	5	0	0	0	0	0	0	0	0	0	0	0	0	0	0		0
Brett Maher	PK	5	0	0	0	0	0	0	0	0	0	0	0	0	0	0	27;43;48	1
Caleb Sturgis	PK	5	0	0	0	0	0	0	0	0	0	0	0	0	0	0	49;30	2
Chris Thompson	RB	5	0	0	0	17	0	45	0	6	0	0	0	0	0	0		0
Spencer Ware	RB	5	0	0	0	0	0	13	0	1	0	0	0	0	0	0		0
Robert Woods	WR	5	0	0	0	53	0	92	0	5	0	0	0	0	0	0		0
Levine Toilolo	TE	5	0	0	0	0	0	0	0	0	0	0	0	0	0	0		0
Vance McDonald	TE	5	0	0	0	0	0	6	0	1	0	0	0	0	0	0		0
Jordan Reed	TE	5	0	0	0	0	0	21	0	1	0	0	0	0	0	0		0
Travis Kelce	TE	5	0	0	0	0	0	100	0	5	0	0	0	0	0	0		0
Latavius Murray	RB	5	0	0	0	42	0	14	0	2	0	0	0	0	0	0		0
Tavon Austin	WR	5	0	0	0	0	0	44	0	1	0	0	0	0	0	0		0
DeAndre Hopkins	WR	5	0	0	0	0	0	151	0	9	0	0	1	0	0	0		0
Cordarrelle Patterson	RB	5	0	0	0	0	0	11	1	2	0	0	0	0	0	0		0
Isaiah Crowell	RB	5	0	0	0	219	1	12	0	1	0	0	0	0	0	0		0
Willie Snead	WR	5	0	0	0	0	0	55	0	5	0	0	0	0	0	0		0
Albert Wilson	WR	5	0	0	0	0	0	43	0	5	0	0	0	0	0	0		0
Ryan Hewitt	TE	5	0	0	0	0	0	0	0	0	0	0	0	0	0	0		0
Allen Hurns	WR	5	0	0	0	0	0	3	1	1	0	0	0	0	0	0		0
Erik Swoope	TE	5	0	0	0	0	0	44	1	3	0	0	0	0	0	0		0
Damien Williams	RB	5	0	0	0	0	0	0	0	0	0	0	0	0	0	0		0
Quincy Enunwa	WR	5	0	0	0	0	0	0	0	0	0	0	0	0	0	0		0
Xavier Grimble	TE	5	0	0	0	0	0	9	0	1	0	0	0	0	0	0		0
Carlos Hyde	RB	5	0	0	0	63	0	14	0	2	0	0	0	0	0	0		0
John Brown	WR	5	0	0	0	0	0	58	0	4	0	0	0	0	0	0		0
De'Anthony Thomas	WR	5	0	0	0	0	0	13	0	1	0	0	0	0	0	0		0
James White	RB	5	0	0	0	0	0	77	1	10	0	0	0	0	0	0		0
Ryan Grant	WR	5	0	0	0	0	0	58	0	6	0	0	0	0	0	0		0
Alfred Blue	RB	5	0	0	0	46	0	73	0	8	0	0	0	0	0	0		0
Kapri Bibbs	RB	5	0	0	0	9	1	0	0	0	0	0	0	0	0	0		0
Chris Boswell	PK	5	0	0	0	0	0	0	0	0	0	0	0	0	0	0		5
Seth Roberts	WR	5	0	0	0	0	0	41	0	4	0	0	0	0	0	0		0
Scott Simonson	TE	5	0	0	0	0	0	0	0	0	0	0	0	0	0	0		0
Cairo Santos	PK	5	0	0	0	0	0	0	0	0	0	0	0	0	0	0	19;39	3
Odell Beckham Jr.	WR	5	57	1	0	0	0	131	1	8	0	0	0	0	0	0		0
Teddy Bridgewater	QB	5	0	0	0	-3	0	0	0	0	0	0	0	0	0	0		0
Paul Richardson	WR	5	0	0	0	0	0	50	0	4	0	0	0	0	0	0		0
Derek Carr	QB	5	268	1	1	5	0	0	0	0	0	0	0	0	0	0		0
Devonta Freeman	RB	5	0	0	0	32	0	9	0	2	0	0	0	0	0	0		0
Jordan Matthews	TE	5	0	0	0	0	0	4	0	1	0	0	0	0	0	0		0
Sammy Watkins	WR	5	0	0	0	0	0	78	0	6	0	0	0	0	0	0		0
Donte Moncrief	WR	5	0	0	0	0	0	76	0	6	0	0	0	0	0	0		0
Kelvin Benjamin	WR	5	0	0	0	0	0	11	0	1	0	0	0	0	0	0		0
Martavis Bryant	WR	5	0	0	0	0	0	91	0	3	0	0	1	0	0	0		0
Davante Adams	WR	5	0	0	0	0	0	140	1	9	0	0	0	0	0	0		0
Jarvis Landry	WR	5	0	0	0	0	0	69	0	5	0	0	0	0	0	0		0
Eric Ebron	TE	5	0	0	0	0	0	105	2	9	0	0	0	0	0	0		0
Blake Bortles	QB	5	430	1	4	34	1	0	0	0	1	0	0	0	0	0		0
Austin Seferian-Jenkins	TE	5	0	0	0	0	0	0	0	0	0	0	0	0	0	0		0
Jason Myers	PK	5	0	0	0	0	0	0	0	0	0	0	0	0	0	0	49;30	4
Amari Cooper	WR	5	0	0	0	0	0	10	0	1	0	0	0	0	0	0		0
Nelson Agholor	WR	5	0	0	0	0	0	45	0	4	0	0	0	0	0	0		0
Maxx Williams	TE	5	0	0	0	0	0	8	0	2	0	0	0	0	0	0		0
Justin Hardy	WR	5	0	0	0	0	0	0	0	0	0	0	0	0	0	0		0
Javorius Allen	RB	5	0	0	0	34	0	44	0	6	0	0	1	0	0	0		0
Stefon Diggs	WR	5	0	0	0	25	0	91	0	10	0	0	0	0	0	0		0
Jay Ajayi	RB	5	0	0	0	29	0	5	0	1	0	1	0	0	0	0		0
Nick Boyle	TE	5	0	0	0	0	0	10	0	1	0	0	0	0	0	0		0
Raheem Mostert	RB	5	0	0	0	11	0	-2	0	1	0	1	0	0	0	0		0
Eric Tomlinson	TE	5	0	0	0	0	0	15	0	2	0	0	0	0	0	0		0
Corey Grant	RB	5	0	0	0	8	0	0	0	0	0	0	0	0	0	0		0
Matt LaCosse	TE	5	0	0	0	0	0	19	0	2	0	0	0	0	0	0		0
DeAndre Carter	WR	5	0	0	0	0	0	0	0	0	0	0	0	0	0	0		0
Malcolm Brown	RB	5	0	0	0	0	0	0	0	0	0	0	0	0	0	0		0
Damiere Byrd	WR	5	0	0	0	0	0	0	0	0	0	0	0	0	0	0		0
Rod Smith	RB	5	0	0	0	10	0	0	0	0	0	0	0	0	0	0		0
Cameron Meredith	WR	5	0	0	0	0	0	71	0	5	0	0	1	0	0	0		0
Jamison Crowder	WR	5	0	0	0	0	0	55	0	4	0	0	0	0	0	0		0
James O'Shaughnessy	TE	5	0	0	0	0	0	27	0	3	0	0	0	0	0	0		0
Darius Jennings	WR	5	0	0	0	0	0	6	0	1	0	0	0	0	0	0		0
Devin Funchess	WR	5	0	0	0	0	0	53	0	4	0	0	0	0	0	0		0
Tevin Coleman	RB	5	0	0	0	15	0	15	0	2	0	0	0	0	0	0		0
Mike Davis	RB	5	0	0	0	68	1	7	0	2	0	0	0	0	0	0		0
Josh Lambo	PK	5	0	0	0	0	0	0	0	0	0	0	0	0	0	0		2
Brian Parker	TE	5	0	0	0	0	0	0	0	0	0	0	0	0	0	0		0
Ameer Abdullah	RB	5	0	0	0	0	0	0	0	0	0	0	0	0	0	0		0
Chris Conley	WR	5	0	0	0	0	0	21	0	2	0	0	0	0	0	0		0
C.J. Uzomah	TE	5	0	0	0	0	0	43	0	2	0	0	0	0	0	0		0
Jesse James	TE	5	0	0	0	0	0	20	0	2	0	0	0	0	0	0		0
Geoff Swaim	TE	5	0	0	0	0	0	55	0	3	0	0	0	0	0	0		0
Melvin Gordon	RB	5	0	0	0	58	1	62	0	4	0	0	0	0	0	0		0
Tyrell Williams	WR	5	0	0	0	0	0	66	0	3	0	0	0	0	0	0		0
David Johnson	RB	5	0	0	0	55	2	16	0	2	0	0	0	0	0	0		0
Ty Montgomery	WR	5	0	0	0	15	0	23	0	1	0	0	0	0	0	0		0
Phillip Dorsett	WR	5	0	0	0	0	0	25	0	3	0	0	0	0	0	0		0
T.J. Yeldon	RB	5	0	0	0	53	0	69	1	8	0	0	0	0	0	0		0
Tyler Lockett	WR	5	0	0	0	6	0	98	1	3	0	0	0	0	0	0		0
Tyler Kroft	TE	5	0	0	0	0	0	0	0	0	0	0	0	0	0	0		0
Jeff Heuerman	TE	5	0	0	0	0	0	18	0	2	0	0	0	0	0	0		0
Todd Gurley	RB	5	0	0	0	77	3	36	0	4	0	0	0	0	0	0		0
Duke Johnson	RB	5	0	0	0	35	0	7	0	1	0	0	0	0	0	0		0
Marcus Mariota	QB	5	129	0	1	10	0	0	0	0	0	0	0	0	0	0		0
Chester Rogers	WR	5	0	0	0	0	0	66	0	8	0	0	0	0	0	0		0
Maurice Harris	WR	5	0	0	0	0	0	47	0	3	0	0	0	0	0	0		0
Sterling Shepard	WR	5	0	0	0	0	0	75	0	4	0	0	0	0	0	0		0
Austin Hooper	TE	5	0	0	0	0	0	77	0	9	0	0	0	0	0	0		0
Nick Vannett	TE	5	0	0	0	0	0	43	0	3	0	0	0	0	0	0		0
Chris Moore	WR	5	0	0	0	0	0	20	0	1	0	0	0	0	0	0		0
Tyler Ervin	RB	5	0	0	0	0	0	0	0	0	0	0	0	0	0	0		0
Alex Collins	RB	5	0	0	0	59	0	7	0	1	0	0	0	0	0	0		0
David Morgan	TE	5	0	0	0	0	0	5	0	1	0	0	0	0	0	0		0
Alex Erickson	WR	5	0	0	0	0	0	24	0	3	0	0	0	0	0	0		0
Cole Wick	TE	5	0	0	0	0	0	0	0	0	0	0	0	0	0	0		0
Wil Lutz	PK	5	0	0	0	0	0	0	0	0	0	0	0	0	0	0	44	4
Brandon Wilds	RB	5	0	0	0	6	0	0	0	0	0	0	0	0	0	0		0
Josh Perkins	TE	5	0	0	0	0	0	0	0	0	0	0	0	0	0	0		0
Robbie Chosen	WR	5	0	0	0	0	0	123	2	3	0	0	0	0	0	0		0
Ka'imi Fairbairn	PK	5	0	0	0	0	0	0	0	0	0	0	0	0	0	0	20;21;19;36	1
Derrick Henry	RB	5	0	0	0	56	0	0	0	0	0	0	0	0	0	0		0
Michael Thomas	WR	5	0	0	0	0	0	74	0	4	0	0	0	0	0	0		0
Demarcus Robinson	WR	5	0	0	0	0	0	0	0	0	0	0	0	0	0	0		0
Tajae Sharpe	WR	5	0	0	0	0	0	30	0	3	0	0	0	0	0	0		0
Wendell Smallwood	RB	5	0	0	0	27	0	44	1	3	0	0	0	0	1	0		0
Jakeem Grant	WR	5	0	0	0	0	0	0	0	0	0	0	0	0	0	0		0
Aldrick Rosas	PK	5	0	0	0	0	0	0	0	0	0	0	0	0	0	0	42;53;36	2
Carson Wentz	QB	5	311	2	0	26	0	0	0	0	1	0	0	0	0	0		0
Laquon Treadwell	WR	5	0	0	0	0	0	21	0	3	0	0	0	0	0	0		0
Devontae Booker	RB	5	0	0	0	0	0	59	0	5	0	0	0	0	0	0		0
Rashard Higgins	WR	5	0	0	0	0	0	66	1	3	0	0	0	0	0	0		0
Marcus Johnson	WR	5	0	0	0	0	0	26	0	2	0	0	0	0	0	0		0
Jaydon Mickens	WR	5	0	0	0	0	0	0	0	0	0	0	0	0	0	0		0
Tyler Boyd	WR	5	0	0	0	0	0	44	0	4	0	0	0	0	0	0		0
Jalen Richard	RB	5	0	0	0	4	0	53	0	6	0	0	0	0	0	0		0
Tyreek Hill	WR	5	0	0	0	26	0	61	0	4	0	0	0	0	0	0		0
Ezekiel Elliott	RB	5	0	0	0	54	0	30	0	7	0	0	0	0	0	0		0
Rico Gathers	TE	5	0	0	0	0	0	32	0	1	0	0	0	0	0	0		0
Dak Prescott	QB	5	208	1	2	34	0	0	0	0	0	0	0	0	0	0		0
Seth DeValve	TE	5	0	0	0	0	0	26	0	1	0	0	0	0	0	0		0
Marvin Hall	WR	5	0	0	0	0	0	25	0	2	0	0	0	0	0	0		0
Jared Goff	QB	5	321	1	2	15	0	0	0	0	0	0	0	0	0	0		0
Tyler Higbee	TE	5	0	0	0	0	0	26	0	2	0	0	0	0	0	0		0
Kenyan Drake	RB	5	0	0	0	46	0	69	1	7	0	0	0	0	0	0		0
Will Fuller	WR	5	0	0	0	0	0	15	0	2	0	0	0	0	0	0		0
Zach Pascal	WR	5	0	0	0	0	0	12	0	1	0	0	0	0	0	0		0
Darrell Daniels	TE	5	0	0	0	0	0	0	0	0	0	0	0	0	0	0		0
Christian McCaffrey	RB	5	0	0	0	58	0	35	1	5	0	0	0	0	0	0		0
Curtis Samuel	WR	5	0	0	0	0	0	37	1	2	0	0	0	0	0	0		0
George Kittle	TE	5	0	0	0	0	0	83	0	5	0	0	0	0	0	0		0
Trent Taylor	WR	5	0	0	0	0	0	61	1	7	0	0	0	0	0	0		0
Aaron Jones	RB	5	0	0	0	40	0	19	0	2	0	0	0	0	0	0		0
Alex Armah	RB	5	0	0	0	4	0	0	0	0	0	0	0	0	0	0		0
Harrison Butker	PK	5	0	0	0	0	0	0	0	0	0	0	0	0	0	0	22;42;38	3
Victor Bolden	WR	5	0	0	0	0	0	10	0	1	0	0	0	0	0	0		0
Kendrick Bourne	WR	5	0	0	0	0	0	33	0	4	0	0	0	0	0	0		0
Matt Breida	RB	5	0	0	0	56	0	5	1	1	0	0	0	0	0	0		0
Taysom Hill	TE	5	0	0	0	23	1	0	0	0	0	0	0	0	0	0		0
Ricky Ortiz	RB	5	0	0	0	0	0	0	0	0	0	0	0	0	0	0		0
Tim Patrick	WR	5	0	0	0	0	0	6	0	1	0	0	0	0	0	0		0
Patrick Ricard	RB	5	0	0	0	0	0	0	0	0	0	0	0	0	0	0		0
Tim White	WR	5	0	0	0	0	0	0	0	0	0	0	0	0	0	0		0
Austin Carr	WR	5	0	0	0	0	0	17	0	2	0	0	0	0	0	0		0
Mike Williams	WR	5	0	0	0	3	0	45	0	3	0	0	0	0	0	0		0
Deshaun Watson	QB	5	375	1	1	40	0	0	0	0	0	0	0	0	0	0		0
James Conner	RB	5	0	0	0	110	2	75	0	4	0	0	0	0	0	0		0
Ryan Switzer	WR	5	0	0	0	0	0	5	0	1	0	0	0	0	0	0		0
Jamal Agnew	WR	5	0	0	0	0	0	0	0	0	0	0	0	0	0	0		0
Shelton Gibson	WR	5	0	0	0	0	0	48	0	1	0	0	0	0	0	0		0
Eric Saubert	TE	5	0	0	0	0	0	8	0	1	0	0	0	0	0	0		0
David Moore	WR	5	0	0	0	0	0	38	2	3	0	0	0	0	0	0		0
Chris Carson	RB	5	0	0	0	116	0	11	0	1	0	0	0	0	0	0		0
Ricky Seals-Jones	TE	5	0	0	0	0	0	0	0	0	0	0	0	0	0	0		0
Jason Croom	TE	5	0	0	0	0	0	9	0	2	0	0	0	0	0	0		0
Blake Jarwin	TE	5	0	0	0	0	0	11	0	1	0	0	0	0	0	0		0
Keelan Cole	WR	5	0	0	0	0	0	70	0	4	0	0	0	0	0	0		0
Austin Ekeler	RB	5	0	0	0	15	0	44	1	1	0	0	0	0	0	0		0
Jake Elliott	PK	5	0	0	0	0	0	0	0	0	0	0	0	0	0	0	30;28	1
Mason Schreck	TE	5	0	0	0	0	0	0	0	0	0	0	0	0	0	0		0
Dede Westbrook	WR	5	0	0	0	0	0	55	0	3	0	0	0	0	0	0		0
JuJu Smith-Schuster	WR	5	0	0	0	0	0	34	1	4	0	0	0	0	0	0		0
Jonnu Smith	TE	5	0	0	0	0	0	0	0	0	0	0	0	0	0	0		0
Corey Davis	WR	5	0	0	0	0	0	49	0	4	0	0	0	0	0	0		0
Patrick Mahomes	QB	5	313	0	2	13	1	0	0	0	0	0	0	0	0	0		0
David Njoku	TE	5	0	0	0	0	0	69	0	6	0	0	0	0	0	0		0
Zay Jones	WR	5	0	0	0	0	0	20	0	3	0	0	0	0	0	0		0
Gerald Everett	TE	5	0	0	0	0	0	24	0	3	0	0	0	0	0	0		0
Joe Mixon	RB	5	0	0	0	93	0	22	1	3	0	0	0	0	0	0		0
Alvin Kamara	RB	5	0	0	0	24	0	15	0	3	0	0	0	0	0	0		0
Cooper Kupp	WR	5	0	0	0	0	0	90	1	6	0	0	0	0	0	0		0
Taywan Taylor	WR	5	0	0	0	0	0	30	0	3	0	0	1	0	0	0		0
Kareem Hunt	RB	5	0	0	0	87	1	7	0	1	0	0	0	0	0	0		0
Kenny Golladay	WR	5	0	0	0	0	0	98	1	4	0	0	0	0	0	0		0
Chad Williams	WR	5	0	0	0	0	0	23	0	2	0	0	0	0	0	0		0
C.J. Beathard	QB	5	349	2	2	7	1	0	0	0	2	0	0	0	0	0		0
Josh Reynolds	WR	5	0	0	0	10	0	39	0	2	0	0	0	0	0	0		0
Jamaal Williams	RB	5	0	0	0	33	0	19	0	2	0	0	0	0	0	1		0
Joshua Dobbs	QB	5	0	0	0	-3	0	0	0	0	0	0	0	0	0	0		0
Jordan Leggett	TE	5	0	0	0	0	0	10	0	1	0	0	0	0	0	0		0
Brandon Zylstra	WR	5	0	0	0	0	0	0	0	0	0	0	0	0	0	0		0
Phillip Lindsay	RB	5	0	0	0	61	0	20	0	3	0	0	0	0	0	0		0
Trenton Cannon	RB	5	0	0	0	0	0	0	0	0	0	0	0	0	0	0		0
De'Lance Turner	RB	5	0	0	0	0	0	7	0	1	0	0	0	0	0	0		0
Mike Boone	RB	5	0	0	0	1	0	0	0	0	0	0	0	0	0	0		0
Roc Thomas	RB	5	0	0	0	8	0	6	0	1	0	0	0	0	0	0		0
Derrick Willies	WR	5	0	0	0	0	0	61	0	3	0	0	0	0	0	0		0
J'Mon Moore	WR	5	0	0	0	0	0	0	0	0	0	0	0	0	0	0		0
Marquez Valdes-Scantling	WR	5	0	0	0	0	0	68	1	7	0	0	0	0	0	0		0
Equanimeous St. Brown	WR	5	0	0	0	0	0	89	0	3	0	0	0	0	0	0		0
Richie James	WR	5	0	0	0	0	0	7	0	1	0	0	0	0	0	0		0
Josh Rosen	QB	5	170	1	0	-3	0	0	0	0	0	0	0	0	0	0		0
Courtland Sutton	WR	5	0	0	0	0	0	18	1	2	0	0	0	0	0	0		0
Kerryon Johnson	RB	5	0	0	0	70	0	15	0	2	0	0	0	0	0	0		0
Dallas Goedert	TE	5	0	0	0	0	0	16	0	2	0	0	0	0	0	0		0
Jordan Akins	TE	5	0	0	0	0	0	9	0	1	0	0	0	0	0	0		0
Ian Thomas	TE	5	0	0	0	0	0	38	0	3	0	0	0	0	0	0		0
Keke Coutee	WR	5	0	0	0	2	0	51	1	6	0	0	0	0	0	0		0
Nyheim Hines	RB	5	0	0	0	45	0	45	0	7	0	0	0	0	0	0		0
DaeSean Hamilton	WR	5	0	0	0	0	0	44	0	3	0	0	0	0	0	0		0
Ito Smith	RB	5	0	0	0	5	1	5	0	1	0	0	0	0	0	0		0
Jordan Wilkins	RB	5	0	0	0	39	0	9	0	2	0	0	1	0	0	0		0
Ray-Ray McCloud	WR	5	0	0	0	-3	0	7	0	1	0	0	0	0	0	0		0
Russell Gage	WR	5	0	0	0	0	0	0	0	0	0	0	0	0	0	0		0
Greg Joseph	PK	5	0	0	0	0	0	0	0	0	0	0	0	0	0	0	35;37	0
Josh Adams	RB	5	0	0	0	-1	0	0	0	0	0	0	0	0	0	0		0
Matt McCrane	PK	5	0	0	0	0	0	0	0	0	0	0	0	0	0	0	24	1
Jawill Davis	WR	5	0	0	0	0	0	27	0	2	0	0	0	0	0	0		0
James Washington	WR	5	0	0	0	0	0	0	0	0	0	0	0	0	0	0		0
Mark Walton	RB	5	0	0	0	0	0	3	0	2	0	0	0	0	0	0		0
Chase Edmonds	RB	5	0	0	0	-1	0	0	0	0	0	0	0	0	0	0		0
Mark Andrews	TE	5	0	0	0	0	0	16	0	1	0	0	0	0	0	0		0
Michael Gallup	WR	5	0	0	0	0	0	6	0	1	0	0	0	0	0	0		0
Tre'Quan Smith	WR	5	0	0	0	0	0	111	2	3	0	0	0	0	0	0		0
Antonio Callaway	WR	5	0	0	0	0	0	22	0	3	0	0	0	0	0	0		0
Christian Kirk	WR	5	0	0	0	5	0	85	1	3	0	0	0	0	0	0		0
DJ Chark	WR	5	0	0	0	0	0	68	0	2	0	0	0	0	0	0		0
Nick Chubb	RB	5	0	0	0	2	0	0	0	0	0	0	0	0	0	0		0
Jason Sanders	PK	5	0	0	0	0	0	0	0	0	0	0	0	0	0	0	42	2
Lamar Jackson	QB	5	0	0	0	10	0	0	0	0	0	0	0	0	0	0		0
Durham Smythe	TE	5	0	0	0	0	0	0	0	0	0	0	0	0	0	0		0
Kalen Ballage	RB	5	0	0	0	2	0	0	0	0	0	0	0	0	0	0		0
DJ Moore	WR	5	0	0	0	18	0	49	0	4	0	0	0	0	0	0		0
Mike Gesicki	TE	5	0	0	0	0	0	26	0	3	0	0	0	0	0	0		0
Hayden Hurst	TE	5	0	0	0	0	0	7	0	1	0	0	0	0	0	0		0
Calvin Ridley	WR	5	0	0	0	0	0	38	0	4	0	0	0	0	0	0		0
Royce Freeman	RB	5	0	0	0	31	0	16	0	3	0	0	0	0	0	0		0
Saquon Barkley	RB	5	0	0	0	48	0	81	2	4	0	0	0	0	0	0		0
Sony Michel	RB	5	0	0	0	98	1	12	0	1	0	0	0	0	0	0		0
KhaDarel Hodge	WR	5	0	0	0	0	0	14	0	1	0	0	0	0	0	0		0
Baker Mayfield	QB	5	342	1	1	23	0	0	0	0	0	0	0	0	0	0		0
Josh Allen	QB	5	82	0	1	19	1	0	0	0	0	0	0	0	0	0		0
Sam Darnold	QB	5	198	3	1	5	0	0	0	0	0	0	0	0	0	0		0
Phil Dawson	PK	6	0	0	0	0	0	0	0	0	0	0	0	0	0	0	26	2
Adam Vinatieri	PK	6	0	0	0	0	0	0	0	0	0	0	0	0	0	0	21;31	4
Tom Brady	QB	6	340	1	0	2	1	0	0	0	1	0	0	0	0	0		0
Sebastian Janikowski	PK	6	0	0	0	0	0	0	0	0	0	0	0	0	0	0	44;26	3
Matt Bryant	PK	6	0	0	0	0	0	0	0	0	0	0	0	0	0	0	45;57	4
Antonio Gates	TE	6	0	0	0	0	0	5	0	1	0	0	0	0	0	0		0
Eli Manning	QB	6	281	0	1	0	0	0	0	0	0	0	0	0	0	0		0
Larry Fitzgerald	WR	6	0	0	0	0	0	39	0	5	0	0	0	0	0	0		0
Ben Roethlisberger	QB	6	369	1	0	-1	0	-1	0	1	0	0	0	1	0	0		0
Philip Rivers	QB	6	207	2	1	0	0	0	0	0	0	0	0	0	0	0		0
Robbie Gould	PK	6	0	0	0	0	0	0	0	0	0	0	0	0	0	0	46;44;43	3
Alex Smith	QB	6	163	2	0	13	0	0	0	0	0	0	0	0	0	0		0
Aaron Rodgers	QB	6	425	2	0	34	0	0	0	0	0	0	0	0	0	0		0
Frank Gore	RB	6	0	0	0	101	0	18	0	1	0	0	0	0	0	0		0
Vernon Davis	TE	6	0	0	0	0	0	48	1	3	0	0	0	0	0	0		0
Stephen Gostkowski	PK	6	0	0	0	0	0	0	0	0	0	0	0	0	0	0	48;24;39;50;28	4
Brandon Marshall	WR	6	0	0	0	0	0	11	0	1	0	0	0	0	0	0		0
Adrian Peterson	RB	6	0	0	0	97	0	0	0	0	0	0	0	0	0	0		0
Marshawn Lynch	RB	6	0	0	0	45	0	14	0	3	0	0	0	0	0	0		0
Greg Olsen	TE	6	0	0	0	0	0	48	0	4	0	0	0	0	0	0		0
Mason Crosby	PK	6	0	0	0	0	0	0	0	0	0	0	0	0	0	0	29;39;51;27	3
Steven Hauschka	PK	6	0	0	0	0	0	0	0	0	0	0	0	0	0	0	23;52	1
Danny Amendola	WR	6	0	0	0	0	0	59	0	8	0	0	0	0	0	0		0
Matt Ryan	QB	6	355	3	0	13	0	0	0	0	0	0	0	0	0	0		0
Joe Flacco	QB	6	238	1	1	4	0	0	0	0	0	0	0	0	0	0		0
Jordy Nelson	WR	6	0	0	0	0	0	6	0	2	0	0	0	0	0	0		0
DeSean Jackson	WR	6	0	0	0	7	0	77	0	4	0	0	0	0	0	0		0
Jamaal Charles	RB	6	0	0	0	5	0	5	0	1	0	0	0	0	0	0		0
Pierre Garcon	WR	6	0	0	0	0	0	37	0	4	0	0	0	0	0	0		0
Graham Gano	PK	6	0	0	0	0	0	0	0	0	0	0	0	0	0	0	32	0
Ryan Succop	PK	6	0	0	0	0	0	0	0	0	0	0	0	0	0	0		0
Michael Crabtree	WR	6	0	0	0	0	0	93	1	6	0	0	0	0	0	0		0
LeSean McCoy	RB	6	0	0	0	73	0	21	0	3	0	0	0	0	0	0		0
Jared Cook	TE	6	0	0	0	0	0	10	0	2	0	0	0	0	0	0		0
Julian Edelman	WR	6	0	0	0	7	0	54	1	4	0	0	0	0	0	0		0
Chris Ivory	RB	6	0	0	0	5	0	4	0	1	0	0	0	0	0	0		0
Rob Gronkowski	TE	6	0	0	0	0	0	97	0	3	0	0	0	0	0	0		0
Emmanuel Sanders	WR	6	0	0	0	0	0	115	1	7	0	0	0	0	0	0		0
Andre Roberts	WR	6	0	0	0	0	0	0	0	0	0	0	0	0	0	0		0
Jimmy Graham	TE	6	0	0	0	0	0	104	0	5	0	0	0	0	0	0		0
Antonio Brown	WR	6	0	0	0	0	0	105	1	5	0	0	0	0	0	0		0
Joe Webb	QB	6	0	0	0	0	0	0	0	0	0	0	0	0	0	0		0
Jermaine Gresham	TE	6	0	0	0	0	0	26	0	1	0	0	0	0	0	0		0
Demaryius Thomas	WR	6	0	0	0	0	0	57	1	3	0	0	0	0	0	0		0
Cam Newton	QB	6	275	2	1	43	0	0	0	0	0	0	0	1	0	0		0
A.J. Green	WR	6	0	0	0	0	0	85	0	7	0	0	0	0	0	0		0
Julio Jones	WR	6	0	0	0	0	0	144	0	10	0	0	0	0	0	0		0
Andy Dalton	QB	6	229	2	0	0	0	0	0	0	0	0	0	0	0	0		0
Kyle Rudolph	TE	6	0	0	0	0	0	37	0	4	0	0	0	0	0	0		0
Lance Kendricks	TE	6	0	0	0	0	0	37	0	2	0	0	0	0	0	0		0
Torrey Smith	WR	6	0	0	0	0	0	43	1	5	0	0	0	0	0	1		0
Stevan Ridley	RB	6	0	0	0	2	0	0	0	0	0	0	0	0	0	0		0
Taiwan Jones	RB	6	0	0	0	0	0	0	0	0	0	0	0	0	0	0		0
Bilal Powell	RB	6	0	0	0	59	0	0	0	0	0	0	0	0	0	0		0
Jacquizz Rodgers	RB	6	0	0	0	0	0	0	0	0	0	0	0	0	0	0		0
Dion Lewis	RB	6	0	0	0	9	0	5	0	2	0	0	0	0	0	0		0
Niles Paul	TE	6	0	0	0	-3	0	0	0	0	0	0	0	0	0	0		0
Lee Smith	TE	6	0	0	0	0	0	0	0	0	0	0	0	0	0	0		0
Charles Clay	TE	6	0	0	0	0	0	20	0	4	0	0	0	0	0	0		0
Dwayne Harris	WR	6	0	0	0	0	0	7	0	1	0	0	0	0	0	0		0
Aldrick Robinson	WR	6	0	0	0	0	0	0	0	0	0	0	0	0	0	0		0
Virgil Green	TE	6	0	0	0	0	0	0	0	0	0	0	0	0	0	0		0
Chris Hogan	WR	6	0	0	0	0	0	78	0	4	0	0	0	0	0	0		0
Andre Holmes	WR	6	0	0	0	0	0	20	0	1	0	0	0	0	0	0		0
Doug Baldwin	WR	6	0	0	0	0	0	91	0	6	0	0	0	0	0	0		0
Dan Bailey	PK	6	0	0	0	0	0	0	0	0	0	0	0	0	0	0	37;48	3
Terrelle Pryor	WR	6	0	0	0	0	0	57	1	5	0	0	0	0	0	0		0
Case Keenum	QB	6	322	2	1	6	0	0	0	0	0	0	0	0	0	0		0
Cole Beasley	WR	6	0	0	0	0	0	101	2	9	0	0	0	0	0	0		0
Alshon Jeffery	WR	6	0	0	0	0	0	74	2	8	0	0	0	0	0	0		0
Jermaine Kearse	WR	6	0	0	0	0	0	94	0	9	0	0	0	0	0	0		0
Russell Wilson	QB	6	222	3	1	20	0	0	0	0	0	0	0	0	0	0		0
Robert Turbin	RB	6	0	0	0	10	0	3	0	1	0	1	0	0	0	0		0
Deonte Thompson	WR	6	0	0	0	0	0	1	0	1	0	0	0	0	0	0		0
Orson Charles	TE	6	0	0	0	0	0	8	0	1	0	0	0	0	0	0		0
Randy Bullock	PK	6	0	0	0	0	0	0	0	0	0	0	0	0	0	0		3
Jamize Olawale	RB	6	0	0	0	0	0	3	0	1	0	0	0	0	0	0		0
Jarius Wright	WR	6	0	0	0	0	0	3	0	1	0	0	0	0	0	0		0
Justin Tucker	PK	6	0	0	0	0	0	0	0	0	0	0	0	0	0	0		3
Kirk Cousins	QB	6	233	1	1	14	1	-1	0	1	1	0	0	0	0	0		0
Doug Martin	RB	6	0	0	0	0	0	8	0	1	0	0	0	0	0	0		0
Lamar Miller	RB	6	0	0	0	46	0	25	0	2	0	0	0	0	0	0		0
Mohamed Sanu	WR	6	0	0	0	0	0	46	1	2	0	0	0	0	0	0		0
Michael Floyd	WR	6	0	0	0	0	0	0	0	0	0	0	0	0	0	0		0
Brian Quick	WR	6	0	0	0	0	0	12	0	2	0	0	0	0	0	0		0
Josh Gordon	WR	6	0	0	0	0	0	42	0	5	0	0	0	0	0	0		0
Andrew Luck	QB	6	301	4	3	7	0	0	0	0	0	0	0	0	0	0		0
Brock Osweiler	QB	6	380	3	2	8	0	0	0	0	0	0	0	1	0	0		0
Benny Cunningham	RB	6	0	0	0	8	0	0	0	0	0	0	0	0	0	0		0
Brandon McManus	PK	6	0	0	0	0	0	0	0	0	0	0	0	0	0	0	28;24	2
Adam Thielen	WR	6	0	0	0	0	0	123	1	11	0	0	0	0	0	0		0
Zach Ertz	TE	6	0	0	0	0	0	43	1	7	0	0	0	0	0	0		0
Marquise Goodwin	WR	6	0	0	0	5	0	126	2	4	0	0	0	0	0	0		0
Kenny Stills	WR	6	0	0	0	0	0	35	0	1	0	0	0	0	0	1		0
Dustin Hopkins	PK	6	0	0	0	0	0	0	0	0	0	0	0	0	0	0	49;56;29	2
Ryan Griffin	TE	6	0	0	0	0	0	0	0	0	0	0	0	0	0	0		0
Demetrius Harris	TE	6	0	0	0	0	0	0	0	0	0	0	0	0	0	0		0
Keenan Allen	WR	6	0	0	0	41	0	62	0	4	0	0	0	0	0	0		0
Jaron Brown	WR	6	0	0	0	0	0	5	1	1	0	0	0	0	0	0		0
Brett Maher	PK	6	0	0	0	0	0	0	0	0	0	0	0	0	0	0	50;46;32;55	4
Spencer Ware	RB	6	0	0	0	5	0	9	0	2	0	0	0	0	0	0		0
Robert Woods	WR	6	0	0	0	12	0	109	0	7	0	0	0	0	0	0		0
Kenjon Barner	RB	6	0	0	0	16	0	0	0	0	0	0	0	0	0	0		0
Vance McDonald	TE	6	0	0	0	0	0	68	0	7	0	0	0	0	0	0		0
Jordan Reed	TE	6	0	0	0	0	0	36	0	5	0	0	0	0	0	0		0
Travis Kelce	TE	6	0	0	0	0	0	61	0	5	0	0	0	0	0	0		0
Latavius Murray	RB	6	0	0	0	155	1	3	0	1	0	0	0	0	0	0		0
Justin Hunter	WR	6	0	0	0	0	0	0	0	0	0	0	0	0	0	0		0
Tavon Austin	WR	6	0	0	0	14	0	5	0	1	0	0	0	0	0	0		0
DeAndre Hopkins	WR	6	0	0	0	0	0	63	1	5	0	0	0	0	0	0		0
Geno Smith	QB	6	8	0	0	-2	0	0	0	0	0	0	0	0	0	0		0
Cordarrelle Patterson	RB	6	0	0	0	3	0	13	0	1	0	0	0	0	0	0		0
Isaiah Crowell	RB	6	0	0	0	40	0	12	0	2	0	0	0	0	0	0		0
Willie Snead	WR	6	0	0	0	0	0	60	0	7	0	0	0	0	0	0		0
Albert Wilson	WR	6	0	0	0	-5	0	155	2	6	0	0	0	0	0	0		0
Trey Burton	TE	6	0	0	0	0	0	23	1	4	0	0	0	0	0	0		0
David Fluellen	RB	6	0	0	0	0	0	0	0	0	0	0	0	0	0	0		0
Allen Hurns	WR	6	0	0	0	0	0	0	0	0	0	0	0	0	0	0		0
Cody Parkey	PK	6	0	0	0	0	0	0	0	0	0	0	0	0	0	0		4
Erik Swoope	TE	6	0	0	0	0	0	2	1	1	0	0	0	0	0	0		0
Damien Williams	RB	6	0	0	0	1	0	0	0	0	0	0	0	0	0	0		0
Chandler Catanzaro	PK	6	0	0	0	0	0	0	0	0	0	0	0	0	0	0	35	2
Quincy Enunwa	WR	6	0	0	0	0	0	9	0	1	0	0	1	0	0	0		0
Xavier Grimble	TE	6	0	0	0	0	0	35	0	2	0	0	0	0	0	0		0
Carlos Hyde	RB	6	0	0	0	34	0	0	0	0	0	0	0	0	0	0		0
John Brown	WR	6	0	0	0	0	0	28	0	2	0	0	0	0	0	0		0
James White	RB	6	0	0	0	39	0	53	0	5	0	0	0	0	0	0		0
Ryan Grant	WR	6	0	0	0	0	0	24	0	2	0	0	0	0	0	0		0
Alfred Blue	RB	6	0	0	0	26	0	17	0	2	0	0	0	0	0	0		0
Kapri Bibbs	RB	6	0	0	0	11	0	6	0	1	0	0	0	0	0	0		0
Chris Boswell	PK	6	0	0	0	0	0	0	0	0	0	0	0	0	0	0	21;24	2
Seth Roberts	WR	6	0	0	0	0	0	31	0	5	0	0	0	0	0	0		0
Scott Simonson	TE	6	0	0	0	0	0	24	0	1	0	0	0	0	0	0		0
Cairo Santos	PK	6	0	0	0	0	0	0	0	0	0	0	0	0	0	0	26;39;21	2
Senorise Perry	RB	6	0	0	0	0	0	0	0	0	0	0	0	0	0	0		0
Taylor Gabriel	WR	6	0	0	0	9	0	110	0	5	0	0	0	0	0	0		0
Odell Beckham Jr.	WR	6	0	0	0	0	0	44	0	6	0	0	0	0	0	0		0
Brandin Cooks	WR	6	0	0	0	0	0	53	0	2	0	0	0	0	0	0		0
Paul Richardson	WR	6	0	0	0	2	0	31	1	3	0	0	0	0	0	0		0
Logan Thomas	TE	6	0	0	0	0	0	0	0	1	0	0	0	0	0	0		0
Cameron Brate	TE	6	0	0	0	0	0	15	1	1	0	0	0	0	0	0		0
Derek Carr	QB	6	142	0	0	31	0	0	0	0	2	0	0	0	0	0		0
Jordan Matthews	TE	6	0	0	0	0	0	26	0	2	0	0	0	0	0	0		0
Sammy Watkins	WR	6	0	0	0	-1	0	18	0	2	0	0	0	0	0	0		0
Donte Moncrief	WR	6	0	0	0	0	0	0	0	0	0	0	0	0	0	0		0
Cody Latimer	WR	6	0	0	0	0	0	52	0	3	0	0	0	0	0	0		0
Kelvin Benjamin	WR	6	0	0	0	0	0	43	0	2	0	0	0	0	0	0		0
Martavis Bryant	WR	6	0	0	0	0	0	18	0	2	0	0	0	0	0	0		0
Davante Adams	WR	6	0	0	0	0	0	132	2	10	0	0	0	0	0	0		0
Jarvis Landry	WR	6	0	0	0	0	0	11	0	2	0	0	0	0	0	0		0
Eric Ebron	TE	6	0	0	0	-1	0	71	1	4	0	0	0	0	0	0		0
Blake Bortles	QB	6	149	1	1	22	0	0	0	0	0	0	0	0	0	0		0
Mike Evans	WR	6	0	0	0	0	0	58	0	4	0	0	0	0	0	0		0
Allen Robinson	WR	6	0	0	0	0	0	64	1	5	0	0	0	0	0	0		0
Chris Manhertz	TE	6	0	0	0	0	0	2	0	1	0	0	0	0	0	0		0
Jason Myers	PK	6	0	0	0	0	0	0	0	0	0	0	0	0	0	0	30;48;32;37;45;37;45	3
Jameis Winston	QB	6	395	4	2	29	0	0	0	0	0	0	0	0	0	0		0
Amari Cooper	WR	6	0	0	0	0	0	0	0	0	0	0	0	0	0	0		0
DeVante Parker	WR	6	0	0	0	0	0	0	0	0	0	0	0	0	0	0		0
Nelson Agholor	WR	6	0	0	0	0	0	91	0	3	0	0	0	0	0	0		0
Maxx Williams	TE	6	0	0	0	0	0	0	0	0	0	0	0	0	0	0		0
Justin Hardy	WR	6	0	0	0	0	0	33	0	3	0	0	0	0	0	0		0
Javorius Allen	RB	6	0	0	0	1	0	18	0	3	0	0	0	0	0	0		0
Stefon Diggs	WR	6	0	0	0	9	0	33	0	3	0	0	0	0	0	0		0
Nick Boyle	TE	6	0	0	0	0	0	7	0	2	0	0	0	0	0	0		0
Raheem Mostert	RB	6	0	0	0	87	0	0	0	0	0	0	0	0	0	0		0
Matt LaCosse	TE	6	0	0	0	0	0	7	0	1	0	0	0	0	0	0		0
DeAndre Carter	WR	6	0	0	0	0	0	11	0	1	0	0	0	0	0	0		0
Malcolm Brown	RB	6	0	0	0	24	0	0	0	0	0	0	0	0	0	0		0
Gabe Holmes	TE	6	0	0	0	0	0	0	0	0	0	0	0	0	0	0		0
Rod Smith	RB	6	0	0	0	4	0	0	0	0	0	0	0	0	0	0		0
James O'Shaughnessy	TE	6	0	0	0	0	0	29	0	3	0	0	0	0	0	0		0
Geremy Davis	WR	6	0	0	0	0	0	0	0	0	0	0	0	0	0	0		0
Darius Jennings	WR	6	0	0	0	0	0	0	0	0	0	0	0	0	0	0		0
Adam Humphries	WR	6	0	0	0	0	0	82	0	3	0	0	0	0	0	0		0
Devin Funchess	WR	6	0	0	0	0	0	74	1	5	0	0	0	0	0	0		0
Tevin Coleman	RB	6	0	0	0	35	0	6	1	1	0	0	0	0	0	0		0
Mike Davis	RB	6	0	0	0	21	0	5	0	1	0	0	0	0	0	0		0
Josh Lambo	PK	6	0	0	0	0	0	0	0	0	0	0	0	0	0	0		1
Brian Parker	TE	6	0	0	0	0	0	0	0	0	0	0	0	0	0	0		0
J.J. Nelson	WR	6	0	0	0	0	0	9	0	1	0	0	0	0	0	0		0
Nick O'Leary	TE	6	0	0	0	0	0	49	1	4	0	0	0	0	0	0		0
Neal Sterling	TE	6	0	0	0	0	0	13	0	2	0	0	0	0	0	0		0
Chris Conley	WR	6	0	0	0	0	0	19	0	1	0	0	0	0	0	0		0
C.J. Uzomah	TE	6	0	0	0	0	0	54	0	6	0	0	0	0	0	0		0
Jesse James	TE	6	0	0	0	0	0	26	0	5	0	0	0	0	0	0		0
Geoff Swaim	TE	6	0	0	0	0	0	21	0	2	0	0	0	0	0	0		0
Melvin Gordon	RB	6	0	0	0	132	3	18	0	2	0	0	0	0	0	0		0
Tyrell Williams	WR	6	0	0	0	1	0	118	2	3	0	0	0	0	0	0		0
David Johnson	RB	6	0	0	0	54	1	15	0	2	0	1	0	0	0	0		0
Ty Montgomery	WR	6	0	0	0	12	1	10	0	2	0	0	0	0	0	0		0
T.J. Yeldon	RB	6	0	0	0	41	0	29	0	3	0	0	0	0	0	0		0
Tyler Lockett	WR	6	0	0	0	7	0	13	1	3	0	0	0	0	0	0		0
Jeff Heuerman	TE	6	0	0	0	0	0	23	0	3	0	0	0	0	0	0		0
Todd Gurley	RB	6	0	0	0	208	2	17	0	2	0	0	0	0	0	0		0
Duke Johnson	RB	6	0	0	0	36	0	73	0	4	0	0	0	0	0	0		0
Marcus Mariota	QB	6	117	0	0	25	0	0	0	0	0	0	0	0	0	0		0
Chester Rogers	WR	6	0	0	0	0	0	55	1	4	0	0	0	0	0	0		0
Maurice Harris	WR	6	0	0	0	6	0	13	0	3	0	0	0	0	0	0		0
Sterling Shepard	WR	6	0	0	0	0	0	37	0	3	0	0	0	0	0	0		0
Austin Hooper	TE	6	0	0	0	0	0	71	1	9	0	0	0	0	0	0		0
Chris Moore	WR	6	0	0	0	0	0	12	0	3	0	0	0	0	0	0		0
Tyler Ervin	RB	6	0	0	0	0	0	0	0	0	0	0	0	0	0	0		0
Alex Collins	RB	6	0	0	0	54	2	0	0	0	0	0	0	0	0	0		0
Alex Erickson	WR	6	0	0	0	0	0	8	0	2	0	0	0	0	0	0		0
Josh Perkins	TE	6	0	0	0	0	0	0	0	0	0	0	0	0	0	0		0
David Grinnage	TE	6	0	0	0	0	0	7	0	1	0	0	0	0	0	0		0
Ben Braunecker	TE	6	0	0	0	0	0	0	0	0	0	0	0	0	0	0		0
Robbie Chosen	WR	6	0	0	0	0	0	39	0	3	0	0	0	0	0	0		0
Ka'imi Fairbairn	PK	6	0	0	0	0	0	0	0	0	0	0	0	0	0	0	33;27	2
Peyton Barber	RB	6	0	0	0	82	0	24	1	4	0	0	0	0	0	0		0
Josh Doctson	WR	6	0	0	0	0	0	20	0	3	0	0	0	0	0	0		0
Derrick Henry	RB	6	0	0	0	21	0	5	0	1	0	0	0	0	0	0		0
Tajae Sharpe	WR	6	0	0	0	0	0	33	0	2	0	0	0	0	0	0		0
Jordan Howard	RB	6	0	0	0	69	0	0	0	0	0	1	0	0	0	0		0
Wendell Smallwood	RB	6	0	0	0	51	0	0	0	1	0	0	0	0	0	0		0
Jakeem Grant	WR	6	0	0	0	0	0	32	0	3	0	0	0	0	0	0		0
Cody Core	WR	6	0	0	0	0	0	0	0	0	0	0	0	0	0	0		0
Aldrick Rosas	PK	6	0	0	0	0	0	0	0	0	0	0	0	0	0	0	33;21	1
Carson Wentz	QB	6	278	3	0	14	0	0	0	0	0	0	0	0	0	0		0
Laquon Treadwell	WR	6	0	0	0	0	0	38	0	4	0	0	0	0	0	0		0
Devontae Booker	RB	6	0	0	0	15	0	14	0	2	0	0	0	0	0	0		0
Marcus Johnson	WR	6	0	0	0	0	0	52	1	2	0	0	0	0	0	0		0
Jaydon Mickens	WR	6	0	0	0	0	0	0	0	0	0	0	0	0	0	0		0
Tyler Boyd	WR	6	0	0	0	0	0	62	2	7	0	0	0	0	0	0		0
Jalen Richard	RB	6	0	0	0	3	0	48	0	7	0	0	0	0	0	0		0
Tyreek Hill	WR	6	0	0	0	0	0	142	3	7	0	0	0	0	0	0		0
Ezekiel Elliott	RB	6	0	0	0	106	1	11	0	1	0	0	0	0	0	0		0
Rico Gathers	TE	6	0	0	0	0	0	14	0	1	0	0	0	0	0	0		0
Dak Prescott	QB	6	183	2	0	82	1	0	0	0	0	0	0	0	0	0		0
Seth DeValve	TE	6	0	0	0	0	0	0	0	0	0	0	0	0	0	0		0
Marvin Hall	WR	6	0	0	0	0	0	0	0	0	0	0	0	0	0	0		0
Jared Goff	QB	6	201	0	1	14	0	0	0	0	0	0	0	0	0	0		0
Kenyan Drake	RB	6	0	0	0	57	0	21	0	4	0	1	0	0	0	0		0
Will Fuller	WR	6	0	0	0	0	0	33	0	2	0	0	0	0	0	0		0
Mo Alie-Cox	TE	6	0	0	0	0	0	34	0	1	0	0	0	0	0	0		0
Zach Pascal	WR	6	0	0	0	8	0	35	0	5	0	0	0	0	0	0		0
Darrell Daniels	TE	6	0	0	0	0	0	0	0	0	0	0	0	0	0	0		0
JoJo Natson	WR	6	0	0	0	0	0	0	0	0	0	0	0	0	0	0		0
Christian McCaffrey	RB	6	0	0	0	20	0	46	0	7	0	0	0	0	0	0		0
Curtis Samuel	WR	6	0	0	0	0	0	0	0	0	0	0	0	0	0	0		0
George Kittle	TE	6	0	0	0	0	0	30	0	4	0	0	0	0	0	0		0
Aaron Jones	RB	6	0	0	0	41	0	0	0	0	0	0	0	0	0	0		0
Harrison Butker	PK	6	0	0	0	0	0	0	0	0	0	0	0	0	0	0	42;43;24;30	4
Kendrick Bourne	WR	6	0	0	0	0	0	22	0	1	0	0	0	0	0	0		0
Matt Breida	RB	6	0	0	0	61	1	0	0	0	0	0	0	0	0	0		0
Tim Patrick	WR	6	0	0	0	0	0	0	0	0	0	0	0	0	0	0		0
Antony Auclair	TE	6	0	0	0	0	0	5	0	1	0	0	0	0	0	0		0
Anthony Firkser	TE	6	0	0	0	0	0	25	0	2	0	0	0	0	0	0		0
Samaje Perine	RB	6	0	0	0	3	0	-3	0	1	0	0	0	0	0	0		0
Jeremy Sprinkle	TE	6	0	0	0	0	0	0	0	0	0	0	0	0	0	0		0
Mike Williams	WR	6	0	0	0	10	0	4	0	1	0	0	0	0	0	0		0
Deshaun Watson	QB	6	177	1	2	2	0	0	0	0	1	0	0	0	0	0		0
James Conner	RB	6	0	0	0	111	2	18	0	4	0	0	0	0	0	0		0
Tarik Cohen	RB	6	0	0	0	31	1	90	0	7	0	0	1	0	0	0		0
Ryan Switzer	WR	6	0	0	0	0	0	7	0	1	0	0	0	0	0	0		0
David Moore	WR	6	0	0	0	5	0	47	1	2	0	0	0	0	0	0		0
Chris Carson	RB	6	0	0	0	59	0	0	0	0	0	0	0	0	0	0		0
Chad Kelly	QB	6	0	0	0	-1	0	0	0	0	0	0	0	0	0	0		0
Ricky Seals-Jones	TE	6	0	0	0	0	0	69	0	5	0	0	0	0	0	0		0
Jason Croom	TE	6	0	0	0	0	0	0	0	0	0	0	0	0	0	0		0
Blake Jarwin	TE	6	0	0	0	0	0	0	0	0	0	0	0	0	0	0		0
Keelan Cole	WR	6	0	0	0	0	0	41	0	4	0	0	1	0	0	0		0
Sean Culkin	TE	6	0	0	0	0	0	0	0	0	0	0	0	0	0	0		0
Austin Ekeler	RB	6	0	0	0	60	0	0	0	0	0	0	0	0	0	0		0
Corey Clement	RB	6	0	0	0	43	1	26	0	3	0	0	0	0	0	0		0
Tyrone Swoopes	TE	6	0	0	0	0	0	23	0	1	0	0	0	0	0	0		0
Jake Elliott	PK	6	0	0	0	0	0	0	0	0	0	0	0	0	0	0	33;30	4
Dede Westbrook	WR	6	0	0	0	0	0	38	1	3	0	0	0	0	0	0		0
JuJu Smith-Schuster	WR	6	0	0	0	0	0	111	0	7	0	0	0	0	0	1		0
Jonnu Smith	TE	6	0	0	0	0	0	12	0	1	0	0	0	0	0	0		0
Mitchell Trubisky	QB	6	316	3	1	47	0	0	0	0	0	0	0	0	0	0		0
Corey Davis	WR	6	0	0	0	0	0	24	0	1	0	0	0	0	0	0		0
Patrick Mahomes	QB	6	352	4	2	9	0	0	0	0	0	0	0	0	0	0		0
O.J. Howard	TE	6	0	0	0	0	0	62	1	4	0	0	0	0	0	0		0
David Njoku	TE	6	0	0	0	0	0	55	1	7	0	0	0	0	0	0		0
Zay Jones	WR	6	0	0	0	0	0	35	1	3	0	0	0	0	0	0		0
Gerald Everett	TE	6	0	0	0	0	0	24	0	2	0	0	0	0	0	0		0
Joe Mixon	RB	6	0	0	0	64	1	20	0	4	0	0	0	0	0	0		0
Cooper Kupp	WR	6	0	0	0	12	0	0	0	0	0	0	0	0	0	0		0
Taywan Taylor	WR	6	0	0	0	0	0	13	0	1	0	0	0	0	0	0		0
Chris Godwin Jr.	WR	6	0	0	0	0	0	56	1	6	0	0	0	0	0	0		0
Kareem Hunt	RB	6	0	0	0	80	0	105	1	5	0	0	0	0	0	0		0
Chad Williams	WR	6	0	0	0	0	0	5	0	1	0	0	0	0	0	0		0
C.J. Beathard	QB	6	245	2	1	21	0	0	0	0	0	0	0	0	0	0		0
Josh Reynolds	WR	6	0	0	0	0	0	-2	0	1	0	0	0	0	0	0		0
Jamaal Williams	RB	6	0	0	0	29	0	10	0	1	0	0	0	0	0	0		0
Wayne Gallman	RB	6	0	0	0	17	0	25	0	2	0	0	0	0	0	0		0
Marlon Mack	RB	6	0	0	0	89	0	4	0	1	0	0	0	0	0	0		0
Nathan Peterman	QB	6	61	1	2	2	0	0	0	0	0	0	0	0	0	0		0
Mike Badgley	PK	6	0	0	0	0	0	0	0	0	0	0	0	0	0	0	44	5
Phillip Lindsay	RB	6	0	0	0	18	0	48	0	6	0	0	0	0	0	0		0
Gus Edwards	RB	6	0	0	0	42	0	0	0	0	0	0	0	0	0	0		0
Mike Boone	RB	6	0	0	0	20	0	0	0	0	0	0	0	0	0	0		0
Roc Thomas	RB	6	0	0	0	-4	0	0	0	0	0	0	0	0	0	0		0
Dontrell Hilliard	RB	6	0	0	0	0	0	0	0	0	0	0	0	0	0	0		0
J'Mon Moore	WR	6	0	0	0	0	0	10	0	1	0	0	0	0	0	0		0
Marquez Valdes-Scantling	WR	6	0	0	0	0	0	103	0	3	0	0	0	0	0	0		0
Damion Ratley	WR	6	0	0	0	0	0	82	0	6	0	0	0	0	0	0		0
Equanimeous St. Brown	WR	6	0	0	0	0	0	19	0	1	0	0	0	0	0	0		0
Richie James	WR	6	0	0	0	0	0	0	0	0	0	0	0	0	0	0		0
Josh Rosen	QB	6	240	0	1	0	0	0	0	0	0	0	0	0	0	0		0
Courtland Sutton	WR	6	0	0	0	0	0	58	0	3	0	0	0	0	0	0		0
Dallas Goedert	TE	6	0	0	0	0	0	7	0	1	0	0	0	0	0	0		0
Anthony Miller	WR	6	0	0	0	0	0	29	1	1	0	0	0	0	0	0		0
Jordan Akins	TE	6	0	0	0	0	0	6	0	1	0	0	0	0	0	0		0
Keke Coutee	WR	6	0	0	0	0	0	33	0	3	0	0	0	0	0	0		0
Nyheim Hines	RB	6	0	0	0	14	0	21	0	2	0	0	0	0	0	0		0
DaeSean Hamilton	WR	6	0	0	0	0	0	0	0	0	0	0	0	0	0	0		0
Ito Smith	RB	6	0	0	0	22	1	-1	0	2	0	0	0	0	0	0		0
Justin Watson	WR	6	0	0	0	0	0	0	0	0	0	0	0	0	0	0		0
Ray-Ray McCloud	WR	6	0	0	0	0	0	2	0	1	0	0	0	0	0	0		0
Russell Gage	WR	6	0	0	0	0	0	9	0	1	0	0	0	0	0	0		0
Justin Jackson	RB	6	0	0	0	4	0	8	0	1	0	0	0	0	0	0		0
Buddy Howell	RB	6	0	0	0	0	0	0	0	0	0	0	0	0	0	0		0
Greg Joseph	PK	6	0	0	0	0	0	0	0	0	0	0	0	0	0	0	33;28	0
Josh Adams	RB	6	0	0	0	0	0	0	0	0	0	0	0	0	0	0		0
Matt McCrane	PK	6	0	0	0	0	0	0	0	0	0	0	0	0	0	0	43	0
Jawill Davis	WR	6	0	0	0	0	0	0	0	0	0	0	0	0	0	0		0
Cameron Batson	WR	6	0	0	0	0	0	0	0	0	0	0	0	0	0	0		0
James Washington	WR	6	0	0	0	0	0	0	0	0	0	0	0	0	0	0		0
Mark Walton	RB	6	0	0	0	-2	0	0	0	0	0	0	0	0	0	0		0
Chase Edmonds	RB	6	0	0	0	4	0	0	0	0	0	0	0	0	0	0		0
Rashaad Penny	RB	6	0	0	0	43	0	27	0	2	0	0	0	0	0	0		0
Mark Andrews	TE	6	0	0	0	0	0	20	0	2	0	0	0	0	0	0		0
Michael Gallup	WR	6	0	0	0	0	0	27	0	1	0	0	0	0	0	0		0
Chris Herndon	TE	6	0	0	0	0	0	56	1	2	0	0	0	0	0	0		0
Antonio Callaway	WR	6	0	0	0	0	0	9	0	2	0	0	0	0	0	1		0
Christian Kirk	WR	6	0	0	0	0	0	77	0	6	0	0	0	0	0	0		0
DJ Chark	WR	6	0	0	0	0	0	0	0	0	0	0	0	0	0	0		0
Nick Chubb	RB	6	0	0	0	25	0	0	0	0	0	0	0	0	0	0		0
Jason Sanders	PK	6	0	0	0	0	0	0	0	0	0	0	0	0	0	0	50;25;47	2
Lamar Jackson	QB	6	0	0	0	22	0	0	0	0	0	0	0	0	0	0		0
Ronald Jones	RB	6	0	0	0	3	0	16	0	3	0	0	0	0	0	0		0
DJ Moore	WR	6	0	0	0	18	0	59	0	4	0	0	1	0	0	0		0
Mike Gesicki	TE	6	0	0	0	0	0	11	0	1	0	0	0	0	0	0		0
Hayden Hurst	TE	6	0	0	0	0	0	0	0	0	0	0	0	0	0	0		0
Calvin Ridley	WR	6	0	0	0	0	0	47	0	3	0	0	0	0	0	0		0
Royce Freeman	RB	6	0	0	0	22	0	0	0	0	0	0	0	0	0	0		0
Saquon Barkley	RB	6	0	0	0	130	1	99	0	9	0	0	0	0	0	0		0
Sony Michel	RB	6	0	0	0	106	2	0	0	0	0	0	0	0	0	0		0
Baker Mayfield	QB	6	238	1	2	8	0	0	0	0	0	0	0	1	0	0		0
Josh Allen	QB	6	84	0	0	20	0	0	0	0	0	0	0	0	0	0		0
Sam Darnold	QB	6	280	2	1	8	0	0	0	0	0	0	0	0	0	0		0
Phil Dawson	PK	7	0	0	0	0	0	0	0	0	0	0	0	0	0	0	43	1
Adam Vinatieri	PK	7	0	0	0	0	0	0	0	0	0	0	0	0	0	0	36	2
Tom Brady	QB	7	277	3	1	6	0	0	0	0	0	0	0	0	0	0		0
Drew Brees	QB	7	212	2	0	3	0	0	0	0	0	0	0	0	0	0		0
Antonio Gates	TE	7	0	0	0	0	0	11	0	2	0	0	0	0	0	0		0
Eli Manning	QB	7	399	1	0	7	0	0	0	0	0	0	0	0	0	0		0
Larry Fitzgerald	WR	7	0	0	0	0	0	40	1	4	0	0	0	0	0	0		0
Philip Rivers	QB	7	306	2	0	-1	0	0	0	0	0	0	0	0	0	0		0
Benjamin Watson	TE	7	0	0	0	0	0	43	1	6	0	0	0	0	0	0		0
Robbie Gould	PK	7	0	0	0	0	0	0	0	0	0	0	0	0	0	0	51	1
Alex Smith	QB	7	178	1	0	16	0	0	0	0	0	0	0	0	0	0		0
Frank Gore	RB	7	0	0	0	29	0	4	0	1	0	0	0	0	0	0		0
Derek Anderson	QB	7	175	0	3	0	0	0	0	0	1	0	0	0	0	0		0
Matt Prater	PK	7	0	0	0	0	0	0	0	0	0	0	0	0	0	0	29;28;35;50	2
Stephen Gostkowski	PK	7	0	0	0	0	0	0	0	0	0	0	0	0	0	0	29	5
Adrian Peterson	RB	7	0	0	0	99	0	8	0	1	0	0	0	0	0	0		0
Greg Olsen	TE	7	0	0	0	0	0	5	1	2	0	0	0	0	0	0		0
Steven Hauschka	PK	7	0	0	0	0	0	0	0	0	0	0	0	0	0	0	34	0
Danny Amendola	WR	7	0	0	0	0	0	84	1	6	0	0	0	0	0	0		0
Matt Ryan	QB	7	379	1	0	1	0	0	0	0	0	0	0	0	0	0		0
Joe Flacco	QB	7	279	2	0	4	0	0	0	0	0	0	0	0	0	0		0
DeSean Jackson	WR	7	0	0	0	8	1	25	0	2	0	0	0	0	0	0		0
Jamaal Charles	RB	7	0	0	0	2	0	2	0	1	0	0	0	0	0	0		0
Matthew Slater	WR	7	0	0	0	0	0	0	0	0	0	0	0	0	0	0		0
Pierre Garcon	WR	7	0	0	0	0	0	5	0	1	0	0	0	0	0	0		0
Matthew Stafford	QB	7	217	2	0	9	0	0	0	0	0	0	0	0	0	0		0
Graham Gano	PK	7	0	0	0	0	0	0	0	0	0	0	0	0	0	0		1
Ryan Succop	PK	7	0	0	0	0	0	0	0	0	0	0	0	0	0	0	28;33	1
Michael Crabtree	WR	7	0	0	0	0	0	66	0	5	0	0	0	0	0	0		0
LeSean McCoy	RB	7	0	0	0	1	0	0	0	0	0	0	0	0	0	0		0
Julian Edelman	WR	7	0	0	0	0	0	36	1	5	0	0	0	0	0	0		0
LeGarrette Blount	RB	7	0	0	0	50	1	0	0	0	0	0	0	0	0	0		0
Chris Ivory	RB	7	0	0	0	81	0	25	0	3	0	0	0	0	0	0		0
Emmanuel Sanders	WR	7	28	1	0	0	0	102	1	6	0	0	0	0	0	0		0
Andre Roberts	WR	7	0	0	0	0	0	21	0	2	0	0	0	0	0	0		0
Demaryius Thomas	WR	7	0	0	0	0	0	42	0	5	0	0	0	0	0	0		0
Golden Tate	WR	7	0	0	0	30	0	36	0	4	0	0	0	0	0	0		0
Cam Newton	QB	7	269	2	0	49	0	0	0	0	0	0	0	1	0	0		0
A.J. Green	WR	7	0	0	0	0	0	117	0	7	0	0	0	0	0	0		0
Julio Jones	WR	7	0	0	0	0	0	104	0	9	0	0	1	0	0	0		0
Mark Ingram	RB	7	0	0	0	32	0	10	0	2	0	0	0	0	0	0		0
Andy Dalton	QB	7	148	1	1	0	0	0	0	0	0	0	0	0	0	0		0
Kyle Rudolph	TE	7	0	0	0	0	0	16	0	1	0	0	0	0	0	0		0
Torrey Smith	WR	7	0	0	0	0	0	61	0	4	0	0	0	0	0	0		0
Luke Stocker	TE	7	0	0	0	0	0	11	1	2	0	0	0	0	0	0		0
Bilal Powell	RB	7	0	0	0	20	0	5	0	1	0	0	0	0	0	0		0
Jacquizz Rodgers	RB	7	0	0	0	8	0	11	0	1	0	0	0	0	0	0		0
Dion Lewis	RB	7	0	0	0	91	0	64	0	6	0	0	0	0	0	0		0
Charles Clay	TE	7	0	0	0	0	0	14	0	3	0	0	1	0	0	0		0
Aldrick Robinson	WR	7	0	0	0	0	0	34	1	1	0	0	0	0	0	0		0
Virgil Green	TE	7	0	0	0	0	0	0	0	0	0	0	0	0	0	0		0
Chris Hogan	WR	7	0	0	0	0	0	63	0	6	0	0	0	0	0	0		0
Andre Holmes	WR	7	0	0	0	0	0	13	0	1	0	0	0	0	0	0		0
Dan Bailey	PK	7	0	0	0	0	0	0	0	0	0	0	0	0	0	0	26;22;43	4
Garrett Celek	TE	7	0	0	0	0	0	0	0	0	0	0	0	0	0	0		0
Giorgio Tavecchio	PK	7	0	0	0	0	0	0	0	0	0	0	0	0	0	0	40;50;56	2
Case Keenum	QB	7	161	1	1	4	0	0	0	0	0	0	0	0	0	0		0
Cole Beasley	WR	7	0	0	0	0	0	56	0	7	0	0	0	0	0	0		0
Bradley Sowell	TE	7	0	0	0	0	0	0	0	0	0	0	0	0	0	0		0
Alshon Jeffery	WR	7	0	0	0	0	0	88	1	7	0	0	0	0	0	0		0
Alfred Morris	RB	7	0	0	0	25	0	0	0	0	0	0	0	0	0	0		0
Jermaine Kearse	WR	7	0	0	0	0	0	0	0	0	0	0	0	0	0	0		0
Travis Benjamin	WR	7	0	0	0	0	0	13	0	1	0	0	0	0	0	0		0
Marvin Jones	WR	7	0	0	0	0	0	29	0	3	0	0	0	0	0	0		0
Josh Bellamy	WR	7	0	0	0	0	0	0	0	0	0	0	0	0	0	0		0
Deonte Thompson	WR	7	0	0	0	0	0	0	0	0	0	0	0	0	0	0		0
Orson Charles	TE	7	0	0	0	0	0	0	0	0	0	0	0	0	0	0		0
Randy Bullock	PK	7	0	0	0	0	0	0	0	0	0	0	0	0	0	0	33	1
Jarius Wright	WR	7	0	0	0	34	0	37	0	2	0	0	0	0	0	1		0
Rhett Ellison	TE	7	0	0	0	0	0	11	0	2	0	0	0	0	0	0		0
Justin Tucker	PK	7	0	0	0	0	0	0	0	0	0	0	0	0	0	0	31	2
Kirk Cousins	QB	7	241	2	0	-1	0	0	0	0	0	0	0	0	0	0		0
T.Y. Hilton	WR	7	0	0	0	0	0	25	2	4	0	0	0	0	0	0		0
Lamar Miller	RB	7	0	0	0	100	1	-1	0	1	0	0	0	0	0	0		0
Greg Zuerlein	PK	7	0	0	0	0	0	0	0	0	0	0	0	0	0	0	35;37;33	4
Mohamed Sanu	WR	7	0	0	0	0	0	21	0	2	0	0	0	0	0	0		0
Michael Floyd	WR	7	0	0	0	0	0	20	0	1	0	0	0	0	0	0		0
Josh Gordon	WR	7	0	0	0	0	0	100	0	4	0	0	0	0	0	0		0
Andrew Luck	QB	7	156	4	0	5	0	0	0	0	0	0	0	0	0	0		0
Brock Osweiler	QB	7	239	2	0	2	0	0	0	0	0	0	0	0	0	0		0
Darren Fells	TE	7	0	0	0	0	0	0	0	0	0	0	0	0	0	0		0
Benny Cunningham	RB	7	0	0	0	0	0	0	0	0	0	0	0	0	0	0		0
Brandon McManus	PK	7	0	0	0	0	0	0	0	0	0	0	0	0	0	0	41	6
Nick Williams	WR	7	0	0	0	0	0	17	0	2	0	0	0	0	0	0		0
Adam Thielen	WR	7	0	0	0	0	0	110	1	9	0	0	0	0	0	0		0
Zach Ertz	TE	7	0	0	0	0	0	138	0	9	0	0	0	0	0	0		0
Marquise Goodwin	WR	7	0	0	0	0	0	24	0	2	0	0	0	0	0	0		0
Kenny Stills	WR	7	0	0	0	0	0	5	1	1	0	0	0	0	0	0		0
Luke Willson	TE	7	0	0	0	0	0	8	0	2	0	0	0	0	0	0		0
Dustin Hopkins	PK	7	0	0	0	0	0	0	0	0	0	0	0	0	0	0	21;25	2
Demetrius Harris	TE	7	0	0	0	0	0	17	1	1	0	0	0	0	0	0		0
Keenan Allen	WR	7	0	0	0	0	0	72	0	5	0	0	0	0	0	0		0
Brett Maher	PK	7	0	0	0	0	0	0	0	0	0	0	0	0	0	0	47	2
Spencer Ware	RB	7	0	0	0	59	0	30	0	3	0	0	0	0	0	0		0
Dion Sims	TE	7	0	0	0	0	0	0	0	0	0	0	0	0	0	0		0
Robert Woods	WR	7	0	0	0	6	0	78	0	5	0	0	0	0	0	0		0
Kenjon Barner	RB	7	0	0	0	36	0	0	0	0	0	0	0	0	0	0		0
Jordan Reed	TE	7	0	0	0	0	0	43	0	2	0	0	0	0	0	0		0
Travis Kelce	TE	7	0	0	0	0	0	95	0	5	0	0	0	0	0	0		0
Latavius Murray	RB	7	0	0	0	69	2	14	0	2	0	0	0	0	0	0		0
Brice Butler	WR	7	0	0	0	0	0	0	0	0	0	0	0	0	0	0		0
DeAndre Hopkins	WR	7	0	0	0	0	0	50	1	3	0	0	0	0	0	0		0
Cordarrelle Patterson	RB	7	0	0	0	4	0	0	0	0	0	0	0	0	0	0		0
Isaiah Crowell	RB	7	0	0	0	29	0	21	0	1	0	0	0	0	0	0		0
Willie Snead	WR	7	0	0	0	13	0	23	0	3	0	0	0	0	0	0		0
Albert Wilson	WR	7	0	0	0	4	0	32	0	3	0	0	0	0	0	0		0
Bennie Fowler	WR	7	0	0	0	0	0	11	0	1	0	0	0	0	0	0		0
Trey Burton	TE	7	0	0	0	0	0	126	1	9	0	0	0	0	0	0		0
David Fluellen	RB	7	0	0	0	2	0	0	0	0	0	0	0	0	0	0		0
Allen Hurns	WR	7	0	0	0	0	0	74	0	5	0	0	0	0	0	0		0
Cody Parkey	PK	7	0	0	0	0	0	0	0	0	0	0	0	0	0	0	46	4
Erik Swoope	TE	7	0	0	0	0	0	17	1	1	0	0	0	0	0	0		0
Damien Williams	RB	7	0	0	0	0	0	0	0	0	0	0	0	0	0	0		0
Chandler Catanzaro	PK	7	0	0	0	0	0	0	0	0	0	0	0	0	0	0	38;59	2
John Brown	WR	7	0	0	0	0	0	134	1	7	0	0	0	0	0	0		0
James White	RB	7	0	0	0	40	0	57	2	8	0	0	0	0	0	0		0
Alfred Blue	RB	7	0	0	0	28	0	0	0	0	0	0	0	0	0	0		0
Kapri Bibbs	RB	7	0	0	0	13	0	43	1	4	0	0	0	0	0	0		0
Scott Simonson	TE	7	0	0	0	0	0	0	0	0	0	0	0	0	0	0		0
T.J. Jones	WR	7	0	0	0	0	0	26	0	1	0	0	0	0	0	0		0
Taylor Gabriel	WR	7	0	0	0	0	0	26	0	3	0	0	0	0	0	0		0
Odell Beckham Jr.	WR	7	0	0	0	-1	0	143	1	8	0	0	0	0	0	0		0
Brandin Cooks	WR	7	0	0	0	7	0	64	1	4	0	0	0	0	0	0		0
Cameron Brate	TE	7	0	0	0	0	0	23	0	3	0	0	1	0	0	0		0
Sammy Watkins	WR	7	0	0	0	0	0	74	0	4	0	0	0	0	0	0		0
Donte Moncrief	WR	7	0	0	0	0	0	76	0	7	0	0	0	0	0	0		0
Kelvin Benjamin	WR	7	0	0	0	0	0	71	0	4	0	0	0	0	0	0		0
Jarvis Landry	WR	7	0	0	0	0	0	97	1	10	0	0	0	0	0	0		0
Eric Ebron	TE	7	0	0	0	0	0	31	0	3	0	0	0	0	0	0		0
Blake Bortles	QB	7	61	0	0	30	0	0	0	0	0	2	0	0	0	0		0
Mike Evans	WR	7	0	0	0	0	0	107	0	7	0	0	0	0	0	0		0
Allen Robinson	WR	7	0	0	0	0	0	4	0	1	0	0	0	0	0	0		0
Jason Myers	PK	7	0	0	0	0	0	0	0	0	0	0	0	0	0	0	55	2
Jameis Winston	QB	7	365	0	2	55	1	0	0	0	1	0	0	0	0	0		0
Kevin White	WR	7	0	0	0	0	0	64	0	2	0	0	0	0	0	0		0
Nelson Agholor	WR	7	0	0	0	0	0	20	0	6	0	0	0	0	0	0		0
Maxx Williams	TE	7	0	0	0	1	0	0	0	0	0	0	0	0	0	0		0
Justin Hardy	WR	7	0	0	0	0	0	24	0	2	0	0	0	0	0	0		0
Javorius Allen	RB	7	0	0	0	3	0	21	0	3	0	0	0	0	0	0		0
Stefon Diggs	WR	7	0	0	0	-7	0	33	0	8	0	0	0	0	0	0		0
Nick Boyle	TE	7	0	0	0	0	0	8	0	1	0	0	0	0	0	0		0
Raheem Mostert	RB	7	0	0	0	59	0	19	0	4	0	0	0	0	0	0		0
Eric Tomlinson	TE	7	0	0	0	0	0	-5	0	1	0	0	0	0	0	0		0
Matt LaCosse	TE	7	0	0	0	0	0	12	0	1	0	0	0	0	0	0		0
DeAndre Carter	WR	7	0	0	0	0	0	0	0	0	0	0	0	0	0	0		0
Matt Lengel	TE	7	0	0	0	0	0	0	0	0	0	0	0	0	0	0		0
Malcolm Brown	RB	7	0	0	0	65	0	6	0	1	0	0	0	0	0	0		0
Damiere Byrd	WR	7	0	0	0	0	0	8	0	1	0	0	0	0	0	0		0
Marcus Murphy	RB	7	0	0	0	53	0	17	0	5	0	0	0	0	0	0		0
Darius Jennings	WR	7	0	0	0	0	0	0	0	0	0	0	0	0	0	0		0
Adam Humphries	WR	7	0	0	0	0	0	37	0	4	0	0	0	0	0	0		0
Breshad Perriman	WR	7	0	0	0	0	0	6	0	1	0	0	0	0	0	0		0
Devin Funchess	WR	7	0	0	0	0	0	62	1	6	0	0	0	0	0	0		0
Tevin Coleman	RB	7	0	0	0	50	1	32	0	2	0	0	0	0	0	0		0
Josh Lambo	PK	7	0	0	0	0	0	0	0	0	0	0	0	0	0	0		1
Ameer Abdullah	RB	7	0	0	0	1	0	12	0	1	0	0	0	0	0	0		0
J.J. Nelson	WR	7	0	0	0	7	0	8	0	2	0	0	0	0	0	0		0
Nick O'Leary	TE	7	0	0	0	0	0	23	0	2	0	0	0	0	0	0		0
Neal Sterling	TE	7	0	0	0	0	0	0	0	0	0	0	0	0	0	0		0
Chris Conley	WR	7	0	0	0	0	0	6	0	1	0	0	0	0	0	0		0
C.J. Uzomah	TE	7	0	0	0	0	0	13	1	2	0	0	0	0	0	0		0
Geoff Swaim	TE	7	0	0	0	0	0	25	0	3	0	0	0	0	0	0		0
Tyrell Williams	WR	7	0	0	0	0	0	118	1	4	0	0	0	0	0	0		0
Rashad Greene	WR	7	0	0	0	0	0	8	0	1	0	0	0	0	0	0		0
David Johnson	RB	7	0	0	0	39	0	31	0	3	0	0	0	0	0	0		0
Phillip Dorsett	WR	7	0	0	0	0	0	8	0	1	0	0	0	0	0	0		0
T.J. Yeldon	RB	7	0	0	0	28	0	40	1	5	0	0	0	0	0	0		0
Jeff Heuerman	TE	7	0	0	0	0	0	0	0	0	0	0	0	0	0	0		0
Todd Gurley	RB	7	0	0	0	63	2	23	1	4	0	0	0	0	0	0		0
Sean Mannion	QB	7	0	0	0	1	0	0	0	0	0	0	0	0	0	0		0
Duke Johnson	RB	7	0	0	0	-4	0	23	0	4	0	0	0	0	0	0		0
Marcus Mariota	QB	7	237	1	1	38	0	0	0	0	0	0	0	0	0	0		0
Chester Rogers	WR	7	0	0	0	0	0	40	0	4	0	0	0	0	0	0		0
Maurice Harris	WR	7	0	0	0	0	0	22	0	3	0	0	0	0	0	0		0
Sterling Shepard	WR	7	0	0	0	0	0	167	0	5	0	0	0	0	0	0		0
Austin Hooper	TE	7	0	0	0	0	0	48	0	3	0	0	0	0	0	0		0
Chris Moore	WR	7	0	0	0	9	0	14	0	1	0	0	0	0	0	0		0
Tyler Ervin	RB	7	0	0	0	0	0	19	0	1	0	0	0	0	0	0		0
Alex Collins	RB	7	0	0	0	38	0	10	0	3	0	0	0	0	0	0		0
Jeff Driskel	QB	7	39	0	0	5	0	0	0	0	0	0	0	0	0	0		0
Alex Erickson	WR	7	0	0	0	0	0	-1	0	1	0	0	0	0	0	0		0
Wil Lutz	PK	7	0	0	0	0	0	0	0	0	0	0	0	0	0	0	39	3
David Grinnage	TE	7	0	0	0	0	0	17	0	2	0	0	0	0	0	0		0
Ben Braunecker	TE	7	0	0	0	0	0	0	0	0	0	0	0	0	0	0		0
Robbie Chosen	WR	7	0	0	0	0	0	44	0	3	0	0	0	0	0	0		0
Ka'imi Fairbairn	PK	7	0	0	0	0	0	0	0	0	0	0	0	0	0	0	44;48	2
Peyton Barber	RB	7	0	0	0	30	0	0	0	0	0	0	0	0	0	0		0
Alan Cross	TE	7	0	0	0	0	0	6	0	1	0	0	0	0	0	0		0
Josh Doctson	WR	7	0	0	0	0	0	42	0	3	0	0	0	0	0	0		0
Derrick Henry	RB	7	0	0	0	33	1	32	0	2	0	0	0	0	0	0		0
Michael Thomas	WR	7	0	0	0	0	0	69	1	7	0	0	0	0	0	0		0
Demarcus Robinson	WR	7	0	0	0	0	0	13	0	2	0	0	0	0	0	0		0
Tajae Sharpe	WR	7	0	0	0	0	0	101	0	7	0	0	0	0	0	0		0
Jordan Howard	RB	7	0	0	0	39	1	9	0	1	0	0	0	0	0	0		0
Wendell Smallwood	RB	7	0	0	0	32	0	5	0	2	0	0	0	0	0	0		0
Jakeem Grant	WR	7	0	0	0	0	0	32	0	2	0	0	0	0	0	0		0
Cody Core	WR	7	0	0	0	0	0	30	0	3	0	0	0	0	0	0		0
Aldrick Rosas	PK	7	0	0	0	0	0	0	0	0	0	0	0	0	0	0	31;36	0
Carson Wentz	QB	7	310	2	0	3	0	0	0	0	1	0	0	0	0	0		0
Laquon Treadwell	WR	7	0	0	0	0	0	11	0	3	0	0	0	0	0	0		0
Charone Peake	WR	7	0	0	0	0	0	0	0	0	0	0	0	0	0	0		0
Devontae Booker	RB	7	0	0	0	0	0	-1	0	1	0	0	0	0	0	0		0
Tyler Boyd	WR	7	0	0	0	0	0	27	0	3	0	0	0	0	0	0		0
Tyreek Hill	WR	7	0	0	0	8	0	68	1	7	0	0	0	0	0	0		0
Ezekiel Elliott	RB	7	0	0	0	33	0	9	0	2	0	0	0	0	0	0		0
Rico Gathers	TE	7	0	0	0	0	0	0	0	0	0	0	0	0	0	0		0
Dak Prescott	QB	7	273	1	0	33	1	0	0	0	1	1	0	0	0	0		0
Marvin Hall	WR	7	0	0	0	0	0	63	1	3	0	0	0	0	0	0		0
Cody Kessler	QB	7	156	1	1	8	0	0	0	0	0	0	0	0	0	0		0
Jared Goff	QB	7	202	2	0	4	0	0	0	0	0	0	0	0	0	0		0
Tyler Higbee	TE	7	0	0	0	0	0	0	0	0	0	0	0	0	0	0		0
Kenyan Drake	RB	7	0	0	0	72	1	15	0	4	0	0	0	0	0	0		0
Jacoby Brissett	QB	7	0	0	0	-4	0	0	0	0	0	0	0	0	0	0		0
Will Fuller	WR	7	0	0	0	0	0	68	0	6	0	0	0	0	0	0		0
Mo Alie-Cox	TE	7	0	0	0	0	0	7	0	1	0	0	0	0	0	0		0
Zach Pascal	WR	7	0	0	0	0	0	0	0	0	0	0	0	0	0	0		0
JoJo Natson	WR	7	0	0	0	0	0	0	0	0	0	0	0	0	0	0		0
Christian McCaffrey	RB	7	0	0	0	29	0	51	0	6	0	0	0	0	0	0		0
Curtis Samuel	WR	7	0	0	0	9	1	16	0	1	0	0	0	0	0	0		0
George Kittle	TE	7	0	0	0	0	0	98	1	5	0	0	0	0	0	0		0
Trent Taylor	WR	7	0	0	0	0	0	6	0	1	0	0	0	0	0	0		0
Alex Armah	RB	7	0	0	0	0	0	0	0	0	0	0	0	0	0	0		0
Harrison Butker	PK	7	0	0	0	0	0	0	0	0	0	0	0	0	0	0	26	6
Kendrick Bourne	WR	7	0	0	0	0	0	0	0	0	0	0	0	0	0	0		0
Matt Breida	RB	7	0	0	0	15	0	0	0	0	0	1	0	0	0	0		0
Taysom Hill	TE	7	0	0	0	35	0	0	0	0	0	1	0	0	0	0		0
Ricky Ortiz	RB	7	0	0	0	0	0	7	0	2	0	0	0	0	0	0		0
Tim Patrick	WR	7	0	0	0	0	0	0	0	0	0	0	0	0	0	0		0
Antony Auclair	TE	7	0	0	0	0	0	15	0	3	0	0	0	0	0	0		0
John Ross	WR	7	0	0	0	0	0	0	0	0	0	0	0	0	0	0		0
Samaje Perine	RB	7	0	0	0	2	0	0	0	0	0	0	0	0	0	0		0
Jeremy Sprinkle	TE	7	0	0	0	0	0	0	0	0	0	0	0	0	0	0		0
Mike Williams	WR	7	0	0	0	3	0	55	1	1	0	0	0	0	0	0		0
Deshaun Watson	QB	7	139	1	0	13	0	0	0	0	0	0	0	0	0	0		0
Tarik Cohen	RB	7	0	0	0	14	0	69	1	8	0	0	0	0	0	0		0
Michael Roberts	TE	7	0	0	0	0	0	48	2	3	0	0	0	0	0	0		0
Shelton Gibson	WR	7	0	0	0	0	0	0	0	0	0	0	0	0	0	0		0
Eric Saubert	TE	7	0	0	0	0	0	8	0	1	0	0	0	0	0	0		0
Ricky Seals-Jones	TE	7	0	0	0	0	0	12	0	2	0	0	0	0	0	0		0
Jason Croom	TE	7	0	0	0	0	0	8	0	1	0	0	0	0	0	0		0
Blake Jarwin	TE	7	0	0	0	0	0	16	0	1	0	0	0	0	0	0		0
Keelan Cole	WR	7	0	0	0	0	0	21	0	2	0	0	0	0	0	0		0
Austin Ekeler	RB	7	0	0	0	42	0	26	0	5	0	0	0	0	0	0		0
Corey Clement	RB	7	0	0	0	6	0	16	0	2	0	0	0	0	0	0		0
Jake Elliott	PK	7	0	0	0	0	0	0	0	0	0	0	0	0	0	0	46	2
Dede Westbrook	WR	7	0	0	0	0	0	17	0	4	0	0	0	0	0	0		0
Jonnu Smith	TE	7	0	0	0	0	0	11	0	2	0	0	0	0	0	0		0
Mitchell Trubisky	QB	7	333	2	2	81	1	0	0	0	0	0	0	0	0	0		0
Corey Davis	WR	7	0	0	0	0	0	10	0	3	0	0	0	0	0	0		0
Patrick Mahomes	QB	7	358	4	1	45	0	0	0	0	0	0	0	0	0	0		0
O.J. Howard	TE	7	0	0	0	0	0	67	0	5	0	0	0	0	0	0		0
Evan Engram	TE	7	0	0	0	10	0	16	0	2	0	0	0	0	0	0		0
David Njoku	TE	7	0	0	0	0	0	52	1	4	0	0	0	0	0	0		0
Zay Jones	WR	7	0	0	0	0	0	27	0	3	0	0	0	0	0	0		0
Gerald Everett	TE	7	0	0	0	0	0	-5	0	1	0	0	0	0	0	0		0
Joe Mixon	RB	7	0	0	0	50	0	1	0	3	0	0	0	0	0	0		0
Alvin Kamara	RB	7	0	0	0	64	1	11	0	2	0	0	0	0	0	0		0
Taywan Taylor	WR	7	0	0	0	0	0	8	0	1	0	0	0	0	0	0		0
Chris Godwin Jr.	WR	7	0	0	0	0	0	59	0	5	0	0	0	0	0	0		0
Kareem Hunt	RB	7	0	0	0	86	1	55	2	5	0	0	0	0	0	0		0
Kenny Golladay	WR	7	0	0	0	0	0	37	0	2	0	0	0	0	0	0		0
Chad Williams	WR	7	0	0	0	0	0	34	0	4	0	0	0	0	0	0		0
C.J. Beathard	QB	7	170	1	2	13	0	0	0	0	1	0	0	0	0	0		0
Josh Reynolds	WR	7	0	0	0	0	0	19	0	1	0	0	0	0	0	0		0
Marlon Mack	RB	7	0	0	0	126	1	33	1	2	0	0	0	0	1	0		0
Jordan Leggett	TE	7	0	0	0	0	0	0	0	0	0	0	0	0	0	0		0
Dan Arnold	TE	7	0	0	0	0	0	35	0	2	0	0	0	0	0	0		0
Brandon Zylstra	WR	7	0	0	0	0	0	23	0	1	0	0	0	0	0	0		0
Mike Badgley	PK	7	0	0	0	0	0	0	0	0	0	0	0	0	0	0	29;28	2
Phillip Lindsay	RB	7	0	0	0	90	1	6	0	1	0	0	0	0	0	0		0
Trenton Cannon	RB	7	0	0	0	4	0	69	0	4	0	0	0	0	0	0		0
Gus Edwards	RB	7	0	0	0	0	0	0	0	0	0	0	0	0	0	0		0
Quadree Henderson	WR	7	0	0	0	0	0	0	0	0	0	0	0	0	0	0		0
Mike Boone	RB	7	0	0	0	4	0	0	0	0	0	0	0	0	0	0		0
Roc Thomas	RB	7	0	0	0	23	0	0	0	0	0	0	0	0	0	0		0
Dontrell Hilliard	RB	7	0	0	0	0	0	0	0	0	0	0	0	0	0	0		0
Damion Ratley	WR	7	0	0	0	0	0	23	0	3	0	0	0	0	0	0		0
Richie James	WR	7	0	0	0	0	0	0	0	0	0	0	0	0	0	0		0
Josh Rosen	QB	7	194	1	3	14	0	0	0	0	2	0	0	0	0	0		0
Courtland Sutton	WR	7	0	0	0	0	0	28	1	1	0	0	0	0	0	0		0
Kerryon Johnson	RB	7	0	0	0	158	0	21	0	2	0	0	0	0	0	0		0
Dallas Goedert	TE	7	0	0	0	0	0	43	1	4	0	0	0	0	0	0		0
Anthony Miller	WR	7	0	0	0	0	0	35	0	2	0	0	0	0	0	0		0
Keke Coutee	WR	7	0	0	0	0	0	3	0	1	0	0	0	0	0	0		0
Nyheim Hines	RB	7	0	0	0	47	0	-5	0	1	0	0	0	0	0	0		0
DaeSean Hamilton	WR	7	0	0	0	0	0	0	0	0	0	0	0	0	0	0		0
Ito Smith	RB	7	0	0	0	16	0	29	0	2	0	0	0	0	0	0		0
Dalton Schultz	TE	7	0	0	0	0	0	12	0	1	0	0	0	0	0	0		0
Jordan Wilkins	RB	7	0	0	0	46	0	8	0	1	0	0	0	0	0	0		0
Russell Gage	WR	7	0	0	0	0	0	0	0	0	0	0	0	0	0	0		0
Dave Williams	RB	7	0	0	0	2	0	0	0	0	0	0	0	0	0	0		0
Justin Jackson	RB	7	0	0	0	3	0	11	0	1	0	0	0	0	0	0		0
Greg Joseph	PK	7	0	0	0	0	0	0	0	0	0	0	0	0	0	0		3
Josh Adams	RB	7	0	0	0	17	0	0	0	0	0	0	0	0	0	0		0
Trent Sherfield	WR	7	0	0	0	0	0	0	0	0	0	0	0	0	0	0		0
Cam Phillips	WR	7	0	0	0	0	0	0	0	0	0	0	0	0	0	0		0
Detrez Newsome	RB	7	0	0	0	0	0	0	0	0	0	0	0	0	0	0		0
Cameron Batson	WR	7	0	0	0	0	0	0	0	1	0	0	0	0	0	0		0
Deontay Burnett	WR	7	0	0	0	0	0	9	0	1	0	0	0	0	0	0		0
Mark Walton	RB	7	0	0	0	10	0	0	0	0	0	0	0	0	0	0		0
Chase Edmonds	RB	7	0	0	0	9	0	12	0	3	0	0	0	0	0	0		0
Mark Andrews	TE	7	0	0	0	0	0	8	1	1	0	0	0	0	0	0		0
Michael Gallup	WR	7	0	0	0	0	0	81	1	3	0	0	0	0	0	0		0
Tre'Quan Smith	WR	7	0	0	0	0	0	44	0	3	0	0	0	0	0	0		0
Chris Herndon	TE	7	0	0	0	0	0	42	1	4	0	0	0	0	0	0		0
Antonio Callaway	WR	7	0	0	0	0	0	14	0	1	0	0	0	0	0	0		0
Christian Kirk	WR	7	0	0	0	0	0	57	0	3	0	0	0	0	0	0		0
DJ Chark	WR	7	0	0	0	0	0	31	0	4	0	0	0	0	0	0		0
Nick Chubb	RB	7	0	0	0	80	1	0	0	0	0	0	0	0	0	0		0
Jason Sanders	PK	7	0	0	0	0	0	0	0	0	0	0	0	0	0	0		3
Lamar Jackson	QB	7	5	0	0	9	1	0	0	0	0	0	0	0	0	0		0
Kalen Ballage	RB	7	0	0	0	0	0	0	0	0	0	0	0	0	0	0		0
Ronald Jones	RB	7	0	0	0	13	1	15	0	1	0	0	0	0	0	0		0
DJ Moore	WR	7	0	0	0	0	0	29	0	3	0	0	0	0	0	0		0
Mike Gesicki	TE	7	0	0	0	0	0	44	0	3	0	0	0	0	0	0		0
Hayden Hurst	TE	7	0	0	0	0	0	0	0	0	0	0	0	0	0	0		0
Calvin Ridley	WR	7	0	0	0	0	0	43	0	5	0	0	0	0	0	0		0
Royce Freeman	RB	7	0	0	0	37	1	0	0	0	0	0	0	0	0	0		0
Saquon Barkley	RB	7	0	0	0	43	1	51	0	9	0	0	0	0	1	0		0
Sony Michel	RB	7	0	0	0	22	0	13	0	1	0	1	0	0	0	0		0
Baker Mayfield	QB	7	215	2	0	43	0	0	0	0	0	0	0	0	0	0		0
Sam Darnold	QB	7	206	1	3	18	1	0	0	0	0	1	0	0	0	0		0
Phil Dawson	PK	8	0	0	0	0	0	0	0	0	0	0	0	0	0	0	31	1
Adam Vinatieri	PK	8	0	0	0	0	0	0	0	0	0	0	0	0	0	0	26;25	4
Tom Brady	QB	8	324	0	0	8	0	0	0	0	0	0	0	0	0	0		0
Sebastian Janikowski	PK	8	0	0	0	0	0	0	0	0	0	0	0	0	0	0		4
Drew Brees	QB	8	120	1	1	0	0	0	0	0	0	0	0	0	0	0		0
Eli Manning	QB	8	316	1	2	0	0	0	0	0	0	0	0	0	0	0		0
Larry Fitzgerald	WR	8	0	0	0	0	0	102	1	8	0	0	0	0	0	1		0
Ben Roethlisberger	QB	8	257	2	1	6	0	0	0	0	0	0	0	0	0	0		0
Robbie Gould	PK	8	0	0	0	0	0	0	0	0	0	0	0	0	0	0	27;20	1
Alex Smith	QB	8	178	1	0	13	0	0	0	0	0	0	0	0	0	0		0
Aaron Rodgers	QB	8	286	1	0	5	0	0	0	0	0	0	0	0	0	0		0
Frank Gore	RB	8	0	0	0	53	0	5	0	1	0	0	0	0	0	0		0
Derek Anderson	QB	8	290	0	1	-1	0	0	0	0	1	0	0	0	0	0		0
Ryan Fitzpatrick	QB	8	194	2	0	18	0	0	0	0	0	0	0	1	0	0		0
Matt Prater	PK	8	0	0	0	0	0	0	0	0	0	0	0	0	0	0		2
Vernon Davis	TE	8	0	0	0	0	0	21	0	1	0	0	0	0	0	0		0
Stephen Gostkowski	PK	8	0	0	0	0	0	0	0	0	0	0	0	0	0	0	25;40;38;25	1
Adrian Peterson	RB	8	0	0	0	149	1	7	1	1	0	1	0	0	0	0		0
Greg Olsen	TE	8	0	0	0	0	0	56	1	4	0	0	0	0	0	0		0
Mason Crosby	PK	8	0	0	0	0	0	0	0	0	0	0	0	0	0	0	41;53	3
Steven Hauschka	PK	8	0	0	0	0	0	0	0	0	0	0	0	0	0	0	47;51	0
Danny Amendola	WR	8	28	1	0	0	0	43	0	5	0	0	0	0	0	0		0
Joe Flacco	QB	8	192	1	2	14	0	0	0	0	0	0	0	0	0	0		0
Jordy Nelson	WR	8	0	0	0	0	0	14	0	1	0	0	0	0	0	0		0
DeSean Jackson	WR	8	0	0	0	4	0	68	1	3	0	0	0	0	0	0		0
Matthew Stafford	QB	8	310	2	1	6	0	0	0	0	1	0	0	0	0	0		0
Brian Hoyer	QB	8	0	0	0	-2	0	0	0	0	0	0	0	0	0	0		0
Graham Gano	PK	8	0	0	0	0	0	0	0	0	0	0	0	0	0	0	54;44;30	3
Michael Crabtree	WR	8	0	0	0	0	0	31	0	3	0	0	0	0	0	0		0
LeSean McCoy	RB	8	0	0	0	13	0	82	0	6	0	0	0	0	0	0		0
Jared Cook	TE	8	0	0	0	0	0	74	1	4	0	0	0	0	0	0		0
Julian Edelman	WR	8	0	0	0	13	0	104	0	9	0	0	0	0	0	0		0
LeGarrette Blount	RB	8	0	0	0	3	0	23	0	1	0	0	0	0	0	0		0
Chris Ivory	RB	8	0	0	0	34	0	11	0	1	0	0	0	0	0	0		0
Rob Gronkowski	TE	8	0	0	0	0	0	43	0	3	0	0	0	0	0	0		0
Ed Dickson	TE	8	0	0	0	0	0	54	1	2	0	0	0	0	0	0		0
Brandon LaFell	WR	8	0	0	0	0	0	39	1	3	0	0	0	0	0	0		0
Emmanuel Sanders	WR	8	0	0	0	-6	0	57	0	4	0	0	0	0	0	0		0
Andre Roberts	WR	8	0	0	0	0	0	0	0	0	0	0	0	0	0	0		0
Jimmy Graham	TE	8	0	0	0	0	0	21	0	1	0	0	0	0	0	0		0
Antonio Brown	WR	8	0	0	0	0	0	74	2	6	0	0	0	0	0	0		0
Jermaine Gresham	TE	8	0	0	0	0	0	22	0	3	0	0	1	0	0	0		0
Demaryius Thomas	WR	8	0	0	0	0	0	30	0	3	0	0	0	0	0	0		0
Golden Tate	WR	8	0	0	0	3	0	50	0	7	0	0	0	0	0	0		0
Cam Newton	QB	8	219	2	0	52	1	0	0	0	0	0	0	0	0	0		0
A.J. Green	WR	8	0	0	0	0	0	76	1	5	0	0	0	0	0	0		0
Mark Ingram	RB	8	0	0	0	63	0	29	0	3	0	0	0	0	0	0		0
Andy Dalton	QB	8	280	2	0	10	0	0	0	0	0	0	0	0	0	0		0
Kyle Rudolph	TE	8	0	0	0	0	0	39	0	4	0	0	0	0	0	0		0
Randall Cobb	WR	8	0	0	0	0	0	40	0	4	0	0	0	0	0	0		0
Stevan Ridley	RB	8	0	0	0	0	0	13	0	2	0	0	1	0	0	0		0
Jacquizz Rodgers	RB	8	0	0	0	4	0	25	0	4	0	0	0	0	0	0		0
Charles Clay	TE	8	0	0	0	0	0	36	0	3	0	0	0	0	0	0		0
Dwayne Harris	WR	8	0	0	0	13	0	0	0	0	0	0	0	0	0	0		0
Aldrick Robinson	WR	8	0	0	0	0	0	19	0	1	0	0	0	0	0	0		0
Chris Hogan	WR	8	0	0	0	0	0	49	0	2	0	0	0	0	0	0		0
Andre Holmes	WR	8	0	0	0	0	0	45	0	2	0	0	0	0	0	0		0
Dontrelle Inman	WR	8	0	0	0	0	0	52	0	6	0	0	0	0	0	0		0
Doug Baldwin	WR	8	0	0	0	0	0	26	0	2	0	0	0	0	0	0		0
Patrick DiMarco	RB	8	0	0	0	0	0	0	0	1	0	0	0	0	0	0		0
Dan Bailey	PK	8	0	0	0	0	0	0	0	0	0	0	0	0	0	0		2
Case Keenum	QB	8	262	2	1	9	0	0	0	0	1	0	0	0	0	0		0
Alshon Jeffery	WR	8	0	0	0	0	0	35	0	4	0	0	0	0	0	0		0
Alfred Morris	RB	8	0	0	0	28	0	0	0	0	0	0	0	0	0	0		0
Jermaine Kearse	WR	8	0	0	0	0	0	30	0	3	0	0	0	0	0	0		0
Russell Wilson	QB	8	248	3	0	15	0	0	0	0	0	0	0	0	0	0		0
Marvin Jones	WR	8	0	0	0	0	0	117	2	7	0	0	0	0	0	0		0
Josh Bellamy	WR	8	0	0	0	0	0	37	0	4	0	0	0	0	0	0		0
Orson Charles	TE	8	0	0	0	0	0	0	0	0	0	0	0	0	0	0		0
Randy Bullock	PK	8	0	0	0	0	0	0	0	0	0	0	0	0	0	0	44	4
Jarius Wright	WR	8	0	0	0	0	0	5	0	2	0	0	0	0	0	0		0
Rhett Ellison	TE	8	0	0	0	0	0	0	0	0	0	0	0	0	0	0		0
Justin Tucker	PK	8	0	0	0	0	0	0	0	0	0	0	0	0	0	0		3
Kirk Cousins	QB	8	359	2	1	3	0	0	0	0	0	0	0	0	0	0		0
T.Y. Hilton	WR	8	0	0	0	0	0	34	0	1	0	0	0	0	0	0		0
Doug Martin	RB	8	0	0	0	72	0	17	0	2	0	1	0	0	0	0		0
Lamar Miller	RB	8	0	0	0	133	1	0	0	0	0	0	0	0	0	0		0
Greg Zuerlein	PK	8	0	0	0	0	0	0	0	0	0	0	0	0	0	0	43;34	1
Josh Gordon	WR	8	0	0	0	0	0	42	0	4	0	0	0	0	0	0		0
Andrew Luck	QB	8	239	3	0	-2	0	0	0	0	0	0	0	1	0	0		0
Brandon Weeden	QB	8	0	0	0	-1	0	0	0	0	0	0	0	0	0	0		0
Brock Osweiler	QB	8	241	0	1	0	0	0	0	0	0	0	0	0	0	0		0
Darren Fells	TE	8	0	0	0	0	0	6	0	1	0	0	0	0	0	0		0
Benny Cunningham	RB	8	0	0	0	0	0	0	0	0	0	0	0	0	0	0		0
Brandon McManus	PK	8	0	0	0	0	0	0	0	0	0	0	0	0	0	0	36	2
Nick Williams	WR	8	0	0	0	0	0	0	0	0	0	0	0	0	0	0		0
C.J. Anderson	RB	8	0	0	0	20	0	0	0	0	0	0	0	0	0	0		0
Adam Thielen	WR	8	0	0	0	15	0	103	1	7	0	0	1	0	0	0		0
Zach Ertz	TE	8	0	0	0	0	0	26	1	4	0	0	0	0	0	0		0
Marquise Goodwin	WR	8	0	0	0	0	0	55	1	1	0	0	0	0	0	0		0
Luke Willson	TE	8	0	0	0	0	0	21	0	3	0	0	0	0	0	0		0
Dustin Hopkins	PK	8	0	0	0	0	0	0	0	0	0	0	0	0	0	0	53;39	2
Demetrius Harris	TE	8	0	0	0	0	0	0	0	0	0	0	0	0	0	0		0
Jack Doyle	TE	8	0	0	0	0	0	70	1	6	0	0	0	0	0	0		0
Chris Thompson	RB	8	0	0	0	13	0	9	0	2	0	0	0	0	0	0		0
Robert Woods	WR	8	0	0	0	0	0	70	0	5	0	0	0	0	0	0		0
Levine Toilolo	TE	8	0	0	0	0	0	12	0	1	0	0	0	0	0	0		0
Kenjon Barner	RB	8	0	0	0	4	0	0	0	0	0	0	0	0	0	0		0
Vance McDonald	TE	8	0	0	0	0	0	47	0	3	0	0	0	0	0	0		0
Jordan Reed	TE	8	0	0	0	0	0	38	0	7	0	0	0	0	0	0		0
Travis Kelce	TE	8	0	0	0	0	0	79	1	6	0	0	0	0	0	0		0
Latavius Murray	RB	8	0	0	0	56	1	39	0	5	0	0	0	0	0	0		0
Justin Hunter	WR	8	0	0	0	0	0	15	0	2	0	0	0	0	0	0		0
DeAndre Hopkins	WR	8	0	0	0	0	0	82	2	6	0	0	0	0	0	0		0
Cordarrelle Patterson	RB	8	0	0	0	38	0	0	0	0	0	0	0	0	0	0		0
Isaiah Crowell	RB	8	0	0	0	25	0	13	0	1	0	0	0	0	0	0		0
Willie Snead	WR	8	0	0	0	0	0	54	0	5	0	0	0	0	0	0		0
Bennie Fowler	WR	8	0	0	0	0	0	48	0	4	0	0	0	0	0	0		0
Trey Burton	TE	8	0	0	0	0	0	18	0	3	0	0	0	0	0	0		0
Cody Parkey	PK	8	0	0	0	0	0	0	0	0	0	0	0	0	0	0	32	3
Chandler Catanzaro	PK	8	0	0	0	0	0	0	0	0	0	0	0	0	0	0	25;38	2
Xavier Grimble	TE	8	0	0	0	0	0	0	0	0	0	0	0	0	0	0		0
Carlos Hyde	RB	8	0	0	0	11	0	0	0	0	0	0	0	0	0	0		0
John Brown	WR	8	0	0	0	0	0	28	0	3	0	0	0	0	0	0		0
James White	RB	8	0	0	0	15	1	79	0	10	0	0	0	0	0	0		0
Alfred Blue	RB	8	0	0	0	42	0	0	0	0	0	0	0	0	0	0		0
Kapri Bibbs	RB	8	0	0	0	0	0	0	0	0	0	0	0	0	0	0		0
Chris Boswell	PK	8	0	0	0	0	0	0	0	0	0	0	0	0	0	0	42	4
Seth Roberts	WR	8	0	0	0	0	0	42	1	2	0	0	0	0	0	0		0
Senorise Perry	RB	8	0	0	0	0	0	0	0	0	0	0	0	0	0	0		0
Taylor Gabriel	WR	8	0	0	0	0	0	52	0	4	0	0	0	0	0	0		0
Odell Beckham Jr.	WR	8	0	0	0	0	0	136	0	8	0	0	0	0	0	0		0
Brandin Cooks	WR	8	0	0	0	9	0	74	0	3	0	0	0	0	0	0		0
Paul Richardson	WR	8	0	0	0	7	0	34	0	2	0	0	0	0	0	0		0
Logan Thomas	TE	8	0	0	0	0	0	0	0	0	0	0	0	0	0	0		0
Cameron Brate	TE	8	0	0	0	0	0	13	0	1	0	0	0	0	0	0		0
Derek Carr	QB	8	244	3	0	0	1	0	0	0	0	0	0	0	0	0		0
Jordan Matthews	TE	8	0	0	0	0	0	93	0	4	0	0	0	0	0	0		0
Sammy Watkins	WR	8	0	0	0	0	0	107	2	8	0	0	0	0	0	0		0
Donte Moncrief	WR	8	0	0	0	0	0	54	0	4	0	0	0	0	0	0		0
Kelvin Benjamin	WR	8	0	0	0	0	0	45	0	2	0	0	0	0	0	0		0
Davante Adams	WR	8	0	0	0	0	0	133	0	5	0	0	0	0	0	0		0
Jarvis Landry	WR	8	0	0	0	0	0	39	0	8	0	0	0	0	0	0		0
Eric Ebron	TE	8	0	0	0	0	0	37	1	3	0	0	0	0	0	0		0
Blake Bortles	QB	8	286	1	0	43	0	0	0	0	0	0	0	0	0	0		0
Mike Evans	WR	8	0	0	0	0	0	179	1	6	0	0	0	0	0	0		0
Jason Myers	PK	8	0	0	0	0	0	0	0	0	0	0	0	0	0	0	42	1
Jameis Winston	QB	8	276	1	4	18	0	0	0	0	0	0	0	0	0	0		0
Kevin White	WR	8	0	0	0	0	0	6	0	1	0	0	0	0	0	0		0
DeVante Parker	WR	8	0	0	0	0	0	134	0	6	0	0	0	0	0	0		0
Nelson Agholor	WR	8	0	0	0	14	0	49	0	3	0	0	0	0	0	0		0
Javorius Allen	RB	8	0	0	0	0	0	18	1	3	0	0	0	0	0	0		0
Stefon Diggs	WR	8	0	0	0	0	0	119	1	10	0	0	0	0	0	0		0
Nick Boyle	TE	8	0	0	0	0	0	7	0	1	0	0	0	0	0	0		0
Raheem Mostert	RB	8	0	0	0	18	0	0	0	0	0	0	0	0	0	0		0
Eric Tomlinson	TE	8	0	0	0	0	0	0	0	0	0	0	0	0	0	0		0
Matt LaCosse	TE	8	0	0	0	0	0	29	0	4	0	0	0	0	0	0		0
DeAndre Carter	WR	8	0	0	0	0	0	0	0	0	0	0	0	0	0	0		0
Matt Lengel	TE	8	0	0	0	0	0	4	0	1	0	0	0	0	0	0		0
Taylor Heinicke	QB	8	13	0	0	-2	0	0	0	0	0	0	0	0	0	0		0
Malcolm Brown	RB	8	0	0	0	7	0	0	0	0	0	0	0	0	0	0		0
Damiere Byrd	WR	8	0	0	0	0	0	0	0	0	0	0	0	0	0	0		0
Marcus Murphy	RB	8	0	0	0	0	0	0	0	0	0	0	0	0	0	0		0
Adam Humphries	WR	8	0	0	0	0	0	76	0	7	0	0	0	0	0	0		0
Breshad Perriman	WR	8	0	0	0	0	0	0	0	0	0	0	0	0	0	0		0
Devin Funchess	WR	8	0	0	0	0	0	27	0	3	0	0	0	0	0	0		0
Blake Bell	TE	8	0	0	0	0	0	13	0	1	0	0	0	0	0	0		0
Mike Davis	RB	8	0	0	0	33	0	2	0	1	0	0	0	0	0	0		0
Josh Lambo	PK	8	0	0	0	0	0	0	0	0	0	0	0	0	0	0	50;57;33;24	0
Ameer Abdullah	RB	8	0	0	0	0	0	6	0	1	0	0	0	0	0	0		0
J.J. Nelson	WR	8	0	0	0	8	0	0	0	0	0	0	0	0	0	0		0
Nick O'Leary	TE	8	0	0	0	0	0	0	0	0	0	0	0	0	0	0		0
Neal Sterling	TE	8	0	0	0	0	0	7	0	1	0	0	0	0	0	0		0
Chris Conley	WR	8	0	0	0	0	0	0	0	0	0	0	0	0	0	0		0
C.J. Uzomah	TE	8	0	0	0	0	0	0	0	0	0	0	0	0	0	0		0
Jesse James	TE	8	0	0	0	0	0	9	0	2	0	0	0	0	0	0		0
Rashad Greene	WR	8	0	0	0	0	0	9	0	1	0	0	0	0	0	0		0
David Johnson	RB	8	0	0	0	59	0	41	0	4	0	0	0	0	0	0		0
Ty Montgomery	WR	8	0	0	0	6	0	2	0	1	0	0	0	0	0	0		0
T.J. Yeldon	RB	8	0	0	0	7	0	83	0	7	0	0	0	0	0	0		0
Tyler Lockett	WR	8	0	0	0	13	0	34	1	2	0	0	0	0	0	0		0
Jeff Heuerman	TE	8	0	0	0	0	0	4	1	1	0	0	0	0	0	0		0
Todd Gurley	RB	8	0	0	0	114	0	81	1	6	0	0	0	0	0	1		0
Duke Johnson	RB	8	0	0	0	0	0	16	0	2	0	0	0	0	0	0		0
Chester Rogers	WR	8	0	0	0	0	0	0	0	0	0	0	0	0	0	1		0
Maurice Harris	WR	8	0	0	0	0	0	20	0	2	0	0	0	0	0	0		0
Sterling Shepard	WR	8	0	0	0	0	0	34	0	4	0	0	0	0	0	0		0
Nick Vannett	TE	8	0	0	0	0	0	16	0	1	0	0	0	0	0	0		0
Chris Moore	WR	8	0	0	0	0	0	19	0	2	0	0	0	0	0	0		0
Tyler Ervin	RB	8	0	0	0	0	0	4	0	1	0	0	0	0	0	0		0
Alex Collins	RB	8	0	0	0	49	1	14	0	2	0	1	0	0	0	0		0
David Morgan	TE	8	0	0	0	0	0	0	0	0	0	0	0	0	0	0		0
Alex Erickson	WR	8	0	0	0	0	0	5	0	1	0	0	0	0	0	0		0
Wil Lutz	PK	8	0	0	0	0	0	0	0	0	0	0	0	0	0	0	52;42;42	3
Josh Perkins	TE	8	0	0	0	0	0	0	0	0	0	0	0	0	0	0		0
Geronimo Allison	WR	8	0	0	0	0	0	14	0	1	0	0	0	0	0	0		0
David Grinnage	TE	8	0	0	0	0	0	37	0	3	0	0	0	0	0	0		0
Ben Braunecker	TE	8	0	0	0	0	0	0	0	0	0	0	0	0	0	0		0
Ka'imi Fairbairn	PK	8	0	0	0	0	0	0	0	0	0	0	0	0	0	0		6
Peyton Barber	RB	8	0	0	0	85	1	0	0	0	0	0	0	0	0	0		0
Josh Doctson	WR	8	0	0	0	0	0	49	0	5	0	0	0	0	0	0		0
Michael Thomas	WR	8	0	0	0	0	0	81	0	5	0	0	0	0	0	0		0
Demarcus Robinson	WR	8	0	0	0	0	0	1	0	1	0	0	0	0	0	0		0
Jordan Howard	RB	8	0	0	0	81	1	0	0	0	0	0	0	0	0	0		0
Wendell Smallwood	RB	8	0	0	0	24	0	42	1	2	0	0	0	0	0	0		0
Jakeem Grant	WR	8	0	0	0	0	0	36	0	4	0	0	0	0	0	0		0
Aldrick Rosas	PK	8	0	0	0	0	0	0	0	0	0	0	0	0	0	0	37;21	1
DeAndre Washington	RB	8	0	0	0	4	0	0	0	0	0	0	0	0	0	0		0
Carson Wentz	QB	8	286	3	1	28	0	4	0	1	1	0	0	0	0	0		0
Laquon Treadwell	WR	8	0	0	0	0	0	25	0	3	0	0	0	0	0	0		0
Charone Peake	WR	8	0	0	0	0	0	14	0	1	0	0	0	0	0	0		0
Devontae Booker	RB	8	0	0	0	78	0	23	0	4	0	0	0	0	0	0		0
Tyler Boyd	WR	8	0	0	0	-2	0	138	1	9	0	0	0	0	0	0		0
Jalen Richard	RB	8	0	0	0	14	0	50	0	8	0	0	0	0	0	0		0
Tyreek Hill	WR	8	0	0	0	0	0	70	0	3	0	0	0	0	0	0		0
Seth DeValve	TE	8	0	0	0	0	0	28	1	2	0	0	0	0	0	0		0
Jared Goff	QB	8	295	3	0	7	0	0	0	0	0	0	0	1	0	0		0
Tyler Higbee	TE	8	0	0	0	0	0	6	0	1	0	0	0	0	0	0		0
Kenyan Drake	RB	8	0	0	0	58	1	37	1	2	0	0	0	0	0	0		0
Will Fuller	WR	8	0	0	0	0	0	124	1	5	0	0	0	0	0	0		0
Mo Alie-Cox	TE	8	0	0	0	0	0	26	1	1	0	0	0	0	0	0		0
Zach Pascal	WR	8	0	0	0	0	0	-4	0	1	0	0	0	0	0	0		0
JoJo Natson	WR	8	0	0	0	0	0	0	0	0	0	0	0	0	0	0		0
Christian McCaffrey	RB	8	0	0	0	45	1	11	1	4	0	0	0	0	0	0		0
Curtis Samuel	WR	8	0	0	0	0	0	28	0	3	0	0	0	0	0	0		0
George Kittle	TE	8	0	0	0	0	0	57	0	5	0	0	0	0	0	0		0
Trent Taylor	WR	8	0	0	0	0	0	7	0	1	0	0	0	0	0	0		0
Aaron Jones	RB	8	0	0	0	86	1	0	0	2	0	0	0	0	0	0		0
Harrison Butker	PK	8	0	0	0	0	0	0	0	0	0	0	0	0	0	0	24	3
Kendrick Bourne	WR	8	0	0	0	0	0	71	0	7	0	0	0	0	0	0		0
Matt Breida	RB	8	0	0	0	42	0	0	0	0	0	0	0	0	0	0		0
Taysom Hill	TE	8	44	0	0	-2	0	5	0	1	0	0	0	0	0	0		0
Tim Patrick	WR	8	0	0	0	13	0	24	1	1	0	0	0	0	0	0		0
Patrick Ricard	RB	8	0	0	0	0	0	0	0	0	0	0	0	0	0	0		0
Austin Carr	WR	8	0	0	0	0	0	0	0	0	0	0	0	0	0	0		0
Jehu Chesson	WR	8	0	0	0	0	0	0	0	0	0	0	0	0	0	0		0
Isaiah McKenzie	WR	8	0	0	0	0	0	0	0	0	0	0	0	0	0	0		0
Jeremy Sprinkle	TE	8	0	0	0	0	0	0	0	0	0	0	0	0	0	0		0
Deshaun Watson	QB	8	239	5	0	14	0	0	0	0	0	0	0	0	0	0		0
James Conner	RB	8	0	0	0	146	2	66	0	5	0	0	0	0	0	0		0
Tarik Cohen	RB	8	0	0	0	40	0	70	1	1	0	0	0	0	0	0		0
Michael Roberts	TE	8	0	0	0	0	0	0	0	0	0	0	0	0	0	0		0
Ryan Switzer	WR	8	0	0	0	0	0	0	0	0	0	0	0	0	0	0		0
David Moore	WR	8	0	0	0	0	0	97	1	4	0	0	0	0	0	0		0
Chris Carson	RB	8	0	0	0	105	1	19	0	2	0	0	0	0	0	0		0
Ricky Seals-Jones	TE	8	0	0	0	0	0	12	0	2	0	0	0	0	0	0		0
Jason Croom	TE	8	0	0	0	0	0	14	0	1	0	0	0	0	0	0		0
Keelan Cole	WR	8	0	0	0	0	0	18	0	2	0	0	1	0	0	0		0
Corey Clement	RB	8	0	0	0	6	0	-1	0	1	0	0	0	0	0	0		0
Robert Tonyan	TE	8	0	0	0	0	0	0	0	0	0	0	0	0	0	0		0
Jake Elliott	PK	8	0	0	0	0	0	0	0	0	0	0	0	0	0	0	31	3
Dede Westbrook	WR	8	0	0	0	9	0	31	1	2	0	0	0	0	0	0		0
JuJu Smith-Schuster	WR	8	0	0	0	0	0	33	0	4	0	0	0	0	0	0		0
Mitchell Trubisky	QB	8	220	2	0	51	0	0	0	0	0	0	0	0	0	0		0
Patrick Mahomes	QB	8	303	4	1	-1	0	0	0	0	0	0	0	0	0	0		0
O.J. Howard	TE	8	0	0	0	0	0	68	1	4	0	0	0	0	0	0		0
Evan Engram	TE	8	0	0	0	0	0	25	1	5	0	0	0	0	0	0		0
Zay Jones	WR	8	0	0	0	0	0	55	0	6	0	0	0	0	0	0		0
Gerald Everett	TE	8	0	0	0	0	0	22	0	1	0	0	0	0	0	0		0
Joe Mixon	RB	8	0	0	0	123	2	15	0	3	0	0	0	0	0	0		0
Alvin Kamara	RB	8	0	0	0	45	1	31	1	7	0	0	0	0	0	0		0
Chris Godwin Jr.	WR	8	0	0	0	0	0	32	0	2	0	0	0	0	0	1		0
Kareem Hunt	RB	8	0	0	0	50	0	36	1	5	0	0	0	0	0	0		0
Kenny Golladay	WR	8	0	0	0	0	0	12	0	1	0	0	0	0	0	0		0
Chad Williams	WR	8	0	0	0	0	0	21	0	2	0	0	0	0	0	0		0
C.J. Beathard	QB	8	190	1	0	9	0	0	0	0	0	0	0	0	0	0		0
Josh Reynolds	WR	8	0	0	0	-2	0	42	2	3	0	0	0	0	0	0		0
Jamaal Williams	RB	8	0	0	0	9	1	0	0	0	0	0	0	0	0	0		0
Joshua Dobbs	QB	8	0	0	0	-1	0	0	0	0	0	0	0	0	0	0		0
Wayne Gallman	RB	8	0	0	0	-1	0	0	0	0	0	0	0	0	0	0		0
Marlon Mack	RB	8	0	0	0	132	2	17	0	2	0	0	0	0	0	0		0
Jordan Leggett	TE	8	0	0	0	0	0	0	0	0	0	0	0	0	0	0		0
Nathan Peterman	QB	8	23	0	0	0	0	0	0	0	0	0	0	0	0	0		0
Phillip Lindsay	RB	8	0	0	0	95	1	17	0	3	0	0	0	0	0	0		0
Daniel Carlson	PK	8	0	0	0	0	0	0	0	0	0	0	0	0	0	0		4
Trenton Cannon	RB	8	0	0	0	10	0	12	0	3	0	0	0	0	0	0		0
Gus Edwards	RB	8	0	0	0	12	0	7	0	1	0	0	0	0	0	0		0
Quadree Henderson	WR	8	0	0	0	0	0	0	0	0	0	0	0	0	0	0		0
Mike Boone	RB	8	0	0	0	11	0	0	0	0	0	0	0	0	0	0		0
Roc Thomas	RB	8	0	0	0	-1	0	15	0	1	0	0	0	0	0	0		0
Dontrell Hilliard	RB	8	0	0	0	0	0	24	0	1	0	0	0	0	0	0		0
Marquez Valdes-Scantling	WR	8	0	0	0	0	0	45	1	2	0	0	0	0	0	0		0
Damion Ratley	WR	8	0	0	0	0	0	21	0	1	0	0	0	0	0	0		0
Equanimeous St. Brown	WR	8	0	0	0	0	0	31	0	2	0	0	0	0	0	0		0
Richie James	WR	8	0	0	0	0	0	0	0	0	0	0	0	0	0	0		0
Jaylen Samuels	RB	8	0	0	0	17	0	0	0	0	0	0	0	0	0	0		0
Josh Rosen	QB	8	252	2	1	12	0	0	0	0	0	0	0	1	0	0		0
Courtland Sutton	WR	8	0	0	0	0	0	78	0	3	0	0	0	0	0	0		0
Kerryon Johnson	RB	8	0	0	0	22	0	69	0	6	0	0	0	0	0	0		0
Dallas Goedert	TE	8	0	0	0	0	0	32	1	1	0	0	0	0	0	0		0
Anthony Miller	WR	8	0	0	0	7	0	37	1	3	0	0	0	0	0	0		0
Jordan Akins	TE	8	0	0	0	0	0	0	0	0	0	0	0	0	0	0		0
Ian Thomas	TE	8	0	0	0	0	0	15	0	1	0	0	0	0	0	0		0
Nyheim Hines	RB	8	0	0	0	78	0	7	0	2	0	0	0	0	0	0		0
Justin Watson	WR	8	0	0	0	0	0	5	0	1	0	0	0	0	0	0		0
Jordan Wilkins	RB	8	0	0	0	14	0	0	0	0	0	0	0	0	0	0		0
Ray-Ray McCloud	WR	8	0	0	0	0	0	16	0	1	0	0	0	0	0	0		0
Buddy Howell	RB	8	0	0	0	0	0	0	0	0	0	0	0	0	0	0		0
Greg Joseph	PK	8	0	0	0	0	0	0	0	0	0	0	0	0	0	0	34;45	0
Josh Adams	RB	8	0	0	0	61	0	6	0	1	0	0	0	0	0	0		0
Cam Phillips	WR	8	0	0	0	0	0	9	0	1	0	0	0	0	0	0		0
Jordan Franks	TE	8	0	0	0	0	0	32	0	1	0	0	0	0	0	0		0
Brandon Powell	WR	8	0	0	0	0	0	0	0	0	0	0	0	0	0	0		0
Deontay Burnett	WR	8	0	0	0	0	0	61	0	4	0	0	0	0	0	0		0
Mark Walton	RB	8	0	0	0	7	0	10	0	1	0	0	0	0	0	0		0
Chase Edmonds	RB	8	0	0	0	9	0	12	0	1	0	0	0	0	0	0		0
Rashaad Penny	RB	8	0	0	0	0	0	0	0	0	0	0	0	0	0	0		0
Mark Andrews	TE	8	0	0	0	0	0	31	0	4	0	0	0	0	0	0		0
Tre'Quan Smith	WR	8	0	0	0	0	0	18	0	3	0	0	0	0	0	0		0
Chris Herndon	TE	8	0	0	0	0	0	16	1	1	0	0	0	0	0	0		0
Antonio Callaway	WR	8	0	0	0	0	0	36	1	5	0	0	0	0	0	0		0
Christian Kirk	WR	8	0	0	0	0	0	42	1	3	0	0	0	0	0	0		0
DJ Chark	WR	8	0	0	0	0	0	41	0	4	0	0	0	0	0	0		0
Nick Chubb	RB	8	0	0	0	65	0	10	0	2	0	0	0	0	0	0		0
Jason Sanders	PK	8	0	0	0	0	0	0	0	0	0	0	0	0	0	0	37;41;46	2
Lamar Jackson	QB	8	46	1	0	26	0	0	0	0	0	0	0	0	0	0		0
Durham Smythe	TE	8	0	0	0	0	0	0	0	0	0	0	0	0	0	0		0
Kalen Ballage	RB	8	0	0	0	5	0	0	0	0	0	0	0	0	0	0		0
Ronald Jones	RB	8	0	0	0	-3	0	4	0	1	0	0	0	0	0	0		0
DJ Moore	WR	8	0	0	0	39	0	90	0	5	0	0	0	0	0	0		0
Mike Gesicki	TE	8	0	0	0	0	0	14	0	4	0	0	0	0	0	0		0
Hayden Hurst	TE	8	0	0	0	0	0	29	1	2	0	0	0	0	0	0		0
Saquon Barkley	RB	8	0	0	0	38	0	73	0	9	0	0	0	0	0	0		0
KhaDarel Hodge	WR	8	0	0	0	0	0	0	0	0	0	0	0	0	0	0		0
Baker Mayfield	QB	8	180	2	1	9	0	0	0	0	0	0	0	0	0	0		0
Dante Pettis	WR	8	0	0	0	0	0	0	0	0	0	0	0	0	0	0		0
Sam Darnold	QB	8	153	1	0	22	0	0	0	0	0	0	0	0	0	0		0
Tom Brady	QB	9	294	1	0	-1	0	0	0	0	0	0	0	0	0	0		0
Sebastian Janikowski	PK	9	0	0	0	0	0	0	0	0	0	0	0	0	0	0	44	2
Drew Brees	QB	9	346	4	0	16	0	0	0	0	0	0	0	0	0	0		0
Antonio Gates	TE	9	0	0	0	0	0	0	0	0	0	0	0	0	0	0		0
Ben Roethlisberger	QB	9	270	2	0	4	1	0	0	0	0	0	0	0	0	0		0
Philip Rivers	QB	9	228	2	0	0	0	0	0	0	0	0	0	0	0	0		0
Benjamin Watson	TE	9	0	0	0	0	0	62	1	3	0	0	0	0	0	0		0
Robbie Gould	PK	9	0	0	0	0	0	0	0	0	0	0	0	0	0	0	39;25	4
Alex Smith	QB	9	306	1	1	22	0	0	0	0	0	0	0	0	0	0		0
Aaron Rodgers	QB	9	259	2	0	8	0	0	0	0	0	0	0	0	0	0		0
Frank Gore	RB	9	0	0	0	53	0	6	0	1	0	0	0	0	0	0		0
Ryan Fitzpatrick	QB	9	243	4	2	23	0	0	0	0	0	0	0	0	0	0		0
Matt Prater	PK	9	0	0	0	0	0	0	0	0	0	0	0	0	0	0	35;35;37	0
Vernon Davis	TE	9	0	0	0	0	0	62	0	5	0	0	0	0	0	0		0
Marcedes Lewis	TE	9	0	0	0	0	0	5	0	1	0	0	0	0	0	0		0
Stephen Gostkowski	PK	9	0	0	0	0	0	0	0	0	0	0	0	0	0	0	28	4
Adrian Peterson	RB	9	0	0	0	17	0	16	0	3	0	0	0	0	0	0		0
Greg Olsen	TE	9	0	0	0	0	0	76	1	6	0	0	0	0	0	0		0
Mason Crosby	PK	9	0	0	0	0	0	0	0	0	0	0	0	0	0	0	29	2
Steven Hauschka	PK	9	0	0	0	0	0	0	0	0	0	0	0	0	0	0	41	0
Danny Amendola	WR	9	0	0	0	0	0	47	0	5	0	0	0	0	0	0		0
Matt Ryan	QB	9	350	4	1	0	0	0	0	0	0	0	0	0	0	0		0
Joe Flacco	QB	9	206	0	0	0	0	0	0	0	0	0	0	0	0	0		0
Jordy Nelson	WR	9	0	0	0	0	0	16	0	2	0	0	0	0	0	0		0
DeSean Jackson	WR	9	0	0	0	0	0	32	0	2	0	0	0	0	0	0		0
Matthew Slater	WR	9	0	0	0	0	0	0	0	0	0	0	0	0	0	0		0
Pierre Garcon	WR	9	0	0	0	0	0	56	1	3	0	0	0	0	0	0		0
Matthew Stafford	QB	9	199	0	0	6	0	0	0	0	0	1	0	0	0	0		0
Chase Daniel	QB	9	0	0	0	-3	0	0	0	0	0	0	0	0	0	0		0
Graham Gano	PK	9	0	0	0	0	0	0	0	0	0	0	0	0	0	0		6
Ryan Succop	PK	9	0	0	0	0	0	0	0	0	0	0	0	0	0	0		4
Darrius Heyward-Bey	WR	9	0	0	0	0	0	0	0	0	0	0	0	0	0	0		0
Michael Crabtree	WR	9	0	0	0	0	0	32	0	3	0	0	0	0	0	0		0
LeSean McCoy	RB	9	0	0	0	10	0	19	0	4	0	0	0	0	0	0		0
Jared Cook	TE	9	0	0	0	0	0	20	0	2	0	0	0	0	0	0		0
Julian Edelman	WR	9	37	0	0	28	0	71	0	6	0	0	0	0	0	0		0
LeGarrette Blount	RB	9	0	0	0	8	0	2	0	1	0	0	0	0	0	0		0
Chris Ivory	RB	9	0	0	0	36	0	19	0	3	0	0	0	0	0	0		0
Ed Dickson	TE	9	0	0	0	0	0	0	0	0	0	0	0	0	0	0		0
Brandon LaFell	WR	9	0	0	0	0	0	20	0	3	0	0	0	0	0	0		0
Emmanuel Sanders	WR	9	0	0	0	0	0	47	0	6	0	0	0	0	0	0		0
Andre Roberts	WR	9	0	0	0	0	0	0	0	0	0	0	0	0	0	0		0
Jimmy Graham	TE	9	0	0	0	0	0	55	1	4	0	0	0	0	0	0		0
Antonio Brown	WR	9	0	0	0	0	0	42	1	5	0	0	0	0	0	0		0
Demaryius Thomas	WR	9	0	0	0	0	0	61	0	3	0	0	0	0	0	0		0
Cam Newton	QB	9	247	2	0	33	0	0	0	0	0	0	0	0	0	0		0
Julio Jones	WR	9	0	0	0	0	0	121	1	7	0	0	0	0	0	0		0
Mark Ingram	RB	9	0	0	0	33	0	3	0	1	0	1	0	0	0	0		0
Kyle Rudolph	TE	9	0	0	0	0	0	28	0	2	0	0	0	0	0	0		0
Lance Kendricks	TE	9	0	0	0	0	0	0	0	0	0	0	0	0	0	0		0
Randall Cobb	WR	9	0	0	0	0	0	24	0	5	0	0	0	0	0	0		0
Luke Stocker	TE	9	0	0	0	0	0	5	0	1	0	0	0	0	0	0		0
Jacquizz Rodgers	RB	9	0	0	0	14	0	-4	0	2	0	0	0	0	0	0		0
Dion Lewis	RB	9	0	0	0	62	0	60	1	4	0	0	0	0	0	0		0
Dwayne Harris	WR	9	0	0	0	0	0	13	0	1	0	0	0	0	0	0		0
Aldrick Robinson	WR	9	0	0	0	0	0	20	0	2	0	0	0	0	0	0		0
Tyrod Taylor	QB	9	11	0	0	0	0	0	0	0	0	0	0	0	0	0		0
Virgil Green	TE	9	0	0	0	0	0	28	0	2	0	0	0	0	0	0		0
Chris Hogan	WR	9	0	0	0	0	0	0	0	0	0	0	0	0	0	0		0
Andre Holmes	WR	9	0	0	0	0	0	6	0	1	0	0	0	0	0	0		0
Doug Baldwin	WR	9	0	0	0	0	0	77	0	4	0	0	0	0	0	0		0
Patrick DiMarco	RB	9	0	0	0	0	0	0	0	0	0	0	0	0	0	0		0
Dan Bailey	PK	9	0	0	0	0	0	0	0	0	0	0	0	0	0	0	39	3
Terrelle Pryor	WR	9	0	0	0	-1	0	17	0	2	0	0	0	0	0	0		0
Giorgio Tavecchio	PK	9	0	0	0	0	0	0	0	0	0	0	0	0	0	0	27	5
Case Keenum	QB	9	290	1	0	0	0	0	0	0	0	0	0	0	0	0		0
Cole Beasley	WR	9	0	0	0	0	0	16	0	3	0	0	0	0	0	0		0
Derek Carrier	TE	9	0	0	0	0	0	8	0	1	0	0	0	0	0	0		0
Alfred Morris	RB	9	0	0	0	13	0	0	0	0	0	0	0	0	0	0		0
Jermaine Kearse	WR	9	0	0	0	0	0	20	0	3	0	0	0	0	0	0		0
Russell Wilson	QB	9	235	2	1	41	0	0	0	0	0	0	0	0	0	0		0
Travis Benjamin	WR	9	0	0	0	-2	0	0	0	0	0	0	0	0	0	0		0
Marvin Jones	WR	9	0	0	0	0	0	66	0	6	0	0	0	0	0	0		0
Josh Bellamy	WR	9	0	0	0	0	0	0	0	0	0	0	0	0	0	0		0
Deonte Thompson	WR	9	0	0	0	0	0	21	0	2	0	0	0	0	0	0		0
Jamize Olawale	RB	9	0	0	0	0	0	0	0	0	0	0	0	0	0	0		0
Jarius Wright	WR	9	0	0	0	0	0	8	0	1	0	0	0	0	0	0		0
Justin Tucker	PK	9	0	0	0	0	0	0	0	0	0	0	0	0	0	0	23;23;37	1
Kirk Cousins	QB	9	164	1	1	3	0	0	0	0	0	1	0	0	0	0		0
Doug Martin	RB	9	0	0	0	49	0	20	0	1	0	0	0	0	0	0		0
Lamar Miller	RB	9	0	0	0	21	0	27	0	2	0	0	0	0	0	0		0
Greg Zuerlein	PK	9	0	0	0	0	0	0	0	0	0	0	0	0	0	0	56;34	3
Mohamed Sanu	WR	9	0	0	0	0	0	45	0	4	0	0	0	0	0	0		0
Michael Floyd	WR	9	0	0	0	0	0	0	0	0	0	0	0	0	0	0		0
Josh Gordon	WR	9	0	0	0	0	0	130	1	5	0	0	0	0	0	0		0
Brock Osweiler	QB	9	139	0	0	4	0	0	0	0	0	0	0	0	0	0		0
Dwayne Allen	TE	9	0	0	0	0	0	21	0	1	0	0	0	0	0	0		0
Brandon McManus	PK	9	0	0	0	0	0	0	0	0	0	0	0	0	0	0	44	2
C.J. Anderson	RB	9	0	0	0	1	0	0	0	0	0	0	0	0	0	0		0
Adam Thielen	WR	9	0	0	0	5	0	22	1	4	0	0	0	0	0	0		0
Marquise Goodwin	WR	9	0	0	0	2	0	11	0	1	0	0	0	0	0	0		0
Kenny Stills	WR	9	0	0	0	0	0	19	0	1	0	0	0	0	0	0		0
Luke Willson	TE	9	0	0	0	0	0	17	0	2	0	0	0	0	0	0		0
Dustin Hopkins	PK	9	0	0	0	0	0	0	0	0	0	0	0	0	0	0		2
Theo Riddick	RB	9	0	0	0	0	0	36	0	7	0	0	0	0	0	0		0
Ryan Griffin	TE	9	0	0	0	0	0	13	0	1	0	0	0	0	0	0		0
Demetrius Harris	TE	9	0	0	0	0	0	0	0	0	0	0	0	0	0	0		0
Josh Hill	TE	9	0	0	0	0	0	10	0	2	0	0	0	0	0	0		0
Keenan Allen	WR	9	0	0	0	28	0	124	0	6	0	0	0	0	0	0		0
Jaron Brown	WR	9	0	0	0	0	0	10	1	1	0	0	0	0	0	0		0
Brett Maher	PK	9	0	0	0	0	0	0	0	0	0	0	0	0	0	0		2
Caleb Sturgis	PK	9	0	0	0	0	0	0	0	0	0	0	0	0	0	0		1
Spencer Ware	RB	9	0	0	0	12	0	69	0	4	0	0	0	0	0	0		0
Robert Woods	WR	9	0	0	0	4	0	71	0	5	0	0	0	0	0	0		0
Kenjon Barner	RB	9	0	0	0	4	0	0	0	0	0	0	0	0	0	0		0
Vance McDonald	TE	9	0	0	0	0	0	25	0	3	0	0	0	0	0	0		0
Jordan Reed	TE	9	0	0	0	0	0	34	0	4	0	0	0	0	0	0		0
Travis Kelce	TE	9	0	0	0	0	0	99	2	7	0	0	0	0	0	0		0
Latavius Murray	RB	9	0	0	0	31	1	16	0	1	0	0	0	0	0	0		0
DeAndre Hopkins	WR	9	0	0	0	0	0	105	1	10	0	0	0	0	0	0		0
Cordarrelle Patterson	RB	9	0	0	0	61	1	7	0	1	0	0	0	0	0	0		0
Isaiah Crowell	RB	9	0	0	0	49	0	11	0	1	0	0	0	0	0	0		0
Willie Snead	WR	9	0	0	0	0	0	58	0	7	0	0	0	0	0	0		0
Trey Burton	TE	9	0	0	0	0	0	28	1	2	0	0	0	0	0	0		0
David Fluellen	RB	9	0	0	0	0	0	0	0	0	0	0	0	0	0	0		0
Allen Hurns	WR	9	0	0	0	0	0	23	1	1	0	0	0	0	0	0		0
Cody Parkey	PK	9	0	0	0	0	0	0	0	0	0	0	0	0	0	0	23;45	5
Damien Williams	RB	9	0	0	0	0	0	0	0	0	0	0	0	0	0	0		0
Chandler Catanzaro	PK	9	0	0	0	0	0	0	0	0	0	0	0	0	0	0		4
Quincy Enunwa	WR	9	0	0	0	0	0	40	0	3	0	0	0	0	0	0		0
John Brown	WR	9	0	0	0	0	0	15	0	3	0	0	0	0	0	0		0
James White	RB	9	0	0	0	31	2	72	0	6	0	0	0	0	0	0		0
Alfred Blue	RB	9	0	0	0	39	0	0	0	0	0	0	0	0	0	0		0
Kapri Bibbs	RB	9	0	0	0	20	1	15	0	1	0	0	0	0	0	0		0
Chris Boswell	PK	9	0	0	0	0	0	0	0	0	0	0	0	0	0	0	29	2
Seth Roberts	WR	9	0	0	0	0	0	8	0	1	0	0	0	0	0	0		0
T.J. Jones	WR	9	0	0	0	0	0	13	0	2	0	0	0	0	0	0		0
Senorise Perry	RB	9	0	0	0	0	0	0	0	0	0	0	0	0	0	0		0
Taylor Gabriel	WR	9	0	0	0	0	0	45	0	3	0	0	0	0	0	0		0
Brandin Cooks	WR	9	0	0	0	0	0	114	1	6	0	0	0	0	0	0		0
Paul Richardson	WR	9	0	0	0	0	0	16	0	2	0	0	0	0	0	0		0
Logan Thomas	TE	9	0	0	0	0	0	40	0	7	0	0	0	0	0	0		0
Cameron Brate	TE	9	0	0	0	0	0	15	0	3	0	0	0	0	0	0		0
Derek Carr	QB	9	171	0	0	5	0	0	0	0	0	0	0	0	0	0		0
AJ McCarron	QB	9	8	0	0	0	0	0	0	0	0	0	0	0	0	0		0
Sammy Watkins	WR	9	0	0	0	2	0	62	0	5	0	0	0	0	0	0		0
Kelvin Benjamin	WR	9	0	0	0	0	0	40	0	4	0	0	0	0	0	0		0
Martavis Bryant	WR	9	0	0	0	17	0	29	0	2	0	0	0	0	0	0		0
Davante Adams	WR	9	0	0	0	0	0	40	1	6	0	0	0	0	0	0		0
Jarvis Landry	WR	9	0	0	0	0	0	50	0	6	0	0	0	0	0	0		0
Mike Evans	WR	9	0	0	0	0	0	16	0	1	0	0	0	0	0	0		0
Jason Myers	PK	9	0	0	0	0	0	0	0	0	0	0	0	0	0	0	48;56	0
Amari Cooper	WR	9	0	0	0	0	0	58	1	5	0	0	0	0	0	0		0
DeVante Parker	WR	9	0	0	0	0	0	8	0	1	0	0	0	0	0	0		0
Justin Hardy	WR	9	0	0	0	0	0	0	0	0	0	0	0	0	0	0		0
Javorius Allen	RB	9	0	0	0	6	0	8	0	5	0	0	0	0	0	0		0
Raheem Mostert	RB	9	0	0	0	86	1	0	0	0	0	0	0	0	0	0		0
Eric Tomlinson	TE	9	0	0	0	0	0	6	0	1	0	0	0	0	0	0		0
Matt LaCosse	TE	9	0	0	0	0	0	44	0	1	0	0	0	0	0	0		0
Malcolm Brown	RB	9	0	0	0	0	0	18	1	1	0	0	0	0	0	0		0
Damiere Byrd	WR	9	0	0	0	0	0	0	0	0	0	0	0	0	0	0		0
Rod Smith	RB	9	0	0	0	0	0	8	0	1	0	0	0	0	0	0		0
Geremy Davis	WR	9	0	0	0	0	0	0	0	0	0	0	0	0	0	0		0
Marcus Murphy	RB	9	0	0	0	6	0	-7	0	3	0	0	0	0	0	0		0
Darius Jennings	WR	9	0	0	0	0	0	36	0	1	0	0	0	0	0	0		0
Adam Humphries	WR	9	0	0	0	7	0	82	2	8	0	0	0	0	0	0		0
Breshad Perriman	WR	9	0	0	0	9	0	36	0	2	0	0	0	0	0	0		0
Devin Funchess	WR	9	0	0	0	0	0	44	0	4	0	0	0	0	0	0		0
Tevin Coleman	RB	9	0	0	0	88	0	68	2	5	0	0	0	0	0	0		0
Mike Davis	RB	9	0	0	0	62	0	45	0	7	0	0	0	0	0	0		0
Brian Parker	TE	9	0	0	0	0	0	0	0	0	0	0	0	0	0	0		0
Chris Conley	WR	9	0	0	0	0	0	23	0	1	0	0	0	0	0	0		0
Jesse James	TE	9	0	0	0	0	0	53	0	2	0	0	0	0	0	0		0
Melvin Gordon	RB	9	0	0	0	113	1	10	0	1	0	0	0	0	0	0		0
Tyrell Williams	WR	9	0	0	0	0	0	23	1	2	0	0	0	0	0	0		0
Phillip Dorsett	WR	9	0	0	0	0	0	30	0	3	0	0	0	0	0	0		0
Tyler Lockett	WR	9	0	0	0	0	0	22	0	3	0	0	0	0	0	0		0
Jeff Heuerman	TE	9	0	0	0	0	0	83	1	10	0	0	0	0	0	0		0
Todd Gurley	RB	9	0	0	0	68	1	11	0	6	0	0	0	0	0	0		0
Duke Johnson	RB	9	0	0	0	8	0	78	2	9	0	0	0	0	0	0		0
Marcus Mariota	QB	9	240	2	0	32	1	0	0	0	1	1	0	0	0	0		0
Maurice Harris	WR	9	0	0	0	0	0	124	0	10	0	0	0	0	0	0		0
Austin Hooper	TE	9	0	0	0	0	0	41	0	3	0	0	0	0	0	0		0
Nick Vannett	TE	9	0	0	0	0	0	52	1	6	0	0	0	0	0	0		0
Chris Moore	WR	9	0	0	0	0	0	30	0	1	0	0	0	0	0	0		0
Tyler Ervin	RB	9	0	0	0	0	0	0	0	0	0	0	0	0	0	0		0
Alex Collins	RB	9	0	0	0	35	1	4	0	1	0	0	0	0	0	0		0
Dwayne Washington	RB	9	0	0	0	0	0	0	0	0	0	0	0	0	0	0		0
Wil Lutz	PK	9	0	0	0	0	0	0	0	0	0	0	0	0	0	0	54	6
Robbie Chosen	WR	9	0	0	0	1	0	32	0	4	0	0	0	0	0	0		0
Andy Jones	WR	9	0	0	0	0	0	0	0	0	0	0	0	0	0	0		0
Ka'imi Fairbairn	PK	9	0	0	0	0	0	0	0	0	0	0	0	0	0	0	46;37	1
Peyton Barber	RB	9	0	0	0	31	0	9	0	2	0	0	0	0	0	0		0
Alan Cross	TE	9	0	0	0	0	0	0	0	0	0	0	0	0	0	0		0
Josh Doctson	WR	9	0	0	0	0	0	31	1	3	0	0	0	0	0	0		0
Derrick Henry	RB	9	0	0	0	27	1	5	0	2	0	0	0	0	0	0		0
Michael Thomas	WR	9	0	0	0	0	0	211	1	12	0	0	0	0	0	0		0
Demarcus Robinson	WR	9	0	0	0	0	0	3	0	1	0	0	0	0	0	0		0
Tajae Sharpe	WR	9	0	0	0	0	0	0	0	1	0	0	0	0	0	0		0
Jordan Howard	RB	9	0	0	0	47	2	0	0	0	0	0	0	0	0	0		0
Jakeem Grant	WR	9	0	0	0	0	0	16	0	1	0	0	0	0	0	0		0
DeAndre Washington	RB	9	0	0	0	27	0	0	0	0	0	0	0	0	0	0		0
Laquon Treadwell	WR	9	0	0	0	0	0	37	0	2	0	0	0	0	0	0		0
Charone Peake	WR	9	0	0	0	0	0	0	0	0	0	0	0	0	0	0		0
Devontae Booker	RB	9	0	0	0	15	1	9	0	2	0	0	1	0	0	0		0
Rashard Higgins	WR	9	0	0	0	0	0	19	0	3	0	0	0	0	0	0		0
Jalen Richard	RB	9	0	0	0	4	0	45	0	4	0	0	0	0	0	0		0
Tyreek Hill	WR	9	0	0	0	16	0	69	0	4	0	0	0	0	0	0		0
Ezekiel Elliott	RB	9	0	0	0	61	0	51	0	4	0	0	0	0	0	0		0
Dak Prescott	QB	9	243	2	1	11	0	0	0	0	1	0	0	0	0	0		0
Seth DeValve	TE	9	0	0	0	0	0	0	0	0	0	0	0	0	0	0		0
Marvin Hall	WR	9	0	0	0	0	0	0	0	0	0	0	0	0	0	0		0
Jared Goff	QB	9	391	3	1	17	0	0	0	0	0	0	0	1	0	0		0
Tyler Higbee	TE	9	0	0	0	0	0	40	0	2	0	0	0	0	0	0		0
Kenyan Drake	RB	9	0	0	0	9	0	26	0	4	0	0	0	0	0	0		0
JoJo Natson	WR	9	0	0	0	0	0	0	0	0	0	0	0	0	0	0		0
Christian McCaffrey	RB	9	0	0	0	79	2	78	0	5	0	0	0	0	0	0		0
Curtis Samuel	WR	9	0	0	0	33	1	25	1	2	0	0	0	0	0	0		0
George Kittle	TE	9	0	0	0	0	0	108	1	4	0	0	0	0	0	0		0
Aaron Jones	RB	9	0	0	0	75	0	10	0	2	0	1	0	0	0	0		0
Elijah McGuire	RB	9	0	0	0	30	0	37	0	3	0	0	0	0	0	0		0
Alex Armah	RB	9	0	0	0	1	1	0	0	0	0	0	0	0	0	0		0
Harrison Butker	PK	9	0	0	0	0	0	0	0	0	0	0	0	0	0	0	39	4
Kendrick Bourne	WR	9	0	0	0	0	0	6	1	2	0	0	0	0	0	0		0
Matt Breida	RB	9	0	0	0	44	0	3	0	1	0	0	0	0	0	0		0
Nick Mullens	QB	9	262	3	0	-3	0	0	0	0	0	0	0	0	0	0		0
Taysom Hill	TE	9	0	0	0	10	0	0	0	0	0	0	0	0	0	0		0
Taquan Mizzell	RB	9	0	0	0	0	0	5	0	1	0	0	0	0	0	0		0
Tim Patrick	WR	9	0	0	0	0	0	17	0	1	0	0	0	0	0	0		0
Jehu Chesson	WR	9	0	0	0	0	0	0	0	0	0	0	0	0	0	0		0
Samaje Perine	RB	9	0	0	0	20	0	8	0	2	0	0	0	0	0	0		0
Mike Williams	WR	9	0	0	0	0	0	30	1	1	0	0	0	0	0	0		0
Deshaun Watson	QB	9	213	2	0	38	0	0	0	0	0	0	0	0	0	0		0
James Conner	RB	9	0	0	0	107	0	56	1	7	0	0	0	0	0	0		0
Tarik Cohen	RB	9	0	0	0	5	0	8	0	1	0	0	0	0	0	0		0
Michael Roberts	TE	9	0	0	0	0	0	12	0	1	0	0	0	0	0	0		0
Ryan Switzer	WR	9	0	0	0	0	0	21	0	3	0	0	0	0	0	0		0
Eric Saubert	TE	9	0	0	0	0	0	0	0	0	0	0	0	0	0	0		0
David Moore	WR	9	0	0	0	0	0	16	0	2	0	0	0	0	0	0		0
Chris Carson	RB	9	0	0	0	40	0	0	0	0	0	0	0	0	0	0		0
Jason Croom	TE	9	0	0	0	0	0	36	0	3	0	0	1	0	0	0		0
Blake Jarwin	TE	9	0	0	0	0	0	15	0	2	0	0	0	0	0	0		0
Austin Ekeler	RB	9	0	0	0	21	0	13	0	1	0	0	0	0	0	0		0
Robert Tonyan	TE	9	0	0	0	0	0	0	0	0	0	0	0	0	0	0		0
JuJu Smith-Schuster	WR	9	0	0	0	0	0	78	0	7	0	0	0	0	0	0		0
Jonnu Smith	TE	9	0	0	0	0	0	33	1	2	0	0	0	0	0	0		0
Mitchell Trubisky	QB	9	135	1	1	6	0	0	0	0	0	0	0	0	0	0		0
Corey Davis	WR	9	0	0	0	4	0	56	0	6	0	0	0	0	0	0		0
Patrick Mahomes	QB	9	375	3	1	18	0	0	0	0	0	0	0	0	0	0		0
O.J. Howard	TE	9	0	0	0	0	0	53	2	4	0	0	0	0	0	0		0
David Njoku	TE	9	0	0	0	0	0	53	0	4	0	0	0	0	0	0		0
Zay Jones	WR	9	0	0	0	0	0	18	0	4	0	0	0	0	0	0		0
Dalvin Cook	RB	9	0	0	0	89	0	20	0	4	0	0	0	0	0	0		0
Gerald Everett	TE	9	0	0	0	0	0	48	0	3	0	0	0	0	0	1		0
Alvin Kamara	RB	9	0	0	0	82	2	34	1	4	0	0	0	0	0	0		0
Cooper Kupp	WR	9	0	0	0	0	0	89	1	5	0	0	0	0	0	0		0
Taywan Taylor	WR	9	0	0	0	0	0	24	0	2	0	0	0	0	0	0		0
Chris Godwin Jr.	WR	9	0	0	0	0	0	40	0	2	0	0	0	0	0	0		0
Kareem Hunt	RB	9	0	0	0	91	2	50	1	1	0	0	0	0	0	0		0
Kenny Golladay	WR	9	0	0	0	8	0	46	0	3	0	0	0	0	0	0		0
Jamaal Williams	RB	9	0	0	0	34	0	20	0	2	0	0	0	0	0	0		0
Joshua Dobbs	QB	9	22	0	0	0	0	0	0	0	0	0	0	0	0	0		0
Jordan Leggett	TE	9	0	0	0	0	0	6	0	1	0	0	0	0	0	0		0
Nathan Peterman	QB	9	188	0	3	47	1	0	0	0	0	0	0	0	0	0		0
Dan Arnold	TE	9	0	0	0	0	0	0	0	0	0	0	0	0	0	0		0
Brandon Zylstra	WR	9	0	0	0	0	0	0	0	0	0	0	0	0	0	0		0
River Cracraft	WR	9	0	0	0	0	0	0	0	0	0	0	0	0	0	0		0
Ross Dwelley	TE	9	0	0	0	0	0	8	0	1	0	0	0	0	0	0		0
Phillip Lindsay	RB	9	0	0	0	60	0	24	0	2	0	0	0	0	0	0		0
Daniel Carlson	PK	9	0	0	0	0	0	0	0	0	0	0	0	0	0	0	37	0
Trenton Cannon	RB	9	0	0	0	0	0	15	0	1	0	0	0	0	0	0		0
Gus Edwards	RB	9	0	0	0	10	0	0	0	0	0	0	0	0	0	0		0
Dontrell Hilliard	RB	9	0	0	0	0	0	0	0	0	0	0	0	0	0	0		0
J'Mon Moore	WR	9	0	0	0	0	0	0	0	0	0	0	0	0	0	0		0
Marquez Valdes-Scantling	WR	9	0	0	0	0	0	101	0	3	0	0	0	0	0	0		0
Damion Ratley	WR	9	0	0	0	0	0	16	0	2	0	0	0	0	0	0		0
Equanimeous St. Brown	WR	9	0	0	0	0	0	4	0	1	0	0	0	0	0	0		0
Richie James	WR	9	0	0	0	0	0	60	0	2	0	0	0	0	0	0		0
Chad Beebe	WR	9	0	0	0	0	0	21	0	3	0	0	0	0	0	0		0
Jaylen Samuels	RB	9	0	0	0	2	0	0	0	0	0	0	0	0	0	0		0
Courtland Sutton	WR	9	0	0	0	0	0	57	0	3	0	0	0	0	0	0		0
Kerryon Johnson	RB	9	0	0	0	37	0	7	0	3	0	0	0	0	0	0		0
Anthony Miller	WR	9	0	0	0	9	0	49	0	5	0	0	0	0	0	0		0
Jordan Akins	TE	9	0	0	0	0	0	0	0	0	0	0	0	0	0	0		0
Ito Smith	RB	9	0	0	0	60	1	4	0	1	0	0	0	0	0	0		0
Ray-Ray McCloud	WR	9	0	0	0	0	0	0	0	0	0	0	0	0	0	0		0
Russell Gage	WR	9	0	0	0	0	0	0	0	0	0	0	0	0	0	0		0
Buddy Howell	RB	9	0	0	0	0	0	0	0	0	0	0	0	0	0	0		0
Greg Joseph	PK	9	0	0	0	0	0	0	0	0	0	0	0	0	0	0	51	0
Shaun Wilson	RB	9	0	0	0	7	0	0	0	0	0	0	0	0	0	0		0
Brandon Powell	WR	9	0	0	0	0	0	0	0	0	0	0	0	0	0	0		0
Cameron Batson	WR	9	0	0	0	0	0	21	0	2	0	0	0	0	0	0		0
Deontay Burnett	WR	9	0	0	0	0	0	0	0	0	0	0	0	0	0	0		0
James Washington	WR	9	0	0	0	0	0	17	0	2	0	0	0	0	0	0		0
Rashaad Penny	RB	9	0	0	0	11	0	13	0	3	0	0	0	0	0	0		0
Mark Andrews	TE	9	0	0	0	0	0	50	0	3	0	0	0	0	0	0		0
Michael Gallup	WR	9	0	0	0	0	0	51	0	3	0	0	0	0	0	0		0
Tre'Quan Smith	WR	9	0	0	0	0	0	23	1	2	0	0	0	0	0	0		0
Chris Herndon	TE	9	0	0	0	0	0	62	0	4	0	0	0	0	0	0		0
Antonio Callaway	WR	9	0	0	0	0	0	51	0	3	0	0	0	0	0	0		0
Nick Chubb	RB	9	0	0	0	85	1	5	0	1	0	0	0	0	0	0		0
Jason Sanders	PK	9	0	0	0	0	0	0	0	0	0	0	0	0	0	0	43;27	1
Lamar Jackson	QB	9	12	0	0	10	0	0	0	0	0	0	0	0	0	0		0
Kalen Ballage	RB	9	0	0	0	-2	0	17	0	2	0	0	0	0	0	0		0
DJ Moore	WR	9	0	0	0	32	0	16	0	1	0	0	0	0	0	0		0
Mike Gesicki	TE	9	0	0	0	0	0	0	0	0	0	0	0	0	0	0		0
Hayden Hurst	TE	9	0	0	0	0	0	21	0	1	0	0	0	0	0	0		0
Calvin Ridley	WR	9	0	0	0	6	0	71	1	6	0	0	0	0	0	0		0
Baker Mayfield	QB	9	297	2	1	0	0	0	0	0	0	0	0	0	0	0		0
Dante Pettis	WR	9	0	0	0	0	0	0	0	0	0	0	0	0	0	0		0
Sam Darnold	QB	9	229	0	4	0	0	0	0	0	0	0	0	0	0	0		0
Phil Dawson	PK	10	0	0	0	0	0	0	0	0	0	0	0	0	0	0		2
Adam Vinatieri	PK	10	0	0	0	0	0	0	0	0	0	0	0	0	0	0		3
Tom Brady	QB	10	254	0	0	0	0	6	0	1	0	0	0	0	0	0		0
Sebastian Janikowski	PK	10	0	0	0	0	0	0	0	0	0	0	0	0	0	0	33	4
Drew Brees	QB	10	265	3	0	3	1	0	0	0	0	0	0	0	0	0		0
Josh McCown	QB	10	135	0	2	4	0	0	0	0	0	0	0	0	0	0		0
Antonio Gates	TE	10	0	0	0	0	0	18	0	1	0	0	0	0	0	0		0
Eli Manning	QB	10	188	3	0	0	0	0	0	0	0	0	0	0	0	0		0
Larry Fitzgerald	WR	10	0	0	0	0	0	50	0	6	0	0	0	0	0	0		0
Ben Roethlisberger	QB	10	328	5	0	27	0	0	0	0	0	0	0	0	0	0		0
Philip Rivers	QB	10	223	2	1	1	0	0	0	0	0	0	0	0	0	0		0
Benjamin Watson	TE	10	0	0	0	0	0	1	0	1	0	0	0	0	0	0		0
Robbie Gould	PK	10	0	0	0	0	0	0	0	0	0	0	0	0	0	0	53;36;30	2
Alex Smith	QB	10	178	1	0	16	0	0	0	0	0	0	0	0	0	0		0
Aaron Rodgers	QB	10	199	2	0	21	0	0	0	0	0	0	0	0	0	0		0
Frank Gore	RB	10	0	0	0	90	0	12	0	2	0	0	0	0	0	0		0
Ryan Fitzpatrick	QB	10	406	0	2	35	0	0	0	0	1	0	0	0	0	0		0
Matt Prater	PK	10	0	0	0	0	0	0	0	0	0	0	0	0	0	0	52	1
Vernon Davis	TE	10	0	0	0	0	0	0	0	0	0	0	0	0	0	0		0
Marcedes Lewis	TE	10	0	0	0	0	0	30	0	1	0	0	0	0	0	0		0
Stephen Gostkowski	PK	10	0	0	0	0	0	0	0	0	0	0	0	0	0	0	52	1
Adrian Peterson	RB	10	0	0	0	68	0	1	0	2	0	0	0	0	0	0		0
Greg Olsen	TE	10	0	0	0	0	0	40	0	4	0	0	0	0	0	0		0
Mason Crosby	PK	10	0	0	0	0	0	0	0	0	0	0	0	0	0	0	38	4
Steven Hauschka	PK	10	0	0	0	0	0	0	0	0	0	0	0	0	0	0	54;31	5
Danny Amendola	WR	10	0	0	0	0	0	72	0	7	0	0	0	0	0	0		0
Matt Ryan	QB	10	330	2	0	13	0	0	0	0	1	0	0	0	0	0		0
Jordy Nelson	WR	10	0	0	0	0	0	0	0	0	0	0	0	0	0	0		0
DeSean Jackson	WR	10	0	0	0	0	0	67	0	5	0	0	0	0	0	0		0
Matthew Stafford	QB	10	274	2	2	9	0	0	0	0	0	0	0	0	0	0		0
Brian Hoyer	QB	10	7	0	0	2	0	0	0	0	0	0	0	0	0	0		0
Graham Gano	PK	10	0	0	0	0	0	0	0	0	0	0	0	0	0	0		3
Ryan Succop	PK	10	0	0	0	0	0	0	0	0	0	0	0	0	0	0	33;31	4
Darrius Heyward-Bey	WR	10	0	0	0	0	0	9	0	1	0	0	0	0	0	0		0
LeSean McCoy	RB	10	0	0	0	113	2	5	0	1	0	0	0	0	0	0		0
Jared Cook	TE	10	0	0	0	0	0	52	0	4	0	0	0	0	0	0		0
Julian Edelman	WR	10	6	0	0	0	0	104	0	9	0	0	0	0	0	0		0
Logan Paulsen	TE	10	0	0	0	0	0	13	0	2	0	0	0	0	0	0		0
LeGarrette Blount	RB	10	0	0	0	4	0	0	0	0	0	0	0	0	0	0		0
Ed Dickson	TE	10	0	0	0	0	0	24	0	1	0	0	0	0	0	0		0
Brandon LaFell	WR	10	0	0	0	0	0	47	0	4	0	0	0	0	0	0		0
Andre Roberts	WR	10	0	0	0	0	0	0	0	0	0	0	0	0	0	0		0
Jimmy Graham	TE	10	0	0	0	0	0	14	0	1	0	0	0	0	0	0		0
Antonio Brown	WR	10	0	0	0	0	0	96	1	6	0	0	0	0	0	0		0
Golden Tate	WR	10	0	0	0	0	0	19	0	2	0	0	0	0	0	0		0
Cam Newton	QB	10	193	2	1	10	0	0	0	0	0	0	0	0	0	0		0
Julio Jones	WR	10	0	0	0	0	0	107	1	7	0	0	0	0	0	0		0
Mark Ingram	RB	10	0	0	0	104	0	58	1	3	0	0	0	0	0	0		0
Andy Dalton	QB	10	153	1	2	8	0	0	0	0	0	0	0	0	0	0		0
Lance Kendricks	TE	10	0	0	0	0	0	24	0	2	0	0	0	0	0	0		0
Stevan Ridley	RB	10	0	0	0	26	0	0	0	0	0	0	0	0	0	0		0
Jacquizz Rodgers	RB	10	0	0	0	0	0	102	0	8	0	0	1	0	0	0		0
Dion Lewis	RB	10	0	0	0	57	0	11	0	2	0	0	0	0	0	0		0
Dwayne Harris	WR	10	0	0	0	0	0	0	0	1	0	0	0	0	0	0		0
Virgil Green	TE	10	0	0	0	0	0	30	0	2	0	0	0	0	0	0		0
Chris Hogan	WR	10	0	0	0	0	0	0	0	0	0	0	0	0	0	0		0
Andre Holmes	WR	10	0	0	0	0	0	22	0	1	0	0	0	0	0	0		0
Dontrelle Inman	WR	10	0	0	0	0	0	41	0	4	0	0	0	0	0	0		0
Doug Baldwin	WR	10	0	0	0	0	0	39	0	5	0	0	0	0	0	0		0
Terrelle Pryor	WR	10	0	0	0	0	0	0	0	0	0	0	0	0	0	0		0
Giorgio Tavecchio	PK	10	0	0	0	0	0	0	0	0	0	0	0	0	0	0	40	1
Cole Beasley	WR	10	0	0	0	0	0	37	0	4	0	0	0	0	0	0		0
Derek Carrier	TE	10	0	0	0	0	0	5	0	1	0	0	0	0	0	0		0
Alshon Jeffery	WR	10	0	0	0	0	0	48	0	4	0	0	0	0	0	0		0
Alfred Morris	RB	10	0	0	0	19	0	0	0	0	0	0	0	0	0	0		0
Jermaine Kearse	WR	10	0	0	0	0	0	16	0	2	0	0	0	0	0	0		0
Brandon Bolden	RB	10	0	0	0	0	0	0	0	0	0	0	0	0	0	0		0
Russell Wilson	QB	10	176	3	0	92	0	0	0	0	1	0	0	0	0	0		0
Travis Benjamin	WR	10	0	0	0	-2	0	0	0	0	0	0	0	0	0	0		0
Marvin Jones	WR	10	0	0	0	0	0	55	0	3	0	0	0	0	0	0		0
Orson Charles	TE	10	0	0	0	0	0	6	0	1	0	0	0	0	0	0		0
Randy Bullock	PK	10	0	0	0	0	0	0	0	0	0	0	0	0	0	0		2
Jamize Olawale	RB	10	0	0	0	0	0	0	0	0	0	0	0	0	0	0		0
Jarius Wright	WR	10	0	0	0	0	0	22	0	3	0	0	0	0	0	0		0
Rishard Matthews	WR	10	0	0	0	0	0	0	0	0	0	0	0	0	0	0		0
Rhett Ellison	TE	10	0	0	0	0	0	6	0	1	0	0	0	0	0	0		0
T.Y. Hilton	WR	10	0	0	0	0	0	77	0	3	0	0	0	0	0	0		0
Doug Martin	RB	10	0	0	0	61	0	31	0	3	0	0	0	0	0	0		0
Greg Zuerlein	PK	10	0	0	0	0	0	0	0	0	0	0	0	0	0	0	35;37;20	3
Mohamed Sanu	WR	10	0	0	0	0	0	47	0	6	0	0	1	0	0	0		0
Michael Floyd	WR	10	0	0	0	0	0	15	0	2	0	0	0	0	0	0		0
Josh Gordon	WR	10	0	0	0	0	0	81	0	4	0	0	0	0	0	0		0
Andrew Luck	QB	10	285	3	1	-2	0	0	0	0	0	0	0	0	0	0		0
Brock Osweiler	QB	10	213	0	1	0	0	0	0	0	0	1	0	0	0	0		0
Dwayne Allen	TE	10	0	0	0	0	0	10	0	1	0	0	0	0	0	0		0
C.J. Anderson	RB	10	0	0	0	-1	0	0	0	0	0	0	0	0	0	0		0
Zach Ertz	TE	10	0	0	0	0	0	145	2	14	0	0	0	0	0	0		0
Marquise Goodwin	WR	10	0	0	0	0	0	69	0	4	0	0	0	0	0	0		0
Kenny Stills	WR	10	0	0	0	0	0	26	0	2	0	0	0	0	0	0		0
Dustin Hopkins	PK	10	0	0	0	0	0	0	0	0	0	0	0	0	0	0	43;43;26	1
Theo Riddick	RB	10	0	0	0	0	0	60	0	6	0	0	0	0	0	0		0
Demetrius Harris	TE	10	0	0	0	0	0	0	0	0	0	0	0	0	0	0		0
Jack Doyle	TE	10	0	0	0	0	0	36	0	3	0	0	0	0	0	0		0
Josh Hill	TE	10	0	0	0	0	0	0	0	0	0	0	0	0	0	0		0
Keenan Allen	WR	10	0	0	0	0	0	57	1	6	0	0	0	0	0	0		0
Brett Maher	PK	10	0	0	0	0	0	0	0	0	0	0	0	0	0	0	25;31	3
Spencer Ware	RB	10	0	0	0	6	1	7	0	1	0	0	0	0	0	0		0
Robert Woods	WR	10	0	0	0	17	0	89	0	4	0	0	0	0	0	0		0
Levine Toilolo	TE	10	0	0	0	0	0	16	0	1	0	0	0	0	0	0		0
Giovani Bernard	RB	10	0	0	0	6	0	30	0	2	0	0	0	0	0	0		0
Vance McDonald	TE	10	0	0	0	0	0	44	1	4	0	0	0	0	0	0		0
Jordan Reed	TE	10	0	0	0	0	0	51	0	4	0	0	0	0	0	0		0
Travis Kelce	TE	10	0	0	0	0	0	46	0	6	0	0	0	0	0	0		0
Matt Barkley	QB	10	232	2	0	-2	0	0	0	0	0	0	0	0	0	0		0
Cordarrelle Patterson	RB	10	0	0	0	11	0	0	0	0	0	0	0	0	0	0		0
Isaiah Crowell	RB	10	0	0	0	19	1	18	0	2	0	0	0	0	0	0		0
Bennie Fowler	WR	10	0	0	0	0	0	0	0	0	0	0	0	0	0	0		0
Trey Burton	TE	10	0	0	0	0	0	40	0	4	0	0	0	0	0	1		0
David Fluellen	RB	10	0	0	0	14	0	0	0	0	0	0	0	0	0	0		0
Allen Hurns	WR	10	0	0	0	0	0	40	0	2	0	0	0	0	0	0		0
Cody Parkey	PK	10	0	0	0	0	0	0	0	0	0	0	0	0	0	0		2
Damien Williams	RB	10	0	0	0	0	0	0	0	0	0	0	0	0	0	0		0
Chandler Catanzaro	PK	10	0	0	0	0	0	0	0	0	0	0	0	0	0	0	33	0
Quincy Enunwa	WR	10	0	0	0	0	0	18	0	4	0	0	0	0	0	0		0
Carlos Hyde	RB	10	0	0	0	5	0	0	0	0	0	0	0	0	0	0		0
James White	RB	10	0	0	0	-5	0	31	0	5	0	0	0	0	0	0		0
Ryan Grant	WR	10	0	0	0	0	0	6	0	1	0	0	0	0	0	0		0
Kapri Bibbs	RB	10	0	0	0	28	0	13	0	2	0	0	0	0	0	0		0
Chris Boswell	PK	10	0	0	0	0	0	0	0	0	0	0	0	0	0	0	50	7
Seth Roberts	WR	10	0	0	0	0	0	39	0	3	0	0	0	0	0	0		0
Scott Simonson	TE	10	0	0	0	0	0	0	0	0	0	0	0	0	0	0		0
T.J. Jones	WR	10	0	0	0	0	0	12	0	1	0	0	0	0	0	0		0
Senorise Perry	RB	10	0	0	0	0	0	0	0	0	0	0	0	0	0	0		0
Taylor Gabriel	WR	10	0	0	0	0	0	0	0	0	0	0	0	0	0	0		0
Odell Beckham Jr.	WR	10	0	0	0	0	0	73	2	4	0	0	0	0	0	0		0
Brandin Cooks	WR	10	0	0	0	9	1	100	0	10	0	0	0	0	0	0		0
Teddy Bridgewater	QB	10	0	0	0	-3	0	0	0	0	0	0	0	0	0	0		0
Logan Thomas	TE	10	15	0	0	0	0	1	0	1	0	0	0	0	0	0		0
Cameron Brate	TE	10	0	0	0	0	0	14	0	1	0	0	0	0	0	0		0
Derek Carr	QB	10	243	0	0	2	0	0	0	0	1	0	0	0	0	0		0
Jordan Matthews	TE	10	0	0	0	0	0	40	0	3	0	0	0	0	0	0		0
Donte Moncrief	WR	10	0	0	0	0	0	98	1	3	0	0	0	0	0	0		0
Kelvin Benjamin	WR	10	0	0	0	0	0	0	0	0	0	0	0	0	0	0		0
Martavis Bryant	WR	10	0	0	0	2	0	17	0	3	0	0	0	0	0	0		0
Davante Adams	WR	10	0	0	0	0	0	57	2	4	0	0	0	0	0	0		0
Jarvis Landry	WR	10	0	0	0	0	0	22	0	2	0	0	0	0	0	0		0
Eric Ebron	TE	10	0	0	0	2	1	69	2	3	0	0	0	0	0	0		0
Blake Bortles	QB	10	320	2	0	8	0	0	0	0	0	0	0	0	0	0		0
Mike Evans	WR	10	0	0	0	0	0	51	0	3	0	0	0	0	0	0		0
Allen Robinson	WR	10	0	0	0	0	0	133	2	6	0	0	0	0	0	0		0
Jason Myers	PK	10	0	0	0	0	0	0	0	0	0	0	0	0	0	0	55	1
Amari Cooper	WR	10	0	0	0	0	0	75	0	6	0	0	0	0	0	0		0
DeVante Parker	WR	10	0	0	0	0	0	43	0	5	0	0	0	0	0	0		0
Nelson Agholor	WR	10	0	0	0	0	0	83	0	5	0	0	0	0	0	0		0
Justin Hardy	WR	10	0	0	0	0	0	7	0	1	0	0	0	0	0	0		0
A.J. Derby	TE	10	0	0	0	0	0	13	0	1	0	0	0	0	0	0		0
Zach Zenner	RB	10	0	0	0	12	0	0	0	0	0	0	0	0	0	0		0
Eric Tomlinson	TE	10	0	0	0	0	0	0	0	0	0	0	0	0	0	0		0
Matt Lengel	TE	10	0	0	0	0	0	0	0	0	0	0	0	0	0	0		0
Malcolm Brown	RB	10	0	0	0	0	0	10	0	1	0	0	0	0	0	0		0
Rod Smith	RB	10	0	0	0	8	0	14	0	1	0	0	0	0	0	0		0
James O'Shaughnessy	TE	10	0	0	0	0	0	46	0	5	0	0	0	0	0	0		0
Marcus Murphy	RB	10	0	0	0	69	0	0	0	0	0	0	0	0	0	0		0
Darius Jennings	WR	10	21	0	0	0	0	0	0	1	0	0	0	0	0	0		0
Adam Humphries	WR	10	0	0	0	0	0	53	0	2	0	0	0	0	0	0		0
Breshad Perriman	WR	10	0	0	0	0	0	33	0	2	0	0	0	0	0	0		0
Devin Funchess	WR	10	0	0	0	0	0	32	0	3	0	0	0	0	0	0		0
Tevin Coleman	RB	10	0	0	0	44	0	19	0	3	0	0	0	0	0	0		0
Blake Bell	TE	10	0	0	0	0	0	27	0	2	0	0	0	0	0	0		0
Mike Davis	RB	10	0	0	0	58	0	22	1	4	0	0	0	0	0	0		0
Josh Lambo	PK	10	0	0	0	0	0	0	0	0	0	0	0	0	0	0	28;55	2
J.J. Nelson	WR	10	0	0	0	-10	0	0	0	0	0	0	0	0	0	0		0
Nick O'Leary	TE	10	0	0	0	0	0	5	0	1	0	0	0	0	0	0		0
Chris Conley	WR	10	0	0	0	0	0	22	0	1	0	0	0	0	0	0		0
C.J. Uzomah	TE	10	0	0	0	0	0	23	0	3	0	0	0	0	0	0		0
Jesse James	TE	10	0	0	0	0	0	8	1	1	0	0	0	0	0	0		0
Geoff Swaim	TE	10	0	0	0	0	0	13	0	3	0	0	0	0	0	0		0
Melvin Gordon	RB	10	0	0	0	93	0	72	1	5	0	0	0	0	0	0		0
Tyrell Williams	WR	10	0	0	0	0	0	46	0	4	0	0	0	0	0	0		0
Rashad Greene	WR	10	0	0	0	0	0	11	0	1	0	0	1	0	0	0		0
David Johnson	RB	10	0	0	0	98	1	85	1	7	0	0	0	0	0	0		0
Phillip Dorsett	WR	10	0	0	0	0	0	18	0	2	0	0	0	0	0	0		0
T.J. Yeldon	RB	10	0	0	0	12	0	51	0	5	0	0	0	0	0	0		0
Tyler Lockett	WR	10	0	0	0	18	0	67	1	5	0	0	0	0	0	0		0
Todd Gurley	RB	10	0	0	0	120	1	40	0	3	0	0	0	0	0	0		0
Duke Johnson	RB	10	0	0	0	15	0	31	1	4	0	0	0	0	0	0		0
Marcus Mariota	QB	10	228	2	0	21	0	21	0	1	0	0	0	0	0	0		0
Chester Rogers	WR	10	0	0	0	-4	0	0	0	0	0	0	0	0	0	0		0
Maurice Harris	WR	10	0	0	0	4	0	52	0	5	0	0	0	0	0	0		0
Sterling Shepard	WR	10	0	0	0	27	0	9	1	2	0	0	0	0	0	0		0
Austin Hooper	TE	10	0	0	0	0	0	56	1	10	0	0	0	0	0	0		0
C.J. Prosise	RB	10	0	0	0	-3	0	0	0	0	0	0	0	0	0	0		0
Nick Vannett	TE	10	0	0	0	0	0	8	1	1	0	0	0	0	0	0		0
Jeff Driskel	QB	10	45	0	0	35	1	0	0	0	0	0	0	0	0	0		0
Dwayne Washington	RB	10	0	0	0	47	0	0	0	0	0	0	0	0	0	0		0
Tra Carson	RB	10	0	0	0	0	0	0	0	0	0	0	0	0	0	0		0
Alex Erickson	WR	10	0	0	0	0	0	0	0	0	0	0	0	0	0	0		0
Wil Lutz	PK	10	0	0	0	0	0	0	0	0	0	0	0	0	0	0	29;42;41	6
Josh Perkins	TE	10	0	0	0	0	0	0	0	0	0	0	0	0	0	0		0
Ben Braunecker	TE	10	0	0	0	0	0	20	0	1	0	0	0	0	0	0		0
Peyton Barber	RB	10	0	0	0	61	0	5	0	1	0	0	0	0	0	0		0
Josh Doctson	WR	10	0	0	0	0	0	46	1	4	0	0	0	0	0	0		0
Derrick Henry	RB	10	0	0	0	58	2	0	0	0	0	0	0	0	0	0		0
Michael Thomas	WR	10	0	0	0	0	0	70	2	8	0	0	0	0	0	0		0
Demarcus Robinson	WR	10	0	0	0	0	0	30	0	3	0	0	0	0	0	0		0
Tajae Sharpe	WR	10	0	0	0	0	0	0	0	0	0	0	0	0	0	0		0
Jordan Howard	RB	10	0	0	0	21	0	11	0	1	0	0	0	0	0	0		0
Wendell Smallwood	RB	10	0	0	0	4	0	30	0	3	0	0	0	0	0	0		0
Jakeem Grant	WR	10	0	0	0	0	0	0	0	0	0	0	0	0	0	0		0
Cody Core	WR	10	0	0	0	0	0	17	0	2	0	0	0	0	0	0		0
Aldrick Rosas	PK	10	0	0	0	0	0	0	0	0	0	0	0	0	0	0	20;31	3
Carson Wentz	QB	10	360	2	1	7	0	0	0	0	0	0	0	0	0	0		0
Charone Peake	WR	10	0	0	0	0	0	11	0	1	0	0	0	0	0	0		0
Corey Coleman	WR	10	0	0	0	0	0	11	0	1	0	0	0	0	0	0		0
Rashard Higgins	WR	10	0	0	0	0	0	28	1	1	0	0	0	0	0	0		0
Tyler Boyd	WR	10	0	0	0	0	0	65	0	3	0	0	0	0	0	0		0
Jalen Richard	RB	10	0	0	0	7	0	52	0	5	0	0	0	0	0	0		0
Tyreek Hill	WR	10	0	0	0	20	0	117	2	7	0	0	0	0	0	0		0
Ezekiel Elliott	RB	10	0	0	0	151	1	36	1	6	0	0	0	0	0	0		0
Leonte Carroo	WR	10	0	0	0	14	0	20	0	1	0	0	0	0	0	0		0
Dak Prescott	QB	10	270	1	0	9	1	0	0	0	0	0	0	0	0	0		0
Seth DeValve	TE	10	0	0	0	0	0	0	0	0	0	0	0	0	0	0		0
Marvin Hall	WR	10	0	0	0	0	0	12	0	1	0	0	0	0	0	0		0
Jared Goff	QB	10	318	2	0	3	0	0	0	0	0	0	0	0	0	0		0
Tyler Higbee	TE	10	0	0	0	0	0	25	1	3	0	0	0	0	0	0		0
Kenyan Drake	RB	10	0	0	0	27	0	11	0	2	0	0	0	0	0	0		0
Mo Alie-Cox	TE	10	0	0	0	0	0	28	1	2	0	0	0	0	0	0		0
Darrell Daniels	TE	10	0	0	0	0	0	0	0	0	0	0	0	0	0	0		0
JoJo Natson	WR	10	0	0	0	0	0	0	0	0	0	0	0	0	0	0		0
Christian McCaffrey	RB	10	0	0	0	77	1	61	2	5	0	0	0	0	0	0		0
Curtis Samuel	WR	10	0	0	0	1	0	18	0	4	0	0	0	0	0	0		0
George Kittle	TE	10	0	0	0	0	0	83	0	9	0	0	0	0	0	0		0
Trent Taylor	WR	10	0	0	0	0	0	12	0	1	0	0	0	0	0	0		0
Aaron Jones	RB	10	0	0	0	145	2	27	0	3	0	0	0	0	0	0		0
Elijah McGuire	RB	10	0	0	0	30	0	27	0	3	0	0	0	0	0	0		0
Alex Armah	RB	10	0	0	0	3	0	0	0	0	0	0	0	0	0	0		0
Harrison Butker	PK	10	0	0	0	0	0	0	0	0	0	0	0	0	0	0	45;46	2
Kendrick Bourne	WR	10	0	0	0	0	0	33	0	4	0	0	0	0	0	0		0
Matt Breida	RB	10	0	0	0	101	1	31	1	3	0	0	0	0	0	0		0
Nick Mullens	QB	10	250	1	2	1	0	0	0	0	0	0	0	0	0	0		0
Taysom Hill	TE	10	0	0	0	24	0	0	0	0	0	0	0	0	0	0		0
Taquan Mizzell	RB	10	0	0	0	0	0	0	0	0	0	0	0	0	0	0		0
Austin Carr	WR	10	0	0	0	0	0	20	0	2	0	0	0	0	0	0		0
Jacob Hollister	TE	10	0	0	0	0	0	17	0	1	0	0	0	0	0	0		0
Anthony Firkser	TE	10	0	0	0	0	0	11	0	1	0	0	0	0	0	0		0
John Ross	WR	10	0	0	0	0	0	39	1	2	0	0	0	0	0	0		0
Isaiah McKenzie	WR	10	0	0	0	32	0	14	0	1	0	0	0	0	0	0		0
Marcus Kemp	WR	10	0	0	0	0	0	0	0	0	0	0	0	0	0	0		0
Jeremy Sprinkle	TE	10	0	0	0	0	0	0	0	0	0	0	0	0	0	0		0
Mike Williams	WR	10	0	0	0	0	0	0	0	0	0	0	0	0	0	0		0
James Conner	RB	10	0	0	0	65	1	8	0	1	0	0	0	0	0	0		0
Tarik Cohen	RB	10	0	0	0	15	1	29	0	6	0	0	0	0	0	0		0
Michael Roberts	TE	10	0	0	0	0	0	9	0	1	0	0	0	0	0	0		0
Ryan Switzer	WR	10	0	0	0	0	0	31	0	2	0	0	0	0	0	0		0
Brian Hill	RB	10	0	0	0	0	0	0	0	0	0	0	0	0	0	0		0
Eric Saubert	TE	10	0	0	0	0	0	17	0	1	0	0	0	0	0	0		0
David Moore	WR	10	0	0	0	0	0	16	0	1	0	0	0	0	0	0		0
Noah Brown	WR	10	0	0	0	0	0	0	0	0	0	0	0	0	0	0		0
Ricky Seals-Jones	TE	10	0	0	0	0	0	51	0	5	0	0	0	0	0	0		0
Jason Croom	TE	10	0	0	0	0	0	0	0	0	0	0	0	0	0	0		0
Austin Ekeler	RB	10	0	0	0	19	0	0	0	0	0	0	0	0	0	0		0
Corey Clement	RB	10	0	0	0	13	0	-5	0	1	0	0	0	0	0	0		0
Jake Elliott	PK	10	0	0	0	0	0	0	0	0	0	0	0	0	0	0	56;26	2
T.J. Logan	RB	10	0	0	0	0	0	14	0	2	0	0	0	0	0	0		0
Dede Westbrook	WR	10	0	0	0	13	0	30	0	5	0	0	0	0	0	0		0
Leonard Fournette	RB	10	0	0	0	53	1	56	1	5	0	0	0	0	0	0		0
JuJu Smith-Schuster	WR	10	0	0	0	13	0	90	1	3	0	0	0	0	0	0		0
Jonnu Smith	TE	10	0	0	0	0	0	45	1	3	0	0	0	0	0	0		0
Mitchell Trubisky	QB	10	355	3	0	18	1	0	0	0	0	0	0	1	0	0		0
Corey Davis	WR	10	0	0	0	0	0	125	1	7	0	0	0	0	0	0		0
Patrick Mahomes	QB	10	249	2	0	21	0	0	0	0	0	0	0	0	0	0		0
O.J. Howard	TE	10	0	0	0	0	0	15	0	1	0	0	0	0	0	0		0
Evan Engram	TE	10	0	0	0	0	0	46	0	4	0	0	0	0	0	0		0
David Njoku	TE	10	0	0	0	0	0	18	0	1	0	0	0	0	0	0		0
Zay Jones	WR	10	0	0	0	0	0	93	1	8	0	0	0	0	0	0		0
Gerald Everett	TE	10	0	0	0	0	0	15	1	2	0	0	0	0	0	0		0
Joe Mixon	RB	10	0	0	0	61	0	24	0	2	0	0	0	0	0	0		0
Alvin Kamara	RB	10	0	0	0	56	2	46	0	4	0	0	0	0	0	0		0
Cooper Kupp	WR	10	0	0	0	0	0	39	0	5	0	0	0	0	0	0		0
Chris Godwin Jr.	WR	10	0	0	0	0	0	103	0	7	0	0	0	0	0	0		0
Kareem Hunt	RB	10	0	0	0	71	0	25	0	2	0	0	0	0	0	0		0
Kenny Golladay	WR	10	0	0	0	0	0	78	1	6	0	0	0	0	0	0		0
Jamaal Williams	RB	10	0	0	0	3	0	0	0	0	0	0	0	0	0	0		0
Joshua Dobbs	QB	10	-3	0	0	0	0	0	0	0	0	0	0	0	0	0		0
Wayne Gallman	RB	10	0	0	0	3	0	0	0	0	0	0	0	0	0	0		0
Marlon Mack	RB	10	0	0	0	29	0	9	0	2	0	0	0	0	1	0		0
Jordan Leggett	TE	10	0	0	0	0	0	6	0	1	0	0	0	0	0	0		0
Dan Arnold	TE	10	0	0	0	0	0	25	0	2	0	0	0	0	0	0		0
Mike Badgley	PK	10	0	0	0	0	0	0	0	0	0	0	0	0	0	0	27;41	2
Daniel Carlson	PK	10	0	0	0	0	0	0	0	0	0	0	0	0	0	0	46;30	0
Trenton Cannon	RB	10	0	0	0	30	0	5	0	1	0	0	0	0	0	0		0
Quadree Henderson	WR	10	0	0	0	0	0	0	0	0	0	0	0	0	0	0		0
Dontrell Hilliard	RB	10	0	0	1	0	0	6	0	1	0	0	0	0	0	0		0
Marquez Valdes-Scantling	WR	10	0	0	0	0	0	44	0	6	0	0	0	0	0	0		0
Equanimeous St. Brown	WR	10	0	0	0	0	0	3	0	2	0	0	0	0	0	0		0
Richie James	WR	10	0	0	0	0	0	0	0	0	0	0	0	0	0	0		0
Keith Kirkwood	WR	10	0	0	0	0	0	45	0	2	0	0	0	0	0	0		0
Jaylen Samuels	RB	10	0	0	0	7	0	22	1	3	0	0	0	0	0	0		0
Josh Rosen	QB	10	208	1	2	-1	0	0	0	0	0	0	0	0	0	0		0
Kerryon Johnson	RB	10	0	0	0	51	1	38	1	6	0	1	0	0	0	0		0
Dallas Goedert	TE	10	0	0	0	0	0	0	0	0	0	0	0	0	0	0		0
Anthony Miller	WR	10	0	0	0	0	0	122	1	5	0	0	0	0	0	0		0
Nyheim Hines	RB	10	0	0	0	3	0	19	0	3	0	0	0	0	0	0		0
Ito Smith	RB	10	0	0	0	11	0	15	0	4	0	0	0	0	0	0		0
Dalton Schultz	TE	10	0	0	0	0	0	21	0	2	0	0	0	0	0	0		0
Jordan Wilkins	RB	10	0	0	0	53	0	0	0	0	0	0	0	0	0	0		0
Justin Jackson	RB	10	0	0	0	0	0	0	0	0	0	0	0	0	0	0		0
Greg Joseph	PK	10	0	0	0	0	0	0	0	0	0	0	0	0	0	0		4
Josh Adams	RB	10	0	0	0	47	0	0	0	0	0	0	0	0	0	0		0
Trent Sherfield	WR	10	0	0	0	0	0	0	0	0	0	0	0	0	0	0		0
Robert Foster	WR	10	0	0	0	0	0	105	0	3	0	0	0	0	0	0		0
Shaun Wilson	RB	10	0	0	0	7	0	-4	0	1	0	0	0	0	0	0		0
Brandon Powell	WR	10	0	0	0	0	0	6	0	1	0	0	0	0	0	0		0
Cameron Batson	WR	10	0	0	0	0	0	36	0	2	0	0	0	0	0	0		0
Chase Edmonds	RB	10	0	0	0	7	0	0	0	0	0	0	0	0	0	0		0
Auden Tate	WR	10	0	0	0	0	0	0	0	0	0	0	0	0	0	0		0
Rashaad Penny	RB	10	0	0	0	108	1	0	0	0	0	0	0	0	0	0		0
Michael Gallup	WR	10	0	0	0	0	0	34	0	2	0	0	0	0	0	0		0
Chris Herndon	TE	10	0	0	0	0	0	34	0	3	0	0	0	0	0	0		0
Antonio Callaway	WR	10	0	0	0	0	0	39	0	2	0	0	0	0	0	0		0
Christian Kirk	WR	10	0	0	0	0	0	8	0	2	0	0	0	0	0	0		0
DJ Chark	WR	10	0	0	0	0	0	0	0	0	0	0	0	0	0	0		0
Nick Chubb	RB	10	0	0	0	176	1	33	1	3	0	0	0	0	0	0		0
Jason Sanders	PK	10	0	0	0	0	0	0	0	0	0	0	0	0	0	0	37;25;47;40	0
Kalen Ballage	RB	10	0	0	0	0	0	6	0	1	0	0	0	0	0	0		0
DJ Moore	WR	10	0	0	0	5	0	20	0	4	0	0	0	0	0	0		0
Mike Gesicki	TE	10	0	0	0	0	0	5	0	1	0	0	0	0	0	0		0
Calvin Ridley	WR	10	0	0	0	3	0	37	0	3	0	0	0	0	0	0		0
Saquon Barkley	RB	10	0	0	0	67	0	33	0	4	0	0	0	0	0	0		0
Sony Michel	RB	10	0	0	0	31	0	0	0	0	0	0	0	0	0	0		0
Baker Mayfield	QB	10	216	3	0	20	0	0	0	0	0	0	0	0	0	0		0
Dante Pettis	WR	10	0	0	0	0	0	12	0	4	0	0	0	0	0	0		0
Adam Vinatieri	PK	11	0	0	0	0	0	0	0	0	0	0	0	0	0	0	22	5
Sebastian Janikowski	PK	11	0	0	0	0	0	0	0	0	0	0	0	0	0	0	39;43	3
Drew Brees	QB	11	363	4	0	0	0	0	0	0	0	0	0	0	0	0		0
Matt Bryant	PK	11	0	0	0	0	0	0	0	0	0	0	0	0	0	0	41;45;53;21	1
Antonio Gates	TE	11	0	0	0	0	0	80	1	5	0	0	0	0	0	0		0
Eli Manning	QB	11	231	2	0	-1	0	0	0	0	0	0	0	0	0	0		0
Larry Fitzgerald	WR	11	0	0	0	0	0	23	2	2	0	0	0	0	0	0		0
Ben Roethlisberger	QB	11	314	2	3	1	1	0	0	0	0	0	0	0	0	0		0
Philip Rivers	QB	11	401	2	2	-4	0	0	0	0	0	0	0	0	0	0		0
Alex Smith	QB	11	135	0	2	33	0	0	0	0	0	0	0	0	0	0		0
Aaron Rodgers	QB	11	332	2	0	3	0	0	0	0	0	0	0	0	0	0		0
Ryan Fitzpatrick	QB	11	167	0	3	14	1	0	0	0	0	0	0	0	0	0		0
Matt Prater	PK	11	0	0	0	0	0	0	0	0	0	0	0	0	0	0	54;32	2
Vernon Davis	TE	11	0	0	0	0	0	0	0	0	0	0	0	0	0	0		0
Adrian Peterson	RB	11	0	0	0	51	2	0	0	0	0	0	0	0	0	0		0
Greg Olsen	TE	11	0	0	0	0	0	9	1	2	0	0	0	0	0	0		0
Mason Crosby	PK	11	0	0	0	0	0	0	0	0	0	0	0	0	0	0	36	3
Matt Ryan	QB	11	291	1	1	1	0	0	0	0	0	0	0	0	0	0		0
DeSean Jackson	WR	11	0	0	0	0	0	38	0	4	0	0	0	0	0	0		0
Matthew Stafford	QB	11	220	1	0	6	0	0	0	0	0	0	0	0	0	0		0
Graham Gano	PK	11	0	0	0	0	0	0	0	0	0	0	0	0	0	0		1
Ryan Succop	PK	11	0	0	0	0	0	0	0	0	0	0	0	0	0	0	42	1
Darrius Heyward-Bey	WR	11	0	0	0	0	0	0	0	0	0	0	0	0	0	0		0
Michael Crabtree	WR	11	0	0	0	0	0	7	0	1	0	0	0	0	0	0		0
Jared Cook	TE	11	0	0	0	0	0	31	1	3	0	0	0	0	0	0		0
Logan Paulsen	TE	11	0	0	0	0	0	19	0	2	0	0	0	0	0	0		0
LeGarrette Blount	RB	11	0	0	0	1	0	0	0	0	0	0	0	0	0	0		0
Ed Dickson	TE	11	0	0	0	0	0	15	1	1	0	0	0	0	0	0		0
Brandon LaFell	WR	11	0	0	0	0	0	29	1	2	0	0	0	0	0	0		0
Emmanuel Sanders	WR	11	0	0	0	6	0	56	0	4	0	0	0	0	0	0		0
Colt McCoy	QB	11	54	1	0	35	0	0	0	0	0	0	0	0	0	0		0
Jimmy Graham	TE	11	0	0	0	0	0	13	0	1	0	0	0	0	0	0		0
Antonio Brown	WR	11	0	0	0	0	0	117	1	5	0	0	0	0	0	0		0
Jermaine Gresham	TE	11	0	0	0	0	0	8	0	1	0	0	0	0	0	0		0
Demaryius Thomas	WR	11	0	0	0	0	0	0	0	0	0	0	0	0	0	0		0
Golden Tate	WR	11	0	0	0	-8	0	48	0	5	0	0	0	0	0	0		0
Cam Newton	QB	11	357	3	1	2	0	0	0	0	0	0	0	0	0	0		0
Julio Jones	WR	11	0	0	0	0	0	118	1	6	0	0	0	0	0	0		0
Blaine Gabbert	QB	11	118	1	1	0	0	0	0	0	0	0	0	0	0	0		0
Mark Ingram	RB	11	0	0	0	103	2	0	0	0	0	0	0	0	0	0		0
Andy Dalton	QB	11	211	2	0	29	0	0	0	0	0	0	0	0	0	0		0
Kyle Rudolph	TE	11	0	0	0	0	0	13	0	2	0	0	0	0	0	0		0
Lance Kendricks	TE	11	0	0	0	0	0	12	0	2	0	0	0	0	0	0		0
Luke Stocker	TE	11	0	0	0	0	0	16	0	2	0	0	0	0	0	0		0
Jacquizz Rodgers	RB	11	0	0	0	15	0	0	0	0	0	0	0	0	0	0		0
Dion Lewis	RB	11	0	0	0	24	0	8	0	1	0	0	0	0	0	0		0
Lee Smith	TE	11	0	0	0	0	0	6	0	2	0	0	0	0	0	0		0
Dwayne Harris	WR	11	0	0	0	0	0	0	0	0	0	0	0	0	0	0		0
Aldrick Robinson	WR	11	0	0	0	0	0	24	1	2	0	0	0	0	0	0		0
Virgil Green	TE	11	0	0	0	0	0	27	0	2	0	0	0	0	0	0		0
Dontrelle Inman	WR	11	0	0	0	0	0	34	1	4	0	0	0	0	0	0		0
Doug Baldwin	WR	11	0	0	0	0	0	52	1	7	0	0	0	0	0	0		0
Dan Bailey	PK	11	0	0	0	0	0	0	0	0	0	0	0	0	0	0	36;36	0
Case Keenum	QB	11	205	0	0	0	0	0	0	0	0	0	0	0	0	0		0
Cole Beasley	WR	11	0	0	0	0	0	51	0	5	0	0	0	0	0	0		0
Derek Carrier	TE	11	0	0	0	0	0	0	0	0	0	0	0	0	0	0		0
Alshon Jeffery	WR	11	0	0	0	0	0	33	0	4	0	0	0	0	0	0		0
Russell Wilson	QB	11	225	2	0	17	0	-11	0	1	0	0	0	0	0	0		0
Travis Benjamin	WR	11	0	0	0	0	0	0	0	0	0	0	0	0	0	0		0
Josh Bellamy	WR	11	0	0	0	0	0	11	0	2	0	0	0	0	0	1		0
Randy Bullock	PK	11	0	0	0	0	0	0	0	0	0	0	0	0	0	0		3
Jarius Wright	WR	11	0	0	0	0	0	40	0	3	0	0	0	0	0	0		0
Rhett Ellison	TE	11	0	0	0	0	0	12	0	1	0	0	0	0	0	0		0
Justin Tucker	PK	11	0	0	0	0	0	0	0	0	0	0	0	0	0	0	28;56;24	1
Kirk Cousins	QB	11	262	2	2	5	0	0	0	0	0	0	0	1	0	0		0
T.Y. Hilton	WR	11	0	0	0	0	0	155	2	9	0	0	0	0	0	0		0
Doug Martin	RB	11	0	0	0	52	0	6	0	1	0	0	0	0	0	0		0
Lamar Miller	RB	11	0	0	0	86	0	22	0	3	0	0	0	0	0	0		0
Greg Zuerlein	PK	11	0	0	0	0	0	0	0	0	0	0	0	0	0	0	23;33	6
Mohamed Sanu	WR	11	0	0	0	3	0	56	0	4	0	0	0	0	0	0		0
Michael Floyd	WR	11	0	0	0	0	0	18	0	1	0	0	0	0	0	0		0
Andrew Luck	QB	11	297	3	0	0	0	0	0	0	0	0	0	0	0	0		0
Brandon McManus	PK	11	0	0	0	0	0	0	0	0	0	0	0	0	0	0	34	2
Adam Thielen	WR	11	0	0	0	0	0	66	0	7	0	0	0	0	0	1		0
Zach Ertz	TE	11	0	0	0	0	0	15	0	2	0	0	0	0	0	0		0
Luke Willson	TE	11	0	0	0	0	0	0	0	0	0	0	0	0	0	0		0
Dustin Hopkins	PK	11	0	0	0	0	0	0	0	0	0	0	0	0	0	0		3
Theo Riddick	RB	11	0	0	0	0	0	30	0	5	0	0	0	0	0	0		0
Russell Shepard	WR	11	0	0	0	0	0	0	0	0	0	0	0	0	0	0		0
Demetrius Harris	TE	11	0	0	0	0	0	3	0	1	0	0	0	0	0	0		0
Jack Doyle	TE	11	0	0	0	0	0	43	0	4	0	0	0	0	0	0		0
Josh Hill	TE	11	0	0	0	0	0	26	0	2	0	0	0	0	0	0		0
Keenan Allen	WR	11	0	0	0	1	0	89	1	9	0	0	0	0	0	0		0
Jaron Brown	WR	11	0	0	0	0	0	0	0	0	0	0	0	0	0	0		0
Brett Maher	PK	11	0	0	0	0	0	0	0	0	0	0	0	0	0	0	21;50;42	1
Spencer Ware	RB	11	0	0	0	0	0	0	0	0	0	0	0	0	0	0		0
Robert Woods	WR	11	0	0	0	0	0	72	1	4	0	0	0	0	0	0		0
Levine Toilolo	TE	11	0	0	0	0	0	13	0	1	0	0	0	0	0	0		0
Giovani Bernard	RB	11	0	0	0	5	0	20	0	4	0	0	0	0	0	0		0
Vance McDonald	TE	11	0	0	0	0	0	27	1	3	0	0	0	0	0	0		0
Jordan Reed	TE	11	0	0	0	0	0	71	1	7	0	0	0	0	0	0		0
Travis Kelce	TE	11	0	0	0	0	0	127	1	10	0	0	0	0	0	0		0
Latavius Murray	RB	11	0	0	0	5	0	0	0	0	0	0	0	0	0	0		0
DeAndre Hopkins	WR	11	0	0	0	0	0	56	1	5	0	0	1	0	0	0		0
Willie Snead	WR	11	0	0	0	0	0	51	0	5	0	0	0	0	0	0		0
Bennie Fowler	WR	11	0	0	0	0	0	10	0	1	0	0	0	0	0	0		0
Trey Burton	TE	11	0	0	0	0	0	9	0	1	0	0	0	0	0	0		0
Cody Parkey	PK	11	0	0	0	0	0	0	0	0	0	0	0	0	0	0	33;41;48	0
Xavier Grimble	TE	11	0	0	0	0	0	3	0	1	0	0	0	0	0	0		0
Carlos Hyde	RB	11	0	0	0	44	0	0	0	0	0	0	0	0	0	0		0
John Brown	WR	11	0	0	0	0	0	23	0	1	0	0	0	0	0	0		0
Ryan Grant	WR	11	0	0	0	0	0	15	0	2	0	0	0	0	0	0		0
Alfred Blue	RB	11	0	0	0	46	0	0	0	0	0	0	0	0	0	0		0
Kapri Bibbs	RB	11	0	0	0	0	0	6	0	2	0	0	0	0	0	0		0
Chris Boswell	PK	11	0	0	0	0	0	0	0	0	0	0	0	0	0	0		2
Seth Roberts	WR	11	0	0	0	0	0	38	0	4	0	0	0	0	0	0		0
T.J. Jones	WR	11	0	0	0	0	0	2	0	1	0	0	0	0	0	0		0
Cairo Santos	PK	11	0	0	0	0	0	0	0	0	0	0	0	0	0	0		5
Taylor Gabriel	WR	11	0	0	0	17	0	52	0	7	0	0	0	0	0	0		0
Odell Beckham Jr.	WR	11	0	0	0	11	0	74	1	4	0	0	0	0	0	0		0
Brandin Cooks	WR	11	0	0	0	0	0	107	0	8	0	0	0	0	0	0		0
Teddy Bridgewater	QB	11	0	0	0	-1	0	0	0	0	0	0	0	0	0	0		0
Cameron Brate	TE	11	0	0	0	0	0	16	0	2	0	0	0	0	0	0		0
Derek Carr	QB	11	192	2	0	0	0	0	0	0	0	0	0	0	0	0		0
Jordan Matthews	TE	11	0	0	0	0	0	37	0	3	0	0	0	0	0	0		0
Sammy Watkins	WR	11	0	0	0	0	0	4	0	1	0	0	0	0	0	0		0
Bruce Ellington	WR	11	0	0	0	0	0	52	0	6	0	0	0	0	0	0		0
Donte Moncrief	WR	11	0	0	0	0	0	11	0	1	0	0	0	0	0	0		0
Davante Adams	WR	11	0	0	0	0	0	166	0	10	0	0	0	0	0	0		0
Eric Ebron	TE	11	0	0	0	0	0	0	0	0	0	0	0	0	0	0		0
Blake Bortles	QB	11	104	0	0	17	0	0	0	0	1	0	0	0	0	0		0
Mike Evans	WR	11	0	0	0	0	0	120	1	6	0	0	0	0	0	0		0
Allen Robinson	WR	11	0	0	0	0	0	39	0	3	0	0	0	0	0	0		0
Jameis Winston	QB	11	199	2	1	16	0	0	0	0	0	0	0	0	0	0		0
Amari Cooper	WR	11	0	0	0	0	0	36	0	3	0	0	0	0	0	0		0
Nelson Agholor	WR	11	0	0	0	0	0	0	0	0	0	0	0	0	0	0		0
Justin Hardy	WR	11	0	0	0	0	0	0	0	0	0	0	0	0	0	0		0
Javorius Allen	RB	11	0	0	0	2	0	0	0	0	0	0	0	0	0	0		0
MyCole Pruitt	TE	11	0	0	0	0	0	19	0	1	0	0	0	0	0	0		0
Stefon Diggs	WR	11	0	0	0	0	0	126	1	13	0	0	0	0	0	0		0
Nick Boyle	TE	11	0	0	0	0	0	36	0	4	0	0	0	0	0	0		0
Cameron Artis-Payne	RB	11	0	0	0	1	0	0	0	0	0	0	0	0	0	0		0
Matt LaCosse	TE	11	0	0	0	0	0	9	0	1	0	0	0	0	0	0		0
DeAndre Carter	WR	11	0	0	0	0	0	0	0	0	0	0	0	0	0	0		0
Matt Lengel	TE	11	0	0	0	0	0	4	1	1	0	0	0	0	0	0		0
Taylor Heinicke	QB	11	0	0	0	0	0	0	0	0	0	0	0	0	0	0		0
Malcolm Brown	RB	11	0	0	0	15	0	0	0	0	0	0	0	0	0	0		0
Damiere Byrd	WR	11	0	0	0	0	0	0	0	0	0	0	0	0	0	0		0
Rod Smith	RB	11	0	0	0	0	0	8	0	2	0	0	0	0	0	0		0
James O'Shaughnessy	TE	11	0	0	0	0	0	4	0	1	0	0	0	0	0	0		0
Adam Humphries	WR	11	0	0	0	0	0	60	1	3	0	0	0	0	0	0		0
Devin Funchess	WR	11	0	0	0	0	0	39	0	2	0	0	0	0	0	0		0
Tevin Coleman	RB	11	0	0	0	58	0	27	0	3	0	0	0	0	0	0		0
Blake Bell	TE	11	0	0	0	0	0	0	0	0	0	0	0	0	0	0		0
Mike Davis	RB	11	0	0	0	26	0	24	0	2	0	0	0	0	0	0		0
Josh Lambo	PK	11	0	0	0	0	0	0	0	0	0	0	0	0	0	0	48;38;43	1
Ameer Abdullah	RB	11	0	0	0	0	0	10	0	1	0	0	0	0	0	0		0
J.J. Nelson	WR	11	0	0	0	0	0	0	0	0	0	0	0	0	0	0		0
Chris Conley	WR	11	0	0	0	0	0	74	2	7	0	0	0	0	0	0		0
C.J. Uzomah	TE	11	0	0	0	0	0	41	0	3	0	0	0	0	0	0		0
Jesse James	TE	11	0	0	0	0	0	0	0	0	0	0	0	0	0	0		0
Geoff Swaim	TE	11	0	0	0	0	0	24	0	4	0	0	0	0	0	0		0
Melvin Gordon	RB	11	0	0	0	69	0	87	0	6	0	0	0	0	0	0		0
Tyrell Williams	WR	11	0	0	0	0	0	22	0	2	0	0	0	0	0	0		0
David Johnson	RB	11	0	0	0	137	0	17	0	1	0	0	0	0	0	0		0
Ty Montgomery	WR	11	0	0	0	5	0	0	0	0	0	0	0	0	0	0		0
T.J. Yeldon	RB	11	0	0	0	23	0	9	0	2	0	0	0	0	0	0		0
Tyler Lockett	WR	11	0	0	0	1	0	71	0	5	0	0	0	0	0	0		0
Jeff Heuerman	TE	11	0	0	0	0	0	20	0	4	0	0	0	0	0	0		0
Todd Gurley	RB	11	0	0	0	55	0	39	0	3	0	0	0	0	0	0		0
Marcus Mariota	QB	11	85	0	1	17	0	0	0	0	0	0	0	0	0	0		0
Chester Rogers	WR	11	0	0	0	0	0	9	0	2	0	0	0	0	0	0		0
Maurice Harris	WR	11	0	0	0	0	0	13	0	1	0	0	0	0	0	0		0
Sterling Shepard	WR	11	0	0	0	0	0	22	0	2	0	0	0	0	0	0		0
Austin Hooper	TE	11	0	0	0	0	0	27	0	4	0	0	0	0	0	0		0
Nick Vannett	TE	11	0	0	0	0	0	17	0	1	0	0	0	0	0	0		0
Chris Moore	WR	11	0	0	0	8	0	14	0	1	0	0	0	0	0	0		0
Trevor Davis	WR	11	0	0	0	0	0	0	0	0	0	0	0	0	0	0		0
Alex Collins	RB	11	0	0	0	18	1	0	0	0	0	0	0	0	0	0		0
Dwayne Washington	RB	11	0	0	0	-3	0	0	0	0	0	0	0	0	0	0		0
Alex Erickson	WR	11	0	0	0	0	0	0	0	0	0	0	0	0	0	0		0
Wil Lutz	PK	11	0	0	0	0	0	0	0	0	0	0	0	0	0	0	38;19	6
Ben Braunecker	TE	11	0	0	0	0	0	4	0	1	0	0	0	0	0	0		0
Ka'imi Fairbairn	PK	11	0	0	0	0	0	0	0	0	0	0	0	0	0	0	23;33;54	2
Peyton Barber	RB	11	0	0	0	106	1	4	0	2	0	0	0	0	0	0		0
Alan Cross	TE	11	0	0	0	0	0	0	0	0	0	0	0	0	0	0		0
Josh Doctson	WR	11	0	0	0	0	0	32	0	3	0	0	0	0	0	0		0
Derrick Henry	RB	11	0	0	0	46	0	0	0	0	0	0	0	0	0	0		0
Michael Thomas	WR	11	0	0	0	0	0	92	1	4	0	0	0	0	0	0		0
Demarcus Robinson	WR	11	0	0	0	0	0	14	0	1	0	0	0	0	0	0		0
Tajae Sharpe	WR	11	0	0	0	0	0	37	1	5	0	0	0	0	0	0		0
Jordan Howard	RB	11	0	0	0	63	0	2	0	1	0	0	0	0	0	0		0
Wendell Smallwood	RB	11	0	0	0	-4	0	0	0	0	0	0	0	0	0	0		0
Cody Core	WR	11	0	0	0	0	0	0	0	0	0	0	0	0	0	0		0
Aldrick Rosas	PK	11	0	0	0	0	0	0	0	0	0	0	0	0	0	0	52	5
DeAndre Washington	RB	11	0	0	0	39	0	0	0	0	0	0	0	0	0	0		0
Carson Wentz	QB	11	156	0	3	6	0	0	0	0	0	0	0	0	0	0		0
Laquon Treadwell	WR	11	0	0	0	0	0	7	0	1	0	0	0	0	0	0		0
Byron Marshall	RB	11	0	0	0	5	0	0	0	0	0	0	0	0	0	0		0
Corey Coleman	WR	11	0	0	0	0	0	9	0	1	0	0	0	0	0	0		0
Devontae Booker	RB	11	0	0	0	0	0	4	0	1	0	0	0	0	0	0		0
Tyler Boyd	WR	11	0	0	0	0	0	71	0	4	0	0	0	0	0	0		0
Jalen Richard	RB	11	0	0	0	61	0	32	0	3	0	0	0	0	0	0		0
Tyreek Hill	WR	11	0	0	0	0	0	215	2	10	0	0	0	0	0	0		0
Ezekiel Elliott	RB	11	0	0	0	122	1	79	0	7	0	0	0	0	0	0		0
Dak Prescott	QB	11	208	0	0	5	1	0	0	0	0	0	0	0	0	0		0
Marvin Hall	WR	11	0	0	0	3	0	0	0	0	0	0	0	0	0	0		0
Jared Goff	QB	11	413	4	0	6	1	0	0	0	2	0	0	0	0	0		0
Tyler Higbee	TE	11	0	0	0	0	0	63	0	6	0	0	0	0	0	0		0
Pharoh Cooper	WR	11	0	0	0	0	0	0	0	0	0	0	0	0	0	0		0
Jacoby Brissett	QB	11	-2	0	0	-3	0	0	0	0	0	0	0	0	0	0		0
Mo Alie-Cox	TE	11	0	0	0	0	0	0	0	0	0	0	0	0	0	0		0
Zach Pascal	WR	11	0	0	0	0	0	11	0	1	0	0	0	0	0	0		0
JoJo Natson	WR	11	0	0	0	0	0	0	0	0	0	0	0	0	0	0		0
Christian McCaffrey	RB	11	0	0	0	53	0	57	0	6	0	0	0	0	0	0		0
Curtis Samuel	WR	11	0	0	0	0	0	55	1	5	0	0	0	0	0	0		0
Aaron Jones	RB	11	0	0	0	40	1	63	1	5	0	0	0	0	0	0		0
Harrison Butker	PK	11	0	0	0	0	0	0	0	0	0	0	0	0	0	0	21	6
Taysom Hill	TE	11	10	0	0	4	0	0	0	0	0	0	0	0	0	0		0
Taquan Mizzell	RB	11	0	0	0	-1	0	0	0	0	0	0	0	0	0	0		0
Tim Patrick	WR	11	0	0	0	0	0	0	0	0	0	0	0	0	0	0		0
Patrick Ricard	RB	11	0	0	0	0	0	0	0	0	0	0	0	0	0	0		0
Austin Carr	WR	11	0	0	0	0	0	3	1	1	0	0	0	0	0	0		0
Antony Auclair	TE	11	0	0	0	0	0	0	0	0	0	0	0	0	0	0		0
Anthony Firkser	TE	11	0	0	0	0	0	44	0	3	0	0	0	0	0	0		0
John Ross	WR	11	0	0	0	0	0	27	1	2	0	0	0	0	0	0		0
Marcus Kemp	WR	11	0	0	0	0	0	0	0	0	0	0	0	0	0	0		0
Jeremy Sprinkle	TE	11	0	0	0	0	0	0	0	0	0	0	0	0	0	0		0
Mike Williams	WR	11	0	0	0	0	0	56	0	2	0	0	0	0	0	0		0
Deshaun Watson	QB	11	208	1	2	7	0	0	0	0	0	0	0	0	0	0		0
James Conner	RB	11	0	0	0	25	0	24	0	6	0	0	0	0	0	0		0
Tarik Cohen	RB	11	0	0	0	27	0	23	0	3	0	1	0	0	0	0		0
Ryan Switzer	WR	11	0	0	0	0	0	28	0	3	0	0	0	0	0	0		0
David Moore	WR	11	0	0	0	0	0	57	0	4	0	0	0	0	0	0		0
Noah Brown	WR	11	0	0	0	0	0	0	0	0	0	0	0	0	0	0		0
Chris Carson	RB	11	0	0	0	83	1	0	0	0	0	1	0	0	0	0		0
Ricky Seals-Jones	TE	11	0	0	0	0	0	5	0	1	0	0	0	0	0	0		0
Austin Ekeler	RB	11	0	0	0	29	0	40	0	2	0	0	0	0	0	0		0
Corey Clement	RB	11	0	0	0	11	0	4	0	2	0	0	0	0	0	0		0
Robert Tonyan	TE	11	0	0	0	0	0	54	1	1	0	0	0	0	0	0		0
Jake Elliott	PK	11	0	0	0	0	0	0	0	0	0	0	0	0	0	0		1
T.J. Logan	RB	11	0	0	0	0	0	0	0	0	0	0	0	0	0	0		0
Dede Westbrook	WR	11	0	0	0	0	0	19	0	2	0	0	0	0	0	0		0
Dare Ogunbowale	RB	11	0	0	0	0	0	0	0	0	0	0	0	0	0	0		0
Leonard Fournette	RB	11	0	0	0	95	1	46	0	2	0	0	0	0	0	0		0
JuJu Smith-Schuster	WR	11	0	0	0	0	0	104	0	8	0	0	0	0	0	0		0
Jonnu Smith	TE	11	0	0	0	0	0	44	0	6	0	0	0	0	0	0		0
Mitchell Trubisky	QB	11	165	1	2	43	0	0	0	0	0	0	0	2	0	0		0
Corey Davis	WR	11	0	0	0	-1	0	30	0	2	0	0	0	0	0	0		0
Patrick Mahomes	QB	11	478	6	3	28	0	0	0	0	2	0	0	0	0	0		0
O.J. Howard	TE	11	0	0	0	0	0	78	0	5	0	0	0	0	0	0		0
Evan Engram	TE	11	0	0	0	0	0	66	0	2	0	0	0	0	0	0		0
Dalvin Cook	RB	11	0	0	0	12	0	-2	0	3	0	1	0	0	0	0		0
Gerald Everett	TE	11	0	0	0	0	0	49	2	3	0	0	0	0	0	0		0
Adam Shaheen	TE	11	0	0	0	0	0	0	0	0	0	0	0	0	0	1		0
Joe Mixon	RB	11	0	0	0	14	1	38	0	3	0	0	0	0	0	0		0
Alvin Kamara	RB	11	0	0	0	71	0	37	1	1	0	0	0	0	0	0		0
Chris Godwin Jr.	WR	11	0	0	0	0	0	50	0	3	0	0	0	0	0	0		0
Kareem Hunt	RB	11	0	0	0	70	0	41	1	3	0	0	0	0	0	0		0
Kenny Golladay	WR	11	0	0	0	0	0	113	1	8	0	0	0	0	0	0		0
Josh Reynolds	WR	11	0	0	0	0	0	80	1	6	0	0	0	0	0	0		0
Jamaal Williams	RB	11	0	0	0	5	0	0	0	0	0	0	0	0	0	0		0
Wayne Gallman	RB	11	0	0	0	11	0	24	0	2	0	0	0	0	0	0		0
Marlon Mack	RB	11	0	0	0	61	1	8	0	1	0	0	0	0	0	0		0
Lance Lenoir	WR	11	0	0	0	0	0	0	0	0	0	0	0	0	0	0		0
Dan Arnold	TE	11	0	0	0	0	0	25	0	2	0	0	0	0	0	0		0
River Cracraft	WR	11	0	0	0	0	0	0	0	0	0	0	0	0	0	0		0
Mike Badgley	PK	11	0	0	0	0	0	0	0	0	0	0	0	0	0	0	46;45;30	1
Phillip Lindsay	RB	11	0	0	0	79	2	27	0	4	0	0	0	0	0	0		0
Daniel Carlson	PK	11	0	0	0	0	0	0	0	0	0	0	0	0	0	0	49;21;35	2
Gus Edwards	RB	11	0	0	0	115	1	0	0	0	0	0	0	0	1	0		0
Quadree Henderson	WR	11	0	0	0	0	0	0	0	0	0	0	0	0	0	0		0
Marquez Valdes-Scantling	WR	11	0	0	0	0	0	8	0	1	0	0	0	0	0	0		0
Equanimeous St. Brown	WR	11	0	0	0	0	0	16	0	1	0	0	0	0	0	0		0
Chad Beebe	WR	11	0	0	0	0	0	18	0	1	0	0	0	0	0	0		0
Keith Kirkwood	WR	11	0	0	0	0	0	33	0	3	0	0	0	0	0	0		0
Trey Quinn	WR	11	0	0	0	0	0	49	0	4	0	0	0	0	0	0		0
Josh Rosen	QB	11	136	3	2	0	0	0	0	0	0	0	0	0	0	0		0
Courtland Sutton	WR	11	0	0	0	0	0	78	0	3	0	0	0	0	0	0		0
Kerryon Johnson	RB	11	0	0	0	87	1	10	0	2	0	0	0	0	0	0		0
Dallas Goedert	TE	11	0	0	0	0	0	0	0	0	0	0	0	0	0	0		0
Anthony Miller	WR	11	0	0	0	-1	0	25	1	2	0	0	0	0	0	0		0
Jordan Akins	TE	11	0	0	0	0	0	42	0	2	0	0	0	0	0	0		0
Keke Coutee	WR	11	0	0	0	0	0	77	0	5	0	0	0	0	0	0		0
Nyheim Hines	RB	11	0	0	0	14	0	20	0	1	0	0	0	0	0	0		0
DaeSean Hamilton	WR	11	0	0	0	0	0	4	0	1	0	0	0	0	0	0		0
Ito Smith	RB	11	0	0	0	10	0	12	0	2	0	0	0	0	0	0		0
Jordan Wilkins	RB	11	0	0	0	30	1	0	0	0	0	0	0	0	0	0		0
Buddy Howell	RB	11	0	0	0	0	0	0	0	0	0	0	0	0	0	0		0
Josh Adams	RB	11	0	0	0	53	1	19	0	3	0	0	0	0	0	0		0
Matt McCrane	PK	11	0	0	0	0	0	0	0	0	0	0	0	0	0	0		3
Trent Sherfield	WR	11	0	0	0	0	0	6	0	1	0	0	0	0	0	0		0
Jordan Franks	TE	11	0	0	0	0	0	5	0	1	0	0	0	0	0	0		0
Godwin Igwebuike	RB	11	0	0	0	0	0	0	0	0	0	0	0	0	0	0		0
Cameron Batson	WR	11	0	0	0	1	0	5	0	1	0	0	0	0	0	0		0
James Washington	WR	11	0	0	0	0	0	11	0	1	0	0	0	0	0	0		0
Chase Edmonds	RB	11	0	0	0	17	0	0	0	0	0	0	0	0	0	0		0
Auden Tate	WR	11	0	0	0	0	0	5	0	1	0	0	0	0	0	0		0
Marcell Ateman	WR	11	0	0	0	0	0	50	0	4	0	0	0	0	0	0		0
Rashaad Penny	RB	11	0	0	0	46	0	0	0	0	0	0	0	0	0	0		0
Mark Andrews	TE	11	0	0	0	0	0	19	0	1	0	0	0	0	0	0		0
Michael Gallup	WR	11	0	0	0	0	0	10	0	1	0	0	0	0	0	0		0
Tre'Quan Smith	WR	11	0	0	0	0	0	157	1	10	0	0	0	0	0	0		0
Christian Kirk	WR	11	0	0	0	0	0	77	1	3	0	0	0	0	0	0		0
DJ Chark	WR	11	0	0	0	0	0	15	0	2	0	0	0	0	0	0		0
Lamar Jackson	QB	11	150	0	1	119	0	0	0	0	0	0	0	0	0	0		0
DJ Moore	WR	11	0	0	0	0	0	157	1	7	0	0	0	0	0	0		0
Calvin Ridley	WR	11	0	0	0	5	0	32	0	3	0	0	0	0	0	0		0
Royce Freeman	RB	11	0	0	0	23	1	7	0	1	0	0	0	0	0	0		0
Saquon Barkley	RB	11	0	0	0	142	2	10	1	2	0	0	0	0	0	0		0
KhaDarel Hodge	WR	11	0	0	0	0	0	3	0	1	0	0	0	0	0	0		0
Phil Dawson	PK	12	0	0	0	0	0	0	0	0	0	0	0	0	0	0	30	1
Adam Vinatieri	PK	12	0	0	0	0	0	0	0	0	0	0	0	0	0	0	46;32	3
Tom Brady	QB	12	283	2	0	-1	0	0	0	0	0	0	0	0	0	0		0
Sebastian Janikowski	PK	12	0	0	0	0	0	0	0	0	0	0	0	0	0	0	33;30;31	3
Drew Brees	QB	12	171	4	1	-4	0	0	0	0	0	0	0	0	0	0		0
Matt Bryant	PK	12	0	0	0	0	0	0	0	0	0	0	0	0	0	0	32	2
Josh McCown	QB	12	276	1	1	25	0	0	0	0	0	0	0	0	0	0		0
Antonio Gates	TE	12	0	0	0	0	0	18	0	1	0	0	0	0	0	0		0
Eli Manning	QB	12	297	1	1	0	0	0	0	0	0	0	0	0	0	0		0
Larry Fitzgerald	WR	12	0	0	0	0	0	30	1	2	0	0	0	0	0	0		0
Ben Roethlisberger	QB	12	462	1	2	18	0	0	0	0	0	0	0	0	0	0		0
Philip Rivers	QB	12	259	3	0	3	0	0	0	0	1	0	0	0	0	0		0
Benjamin Watson	TE	12	0	0	0	0	0	20	0	1	0	0	0	0	0	0		0
Robbie Gould	PK	12	0	0	0	0	0	0	0	0	0	0	0	0	0	0	23	0
Aaron Rodgers	QB	12	198	1	0	0	0	0	0	0	0	0	0	0	0	0		0
Frank Gore	RB	12	0	0	0	67	0	10	0	1	0	0	0	0	0	0		0
Matt Prater	PK	12	0	0	0	0	0	0	0	0	0	0	0	0	0	0	20	1
Vernon Davis	TE	12	0	0	0	0	0	73	1	2	0	0	0	0	0	0		0
Marcedes Lewis	TE	12	0	0	0	0	0	4	0	1	0	0	0	0	0	0		0
Stephen Gostkowski	PK	12	0	0	0	0	0	0	0	0	0	0	0	0	0	0	34;32	3
Adrian Peterson	RB	12	0	0	0	35	0	9	0	2	0	0	0	0	0	0		0
Greg Olsen	TE	12	0	0	0	0	0	11	0	2	0	0	0	0	0	0		0
Mason Crosby	PK	12	0	0	0	0	0	0	0	0	0	0	0	0	0	0	38	2
Steven Hauschka	PK	12	0	0	0	0	0	0	0	0	0	0	0	0	0	0	22	3
Danny Amendola	WR	12	0	0	0	0	0	13	0	1	0	0	0	0	0	0		0
Matt Ryan	QB	12	377	2	1	16	0	0	0	0	1	0	0	0	0	0		0
Jordy Nelson	WR	12	0	0	0	-2	0	0	0	0	0	0	0	0	0	0		0
DeSean Jackson	WR	12	0	0	0	6	0	19	0	3	0	0	0	0	0	0		0
Matthew Stafford	QB	12	236	0	2	0	0	0	0	0	0	0	0	0	0	0		0
Chase Daniel	QB	12	230	2	0	4	0	8	0	1	0	0	0	0	0	0		0
Graham Gano	PK	12	0	0	0	0	0	0	0	0	0	0	0	0	0	0	26;25	3
Ryan Succop	PK	12	0	0	0	0	0	0	0	0	0	0	0	0	0	0	31	2
Michael Crabtree	WR	12	0	0	0	0	0	21	1	3	0	0	0	0	0	0		0
LeSean McCoy	RB	12	0	0	0	46	0	7	0	1	0	0	0	0	0	0		0
Jared Cook	TE	12	0	0	0	0	0	32	1	2	0	0	0	0	0	0		0
Julian Edelman	WR	12	0	0	0	0	0	84	1	4	0	0	0	0	0	0		0
Logan Paulsen	TE	12	0	0	0	0	0	2	0	1	0	0	0	0	0	0		0
LeGarrette Blount	RB	12	0	0	0	88	2	15	0	1	0	0	0	0	0	0		0
Chris Ivory	RB	12	0	0	0	14	0	0	0	0	0	0	0	0	0	0		0
Rob Gronkowski	TE	12	0	0	0	0	0	56	1	3	0	0	0	0	0	0		0
Ed Dickson	TE	12	0	0	0	0	0	13	0	2	0	0	0	0	0	0		0
Emmanuel Sanders	WR	12	0	0	0	0	0	86	1	7	0	0	0	0	0	0		0
Colt McCoy	QB	12	268	2	3	28	0	0	0	0	0	0	0	0	0	0		0
Andre Roberts	WR	12	0	0	0	0	0	0	0	0	0	0	0	0	0	0		0
Jimmy Graham	TE	12	0	0	0	0	0	34	0	2	0	0	0	0	0	0		0
Antonio Brown	WR	12	0	0	0	0	0	67	0	9	0	0	0	0	0	0		0
Jermaine Gresham	TE	12	0	0	0	0	0	2	0	1	0	0	0	0	0	0		0
Demaryius Thomas	WR	12	0	0	0	0	0	38	2	4	0	0	0	0	0	0		0
Golden Tate	WR	12	0	0	0	0	0	30	0	4	0	0	0	0	0	0		0
Cam Newton	QB	12	256	2	1	63	0	0	0	0	0	0	0	0	0	0		0
Julio Jones	WR	12	0	0	0	1	0	147	0	11	0	0	1	0	0	0		0
Mark Ingram	RB	12	0	0	0	52	0	14	0	2	0	0	0	0	0	0		0
Andy Dalton	QB	12	100	1	1	21	0	0	0	0	0	0	0	0	0	0		0
Kyle Rudolph	TE	12	0	0	0	0	0	63	0	7	0	0	0	0	0	0		0
Lance Kendricks	TE	12	0	0	0	0	0	14	0	2	0	0	0	0	0	0		0
Luke Stocker	TE	12	0	0	0	0	0	14	0	1	0	0	0	0	0	0		0
Jacquizz Rodgers	RB	12	0	0	0	31	0	31	0	4	0	0	0	0	0	0		0
Dion Lewis	RB	12	0	0	0	8	0	33	0	7	0	0	0	0	0	0		0
Lee Smith	TE	12	0	0	0	0	0	39	0	2	0	0	0	0	0	0		0
Dwayne Harris	WR	12	0	0	0	0	0	0	0	0	0	0	0	0	0	0		0
Aldrick Robinson	WR	12	0	0	0	0	0	11	0	1	0	0	0	0	0	0		0
Virgil Green	TE	12	0	0	0	0	0	0	0	0	0	0	0	0	0	0		0
Chris Hogan	WR	12	0	0	0	0	0	47	0	2	0	0	0	0	0	0		0
Andre Holmes	WR	12	0	0	0	0	0	0	0	0	0	0	0	0	0	0		0
Dontrelle Inman	WR	12	0	0	0	0	0	40	0	3	0	0	0	0	0	0		0
Doug Baldwin	WR	12	0	0	0	0	0	39	0	5	0	0	0	0	0	0		0
Patrick DiMarco	RB	12	0	0	0	0	0	0	0	0	0	0	0	0	0	0		0
Dan Bailey	PK	12	0	0	0	0	0	0	0	0	0	0	0	0	0	0	37	3
Case Keenum	QB	12	197	2	0	-3	0	0	0	0	0	0	0	0	0	0		0
Cole Beasley	WR	12	0	0	0	0	0	5	0	1	0	0	0	0	0	0		0
Alshon Jeffery	WR	12	0	0	0	0	0	39	0	3	0	0	0	0	0	0		0
Jermaine Kearse	WR	12	0	0	0	0	0	66	1	6	0	0	0	0	0	0		0
Russell Wilson	QB	12	339	2	0	4	0	0	0	0	0	0	0	0	0	0		0
Travis Benjamin	WR	12	0	0	0	0	0	47	0	3	0	0	0	0	0	0		0
Josh Bellamy	WR	12	0	0	0	0	0	7	0	1	0	0	0	0	0	0		0
Deonte Thompson	WR	12	0	0	0	0	0	0	0	0	0	0	0	0	0	0		0
Orson Charles	TE	12	0	0	0	0	0	0	0	0	0	0	0	0	0	0		0
Randy Bullock	PK	12	0	0	0	0	0	0	0	0	0	0	0	0	0	0		2
Jamize Olawale	RB	12	0	0	0	0	0	10	0	1	0	0	0	0	0	0		0
Jarius Wright	WR	12	0	0	0	0	0	25	0	2	0	0	0	0	0	0		0
Rhett Ellison	TE	12	0	0	0	0	0	77	0	4	0	0	0	0	0	0		0
Justin Tucker	PK	12	0	0	0	0	0	0	0	0	0	0	0	0	0	0	47;28	4
Kirk Cousins	QB	12	342	3	0	17	0	0	0	0	0	0	0	0	0	0		0
T.Y. Hilton	WR	12	0	0	0	0	0	125	0	7	0	0	0	0	0	0		0
Doug Martin	RB	12	0	0	0	51	1	21	0	3	0	0	0	0	0	0		0
Lamar Miller	RB	12	0	0	0	162	1	5	0	1	0	0	0	0	0	0		0
Mohamed Sanu	WR	12	0	0	0	3	0	74	0	4	0	0	0	0	0	0		0
Josh Gordon	WR	12	0	0	0	0	0	70	0	5	0	0	0	0	0	0		0
Andrew Luck	QB	12	343	3	2	5	0	4	0	1	0	0	0	0	0	0		0
Ryan Tannehill	QB	12	204	2	0	14	0	0	0	0	0	0	0	0	0	0		0
Darren Fells	TE	12	0	0	0	0	0	6	1	1	0	0	0	0	0	0		0
Brandon McManus	PK	12	0	0	0	0	0	0	0	0	0	0	0	0	0	0	41	3
Adam Thielen	WR	12	0	0	0	0	0	125	1	8	0	0	0	0	0	0		0
Zach Ertz	TE	12	0	0	0	0	0	91	1	7	0	0	0	0	0	0		0
Kenny Stills	WR	12	0	0	0	0	0	6	0	1	0	0	0	0	0	0		0
Luke Willson	TE	12	0	0	0	0	0	4	0	1	0	0	0	0	0	0		0
Dustin Hopkins	PK	12	0	0	0	0	0	0	0	0	0	0	0	0	0	0	31	2
Theo Riddick	RB	12	0	0	0	12	0	48	0	7	0	0	0	0	0	0		0
Ryan Griffin	TE	12	0	0	0	0	0	38	0	3	0	0	0	0	0	0		0
Russell Shepard	WR	12	0	0	0	0	0	29	0	1	0	0	0	0	0	0		0
Jack Doyle	TE	12	0	0	0	0	0	16	1	4	0	0	0	0	0	0		0
Keenan Allen	WR	12	0	0	0	0	0	72	1	7	0	0	0	0	0	0		0
Jaron Brown	WR	12	0	0	0	0	0	0	0	0	0	0	0	0	0	0		0
Brett Maher	PK	12	0	0	0	0	0	0	0	0	0	0	0	0	0	0	28	4
Giovani Bernard	RB	12	0	0	0	10	0	12	0	1	0	0	0	0	0	0		0
Vance McDonald	TE	12	0	0	0	0	0	27	0	3	0	0	0	0	0	0		0
Jordan Reed	TE	12	0	0	0	0	0	75	0	6	0	0	0	0	0	0		0
Latavius Murray	RB	12	0	0	0	33	0	0	0	0	0	0	0	0	0	0		0
Brice Butler	WR	12	0	0	0	0	0	0	0	0	0	0	0	0	0	0		0
DeAndre Hopkins	WR	12	0	0	0	0	0	74	0	5	0	0	0	0	0	0		0
Geno Smith	QB	12	0	0	0	7	0	0	0	0	0	0	0	0	0	0		0
Cordarrelle Patterson	RB	12	0	0	0	10	0	-1	0	1	0	0	0	0	0	0		0
Isaiah Crowell	RB	12	0	0	0	30	0	30	0	3	0	0	0	0	0	0		0
Bennie Fowler	WR	12	0	0	0	0	0	23	0	2	0	0	0	0	0	0		0
Trey Burton	TE	12	0	0	0	0	0	28	0	4	0	0	1	0	0	0		0
Allen Hurns	WR	12	0	0	0	0	0	7	0	1	0	0	0	0	0	0		0
Cody Parkey	PK	12	0	0	0	0	0	0	0	0	0	0	0	0	0	0	40	2
Quincy Enunwa	WR	12	0	0	0	0	0	73	0	4	0	0	0	0	0	0		0
Xavier Grimble	TE	12	0	0	0	0	0	23	0	1	0	0	1	0	0	0		0
Carlos Hyde	RB	12	0	0	0	33	0	0	0	0	0	0	0	0	0	0		0
John Brown	WR	12	0	0	0	0	0	25	0	1	0	0	0	0	0	0		0
James White	RB	12	0	0	0	73	0	5	0	1	0	0	0	0	0	0		0
Ryan Grant	WR	12	0	0	0	0	0	3	0	1	0	0	0	0	0	0		0
Alfred Blue	RB	12	0	0	0	49	0	13	0	1	0	0	0	0	0	0		0
Kapri Bibbs	RB	12	0	0	0	17	1	19	0	3	0	0	0	0	0	0		0
Chris Boswell	PK	12	2	1	0	0	0	0	0	0	0	0	0	0	0	0	41	2
Seth Roberts	WR	12	0	0	0	11	0	54	0	2	0	0	0	0	0	0		0
Scott Simonson	TE	12	0	0	0	0	0	0	0	0	0	0	0	0	0	0		0
T.J. Jones	WR	12	0	0	0	0	0	15	0	1	0	0	0	0	0	0		0
Cairo Santos	PK	12	0	0	0	0	0	0	0	0	0	0	0	0	0	0	41;39	3
Senorise Perry	RB	12	0	0	0	0	0	0	0	0	0	0	0	0	0	0		0
Taylor Gabriel	WR	12	0	0	0	0	0	49	0	7	0	0	0	0	0	0		0
Odell Beckham Jr.	WR	12	0	0	0	0	0	85	0	5	0	0	0	0	0	0		0
Logan Thomas	TE	12	0	0	0	0	0	0	0	0	0	0	0	0	0	0		0
Cameron Brate	TE	12	0	0	0	0	0	26	1	3	0	0	0	0	0	0		0
Derek Carr	QB	12	194	1	0	0	0	0	0	0	1	0	0	0	0	0		0
AJ McCarron	QB	12	0	0	0	-2	0	0	0	0	0	0	0	0	0	0		0
Jordan Matthews	TE	12	0	0	0	0	0	0	0	0	0	0	0	0	0	0		0
Bruce Ellington	WR	12	0	0	0	2	0	28	0	6	0	0	0	0	0	0		0
Donte Moncrief	WR	12	0	0	0	0	0	29	0	1	0	0	0	0	0	0		0
Kelvin Benjamin	WR	12	0	0	0	0	0	32	0	1	0	0	0	0	0	0		0
Davante Adams	WR	12	0	0	0	0	0	69	1	5	0	0	0	0	0	0		0
Jarvis Landry	WR	12	0	0	0	0	0	30	0	3	0	0	0	0	0	0		0
Eric Ebron	TE	12	0	0	0	0	0	45	2	5	0	0	0	0	0	0		0
Blake Bortles	QB	12	127	1	2	39	0	0	0	0	0	0	0	0	0	0		0
Mike Evans	WR	12	0	0	0	0	0	116	0	6	0	0	0	0	0	0		0
Allen Robinson	WR	12	0	0	0	0	0	37	0	2	0	0	0	0	0	0		0
Chris Manhertz	TE	12	0	0	0	0	0	0	0	0	0	0	0	0	0	0		0
Jason Myers	PK	12	0	0	0	0	0	0	0	0	0	0	0	0	0	0	55;38	1
Jameis Winston	QB	12	312	2	0	24	0	0	0	0	0	0	0	0	0	0		0
Amari Cooper	WR	12	0	0	0	0	0	180	2	8	0	0	0	0	0	0		0
DeVante Parker	WR	12	0	0	0	0	0	10	0	3	0	0	0	0	0	0		0
Nelson Agholor	WR	12	0	0	0	0	0	12	0	1	0	0	0	0	0	0		0
Justin Hardy	WR	12	0	0	0	0	0	6	0	1	0	0	0	0	0	0		0
Javorius Allen	RB	12	0	0	0	2	0	0	0	0	0	0	0	0	0	0		0
MyCole Pruitt	TE	12	0	0	0	0	0	13	0	1	0	0	0	0	0	0		0
Stefon Diggs	WR	12	0	0	0	12	0	77	1	8	0	0	0	0	0	0		0
Nick Boyle	TE	12	0	0	0	0	0	19	0	2	0	0	0	0	0	0		0
Zach Zenner	RB	12	0	0	0	9	0	4	0	1	0	0	0	0	0	0		0
Matt LaCosse	TE	12	0	0	0	0	0	34	1	3	0	0	0	0	0	0		0
DeAndre Carter	WR	12	0	0	0	0	0	14	0	1	0	0	0	0	0	0		0
Matt Lengel	TE	12	0	0	0	0	0	0	0	0	0	0	0	0	0	0		0
Damiere Byrd	WR	12	0	0	0	0	0	0	0	0	0	0	0	0	0	0		0
Rod Smith	RB	12	0	0	0	7	0	0	0	0	0	0	0	0	0	0		0
James O'Shaughnessy	TE	12	0	0	0	0	0	0	0	0	0	0	0	0	0	0		0
Geremy Davis	WR	12	0	0	0	0	0	0	0	0	0	0	0	0	0	0		0
Marcus Murphy	RB	12	0	0	0	0	0	0	0	0	0	0	0	0	0	0		0
Darius Jennings	WR	12	0	0	0	0	0	0	0	0	0	0	0	0	0	0		0
Adam Humphries	WR	12	0	0	0	0	0	54	1	6	0	0	0	0	0	0		0
Breshad Perriman	WR	12	0	0	0	-12	0	6	0	1	0	0	0	0	0	0		0
Tevin Coleman	RB	12	0	0	0	6	0	17	1	3	0	0	0	0	0	0		0
Blake Bell	TE	12	0	0	0	0	0	5	0	1	0	0	0	0	0	0		0
Mike Davis	RB	12	0	0	0	14	0	0	0	0	0	0	0	0	0	0		0
Josh Lambo	PK	12	0	0	0	0	0	0	0	0	0	0	0	0	0	0		3
Brian Parker	TE	12	0	0	0	0	0	0	0	0	0	0	0	0	0	0		0
Ameer Abdullah	RB	12	0	0	0	0	0	0	0	0	0	0	0	0	0	0		0
C.J. Uzomah	TE	12	0	0	0	0	0	39	0	6	0	0	0	0	0	0		0
Jesse James	TE	12	0	0	0	0	0	35	0	4	0	0	0	0	0	0		0
Melvin Gordon	RB	12	0	0	0	61	2	5	0	2	0	0	0	0	0	0		0
Sammie Coates	WR	12	0	0	0	0	0	0	0	0	0	0	0	0	0	0		0
Rashad Greene	WR	12	0	0	0	0	0	0	0	0	0	0	0	0	0	0		0
David Johnson	RB	12	0	0	0	63	0	16	0	2	0	0	0	0	0	0		0
Ty Montgomery	WR	12	0	0	0	51	0	13	0	3	0	0	0	0	0	0		0
Phillip Dorsett	WR	12	0	0	0	0	0	10	0	2	0	0	0	0	0	0		0
T.J. Yeldon	RB	12	0	0	0	16	0	17	0	2	0	0	0	0	0	0		0
Tyler Lockett	WR	12	0	0	0	-2	0	107	1	5	0	0	0	0	0	0		0
Jeff Heuerman	TE	12	0	0	0	0	0	44	0	2	0	0	0	0	0	0		0
Duke Johnson	RB	12	0	0	0	16	0	23	0	1	0	0	0	0	0	0		0
Marcus Mariota	QB	12	303	2	0	28	0	0	0	0	0	0	0	0	0	0		0
Chester Rogers	WR	12	0	0	0	0	0	49	0	3	0	0	0	0	0	0		0
Maurice Harris	WR	12	0	0	0	0	0	0	0	0	0	0	0	0	0	0		0
Sterling Shepard	WR	12	0	0	0	0	0	37	0	4	0	0	0	0	0	0		0
Austin Hooper	TE	12	0	0	0	0	0	31	0	5	0	0	0	0	0	0		0
Nick Vannett	TE	12	0	0	0	0	0	22	0	2	0	0	0	0	0	0		0
Chris Moore	WR	12	0	0	0	0	0	1	0	1	0	0	0	0	0	0		0
Trevor Davis	WR	12	0	0	0	0	0	0	0	0	0	0	0	0	0	0		0
Jeff Driskel	QB	12	155	1	0	9	1	0	0	0	0	0	0	0	0	0		0
Dwayne Washington	RB	12	0	0	0	0	0	0	0	0	0	0	0	0	0	0		0
Alex Erickson	WR	12	0	0	0	0	0	0	0	0	0	0	0	0	0	0		0
Wil Lutz	PK	12	0	0	0	0	0	0	0	0	0	0	0	0	0	0	22	4
Robbie Chosen	WR	12	0	0	0	0	0	22	0	2	0	0	0	0	0	0		0
Andy Jones	WR	12	0	0	0	0	0	4	0	1	0	0	0	0	0	0		0
Ka'imi Fairbairn	PK	12	0	0	0	0	0	0	0	0	0	0	0	0	0	0	43;47	4
Peyton Barber	RB	12	0	0	0	47	1	16	0	2	0	0	0	0	0	0		0
Josh Doctson	WR	12	0	0	0	0	0	66	0	6	0	0	0	0	0	0		0
Derrick Henry	RB	12	0	0	0	30	0	19	0	2	0	0	1	0	0	0		0
Michael Thomas	WR	12	0	0	0	0	0	38	0	4	0	0	0	0	0	0		0
Tajae Sharpe	WR	12	0	0	0	0	0	0	0	0	0	0	0	0	0	0		0
Jordan Howard	RB	12	0	0	0	13	0	2	0	1	0	0	0	0	0	0		0
Wendell Smallwood	RB	12	0	0	0	0	0	0	0	0	0	0	0	0	0	0		0
Cody Core	WR	12	0	0	0	0	0	7	0	1	0	0	0	0	0	0		0
Aldrick Rosas	PK	12	0	0	0	0	0	0	0	0	0	0	0	0	0	0	25;51;29	1
Tommylee Lewis	WR	12	0	0	0	0	0	28	1	1	0	0	0	0	0	0		0
Johnny Holton	WR	12	0	0	0	0	0	0	0	0	0	0	0	0	0	0		0
DeAndre Washington	RB	12	0	0	0	8	0	9	0	1	0	0	0	0	0	0		0
Carson Wentz	QB	12	236	1	0	-2	0	0	0	0	0	0	0	0	0	0		0
Laquon Treadwell	WR	12	0	0	0	0	0	6	0	1	0	0	0	0	0	0		0
Charone Peake	WR	12	0	0	0	0	0	0	0	0	0	0	0	0	0	0		0
Corey Coleman	WR	12	0	0	0	0	0	0	0	0	0	0	0	0	0	0		0
Devontae Booker	RB	12	0	0	0	0	0	6	0	1	0	0	0	0	0	0		0
Rashard Higgins	WR	12	0	0	0	0	0	24	0	1	0	0	0	0	0	0		0
Tyler Boyd	WR	12	0	0	0	0	0	85	1	7	0	0	0	0	0	0		0
Jalen Richard	RB	12	0	0	0	1	0	15	0	2	0	0	0	0	0	0		0
Ezekiel Elliott	RB	12	0	0	0	121	1	22	0	5	0	0	0	0	0	0		0
Leonte Carroo	WR	12	0	0	0	0	0	74	1	1	0	0	0	0	0	0		0
Dak Prescott	QB	12	289	2	0	18	1	0	0	0	0	0	0	0	0	0		0
Marvin Hall	WR	12	0	0	0	0	0	0	0	0	0	0	0	0	0	0		0
Kenyan Drake	RB	12	0	0	0	32	1	64	1	5	0	0	0	0	0	0		0
Jacoby Brissett	QB	12	4	0	0	0	0	0	0	0	0	0	0	0	0	0		0
Christian McCaffrey	RB	12	0	0	0	125	1	112	1	11	0	0	0	0	0	0		0
Curtis Samuel	WR	12	0	0	0	25	0	17	1	2	0	0	0	0	0	0		0
George Kittle	TE	12	0	0	0	10	0	48	0	6	0	0	0	0	0	0		0
Aaron Jones	RB	12	0	0	0	72	1	21	0	3	0	0	0	0	0	0		0
Elijah McGuire	RB	12	0	0	0	19	0	7	0	1	0	0	0	0	0	0		0
Kendrick Bourne	WR	12	0	0	0	0	0	27	0	2	0	0	0	0	0	0		0
Matt Breida	RB	12	0	0	0	106	0	34	0	3	0	0	0	0	0	0		0
Nick Mullens	QB	12	221	1	2	-1	0	0	0	0	0	0	0	0	0	0		0
Taysom Hill	TE	12	0	0	0	13	0	0	0	0	0	0	0	0	0	0		0
Taquan Mizzell	RB	12	0	0	0	7	0	21	1	2	0	0	0	0	0	0		0
Austin Carr	WR	12	0	0	0	0	0	12	1	1	0	0	0	0	0	0		0
Antony Auclair	TE	12	0	0	0	0	0	8	0	1	0	0	0	0	0	0		0
Keon Hatcher	WR	12	0	0	0	0	0	8	0	1	0	0	0	0	0	0		0
Anthony Firkser	TE	12	0	0	0	0	0	52	0	4	0	0	0	0	0	0		0
John Ross	WR	12	0	0	0	0	0	31	1	3	0	0	0	0	0	0		0
Isaiah McKenzie	WR	12	0	0	0	8	1	11	0	2	0	0	0	0	0	0		0
Mike Williams	WR	12	0	0	0	0	0	25	2	4	0	0	0	0	0	0		0
Deshaun Watson	QB	12	210	2	0	70	1	0	0	0	0	0	0	0	0	0		0
Brendan Langley	WR	12	0	0	0	0	0	0	0	0	0	0	0	0	0	0		0
James Conner	RB	12	0	0	0	53	0	42	0	4	0	0	1	0	0	0		0
Tarik Cohen	RB	12	0	0	0	14	0	45	1	7	0	0	0	0	0	0		0
Michael Roberts	TE	12	0	0	0	0	0	16	0	3	0	0	0	0	0	0		0
Ryan Switzer	WR	12	0	0	0	4	0	67	0	6	0	0	0	0	0	0		0
Eric Saubert	TE	12	0	0	0	0	0	0	0	0	0	0	0	0	0	0		0
David Moore	WR	12	0	0	0	0	0	103	1	4	0	0	0	0	0	0		0
Noah Brown	WR	12	0	0	0	0	0	22	0	1	0	0	0	0	0	0		0
Chris Carson	RB	12	0	0	0	55	1	8	0	2	0	0	0	0	0	0		0
Ricky Seals-Jones	TE	12	0	0	0	0	0	5	0	1	0	0	0	0	0	0		0
Jason Croom	TE	12	0	0	0	0	0	16	0	2	0	0	0	0	0	0		0
Blake Jarwin	TE	12	0	0	0	0	0	25	0	2	0	0	0	0	0	0		0
Keelan Cole	WR	12	0	0	0	0	0	0	0	0	0	0	0	0	0	0		0
Sean Culkin	TE	12	0	0	0	0	0	24	0	1	0	0	0	0	0	0		0
Austin Ekeler	RB	12	0	0	0	35	1	68	0	10	0	0	0	0	0	0		0
Corey Clement	RB	12	0	0	0	45	0	31	0	2	0	0	0	0	1	0		0
Jake Elliott	PK	12	0	0	0	0	0	0	0	0	0	0	0	0	0	0	42;28;43	0
T.J. Logan	RB	12	0	0	0	0	0	5	0	1	0	0	0	0	0	0		0
Dede Westbrook	WR	12	0	0	0	43	0	44	1	3	0	0	0	0	0	0		0
Leonard Fournette	RB	12	0	0	0	95	2	13	0	3	0	0	0	0	0	0		0
JuJu Smith-Schuster	WR	12	0	0	0	0	0	189	1	13	0	0	0	0	0	0		0
Jonnu Smith	TE	12	0	0	0	0	0	63	1	2	0	0	0	0	0	0		0
Corey Davis	WR	12	0	0	0	39	0	96	1	4	0	0	0	0	0	0		0
David Njoku	TE	12	0	0	0	0	0	63	1	5	0	0	0	0	0	0		0
Zay Jones	WR	12	0	0	0	0	0	0	0	0	0	0	0	0	0	0		0
Dalvin Cook	RB	12	0	0	0	29	0	47	1	3	0	0	0	0	0	0		0
Joe Mixon	RB	12	0	0	0	89	0	66	0	7	0	0	0	0	0	0		0
Alvin Kamara	RB	12	0	0	0	89	0	9	0	1	0	0	0	0	0	0		0
Chris Godwin Jr.	WR	12	0	0	0	0	0	42	0	4	0	0	0	0	0	0		0
Kenny Golladay	WR	12	0	0	0	0	0	90	0	5	0	0	0	0	0	0		0
Jamaal Williams	RB	12	0	0	0	5	0	0	0	0	0	0	0	0	0	0		0
Wayne Gallman	RB	12	0	0	0	25	0	-2	0	2	0	0	0	0	0	0		0
Marlon Mack	RB	12	0	0	0	85	0	11	0	2	0	0	0	0	0	0		0
Jordan Leggett	TE	12	0	0	0	0	0	24	0	2	0	0	0	0	0	0		0
Dan Arnold	TE	12	0	0	0	0	0	45	1	4	0	0	0	0	0	0		0
River Cracraft	WR	12	0	0	0	0	0	0	0	0	0	0	0	0	0	0		0
Mike Badgley	PK	12	0	0	0	0	0	0	0	0	0	0	0	0	0	0	31	6
Phillip Lindsay	RB	12	0	0	0	110	1	0	0	0	0	0	0	0	0	0		0
Jeff Wilson	RB	12	0	0	0	33	0	8	0	1	0	0	0	0	0	0		0
Daniel Carlson	PK	12	0	0	0	0	0	0	0	0	0	0	0	0	0	0	42	2
Trenton Cannon	RB	12	0	0	0	0	0	-3	0	1	0	0	0	0	0	0		0
Gus Edwards	RB	12	0	0	0	118	0	0	0	0	0	0	0	0	0	0		0
Quadree Henderson	WR	12	0	0	0	0	0	0	0	0	0	0	0	0	0	0		0
Dontrell Hilliard	RB	12	0	0	0	0	0	0	0	0	0	0	0	0	0	0		0
J'Mon Moore	WR	12	0	0	0	0	0	0	0	0	0	0	0	0	0	0		0
Marquez Valdes-Scantling	WR	12	0	0	0	0	0	3	0	1	0	0	0	0	0	0		0
Equanimeous St. Brown	WR	12	0	0	0	5	0	53	0	3	0	0	0	0	0	0		0
Richie James	WR	12	0	0	0	0	0	27	0	2	0	0	0	0	0	0		0
Keith Kirkwood	WR	12	0	0	0	0	0	5	1	1	0	0	0	0	0	0		0
Jaylen Samuels	RB	12	0	0	0	0	0	12	0	1	0	0	0	0	0	0		0
Trey Quinn	WR	12	0	0	0	0	0	26	1	5	0	0	0	0	0	0		0
Josh Rosen	QB	12	105	1	1	-1	0	0	0	0	0	0	0	0	0	0		0
Courtland Sutton	WR	12	0	0	0	0	0	14	0	1	0	0	0	0	0	0		0
Dallas Goedert	TE	12	0	0	0	0	0	33	0	3	0	0	0	0	0	0		0
Anthony Miller	WR	12	8	0	0	0	0	41	0	3	0	0	0	0	0	0		0
Jordan Akins	TE	12	0	0	0	0	0	8	0	1	0	0	0	0	0	0		0
Keke Coutee	WR	12	0	0	0	0	0	14	0	2	0	0	0	0	0	0		0
Nyheim Hines	RB	12	0	0	0	28	0	22	0	2	0	0	0	0	0	0		0
DaeSean Hamilton	WR	12	0	0	0	0	0	13	0	1	0	0	0	0	0	0		0
Ito Smith	RB	12	0	0	0	0	0	7	0	2	0	0	0	0	0	0		0
Dalton Schultz	TE	12	0	0	0	0	0	-1	0	1	0	0	0	0	0	0		0
Jordan Wilkins	RB	12	0	0	0	0	0	32	0	3	0	0	1	0	0	0		0
Justin Jackson	RB	12	0	0	0	57	0	0	0	0	0	0	0	0	0	0		0
Greg Joseph	PK	12	0	0	0	0	0	0	0	0	0	0	0	0	0	0		5
Josh Adams	RB	12	0	0	0	84	1	0	0	0	0	0	0	0	1	0		0
Trent Sherfield	WR	12	0	0	0	0	0	6	0	1	0	0	0	0	0	0		0
Robert Foster	WR	12	0	0	0	0	0	94	1	2	0	0	0	0	0	0		0
Jordan Franks	TE	12	0	0	0	0	0	0	0	0	0	0	0	0	0	0		0
Detrez Newsome	RB	12	0	0	0	15	0	0	0	0	0	0	0	0	0	0		0
Cameron Batson	WR	12	0	0	0	0	0	13	0	1	0	0	0	0	0	0		0
James Washington	WR	12	0	0	0	0	0	0	0	0	0	0	0	0	0	0		0
Mark Walton	RB	12	0	0	0	0	0	0	0	0	0	0	0	0	0	0		0
Chase Edmonds	RB	12	0	0	0	0	0	0	0	0	0	0	0	0	0	0		0
Auden Tate	WR	12	0	0	0	0	0	15	0	2	0	0	0	0	0	0		0
Marcell Ateman	WR	12	0	0	0	0	0	16	0	3	0	0	0	0	0	0		0
Rashaad Penny	RB	12	0	0	0	4	0	0	0	0	0	0	0	0	0	0		0
Mark Andrews	TE	12	0	0	0	0	0	74	0	1	0	0	0	0	0	0		0
Michael Gallup	WR	12	0	0	0	0	0	19	0	2	0	0	0	0	0	0		0
Chris Herndon	TE	12	0	0	0	0	0	57	0	7	0	0	0	0	0	0		0
Antonio Callaway	WR	12	0	0	0	0	0	62	1	4	0	0	0	0	0	0		0
Christian Kirk	WR	12	0	0	0	0	0	41	0	4	0	0	0	0	0	0		0
Nick Chubb	RB	12	0	0	0	84	1	44	1	3	0	0	0	0	0	0		0
Jason Sanders	PK	12	0	0	0	0	0	0	0	0	0	0	0	0	0	0	29	3
Lamar Jackson	QB	12	178	1	2	71	1	0	0	0	0	0	0	0	0	0		0
Durham Smythe	TE	12	0	0	0	0	0	27	0	2	0	0	0	0	0	0		0
Kalen Ballage	RB	12	0	0	0	0	0	-5	0	2	0	0	0	0	0	0		0
DJ Moore	WR	12	0	0	0	7	0	91	0	8	0	0	0	0	0	0		0
Mike Gesicki	TE	12	0	0	0	0	0	5	0	1	0	0	1	0	0	0		0
Hayden Hurst	TE	12	0	0	0	0	0	25	0	3	0	0	0	0	0	0		0
Calvin Ridley	WR	12	0	0	0	0	0	93	1	8	0	0	1	0	0	0		0
Royce Freeman	RB	12	0	0	0	17	0	0	0	0	0	0	0	0	0	0		0
Saquon Barkley	RB	12	0	0	0	101	1	41	1	7	0	0	0	0	0	0		0
Sony Michel	RB	12	0	0	0	133	1	12	0	2	0	0	0	0	0	0		0
Baker Mayfield	QB	12	258	4	0	-4	0	0	0	0	0	0	0	0	0	0		0
Josh Allen	QB	12	160	1	0	99	1	0	0	0	0	0	0	0	0	0		0
Dante Pettis	WR	12	0	0	0	0	0	77	1	4	0	0	0	0	0	0		0
Malik Turner	WR	12	0	0	0	0	0	19	0	1	0	0	0	0	0	0		0
Tom Brady	QB	13	311	1	1	5	0	0	0	0	0	0	0	0	0	0		0
Sebastian Janikowski	PK	13	0	0	0	0	0	0	0	0	0	0	0	0	0	0	40	4
Drew Brees	QB	13	127	1	1	2	0	0	0	0	0	0	0	0	0	0		0
Matt Bryant	PK	13	0	0	0	0	0	0	0	0	0	0	0	0	0	0	44	1
Josh McCown	QB	13	128	0	1	3	0	0	0	0	0	0	0	0	0	0		0
Antonio Gates	TE	13	0	0	0	0	0	0	0	0	0	0	0	0	0	1		0
Eli Manning	QB	13	170	1	1	0	0	0	0	0	0	0	0	0	0	0		0
Larry Fitzgerald	WR	13	0	0	0	0	0	48	0	3	0	0	0	0	0	0		0
Ben Roethlisberger	QB	13	281	2	1	0	0	0	0	0	0	0	0	0	0	0		0
Philip Rivers	QB	13	299	2	0	0	0	0	0	0	0	0	0	2	0	0		0
Robbie Gould	PK	13	0	0	0	0	0	0	0	0	0	0	0	0	0	0	45	1
Aaron Rodgers	QB	13	233	1	0	20	0	0	0	0	0	0	0	0	0	0		0
Frank Gore	RB	13	0	0	0	21	0	10	0	1	0	0	0	0	0	0		0
Darren Sproles	RB	13	0	0	0	22	1	0	0	0	0	0	0	0	0	0		0
Matt Prater	PK	13	0	0	0	0	0	0	0	0	0	0	0	0	0	0	28;29;35	1
Vernon Davis	TE	13	0	0	0	0	0	15	0	2	0	0	0	0	0	0		0
Stephen Gostkowski	PK	13	0	0	0	0	0	0	0	0	0	0	0	0	0	0	20	3
Adrian Peterson	RB	13	0	0	0	98	1	0	0	0	0	0	0	0	0	0		0
Greg Olsen	TE	13	0	0	0	0	0	13	0	1	0	0	0	0	0	0		0
Mason Crosby	PK	13	0	0	0	0	0	0	0	0	0	0	0	0	0	0	32	2
Steven Hauschka	PK	13	0	0	0	0	0	0	0	0	0	0	0	0	0	0	32	0
Matt Ryan	QB	13	131	1	0	4	0	0	0	0	1	0	0	0	0	0		0
Jordy Nelson	WR	13	0	0	0	0	0	97	0	10	0	0	0	0	0	0		0
Matthew Slater	WR	13	0	0	0	0	0	0	0	0	0	0	0	0	0	0		0
Matthew Stafford	QB	13	245	1	1	2	0	0	0	0	1	0	0	0	0	0		0
Chase Daniel	QB	13	285	1	2	4	0	0	0	0	0	0	0	0	0	0		0
Graham Gano	PK	13	0	0	0	0	0	0	0	0	0	0	0	0	0	0	37	2
Mark Sanchez	QB	13	100	0	1	8	0	0	0	0	0	0	0	0	0	0		0
Ryan Succop	PK	13	0	0	0	0	0	0	0	0	0	0	0	0	0	0	24;33	2
Darrius Heyward-Bey	WR	13	0	0	0	0	0	0	0	0	0	0	0	0	0	0		0
Michael Crabtree	WR	13	0	0	0	0	0	36	0	3	0	0	0	0	0	0		0
LeSean McCoy	RB	13	0	0	0	52	0	12	0	4	0	0	0	0	0	0		0
Jared Cook	TE	13	0	0	0	0	0	100	1	7	0	0	0	0	0	0		0
Julian Edelman	WR	13	0	0	0	35	0	25	0	3	0	0	0	0	0	0		0
LeGarrette Blount	RB	13	0	0	0	61	0	0	0	0	0	0	0	0	0	0		0
Chris Ivory	RB	13	0	0	0	4	0	0	0	0	0	0	0	0	0	0		0
Rob Gronkowski	TE	13	0	0	0	0	0	26	0	3	0	0	0	0	0	0		0
Emmanuel Sanders	WR	13	0	0	0	0	0	19	0	4	0	0	0	0	0	0		0
Colt McCoy	QB	13	50	0	0	0	0	0	0	0	0	0	0	0	0	0		0
Andre Roberts	WR	13	0	0	0	18	0	10	0	1	0	0	0	0	0	0		0
Jimmy Graham	TE	13	0	0	0	0	0	50	0	8	0	0	0	0	0	0		0
Antonio Brown	WR	13	0	0	0	0	0	154	1	10	0	0	0	0	0	0		0
Demaryius Thomas	WR	13	0	0	0	0	0	32	0	3	0	0	0	0	0	0		0
Golden Tate	WR	13	0	0	0	0	0	85	1	7	0	0	0	0	0	1		0
Cam Newton	QB	13	300	2	4	33	0	0	0	0	0	0	0	0	0	0		0
A.J. Green	WR	13	0	0	0	0	0	7	0	1	0	0	0	0	0	0		0
Julio Jones	WR	13	0	0	0	0	0	18	0	2	0	0	0	0	0	0		0
Blaine Gabbert	QB	13	0	0	0	-1	0	0	0	0	0	0	0	0	0	0		0
Mark Ingram	RB	13	0	0	0	27	0	1	0	2	0	0	0	0	0	0		0
Kyle Rudolph	TE	13	0	0	0	0	0	38	0	3	0	0	0	0	0	0		0
Randall Cobb	WR	13	0	0	0	0	0	25	0	3	0	0	0	0	0	0		0
Dion Lewis	RB	13	0	0	0	36	0	-2	0	2	0	0	0	0	0	0		0
Lee Smith	TE	13	0	0	0	0	0	1	1	1	0	0	0	0	0	0		0
Charles Clay	TE	13	0	0	0	0	0	9	0	1	0	0	0	0	0	0		0
Dwayne Harris	WR	13	0	0	0	0	0	9	0	1	0	0	0	0	0	0		0
Aldrick Robinson	WR	13	0	0	0	0	0	37	0	5	0	0	0	0	0	0		0
Chris Hogan	WR	13	0	0	0	0	0	20	0	2	0	0	0	0	0	0		0
Andre Holmes	WR	13	0	0	0	0	0	0	0	0	0	0	0	0	0	0		0
Dontrelle Inman	WR	13	0	0	0	0	0	14	0	2	0	0	0	0	0	0		0
Doug Baldwin	WR	13	0	0	0	0	0	22	1	2	0	0	0	0	0	0		0
Patrick DiMarco	RB	13	0	0	0	0	0	38	0	1	0	0	0	0	0	0		0
Dan Bailey	PK	13	0	0	0	0	0	0	0	0	0	0	0	0	0	0	39	1
Case Keenum	QB	13	151	1	0	9	0	0	0	0	0	0	0	0	0	0		0
Cole Beasley	WR	13	0	0	0	0	0	9	0	2	0	0	0	0	0	0		0
Alshon Jeffery	WR	13	0	0	0	0	0	31	0	3	0	0	0	0	0	0		0
Brandon Bolden	RB	13	0	0	0	10	0	0	0	0	0	0	0	0	0	0		0
Russell Wilson	QB	13	185	4	0	14	0	0	0	0	0	0	0	0	0	0		0
Travis Benjamin	WR	13	0	0	0	1	0	44	1	2	0	0	0	0	0	0		0
Josh Bellamy	WR	13	0	0	0	0	0	8	0	1	0	0	0	0	0	0		0
Deonte Thompson	WR	13	0	0	0	0	0	12	0	1	0	0	0	0	0	0		0
Orson Charles	TE	13	0	0	0	0	0	0	0	0	0	0	0	0	0	0		0
Randy Bullock	PK	13	0	0	0	0	0	0	0	0	0	0	0	0	0	0	35	1
Jarius Wright	WR	13	0	0	0	0	0	44	0	2	0	0	0	0	0	0		0
Rhett Ellison	TE	13	0	0	0	0	0	42	0	4	0	0	0	0	0	0		0
Justin Tucker	PK	13	0	0	0	0	0	0	0	0	0	0	0	0	0	0	41;21;45;47	2
Kirk Cousins	QB	13	201	1	2	0	0	0	0	0	0	0	0	0	0	0		0
T.Y. Hilton	WR	13	0	0	0	0	0	77	0	8	0	0	0	0	0	0		0
Doug Martin	RB	13	0	0	0	61	1	6	0	2	0	1	0	0	0	0		0
Lamar Miller	RB	13	0	0	0	103	0	12	0	1	0	0	0	0	0	0		0
Greg Zuerlein	PK	13	0	0	0	0	0	0	0	0	0	0	0	0	0	0	24;47;48	3
Mohamed Sanu	WR	13	0	0	0	0	0	37	0	3	0	0	0	0	0	0		0
Michael Floyd	WR	13	0	0	0	0	0	9	0	1	0	0	0	0	0	0		0
Josh Gordon	WR	13	0	0	0	0	0	58	1	3	0	0	0	0	0	0		0
Robert Griffin III	QB	13	21	0	0	0	0	0	0	0	0	0	0	0	0	0		0
Andrew Luck	QB	13	248	0	1	16	0	0	0	0	0	0	0	0	0	0		0
Ryan Tannehill	QB	13	137	3	1	-5	0	0	0	0	0	0	0	0	0	0		0
Darren Fells	TE	13	0	0	0	0	0	0	0	0	0	0	0	0	0	0		0
Brandon McManus	PK	13	0	0	0	0	0	0	0	0	0	0	0	0	0	0	29	3
Adam Thielen	WR	13	0	0	0	0	0	28	1	5	0	0	0	0	0	0		0
Zach Ertz	TE	13	0	0	0	0	0	83	0	9	0	0	0	0	0	0		0
Kenny Stills	WR	13	0	0	0	0	0	37	1	4	0	0	0	0	0	0		0
Luke Willson	TE	13	0	0	0	0	0	8	0	1	0	0	0	0	0	0		0
Dustin Hopkins	PK	13	0	0	0	0	0	0	0	0	0	0	0	0	0	0	44;47	1
Theo Riddick	RB	13	0	0	0	32	0	26	0	3	0	0	0	0	0	0		0
Ryan Griffin	TE	13	0	0	0	0	0	12	0	1	0	0	0	0	0	0		0
Russell Shepard	WR	13	0	0	0	0	0	59	1	2	0	0	0	0	0	0		0
Demetrius Harris	TE	13	0	0	0	0	0	39	1	3	0	0	0	0	0	0		0
Keenan Allen	WR	13	0	0	0	0	0	148	1	14	0	0	0	0	0	1		0
Rex Burkhead	RB	13	0	0	0	20	0	21	0	2	0	0	0	0	0	0		0
Jaron Brown	WR	13	0	0	0	0	0	67	2	3	0	0	0	0	0	0		0
Brett Maher	PK	13	0	0	0	0	0	0	0	0	0	0	0	0	0	0	26;46	1
Chris Thompson	RB	13	0	0	0	3	0	18	0	3	0	0	0	0	0	0		0
Spencer Ware	RB	13	0	0	0	47	1	5	0	1	0	0	0	0	0	0		0
Robert Woods	WR	13	0	0	0	11	0	67	1	5	0	0	0	0	0	0		0
Levine Toilolo	TE	13	0	0	0	0	0	90	0	4	0	0	0	0	0	0		0
Giovani Bernard	RB	13	0	0	0	14	0	32	0	6	0	0	0	0	0	0		0
Kenjon Barner	RB	13	0	0	0	0	0	0	0	0	0	0	0	0	0	0		0
Vance McDonald	TE	13	0	0	0	0	0	28	0	4	0	0	0	0	0	0		0
Jordan Reed	TE	13	0	0	0	0	0	21	0	4	0	0	0	0	0	0		0
Travis Kelce	TE	13	0	0	0	0	0	168	2	12	0	0	1	0	0	0		0
Latavius Murray	RB	13	0	0	0	11	0	3	0	2	0	0	0	0	0	0		0
Brice Butler	WR	13	0	0	0	0	0	25	0	4	0	0	0	0	0	0		0
Justin Hunter	WR	13	0	0	0	0	0	0	0	0	0	0	0	0	0	0		0
DeAndre Hopkins	WR	13	0	0	0	0	0	91	0	7	0	0	0	0	0	0		0
Cordarrelle Patterson	RB	13	0	0	0	6	0	53	0	2	0	0	0	0	0	0		0
Isaiah Crowell	RB	13	0	0	0	98	0	9	0	4	0	0	0	0	0	0		0
Willie Snead	WR	13	0	0	0	0	0	8	0	1	0	0	0	0	0	0		0
Bennie Fowler	WR	13	0	0	0	0	0	11	0	1	0	0	0	0	0	0		0
Trey Burton	TE	13	0	0	0	0	0	0	0	0	0	0	0	0	0	0		0
Ryan Hewitt	TE	13	0	0	0	0	0	0	0	0	0	0	0	0	0	0		0
Cody Parkey	PK	13	0	0	0	0	0	0	0	0	0	0	0	0	0	0	36;21	3
Erik Swoope	TE	13	0	0	0	0	0	4	0	1	0	0	0	0	0	0		0
Damien Williams	RB	13	0	0	0	38	0	7	0	2	0	0	0	0	0	0		0
Quincy Enunwa	WR	13	0	0	0	0	0	9	0	2	0	0	0	0	0	0		0
Carlos Hyde	RB	13	0	0	0	36	0	1	0	1	0	1	0	0	0	0		0
John Brown	WR	13	0	0	0	0	0	0	0	0	0	0	0	0	0	0		0
James White	RB	13	0	0	0	26	0	92	0	7	0	0	0	0	0	0		0
Ryan Grant	WR	13	0	0	0	0	0	0	0	0	0	0	0	0	0	0		0
Alfred Blue	RB	13	0	0	0	54	0	0	0	0	0	0	0	0	0	0		0
Chris Boswell	PK	13	0	0	0	0	0	0	0	0	0	0	0	0	0	0	48	3
Seth Roberts	WR	13	0	0	0	0	0	25	0	3	0	0	0	0	0	0		0
Scott Simonson	TE	13	0	0	0	0	0	25	0	2	0	0	0	0	0	0		0
T.J. Jones	WR	13	0	0	0	0	0	25	0	1	0	0	0	0	0	0		0
Cairo Santos	PK	13	0	0	0	0	0	0	0	0	0	0	0	0	0	0	35	3
Senorise Perry	RB	13	0	0	0	0	0	0	0	0	0	0	0	0	0	0		0
Taylor Gabriel	WR	13	0	0	0	0	0	17	0	3	0	0	1	0	0	0		0
Odell Beckham Jr.	WR	13	49	1	0	0	0	35	1	3	0	0	0	0	0	0		0
Brandin Cooks	WR	13	0	0	0	0	0	62	0	4	0	0	0	0	0	0		0
Cameron Brate	TE	13	0	0	0	0	0	36	0	3	0	0	0	0	0	0		0
Derek Carr	QB	13	285	3	0	8	0	0	0	0	0	0	0	0	0	0		0
Jordan Matthews	TE	13	0	0	0	0	0	4	1	1	0	0	0	0	0	0		0
Bruce Ellington	WR	13	0	0	0	0	0	35	0	7	0	0	0	0	0	0		0
Donte Moncrief	WR	13	0	0	0	0	0	40	0	3	0	0	0	0	0	0		0
Kelvin Benjamin	WR	13	0	0	0	0	0	20	0	2	0	0	0	0	0	0		0
Davante Adams	WR	13	0	0	0	0	0	93	1	8	0	0	0	0	0	0		0
Jarvis Landry	WR	13	0	0	0	0	0	103	0	6	0	0	0	0	0	0		0
Eric Ebron	TE	13	0	0	0	-9	0	81	0	10	0	1	0	0	0	0		0
Mike Evans	WR	13	0	0	0	0	0	48	0	4	0	0	0	0	0	0		0
Allen Robinson	WR	13	0	0	0	0	0	79	0	5	0	0	0	0	0	0		0
Jason Myers	PK	13	0	0	0	0	0	0	0	0	0	0	0	0	0	0	54;34;43;39;39	1
Jameis Winston	QB	13	249	2	0	48	0	0	0	0	0	0	0	0	0	0		0
Amari Cooper	WR	13	0	0	0	0	0	76	0	8	0	0	1	0	0	0		0
DeVante Parker	WR	13	0	0	0	0	0	43	1	4	0	0	0	0	0	0		0
Nelson Agholor	WR	13	0	0	0	0	0	56	0	4	0	0	0	0	0	0		0
Justin Hardy	WR	13	0	0	0	0	0	0	0	0	0	0	0	0	0	0		0
MyCole Pruitt	TE	13	0	0	0	0	0	4	0	1	0	0	0	0	0	0		0
Stefon Diggs	WR	13	0	0	0	0	0	49	0	5	0	0	0	0	0	0		0
Nick Boyle	TE	13	0	0	0	0	0	7	0	1	0	0	0	0	0	0		0
Zach Zenner	RB	13	0	0	0	7	0	0	0	0	0	0	0	0	0	0		0
Eric Tomlinson	TE	13	0	0	0	0	0	0	0	0	0	0	0	0	0	0		0
Matt LaCosse	TE	13	0	0	0	0	0	0	0	0	0	0	0	0	0	0		0
DeAndre Carter	WR	13	0	0	0	0	0	32	0	6	0	0	0	0	0	0		0
Jake Kumerow	WR	13	0	0	0	0	0	11	0	1	0	0	0	0	0	0		0
Matt Lengel	TE	13	0	0	0	0	0	9	0	1	0	0	0	0	0	0		0
Taylor Heinicke	QB	13	0	0	0	0	0	0	0	0	0	0	0	0	0	0		0
Malcolm Brown	RB	13	0	0	0	8	0	0	0	0	0	0	0	0	0	0		0
Rod Smith	RB	13	0	0	0	2	0	0	0	0	0	0	0	0	0	0		0
Jamison Crowder	WR	13	0	0	0	-5	0	36	0	4	0	0	0	0	0	0		0
James O'Shaughnessy	TE	13	0	0	0	0	0	19	0	2	0	0	0	0	0	0		0
Marcus Murphy	RB	13	0	0	0	7	0	0	0	0	0	0	0	0	0	0		0
Darius Jennings	WR	13	0	0	0	0	0	0	0	0	0	0	0	0	0	0		0
Adam Humphries	WR	13	0	0	0	0	0	61	1	7	0	0	0	0	0	0		0
Breshad Perriman	WR	13	0	0	0	0	0	26	0	2	0	0	0	0	0	0		0
Devin Funchess	WR	13	0	0	0	0	0	10	1	1	0	0	0	0	0	0		0
Tevin Coleman	RB	13	0	0	0	8	0	3	0	1	0	0	0	0	0	0		0
Mike Davis	RB	13	0	0	0	10	0	0	0	0	0	0	0	0	0	0		0
Josh Lambo	PK	13	0	0	0	0	0	0	0	0	0	0	0	0	0	0	30;37	0
Daniel Brown	TE	13	0	0	0	0	0	0	0	0	0	0	0	0	0	0		0
Ameer Abdullah	RB	13	0	0	0	0	0	0	0	0	0	0	0	0	0	0		0
Nick O'Leary	TE	13	0	0	0	0	0	9	0	1	0	0	0	0	0	0		0
Chris Conley	WR	13	0	0	0	0	0	25	1	3	0	0	0	0	0	0		0
C.J. Uzomah	TE	13	0	0	0	0	0	33	0	5	0	0	0	0	0	0		0
Jesse James	TE	13	0	0	0	0	0	7	0	1	0	0	0	0	0	0		0
Tyrell Williams	WR	13	0	0	0	0	0	14	0	1	0	0	0	0	0	0		0
Sammie Coates	WR	13	0	0	0	0	0	0	0	0	0	0	0	0	0	0		0
Rashad Greene	WR	13	0	0	0	0	0	0	0	0	0	0	0	0	0	0		0
David Johnson	RB	13	0	0	0	69	0	3	0	1	0	0	0	0	0	0		0
Ty Montgomery	WR	13	0	0	0	13	0	42	0	5	0	0	0	0	0	0		0
T.J. Yeldon	RB	13	0	0	0	16	0	49	0	7	0	0	0	0	0	0		0
Tyler Lockett	WR	13	0	0	0	10	0	52	1	1	0	0	0	0	0	0		0
Todd Gurley	RB	13	0	0	0	132	2	33	0	3	0	0	0	0	0	0		0
Duke Johnson	RB	13	0	0	0	0	0	12	0	2	0	0	0	0	0	0		0
Marcus Mariota	QB	13	282	2	1	43	0	0	0	0	0	0	0	0	0	0		0
Chester Rogers	WR	13	0	0	0	0	0	0	0	0	0	0	0	0	0	0		0
Maurice Harris	WR	13	0	0	0	0	0	0	0	0	0	0	0	0	0	0		0
Sterling Shepard	WR	13	0	0	0	0	0	28	0	4	0	0	0	0	0	0		0
Austin Hooper	TE	13	0	0	0	0	0	44	1	5	0	0	0	0	0	0		0
Nick Vannett	TE	13	0	0	0	0	0	4	0	1	0	0	0	0	0	0		0
Chris Moore	WR	13	0	0	0	0	0	21	0	1	0	0	0	0	0	0		0
Kenneth Dixon	RB	13	0	0	0	37	0	6	0	1	0	0	0	0	0	0		0
Jeff Driskel	QB	13	236	1	1	3	0	0	0	0	1	0	0	0	0	0		0
Alex Erickson	WR	13	0	0	0	0	0	2	0	1	0	0	0	0	0	0		0
Wil Lutz	PK	13	0	0	0	0	0	0	0	0	0	0	0	0	0	0	33	1
J.D. McKissic	RB	13	0	0	0	0	0	0	0	0	0	0	0	0	0	0		0
Ben Braunecker	TE	13	0	0	0	0	0	0	0	0	0	0	0	0	0	0		0
Robbie Chosen	WR	13	0	0	0	0	0	48	0	4	0	0	0	0	0	0		0
Ka'imi Fairbairn	PK	13	0	0	0	0	0	0	0	0	0	0	0	0	0	0	35;42;48;53;38	2
Peyton Barber	RB	13	0	0	0	45	1	0	0	0	0	1	0	0	0	0		0
Alan Cross	TE	13	0	0	0	0	0	3	0	1	0	0	0	0	0	0		0
Josh Doctson	WR	13	0	0	0	0	0	51	0	3	0	0	0	0	0	0		0
Derrick Henry	RB	13	0	0	0	40	1	5	0	2	0	0	0	0	0	0		0
Michael Thomas	WR	13	0	0	0	0	0	40	0	5	0	0	0	0	0	0		0
Demarcus Robinson	WR	13	0	0	0	0	0	38	0	1	0	0	0	0	0	0		0
Tajae Sharpe	WR	13	0	0	0	0	0	51	0	3	0	0	0	0	0	0		0
Jordan Howard	RB	13	0	0	0	76	0	4	0	1	0	0	0	0	0	0		0
Cody Core	WR	13	0	0	0	0	0	30	1	1	0	0	0	0	0	0		0
Aldrick Rosas	PK	13	0	0	0	0	0	0	0	0	0	0	0	0	0	0	57;37;44	3
DeAndre Washington	RB	13	0	0	0	7	0	0	0	0	0	1	0	0	0	0		0
Carson Wentz	QB	13	306	2	1	-4	0	0	0	0	0	0	0	1	0	0		0
Laquon Treadwell	WR	13	0	0	0	0	0	13	0	2	0	0	0	0	0	0		0
Corey Coleman	WR	13	0	0	0	0	0	0	0	0	0	0	0	0	0	0		0
Devontae Booker	RB	13	0	0	0	4	0	38	0	2	0	0	0	0	0	0		0
Rashard Higgins	WR	13	0	0	0	0	0	62	1	4	0	0	0	0	0	0		0
Tyler Boyd	WR	13	0	0	0	0	0	97	0	6	0	0	0	0	0	0		0
Jalen Richard	RB	13	0	0	0	95	0	31	0	3	0	1	0	0	0	0		0
Tyreek Hill	WR	13	0	0	0	37	0	13	0	1	0	0	0	0	0	0		0
Ezekiel Elliott	RB	13	0	0	0	75	0	60	1	6	0	0	0	0	0	0		0
Dak Prescott	QB	13	249	1	0	22	0	0	0	0	1	0	0	0	0	0		0
Seth DeValve	TE	13	0	0	0	0	0	19	0	1	0	0	0	0	0	0		0
Cody Kessler	QB	13	150	0	0	28	0	0	0	0	0	0	0	0	0	0		0
Jared Goff	QB	13	207	1	1	-2	0	0	0	0	1	0	0	0	0	0		0
Tyler Higbee	TE	13	0	0	0	0	0	19	0	2	0	0	0	0	0	0		0
Pharoh Cooper	WR	13	0	0	0	0	0	0	0	0	0	0	0	0	0	0		0
Kenyan Drake	RB	13	0	0	0	31	0	13	1	2	0	0	0	0	0	0		0
Zach Pascal	WR	13	0	0	0	2	0	16	0	1	0	0	0	0	0	0		0
Darrell Daniels	TE	13	0	0	0	0	0	0	0	0	0	0	0	0	0	0		0
JoJo Natson	WR	13	0	0	0	0	0	0	0	0	0	0	0	0	0	0		0
Christian McCaffrey	RB	13	0	0	0	106	0	55	1	9	0	0	0	0	0	0		0
Curtis Samuel	WR	13	0	0	0	8	0	88	0	6	0	0	0	0	0	0		0
George Kittle	TE	13	0	0	0	0	0	70	0	6	0	0	0	0	0	0		0
Trent Taylor	WR	13	0	0	0	0	0	11	0	1	0	0	0	0	0	0		0
Aaron Jones	RB	13	0	0	0	36	1	16	0	4	0	0	0	0	0	0		0
Elijah McGuire	RB	13	0	0	0	19	0	-4	0	1	0	0	0	0	0	0		0
Harrison Butker	PK	13	0	0	0	0	0	0	0	0	0	0	0	0	0	0	29;50	4
Kendrick Bourne	WR	13	0	0	0	0	0	60	0	4	0	0	0	0	0	0		0
Matt Breida	RB	13	0	0	0	6	0	51	0	3	0	0	0	0	0	0		0
Nick Mullens	QB	13	414	2	1	1	0	0	0	0	0	0	0	0	0	0		0
Taysom Hill	TE	13	0	0	0	0	0	0	0	0	0	0	0	0	0	0		0
Taquan Mizzell	RB	13	0	0	0	7	0	16	0	2	0	0	0	0	0	0		0
Ricky Ortiz	RB	13	0	0	0	0	0	0	0	0	0	0	0	0	0	0		0
Bobo Wilson	WR	13	0	0	0	0	0	0	0	0	0	0	0	0	0	0		0
Anthony Firkser	TE	13	0	0	0	0	0	42	1	3	0	0	0	0	0	0		0
John Ross	WR	13	0	0	0	2	0	13	0	2	0	0	0	0	0	0		0
Jehu Chesson	WR	13	0	0	0	0	0	0	0	0	0	0	0	0	0	0		0
Isaiah McKenzie	WR	13	0	0	0	0	0	46	0	4	0	0	0	0	0	0		0
Isaiah Ford	WR	13	0	0	0	0	0	0	0	0	0	0	0	0	0	0		0
Gehrig Dieter	WR	13	0	0	0	0	0	0	0	0	0	0	0	0	0	0		0
Mike Williams	WR	13	0	0	0	0	0	52	0	3	0	0	0	0	0	0		0
Deshaun Watson	QB	13	224	1	0	30	0	0	0	0	0	0	0	0	0	0		0
James Conner	RB	13	0	0	0	60	2	14	0	3	0	0	0	0	0	0		0
Tarik Cohen	RB	13	1	1	0	30	0	156	0	12	0	0	0	0	0	0		0
Ryan Switzer	WR	13	0	0	0	0	0	9	0	2	0	0	0	0	0	0		0
David Moore	WR	13	0	0	0	0	0	0	0	0	0	0	0	0	0	0		0
Noah Brown	WR	13	0	0	0	0	0	9	0	1	0	0	0	0	0	0		0
Chris Carson	RB	13	0	0	0	69	0	39	0	3	0	0	0	0	0	0		0
Matt Dayes	RB	13	0	0	0	0	0	0	0	0	0	0	0	0	0	0		0
Ricky Seals-Jones	TE	13	0	0	0	0	0	10	0	1	0	0	0	0	0	0		0
Jason Croom	TE	13	0	0	0	0	0	0	0	0	0	0	0	0	0	0		0
Blake Jarwin	TE	13	0	0	0	0	0	12	0	1	0	0	0	0	0	0		0
Keelan Cole	WR	13	0	0	0	0	0	16	0	2	0	0	0	0	0	0		0
Austin Ekeler	RB	13	0	0	0	21	0	22	0	5	0	0	0	0	0	0		0
Corey Clement	RB	13	0	0	0	27	0	47	0	3	0	0	0	0	0	0		0
Robert Tonyan	TE	13	0	0	0	0	0	5	0	1	0	0	0	0	0	0		0
Jake Elliott	PK	13	0	0	0	0	0	0	0	0	0	0	0	0	0	0	46;44	2
T.J. Logan	RB	13	0	0	0	5	0	0	0	0	0	0	0	0	0	0		0
Dede Westbrook	WR	13	0	0	0	-1	0	25	0	3	0	0	0	0	0	0		0
JuJu Smith-Schuster	WR	13	0	0	0	0	0	49	0	6	0	0	0	0	0	0		0
Jonnu Smith	TE	13	0	0	0	0	0	29	0	2	0	0	0	0	0	0		0
Zane Gonzalez	PK	13	0	0	0	0	0	0	0	0	0	0	0	0	0	0	44;44	2
Corey Davis	WR	13	0	0	0	12	0	42	1	3	0	0	0	0	0	0		0
Patrick Mahomes	QB	13	295	4	0	52	0	0	0	0	0	0	0	0	0	0		0
David Njoku	TE	13	0	0	0	0	0	8	0	3	0	0	0	0	0	0		0
Zay Jones	WR	13	0	0	0	0	0	67	2	4	0	0	0	0	0	1		0
Dalvin Cook	RB	13	0	0	0	84	0	22	0	8	0	0	0	0	0	0		0
Gerald Everett	TE	13	0	0	0	0	0	7	0	1	0	0	0	0	0	0		0
Adam Shaheen	TE	13	0	0	0	0	0	5	1	2	0	0	0	0	0	0		0
Joe Mixon	RB	13	0	0	0	82	0	13	0	2	0	0	0	0	0	0		0
Alvin Kamara	RB	13	0	0	0	36	0	36	0	8	0	0	0	0	0	0		0
Taywan Taylor	WR	13	0	0	0	0	0	104	0	3	0	0	0	0	0	0		0
Chris Godwin Jr.	WR	13	0	0	0	0	0	101	1	5	0	0	0	0	0	0		0
Kenny Golladay	WR	13	0	0	0	0	0	50	0	3	0	0	0	0	0	0		0
Josh Reynolds	WR	13	0	0	0	0	0	19	0	2	0	0	0	0	0	0		0
Jamaal Williams	RB	13	0	0	0	13	0	14	0	4	0	0	0	0	0	0		0
Wayne Gallman	RB	13	0	0	0	16	0	-2	0	1	0	0	0	0	0	0		0
Marlon Mack	RB	13	0	0	0	27	0	6	0	1	0	0	0	0	0	0		0
Jordan Leggett	TE	13	0	0	0	0	0	18	0	2	0	0	0	0	0	0		0
Dan Arnold	TE	13	0	0	0	0	0	20	0	2	0	0	0	0	0	0		0
River Cracraft	WR	13	0	0	0	0	0	0	0	0	0	0	0	0	0	0		0
Mike Badgley	PK	13	0	0	0	0	0	0	0	0	0	0	0	0	0	0	29	2
Phillip Lindsay	RB	13	0	0	0	157	2	2	0	1	0	0	0	0	0	0		0
Jeff Wilson	RB	13	0	0	0	61	0	73	0	8	0	1	0	0	0	0		0
Daniel Carlson	PK	13	0	0	0	0	0	0	0	0	0	0	0	0	0	0	50;44	3
Trenton Cannon	RB	13	0	0	0	18	0	7	0	1	0	0	0	0	0	0		0
Gus Edwards	RB	13	0	0	0	82	0	0	0	0	0	0	0	0	0	0		0
Dontrell Hilliard	RB	13	0	0	0	0	0	40	0	4	0	0	0	0	0	0		0
Marquez Valdes-Scantling	WR	13	0	0	0	29	0	19	0	2	0	0	0	0	0	0		0
Damion Ratley	WR	13	0	0	0	0	0	2	0	1	0	0	0	0	0	0		0
Equanimeous St. Brown	WR	13	0	0	0	0	0	0	0	0	0	0	0	0	0	0		0
Richie James	WR	13	0	0	0	0	0	0	0	0	0	0	0	0	0	0		0
Darrel Williams	RB	13	0	0	0	0	0	0	0	0	0	0	0	0	0	0		0
Keith Kirkwood	WR	13	0	0	0	0	0	30	1	1	0	0	0	0	0	0		0
Jaylen Samuels	RB	13	0	0	0	5	0	20	1	3	0	0	0	0	0	0		0
Josh Rosen	QB	13	149	0	0	32	0	0	0	0	0	0	0	0	0	0		0
Courtland Sutton	WR	13	0	0	0	0	0	85	1	4	0	0	0	0	0	0		0
Dallas Goedert	TE	13	0	0	0	0	0	0	0	0	0	0	0	0	0	0		0
Anthony Miller	WR	13	0	0	0	0	0	1	1	1	0	0	0	0	0	0		0
Jordan Akins	TE	13	0	0	0	0	0	13	0	1	0	0	0	0	0	0		0
Ian Thomas	TE	13	0	0	0	0	0	46	0	5	0	0	0	0	0	0		0
Nyheim Hines	RB	13	0	0	0	5	0	50	0	9	0	0	0	0	0	0		0
Ito Smith	RB	13	0	0	0	22	0	0	0	1	0	0	0	0	0	0		0
Dalton Schultz	TE	13	0	0	0	0	0	7	0	1	0	0	0	0	0	0		0
Justin Watson	WR	13	0	0	0	0	0	0	0	0	0	0	0	0	0	0		0
Jordan Wilkins	RB	13	0	0	0	0	0	0	0	1	0	0	0	0	0	0		0
Russell Gage	WR	13	0	0	0	0	0	7	0	1	0	0	0	0	0	0		0
Justin Jackson	RB	13	0	0	0	63	1	19	0	1	0	0	0	0	0	0		0
Buddy Howell	RB	13	0	0	0	0	0	0	0	0	0	0	0	0	0	0		0
Greg Joseph	PK	13	0	0	0	0	0	0	0	0	0	0	0	0	0	0		1
Josh Adams	RB	13	0	0	0	85	0	0	0	0	0	0	0	0	0	0		0
Trent Sherfield	WR	13	0	0	0	0	0	21	0	1	0	0	0	0	0	0		0
Jawill Davis	WR	13	0	0	0	0	0	0	0	0	0	0	0	0	0	0		0
Robert Foster	WR	13	0	0	0	0	0	27	0	1	0	0	0	0	0	0		0
Jordan Franks	TE	13	0	0	0	0	0	0	0	0	0	0	0	0	0	0		0
Cameron Batson	WR	13	0	0	0	0	0	7	0	1	0	0	0	0	0	0		0
Mark Walton	RB	13	0	0	0	10	0	0	0	0	0	0	0	0	0	0		0
Chase Edmonds	RB	13	0	0	0	53	2	13	0	2	0	0	0	0	0	0		0
Marcell Ateman	WR	13	0	0	0	0	0	16	1	2	0	0	0	0	0	0		0
Rashaad Penny	RB	13	0	0	0	65	1	0	0	0	0	0	0	0	0	0		0
Mark Andrews	TE	13	0	0	0	0	0	47	0	3	0	0	0	0	0	0		0
Michael Gallup	WR	13	0	0	0	0	0	76	0	5	0	0	0	0	0	0		0
Tre'Quan Smith	WR	13	0	0	0	0	0	0	0	0	0	0	0	0	0	0		0
Chris Herndon	TE	13	0	0	0	0	0	31	0	2	0	0	0	0	0	0		0
Antonio Callaway	WR	13	0	0	0	0	0	84	0	3	0	0	1	0	0	0		0
Christian Kirk	WR	13	0	0	0	23	0	54	0	3	0	0	0	0	0	0		0
Nick Chubb	RB	13	0	0	0	31	1	41	0	3	0	0	0	0	0	0		0
Jason Sanders	PK	13	0	0	0	0	0	0	0	0	0	0	0	0	0	0		3
Lamar Jackson	QB	13	125	0	0	75	1	0	0	0	1	0	0	0	0	0		0
Durham Smythe	TE	13	0	0	0	0	0	0	0	0	0	0	0	0	0	0		0
Kalen Ballage	RB	13	0	0	0	3	0	0	0	0	0	0	0	0	0	0		0
Ronald Jones	RB	13	0	0	0	2	0	0	0	0	0	0	0	0	0	0		0
DJ Moore	WR	13	0	0	0	21	0	44	0	4	0	0	0	0	0	0		0
Calvin Ridley	WR	13	0	0	0	0	0	22	0	3	0	0	0	0	0	0		0
Royce Freeman	RB	13	0	0	0	48	0	0	0	0	0	1	0	0	0	0		0
Saquon Barkley	RB	13	0	0	0	125	0	21	0	3	0	0	0	0	0	0		0
Sony Michel	RB	13	0	0	0	63	0	7	0	1	0	0	0	0	0	0		0
Baker Mayfield	QB	13	397	1	3	0	0	0	0	0	0	0	0	0	0	0		0
Josh Allen	QB	13	231	2	2	135	0	0	0	0	0	0	0	1	0	0		0
Dante Pettis	WR	13	0	0	0	-2	0	129	2	5	0	0	0	0	0	0		0
Malik Turner	WR	13	0	0	0	0	0	1	0	1	0	0	0	0	0	0		0
Adam Vinatieri	PK	14	0	0	0	0	0	0	0	0	0	0	0	0	0	0	54	3
Tom Brady	QB	14	358	3	0	3	0	0	0	0	0	0	0	0	0	0		0
Sebastian Janikowski	PK	14	0	0	0	0	0	0	0	0	0	0	0	0	0	0	37;35	1
Drew Brees	QB	14	201	1	1	-1	1	0	0	0	1	0	0	0	0	0		0
Matt Bryant	PK	14	0	0	0	0	0	0	0	0	0	0	0	0	0	0		2
Josh McCown	QB	14	0	0	0	0	0	0	0	0	0	0	0	0	0	0		0
Antonio Gates	TE	14	0	0	0	0	0	19	0	2	0	0	0	0	0	0		0
Eli Manning	QB	14	197	3	0	0	0	0	0	0	0	0	0	0	0	0		0
Larry Fitzgerald	WR	14	0	0	0	0	0	55	0	5	0	0	0	0	0	0		0
Ben Roethlisberger	QB	14	282	2	0	0	0	0	0	0	0	0	0	0	0	0		0
Philip Rivers	QB	14	220	1	0	7	0	0	0	0	0	0	0	0	0	0		0
Benjamin Watson	TE	14	0	0	0	0	0	24	0	3	0	0	0	0	0	0		0
Robbie Gould	PK	14	0	0	0	0	0	0	0	0	0	0	0	0	0	0	40;29	2
Aaron Rodgers	QB	14	196	2	0	44	0	0	0	0	0	0	0	0	0	0		0
Frank Gore	RB	14	0	0	0	92	0	24	0	1	0	0	0	0	0	0		0
Darren Sproles	RB	14	0	0	0	2	0	34	1	3	0	0	0	0	0	0		0
Matt Prater	PK	14	0	0	0	0	0	0	0	0	0	0	0	0	0	0	47	2
Vernon Davis	TE	14	0	0	0	0	0	31	0	4	0	0	0	0	0	1		0
Marcedes Lewis	TE	14	0	0	0	0	0	0	0	0	0	0	0	0	0	0		0
Stephen Gostkowski	PK	14	0	0	0	0	0	0	0	0	0	0	0	0	0	0	32;22	3
Adrian Peterson	RB	14	0	0	0	16	0	3	0	1	0	0	0	0	0	0		0
Mason Crosby	PK	14	0	0	0	0	0	0	0	0	0	0	0	0	0	0	50;48	4
Steven Hauschka	PK	14	0	0	0	0	0	0	0	0	0	0	0	0	0	0	31;29;36	2
Danny Amendola	WR	14	0	0	0	0	0	10	0	1	0	0	0	0	0	0		0
Matt Ryan	QB	14	262	3	1	0	0	0	0	0	0	0	0	0	0	0		0
Jordy Nelson	WR	14	0	0	0	0	0	48	0	6	0	0	0	0	0	0		0
Josh Johnson	QB	14	195	1	1	45	1	0	0	0	0	0	0	2	0	0		0
Matthew Stafford	QB	14	101	0	0	7	0	0	0	0	0	0	0	0	0	0		0
Mark Sanchez	QB	14	38	0	2	0	0	0	0	0	0	0	0	0	0	0		0
Ryan Succop	PK	14	0	0	0	0	0	0	0	0	0	0	0	0	0	0	33	3
Darrius Heyward-Bey	WR	14	0	0	0	-7	0	0	0	0	0	0	0	0	0	0		0
Michael Crabtree	WR	14	0	0	0	0	0	31	0	3	0	0	0	0	0	0		0
LeSean McCoy	RB	14	0	0	0	1	0	0	0	0	0	0	0	0	0	0		0
Jared Cook	TE	14	0	0	0	0	0	116	0	7	0	0	0	0	0	0		0
Julian Edelman	WR	14	0	0	0	0	0	86	1	9	0	0	0	0	0	0		0
LeGarrette Blount	RB	14	0	0	0	33	0	18	0	2	0	0	1	0	0	0		0
Chris Ivory	RB	14	0	0	0	42	0	0	0	0	0	0	0	0	0	0		0
Rob Gronkowski	TE	14	0	0	0	0	0	107	1	8	0	0	0	0	0	0		0
Ed Dickson	TE	14	0	0	0	0	0	4	0	1	0	0	0	0	0	0		0
Andre Roberts	WR	14	0	0	0	0	0	0	0	0	0	0	0	0	0	0		0
Jimmy Graham	TE	14	0	0	0	0	0	13	0	2	0	0	0	0	0	0		0
Antonio Brown	WR	14	0	0	0	0	0	35	0	5	0	0	0	0	0	0		0
Joe Webb	QB	14	0	0	0	0	0	13	0	2	0	0	0	0	0	0		0
Jermaine Gresham	TE	14	0	0	0	0	0	0	0	0	0	0	0	0	0	0		0
Demaryius Thomas	WR	14	0	0	0	0	0	48	0	4	0	0	0	0	0	0		0
Golden Tate	WR	14	0	0	0	0	0	7	0	1	0	0	0	0	0	0		0
Cam Newton	QB	14	265	0	1	23	0	0	0	0	0	0	0	0	0	0		0
Julio Jones	WR	14	0	0	0	0	0	106	2	8	0	0	0	0	0	0		0
Mark Ingram	RB	14	0	0	0	52	1	1	0	1	0	0	0	0	0	0		0
Kyle Rudolph	TE	14	0	0	0	0	0	7	0	2	0	0	0	0	0	0		0
Lance Kendricks	TE	14	0	0	0	0	0	0	0	0	0	0	0	0	0	0		0
Randall Cobb	WR	14	0	0	0	0	0	43	1	5	0	0	0	0	0	0		0
Stevan Ridley	RB	14	0	0	0	4	1	0	0	0	0	0	0	0	0	0		0
Luke Stocker	TE	14	0	0	0	0	0	7	0	1	0	0	0	0	0	0		0
Jacquizz Rodgers	RB	14	0	0	0	16	0	38	0	4	0	0	0	0	0	0		0
Dion Lewis	RB	14	0	0	0	13	0	39	0	5	0	0	0	0	0	0		0
Lee Smith	TE	14	0	0	0	0	0	3	1	1	0	0	0	0	0	0		0
Charles Clay	TE	14	0	0	0	0	0	6	0	1	0	0	0	0	0	0		0
Dwayne Harris	WR	14	0	0	0	0	0	0	0	0	0	0	0	0	0	0		0
Aldrick Robinson	WR	14	0	0	0	0	0	0	0	0	0	0	0	0	0	0		0
Chris Hogan	WR	14	0	0	0	0	0	0	0	0	0	0	0	0	0	0		0
Patrick DiMarco	RB	14	0	0	0	0	0	0	0	0	0	0	0	0	0	0		0
Dan Bailey	PK	14	0	0	0	0	0	0	0	0	0	0	0	0	0	0		1
Garrett Celek	TE	14	0	0	0	0	0	0	0	0	0	0	0	0	0	0		0
Case Keenum	QB	14	186	1	0	24	0	0	0	0	0	0	0	0	0	0		0
Cole Beasley	WR	14	0	0	0	0	0	18	0	2	0	0	0	0	0	0		0
Bradley Sowell	TE	14	0	0	0	0	0	2	1	1	0	0	0	0	0	0		0
Derek Carrier	TE	14	0	0	0	0	0	29	1	2	0	0	0	0	0	0		0
Alshon Jeffery	WR	14	0	0	0	0	0	50	1	6	0	0	0	0	0	0		0
Alfred Morris	RB	14	0	0	0	4	0	3	0	1	0	0	0	0	0	0		0
Jermaine Kearse	WR	14	0	0	0	0	0	10	0	1	0	0	0	0	0	0		0
Brandon Bolden	RB	14	0	0	0	60	2	0	0	1	0	0	0	0	0	0		0
Russell Wilson	QB	14	72	0	1	61	0	0	0	0	0	0	0	1	0	0		0
Travis Benjamin	WR	14	0	0	0	0	0	11	0	1	0	0	0	0	0	0		0
Josh Bellamy	WR	14	0	0	0	0	0	0	0	0	0	0	0	0	0	0		0
Deonte Thompson	WR	14	0	0	0	0	0	14	0	1	0	0	0	0	0	0		0
Orson Charles	TE	14	0	0	0	0	0	9	0	1	0	0	0	0	0	0		0
Randy Bullock	PK	14	0	0	0	0	0	0	0	0	0	0	0	0	0	0	47;23;46	0
Jarius Wright	WR	14	0	0	0	5	0	36	0	3	0	0	0	0	0	0		0
Rishard Matthews	WR	14	0	0	0	0	0	6	0	1	0	0	0	0	0	0		0
Justin Tucker	PK	14	0	0	0	0	0	0	0	0	0	0	0	0	0	0	28	3
Kirk Cousins	QB	14	208	1	0	5	0	0	0	0	1	0	0	0	0	0		0
T.Y. Hilton	WR	14	0	0	0	0	0	199	0	9	0	0	0	0	0	0		0
Doug Martin	RB	14	0	0	0	32	1	0	0	0	0	0	0	0	0	0		0
Lamar Miller	RB	14	0	0	0	33	1	19	0	5	0	0	0	0	0	0		0
Greg Zuerlein	PK	14	0	0	0	0	0	0	0	0	0	0	0	0	0	0	27;50	0
Mohamed Sanu	WR	14	0	0	0	0	0	54	0	6	0	0	0	0	0	0		0
Michael Floyd	WR	14	0	0	0	0	0	0	0	0	0	0	0	0	0	1		0
Josh Gordon	WR	14	0	0	0	0	0	96	0	5	0	0	0	0	0	0		0
Robert Griffin III	QB	14	0	0	0	0	0	0	0	0	0	0	0	0	0	0		0
Andrew Luck	QB	14	399	2	1	16	0	0	0	0	0	0	0	0	0	0		0
Brock Osweiler	QB	14	0	0	0	0	0	0	0	0	0	0	0	0	0	0		0
Ryan Tannehill	QB	14	265	3	0	13	0	0	0	0	0	0	0	0	0	0		0
Benny Cunningham	RB	14	0	0	0	0	0	0	0	0	0	0	0	0	0	0		0
Brandon McManus	PK	14	0	0	0	0	0	0	0	0	0	0	0	0	0	0		2
Adam Thielen	WR	14	0	0	0	8	0	70	0	5	0	0	0	0	0	0		0
Zach Ertz	TE	14	0	0	0	0	0	38	0	5	0	0	0	0	0	0		0
Marquise Goodwin	WR	14	0	0	0	0	0	20	0	2	0	0	0	0	0	0		0
Kenny Stills	WR	14	0	0	0	0	0	135	1	8	0	0	0	0	0	0		0
Dustin Hopkins	PK	14	0	0	0	0	0	0	0	0	0	0	0	0	0	0		0
Theo Riddick	RB	14	0	0	0	28	0	30	0	4	0	0	0	0	0	0		0
Ryan Griffin	TE	14	0	0	0	0	0	80	0	5	0	0	0	0	0	0		0
Russell Shepard	WR	14	0	0	0	0	0	11	1	1	0	0	0	0	0	0		0
Demetrius Harris	TE	14	0	0	0	0	0	28	0	3	0	0	0	0	0	0		0
Josh Hill	TE	14	0	0	0	0	0	0	0	0	0	0	0	0	0	0		0
Keenan Allen	WR	14	0	0	0	0	0	78	1	5	0	0	0	0	0	0		0
Rex Burkhead	RB	14	0	0	0	2	0	3	0	1	0	0	0	0	0	0		0
Jaron Brown	WR	14	0	0	0	0	0	0	0	1	0	0	0	0	0	0		0
Brett Maher	PK	14	0	0	0	0	0	0	0	0	0	0	0	0	0	0	28;62;21	2
Chris Thompson	RB	14	0	0	0	23	0	15	0	3	0	0	0	0	0	0		0
Spencer Ware	RB	14	0	0	0	75	0	54	0	5	0	0	0	0	0	0		0
Robert Woods	WR	14	0	0	0	0	0	61	0	7	0	0	0	0	0	0		0
Levine Toilolo	TE	14	0	0	0	0	0	26	0	2	0	0	0	0	0	0		0
Giovani Bernard	RB	14	0	0	0	7	0	13	0	2	0	0	0	0	0	0		0
Kenjon Barner	RB	14	0	0	0	0	0	0	0	0	0	0	0	0	0	0		0
Vance McDonald	TE	14	0	0	0	0	0	37	0	4	0	0	0	0	0	0		0
Jordan Reed	TE	14	0	0	0	0	0	0	0	0	0	0	0	0	0	0		0
Travis Kelce	TE	14	0	0	0	0	0	77	1	7	0	0	0	0	0	0		0
Latavius Murray	RB	14	0	0	0	4	0	0	0	0	0	0	0	0	0	0		0
Brice Butler	WR	14	0	0	0	0	0	23	1	1	0	0	0	0	0	0		0
DeAndre Hopkins	WR	14	0	0	0	0	0	36	1	4	0	0	0	0	0	0		0
Cordarrelle Patterson	RB	14	0	0	0	0	0	51	1	2	0	0	0	0	0	0		0
Isaiah Crowell	RB	14	0	0	0	5	0	2	0	1	0	0	0	0	0	0		0
Willie Snead	WR	14	0	0	0	0	0	61	0	5	0	0	0	0	0	0		0
Bennie Fowler	WR	14	0	0	0	0	0	6	1	1	0	0	0	0	0	0		0
Trey Burton	TE	14	0	0	0	0	0	22	0	2	0	0	0	0	0	0		0
Allen Hurns	WR	14	0	0	0	0	0	9	0	1	0	0	0	0	0	0		0
Cody Parkey	PK	14	0	0	0	0	0	0	0	0	0	0	0	0	0	0	39;31	1
Erik Swoope	TE	14	0	0	0	0	0	0	0	0	0	0	0	0	0	0		0
Damien Williams	RB	14	0	0	0	14	1	16	1	4	0	0	0	0	0	0		0
Chandler Catanzaro	PK	14	0	0	0	0	0	0	0	0	0	0	0	0	0	0	30;34	2
Quincy Enunwa	WR	14	0	0	0	0	0	22	0	3	0	0	0	0	0	0		0
Carlos Hyde	RB	14	0	0	0	0	0	-3	0	1	0	0	0	0	0	0		0
John Brown	WR	14	0	0	0	0	0	23	1	2	0	0	0	0	0	0		0
James White	RB	14	0	0	0	13	0	15	0	2	0	0	0	0	0	0		0
Ryan Grant	WR	14	0	0	0	0	0	15	0	1	0	0	0	0	0	0		0
Alfred Blue	RB	14	0	0	0	21	1	0	0	0	0	0	0	0	0	0		0
Chris Boswell	PK	14	0	0	0	0	0	0	0	0	0	0	0	0	0	0		3
Seth Roberts	WR	14	0	0	0	0	0	76	0	5	0	0	0	0	0	0		0
T.J. Jones	WR	14	0	0	0	0	0	0	0	0	0	0	0	0	0	0		0
Cairo Santos	PK	14	0	0	0	0	0	0	0	0	0	0	0	0	0	0		2
Senorise Perry	RB	14	0	0	0	0	0	0	0	0	0	0	0	0	0	0		0
Taylor Gabriel	WR	14	0	0	0	0	0	22	0	3	0	0	0	0	0	0		0
Brandin Cooks	WR	14	0	0	0	0	0	22	0	3	0	0	0	0	0	0		0
Logan Thomas	TE	14	0	0	0	0	0	5	0	1	0	0	0	0	0	0		0
Cameron Brate	TE	14	0	0	0	0	0	12	2	2	0	0	0	0	0	0		0
Derek Carr	QB	14	322	2	0	-1	0	0	0	0	1	0	0	0	0	0		0
Jordan Matthews	TE	14	0	0	0	0	0	6	0	1	0	0	0	0	0	0		0
Bruce Ellington	WR	14	0	0	0	0	0	17	0	4	0	0	0	0	0	0		0
Donte Moncrief	WR	14	0	0	0	0	0	47	0	5	0	0	0	0	0	0		0
Davante Adams	WR	14	0	0	0	0	0	81	1	7	0	0	0	0	0	0		0
Jarvis Landry	WR	14	0	0	0	54	1	57	1	3	0	0	1	0	0	0		0
Eric Ebron	TE	14	0	0	0	0	0	65	1	4	0	0	0	0	0	0		0
Mike Evans	WR	14	0	0	0	0	0	86	0	4	0	0	0	0	0	0		0
Allen Robinson	WR	14	0	0	0	0	0	42	0	5	0	0	0	0	0	0		0
Jason Myers	PK	14	0	0	0	0	0	0	0	0	0	0	0	0	0	0	47;21	3
Jameis Winston	QB	14	213	2	1	47	0	0	0	0	0	0	0	0	0	0		0
Amari Cooper	WR	14	0	0	0	0	0	217	3	10	0	0	0	0	0	0		0
DeVante Parker	WR	14	0	0	0	0	0	18	0	1	0	0	0	0	0	0		0
Nelson Agholor	WR	14	0	0	0	0	0	49	0	2	0	0	0	0	0	0		0
Maxx Williams	TE	14	0	0	0	0	0	10	1	1	0	0	0	0	0	0		0
Justin Hardy	WR	14	0	0	0	0	0	30	1	3	0	0	0	0	0	0		0
Javorius Allen	RB	14	0	0	0	0	0	0	0	0	0	0	0	0	0	0		0
MyCole Pruitt	TE	14	0	0	0	0	0	9	0	1	0	0	0	0	0	0		0
Stefon Diggs	WR	14	0	0	0	5	0	76	0	4	0	0	0	0	0	0		0
Cameron Artis-Payne	RB	14	0	0	0	5	0	0	0	0	0	0	0	0	0	0		0
Darren Waller	TE	14	0	0	0	0	0	0	0	0	0	0	0	0	0	0		0
Zach Zenner	RB	14	0	0	0	54	1	0	0	0	0	0	0	0	0	0		0
Eric Tomlinson	TE	14	0	0	0	0	0	0	0	0	0	0	0	0	0	0		0
Matt LaCosse	TE	14	0	0	0	0	0	3	0	1	0	0	0	0	0	0		0
DeAndre Carter	WR	14	0	0	0	0	0	0	0	1	0	0	0	0	0	0		0
Jake Kumerow	WR	14	0	0	0	0	0	0	0	0	0	0	0	0	0	0		0
Taylor Heinicke	QB	14	33	0	0	0	0	0	0	0	0	0	0	0	0	0		0
Rod Smith	RB	14	0	0	0	27	0	16	0	2	0	0	0	0	0	0		0
Jamison Crowder	WR	14	0	0	0	0	0	87	1	2	0	0	0	0	0	0		0
James O'Shaughnessy	TE	14	0	0	0	0	0	12	0	3	0	0	0	0	0	0		0
Marcus Murphy	RB	14	0	0	0	10	0	8	0	1	0	0	0	0	0	0		0
Darius Jennings	WR	14	0	0	0	0	0	0	0	0	0	0	0	0	0	0		0
Adam Humphries	WR	14	0	0	0	0	0	42	0	4	0	0	0	0	0	0		0
Breshad Perriman	WR	14	0	0	0	0	0	81	0	2	0	0	0	0	0	0		0
Devin Funchess	WR	14	0	0	0	0	0	0	0	0	0	0	0	0	0	0		0
Tevin Coleman	RB	14	0	0	0	45	0	-4	0	1	0	0	0	0	0	0		0
Blake Bell	TE	14	0	0	0	0	0	16	0	2	0	0	0	0	0	0		0
Mike Davis	RB	14	0	0	0	22	0	5	0	1	0	0	0	0	0	0		0
Josh Lambo	PK	14	0	0	0	0	0	0	0	0	0	0	0	0	0	0		1
Brian Parker	TE	14	0	0	0	0	0	5	0	1	0	0	0	0	0	0		0
Ameer Abdullah	RB	14	0	0	0	0	0	0	0	0	0	0	0	0	0	0		0
J.J. Nelson	WR	14	0	0	0	-5	0	43	0	3	0	0	0	0	0	0		0
Chris Conley	WR	14	0	0	0	0	0	13	0	2	0	0	0	0	0	0		0
C.J. Uzomah	TE	14	0	0	0	0	0	37	0	3	0	0	0	0	0	0		0
Jesse James	TE	14	0	0	0	0	0	28	0	2	0	0	0	0	0	0		0
Tyrell Williams	WR	14	0	0	0	0	0	14	0	3	0	0	0	0	0	0		0
Rashad Greene	WR	14	0	0	0	0	0	10	0	1	0	0	0	0	0	0		0
David Johnson	RB	14	0	0	0	49	0	12	0	8	0	0	0	0	0	0		0
Ty Montgomery	WR	14	0	0	0	1	0	1	0	1	0	0	0	0	0	0		0
T.J. Yeldon	RB	14	0	0	0	7	0	10	0	1	0	0	0	0	0	0		0
Tyler Lockett	WR	14	0	0	0	-3	0	42	0	5	0	0	0	0	0	1		0
Todd Gurley	RB	14	0	0	0	28	0	30	0	3	0	0	0	0	0	0		0
Duke Johnson	RB	14	0	0	0	-6	0	0	0	0	0	0	0	0	0	0		0
Marcus Mariota	QB	14	162	0	1	13	0	0	0	0	0	0	0	0	0	0		0
Chester Rogers	WR	14	0	0	0	0	0	36	0	5	0	0	0	0	0	0		0
Maurice Harris	WR	14	0	0	0	0	0	0	0	0	0	0	0	0	0	0		0
Sterling Shepard	WR	14	0	0	0	0	0	17	1	2	0	0	0	0	0	0		0
Austin Hooper	TE	14	0	0	0	0	0	37	0	4	0	0	0	0	0	0		0
Nick Vannett	TE	14	0	0	0	0	0	12	0	1	0	0	0	0	0	0		0
Chris Moore	WR	14	0	0	0	0	0	0	0	0	0	0	0	0	0	0		0
Kenneth Dixon	RB	14	0	0	0	59	1	21	0	1	0	0	0	0	0	0		0
Jeff Driskel	QB	14	170	1	0	12	0	0	0	0	0	0	0	0	0	0		0
Dwayne Washington	RB	14	0	0	0	0	0	0	0	0	0	0	0	0	0	0		0
Alex Erickson	WR	14	0	0	0	14	0	0	0	0	0	0	0	0	0	0		0
Wil Lutz	PK	14	0	0	0	0	0	0	0	0	0	0	0	0	0	0	30;36	2
Ben Braunecker	TE	14	0	0	0	0	0	0	0	0	0	0	0	0	0	0		0
Robbie Chosen	WR	14	0	0	0	0	0	76	1	4	0	0	0	0	0	0		0
Andy Jones	WR	14	0	0	0	0	0	5	0	1	0	0	0	0	0	0		0
Ka'imi Fairbairn	PK	14	0	0	0	0	0	0	0	0	0	0	0	0	0	0		3
Peyton Barber	RB	14	0	0	0	42	0	2	0	1	0	0	0	0	0	0		0
Alan Cross	TE	14	0	0	0	0	0	0	0	0	0	0	0	0	0	0		0
Josh Doctson	WR	14	0	0	0	0	0	84	0	4	0	0	0	0	0	0		0
Derrick Henry	RB	14	0	0	0	238	4	0	0	0	0	0	0	0	0	0		0
Michael Thomas	WR	14	0	0	0	0	0	98	0	11	0	0	0	0	0	0		0
Demarcus Robinson	WR	14	0	0	0	0	0	42	0	5	0	0	0	0	0	0		0
Tajae Sharpe	WR	14	0	0	0	0	0	0	0	0	0	0	0	0	0	0		0
Jordan Howard	RB	14	0	0	0	101	0	2	0	1	0	0	0	0	0	0		0
Wendell Smallwood	RB	14	0	0	0	3	0	0	0	0	0	0	0	0	0	0		0
Cody Core	WR	14	0	0	0	0	0	30	0	3	0	0	0	0	0	0		0
Aldrick Rosas	PK	14	0	0	0	0	0	0	0	0	0	0	0	0	0	0	35;23	4
Tommylee Lewis	WR	14	0	0	0	0	0	20	0	1	0	0	0	0	0	0		0
Carson Wentz	QB	14	228	3	0	-3	0	0	0	0	1	0	0	0	0	0		0
Laquon Treadwell	WR	14	0	0	0	0	0	16	0	3	0	0	0	0	0	0		0
Byron Marshall	RB	14	0	0	0	4	0	13	0	3	0	0	0	0	0	0		0
Corey Coleman	WR	14	0	0	0	0	0	43	0	2	0	0	0	0	0	0		0
Devontae Booker	RB	14	0	0	0	0	0	11	0	2	0	0	0	0	0	0		0
Rashard Higgins	WR	14	0	0	0	0	0	19	0	2	0	0	1	0	0	0		0
Tyler Boyd	WR	14	0	0	0	0	0	52	0	3	0	0	0	0	0	0		0
Jalen Richard	RB	14	0	0	0	24	0	5	0	1	0	0	0	0	0	0		0
Tyreek Hill	WR	14	0	0	0	6	0	139	0	8	0	0	0	0	0	0		0
Ezekiel Elliott	RB	14	0	0	0	113	0	79	0	12	0	0	0	0	0	0		0
Rico Gathers	TE	14	0	0	0	0	0	-1	0	1	0	0	0	0	0	0		0
Dak Prescott	QB	14	455	3	2	2	0	0	0	0	1	0	0	0	0	0		0
Marvin Hall	WR	14	0	0	0	-3	0	0	0	0	0	0	0	0	0	0		0
Cody Kessler	QB	14	240	1	0	17	0	0	0	0	1	0	0	0	0	0		0
Jared Goff	QB	14	180	0	4	5	0	0	0	0	0	0	0	0	0	0		0
Tyler Higbee	TE	14	0	0	0	0	0	9	0	1	0	0	0	0	0	0		0
Pharoh Cooper	WR	14	0	0	0	0	0	0	0	0	0	0	0	0	0	0		0
Kenyan Drake	RB	14	0	0	0	24	0	55	1	1	0	0	0	0	0	0		0
Zach Pascal	WR	14	0	0	0	0	0	68	1	5	0	0	0	0	0	0		0
JoJo Natson	WR	14	0	0	0	0	0	0	0	0	0	0	0	0	0	0		0
Christian McCaffrey	RB	14	0	0	0	63	2	38	0	6	0	0	0	0	0	0		0
Curtis Samuel	WR	14	0	0	0	0	0	80	0	4	0	0	0	0	0	0		0
George Kittle	TE	14	0	0	0	0	0	210	1	7	0	0	0	0	0	0		0
Trent Taylor	WR	14	0	0	0	0	0	6	0	1	0	0	0	0	0	0		0
Aaron Jones	RB	14	0	0	0	78	1	28	0	3	0	0	0	0	0	0		0
Elijah McGuire	RB	14	0	0	0	60	1	23	0	3	0	0	0	0	0	0		0
Alex Armah	RB	14	0	0	0	0	0	0	0	0	0	0	0	0	0	0		0
Harrison Butker	PK	14	0	0	0	0	0	0	0	0	0	0	0	0	0	0	24;35	3
Kendrick Bourne	WR	14	0	0	0	0	0	22	0	2	0	0	0	0	0	0		0
Nick Mullens	QB	14	332	2	1	-10	0	0	0	0	0	0	0	0	0	0		0
Taysom Hill	TE	14	0	0	0	-6	0	0	0	0	0	0	0	0	0	0		0
Taquan Mizzell	RB	14	0	0	0	1	0	0	0	0	0	0	0	0	0	0		0
Tim Patrick	WR	14	0	0	0	11	0	85	0	7	0	0	0	0	0	0		0
Jacob Hollister	TE	14	0	0	0	0	0	0	0	0	0	0	0	0	0	0		0
Antony Auclair	TE	14	0	0	0	0	0	12	0	1	0	0	0	0	0	0		0
Bobo Wilson	WR	14	0	0	0	0	0	8	0	1	0	0	0	0	0	0		0
Anthony Firkser	TE	14	0	0	0	0	0	27	0	3	0	0	0	0	0	0		0
John Ross	WR	14	0	0	0	0	0	11	1	2	0	0	0	0	0	0		0
Jehu Chesson	WR	14	0	0	0	-4	0	0	0	0	0	0	0	0	0	0		0
Isaiah McKenzie	WR	14	0	0	0	22	1	47	0	4	0	0	0	0	0	0		0
Marcus Kemp	WR	14	0	0	0	0	0	0	0	0	0	0	0	0	0	0		0
Mike Williams	WR	14	0	0	0	0	0	45	0	3	0	0	0	0	0	0		0
Deshaun Watson	QB	14	267	1	0	35	0	0	0	0	0	0	0	0	0	0		0
Brendan Langley	WR	14	0	0	0	0	0	0	0	0	0	0	0	0	0	0		0
Tarik Cohen	RB	14	0	0	0	69	0	20	0	4	0	0	0	0	0	0		0
Michael Roberts	TE	14	0	0	0	0	0	0	0	0	0	0	0	0	0	0		0
Ryan Switzer	WR	14	0	0	0	0	0	1	0	1	0	0	0	0	0	0		0
Brian Hill	RB	14	0	0	0	5	0	0	0	0	0	0	0	0	0	0		0
Eric Saubert	TE	14	0	0	0	0	0	15	0	2	0	0	0	0	0	0		0
David Moore	WR	14	0	0	0	0	0	0	0	0	0	0	0	0	0	0		0
Chris Carson	RB	14	0	0	0	90	1	0	0	0	0	0	0	0	0	0		0
Matt Dayes	RB	14	0	0	0	0	0	0	0	0	0	0	0	0	0	0		0
Ricky Seals-Jones	TE	14	0	0	0	0	0	31	0	3	0	0	0	0	0	0		0
Blake Jarwin	TE	14	0	0	0	0	0	56	0	7	0	0	0	0	0	0		0
Keelan Cole	WR	14	0	0	0	0	0	55	0	3	0	0	0	0	0	0		0
Austin Ekeler	RB	14	0	0	0	66	1	28	0	2	0	0	0	0	0	0		0
Corey Clement	RB	14	0	0	0	-4	0	0	0	0	0	0	0	0	0	0		0
Justin Davis	RB	14	0	0	0	19	0	0	0	0	0	0	0	0	0	0		0
Jake Elliott	PK	14	0	0	0	0	0	0	0	0	0	0	0	0	0	0	26	2
Dede Westbrook	WR	14	0	0	0	0	0	88	1	7	0	0	0	0	0	0		0
Leonard Fournette	RB	14	0	0	0	36	0	5	0	2	0	0	0	0	0	0		0
JuJu Smith-Schuster	WR	14	0	0	0	0	0	130	2	8	0	0	0	0	0	0		0
Zane Gonzalez	PK	14	0	0	0	0	0	0	0	0	0	0	0	0	0	0	22	0
Mitchell Trubisky	QB	14	110	1	3	23	0	0	0	0	0	0	0	0	0	0		0
Corey Davis	WR	14	0	0	0	0	0	21	0	2	0	0	0	0	0	0		0
Patrick Mahomes	QB	14	377	2	1	-3	0	0	0	0	0	0	0	0	0	0		0
Evan Engram	TE	14	0	0	0	0	0	77	0	3	0	0	0	0	0	0		0
David Njoku	TE	14	0	0	0	0	0	35	0	3	0	0	0	0	0	0		0
Zay Jones	WR	14	0	0	0	0	0	22	0	3	0	0	0	0	0	0		0
Dalvin Cook	RB	14	0	0	0	55	0	28	1	5	0	0	0	0	0	0		0
Gerald Everett	TE	14	0	0	0	0	0	29	0	4	0	0	0	0	0	0		0
Joe Mixon	RB	14	0	0	0	111	1	27	0	5	0	0	0	0	0	0		0
DeShone Kizer	QB	14	0	0	0	-1	0	0	0	0	0	0	0	0	0	0		0
Alvin Kamara	RB	14	0	0	0	51	0	36	0	5	0	0	0	0	1	0		0
Taywan Taylor	WR	14	0	0	0	0	0	59	0	6	0	0	0	0	0	0		0
Chris Godwin Jr.	WR	14	0	0	0	0	0	13	0	1	0	0	0	0	0	0		0
Kenny Golladay	WR	14	0	0	0	0	0	5	0	2	0	0	0	0	0	0		0
Josh Reynolds	WR	14	0	0	0	0	0	36	0	3	0	0	0	0	0	0		0
Jamaal Williams	RB	14	0	0	0	17	0	0	0	0	0	0	0	0	0	0		0
Joshua Dobbs	QB	14	24	0	1	15	0	0	0	0	0	0	0	0	0	0		0
Wayne Gallman	RB	14	0	0	0	38	0	0	0	0	0	0	0	0	0	0		0
Marlon Mack	RB	14	0	0	0	33	1	0	0	0	0	0	0	0	0	0		0
Jordan Leggett	TE	14	0	0	0	0	0	13	0	1	0	0	0	0	0	0		0
River Cracraft	WR	14	0	0	0	0	0	0	0	0	0	0	0	0	0	0		0
Ross Dwelley	TE	14	0	0	0	0	0	0	0	0	0	0	0	0	0	0		0
Mike Badgley	PK	14	0	0	0	0	0	0	0	0	0	0	0	0	0	0	59;31;32;45	2
Phillip Lindsay	RB	14	0	0	0	30	1	21	0	4	0	0	0	0	0	0		0
Jeff Wilson	RB	14	0	0	0	90	0	6	0	1	0	0	0	0	0	0		0
Daniel Carlson	PK	14	0	0	0	0	0	0	0	0	0	0	0	0	0	0	44	3
Trenton Cannon	RB	14	0	0	0	3	1	4	0	1	0	0	0	0	0	0		0
Gus Edwards	RB	14	0	0	0	67	0	0	0	0	0	0	0	0	0	0		0
Dontrell Hilliard	RB	14	0	0	0	0	0	20	0	2	0	0	0	0	0	0		0
J'Mon Moore	WR	14	0	0	0	0	0	0	0	0	0	0	0	0	0	0		0
Tyler Conklin	TE	14	0	0	0	0	0	11	0	1	0	0	0	0	0	0		0
Marquez Valdes-Scantling	WR	14	0	0	0	0	0	19	0	2	0	0	0	0	0	0		0
Equanimeous St. Brown	WR	14	0	0	0	0	0	12	0	2	0	0	0	0	0	0		0
Richie James	WR	14	0	0	0	0	0	0	0	0	0	0	0	0	0	0		0
Darrel Williams	RB	14	0	0	0	0	0	8	0	1	0	0	0	0	0	0		0
Keith Kirkwood	WR	14	0	0	0	0	0	21	0	2	0	0	0	0	0	0		0
Jaylen Samuels	RB	14	0	0	0	28	0	64	0	7	0	0	0	0	0	0		0
Josh Rosen	QB	14	240	0	1	3	0	0	0	0	0	0	0	0	0	0		0
Courtland Sutton	WR	14	0	0	0	-1	0	14	0	2	0	0	0	0	0	0		0
Dallas Goedert	TE	14	0	0	0	0	0	44	1	4	0	0	0	0	0	0		0
Anthony Miller	WR	14	0	0	0	0	0	0	0	0	0	0	0	0	0	0		0
Jordan Akins	TE	14	0	0	0	0	0	40	0	2	0	0	0	0	0	0		0
Ian Thomas	TE	14	0	0	0	0	0	77	0	9	0	0	0	0	0	0		0
Nyheim Hines	RB	14	0	0	0	1	0	16	0	3	0	0	0	0	0	0		0
Kyle Lauletta	QB	14	0	0	1	-2	0	0	0	0	0	0	0	0	0	0		0
DaeSean Hamilton	WR	14	0	0	0	0	0	47	1	7	0	0	0	0	0	0		0
Ito Smith	RB	14	0	0	0	60	0	14	0	3	0	0	0	0	0	0		0
Dalton Schultz	TE	14	0	0	0	0	0	37	0	3	0	0	0	0	0	0		0
Justin Watson	WR	14	0	0	0	0	0	0	0	0	0	0	0	0	0	0		0
Russell Gage	WR	14	0	0	0	0	0	0	0	0	0	0	0	0	0	0		0
Justin Jackson	RB	14	0	0	0	12	0	23	0	2	0	0	0	0	0	0		0
Greg Joseph	PK	14	0	0	0	0	0	0	0	0	0	0	0	0	0	0	49;41	2
Josh Adams	RB	14	0	0	0	36	0	0	0	0	0	0	0	0	0	0		0
Trent Sherfield	WR	14	0	0	0	0	0	77	0	5	0	0	0	0	0	0		0
Jalen Tolliver	WR	14	0	0	0	0	0	22	0	2	0	0	0	0	0	0		0
Jawill Davis	WR	14	0	0	0	0	0	0	0	0	0	0	0	0	0	0		0
Robert Foster	WR	14	0	0	0	0	0	104	0	7	0	0	0	0	0	0		0
Detrez Newsome	RB	14	0	0	0	0	0	0	0	0	0	0	0	0	0	0		0
Cameron Batson	WR	14	0	0	0	0	0	0	0	0	0	0	0	0	0	0		0
James Washington	WR	14	0	0	0	0	0	11	0	2	0	0	0	0	0	0		0
Chase Edmonds	RB	14	0	0	0	14	0	0	0	0	0	0	0	0	0	0		0
Marcell Ateman	WR	14	0	0	0	0	0	45	0	3	0	0	0	0	0	0		0
Rashaad Penny	RB	14	0	0	0	44	0	0	0	0	0	0	0	0	0	0		0
Mark Andrews	TE	14	0	0	0	0	0	0	0	0	0	0	0	0	0	0		0
Michael Gallup	WR	14	0	0	0	0	0	24	0	4	0	0	0	0	0	0		0
Tre'Quan Smith	WR	14	0	0	0	0	0	0	0	0	0	0	0	0	0	0		0
Chris Herndon	TE	14	0	0	0	0	0	14	0	1	0	0	0	0	0	0		0
Antonio Callaway	WR	14	0	0	0	0	0	0	0	1	0	0	0	0	0	0		0
Nick Chubb	RB	14	0	0	0	66	1	17	0	4	0	0	0	0	0	0		0
Jason Sanders	PK	14	0	0	0	0	0	0	0	0	0	0	0	0	0	0		4
Lamar Jackson	QB	14	147	2	0	67	0	0	0	0	1	0	0	0	0	0		0
Durham Smythe	TE	14	0	0	0	0	0	0	0	0	0	0	0	0	0	0		0
Kalen Ballage	RB	14	0	0	0	0	0	0	0	0	0	0	0	0	0	0		0
John Kelly	RB	14	0	0	0	0	0	0	0	0	0	0	0	0	0	0		0
Ronald Jones	RB	14	0	0	0	0	0	0	0	0	0	0	0	0	0	0		0
DJ Moore	WR	14	0	0	0	0	0	67	0	5	0	0	0	0	0	0		0
Mike Gesicki	TE	14	0	0	0	0	0	0	0	0	0	0	0	0	0	0		0
Calvin Ridley	WR	14	0	0	0	0	0	10	0	1	0	0	0	0	0	0		0
Royce Freeman	RB	14	0	0	0	36	0	0	0	0	0	0	0	0	0	0		0
Saquon Barkley	RB	14	0	0	0	170	1	27	0	4	0	0	0	0	0	0		0
Sony Michel	RB	14	0	0	0	57	0	0	0	0	0	0	0	0	0	0		0
Baker Mayfield	QB	14	238	1	0	2	0	0	0	0	0	0	0	0	0	0		0
Josh Allen	QB	14	206	0	2	101	1	0	0	0	1	0	0	0	0	0		0
Dante Pettis	WR	14	0	0	0	0	0	49	1	3	0	0	0	0	0	0		0
Sam Darnold	QB	14	170	1	1	7	0	0	0	0	0	0	0	0	0	0		0
