player_display_name	position	week	passing_yards	passing_tds	passing_interceptions	rushing_yards	rushing_tds	receiving_yards	receiving_tds	receptions	sack_fumbles_lost	rushing_fumbles_lost	receiving_fumbles_lost	passing_2pt_conversions	rushing_2pt_conversions	receiving_2pt_conversions	fg_made_list	pat_made
Aaron Rodgers	QB	1	167	1	1	-1	0	0	0	0	0	0	0	0	0	0		0
Matt Prater	PK	1	0	0	0	0	0	0	0	0	0	0	0	0	0	0	29;31	2
Nick Folk	PK	1	0	0	0	0	0	0	0	0	0	0	0	0	0	0	40	2
Matthew Stafford	QB	1	317	1	1	0	0	0	0	0	0	0	0	0	0	0		0
Graham Gano	PK	1	0	0	0	0	0	0	0	0	0	0	0	0	0	0	23;50	0
Andy Dalton	QB	1	0	0	0	0	0	0	0	0	0	0	0	0	0	0		0
Tyrod Taylor	QB	1	36	1	0	7	0	0	0	0	0	0	0	0	0	0		0
Justin Tucker	PK	1	0	0	0	0	0	0	0	0	0	0	0	0	0	0	25;32	2
Kirk Cousins	QB	1	155	1	2	0	0	0	0	0	0	0	0	0	0	0		0
Greg Zuerlein	PK	1	0	0	0	0	0	0	0	0	0	0	0	0	0	0		1
Adam Thielen	WR	1	0	0	0	0	0	49	0	3	0	0	0	0	0	0		0
Zach Ertz	TE	1	0	0	0	0	0	28	0	3	0	0	0	0	0	0		0
Dustin Hopkins	PK	1	0	0	0	0	0	0	0	0	0	0	0	0	0	0	51	2
Keenan Allen	WR	1	0	0	0	0	0	29	0	4	0	0	0	0	0	0		0
Travis Kelce	TE	1	0	0	0	0	0	34	0	3	0	0	0	0	0	0		0
DeAndre Hopkins	WR	1	0	0	0	0	0	8	0	1	0	0	0	0	0	0		0
Geno Smith	QB	1	171	1	1	30	1	0	0	0	0	0	0	0	0	0		0
Cordarrelle Patterson	RB	1	0	0	0	13	0	0	0	0	0	0	0	0	0	0		0
Chris Boswell	PK	1	0	0	0	0	0	0	0	0	0	0	0	0	0	0	57;51;44;56;40;25	0
Cairo Santos	PK	1	0	0	0	0	0	0	0	0	0	0	0	0	0	0	24;50;48	1
Brandin Cooks	WR	1	0	0	0	5	0	40	1	4	0	0	0	0	0	0		0
Derek Carr	QB	1	200	3	0	13	0	0	0	0	0	0	0	0	0	0		0
Jordan Matthews	TE	1	0	0	0	0	0	0	0	0	0	0	0	0	0	0		0
Davante Adams	WR	1	0	0	0	0	0	59	0	5	0	0	0	0	0	0		0
Mike Evans	WR	1	0	0	0	0	0	61	2	5	0	0	0	0	0	0		0
Jason Myers	PK	1	0	0	0	0	0	0	0	0	0	0	0	0	0	0	50;28	2
Amari Cooper	WR	1	0	0	0	0	0	16	0	2	0	0	0	0	0	0		0
Nelson Agholor	WR	1	0	0	0	0	0	6	0	1	0	0	0	0	0	0		0
MyCole Pruitt	TE	1	0	0	0	0	0	9	0	1	0	0	0	0	0	0		0
Stefon Diggs	WR	1	0	0	0	6	0	33	2	6	0	0	0	0	0	0		0
Raheem Mostert	RB	1	0	0	0	9	0	10	0	2	0	0	0	0	0	0		0
Eric Tomlinson	TE	1	0	0	0	0	0	0	0	0	0	0	0	0	0	0		0
DeAndre Carter	WR	1	0	0	0	0	0	6	0	1	0	0	0	0	0	0		0
Jamison Crowder	WR	1	0	0	0	0	0	5	0	1	0	0	0	0	0	0		0
Ameer Abdullah	RB	1	0	0	0	0	0	0	0	0	0	0	0	0	0	0		0
Tyler Lockett	WR	1	0	0	0	0	0	77	0	6	0	0	0	0	0	0		0
Austin Hooper	TE	1	0	0	0	0	0	31	0	2	0	0	0	0	0	0		0
Nick Vannett	TE	1	0	0	0	0	0	11	0	2	0	0	0	0	0	0		0
Brandon Allen	QB	1	0	0	0	-1	0	0	0	0	0	0	0	0	0	0		0
Kalif Raymond	WR	1	0	0	0	12	0	0	0	0	0	0	0	0	0	0		0
Wil Lutz	PK	1	0	0	0	0	0	0	0	0	0	0	0	0	0	0	35;30;45	1
Ka'imi Fairbairn	PK	1	0	0	0	0	0	0	0	0	0	0	0	0	0	0	51;50;51	2
Derrick Henry	RB	1	0	0	0	46	1	0	0	0	0	0	0	0	0	0		0
Demarcus Robinson	WR	1	0	0	0	0	0	42	0	4	0	0	0	0	0	0		0
Tyler Boyd	WR	1	0	0	0	0	0	18	0	3	0	0	0	0	0	0		0
Tyreek Hill	WR	1	0	0	0	0	0	130	1	7	0	0	0	0	0	0		0
Ezekiel Elliott	RB	1	0	0	0	40	1	9	0	2	0	0	0	0	0	0		0
Dak Prescott	QB	1	179	1	0	3	0	0	0	0	0	0	0	0	0	0		0
Hunter Henry	TE	1	0	0	0	0	0	18	0	2	0	0	0	0	0	0		0
Jared Goff	QB	1	217	1	1	7	0	0	0	0	0	0	0	0	0	0		0
Jacoby Brissett	QB	1	121	0	0	32	0	0	0	0	0	0	0	0	0	0		0
Mo Alie-Cox	TE	1	0	0	0	0	0	0	0	0	0	0	0	0	0	0		0
Johnny Mundt	TE	1	0	0	0	0	0	15	0	2	0	0	0	0	0	0		0
Curtis Samuel	WR	1	0	0	0	0	0	15	0	2	0	0	0	0	0	0		0
George Kittle	TE	1	0	0	0	0	0	40	0	4	0	0	0	0	0	0		0
Aaron Jones	RB	1	0	0	0	94	1	15	0	2	0	0	0	0	0	0		0
Harrison Butker	PK	1	0	0	0	0	0	0	0	0	0	0	0	0	0	0	32;31	3
Taysom Hill	TE	1	0	0	0	35	0	1	0	1	0	0	0	0	0	0		0
Samaje Perine	RB	1	0	0	0	0	0	10	0	1	0	0	0	0	0	0		0
Deshaun Watson	QB	1	169	1	2	39	0	0	0	0	0	0	0	0	0	0		0
James Conner	RB	1	0	0	0	50	1	33	0	3	0	0	0	0	1	0		0
Mack Hollins	WR	1	0	0	0	0	0	25	1	2	0	0	0	0	0	0		0
Eric Saubert	TE	1	0	0	0	0	0	0	0	0	0	0	0	0	0	0		0
David Moore	WR	1	0	0	0	0	0	14	0	1	0	0	0	0	0	0		0
Cooper Rush	QB	1	0	0	0	-1	0	0	0	0	0	0	0	0	0	0		0
Austin Ekeler	RB	1	0	0	0	10	0	52	0	4	0	0	0	0	0	0		0
Younghoe Koo	PK	1	0	0	0	0	0	0	0	0	0	0	0	0	0	0	24	1
Jake Elliott	PK	1	0	0	0	0	0	0	0	0	0	0	0	0	0	0	38;21	4
Dare Ogunbowale	RB	1	0	0	0	0	0	3	0	1	0	0	0	0	0	0		0
JuJu Smith-Schuster	WR	1	0	0	0	0	0	0	0	0	0	0	0	0	0	0		0
Jonnu Smith	TE	1	0	0	0	0	0	7	0	1	0	0	0	0	0	0		0
Patrick Mahomes	QB	1	291	1	1	3	0	2	0	1	0	0	0	0	0	0		0
Evan Engram	TE	1	0	0	0	0	0	5	0	1	0	0	0	0	0	0		0
David Njoku	TE	1	0	0	0	0	0	44	0	4	0	0	0	0	0	0		0
Gerald Everett	TE	1	0	0	0	0	0	-1	0	1	0	0	0	0	0	0		0
Joe Mixon	RB	1	0	0	0	159	1	19	0	3	0	0	0	0	0	0		0
Alvin Kamara	RB	1	0	0	0	83	1	27	0	5	0	0	0	0	0	0		0
Cooper Kupp	WR	1	0	0	0	10	0	110	1	14	0	0	0	0	0	0		0
Chris Godwin Jr.	WR	1	0	0	0	0	0	83	1	8	0	0	0	0	0	0		0
Josh Reynolds	WR	1	0	0	0	0	0	45	0	5	0	0	0	0	0	0		0
Jamaal Williams	RB	1	0	0	0	38	1	13	0	1	0	0	0	0	0	0		0
Jeremy McNichols	RB	1	0	0	0	0	0	0	0	0	0	0	0	0	0	0		0
Jeff Wilson	RB	1	0	0	0	26	0	0	0	0	0	0	0	0	0	0		0
Will Dissly	TE	1	0	0	0	0	0	13	0	1	0	0	0	0	0	0		0
Daniel Carlson	PK	1	0	0	0	0	0	0	0	0	0	0	0	0	0	0	32	1
Eddy Pineiro	PK	1	0	0	0	0	0	0	0	0	0	0	0	0	0	0	43	1
Gus Edwards	RB	1	0	0	0	26	0	2	0	1	0	0	0	0	0	0		0
Mike Boone	RB	1	0	0	0	7	0	0	0	0	0	0	0	0	0	0		0
Tyler Conklin	TE	1	0	0	0	0	0	6	0	1	0	0	0	0	0	0		0
Marquez Valdes-Scantling	WR	1	0	0	0	0	0	19	0	1	0	0	0	0	0	0		0
Courtland Sutton	WR	1	0	0	0	0	0	38	0	4	0	0	0	0	0	0		0
Dallas Goedert	TE	1	0	0	0	0	0	31	0	4	0	0	0	0	0	0		0
Jordan Akins	TE	1	0	0	0	0	0	27	0	3	0	0	0	0	0	0		0
Dalton Schultz	TE	1	0	0	0	0	0	16	0	3	0	0	0	0	0	0		0
Justin Watson	WR	1	0	0	0	0	0	25	0	1	0	0	0	0	0	0		0
Ray-Ray McCloud	WR	1	0	0	0	0	0	52	0	4	0	0	0	0	0	0		0
Cedrick Wilson Jr.	WR	1	0	0	0	0	0	0	0	0	0	0	0	0	0	0		0
Braxton Berrios	WR	1	0	0	0	0	0	0	0	0	0	0	0	0	0	0		0
Allen Lazard	WR	1	0	0	0	0	0	89	2	6	0	0	0	0	0	0		0
Tanner Hudson	TE	1	0	0	0	0	0	18	0	2	0	0	1	0	0	0		0
Brandon Powell	WR	1	0	0	0	0	0	0	0	0	0	0	0	0	0	0		0
Mark Andrews	TE	1	0	0	0	0	0	14	0	2	0	0	0	0	0	0		0
Christian Kirk	WR	1	0	0	0	0	0	30	0	1	0	0	0	0	0	0		0
Jason Sanders	PK	1	0	0	0	0	0	0	0	0	0	0	0	0	0	0	37;52	2
Lamar Jackson	QB	1	273	1	0	122	0	0	0	0	1	0	0	0	0	0		0
Durham Smythe	TE	1	0	0	0	0	0	0	0	0	0	0	0	0	0	0		0
DJ Moore	WR	1	0	0	0	14	0	36	0	5	0	0	0	0	0	0		0
Mike Gesicki	TE	1	0	0	0	0	0	18	0	3	0	0	0	0	0	0		0
Hayden Hurst	TE	1	0	0	0	0	0	33	0	2	0	0	0	0	0	0		0
Calvin Ridley	WR	1	0	0	0	0	0	50	0	3	0	0	0	0	0	0		0
Saquon Barkley	RB	1	0	0	0	109	2	23	1	2	0	0	0	0	0	0		0
KhaDarel Hodge	WR	1	0	0	0	0	0	0	0	0	0	0	0	0	0	0		0
Baker Mayfield	QB	1	289	4	0	21	0	0	0	0	0	0	0	0	0	0		0
Josh Allen	QB	1	232	2	0	39	2	0	0	0	1	0	0	0	0	0		0
Sam Darnold	QB	1	208	2	1	3	0	0	0	0	0	0	0	0	0	0		0
Steven Sims	WR	1	0	0	0	0	0	0	0	0	0	0	0	0	0	0		0
Jakobi Meyers	WR	1	0	0	0	3	0	61	0	3	0	0	0	0	0	0		0
Alexander Mattison	RB	1	0	0	0	19	0	43	1	4	0	0	0	0	0	0		0
Justice Hill	RB	1	0	0	0	3	0	52	0	6	0	0	0	0	0	0		0
Foster Moreau	TE	1	0	0	0	0	0	43	1	4	0	0	0	0	0	0		0
Ashton Dulin	WR	1	0	0	0	0	0	54	1	1	0	0	0	0	0	0		0
Mecole Hardman	WR	1	0	0	0	0	0	0	0	0	0	0	0	0	0	0		0
Joey Slye	PK	1	0	0	0	0	0	0	0	0	0	0	0	0	0	0	32;35;37	1
Olamide Zaccheaus	WR	1	0	0	0	0	0	15	0	1	0	0	0	0	0	0		0
Deonte Harty	WR	1	0	0	0	0	0	0	0	0	0	0	0	0	0	0		0
Diontae Johnson	WR	1	0	0	0	0	0	19	0	2	0	0	0	0	0	0		0
Kyler Murray	QB	1	162	1	0	57	0	0	0	0	1	0	0	0	0	0		0
Miles Sanders	RB	1	0	0	0	22	0	0	0	0	0	0	0	0	0	0		0
Josh Oliver	TE	1	0	0	0	0	0	27	0	2	0	0	0	0	0	0		0
Devin Singletary	RB	1	0	0	0	37	0	15	0	4	0	0	0	0	0	0		0
Tony Pollard	RB	1	0	0	0	82	1	12	0	3	0	0	0	0	0	0		0
Gardner Minshew	QB	1	257	1	1	5	0	0	0	0	1	0	0	0	0	0		0
Scott Miller	WR	1	0	0	0	0	0	0	0	0	0	0	0	0	0	0		0
Myles Gaskin	RB	1	0	0	0	-3	0	0	0	0	0	0	0	0	0	0		0
Trenton Irwin	WR	1	0	0	0	0	0	6	0	1	0	0	0	0	0	0		0
Chase McLaughlin	PK	1	0	0	0	0	0	0	0	0	0	0	0	0	0	0	56;34;29	4
Lil'Jordan Humphrey	WR	1	0	0	0	0	0	0	0	0	0	0	0	0	0	0		0
Greg Dortch	WR	1	0	0	0	4	0	47	0	6	0	0	0	0	0	0		0
Darius Slayton	WR	1	0	0	0	0	0	26	0	3	0	0	0	0	0	0		0
Ty Johnson	RB	1	0	0	0	7	0	0	0	0	0	0	0	0	0	0		0
Travis Homer	RB	1	0	0	0	10	0	0	0	0	0	0	0	0	0	0		0
DK Metcalf	WR	1	0	0	0	0	0	29	0	3	0	0	0	0	0	0		0
Noah Fant	TE	1	0	0	0	0	0	11	0	2	0	0	0	0	0	0		0
Terry McLaurin	WR	1	0	0	0	0	0	17	0	2	0	0	0	0	0	0		0
A.J. Brown	WR	1	0	0	0	0	0	119	1	5	0	0	0	0	0	0		0
David Montgomery	RB	1	0	0	0	91	1	2	0	1	0	0	0	0	0	0		0
Dawson Knox	TE	1	0	0	0	0	0	23	0	1	0	0	0	0	0	0		0
Josh Jacobs	RB	1	0	0	0	84	0	20	0	2	0	0	0	0	0	0		0
Daniel Jones	QB	1	186	0	2	15	0	0	0	0	0	0	0	0	0	0		0
Deebo Samuel Sr.	WR	1	0	0	0	23	1	54	0	5	0	0	0	0	0	0		0
JaMycal Hasty	RB	1	0	0	0	0	0	0	0	0	0	0	0	0	0	0		0
Juwan Johnson	TE	1	0	0	0	0	0	26	1	2	0	0	0	0	0	0		0
Rico Dowdle	RB	1	0	0	0	26	0	6	0	1	0	0	0	0	0	0		0
J.K. Dobbins	RB	1	0	0	0	135	1	4	0	3	0	0	0	0	0	0		0
Tyler Bass	PK	1	0	0	0	0	0	0	0	0	0	0	0	0	0	0	37;39	4
Nick Westbrook-Ikhine	WR	1	0	0	0	0	0	0	0	0	0	0	0	0	0	0		0
Gabe Davis	WR	1	0	0	0	0	0	62	0	3	0	0	0	0	0	0		0
Tua Tagovailoa	QB	1	338	1	0	11	0	0	0	0	0	0	0	0	0	0		0
Jonathan Taylor	RB	1	0	0	0	48	1	0	0	0	0	0	0	0	0	0		0
Colby Parkinson	TE	1	0	0	0	0	0	47	0	4	0	0	0	0	0	0		0
Zack Moss	RB	1	0	0	0	44	1	17	0	2	0	0	0	0	0	0		0
Michael Pittman	WR	1	0	0	0	0	0	31	0	4	0	0	0	0	0	0		0
Jauan Jennings	WR	1	0	0	0	0	0	64	0	5	0	0	0	0	0	0		0
Brandon Aiyuk	WR	1	0	0	0	0	0	28	0	2	0	0	0	0	0	0		0
Jordan Love	QB	1	260	2	1	0	0	0	0	0	0	0	0	0	0	0		0
Laviska Shenault Jr.	WR	1	0	0	0	1	0	0	0	1	0	0	0	0	0	0		0
D'Andre Swift	RB	1	0	0	0	30	0	0	0	0	0	0	0	0	0	1		0
Cole Kmet	TE	1	0	0	0	0	0	4	0	1	0	0	0	0	0	0		0
Darnell Mooney	WR	1	0	0	0	0	0	15	0	1	0	0	0	0	0	0		0
Justin Jefferson	WR	1	0	0	0	0	0	59	1	4	0	0	0	0	0	0		0
Antonio Gibson	RB	1	0	0	0	18	0	0	0	0	0	0	0	0	0	0		0
Devin Duvernay	WR	1	0	0	0	3	0	0	0	0	0	0	0	0	0	0		0
K.J. Osborn	WR	1	0	0	0	0	0	21	0	3	0	0	0	0	0	0		0
Justin Herbert	QB	1	144	1	0	6	0	0	0	0	0	0	0	0	0	0		0
CeeDee Lamb	WR	1	0	0	0	25	0	61	0	5	0	0	0	0	0	0		0
Jalen Hurts	QB	1	278	2	2	33	0	0	0	0	0	1	0	0	0	0		0
Jerry Jeudy	WR	1	0	0	0	0	0	25	1	3	0	0	0	0	0	0		0
Van Jefferson	WR	1	0	0	0	0	0	1	0	1	0	0	0	0	0	0		0
Adam Trautman	TE	1	0	0	0	0	0	0	0	0	0	0	0	0	0	0		0
DeeJay Dallas	RB	1	0	0	0	0	0	0	0	0	0	0	0	0	0	0		0
Tyler Johnson	WR	1	0	0	0	0	0	79	0	5	0	0	0	0	0	0		0
Charlie Woerner	TE	1	0	0	0	0	0	4	0	1	0	0	0	0	0	0		0
Joe Burrow	QB	1	164	0	0	15	0	0	0	0	0	0	0	0	0	0		0
Tim Jones	WR	1	0	0	0	0	0	0	0	0	0	0	0	0	0	0		0
DJ Turner	WR	1	0	0	0	0	0	9	0	1	0	0	0	0	0	0		0
Rashod Bateman	WR	1	0	0	0	0	0	53	0	2	0	0	0	0	0	0		0
Nico Collins	WR	1	0	0	0	0	0	117	0	6	0	0	0	0	0	0		0
Chuba Hubbard	RB	1	0	0	0	14	0	0	0	0	0	0	0	0	0	0		0
Brevin Jordan	TE	1	0	0	0	0	0	3	0	1	0	0	0	0	0	0		0
Quintin Morris	TE	1	0	0	0	0	0	0	0	0	0	0	0	0	0	0		0
Jaylen Waddle	WR	1	0	0	0	3	0	109	0	5	0	0	0	0	0	0		0
John Bates	TE	1	0	0	0	0	0	0	0	0	0	0	0	0	0	0		0
Noah Gray	TE	1	0	0	0	0	0	37	0	3	0	0	0	0	0	0		0
Brock Wright	TE	1	0	0	0	0	0	2	0	1	0	0	0	0	0	0		0
Feleipe Franks	TE	1	0	0	0	0	0	0	0	0	0	0	0	0	0	0		0
Evan McPherson	PK	1	0	0	0	0	0	0	0	0	0	0	0	0	0	0	51	1
Rhamondre Stevenson	RB	1	0	0	0	120	1	6	0	3	0	0	0	0	0	0		0
Kylen Granson	TE	1	0	0	0	0	0	0	0	0	0	0	0	0	0	0		0
Jaelon Darden	WR	1	0	0	0	0	0	0	0	0	0	0	0	0	0	0		0
Luke Farrell	TE	1	0	0	0	0	0	0	0	0	0	0	0	0	0	0		0
Najee Harris	RB	1	0	0	0	70	0	9	0	1	0	0	0	0	0	0		0
Pat Freiermuth	TE	1	0	0	0	0	0	27	0	4	0	0	0	0	0	0		0
Ja'Marr Chase	WR	1	0	0	0	0	0	62	0	6	0	0	0	0	0	0		0
Khalil Herbert	RB	1	0	0	0	4	0	0	0	0	0	0	0	0	0	0		0
DeVonta Smith	WR	1	0	0	0	0	0	84	0	7	0	0	0	0	0	0		0
Kenny Gainwell	RB	1	0	0	0	2	0	10	0	1	0	0	0	0	0	0		0
Kyle Trask	QB	1	0	0	0	-2	0	0	0	0	0	0	0	0	0	0		0
Justin Fields	QB	1	156	0	0	57	0	0	0	0	0	0	0	0	0	0		0
Avery Williams	RB	1	0	0	0	0	0	0	0	0	0	0	0	0	0	0		0
Amon-Ra St. Brown	WR	1	0	0	0	0	0	13	0	3	0	0	0	0	0	0		0
Kyle Pitts	TE	1	0	0	0	0	0	26	1	3	0	0	0	0	0	0		0
Trevor Lawrence	QB	1	162	1	0	8	0	0	0	0	0	0	0	0	0	0		0
Travis Etienne	RB	1	0	0	0	44	1	15	0	2	0	1	0	0	0	0		0
Elijah Moore	WR	1	0	0	0	0	0	9	0	3	0	0	0	0	0	0		0
Josh Palmer	WR	1	0	0	0	0	0	15	0	2	0	0	0	0	0	0		0
Javonte Williams	RB	1	0	0	0	23	0	0	0	1	0	0	0	0	0	0		0
Grant Calcaterra	TE	1	0	0	0	0	0	11	0	1	0	0	0	0	0	0		0
Bo Melton	WR	1	0	0	0	0	0	0	0	0	0	0	0	0	0	0		0
Dareke Young	WR	1	0	0	0	0	0	0	0	0	0	0	0	0	0	0		0
Britain Covey	WR	1	0	0	0	0	0	0	0	0	0	0	0	0	0	0		0
Isiah Pacheco	RB	1	0	0	0	45	1	33	0	2	0	0	0	0	0	0		0
Cameron Dicker	PK	1	0	0	0	0	0	0	0	0	0	0	0	0	0	0	53;25;24	1
Jaylen Warren	RB	1	0	0	0	7	0	13	0	2	0	0	0	0	0	0		0
Drake London	WR	1	0	0	0	0	0	15	0	2	0	0	0	0	0	0		0
Chris Olave	WR	1	0	0	0	0	0	11	0	2	0	0	0	0	0	0		0
Jameson Williams	WR	1	0	0	0	13	0	121	1	5	0	0	0	0	0	0		0
George Pickens	WR	1	0	0	0	-10	0	85	0	6	0	0	0	0	0	0		0
James Cook	RB	1	0	0	0	71	0	32	0	3	0	0	0	0	0	0		0
Greg Dulcich	TE	1	0	0	0	0	0	12	0	2	0	0	0	0	0	0		0
Rachaad White	RB	1	0	0	0	31	0	75	0	6	0	0	0	0	0	0		0
Dameon Pierce	RB	1	0	0	0	16	0	0	0	0	0	0	0	0	0	0		0
Khalil Shakir	WR	1	0	0	0	0	0	42	1	3	0	0	0	0	0	0		0
Tyler Allgeier	RB	1	0	0	0	21	0	0	0	0	0	0	0	0	0	0		0
Jerome Ford	RB	1	0	0	0	44	1	25	0	6	0	0	0	0	0	0		0
Ty Chandler	RB	1	0	0	0	17	0	25	0	3	0	0	0	0	0	0		0
Jalen Nailor	WR	1	0	0	0	0	0	21	1	1	0	0	0	0	0	0		0
Tanner Conner	TE	1	0	0	0	0	0	0	0	0	0	0	0	0	0	0		0
Raheem Blackshear	RB	1	0	0	0	0	0	0	0	0	0	0	0	0	0	0		0
Tyreik McAllister	WR	1	0	0	0	0	0	0	0	0	0	0	0	0	0	0		0
Jordan Mason	RB	1	0	0	0	147	1	5	0	1	0	0	0	0	0	0		0
Rashid Shaheed	WR	1	0	0	0	0	0	73	1	3	0	0	0	0	0	0		0
Ronnie Rivers	RB	1	0	0	0	16	0	0	0	0	0	0	0	0	0	0		0
Julius Chestnut	RB	1	0	0	0	0	0	0	0	0	0	0	0	0	0	0		0
Alec Pierce	WR	1	0	0	0	0	0	125	1	3	0	0	0	0	0	0		0
Jalen Tolbert	WR	1	0	0	0	0	0	12	0	1	0	0	0	0	0	0		0
Brandon Aubrey	PK	1	0	0	0	0	0	0	0	0	0	0	0	0	0	0	57;40;50;46	3
Garrett Wilson	WR	1	0	0	0	0	0	60	0	6	0	0	0	0	0	0		0
Jahan Dotson	WR	1	0	0	0	0	0	0	0	0	0	0	0	0	0	0		0
Treylon Burks	WR	1	0	0	0	1	0	2	0	1	0	0	0	0	0	0		0
Trey McBride	TE	1	0	0	0	0	0	30	0	5	0	0	0	0	0	0		0
Velus Jones Jr.	WR	1	0	0	0	11	0	8	0	1	0	0	0	0	0	0		0
Brian Robinson	RB	1	0	0	0	40	1	49	0	3	0	0	0	0	0	0		0
KaVontae Turpin	WR	1	0	0	0	0	0	0	0	0	0	0	0	0	0	0		0
Chig Okonkwo	TE	1	0	0	0	0	0	15	1	2	0	0	0	0	0	0		0
Romeo Doubs	WR	1	0	0	0	0	0	50	0	4	0	0	0	0	0	0		0
Brock Purdy	QB	1	231	0	0	11	0	0	0	0	0	0	0	0	0	0		0
Calvin Austin III	WR	1	0	0	0	0	0	7	0	1	0	0	0	0	0	0		0
Isaiah Likely	TE	1	0	0	0	0	0	111	1	9	0	0	0	0	0	0		0
Kyren Williams	RB	1	0	0	0	50	1	4	0	3	0	0	0	0	0	0		0
Zamir White	RB	1	0	0	0	44	0	2	0	2	0	1	0	0	0	0		0
Jake Ferguson	TE	1	0	0	0	0	0	15	0	3	0	0	0	0	0	0		0
Cade York	PK	1	0	0	0	0	0	0	0	0	0	0	0	0	0	0		2
Pierre Strong	RB	1	0	0	0	10	0	20	0	2	0	0	0	0	0	0		0
Tyquan Thornton	WR	1	0	0	0	0	0	27	0	2	0	0	0	0	0	0		0
Daniel Bellinger	TE	1	0	0	0	0	0	3	0	1	0	0	0	0	0	0		0
Wan'Dale Robinson	WR	1	0	0	0	14	0	44	0	6	0	0	0	0	0	0		0
Breece Hall	RB	1	0	0	0	54	1	39	0	5	0	0	1	0	0	0		0
Christian Watson	WR	1	0	0	0	0	0	13	1	3	0	0	0	0	0	0		0
Malik Willis	QB	1	0	0	0	0	0	0	0	0	0	0	0	0	0	0		0
Cade Otton	TE	1	0	0	0	0	0	5	0	1	0	0	0	0	0	0		0
Kenneth Walker III	RB	1	0	0	0	103	1	6	0	2	0	0	0	0	0	0		0
Dontayvion Wicks	WR	1	0	0	0	0	0	0	0	0	0	0	0	0	0	0		0
Eric Gray	RB	1	0	0	0	6	0	9	0	1	0	0	0	0	0	0		0
Brady Russell	RB	1	0	0	0	0	0	0	0	0	0	0	0	0	0	0		0
Xavier Gipson	WR	1	0	0	0	0	0	0	0	0	0	0	0	0	0	0		0
Bijan Robinson	RB	1	0	0	0	68	0	43	0	5	0	0	0	0	0	0		0
Jaxon Smith-Njigba	WR	1	0	0	0	0	0	19	0	2	0	0	0	0	0	0		0
Quentin Johnston	WR	1	0	0	0	0	0	38	0	3	0	0	0	0	0	0		0
Tank Bigsby	RB	1	0	0	0	73	0	0	0	0	0	0	0	0	0	0		0
Darnell Washington	TE	1	0	0	0	0	0	5	0	1	0	0	0	0	0	0		0
Michael Wilson	WR	1	0	0	0	0	0	5	1	1	0	0	0	0	0	0		0
Jake Moody	PK	1	0	0	0	0	0	0	0	0	0	0	0	0	0	0	46;51;31;53;23;42	2
Tre Tucker	WR	1	0	0	0	0	0	22	0	2	0	0	0	0	0	0		0
Derius Davis	WR	1	0	0	0	9	0	0	0	0	0	0	0	0	0	0		0
Charlie Jones	WR	1	0	0	0	0	0	5	0	1	0	0	0	0	0	0		0
Chase Brown	RB	1	0	0	0	11	0	12	0	3	0	0	0	0	0	0		0
Parker Washington	WR	1	0	0	0	0	0	3	0	1	0	0	0	0	0	0		0
Xavier Hutchinson	WR	1	0	0	0	0	0	3	0	1	0	0	0	0	0	0		0
Andrei Iosivas	WR	1	0	0	0	0	0	26	0	3	0	0	0	0	0	0		0
DeMario Douglas	WR	1	0	0	0	0	0	12	0	2	0	0	0	0	0	0		0
Deuce Vaughn	RB	1	0	0	0	4	0	0	0	0	0	0	0	0	0	0		0
Jalen Brooks	WR	1	0	0	0	0	0	18	0	1	0	0	0	0	0	0		0
Jordan Mims	RB	1	0	0	0	11	0	0	0	0	0	0	0	0	0	0		0
Emari Demercado	RB	1	0	0	0	0	0	26	0	2	0	0	0	0	0	0		0
Julian Hill	TE	1	0	0	0	0	0	6	0	1	0	0	0	0	0	0		0
Hunter Luepke	RB	1	0	0	0	0	0	18	0	2	0	0	0	0	0	0		0
Jaleel McLaughlin	RB	1	0	0	0	27	0	1	0	5	0	0	1	0	0	0		0
Emanuel Wilson	RB	1	0	0	0	46	0	2	0	2	0	0	0	0	0	0		0
Blake Grupe	PK	1	0	0	0	0	0	0	0	0	0	0	0	0	0	0	57;44;52;39	5
Dalton Kincaid	TE	1	0	0	0	0	0	11	0	1	0	0	0	0	0	0		0
Jalin Hyatt	WR	1	0	0	0	0	0	0	0	0	0	0	0	0	0	0		0
Sean Tucker	RB	1	0	0	0	0	0	0	0	0	0	0	0	0	0	0		0
Marvin Mims Jr.	WR	1	0	0	0	0	0	0	0	0	0	0	0	0	0	0		0
Tank Dell	WR	1	0	0	0	19	0	40	0	3	0	0	0	0	0	0		0
Cedric Tillman	WR	1	0	0	0	0	0	3	0	1	0	0	0	0	0	0		0
Jordan Addison	WR	1	0	0	0	0	0	35	0	3	0	0	0	0	0	0		0
Tucker Kraft	TE	1	0	0	0	0	0	37	0	2	0	0	0	0	0	0		0
Jake Haener	QB	1	0	0	0	0	0	0	0	0	0	0	0	0	0	0		0
Tyjae Spears	RB	1	0	0	0	21	0	11	0	4	0	0	0	0	0	0		0
De'Von Achane	RB	1	0	0	0	24	1	76	0	7	0	0	0	0	0	0		0
Elijah Higgins	TE	1	0	0	0	0	0	12	0	2	0	0	0	0	0	0		0
Trey Palmer	WR	1	0	0	0	0	0	19	0	1	0	0	0	0	0	0		0
Jonathan Mingo	WR	1	0	0	0	3	0	40	0	2	0	1	0	0	0	0		0
Zay Flowers	WR	1	0	0	0	14	0	37	0	6	0	0	0	0	0	0		0
Sam LaPorta	TE	1	0	0	0	0	0	45	0	4	0	0	0	0	0	0		0
Michael Mayer	TE	1	0	0	0	0	0	3	0	2	0	0	0	0	0	0		0
Rashee Rice	WR	1	0	0	0	0	0	103	0	7	0	0	0	0	0	0		0
Davis Allen	TE	1	0	0	0	0	0	0	0	0	0	0	0	0	0	0		0
Puka Nacua	WR	1	0	0	0	7	0	35	0	4	0	0	0	0	0	0		0
Jahmyr Gibbs	RB	1	0	0	0	40	1	34	0	4	0	0	0	0	0	0		0
Luke Musgrave	TE	1	0	0	0	0	0	0	0	0	0	0	0	0	0	0		0
Jayden Reed	WR	1	0	0	0	33	1	138	1	4	0	0	0	0	0	0		0
Bryce Young	QB	1	161	0	2	12	1	0	0	0	0	0	0	0	0	0		0
Will Levis	QB	1	127	1	2	36	0	0	0	0	1	0	0	0	0	0		0
C.J. Stroud	QB	1	234	2	0	13	0	0	0	0	0	0	0	0	0	0		0
Anthony Richardson	QB	1	212	2	1	56	1	0	0	0	0	0	0	0	0	0		0
Zach Charbonnet	RB	1	0	0	0	12	0	29	1	2	0	0	0	0	0	0		0
Jake Bates	PK	1	0	0	0	0	0	0	0	0	0	0	0	0	0	0	25;32	2
Johnny Wilson	WR	1	0	0	0	0	0	0	0	0	0	0	0	0	0	0		0
Carson Steele	RB	1	0	0	0	3	0	0	0	0	0	0	0	0	0	0		0
Malik Nabers	WR	1	0	0	0	0	0	66	0	5	0	0	0	0	0	0		0
Brock Bowers	TE	1	0	0	0	0	0	58	0	6	0	0	0	0	0	0		0
Xavier Legette	WR	1	0	0	0	0	0	35	0	4	0	0	0	0	0	0		0
Luke McCaffrey	WR	1	0	0	0	0	0	18	0	3	0	0	0	0	0	0		0
Ja'Tavion Sanders	TE	1	0	0	0	0	0	4	0	1	0	0	0	0	0	0		0
Bucky Irving	RB	1	0	0	0	62	0	14	0	2	0	0	0	0	0	0		0
Isaac Guerendo	RB	1	0	0	0	0	0	0	0	0	0	0	0	0	0	0		0
Jacob Cowing	WR	1	0	0	0	0	0	0	0	0	0	0	0	0	0	0		0
Audric Estimé	RB	1	0	0	0	14	0	0	0	0	0	0	0	0	0	0		0
Tyrone Tracy Jr.	RB	1	0	0	0	2	0	5	0	1	0	0	0	0	0	0		0
Bub Means	WR	1	0	0	0	0	0	0	0	0	0	0	0	0	0	0		0
Jha'Quan Jackson	WR	1	0	0	0	0	0	0	0	0	0	0	0	0	0	0		0
Will Reichard	PK	1	0	0	0	0	0	0	0	0	0	0	0	0	0	0		4
Cam Little	PK	1	0	0	0	0	0	0	0	0	0	0	0	0	0	0	53	2
Devaughn Vele	WR	1	0	0	0	0	0	39	0	8	0	0	0	0	0	0		0
Spencer Shrader	PK	1	0	0	0	0	0	0	0	0	0	0	0	0	0	0		3
Kameron Johnson	WR	1	0	0	0	0	0	0	0	0	0	0	0	0	0	0		0
British Brooks	RB	1	0	0	0	0	0	0	0	0	0	0	0	0	0	0		0
Mason Tipton	WR	1	0	0	0	0	0	6	0	1	0	0	0	0	0	0		0
Brayden Narveson	PK	1	0	0	0	0	0	0	0	0	0	0	0	0	0	0	31;23;26	2
Bo Nix	QB	1	138	0	2	35	1	0	0	0	0	0	0	0	0	0		0
Blake Corum	RB	1	0	0	0	0	0	0	0	0	0	0	0	0	0	0		0
Will Shipley	RB	1	0	0	0	0	0	0	0	0	0	0	0	0	0	0		0
Joshua Karty	PK	1	0	0	0	0	0	0	0	0	0	0	0	0	0	0	41;26	2
Jordan Whittington	WR	1	0	0	0	0	0	0	0	0	0	0	0	0	0	0		0
Braelon Allen	RB	1	0	0	0	8	0	9	0	1	0	0	0	0	0	0		0
Anthony Gould	WR	1	0	0	0	0	0	0	0	0	0	0	0	0	0	0		0
Theo Johnson	TE	1	0	0	0	0	0	18	0	1	0	0	0	0	0	0		0
Marvin Harrison Jr.	WR	1	0	0	0	0	0	4	0	1	0	0	0	0	0	0		0
Jalen McMillan	WR	1	0	0	0	0	0	32	1	1	0	0	0	0	0	0		0
Ray Davis	RB	1	0	0	0	13	0	14	0	1	0	0	0	0	0	0		0
Adonai Mitchell	WR	1	0	0	0	0	0	2	0	1	0	0	0	0	0	0		0
Brian Thomas Jr.	WR	1	0	0	0	0	0	47	1	4	0	0	0	0	0	0		0
Xavier Worthy	WR	1	0	0	0	21	1	47	1	2	0	0	0	0	0	0		0
Keon Coleman	WR	1	0	0	0	0	0	51	0	4	0	0	0	0	0	0		0
Ja'Lynn Polk	WR	1	0	0	0	0	0	6	0	1	0	0	0	0	0	0		0
Jayden Daniels	QB	1	184	0	0	88	2	0	0	0	0	0	0	0	0	0		0
Ladd McConkey	WR	1	0	0	0	0	0	39	1	5	0	0	0	0	0	0		0
Caleb Williams	QB	1	93	0	0	15	0	0	0	0	0	0	0	1	0	0		0
Rome Odunze	WR	1	0	0	0	0	0	11	0	1	0	0	0	0	0	0		0
Trey Benson	RB	1	0	0	0	13	0	5	0	1	0	0	0	0	0	0		0
Aaron Rodgers	QB	2	176	2	0	1	0	0	0	0	0	0	0	0	0	0		0
Matt Prater	PK	2	0	0	0	0	0	0	0	0	0	0	0	0	0	0	48;57	5
Marcedes Lewis	TE	2	0	0	0	0	0	0	0	0	0	0	0	0	0	0		0
Nick Folk	PK	2	0	0	0	0	0	0	0	0	0	0	0	0	0	0	41	2
Matthew Stafford	QB	2	216	0	0	0	0	0	0	0	1	0	0	0	0	0		0
Graham Gano	PK	2	0	0	0	0	0	0	0	0	0	0	0	0	0	0		0
Justin Tucker	PK	2	0	0	0	0	0	0	0	0	0	0	0	0	0	0	48;42;32	2
Kirk Cousins	QB	2	241	2	0	-1	0	0	0	0	0	0	0	0	0	0		0
Greg Zuerlein	PK	2	0	0	0	0	0	0	0	0	0	0	0	0	0	0	33	3
Adam Thielen	WR	2	0	0	0	0	0	20	0	2	0	0	0	0	0	0		0
Zach Ertz	TE	2	0	0	0	0	0	62	0	4	0	0	0	0	0	0		0
Dustin Hopkins	PK	2	0	0	0	0	0	0	0	0	0	0	0	0	0	0	53;38;44	1
Robert Woods	WR	2	0	0	0	0	0	0	0	0	0	0	0	0	0	0		0
Travis Kelce	TE	2	0	0	0	1	0	5	0	1	0	0	0	0	0	0		0
DeAndre Hopkins	WR	2	0	0	0	0	0	9	0	1	0	0	0	0	0	0		0
Geno Smith	QB	2	327	1	0	8	0	0	0	0	0	0	0	0	0	0		0
Cordarrelle Patterson	RB	2	0	0	0	3	0	0	0	0	0	0	0	0	0	0		0
Chris Boswell	PK	2	0	0	0	0	0	0	0	0	0	0	0	0	0	0	22;53	1
Cairo Santos	PK	2	0	0	0	0	0	0	0	0	0	0	0	0	0	0	53;54	1
Brandin Cooks	WR	2	0	0	0	-3	0	19	0	2	0	0	0	0	0	0		0
Derek Carr	QB	2	243	2	1	1	1	0	0	0	0	0	0	0	0	0		0
Davante Adams	WR	2	0	0	0	0	0	110	1	9	0	0	0	0	0	0		0
Mike Evans	WR	2	0	0	0	0	0	42	0	3	0	0	0	0	0	0		0
Chris Manhertz	TE	2	0	0	0	0	0	0	0	0	0	0	0	0	0	0		0
Jason Myers	PK	2	0	0	0	0	0	0	0	0	0	0	0	0	0	0	44;38;31	2
Jameis Winston	QB	2	0	0	0	4	0	0	0	0	0	0	0	0	0	0		0
Amari Cooper	WR	2	0	0	0	0	0	11	0	3	0	0	0	0	0	0		0
Nelson Agholor	WR	2	0	0	0	0	0	13	0	1	0	0	0	0	0	0		0
MyCole Pruitt	TE	2	0	0	0	0	0	0	0	0	0	0	0	0	0	0		0
Stefon Diggs	WR	2	0	0	0	0	0	37	0	4	0	0	0	0	0	0		0
Eric Tomlinson	TE	2	0	0	0	0	0	0	0	0	0	0	0	0	0	0		0
DeAndre Carter	WR	2	0	0	0	0	0	32	0	3	0	0	0	0	0	0		0
Ameer Abdullah	RB	2	0	0	0	1	0	1	0	2	0	0	0	0	0	0		0
Chris Conley	WR	2	0	0	0	0	0	4	0	1	0	0	0	0	0	0		0
Tyler Lockett	WR	2	0	0	0	0	0	15	0	2	0	0	0	0	0	0		0
Austin Hooper	TE	2	0	0	0	0	0	5	0	1	0	0	0	0	0	0		0
Kalif Raymond	WR	2	0	0	0	0	0	27	0	3	0	0	0	0	0	0		0
Wil Lutz	PK	2	0	0	0	0	0	0	0	0	0	0	0	0	0	0	35;29	0
Robbie Chosen	WR	2	0	0	0	0	0	5	0	1	0	0	0	0	0	0		0
Ka'imi Fairbairn	PK	2	0	0	0	0	0	0	0	0	0	0	0	0	0	0	56;47;59;53	1
Derrick Henry	RB	2	0	0	0	84	1	12	0	1	0	0	0	0	0	0		0
Demarcus Robinson	WR	2	0	0	0	0	0	50	0	2	0	0	0	0	0	0		0
Tyler Boyd	WR	2	0	0	0	0	0	26	0	2	0	0	0	0	0	0		0
Tyreek Hill	WR	2	0	0	0	12	0	24	0	3	0	0	0	0	0	0		0
Ezekiel Elliott	RB	2	0	0	0	16	0	16	0	2	0	0	0	0	0	0		0
Dak Prescott	QB	2	293	1	2	12	0	0	0	0	0	0	0	0	0	0		0
Hunter Henry	TE	2	0	0	0	0	0	109	0	8	0	0	0	0	0	0		0
Jared Goff	QB	2	307	0	2	5	0	0	0	0	0	0	0	0	0	0		0
Jacoby Brissett	QB	2	149	1	0	6	0	0	0	0	0	0	0	0	0	0		0
Mo Alie-Cox	TE	2	0	0	0	0	0	22	0	1	0	0	0	0	0	0		0
Johnny Mundt	TE	2	0	0	0	0	0	12	0	2	0	0	0	0	0	0		0
Curtis Samuel	WR	2	0	0	0	0	0	3	0	1	0	0	0	0	0	0		0
George Kittle	TE	2	0	0	0	0	0	76	1	7	0	0	0	0	0	0		0
Aaron Jones	RB	2	0	0	0	32	0	36	0	5	0	0	1	0	0	0		0
Harrison Butker	PK	2	0	0	0	0	0	0	0	0	0	0	0	0	0	0	19;51	2
Taysom Hill	TE	2	0	0	0	18	0	1	0	1	0	0	0	0	0	0		0
Tim Patrick	WR	2	0	0	0	0	0	12	0	2	0	0	0	0	0	0		0
Patrick Ricard	RB	2	0	0	0	0	0	0	0	0	0	0	0	0	0	0		0
Samaje Perine	RB	2	0	0	0	0	0	3	0	1	0	0	0	0	0	0		0
Mike Williams	WR	2	0	0	0	0	0	19	0	1	0	0	0	0	0	0		0
Deshaun Watson	QB	2	186	0	0	20	1	0	0	0	0	0	0	0	0	0		0
James Conner	RB	2	0	0	0	122	1	2	0	1	0	0	0	0	0	0		0
Mack Hollins	WR	2	0	0	0	0	0	0	0	0	0	0	0	0	0	0		0
Eric Saubert	TE	2	0	0	0	0	0	26	0	2	0	0	0	0	0	0		0
David Moore	WR	2	0	0	0	0	0	0	0	0	0	0	0	0	0	0		0
Noah Brown	WR	2	0	0	0	0	0	56	0	3	0	0	0	0	0	0		0
Cooper Rush	QB	2	6	0	0	0	0	0	0	0	0	0	0	0	0	0		0
Austin Ekeler	RB	2	0	0	0	38	0	47	0	3	0	0	0	0	0	0		0
Younghoe Koo	PK	2	0	0	0	0	0	0	0	0	0	0	0	0	0	0	39;22;34	1
Jake Elliott	PK	2	0	0	0	0	0	0	0	0	0	0	0	0	0	0	29;28	1
Dare Ogunbowale	RB	2	0	0	0	3	0	20	0	2	0	0	0	0	0	0		0
Jonnu Smith	TE	2	0	0	0	0	0	53	0	6	0	0	0	0	0	0		0
Mitchell Trubisky	QB	2	0	0	0	-2	0	0	0	0	0	0	0	0	0	0		0
Patrick Mahomes	QB	2	151	2	2	29	0	0	0	0	0	0	0	0	0	0		0
Gerald Everett	TE	2	0	0	0	0	0	1	0	2	0	0	0	0	0	0		0
Joe Mixon	RB	2	0	0	0	25	0	25	0	3	0	0	0	0	0	0		0
Alvin Kamara	RB	2	0	0	0	115	3	65	1	2	0	0	0	0	0	0		0
Cooper Kupp	WR	2	0	0	0	0	0	37	0	4	0	0	0	0	0	0		0
Chris Godwin Jr.	WR	2	0	0	0	0	0	117	1	7	0	0	0	0	0	0		0
D'Onta Foreman	RB	2	0	0	0	42	0	9	0	1	0	0	0	0	0	0		0
Josh Reynolds	WR	2	0	0	0	0	0	93	0	4	0	0	0	0	0	0		0
Jamaal Williams	RB	2	0	0	0	39	0	0	0	0	0	0	0	0	0	0		0
Jeff Wilson	RB	2	0	0	0	0	0	12	0	2	0	0	0	0	0	0		0
Will Dissly	TE	2	0	0	0	0	0	29	0	3	0	0	0	0	0	0		0
Daniel Carlson	PK	2	0	0	0	0	0	0	0	0	0	0	0	0	0	0	53;51;25;38	2
Eddy Pineiro	PK	2	0	0	0	0	0	0	0	0	0	0	0	0	0	0	38	0
Gus Edwards	RB	2	0	0	0	59	0	0	0	0	0	0	0	0	0	0		0
Tyler Conklin	TE	2	0	0	0	0	0	10	0	1	0	0	0	0	0	0		0
Marquez Valdes-Scantling	WR	2	0	0	0	0	0	0	0	0	0	0	0	0	0	0		0
Courtland Sutton	WR	2	0	0	0	0	0	26	0	1	0	0	0	0	0	0		0
Dallas Goedert	TE	2	0	0	0	0	0	38	0	3	0	0	0	0	0	0		0
Jordan Akins	TE	2	0	0	0	0	0	10	0	1	0	0	0	0	0	0		0
Dalton Schultz	TE	2	0	0	0	0	0	21	0	2	0	0	0	0	0	0		0
Justin Watson	WR	2	0	0	0	0	0	22	0	2	0	0	0	0	0	0		0
Ray-Ray McCloud	WR	2	0	0	0	3	0	42	0	3	0	0	0	0	0	0		0
Cedrick Wilson Jr.	WR	2	0	0	0	0	0	0	0	0	0	0	0	0	0	0		0
Braxton Berrios	WR	2	0	0	0	0	0	0	0	0	0	0	0	0	0	0		0
Trent Sherfield	WR	2	0	0	0	0	0	17	0	1	0	0	0	0	0	0		0
Allen Lazard	WR	2	0	0	0	0	0	11	0	2	0	0	0	0	0	0		0
Brandon Powell	WR	2	0	0	0	0	0	16	0	2	0	0	0	0	0	0		0
Mark Andrews	TE	2	0	0	0	0	0	51	0	4	0	0	0	0	0	0		0
Christian Kirk	WR	2	0	0	0	0	0	-1	0	1	0	0	0	0	0	0		0
Jason Sanders	PK	2	0	0	0	0	0	0	0	0	0	0	0	0	0	0	34	1
Lamar Jackson	QB	2	247	1	1	45	0	0	0	0	0	0	0	0	0	0		0
Durham Smythe	TE	2	0	0	0	0	0	8	0	1	0	0	0	0	0	0		0
John Kelly	RB	2	0	0	0	0	0	0	0	0	0	0	0	0	0	0		0
DJ Moore	WR	2	0	0	0	0	0	53	0	6	0	0	0	0	0	0		0
Mike Gesicki	TE	2	0	0	0	0	0	91	0	7	0	0	0	0	0	0		0
Hayden Hurst	TE	2	0	0	0	0	0	5	0	1	0	0	0	0	0	0		0
Calvin Ridley	WR	2	0	0	0	10	1	77	1	4	0	0	0	0	0	0		0
Saquon Barkley	RB	2	0	0	0	95	0	21	0	4	0	0	0	0	1	0		0
KhaDarel Hodge	WR	2	0	0	0	0	0	0	0	0	0	0	0	0	0	0		0
Baker Mayfield	QB	2	185	1	1	34	1	0	0	0	0	0	0	0	0	0		0
Josh Allen	QB	2	139	1	0	2	0	0	0	0	0	0	0	0	0	0		0
Sam Darnold	QB	2	268	2	1	32	0	0	0	0	0	0	0	0	0	0		0
Steven Sims	WR	2	0	0	0	0	0	0	0	0	0	0	0	0	0	0		0
Jakobi Meyers	WR	2	0	0	0	0	0	29	0	4	0	0	0	0	0	0		0
Alexander Mattison	RB	2	0	0	0	1	1	0	0	0	0	0	0	0	0	0		0
Justice Hill	RB	2	0	0	0	22	0	10	0	2	0	0	0	0	0	0		0
Foster Moreau	TE	2	0	0	0	0	0	0	0	0	0	0	0	0	0	0		0
Ashton Dulin	WR	2	0	0	0	0	0	13	0	1	0	0	0	0	0	0		0
Mecole Hardman	WR	2	0	0	0	0	0	0	0	0	0	0	0	0	0	0		0
Austin Seibert	PK	2	0	0	0	0	0	0	0	0	0	0	0	0	0	0	27;45;26;27;29;33;30	0
Joey Slye	PK	2	0	0	0	0	0	0	0	0	0	0	0	0	0	0	29;28	2
Olamide Zaccheaus	WR	2	0	0	0	0	0	14	0	3	0	0	0	0	0	0		0
Deonte Harty	WR	2	0	0	0	0	0	0	0	0	0	0	0	0	0	0		0
Diontae Johnson	WR	2	0	0	0	0	0	15	0	3	0	0	0	0	0	0		0
Kyler Murray	QB	2	266	3	0	59	0	0	0	0	0	0	0	0	0	0		0
Miles Sanders	RB	2	0	0	0	20	0	5	0	3	0	0	0	0	0	0		0
Devin Singletary	RB	2	0	0	0	95	1	0	0	1	0	1	0	0	0	0		0
Tony Pollard	RB	2	0	0	0	62	0	40	0	5	0	0	0	0	0	0		0
Matt Gay	PK	2	0	0	0	0	0	0	0	0	0	0	0	0	0	0	34	1
Gardner Minshew	QB	2	276	1	1	-1	0	0	0	0	0	0	0	0	0	0		0
Trayveon Williams	RB	2	0	0	0	0	0	0	0	0	0	0	0	0	0	0		0
Trenton Irwin	WR	2	0	0	0	0	0	5	0	1	0	0	0	0	0	0		0
Chase McLaughlin	PK	2	0	0	0	0	0	0	0	0	0	0	0	0	0	0	30;55	2
Lil'Jordan Humphrey	WR	2	0	0	0	0	0	50	0	4	0	0	0	0	0	0		0
Greg Dortch	WR	2	0	0	0	0	0	11	0	2	0	0	0	0	0	0		0
Darius Slayton	WR	2	0	0	0	0	0	33	0	3	0	0	0	0	0	0		0
Ty Johnson	RB	2	0	0	0	-1	0	33	0	1	0	0	0	0	0	0		0
Tom Kennedy	WR	2	0	0	0	0	0	0	0	0	0	0	0	0	0	0		0
Travis Homer	RB	2	0	0	0	6	0	0	0	0	0	0	0	0	0	0		0
D'Ernest Johnson	RB	2	0	0	0	26	0	0	0	0	0	0	0	0	0	0		0
Drew Sample	TE	2	0	0	0	0	0	28	0	3	0	0	0	0	0	0		0
DK Metcalf	WR	2	0	0	0	0	0	129	1	10	0	0	0	0	0	0		0
Noah Fant	TE	2	0	0	0	0	0	14	0	1	0	0	0	0	0	0		0
Terry McLaurin	WR	2	0	0	0	0	0	22	0	6	0	0	0	0	0	0		0
David Montgomery	RB	2	0	0	0	35	1	35	0	4	0	0	0	0	0	0		0
Josh Jacobs	RB	2	0	0	0	151	0	0	0	0	0	1	0	0	0	0		0
Daniel Jones	QB	2	178	2	0	32	0	0	0	0	0	0	0	0	0	0		0
Deebo Samuel Sr.	WR	2	0	0	0	-10	0	110	0	8	0	0	0	0	0	0		0
JaMycal Hasty	RB	2	0	0	0	2	0	0	0	0	0	0	0	0	0	0		0
James Proche	WR	2	0	0	0	0	0	0	0	0	0	0	0	0	0	0		0
Rico Dowdle	RB	2	0	0	0	30	0	29	0	4	0	0	0	0	0	0		0
J.K. Dobbins	RB	2	0	0	0	131	1	0	0	1	0	0	0	0	0	0		0
Tyler Bass	PK	2	0	0	0	0	0	0	0	0	0	0	0	0	0	0	43	4
Gabe Davis	WR	2	0	0	0	0	0	43	0	3	0	0	0	0	0	0		0
Tua Tagovailoa	QB	2	145	1	3	17	0	0	0	0	0	0	0	0	0	0		0
Jonathan Taylor	RB	2	0	0	0	103	0	32	0	2	0	0	0	0	0	0		0
Harrison Bryant	TE	2	0	0	0	0	0	0	0	0	0	0	0	0	0	0		0
Colby Parkinson	TE	2	0	0	0	0	0	12	0	1	0	0	0	0	0	0		0
Zack Moss	RB	2	0	0	0	34	0	13	0	1	0	0	0	0	0	0		0
Michael Pittman	WR	2	0	0	0	0	0	21	0	3	0	0	0	0	0	0		0
Jauan Jennings	WR	2	0	0	0	0	0	37	0	2	0	0	0	0	0	0		0
Brandon Aiyuk	WR	2	0	0	0	0	0	43	0	4	0	0	0	0	0	0		0
Laviska Shenault Jr.	WR	2	0	0	0	0	0	6	0	1	0	0	0	0	0	0		0
D'Andre Swift	RB	2	0	0	0	18	0	24	0	4	0	0	0	0	0	0		0
Cole Kmet	TE	2	0	0	0	0	0	27	0	4	0	0	0	0	0	0		0
Darnell Mooney	WR	2	0	0	0	0	0	88	1	3	0	0	0	0	0	0		0
Justin Jefferson	WR	2	0	0	0	0	0	133	1	4	0	0	0	0	0	0		0
Antonio Gibson	RB	2	0	0	0	96	0	7	0	1	0	0	0	0	0	0		0
Devin Duvernay	WR	2	0	0	0	4	0	0	0	0	0	0	0	0	0	0		0
K.J. Osborn	WR	2	0	0	0	0	0	7	0	1	0	0	0	0	0	0		0
Justin Herbert	QB	2	130	2	1	18	0	0	0	0	1	0	0	0	0	0		0
CeeDee Lamb	WR	2	0	0	0	0	0	90	1	4	0	0	0	0	0	0		0
Jalen Hurts	QB	2	183	1	1	85	1	0	0	0	0	0	0	0	0	0		0
Jerry Jeudy	WR	2	0	0	0	0	0	73	0	5	0	0	0	0	0	0		0
Cam Akers	RB	2	0	0	0	32	0	3	0	1	0	1	0	0	0	0		0
Van Jefferson	WR	2	0	0	0	0	0	14	0	2	0	0	0	0	0	0		0
DeeJay Dallas	RB	2	0	0	0	0	0	0	0	0	0	0	0	0	0	0		0
Tyler Johnson	WR	2	0	0	0	0	0	20	0	2	0	0	0	0	0	0		0
Joe Burrow	QB	2	258	2	0	9	0	0	0	0	1	0	0	0	0	0		0
DJ Turner	WR	2	0	0	0	2	0	0	0	0	0	0	0	0	0	0		0
Rashod Bateman	WR	2	0	0	0	0	0	40	0	3	0	0	0	0	0	0		0
Nico Collins	WR	2	0	0	0	0	0	135	1	8	0	0	0	0	0	0		0
Chuba Hubbard	RB	2	0	0	0	64	0	12	0	4	0	0	0	0	0	0		0
Brevin Jordan	TE	2	0	0	0	0	0	4	0	1	0	0	0	0	0	0		0
Jaylen Waddle	WR	2	0	0	0	4	0	41	0	4	0	0	0	0	0	0		0
Dyami Brown	WR	2	0	0	0	0	0	17	0	2	0	0	0	0	0	0		0
John Bates	TE	2	0	0	0	0	0	5	0	1	0	0	0	0	0	0		0
Feleipe Franks	TE	2	0	0	0	0	0	0	0	0	0	0	0	0	0	0		0
Tutu Atwell	WR	2	0	0	0	0	0	48	0	3	0	0	0	0	0	0		0
Evan McPherson	PK	2	0	0	0	0	0	0	0	0	0	0	0	0	0	0	22;33;48;53	1
Ben Skowronek	WR	2	0	0	0	0	0	0	0	0	0	0	0	0	0	0		0
Rhamondre Stevenson	RB	2	0	0	0	81	1	9	0	2	0	0	0	0	0	0		0
Kylen Granson	TE	2	0	0	0	0	0	9	0	1	0	0	0	0	0	0		0
Luke Farrell	TE	2	0	0	0	0	0	13	0	2	0	0	0	0	0	0		0
Najee Harris	RB	2	0	0	0	69	0	5	0	1	0	0	0	0	0	0		0
Pat Freiermuth	TE	2	0	0	0	0	0	39	0	4	0	0	0	0	0	0		0
Ja'Marr Chase	WR	2	0	0	0	0	0	35	0	4	0	0	0	0	0	0		0
Khalil Herbert	RB	2	0	0	0	3	1	4	0	2	0	0	0	0	0	0		0
DeVonta Smith	WR	2	0	0	0	0	0	76	1	7	0	0	0	0	0	0		0
Kenny Gainwell	RB	2	0	0	0	6	0	0	0	0	0	0	0	0	0	0		0
Justin Fields	QB	2	117	1	0	27	0	0	0	0	0	0	0	0	0	0		0
Avery Williams	RB	2	0	0	0	0	0	0	0	0	0	0	0	0	0	0		0
Amon-Ra St. Brown	WR	2	0	0	0	0	0	119	0	11	0	0	0	0	0	0		0
Kyle Pitts	TE	2	0	0	0	0	0	20	0	3	0	0	0	0	0	0		0
Trevor Lawrence	QB	2	220	0	0	45	0	0	0	0	0	0	0	0	0	0		0
Travis Etienne	RB	2	0	0	0	52	1	6	0	3	0	0	0	0	0	0		0
Elijah Moore	WR	2	0	0	0	0	0	44	0	6	0	0	0	0	0	0		0
Trey Sermon	RB	2	0	0	0	0	0	7	0	1	0	0	0	0	0	0		0
Josh Palmer	WR	2	0	0	0	0	0	19	0	2	0	0	0	0	0	0		0
Javonte Williams	RB	2	0	0	0	17	0	48	0	5	0	0	0	0	0	0		0
Hunter Long	TE	2	0	0	0	0	0	0	0	0	0	0	0	0	0	0		0
Tommy Tremble	TE	2	0	0	0	0	0	23	0	3	0	0	0	0	0	0		0
Tyler Badie	RB	2	0	0	0	16	0	2	0	1	0	0	0	0	0	0		0
Grant Calcaterra	TE	2	0	0	0	0	0	19	0	2	0	0	0	0	0	0		0
Bo Melton	WR	2	0	0	0	8	0	0	0	0	0	0	0	0	0	0		0
Jake Tonges	TE	2	0	0	0	0	0	0	0	0	0	0	0	0	0	0		0
Tyler Goodson	RB	2	0	0	0	0	0	2	0	1	0	0	0	0	0	0		0
Britain Covey	WR	2	0	0	0	0	0	23	0	6	0	0	0	0	0	0		0
Irvin Charles	WR	2	0	0	0	0	0	0	0	0	0	0	0	0	0	0		0
Isiah Pacheco	RB	2	0	0	0	90	0	21	0	5	0	0	0	0	0	0		0
Cameron Dicker	PK	2	0	0	0	0	0	0	0	0	0	0	0	0	0	0	46;42	2
Jaylen Warren	RB	2	0	0	0	42	0	19	0	2	0	0	0	0	0	0		0
Drake London	WR	2	0	0	0	0	0	54	1	6	0	0	0	0	0	0		0
Chris Olave	WR	2	0	0	0	7	0	81	0	4	0	0	0	0	0	0		0
Jameson Williams	WR	2	0	0	0	15	0	79	0	5	0	0	0	0	0	0		0
George Pickens	WR	2	0	0	0	0	0	29	0	2	0	0	0	0	0	0		0
James Cook	RB	2	0	0	0	78	2	17	1	1	0	0	0	0	0	0		0
Greg Dulcich	TE	2	0	0	0	0	0	16	0	3	0	0	0	0	0	0		0
Rachaad White	RB	2	0	0	0	18	0	5	0	1	0	0	0	0	0	0		0
David Bell	WR	2	0	0	0	0	0	27	0	3	0	0	0	0	0	0		0
Khalil Shakir	WR	2	0	0	0	2	0	54	0	5	0	0	0	0	0	0		0
Tyler Allgeier	RB	2	0	0	0	53	0	12	0	1	0	0	0	0	0	0		0
Jerome Ford	RB	2	0	0	0	64	0	0	0	1	0	0	0	0	0	0		0
Ty Chandler	RB	2	0	0	0	82	0	0	0	0	0	0	0	0	0	0		0
Jalen Nailor	WR	2	0	0	0	0	0	54	1	3	0	0	0	0	0	0		0
Andrew Ogletree	TE	2	0	0	0	0	0	12	0	1	0	0	0	0	0	0		0
Ko Kieft	TE	2	0	0	0	0	0	0	0	0	0	0	0	0	0	0		0
Skylar Thompson	QB	2	80	0	0	4	0	0	0	0	0	0	0	0	0	0		0
Raheem Blackshear	RB	2	0	0	0	0	0	0	0	0	0	0	0	0	0	0		0
Jordan Mason	RB	2	0	0	0	100	1	4	0	1	0	0	0	0	0	0		0
Rashid Shaheed	WR	2	0	0	0	13	0	96	1	4	0	0	0	0	0	0		0
Ronnie Rivers	RB	2	0	0	0	0	0	0	0	1	0	0	0	0	0	0		0
Peyton Hendershot	TE	2	0	0	0	0	0	0	0	0	0	0	0	0	0	0		0
Hassan Haskins	RB	2	0	0	0	11	0	0	0	0	0	0	0	0	0	0		0
Alec Pierce	WR	2	0	0	0	0	0	56	1	5	0	0	0	0	0	0		0
Jalen Tolbert	WR	2	0	0	0	0	0	82	0	6	0	0	0	0	0	0		0
Brandon Aubrey	PK	2	0	0	0	0	0	0	0	0	0	0	0	0	0	0	52;38;48;40	1
Garrett Wilson	WR	2	0	0	0	5	0	57	0	4	0	0	0	0	0	0		0
Jahan Dotson	WR	2	0	0	0	0	0	6	0	1	0	0	0	0	0	0		0
Treylon Burks	WR	2	0	0	0	0	0	0	0	0	0	0	0	0	0	0		0
Trey McBride	TE	2	0	0	0	0	0	67	0	6	0	0	0	0	0	0		0
Brian Robinson	RB	2	0	0	0	133	0	3	0	1	0	0	0	0	0	0		0
KaVontae Turpin	WR	2	0	0	0	2	0	4	0	2	0	0	0	0	0	0		0
Jeremy Ruckert	TE	2	0	0	0	0	0	0	0	0	0	0	0	0	0	0		0
Chig Okonkwo	TE	2	0	0	0	0	0	16	0	3	0	0	0	0	0	0		0
Romeo Doubs	WR	2	0	0	0	0	0	62	0	3	0	0	0	0	0	0		0
Brock Purdy	QB	2	319	1	1	12	0	0	0	0	1	0	0	0	0	0		0
Calvin Austin III	WR	2	0	0	0	0	0	6	0	1	0	0	0	0	0	0		0
Isaiah Likely	TE	2	0	0	0	0	0	26	0	2	0	0	0	0	0	0		0
Kyren Williams	RB	2	0	0	0	25	1	27	0	4	0	0	0	0	0	0		0
Zamir White	RB	2	0	0	0	24	0	14	0	3	0	0	0	0	0	0		0
Charlie Kolar	TE	2	0	0	0	0	0	4	0	1	0	0	0	0	0	0		0
Pierre Strong	RB	2	0	0	0	-5	0	10	0	1	0	0	0	0	0	0		0
Wan'Dale Robinson	WR	2	0	0	0	0	0	18	1	2	0	0	0	0	0	0		0
Breece Hall	RB	2	0	0	0	62	0	52	1	7	0	0	0	0	0	0		0
Malik Willis	QB	2	122	1	0	41	0	0	0	0	0	0	0	0	0	0		0
Cade Otton	TE	2	0	0	0	-4	0	0	0	0	0	0	0	0	0	0		0
Dontayvion Wicks	WR	2	0	0	0	0	0	26	1	3	0	0	0	0	0	0		0
Eric Gray	RB	2	0	0	0	0	0	0	0	0	0	0	0	0	0	0		0
Xavier Gipson	WR	2	0	0	0	0	0	0	0	0	0	0	0	0	0	0		0
Grant DuBose	WR	2	0	0	0	0	0	13	0	1	0	0	0	0	0	0		0
Bijan Robinson	RB	2	0	0	0	97	0	25	0	4	0	0	0	0	0	0		0
Jaxon Smith-Njigba	WR	2	0	0	0	0	0	117	0	12	0	0	0	0	0	0		0
Quentin Johnston	WR	2	0	0	0	0	0	51	2	5	0	0	0	0	0	0		0
Luke Schoonmaker	TE	2	0	0	0	0	0	43	0	6	0	0	0	0	0	0		0
Tank Bigsby	RB	2	0	0	0	0	0	0	0	0	0	0	0	0	0	0		0
Darnell Washington	TE	2	0	0	0	0	0	5	1	1	0	0	0	0	0	0		0
Michael Wilson	WR	2	0	0	0	0	0	31	0	2	0	0	0	0	0	0		0
Jake Moody	PK	2	0	0	0	0	0	0	0	0	0	0	0	0	0	0	31	2
Tre Tucker	WR	2	0	0	0	0	0	13	0	2	0	0	0	0	0	0		0
Derius Davis	WR	2	0	0	0	0	0	0	0	0	0	0	0	0	0	0		0
Charlie Jones	WR	2	0	0	0	0	0	0	0	0	0	0	0	0	0	0		0
Clayton Tune	QB	2	0	0	0	-6	0	0	0	0	0	1	0	0	0	0		0
Josh Whyle	TE	2	0	0	0	0	0	13	0	2	0	0	0	0	0	0		0
Chase Brown	RB	2	0	0	0	31	0	0	0	0	0	0	0	0	0	0		0
Parker Washington	WR	2	0	0	0	0	0	0	0	0	0	0	0	0	0	0		0
Xavier Hutchinson	WR	2	0	0	0	0	0	0	0	0	0	0	0	0	0	0		0
Andrei Iosivas	WR	2	0	0	0	0	0	7	2	2	0	0	0	0	0	0		0
Deuce Vaughn	RB	2	0	0	0	11	0	6	0	1	0	0	0	0	0	0		0
Jalen Brooks	WR	2	0	0	0	0	0	10	0	1	0	0	0	0	0	0		0
Emari Demercado	RB	2	0	0	0	46	0	0	0	0	0	0	0	0	0	0		0
Julian Hill	TE	2	0	0	0	0	0	0	0	0	0	0	0	0	0	0		0
Jake Bobo	WR	2	0	0	0	0	0	15	0	2	0	0	0	0	0	0		0
Nate Adkins	TE	2	0	0	0	0	0	0	0	0	0	0	0	0	0	0		0
Jaleel McLaughlin	RB	2	0	0	0	6	0	0	0	0	0	0	0	0	0	0		0
Emanuel Wilson	RB	2	0	0	0	9	0	0	0	0	0	0	0	0	0	0		0
Blake Grupe	PK	2	0	0	0	0	0	0	0	0	0	0	0	0	0	0	26	5
Dalton Kincaid	TE	2	0	0	0	0	0	33	0	4	0	0	0	0	0	0		0
Brenton Strange	TE	2	0	0	0	0	0	65	0	3	0	0	0	0	0	0		0
Sean Tucker	RB	2	0	0	0	0	0	0	0	0	0	0	0	0	0	0		0
Marvin Mims Jr.	WR	2	0	0	0	0	0	10	0	1	0	0	0	0	0	0		0
Tank Dell	WR	2	0	0	0	16	0	-3	0	1	0	0	0	0	0	0		0
Cedric Tillman	WR	2	0	0	0	0	0	2	0	1	0	0	0	0	0	0		0
Tucker Kraft	TE	2	0	0	0	0	0	16	0	2	0	0	0	0	0	0		0
Jake Haener	QB	2	0	0	0	-3	0	0	0	0	0	0	0	0	0	0		0
Tyjae Spears	RB	2	0	0	0	20	0	11	0	2	0	0	0	0	0	0		0
De'Von Achane	RB	2	0	0	0	96	0	69	1	7	0	0	0	0	0	0		0
Elijah Higgins	TE	2	0	0	0	0	0	18	1	1	0	0	0	0	0	0		0
Trey Palmer	WR	2	0	0	0	0	0	0	0	0	0	0	0	0	0	0		0
Jonathan Mingo	WR	2	0	0	0	0	0	1	0	1	0	0	0	0	0	0		0
Zay Flowers	WR	2	0	0	0	0	0	91	1	7	0	0	0	0	0	0		0
Sam LaPorta	TE	2	0	0	0	0	0	13	0	2	0	0	0	0	0	0		0
Michael Mayer	TE	2	0	0	0	0	0	11	0	1	0	0	0	0	0	0		0
Rashee Rice	WR	2	0	0	0	0	0	75	1	5	0	0	0	0	0	0		0
Jahmyr Gibbs	RB	2	0	0	0	84	0	22	0	7	0	0	0	0	0	0		0
Luke Musgrave	TE	2	0	0	0	0	0	6	0	1	0	0	0	0	0	0		0
Jayden Reed	WR	2	0	0	0	37	0	9	0	2	0	0	0	0	0	0		0
Bryce Young	QB	2	84	0	1	6	0	0	0	0	0	0	0	0	0	0		0
Will Levis	QB	2	192	1	1	38	0	0	0	0	1	0	0	0	0	0		0
C.J. Stroud	QB	2	260	1	0	-1	0	0	0	0	0	0	0	0	0	0		0
Anthony Richardson	QB	2	204	1	3	37	0	0	0	0	0	0	0	0	0	0		0
Zach Charbonnet	RB	2	0	0	0	38	1	31	0	5	0	0	0	0	0	0		0
Jake Bates	PK	2	0	0	0	0	0	0	0	0	0	0	0	0	0	0	22;35;32	1
Johnny Wilson	WR	2	0	0	0	0	0	0	0	0	0	0	0	0	0	0		0
Carson Steele	RB	2	0	0	0	24	0	0	0	0	0	1	0	0	0	0		0
Malik Nabers	WR	2	0	0	0	0	0	127	1	10	0	0	0	0	0	0		0
Brock Bowers	TE	2	0	0	0	0	0	98	0	9	0	0	0	0	0	0		0
Ja'Tavion Sanders	TE	2	0	0	0	0	0	8	0	2	0	0	0	0	0	0		0
Cade Stover	TE	2	0	0	0	0	0	18	0	1	0	0	0	0	0	0		0
Bucky Irving	RB	2	0	0	0	22	0	0	0	0	0	0	0	0	0	0		0
Isaac Guerendo	RB	2	0	0	0	0	0	0	0	0	0	0	0	0	0	0		0
Sione Vaki	RB	2	0	0	0	0	0	17	0	1	0	0	0	0	0	0		0
Jacob Cowing	WR	2	0	0	0	0	0	0	0	0	0	0	0	0	0	0		0
Tyrone Tracy Jr.	RB	2	0	0	0	2	0	0	0	0	0	0	0	0	0	0		0
Jha'Quan Jackson	WR	2	0	0	0	0	0	0	0	0	0	0	0	0	0	0		0
Will Reichard	PK	2	0	0	0	0	0	0	0	0	0	0	0	0	0	0	22;39;27	2
Cam Little	PK	2	0	0	0	0	0	0	0	0	0	0	0	0	0	0	22;25	1
Brevyn Spann-Ford	TE	2	0	0	0	0	0	0	0	0	0	0	0	0	0	0		0
Brayden Narveson	PK	2	0	0	0	0	0	0	0	0	0	0	0	0	0	0	46;42;34	1
Colson Yankoff	TE	2	0	0	0	0	0	0	0	0	0	0	0	0	0	0		0
Bo Nix	QB	2	246	0	2	25	0	0	0	0	0	0	0	0	0	0		0
Blake Corum	RB	2	0	0	0	28	0	0	0	0	0	0	0	0	0	0		0
Will Shipley	RB	2	0	0	0	0	0	0	0	0	0	0	0	0	0	0		0
Joshua Karty	PK	2	0	0	0	0	0	0	0	0	0	0	0	0	0	0	29	1
Jordan Whittington	WR	2	0	0	0	0	0	22	0	2	0	0	0	0	0	0		0
AJ Barner	TE	2	0	0	0	0	0	0	0	0	0	0	0	0	0	0		0
Braelon Allen	RB	2	0	0	0	33	1	23	1	2	0	0	0	0	0	0		0
Jermaine Burton	WR	2	0	0	0	0	0	47	0	1	0	0	0	0	0	0		0
MarShawn Lloyd	RB	2	0	0	0	15	0	3	0	1	0	0	0	0	0	0		0
Erick All	TE	2	0	0	0	0	0	32	0	4	0	0	0	0	0	0		0
Anthony Gould	WR	2	0	0	0	0	0	0	0	0	0	0	0	0	0	0		0
Jared Wiley	TE	2	0	0	0	0	0	7	0	1	0	0	0	0	0	0		0
Marvin Harrison Jr.	WR	2	0	0	0	0	0	130	2	4	0	0	0	0	0	0		0
Jalen McMillan	WR	2	0	0	0	0	0	21	0	1	0	0	0	0	0	0		0
Troy Franklin	WR	2	0	0	0	0	0	0	0	0	0	0	0	0	0	0		0
Jaylen Wright	RB	2	0	0	0	4	0	0	0	0	0	0	0	0	0	0		0
Ray Davis	RB	2	0	0	0	29	0	-1	0	1	0	0	0	0	0	0		0
Adonai Mitchell	WR	2	0	0	0	0	0	30	0	1	0	0	0	0	0	0		0
Brian Thomas Jr.	WR	2	0	0	0	0	0	94	0	2	0	0	0	0	0	0		0
Xavier Worthy	WR	2	0	0	0	5	0	17	0	2	0	0	0	0	0	0		0
Keon Coleman	WR	2	0	0	0	0	0	0	0	0	0	0	0	0	0	0		0
Ja'Lynn Polk	WR	2	0	0	0	0	0	12	1	2	0	0	0	0	0	0		0
Jayden Daniels	QB	2	226	0	0	44	0	0	0	0	0	0	0	0	0	0		0
Ben Sinnott	TE	2	0	0	0	0	0	0	0	0	0	0	0	0	0	0		0
Ladd McConkey	WR	2	0	0	0	0	0	26	0	2	0	0	0	0	0	0		0
Caleb Williams	QB	2	174	0	2	44	0	0	0	0	0	0	0	0	0	0		0
Rome Odunze	WR	2	0	0	0	0	0	33	0	2	0	0	0	0	0	0		0
Malachi Corley	WR	2	0	0	0	0	0	4	0	1	0	0	0	0	0	0		0
Trey Benson	RB	2	0	0	0	10	0	7	0	1	0	0	0	0	0	0		0
Aaron Rodgers	QB	3	281	2	0	18	0	0	0	0	0	0	0	0	0	0		0
Matt Prater	PK	3	0	0	0	0	0	0	0	0	0	0	0	0	0	0	42;45	1
Marcedes Lewis	TE	3	0	0	0	0	0	0	0	0	0	0	0	0	0	0		0
Nick Folk	PK	3	0	0	0	0	0	0	0	0	0	0	0	0	0	0		2
Matthew Stafford	QB	3	221	1	0	0	0	0	0	0	0	0	0	0	0	0		0
Andy Dalton	QB	3	319	3	0	-2	0	0	0	0	0	0	0	0	0	0		0
Justin Tucker	PK	3	0	0	0	0	0	0	0	0	0	0	0	0	0	0		4
Kirk Cousins	QB	3	230	1	1	-1	0	0	0	0	0	0	0	0	0	0		0
Greg Zuerlein	PK	3	0	0	0	0	0	0	0	0	0	0	0	0	0	0	28	3
Adam Thielen	WR	3	0	0	0	0	0	40	1	3	0	0	0	0	0	0		0
Zach Ertz	TE	3	0	0	0	0	0	38	0	5	0	0	0	0	0	0		0
Dustin Hopkins	PK	3	0	0	0	0	0	0	0	0	0	0	0	0	0	0		1
Robert Woods	WR	3	0	0	0	0	0	18	0	2	0	0	0	0	0	0		0
Travis Kelce	TE	3	0	0	0	0	0	30	0	4	0	0	0	0	0	0		0
DeAndre Hopkins	WR	3	0	0	0	0	0	73	1	6	0	0	0	0	0	0		0
Geno Smith	QB	3	289	1	2	-2	0	0	0	0	0	0	0	0	0	0		0
Cordarrelle Patterson	RB	3	0	0	0	33	0	15	0	3	0	0	0	0	0	0		0
Chris Boswell	PK	3	0	0	0	0	0	0	0	0	0	0	0	0	0	0	38;30	2
Cairo Santos	PK	3	0	0	0	0	0	0	0	0	0	0	0	0	0	0	53	1
Brandin Cooks	WR	3	0	0	0	0	0	16	0	2	0	0	0	0	0	0		0
Derek Carr	QB	3	142	1	1	3	0	0	0	0	0	0	0	0	0	0		0
Davante Adams	WR	3	0	0	0	0	0	40	0	4	0	0	0	0	0	0		0
Mike Evans	WR	3	0	0	0	0	0	17	0	2	0	0	0	0	0	0		0
Chris Manhertz	TE	3	0	0	0	0	0	0	0	0	0	0	0	0	0	0		0
Jason Myers	PK	3	0	0	0	0	0	0	0	0	0	0	0	0	0	0	56	3
Jameis Winston	QB	3	0	0	0	1	0	0	0	0	0	0	0	0	0	0		0
Amari Cooper	WR	3	0	0	0	0	0	86	2	7	0	0	0	0	0	0		0
Nelson Agholor	WR	3	0	0	0	0	0	56	0	1	0	0	0	0	0	0		0
Stefon Diggs	WR	3	13	0	0	0	0	94	0	10	0	0	0	0	0	0		0
DeAndre Carter	WR	3	0	0	0	0	0	22	0	3	0	0	0	0	0	0		0
Taylor Heinicke	QB	3	24	0	0	0	0	0	0	0	0	0	0	0	0	0		0
Ameer Abdullah	RB	3	0	0	0	0	0	13	0	2	0	0	0	0	0	0		0
Chris Conley	WR	3	0	0	0	0	0	0	0	0	0	0	0	0	0	0		0
Tyler Lockett	WR	3	0	0	0	0	0	46	0	5	0	0	0	0	0	0		0
Austin Hooper	TE	3	0	0	0	0	0	19	0	1	0	0	0	0	0	0		0
Nick Vannett	TE	3	0	0	0	0	0	9	1	2	0	0	0	0	0	0		0
Kalif Raymond	WR	3	0	0	0	0	0	0	0	0	0	0	0	0	0	0		0
Wil Lutz	PK	3	0	0	0	0	0	0	0	0	0	0	0	0	0	0	43;38;33;43	2
Ka'imi Fairbairn	PK	3	0	0	0	0	0	0	0	0	0	0	0	0	0	0		1
Derrick Henry	RB	3	0	0	0	151	2	23	0	1	0	0	0	0	0	0		0
Demarcus Robinson	WR	3	0	0	0	0	0	32	0	1	0	0	0	0	0	0		0
Tyler Boyd	WR	3	0	0	0	0	0	33	0	3	0	0	0	0	0	0		0
Tyreek Hill	WR	3	0	0	0	0	0	40	0	3	0	0	0	0	0	0		0
Ezekiel Elliott	RB	3	0	0	0	6	0	6	0	1	0	0	0	0	0	0		0
Dak Prescott	QB	3	379	2	0	7	1	0	0	0	0	0	0	0	0	0		0
Hunter Henry	TE	3	0	0	0	0	0	9	0	2	0	0	0	0	0	0		0
Jared Goff	QB	3	199	2	1	6	0	0	0	0	0	0	0	0	0	0		0
Jacoby Brissett	QB	3	98	0	0	0	0	0	0	0	0	0	0	0	0	0		0
Mo Alie-Cox	TE	3	0	0	0	0	0	0	0	0	0	0	0	0	0	0		0
Johnny Mundt	TE	3	0	0	0	0	0	2	1	1	0	0	0	0	0	0		0
Curtis Samuel	WR	3	0	0	0	0	0	22	0	3	0	0	0	0	0	0		0
Aaron Jones	RB	3	0	0	0	102	0	46	1	5	0	0	0	0	0	0		0
Harrison Butker	PK	3	0	0	0	0	0	0	0	0	0	0	0	0	0	0	53;44;21	1
Nick Mullens	QB	3	0	0	0	0	0	0	0	0	0	0	0	0	0	0		0
Tim Patrick	WR	3	0	0	0	0	0	8	0	1	0	0	0	0	0	0		0
Pharaoh Brown	TE	3	0	0	0	0	0	9	0	1	0	0	0	0	0	0		0
Samaje Perine	RB	3	0	0	0	25	0	15	0	3	0	0	0	0	0	0		0
Mike Williams	WR	3	0	0	0	0	0	34	0	3	0	0	0	0	0	0		0
Deshaun Watson	QB	3	196	2	0	26	0	0	0	0	1	1	0	1	0	0		0
James Conner	RB	3	0	0	0	17	0	8	0	1	0	0	0	0	0	0		0
Mack Hollins	WR	3	0	0	0	0	0	16	0	1	0	0	0	0	0	0		0
Eric Saubert	TE	3	0	0	0	0	0	41	0	2	0	0	0	0	0	0		0
Noah Brown	WR	3	0	0	0	0	0	29	0	3	0	0	0	0	0	0		0
Austin Ekeler	RB	3	0	0	0	35	1	22	0	2	0	0	0	0	0	0		0
Younghoe Koo	PK	3	0	0	0	0	0	0	0	0	0	0	0	0	0	0	54	2
Jake Elliott	PK	3	0	0	0	0	0	0	0	0	0	0	0	0	0	0		1
Dare Ogunbowale	RB	3	0	0	0	0	0	28	0	2	0	0	0	0	0	0		0
JuJu Smith-Schuster	WR	3	0	0	0	0	0	17	1	2	0	0	0	0	0	0		0
Jonnu Smith	TE	3	0	0	0	0	0	18	0	2	0	0	0	0	0	0		0
Mitchell Trubisky	QB	3	3	0	0	-1	0	0	0	0	0	0	0	0	0	0		0
Patrick Mahomes	QB	3	217	2	1	17	0	0	0	0	0	0	0	0	0	0		0
Gerald Everett	TE	3	0	0	0	0	0	0	0	0	0	0	0	0	0	0		0
Alvin Kamara	RB	3	0	0	0	87	0	40	0	3	0	0	0	0	0	0		0
Chris Godwin Jr.	WR	3	0	0	0	0	0	53	1	6	0	0	0	0	0	0		0
D'Onta Foreman	RB	3	0	0	0	5	0	0	0	0	0	0	0	0	0	0		0
Josh Reynolds	WR	3	0	0	0	0	0	36	0	2	0	0	0	0	0	0		0
Jamaal Williams	RB	3	0	0	0	-1	0	0	0	1	0	0	0	0	0	0		0
Jeremy McNichols	RB	3	0	0	0	1	0	0	0	0	0	0	0	0	0	0		0
Ross Dwelley	TE	3	0	0	0	0	0	0	0	0	0	0	0	0	0	0		0
Jeff Wilson	RB	3	0	0	0	14	0	0	0	0	0	0	0	0	0	0		0
Will Dissly	TE	3	0	0	0	0	0	19	0	3	0	0	0	0	0	0		0
Daniel Carlson	PK	3	0	0	0	0	0	0	0	0	0	0	0	0	0	0		2
Eddy Pineiro	PK	3	0	0	0	0	0	0	0	0	0	0	0	0	0	0	43;35;26	3
Tim Boyle	QB	3	79	0	0	6	0	0	0	0	0	0	0	0	0	0		0
Gus Edwards	RB	3	0	0	0	9	0	0	0	0	0	0	0	0	0	0		0
Tyler Conklin	TE	3	0	0	0	0	0	93	0	5	0	0	0	0	0	0		0
Marquez Valdes-Scantling	WR	3	0	0	0	0	0	7	0	1	0	0	0	0	0	0		0
Courtland Sutton	WR	3	0	0	0	0	0	68	0	7	0	0	0	0	0	0		0
Dallas Goedert	TE	3	0	0	0	0	0	170	0	10	0	0	0	0	0	0		0
Jordan Akins	TE	3	0	0	0	0	0	29	0	4	0	0	0	0	0	0		0
Dalton Schultz	TE	3	0	0	0	0	0	11	0	2	0	0	0	0	0	0		0
Justin Watson	WR	3	0	0	0	0	0	13	0	1	0	0	0	0	0	0		0
Ray-Ray McCloud	WR	3	0	0	0	20	0	17	0	2	0	0	0	0	0	0		0
Cedrick Wilson Jr.	WR	3	0	0	0	0	0	3	0	1	0	0	0	0	0	0		0
Braxton Berrios	WR	3	0	0	0	0	0	0	0	0	0	0	0	0	0	0		0
Greg Joseph	PK	3	0	0	0	0	0	0	0	0	0	0	0	0	0	0		3
Trent Sherfield	WR	3	0	0	0	0	0	8	0	1	0	0	0	0	0	0		0
Allen Lazard	WR	3	0	0	0	0	0	48	1	3	0	0	0	0	0	0		0
Brandon Powell	WR	3	0	0	0	0	0	13	0	1	0	0	0	0	0	0		0
Mark Andrews	TE	3	0	0	0	0	0	0	0	0	0	0	0	0	0	0		0
Christian Kirk	WR	3	0	0	0	0	0	79	0	8	0	0	0	0	0	0		0
Jason Sanders	PK	3	0	0	0	0	0	0	0	0	0	0	0	0	0	0	23	0
Lamar Jackson	QB	3	182	1	0	87	1	0	0	0	0	0	0	0	0	0		0
Durham Smythe	TE	3	0	0	0	0	0	3	0	1	0	0	0	0	0	0		0
DJ Moore	WR	3	0	0	0	-6	0	78	0	8	0	0	0	0	0	0		0
Mike Gesicki	TE	3	0	0	0	0	0	47	0	4	0	0	0	0	0	0		0
Hayden Hurst	TE	3	0	0	0	0	0	15	0	2	0	0	0	0	0	0		0
Calvin Ridley	WR	3	0	0	0	0	0	9	0	1	0	0	0	0	0	0		0
Saquon Barkley	RB	3	0	0	0	147	2	9	0	4	0	0	0	0	1	0		0
KhaDarel Hodge	WR	3	0	0	0	0	0	0	0	0	0	0	0	0	0	0		0
Baker Mayfield	QB	3	163	1	1	0	0	0	0	0	0	0	0	0	0	0		0
Josh Allen	QB	3	263	4	0	44	0	0	0	0	0	0	0	0	0	0		0
Sam Darnold	QB	3	181	4	0	0	0	0	0	0	0	0	0	0	0	0		0
Steven Sims	WR	3	0	0	0	0	0	0	0	0	0	0	0	0	0	0		0
Jakobi Meyers	WR	3	0	0	0	0	0	62	1	7	0	0	0	0	0	1		0
Alexander Mattison	RB	3	0	0	0	7	1	37	0	3	0	0	0	0	0	0		0
Justice Hill	RB	3	0	0	0	33	0	21	0	2	0	0	0	0	0	0		0
Foster Moreau	TE	3	0	0	0	0	0	2	0	1	0	0	0	0	0	0		0
Ashton Dulin	WR	3	0	0	0	0	0	0	0	0	0	0	0	0	0	0		0
Mecole Hardman	WR	3	0	0	0	0	0	0	0	0	0	0	0	0	0	0		0
Austin Seibert	PK	3	0	0	0	0	0	0	0	0	0	0	0	0	0	0	42	5
Joey Slye	PK	3	0	0	0	0	0	0	0	0	0	0	0	0	0	0	44	0
Deonte Harty	WR	3	0	0	0	0	0	0	0	0	0	0	0	0	0	0		0
Diontae Johnson	WR	3	0	0	0	0	0	122	1	8	0	0	0	0	0	0		0
Kyler Murray	QB	3	207	1	1	45	0	0	0	0	0	0	0	0	0	0		0
Miles Sanders	RB	3	0	0	0	17	1	13	0	2	0	0	0	0	0	0		0
Josh Oliver	TE	3	0	0	0	0	0	0	0	0	0	0	0	0	0	0		0
Devin Singletary	RB	3	0	0	0	65	1	43	0	4	0	1	0	0	0	0		0
Tony Pollard	RB	3	0	0	0	14	0	15	0	3	0	0	0	0	0	0		0
Matt Gay	PK	3	0	0	0	0	0	0	0	0	0	0	0	0	0	0		3
Gardner Minshew	QB	3	214	1	1	14	0	0	0	0	0	0	0	1	0	0		0
Trayveon Williams	RB	3	0	0	0	0	0	0	0	0	0	0	0	0	0	0		0
Scott Miller	WR	3	0	0	0	0	0	31	0	2	0	0	0	0	0	0		0
Myles Gaskin	RB	3	0	0	0	0	0	0	0	0	0	0	0	0	0	0		0
Chase McLaughlin	PK	3	0	0	0	0	0	0	0	0	0	0	0	0	0	0		1
Lil'Jordan Humphrey	WR	3	0	0	0	0	0	37	0	6	0	0	0	0	0	0		0
Greg Dortch	WR	3	0	0	0	0	0	35	0	3	0	0	0	0	0	0		0
Darius Slayton	WR	3	0	0	0	0	0	7	0	1	0	0	0	0	0	0		0
Ty Johnson	RB	3	0	0	0	18	0	28	1	3	0	0	0	0	0	0		0
D'Ernest Johnson	RB	3	0	0	0	12	0	0	0	0	0	0	0	0	0	0		0
Parris Campbell	WR	3	0	0	0	0	0	13	0	2	0	0	0	0	0	0		0
DK Metcalf	WR	3	0	0	0	0	0	104	1	4	0	0	0	0	0	0		0
Noah Fant	TE	3	0	0	0	0	0	60	0	6	0	0	0	0	0	0		0
Terry McLaurin	WR	3	0	0	0	0	0	100	1	4	0	0	0	0	0	0		0
David Montgomery	RB	3	0	0	0	105	1	17	0	3	0	0	0	0	0	0		0
Dawson Knox	TE	3	0	0	0	0	0	7	0	1	0	0	0	0	0	0		0
Josh Jacobs	RB	3	0	0	0	43	0	5	0	1	0	0	0	0	0	0		0
Daniel Jones	QB	3	236	2	0	20	0	0	0	0	0	0	0	0	0	0		0
Jakob Johnson	RB	3	0	0	0	0	0	0	0	0	0	0	0	0	0	0		0
JaMycal Hasty	RB	3	0	0	0	5	0	0	0	0	0	0	0	0	0	0		0
J.J. Taylor	RB	3	0	0	0	3	0	0	0	2	0	0	0	0	0	0		0
James Proche	WR	3	0	0	0	0	0	0	0	0	0	0	0	0	0	0		0
Rico Dowdle	RB	3	0	0	0	32	0	24	0	3	0	0	0	0	0	0		0
J.K. Dobbins	RB	3	0	0	0	44	0	10	0	3	0	0	0	0	0	0		0
Tyler Bass	PK	3	0	0	0	0	0	0	0	0	0	0	0	0	0	0	27;43	5
Reggie Gilliam	RB	3	0	0	0	0	0	0	0	0	0	0	0	0	0	0		0
Gabe Davis	WR	3	0	0	0	0	0	18	0	2	0	0	0	0	0	0		0
Jonathan Taylor	RB	3	0	0	0	110	2	25	0	1	0	0	0	0	0	0		0
Colby Parkinson	TE	3	0	0	0	0	0	21	0	3	0	0	0	0	0	0		0
Zack Moss	RB	3	0	0	0	58	1	39	0	5	0	0	0	0	0	0		0
Michael Pittman	WR	3	0	0	0	0	0	36	0	4	0	0	0	0	0	0		0
Collin Johnson	WR	3	0	0	0	0	0	0	0	0	0	0	0	0	0	0		0
Jauan Jennings	WR	3	0	0	0	0	0	175	3	11	0	0	0	0	0	0		0
Brandon Aiyuk	WR	3	0	0	0	0	0	48	0	5	0	0	0	0	0	0		0
Laviska Shenault Jr.	WR	3	0	0	0	0	0	2	0	1	0	0	0	0	0	0		0
D'Andre Swift	RB	3	0	0	0	20	0	22	0	2	0	0	0	0	0	0		0
Cole Kmet	TE	3	0	0	0	0	0	97	1	10	0	0	0	0	0	0		0
Darnell Mooney	WR	3	0	0	0	0	0	66	0	8	0	0	0	0	0	0		0
Justin Jefferson	WR	3	0	0	0	0	0	81	1	6	0	0	0	0	0	0		0
Antonio Gibson	RB	3	0	0	0	29	0	8	0	3	0	0	0	0	0	0		0
Devin Duvernay	WR	3	0	0	0	0	0	-1	0	1	0	0	0	0	0	0		0
Josiah Deguara	TE	3	0	0	0	0	0	8	0	1	0	0	0	0	0	0		0
Justin Herbert	QB	3	125	1	0	0	0	0	0	0	0	0	0	0	0	0		0
CeeDee Lamb	WR	3	0	0	0	0	0	67	0	4	0	0	1	0	0	0		0
Jalen Hurts	QB	3	311	0	1	25	0	0	0	0	1	0	0	0	0	0		0
Jerry Jeudy	WR	3	0	0	0	0	0	27	0	4	0	0	0	0	0	1		0
Tee Higgins	WR	3	0	0	0	0	0	39	0	3	0	0	0	0	0	0		0
Cam Akers	RB	3	0	0	0	21	0	8	1	1	0	0	0	0	0	0		0
Adam Trautman	TE	3	0	0	0	0	0	13	0	1	0	0	0	0	0	0		0
DeeJay Dallas	RB	3	0	0	0	0	0	0	0	0	0	0	0	0	0	0		0
Tyler Johnson	WR	3	0	0	0	0	0	20	0	3	0	0	0	0	0	0		0
Joe Burrow	QB	3	324	3	0	4	0	0	0	0	0	0	0	0	0	0		0
DJ Turner	WR	3	0	0	0	0	0	0	0	0	0	0	0	0	0	0		0
Rashod Bateman	WR	3	0	0	0	0	0	28	1	3	0	0	0	0	0	0		0
Nico Collins	WR	3	0	0	0	0	0	86	0	4	0	0	0	0	0	0		0
Chuba Hubbard	RB	3	0	0	0	114	0	55	1	5	0	0	0	0	0	0		0
Jaylen Waddle	WR	3	0	0	0	0	0	26	0	4	0	0	0	0	0	0		0
Dee Eskridge	WR	3	0	0	0	0	0	30	0	1	0	0	0	0	0	0		0
Dyami Brown	WR	3	0	0	0	0	0	16	0	2	0	0	0	0	0	0		0
Ihmir Smith-Marsette	WR	3	0	0	0	0	0	0	0	0	0	0	0	0	0	0		0
Noah Gray	TE	3	0	0	0	0	0	13	0	1	0	0	0	0	0	0		0
Simi Fehoko	WR	3	0	0	0	0	0	17	0	1	0	0	0	0	0	0		0
Jack Stoll	TE	3	0	0	0	0	0	0	0	0	0	0	0	0	0	0		0
Brock Wright	TE	3	0	0	0	0	0	34	0	4	0	0	0	0	0	0		0
Tutu Atwell	WR	3	0	0	0	0	0	93	0	4	0	0	0	0	0	0		0
Evan McPherson	PK	3	0	0	0	0	0	0	0	0	0	0	0	0	0	0	28;31	3
Rhamondre Stevenson	RB	3	0	0	0	23	0	0	0	0	0	1	0	0	0	0		0
Kylen Granson	TE	3	0	0	0	0	0	40	0	1	0	0	0	0	0	0		0
Luke Farrell	TE	3	0	0	0	0	0	1	0	1	0	0	0	0	0	0		0
Najee Harris	RB	3	0	0	0	70	0	16	0	5	0	0	0	0	0	0		0
Pat Freiermuth	TE	3	0	0	0	0	0	33	0	4	0	0	0	0	0	0		0
Davis Mills	QB	3	79	0	0	0	0	0	0	0	0	0	0	0	0	0		0
Ja'Marr Chase	WR	3	0	0	0	0	0	118	2	6	0	0	0	0	0	0		0
Khalil Herbert	RB	3	0	0	0	9	0	0	0	0	0	0	0	0	0	0		0
DeVonta Smith	WR	3	0	0	0	0	0	79	0	7	0	0	0	0	0	0		0
Kenny Gainwell	RB	3	0	0	0	0	0	12	0	2	0	0	0	0	0	0		0
Justin Fields	QB	3	245	1	1	6	1	0	0	0	0	0	0	0	0	0		0
Avery Williams	RB	3	0	0	0	0	0	0	0	0	0	0	0	0	0	0		0
Amon-Ra St. Brown	WR	3	0	0	0	0	0	75	1	7	0	0	0	0	0	0		0
Kyle Pitts	TE	3	0	0	0	0	0	59	0	2	0	0	0	0	0	0		0
Trevor Lawrence	QB	3	178	1	1	3	0	0	0	0	0	0	0	0	0	0		0
Mac Jones	QB	3	22	0	0	0	0	0	0	0	1	0	0	0	0	0		0
Travis Etienne	RB	3	0	0	0	68	0	17	0	4	0	0	0	0	0	0		0
Elijah Moore	WR	3	0	0	0	0	0	17	0	2	0	0	0	0	0	0		0
Trey Sermon	RB	3	0	0	0	16	1	0	0	0	0	0	0	0	0	0		0
Javonte Williams	RB	3	0	0	0	12	0	29	0	4	0	1	0	0	0	0		0
Hunter Long	TE	3	0	0	0	0	0	0	0	0	0	0	0	0	0	0		0
Tommy Tremble	TE	3	0	0	0	0	0	29	0	3	0	0	0	0	0	0		0
Tyler Badie	RB	3	0	0	0	70	0	0	0	0	0	0	0	0	0	0		0
Grant Calcaterra	TE	3	0	0	0	0	0	0	0	0	0	0	0	0	0	0		0
Bo Melton	WR	3	0	0	0	0	0	0	0	0	0	0	0	0	0	0		0
Tyler Goodson	RB	3	0	0	0	0	0	0	0	0	0	0	0	0	0	0		0
Britain Covey	WR	3	0	0	0	0	0	11	0	1	0	0	0	0	0	0		0
Irvin Charles	WR	3	0	0	0	0	0	0	0	0	0	0	0	0	0	0		0
Cameron Dicker	PK	3	0	0	0	0	0	0	0	0	0	0	0	0	0	0	28	1
Jaylen Warren	RB	3	0	0	0	5	0	-4	0	1	0	0	0	0	0	0		0
Drake London	WR	3	0	0	0	0	0	67	1	6	0	0	0	0	0	0		0
Chris Olave	WR	3	0	0	0	0	0	86	1	6	0	0	0	0	0	0		0
Jameson Williams	WR	3	0	0	0	-7	0	9	0	1	0	0	0	0	0	0		0
George Pickens	WR	3	0	0	0	0	0	57	0	5	0	0	0	0	0	0		0
James Cook	RB	3	0	0	0	39	1	48	0	4	0	0	0	0	0	0		0
Rachaad White	RB	3	0	0	0	17	0	18	0	5	0	0	0	0	0	0		0
Khalil Shakir	WR	3	0	0	0	0	0	72	1	6	0	0	0	0	0	0		0
Tyler Allgeier	RB	3	0	0	0	32	0	0	0	0	0	0	0	0	0	0		0
Jerome Ford	RB	3	0	0	0	37	0	33	0	3	0	0	0	0	0	0		0
Ty Chandler	RB	3	0	0	0	13	0	0	0	0	0	0	0	0	0	0		0
Jalen Nailor	WR	3	0	0	0	3	0	31	1	3	0	0	0	0	0	0		0
Andrew Ogletree	TE	3	0	0	0	0	0	0	0	0	0	0	0	0	0	0		0
Keaontay Ingram	RB	3	0	0	0	0	0	0	0	0	0	0	0	0	0	0		0
Skylar Thompson	QB	3	107	0	0	0	0	0	0	0	0	0	0	0	0	0		0
Tanner Conner	TE	3	0	0	0	0	0	1	0	1	0	0	0	0	0	0		0
Raheem Blackshear	RB	3	0	0	0	0	0	0	0	0	0	0	0	0	0	0		0
Rod Williams	TE	3	0	0	0	0	0	0	0	0	0	0	0	0	0	0		0
Stone Smartt	TE	3	0	0	0	0	0	0	0	0	0	0	0	0	0	0		0
Jordan Mason	RB	3	0	0	0	77	0	11	0	2	0	0	0	0	0	0		0
Rashid Shaheed	WR	3	0	0	0	0	0	0	0	0	0	0	0	0	0	0		0
Ronnie Rivers	RB	3	0	0	0	9	0	0	0	0	0	0	0	0	0	0		0
Alec Pierce	WR	3	0	0	0	0	0	44	0	1	0	0	0	0	0	0		0
Jalen Tolbert	WR	3	0	0	0	0	0	42	1	3	0	0	0	0	0	0		0
Brandon Aubrey	PK	3	0	0	0	0	0	0	0	0	0	0	0	0	0	0	65;51	1
Garrett Wilson	WR	3	0	0	0	0	0	33	1	5	0	0	0	0	0	0		0
Jahan Dotson	WR	3	0	0	0	0	0	8	0	2	0	0	0	0	0	0		0
Treylon Burks	WR	3	0	0	0	0	0	9	0	1	0	0	0	0	0	0		0
Trey McBride	TE	3	0	0	0	0	0	25	0	3	0	0	0	0	0	0		0
Brian Robinson	RB	3	0	0	0	33	1	4	0	1	0	0	0	0	0	0		0
KaVontae Turpin	WR	3	0	0	0	1	0	51	1	3	0	0	0	0	0	0		0
Jeremy Ruckert	TE	3	0	0	0	0	0	15	0	2	0	0	0	0	0	0		0
Chig Okonkwo	TE	3	0	0	0	0	0	15	0	2	0	0	0	0	0	0		0
Romeo Doubs	WR	3	0	0	0	0	0	18	0	1	0	0	0	0	0	0		0
Brock Purdy	QB	3	292	3	0	41	0	0	0	0	1	0	0	0	0	0		0
Calvin Austin III	WR	3	0	0	0	0	0	95	1	4	0	0	0	0	0	0		0
Isaiah Likely	TE	3	0	0	0	0	0	4	0	1	0	0	0	0	0	0		0
Kyren Williams	RB	3	0	0	0	89	2	27	1	2	0	0	0	0	0	0		0
Zamir White	RB	3	0	0	0	34	0	0	0	0	0	0	0	0	0	0		0
Jake Ferguson	TE	3	0	0	0	0	0	95	0	6	0	0	0	0	0	0		0
Charlie Kolar	TE	3	0	0	0	0	0	30	0	1	0	0	0	0	0	0		0
Erik Ezukanma	WR	3	0	0	0	0	0	0	0	0	0	0	0	0	0	0		0
Tyquan Thornton	WR	3	0	0	0	0	0	0	0	0	0	0	0	0	0	0		0
Daniel Bellinger	TE	3	0	0	0	0	0	17	0	1	0	0	0	0	0	0		0
Wan'Dale Robinson	WR	3	0	0	0	0	0	61	0	7	0	0	0	0	0	0		0
Breece Hall	RB	3	0	0	0	54	1	29	0	4	0	0	0	0	0	0		0
Christian Watson	WR	3	0	0	0	0	0	67	0	2	0	0	0	0	0	0		0
Malik Willis	QB	3	202	1	0	73	1	0	0	0	0	0	0	0	0	0		0
Cade Otton	TE	3	0	0	0	0	0	47	0	7	0	0	1	0	0	0		0
Xavier Smith	WR	3	0	0	0	0	0	0	0	0	0	0	0	0	0	0		0
Dontayvion Wicks	WR	3	0	0	0	0	0	0	0	0	0	0	0	0	0	0		0
Eric Gray	RB	3	0	0	0	0	0	0	0	0	0	0	0	0	0	0		0
Bryce Ford-Wheaton	WR	3	0	0	0	0	0	0	0	0	0	0	0	0	0	0		0
Xavier Gipson	WR	3	0	0	0	0	0	16	0	2	0	0	0	0	0	0		0
Bijan Robinson	RB	3	0	0	0	31	1	21	0	2	0	0	0	0	0	0		0
Jaxon Smith-Njigba	WR	3	0	0	0	0	0	39	0	3	0	0	0	0	0	0		0
Quentin Johnston	WR	3	0	0	0	0	0	44	1	2	0	0	0	0	0	0		0
Luke Schoonmaker	TE	3	0	0	0	0	0	5	0	1	0	0	0	0	0	0		0
Tank Bigsby	RB	3	0	0	0	9	0	0	0	0	0	0	0	0	0	0		0
Michael Wilson	WR	3	0	0	0	0	0	64	0	8	0	0	0	0	0	0		0
Jake Moody	PK	3	0	0	0	0	0	0	0	0	0	0	0	0	0	0	26	3
Tre Tucker	WR	3	0	0	0	0	0	96	1	7	0	0	0	0	0	0		0
Derius Davis	WR	3	0	0	0	8	0	0	0	0	0	0	0	0	0	0		0
Aidan O'Connell	QB	3	82	1	0	0	0	0	0	0	0	0	0	0	0	0		0
Josh Whyle	TE	3	0	0	0	0	0	43	0	4	0	0	0	0	0	0		0
Chase Brown	RB	3	0	0	0	62	0	7	0	2	0	0	0	0	0	0		0
Parker Washington	WR	3	0	0	0	0	0	18	0	2	0	0	0	0	0	0		0
Kayshon Boutte	WR	3	0	0	0	0	0	2	0	1	0	0	0	0	0	0		0
Xavier Hutchinson	WR	3	0	0	0	0	0	0	0	0	0	0	0	0	0	0		0
Andrei Iosivas	WR	3	0	0	0	0	0	52	1	5	0	0	0	0	0	0		0
DeMario Douglas	WR	3	0	0	0	9	0	69	0	7	0	0	0	0	0	0		0
Deuce Vaughn	RB	3	0	0	0	5	0	8	0	1	0	0	0	0	0	0		0
Kenny McIntosh	RB	3	0	0	0	11	0	0	0	0	0	0	0	0	0	0		0
Jalen Brooks	WR	3	0	0	0	0	0	24	0	1	0	0	0	0	0	0		0
Ronnie Bell	WR	3	0	0	0	0	0	12	0	1	0	0	0	0	0	0		0
Jordan Mims	RB	3	0	0	0	0	0	0	0	0	0	0	0	0	0	0		0
Chris Brooks	RB	3	0	0	0	3	0	0	0	0	0	0	0	0	0	0		0
Emari Demercado	RB	3	0	0	0	7	0	0	0	0	0	0	0	0	0	0		0
Julian Hill	TE	3	0	0	0	0	0	24	0	2	0	0	0	0	0	0		0
Hunter Luepke	RB	3	0	0	0	0	0	41	0	2	0	0	0	0	0	0		0
Nate Adkins	TE	3	0	0	0	0	0	6	0	1	0	0	0	0	0	0		0
Jaleel McLaughlin	RB	3	0	0	0	7	1	7	0	1	0	0	0	0	0	0		0
Emanuel Wilson	RB	3	0	0	0	50	0	35	1	2	0	0	0	0	0	0		0
Blake Grupe	PK	3	0	0	0	0	0	0	0	0	0	0	0	0	0	0	34;38	0
Dalton Kincaid	TE	3	0	0	0	0	0	41	1	3	0	0	0	0	0	0		0
Brenton Strange	TE	3	0	0	0	0	0	12	1	2	0	0	0	0	0	0		0
Jalin Hyatt	WR	3	0	0	0	0	0	0	0	0	0	0	0	0	0	0		0
Sean Tucker	RB	3	0	0	0	4	0	0	0	0	0	0	0	0	0	0		0
Marvin Mims Jr.	WR	3	0	0	0	0	0	9	0	1	0	0	0	0	0	0		0
Tank Dell	WR	3	0	0	0	0	0	62	0	5	0	0	0	0	0	0		0
Cedric Tillman	WR	3	0	0	0	0	0	4	0	1	0	0	0	0	0	0		0
Tucker Kraft	TE	3	0	0	0	0	0	24	0	2	0	0	0	0	0	0		0
Josh Downs	WR	3	0	0	0	0	0	22	0	3	0	0	0	0	0	0		0
Roschon Johnson	RB	3	0	0	0	30	0	32	0	4	0	0	0	0	0	0		0
Tyjae Spears	RB	3	0	0	0	7	0	54	0	4	0	0	0	0	0	0		0
De'Von Achane	RB	3	0	0	0	30	0	28	0	3	0	0	0	0	0	0		0
Elijah Higgins	TE	3	0	0	0	0	0	11	0	1	0	0	0	0	0	0		0
Payne Durham	TE	3	0	0	0	0	0	8	0	1	0	0	0	0	0	0		0
Trey Palmer	WR	3	0	0	0	0	0	0	0	0	0	0	0	0	0	0		0
Jonathan Mingo	WR	3	0	0	0	2	0	18	0	3	0	0	0	0	0	0		0
Zay Flowers	WR	3	0	0	0	3	0	20	0	3	0	0	0	0	0	0		0
Sam LaPorta	TE	3	0	0	0	0	0	36	0	2	0	0	0	0	0	0		0
Michael Mayer	TE	3	0	0	0	0	0	7	0	1	0	0	0	0	0	0		0
Rashee Rice	WR	3	0	0	0	1	0	110	1	12	0	0	0	0	0	0		0
Jahmyr Gibbs	RB	3	0	0	0	83	0	20	1	0	0	0	0	0	0	0		0
Luke Musgrave	TE	3	0	0	0	0	0	3	0	1	0	0	0	0	0	0		0
Jayden Reed	WR	3	0	0	0	19	0	50	0	4	0	0	0	0	0	0		0
Will Levis	QB	3	260	2	2	12	0	0	0	0	1	0	0	0	0	0		0
C.J. Stroud	QB	3	215	1	2	12	0	0	0	0	0	0	0	0	0	0		0
Anthony Richardson	QB	3	167	0	2	24	0	0	0	0	0	0	0	0	0	0		0
Zach Charbonnet	RB	3	0	0	0	91	2	16	0	3	0	0	0	0	0	0		0
Jake Bates	PK	3	0	0	0	0	0	0	0	0	0	0	0	0	0	0		2
Johnny Wilson	WR	3	0	0	0	0	0	9	0	1	0	0	0	0	0	0		0
Carson Steele	RB	3	0	0	0	72	0	2	0	1	0	0	0	0	0	0		0
Malik Nabers	WR	3	0	0	0	4	0	78	2	8	0	0	0	0	0	0		0
Brock Bowers	TE	3	0	0	0	0	0	41	0	3	0	0	0	0	0	0		0
Xavier Legette	WR	3	0	0	0	0	0	42	0	2	0	0	0	0	0	0		0
Luke McCaffrey	WR	3	0	0	0	0	0	44	0	3	0	0	0	0	0	0		0
Ja'Tavion Sanders	TE	3	0	0	0	0	0	0	0	0	0	0	0	0	0	0		0
Cade Stover	TE	3	0	0	0	0	0	0	0	0	0	0	0	0	0	0		0
Bucky Irving	RB	3	0	0	0	70	0	14	0	3	0	0	0	0	0	0		0
Isaac Guerendo	RB	3	0	0	0	19	0	0	0	0	0	0	0	0	0	0		0
Jacob Cowing	WR	3	0	0	0	0	0	0	0	0	0	0	0	0	0	0		0
Tyrone Tracy Jr.	RB	3	0	0	0	23	0	17	0	2	0	0	0	0	0	0		0
Jha'Quan Jackson	WR	3	0	0	0	0	0	0	0	0	0	0	0	0	0	0		0
Will Reichard	PK	3	0	0	0	0	0	0	0	0	0	0	0	0	0	0	35;58	4
Cam Little	PK	3	0	0	0	0	0	0	0	0	0	0	0	0	0	0	41	1
Brevyn Spann-Ford	TE	3	0	0	0	0	0	0	0	0	0	0	0	0	0	0		0
British Brooks	RB	3	0	0	0	2	0	0	0	0	0	0	0	0	0	0		0
Mason Tipton	WR	3	0	0	0	0	0	11	0	2	0	0	0	0	0	0		0
Brayden Narveson	PK	3	0	0	0	0	0	0	0	0	0	0	0	0	0	0	21;26;47	3
Bo Nix	QB	3	216	0	0	47	1	0	0	0	0	0	0	0	0	0		0
Tip Reiman	TE	3	0	0	0	0	0	0	0	0	0	0	0	0	0	0		0
Will Shipley	RB	3	0	0	0	0	0	0	0	0	0	0	0	0	0	0		0
Joshua Karty	PK	3	0	0	0	0	0	0	0	0	0	0	0	0	0	0	33;37	3
Jordan Whittington	WR	3	0	0	0	0	0	28	0	3	0	0	0	0	0	0		0
AJ Barner	TE	3	0	0	0	0	0	13	0	3	0	0	0	0	0	0		0
Braelon Allen	RB	3	0	0	0	55	0	13	0	3	0	0	0	0	0	0		0
Isaiah Davis	RB	3	0	0	0	6	0	0	0	0	0	0	0	0	0	0		0
Erick All	TE	3	0	0	0	0	0	22	0	4	0	0	0	0	0	0		0
Anthony Gould	WR	3	0	0	0	0	0	0	0	0	0	0	0	0	0	0		0
Theo Johnson	TE	3	0	0	0	0	0	13	0	1	0	0	0	0	0	0		0
Marvin Harrison Jr.	WR	3	0	0	0	0	0	64	1	5	0	0	0	0	0	0		0
Drake Maye	QB	3	22	0	0	12	0	0	0	0	0	0	0	0	0	0		0
Jalen McMillan	WR	3	0	0	0	0	0	6	0	1	0	0	0	0	0	0		0
Troy Franklin	WR	3	0	0	0	0	0	11	0	2	0	0	0	0	0	0		0
Jaylen Wright	RB	3	0	0	0	17	0	0	0	0	0	0	0	0	0	0		0
Ray Davis	RB	3	0	0	0	22	1	1	0	1	0	0	0	0	0	0		0
Adonai Mitchell	WR	3	0	0	0	0	0	0	0	0	0	0	0	0	0	0		0
Brian Thomas Jr.	WR	3	0	0	0	0	0	48	0	5	0	0	0	0	0	0		0
Xavier Worthy	WR	3	0	0	0	13	0	17	0	2	0	0	0	0	0	0		0
Keon Coleman	WR	3	0	0	0	0	0	24	1	1	0	0	0	0	0	0		0
Ja'Lynn Polk	WR	3	0	0	0	0	0	13	0	2	0	0	0	0	0	0		0
Jayden Daniels	QB	3	254	2	0	39	1	0	0	0	0	0	0	0	0	0		0
Ladd McConkey	WR	3	0	0	0	0	0	44	0	3	0	0	0	0	0	0		0
Caleb Williams	QB	3	363	2	2	8	0	0	0	0	1	0	0	0	0	0		0
Rome Odunze	WR	3	0	0	0	2	0	112	1	6	0	0	0	0	0	0		0
Trey Benson	RB	3	0	0	0	8	0	0	0	0	0	0	0	0	0	0		0
Aaron Rodgers	QB	4	225	0	0	26	0	0	0	0	0	0	0	0	0	0		0
Matt Prater	PK	4	0	0	0	0	0	0	0	0	0	0	0	0	0	0		2
Nick Folk	PK	4	0	0	0	0	0	0	0	0	0	0	0	0	0	0	53;52;47;51;29	2
Joe Flacco	QB	4	168	2	0	3	0	0	0	0	0	0	0	0	0	0		0
Josh Johnson	QB	4	1	0	0	0	0	0	0	0	0	0	0	0	0	0		0
Matthew Stafford	QB	4	224	0	1	-1	0	0	0	0	1	0	0	0	0	0		0
Andy Dalton	QB	4	220	2	1	9	0	0	0	0	0	0	0	0	0	0		0
Justin Tucker	PK	4	0	0	0	0	0	0	0	0	0	0	0	0	0	0		5
Kirk Cousins	QB	4	238	0	1	0	0	0	0	0	0	0	0	0	0	0		0
Greg Zuerlein	PK	4	0	0	0	0	0	0	0	0	0	0	0	0	0	0	23;35;40	0
Zach Ertz	TE	4	0	0	0	0	0	22	0	3	0	0	0	0	0	1		0
Dustin Hopkins	PK	4	0	0	0	0	0	0	0	0	0	0	0	0	0	0	56	1
Keenan Allen	WR	4	0	0	0	0	0	19	0	3	0	0	0	0	0	0		0
Robert Woods	WR	4	0	0	0	0	0	10	0	1	0	0	0	0	0	0		0
Travis Kelce	TE	4	0	0	0	0	0	89	0	7	0	0	0	0	0	0		0
DeAndre Hopkins	WR	4	0	0	0	0	0	31	0	2	0	0	0	0	0	0		0
Geno Smith	QB	4	395	1	1	38	0	0	0	0	0	0	0	0	0	0		0
Cordarrelle Patterson	RB	4	0	0	0	43	0	19	0	2	0	0	0	0	0	0		0
Chris Boswell	PK	4	0	0	0	0	0	0	0	0	0	0	0	0	0	0	50	3
Cairo Santos	PK	4	0	0	0	0	0	0	0	0	0	0	0	0	0	0	40	3
Brandin Cooks	WR	4	0	0	0	0	0	16	0	1	0	0	0	0	0	0		0
Derek Carr	QB	4	239	0	1	5	0	0	0	0	0	0	0	0	0	0		0
Mike Evans	WR	4	0	0	0	0	0	94	1	8	0	0	0	0	0	0		0
Chris Manhertz	TE	4	0	0	0	0	0	0	0	0	0	0	0	0	0	0		0
Jason Myers	PK	4	0	0	0	0	0	0	0	0	0	0	0	0	0	0		3
Amari Cooper	WR	4	0	0	0	0	0	35	0	4	0	0	0	0	0	0		0
Nelson Agholor	WR	4	0	0	0	0	0	10	0	2	0	0	0	0	0	0		0
Stefon Diggs	WR	4	0	0	0	6	1	69	0	5	0	0	0	0	0	0		0
DeAndre Carter	WR	4	0	0	0	0	0	0	0	0	0	0	0	0	0	0		0
Ameer Abdullah	RB	4	0	0	0	0	0	0	0	0	0	0	0	0	0	0		0
Chris Conley	WR	4	0	0	0	0	0	0	0	0	0	0	0	0	0	0		0
Tyler Lockett	WR	4	0	0	0	0	0	61	0	5	0	0	0	0	0	0		0
Sterling Shepard	WR	4	0	0	0	0	0	51	0	3	0	0	0	0	0	0		0
Austin Hooper	TE	4	0	0	0	0	0	13	1	2	0	0	0	0	0	0		0
Kalif Raymond	WR	4	0	0	0	0	0	9	0	1	0	0	0	0	0	0		0
Wil Lutz	PK	4	0	0	0	0	0	0	0	0	0	0	0	0	0	0	47	1
Ka'imi Fairbairn	PK	4	0	0	0	0	0	0	0	0	0	0	0	0	0	0	30	3
Derrick Henry	RB	4	0	0	0	199	1	10	1	3	0	0	0	0	0	0		0
Demarcus Robinson	WR	4	0	0	0	0	0	37	0	2	0	0	0	0	0	0		0
Tyler Boyd	WR	4	0	0	0	0	0	31	0	2	0	0	0	0	0	0		0
Tyreek Hill	WR	4	0	0	0	19	0	23	0	4	0	0	0	0	0	0		0
Ezekiel Elliott	RB	4	0	0	0	19	0	5	0	1	0	0	0	0	0	0		0
Dak Prescott	QB	4	221	2	0	-1	0	0	0	0	0	0	0	0	0	0		0
Hunter Henry	TE	4	0	0	0	0	0	12	0	2	0	0	0	0	0	0		0
Jared Goff	QB	4	292	2	0	-2	0	7	1	1	0	0	0	0	0	0		0
Jacoby Brissett	QB	4	168	1	1	3	0	0	0	0	1	0	0	0	0	0		0
Johnny Mundt	TE	4	0	0	0	0	0	15	0	2	0	0	0	0	0	0		0
Zach Pascal	WR	4	0	0	0	0	0	0	0	0	0	0	0	0	0	0		0
Curtis Samuel	WR	4	0	0	0	7	0	8	0	2	0	0	0	0	0	0		0
George Kittle	TE	4	0	0	0	0	0	45	1	4	0	0	0	0	0	0		0
Aaron Jones	RB	4	0	0	0	93	0	46	0	4	0	0	0	0	0	0		0
Harrison Butker	PK	4	0	0	0	0	0	0	0	0	0	0	0	0	0	0	37	2
Taysom Hill	TE	4	0	0	0	24	2	0	0	0	0	0	0	0	0	0		0
Tim Patrick	WR	4	0	0	0	0	0	52	0	2	0	0	0	0	0	0		0
Patrick Ricard	RB	4	0	0	0	0	0	0	0	0	0	0	0	0	0	0		0
Pharaoh Brown	TE	4	0	0	0	0	0	3	0	1	0	0	0	0	0	0		0
John Ross	WR	4	0	0	0	0	0	6	0	1	0	0	0	0	0	0		0
Samaje Perine	RB	4	0	0	0	14	1	0	0	0	0	0	0	0	0	0		0
Mike Williams	WR	4	0	0	0	0	0	67	0	4	0	0	0	0	0	0		0
Deshaun Watson	QB	4	176	1	1	32	0	0	0	0	0	0	0	0	0	0		0
James Conner	RB	4	0	0	0	104	1	9	0	1	0	0	0	0	0	0		0
Mack Hollins	WR	4	0	0	0	0	0	5	0	1	0	0	0	0	0	0		0
Noah Brown	WR	4	0	0	0	0	0	26	0	3	0	0	0	0	0	0		0
Younghoe Koo	PK	4	0	0	0	0	0	0	0	0	0	0	0	0	0	0	53;44;42;58	2
Jake Elliott	PK	4	0	0	0	0	0	0	0	0	0	0	0	0	0	0		2
Dare Ogunbowale	RB	4	0	0	0	7	0	47	1	4	0	0	0	0	0	0		0
Jonnu Smith	TE	4	0	0	0	0	0	0	0	0	0	0	0	0	0	0		0
Mitchell Trubisky	QB	4	2	0	0	0	0	0	0	0	0	0	0	0	0	0		0
Patrick Mahomes	QB	4	245	1	1	12	0	0	0	0	0	0	0	0	0	0		0
Alvin Kamara	RB	4	0	0	0	77	1	42	0	7	0	0	0	0	0	0		0
Chris Godwin Jr.	WR	4	0	0	0	0	0	69	0	6	0	0	0	0	0	0		0
Kareem Hunt	RB	4	0	0	0	69	0	16	0	2	0	0	0	0	0	0		0
D'Onta Foreman	RB	4	0	0	0	2	0	5	0	1	0	0	0	0	0	0		0
Josh Reynolds	WR	4	0	0	0	0	0	0	0	0	0	0	0	0	0	0		0
Jamaal Williams	RB	4	0	0	0	11	0	8	0	2	0	0	0	0	0	0		0
Jeremy McNichols	RB	4	0	0	0	68	2	6	0	1	0	0	0	0	0	0		0
Will Dissly	TE	4	0	0	0	0	0	24	0	2	0	0	0	0	0	0		0
Daniel Carlson	PK	4	0	0	0	0	0	0	0	0	0	0	0	0	0	0	52;34	2
Eddy Pineiro	PK	4	0	0	0	0	0	0	0	0	0	0	0	0	0	0	48	3
Gus Edwards	RB	4	0	0	0	19	0	0	0	0	0	0	0	0	0	0		0
Tyler Conklin	TE	4	0	0	0	0	0	17	0	4	0	0	0	0	0	0		0
Marquez Valdes-Scantling	WR	4	0	0	0	0	0	0	0	0	0	0	0	0	0	0		0
Courtland Sutton	WR	4	0	0	0	0	0	60	1	3	0	0	0	0	0	0		0
Dallas Goedert	TE	4	0	0	0	0	0	62	0	7	0	0	0	0	0	0		0
Jordan Akins	TE	4	0	0	0	0	0	10	0	1	0	0	0	0	0	0		0
Dalton Schultz	TE	4	0	0	0	0	0	34	0	3	0	0	0	0	0	0		0
Justin Watson	WR	4	0	0	0	0	0	27	0	2	0	0	0	0	0	0		0
Ray-Ray McCloud	WR	4	0	0	0	0	0	52	0	6	0	0	0	0	0	0		0
Braxton Berrios	WR	4	0	0	0	0	0	0	0	0	0	0	0	0	0	0		0
Greg Joseph	PK	4	0	0	0	0	0	0	0	0	0	0	0	0	0	0	52;41;38;22;42	0
Trent Sherfield	WR	4	0	0	0	0	0	8	0	1	0	0	0	0	0	0		0
Allen Lazard	WR	4	0	0	0	0	0	58	0	5	0	0	0	0	0	0		0
Brandon Powell	WR	4	0	0	0	0	0	0	0	0	0	0	0	0	0	0		0
Mark Andrews	TE	4	0	0	0	0	0	0	0	0	0	0	0	0	0	0		0
Mason Rudolph	QB	4	85	0	0	0	0	0	0	0	0	0	0	0	0	0		0
Christian Kirk	WR	4	0	0	0	0	0	61	1	7	0	0	0	0	0	0		0
Jason Sanders	PK	4	0	0	0	0	0	0	0	0	0	0	0	0	0	0	44;56	0
Lamar Jackson	QB	4	156	2	0	54	1	0	0	0	0	1	0	0	0	0		0
DJ Moore	WR	4	0	0	0	0	0	22	1	3	0	0	0	0	0	0		0
Mike Gesicki	TE	4	0	0	0	0	0	-9	0	1	0	0	0	0	0	0		0
Hayden Hurst	TE	4	0	0	0	0	0	6	0	1	0	0	0	0	0	0		0
Calvin Ridley	WR	4	0	0	0	10	0	5	0	1	0	0	0	0	0	0		0
Saquon Barkley	RB	4	0	0	0	84	0	32	0	2	0	0	0	0	0	0		0
KhaDarel Hodge	WR	4	0	0	0	0	0	0	0	0	0	0	0	0	0	0		0
Baker Mayfield	QB	4	347	2	0	10	1	0	0	0	0	0	0	0	0	0		0
Josh Allen	QB	4	180	0	0	21	0	0	0	0	1	0	0	0	0	0		0
Sam Darnold	QB	4	275	3	1	15	0	0	0	0	1	0	0	0	0	0		0
Steven Sims	WR	4	0	0	0	0	0	0	0	0	0	0	0	0	0	0		0
Jakobi Meyers	WR	4	0	0	0	0	0	49	0	5	0	0	0	0	0	0		0
Alexander Mattison	RB	4	0	0	0	60	0	0	0	0	0	0	0	0	0	0		0
Justice Hill	RB	4	0	0	0	18	0	78	1	6	0	0	0	0	0	0		0
Mecole Hardman	WR	4	0	0	0	0	0	0	0	0	0	0	0	0	0	0		0
Austin Seibert	PK	4	0	0	0	0	0	0	0	0	0	0	0	0	0	0	45;38	4
Joey Slye	PK	4	0	0	0	0	0	0	0	0	0	0	0	0	0	0	63;54	1
Olamide Zaccheaus	WR	4	0	0	0	0	0	85	0	6	0	0	0	0	0	0		0
Deonte Harty	WR	4	0	0	0	0	0	0	0	0	0	0	0	0	0	0		0
Diontae Johnson	WR	4	0	0	0	0	0	83	1	7	0	0	0	0	0	0		0
Kyler Murray	QB	4	142	1	0	3	0	0	0	0	0	0	0	0	0	0		0
Miles Sanders	RB	4	0	0	0	32	0	14	0	3	0	0	0	0	0	0		0
Josh Oliver	TE	4	0	0	0	0	0	10	1	2	0	0	0	0	0	0		0
Devin Singletary	RB	4	0	0	0	24	0	14	0	1	0	0	0	0	0	0		0
Tony Pollard	RB	4	0	0	0	88	1	20	0	2	0	0	0	0	0	0		0
Matt Gay	PK	4	0	0	0	0	0	0	0	0	0	0	0	0	0	0	33;35	3
Gardner Minshew	QB	4	130	0	0	-2	0	0	0	0	0	0	0	0	0	0		0
Trayveon Williams	RB	4	0	0	0	0	0	0	0	0	0	0	0	0	0	0		0
Myles Gaskin	RB	4	0	0	0	0	0	0	0	0	0	0	0	0	0	0		0
Chase McLaughlin	PK	4	0	0	0	0	0	0	0	0	0	0	0	0	0	0	21;52	3
Lil'Jordan Humphrey	WR	4	0	0	0	0	0	0	0	0	0	0	0	0	0	0		0
Greg Dortch	WR	4	0	0	0	0	0	38	0	4	0	0	0	0	0	0		0
Darius Slayton	WR	4	0	0	0	0	0	56	0	3	0	0	0	0	0	0		0
Ty Johnson	RB	4	0	0	0	3	1	0	0	0	0	0	0	0	0	0		0
Alex Bachman	WR	4	0	0	0	0	0	0	0	0	0	0	0	0	0	0		0
D'Ernest Johnson	RB	4	0	0	0	0	0	0	0	0	0	0	0	0	0	0		0
Drew Sample	TE	4	0	0	0	0	0	0	0	1	0	0	0	0	0	0		0
Parris Campbell	WR	4	0	0	0	0	0	17	1	4	0	0	0	0	0	0		0
DK Metcalf	WR	4	0	0	0	0	0	104	0	7	0	0	1	0	0	0		0
Noah Fant	TE	4	0	0	0	0	0	26	0	2	0	0	0	0	0	0		0
Terry McLaurin	WR	4	0	0	0	0	0	52	1	7	0	0	0	0	0	0		0
David Montgomery	RB	4	0	0	0	40	1	40	0	1	0	0	0	0	0	0		0
Dawson Knox	TE	4	0	0	0	0	0	0	0	1	0	0	0	0	0	0		0
Josh Jacobs	RB	4	0	0	0	51	0	27	0	4	0	0	0	0	0	0		0
Daniel Jones	QB	4	281	0	1	3	0	0	0	0	0	0	0	0	0	0		0
Deebo Samuel Sr.	WR	4	0	0	0	14	0	58	0	3	0	0	0	0	0	0		0
JaMycal Hasty	RB	4	0	0	0	15	0	0	0	0	0	0	0	0	0	0		0
Patrick Taylor	RB	4	0	0	0	0	0	0	0	0	0	0	0	0	0	0		0
Tyler Huntley	QB	4	96	0	0	40	1	0	0	0	0	1	0	0	0	0		0
Juwan Johnson	TE	4	0	0	0	0	0	13	0	2	0	0	0	0	0	0		0
J.J. Taylor	RB	4	0	0	0	18	0	0	0	0	0	0	0	0	0	0		0
James Proche	WR	4	0	0	0	0	0	3	0	1	0	0	0	0	0	0		0
Rico Dowdle	RB	4	0	0	0	46	0	15	1	1	0	0	0	0	0	0		0
J.K. Dobbins	RB	4	0	0	0	32	0	30	0	3	0	0	0	0	0	0		0
Tyler Bass	PK	4	0	0	0	0	0	0	0	0	0	0	0	0	0	0	50	1
Reggie Gilliam	RB	4	0	0	0	0	0	0	0	0	0	0	0	0	0	0		0
Gabe Davis	WR	4	0	0	0	0	0	-2	0	1	0	0	0	0	0	0		0
Jonathan Taylor	RB	4	0	0	0	88	1	20	0	3	0	0	0	0	0	0		0
Harrison Bryant	TE	4	0	0	0	0	0	21	0	2	0	0	0	0	0	0		0
Colby Parkinson	TE	4	0	0	0	0	0	33	0	4	0	0	0	0	0	0		0
Zack Moss	RB	4	0	0	0	51	0	27	1	4	0	0	0	0	0	0		0
Michael Pittman	WR	4	0	0	0	0	0	113	0	6	0	0	0	0	0	0		0
Jauan Jennings	WR	4	0	0	0	0	0	88	0	3	0	0	0	0	0	0		0
Brandon Aiyuk	WR	4	0	0	0	0	0	48	0	2	0	0	0	0	0	0		0
Jordan Love	QB	4	389	4	3	6	0	0	0	0	0	0	0	1	0	0		0
Laviska Shenault Jr.	WR	4	0	0	0	0	0	18	0	1	0	0	0	0	0	0		0
D'Andre Swift	RB	4	0	0	0	93	1	72	0	7	0	0	0	0	0	0		0
Cole Kmet	TE	4	0	0	0	0	0	34	0	3	0	0	0	0	0	0		0
Darnell Mooney	WR	4	0	0	0	0	0	56	0	3	0	0	0	0	0	0		0
Justin Jefferson	WR	4	0	0	0	0	0	85	1	6	0	0	0	0	0	0		0
Antonio Gibson	RB	4	0	0	0	12	0	67	0	3	0	0	0	0	0	0		0
Devin Duvernay	WR	4	0	0	0	0	0	0	0	0	0	0	0	0	0	0		0
K.J. Osborn	WR	4	0	0	0	0	0	3	0	1	0	0	0	0	0	0		0
Justin Herbert	QB	4	179	1	0	0	0	0	0	0	0	0	0	0	0	0		0
CeeDee Lamb	WR	4	0	0	0	8	0	98	1	7	0	0	0	0	0	0		0
Jalen Hurts	QB	4	158	1	0	20	1	0	0	0	1	0	0	0	0	0		0
Jerry Jeudy	WR	4	0	0	0	0	0	72	0	6	0	0	0	0	0	0		0
Tee Higgins	WR	4	0	0	0	0	0	60	0	6	0	0	0	0	0	0		0
Cam Akers	RB	4	0	0	0	53	0	0	0	0	0	0	0	0	0	0		0
Van Jefferson	WR	4	0	0	0	0	0	21	0	2	0	0	0	0	0	0		0
DeeJay Dallas	RB	4	0	0	0	0	0	0	0	0	0	0	0	0	0	0		0
Tyler Johnson	WR	4	0	0	0	0	0	0	0	0	0	0	0	0	0	0		0
Joe Burrow	QB	4	232	2	1	10	0	0	0	0	0	0	0	0	0	0		0
DJ Turner	WR	4	0	0	0	18	1	0	0	0	0	0	0	0	0	0		0
Rashod Bateman	WR	4	0	0	0	0	0	23	0	1	0	0	0	0	0	0		0
Nico Collins	WR	4	0	0	0	0	0	151	1	12	0	0	0	0	0	0		0
Chuba Hubbard	RB	4	0	0	0	104	1	17	0	4	0	0	0	0	0	0		0
Gary Brightwell	RB	4	0	0	0	0	0	0	0	0	0	0	0	0	0	0		0
Jaylen Waddle	WR	4	0	0	0	0	0	36	0	4	0	0	0	0	0	0		0
Dyami Brown	WR	4	0	0	0	0	0	4	0	1	0	0	0	0	0	0		0
John Bates	TE	4	0	0	0	0	0	9	0	1	0	0	0	0	0	0		0
Tylan Wallace	WR	4	0	0	0	0	0	0	0	0	0	0	0	0	0	0		0
Ihmir Smith-Marsette	WR	4	0	0	0	0	0	0	0	0	0	0	0	0	0	0		0
Noah Gray	TE	4	0	0	0	0	0	40	0	4	0	0	0	0	0	0		0
Simi Fehoko	WR	4	0	0	0	0	0	0	0	0	0	0	0	0	0	0		0
Jack Stoll	TE	4	0	0	0	0	0	4	0	1	0	0	0	0	0	0		0
Brock Wright	TE	4	0	0	0	0	0	13	0	2	0	0	0	0	0	0		0
Feleipe Franks	TE	4	0	0	0	0	0	0	0	0	0	0	0	0	0	0		0
Tutu Atwell	WR	4	0	0	0	0	0	82	0	4	0	0	0	0	0	0		0
Evan McPherson	PK	4	0	0	0	0	0	0	0	0	0	0	0	0	0	0	56;46	4
Rhamondre Stevenson	RB	4	0	0	0	43	0	19	0	4	0	1	0	0	0	0		0
Kylen Granson	TE	4	0	0	0	0	0	0	0	0	0	0	0	0	0	0		0
Luke Farrell	TE	4	0	0	0	0	0	0	0	0	0	0	0	0	0	0		0
Najee Harris	RB	4	0	0	0	19	0	54	0	3	0	0	0	0	0	0		0
Pat Freiermuth	TE	4	0	0	0	0	0	57	1	5	0	0	0	0	0	0		0
Ja'Marr Chase	WR	4	0	0	0	0	0	85	1	3	0	0	0	0	0	0		0
Kenny Gainwell	RB	4	0	0	0	9	0	0	0	0	0	0	0	0	0	0		0
Justin Fields	QB	4	312	1	0	55	2	0	0	0	1	0	0	0	0	0		0
Avery Williams	RB	4	0	0	0	0	0	0	0	0	0	0	0	0	0	0		0
Amon-Ra St. Brown	WR	4	7	1	0	0	0	45	1	6	0	0	0	0	0	0		0
Kyle Pitts	TE	4	0	0	0	0	0	0	0	0	0	0	0	0	0	0		0
Trevor Lawrence	QB	4	169	2	0	5	0	-5	0	0	0	0	0	0	0	0		0
Travis Etienne	RB	4	0	0	0	50	0	10	0	1	0	0	0	0	0	0		0
Elijah Moore	WR	4	0	0	0	0	0	11	0	1	0	0	0	0	0	0		0
Trey Sermon	RB	4	0	0	0	8	0	0	0	0	0	0	0	0	0	0		0
Josh Palmer	WR	4	0	0	0	0	0	36	0	3	0	0	0	0	0	0		0
Javonte Williams	RB	4	0	0	0	77	0	3	0	2	0	0	0	0	0	0		0
Tyler Badie	RB	4	0	0	0	0	0	-4	0	2	0	0	1	0	0	0		0
Grant Calcaterra	TE	4	0	0	0	0	0	26	0	1	0	0	0	0	0	0		0
Bo Melton	WR	4	0	0	0	0	0	28	0	1	0	0	0	0	0	0		0
Dareke Young	WR	4	0	0	0	0	0	0	0	0	0	0	0	0	0	0		0
Irvin Charles	WR	4	0	0	0	0	0	0	0	0	0	0	0	0	0	0		0
Cameron Dicker	PK	4	0	0	0	0	0	0	0	0	0	0	0	0	0	0	50	1
Drake London	WR	4	0	0	0	0	0	64	0	6	0	0	0	0	0	0		0
Chris Olave	WR	4	0	0	0	0	0	87	0	8	0	0	0	0	0	0		0
Jameson Williams	WR	4	0	0	0	0	0	80	1	2	0	0	0	0	0	0		0
George Pickens	WR	4	0	0	0	0	0	113	0	7	0	0	1	0	0	0		0
James Cook	RB	4	0	0	0	39	0	9	0	1	0	0	0	0	0	0		0
Greg Dulcich	TE	4	0	0	0	0	0	0	0	0	0	0	0	0	0	0		0
Rachaad White	RB	4	0	0	0	49	0	35	0	2	0	0	0	0	0	0		0
Khalil Shakir	WR	4	0	0	0	0	0	62	0	4	0	0	0	0	0	0		0
Tyler Allgeier	RB	4	0	0	0	60	0	20	0	2	0	0	0	0	0	0		0
Jerome Ford	RB	4	0	0	0	58	0	27	0	7	0	0	0	0	0	0		0
Ty Chandler	RB	4	0	0	0	5	0	8	0	1	0	0	0	0	0	0		0
Jalen Nailor	WR	4	0	0	0	0	0	31	0	1	0	0	0	0	0	0		0
Andrew Ogletree	TE	4	0	0	0	0	0	15	1	1	0	0	0	0	0	0		0
Tanner Conner	TE	4	0	0	0	0	0	15	0	2	0	0	0	0	0	0		0
Raheem Blackshear	RB	4	0	0	0	0	0	0	0	0	0	0	0	0	0	0		0
Tyreik McAllister	WR	4	0	0	0	11	0	0	0	0	0	0	0	0	0	0		0
Jordan Mason	RB	4	0	0	0	123	1	37	0	2	0	0	0	0	0	0		0
Rashid Shaheed	WR	4	0	0	0	14	0	83	0	8	0	0	0	0	0	0		0
Ronnie Rivers	RB	4	0	0	0	26	0	0	0	0	0	0	0	0	0	0		0
Aaron Shampklin	RB	4	0	0	0	5	0	0	0	0	0	0	0	0	0	0		0
John Metchie III	WR	4	0	0	0	0	0	7	0	1	0	0	0	0	0	0		0
Alec Pierce	WR	4	0	0	0	0	0	9	0	1	0	0	0	0	0	0		0
Jalen Tolbert	WR	4	0	0	0	0	0	24	0	3	0	0	0	0	0	0		0
Brandon Aubrey	PK	4	0	0	0	0	0	0	0	0	0	0	0	0	0	0	60;40	2
Garrett Wilson	WR	4	0	0	0	0	0	41	0	5	0	0	1	0	0	0		0
Jahan Dotson	WR	4	0	0	0	0	0	11	0	2	0	0	0	0	0	0		0
Treylon Burks	WR	4	0	0	0	0	0	13	0	1	0	0	0	0	0	0		0
Brian Robinson	RB	4	0	0	0	101	1	12	0	3	0	0	0	0	0	0		0
KaVontae Turpin	WR	4	0	0	0	0	0	0	0	0	0	0	0	0	0	0		0
Jeremy Ruckert	TE	4	0	0	0	0	0	10	0	2	0	0	0	0	0	0		0
Chig Okonkwo	TE	4	0	0	0	0	0	5	0	1	0	0	0	0	0	0		0
Romeo Doubs	WR	4	0	0	0	0	0	39	0	4	0	0	0	0	0	0		0
Brock Purdy	QB	4	288	1	1	11	0	0	0	0	0	0	0	0	0	0		0
Calvin Austin III	WR	4	0	0	0	0	0	17	0	1	0	0	0	0	0	0		0
Isaiah Likely	TE	4	0	0	0	0	0	26	0	1	0	0	0	0	0	0		0
Kyren Williams	RB	4	0	0	0	94	1	10	0	4	0	0	0	0	0	0		0
Zamir White	RB	4	0	0	0	50	0	0	0	0	0	1	0	0	0	0		0
Jake Ferguson	TE	4	0	0	0	0	0	49	0	7	0	0	0	0	0	0		0
Charlie Kolar	TE	4	0	0	0	0	0	0	0	0	0	0	0	0	0	0		0
Skyy Moore	WR	4	0	0	0	0	0	0	0	0	0	0	0	0	0	0		0
Tyquan Thornton	WR	4	0	0	0	0	0	0	0	0	0	0	0	0	0	0		0
Daniel Bellinger	TE	4	0	0	0	0	0	0	0	0	0	0	0	0	0	0		0
Wan'Dale Robinson	WR	4	0	0	0	0	0	71	0	11	0	0	0	0	0	0		0
Breece Hall	RB	4	0	0	0	4	0	14	0	2	0	0	0	0	0	0		0
Christian Watson	WR	4	0	0	0	0	0	0	0	0	0	0	0	0	0	0		0
Cade Otton	TE	4	0	0	0	0	0	52	0	6	0	0	0	0	0	0		0
Kenneth Walker III	RB	4	0	0	0	80	3	36	0	4	0	0	0	0	0	0		0
Xavier Smith	WR	4	0	0	0	0	0	0	0	0	0	0	0	0	0	0		0
Dontayvion Wicks	WR	4	0	0	0	0	0	78	2	5	0	0	0	0	0	0		0
Eric Gray	RB	4	0	0	0	1	0	0	0	0	0	0	0	0	0	0		0
Malik Heath	WR	4	0	0	0	0	0	12	0	2	0	0	0	0	0	0		0
Brady Russell	RB	4	0	0	0	0	0	0	0	0	0	0	0	0	0	0		0
Ben VanSumeren	RB	4	0	0	0	0	0	0	0	0	0	0	0	0	0	0		0
Xavier Gipson	WR	4	0	0	0	0	0	6	0	1	0	0	0	0	0	0		0
Bijan Robinson	RB	4	0	0	0	28	0	46	0	4	0	0	0	0	0	0		0
Jaxon Smith-Njigba	WR	4	0	0	0	0	0	51	0	8	0	0	0	0	0	0		0
Quentin Johnston	WR	4	0	0	0	4	0	9	0	1	0	0	0	0	0	0		0
Tank Bigsby	RB	4	0	0	0	90	0	0	0	0	0	0	0	0	0	0		0
Darnell Washington	TE	4	0	0	0	0	0	31	0	2	0	0	0	0	0	0		0
Michael Wilson	WR	4	0	0	0	0	0	38	0	3	0	0	1	0	0	0		0
Jake Moody	PK	4	0	0	0	0	0	0	0	0	0	0	0	0	0	0	22;26;41	3
Tre Tucker	WR	4	0	0	0	3	1	41	0	5	0	0	0	0	0	0		0
Derius Davis	WR	4	0	0	0	0	0	0	0	0	0	0	0	0	0	0		0
Charlie Jones	WR	4	0	0	0	0	0	0	0	0	0	0	0	0	0	0		0
Josh Whyle	TE	4	0	0	0	0	0	5	0	1	0	0	0	0	0	0		0
Chase Brown	RB	4	0	0	0	80	2	12	0	2	0	0	0	0	0	0		0
Kayshon Boutte	WR	4	0	0	0	0	0	11	0	1	0	0	0	0	0	0		0
Andrei Iosivas	WR	4	0	0	0	0	0	29	0	1	0	0	0	0	0	0		0
DeMario Douglas	WR	4	0	0	0	0	0	13	0	3	0	0	0	0	0	0		0
Kenny McIntosh	RB	4	0	0	0	0	0	0	0	0	0	0	0	0	0	0		0
Emari Demercado	RB	4	0	0	0	24	0	0	0	1	0	0	0	0	0	0		0
Blake Whiteheart	TE	4	0	0	0	0	0	13	1	3	0	0	0	0	0	0		0
Hunter Luepke	RB	4	0	0	0	8	0	14	0	2	0	0	0	0	0	0		0
Jake Bobo	WR	4	0	0	0	0	0	30	0	3	0	0	0	0	0	0		0
Nate Adkins	TE	4	0	0	0	0	0	0	0	1	0	0	0	0	0	0		0
Jaleel McLaughlin	RB	4	0	0	0	46	0	0	0	1	0	0	0	0	0	0		0
Emanuel Wilson	RB	4	0	0	0	27	0	0	0	0	0	0	0	0	0	0		0
Blake Grupe	PK	4	0	0	0	0	0	0	0	0	0	0	0	0	0	0	43	3
Dalton Kincaid	TE	4	0	0	0	0	0	47	0	5	0	0	0	0	0	0		0
Brenton Strange	TE	4	0	0	0	0	0	19	0	3	0	0	0	0	0	0		0
Jalin Hyatt	WR	4	0	0	0	0	0	0	0	0	0	0	0	0	0	0		0
Sean Tucker	RB	4	0	0	0	3	0	14	0	1	0	0	0	0	0	0		0
Marvin Mims Jr.	WR	4	0	0	0	0	0	0	0	0	0	0	0	0	0	0		0
Jordan Addison	WR	4	0	0	0	7	1	72	1	3	0	0	0	0	0	0		0
Tucker Kraft	TE	4	0	0	0	0	0	53	1	6	0	0	1	0	0	1		0
Josh Downs	WR	4	0	0	0	0	0	82	1	8	0	0	0	0	0	0		0
Roschon Johnson	RB	4	0	0	0	26	1	0	0	0	0	0	0	0	0	0		0
Tyjae Spears	RB	4	0	0	0	39	1	0	0	2	0	0	0	0	0	0		0
De'Von Achane	RB	4	0	0	0	15	0	14	0	3	0	0	0	0	0	0		0
Elijah Higgins	TE	4	0	0	0	0	0	12	0	2	0	0	0	0	0	0		0
Payne Durham	TE	4	0	0	0	0	0	0	0	0	0	0	0	0	0	0		0
Trey Palmer	WR	4	0	0	0	0	0	26	1	3	0	0	0	0	0	0		0
Jonathan Mingo	WR	4	0	0	0	0	0	24	0	3	0	0	0	0	0	0		0
Zay Flowers	WR	4	0	0	0	0	0	10	0	1	0	0	0	0	0	0		0
Sam LaPorta	TE	4	0	0	0	0	0	53	0	4	0	0	0	0	0	0		0
Rashee Rice	WR	4	0	0	0	0	0	0	0	0	0	0	0	0	0	0		0
Jahmyr Gibbs	RB	4	0	0	0	78	2	0	0	0	0	0	0	0	0	0		0
Luke Musgrave	TE	4	0	0	0	0	0	13	0	3	0	0	0	0	0	0		0
Jayden Reed	WR	4	0	0	0	2	0	139	1	7	0	0	0	0	0	0		0
Will Levis	QB	4	25	0	1	5	0	0	0	0	0	0	0	0	0	0		0
C.J. Stroud	QB	4	345	2	0	17	0	0	0	0	0	0	0	0	0	0		0
Anthony Richardson	QB	4	71	0	0	24	0	0	0	0	0	0	0	0	0	0		0
Zach Charbonnet	RB	4	0	0	0	15	0	39	0	5	0	0	0	0	0	0		0
Jake Bates	PK	4	0	0	0	0	0	0	0	0	0	0	0	0	0	0		6
Johnny Wilson	WR	4	0	0	0	0	0	0	0	0	0	0	0	0	0	0		0
Carson Steele	RB	4	0	0	0	6	0	0	0	1	0	1	0	0	0	0		0
Malik Nabers	WR	4	0	0	0	-4	0	115	0	12	0	0	0	0	0	0		0
Brock Bowers	TE	4	0	0	0	12	0	19	0	2	0	0	0	0	0	0		0
Xavier Legette	WR	4	0	0	0	10	0	66	1	6	0	0	0	0	0	0		0
Luke McCaffrey	WR	4	0	0	0	0	0	17	0	1	0	0	0	0	0	0		0
Ja'Tavion Sanders	TE	4	0	0	0	0	0	16	0	2	0	0	0	0	0	0		0
Cade Stover	TE	4	0	0	0	0	0	27	0	1	0	0	0	0	0	0		0
Bucky Irving	RB	4	0	0	0	49	1	6	0	1	0	0	0	0	0	0		0
Isaac Guerendo	RB	4	0	0	0	0	0	0	0	0	0	0	0	0	0	0		0
Jacob Cowing	WR	4	0	0	0	0	0	0	0	0	0	0	0	0	0	0		0
Tyrone Tracy Jr.	RB	4	0	0	0	2	0	19	0	1	0	0	0	0	0	0		0
Jha'Quan Jackson	WR	4	0	0	0	0	0	0	0	0	0	0	0	0	0	0		0
Will Reichard	PK	4	0	0	0	0	0	0	0	0	0	0	0	0	0	0	33	4
Cam Little	PK	4	0	0	0	0	0	0	0	0	0	0	0	0	0	0	41;52	2
Jalen Coker	WR	4	0	0	0	0	0	0	0	0	0	0	0	0	0	0		0
Brevyn Spann-Ford	TE	4	0	0	0	0	0	0	0	0	0	0	0	0	0	0		0
Kameron Johnson	WR	4	0	0	0	0	0	0	0	0	0	0	0	0	0	0		0
Mason Tipton	WR	4	0	0	0	0	0	6	0	1	0	0	0	0	0	0		0
Brayden Narveson	PK	4	0	0	0	0	0	0	0	0	0	0	0	0	0	0		3
Colson Yankoff	TE	4	0	0	0	0	0	0	0	0	0	0	0	0	0	0		0
Bo Nix	QB	4	60	1	0	3	0	0	0	0	0	0	0	0	0	0		0
Will Shipley	RB	4	0	0	0	0	0	0	0	0	0	0	0	0	0	0		0
Joshua Karty	PK	4	0	0	0	0	0	0	0	0	0	0	0	0	0	0	46;37;25;52	0
Jordan Whittington	WR	4	0	0	0	0	0	62	0	6	0	0	0	0	0	0		0
AJ Barner	TE	4	0	0	0	0	0	27	1	2	0	0	0	0	0	0		0
Braelon Allen	RB	4	0	0	0	34	0	12	0	1	0	0	0	0	0	0		0
Erick All	TE	4	0	0	0	0	0	28	0	4	0	0	0	0	0	0		0
Theo Johnson	TE	4	0	0	0	0	0	6	0	1	0	0	0	0	0	0		0
Marvin Harrison Jr.	WR	4	0	0	0	0	0	45	1	5	0	0	0	0	0	0		0
Troy Franklin	WR	4	0	0	0	0	0	-2	0	2	0	0	0	0	0	0		0
Jaylen Wright	RB	4	0	0	0	32	0	0	0	0	0	0	0	0	0	0		0
Ray Davis	RB	4	0	0	0	11	0	0	0	0	0	0	0	0	0	0		0
Malik Washington	WR	4	0	0	0	0	0	8	0	1	0	0	0	0	0	0		0
Adonai Mitchell	WR	4	0	0	0	10	0	0	0	0	0	0	0	0	0	0		0
Brian Thomas Jr.	WR	4	0	0	0	13	0	86	1	6	0	0	0	0	0	0		0
Xavier Worthy	WR	4	0	0	0	0	0	73	1	3	0	0	0	0	0	0		0
Keon Coleman	WR	4	0	0	0	0	0	51	0	3	0	0	0	0	0	0		0
Ja'Lynn Polk	WR	4	0	0	0	0	0	30	0	3	0	0	0	0	0	0		0
Jayden Daniels	QB	4	233	1	1	47	1	0	0	0	0	0	0	1	0	0		0
Ben Sinnott	TE	4	0	0	0	0	0	0	0	0	0	0	0	0	0	0		0
Ladd McConkey	WR	4	0	0	0	0	0	67	1	5	0	0	0	0	0	0		0
Caleb Williams	QB	4	157	1	0	12	0	0	0	0	0	0	0	0	0	0		0
Rome Odunze	WR	4	0	0	0	0	0	10	0	1	0	0	0	0	0	0		0
Trey Benson	RB	4	0	0	0	50	0	0	0	0	0	0	0	0	0	0		0
Aaron Rodgers	QB	5	244	2	3	0	0	0	0	0	0	0	0	0	0	0		0
Joe Flacco	QB	5	359	3	0	22	0	0	0	0	1	0	0	0	0	0		0
Matthew Stafford	QB	5	260	1	1	0	0	0	0	0	0	0	0	0	0	0		0
Andy Dalton	QB	5	136	0	1	3	0	0	0	0	0	0	0	0	0	0		0
Justin Tucker	PK	5	0	0	0	0	0	0	0	0	0	0	0	0	0	0	56;24	5
Kirk Cousins	QB	5	509	4	1	0	0	0	0	0	0	0	0	0	0	0		0
Greg Zuerlein	PK	5	0	0	0	0	0	0	0	0	0	0	0	0	0	0	32	2
Zach Ertz	TE	5	0	0	0	0	0	10	0	2	0	0	0	0	0	0		0
Dustin Hopkins	PK	5	0	0	0	0	0	0	0	0	0	0	0	0	0	0	51;31	1
Keenan Allen	WR	5	0	0	0	0	0	33	0	3	0	0	0	0	0	0		0
Robert Woods	WR	5	0	0	0	0	0	0	0	0	0	0	0	0	0	0		0
Travis Kelce	TE	5	0	0	0	0	0	70	0	9	0	0	0	0	0	0		0
Geno Smith	QB	5	284	1	0	72	0	0	0	0	0	0	0	0	0	0		0
Chris Boswell	PK	5	0	0	0	0	0	0	0	0	0	0	0	0	0	0	41	2
Cairo Santos	PK	5	0	0	0	0	0	0	0	0	0	0	0	0	0	0	33	3
Odell Beckham Jr.	WR	5	0	0	0	0	0	0	0	0	0	0	0	0	0	0		0
Derek Carr	QB	5	165	2	1	0	0	0	0	0	0	0	0	0	0	0		0
Mike Evans	WR	5	0	0	0	0	0	62	2	5	0	0	0	0	0	0		0
Jason Myers	PK	5	0	0	0	0	0	0	0	0	0	0	0	0	0	0	43;48	2
Jameis Winston	QB	5	16	0	0	-3	0	0	0	0	0	0	0	0	0	0		0
Amari Cooper	WR	5	0	0	0	0	0	60	0	4	0	0	0	0	0	0		0
Nelson Agholor	WR	5	0	0	0	0	0	4	0	1	0	0	0	0	0	0		0
Stefon Diggs	WR	5	0	0	0	0	0	82	0	6	0	0	0	0	0	0		0
Raheem Mostert	RB	5	0	0	0	80	0	18	0	2	0	0	0	0	0	0		0
DeAndre Carter	WR	5	0	0	0	0	0	0	0	0	0	0	0	0	0	0		0
Ameer Abdullah	RB	5	0	0	0	42	1	9	0	3	0	0	0	0	0	0		0
Tyler Lockett	WR	5	0	0	0	0	0	75	0	4	0	0	0	0	0	0		0
Marcus Mariota	QB	5	-2	0	0	2	0	0	0	0	0	0	0	0	0	0		0
Sterling Shepard	WR	5	0	0	0	0	0	4	1	1	0	0	0	0	0	0		0
Austin Hooper	TE	5	0	0	0	0	0	9	0	1	0	0	0	0	0	0		0
Wil Lutz	PK	5	0	0	0	0	0	0	0	0	0	0	0	0	0	0	51;44	4
Ka'imi Fairbairn	PK	5	0	0	0	0	0	0	0	0	0	0	0	0	0	0	50;47;59	2
Derrick Henry	RB	5	0	0	0	92	1	4	0	1	0	0	0	0	0	0		0
Demarcus Robinson	WR	5	0	0	0	0	0	28	1	3	0	0	0	0	0	0		0
Tyreek Hill	WR	5	0	0	0	0	0	69	0	6	0	0	0	0	0	0		0
Ezekiel Elliott	RB	5	0	0	0	17	0	0	0	0	0	0	0	0	0	0		0
Dak Prescott	QB	5	352	2	2	3	0	0	0	0	1	0	0	0	0	0		0
Hunter Henry	TE	5	0	0	0	0	0	32	0	2	0	0	0	0	0	0		0
Jacoby Brissett	QB	5	160	0	0	10	0	0	0	0	0	0	0	0	0	0		0
Mo Alie-Cox	TE	5	0	0	0	0	0	37	1	2	0	0	0	0	0	0		0
Johnny Mundt	TE	5	0	0	0	0	0	31	0	2	0	0	0	0	0	0		0
Curtis Samuel	WR	5	0	0	0	-1	0	0	0	1	0	0	0	0	0	0		0
George Kittle	TE	5	0	0	0	0	0	64	1	8	0	0	0	0	0	0		0
Trent Taylor	WR	5	0	0	0	0	0	0	0	0	0	0	0	0	0	0		0
Aaron Jones	RB	5	0	0	0	29	0	24	0	1	0	0	0	0	0	0		0
Harrison Butker	PK	5	0	0	0	0	0	0	0	0	0	0	0	0	0	0	26;34;28;38	2
Kendrick Bourne	WR	5	0	0	0	0	0	6	0	1	0	0	0	0	0	0		0
Nick Mullens	QB	5	24	0	0	0	0	0	0	0	0	0	0	0	0	0		0
Patrick Ricard	RB	5	0	0	0	0	0	0	0	0	0	0	0	0	0	0		0
Pharaoh Brown	TE	5	0	0	0	0	0	7	0	1	0	0	0	0	0	0		0
Samaje Perine	RB	5	0	0	0	0	0	24	0	1	0	0	0	0	0	0		0
Mike Williams	WR	5	0	0	0	0	0	25	0	2	0	0	0	0	0	0		0
Deshaun Watson	QB	5	125	1	0	14	0	0	0	0	1	0	0	0	0	0		0
James Conner	RB	5	0	0	0	86	0	14	0	2	0	0	0	0	1	0		0
Mack Hollins	WR	5	0	0	0	0	0	27	0	2	0	0	0	0	0	0		0
David Moore	WR	5	0	0	0	0	0	13	0	2	0	0	0	0	0	0		0
Austin Ekeler	RB	5	0	0	0	67	0	30	0	2	0	0	0	0	0	0		0
Younghoe Koo	PK	5	0	0	0	0	0	0	0	0	0	0	0	0	0	0	54;48;52	3
Dare Ogunbowale	RB	5	0	0	0	30	0	57	0	6	0	0	0	0	0	0		0
JuJu Smith-Schuster	WR	5	0	0	0	0	0	130	0	7	0	0	0	0	0	0		0
Jonnu Smith	TE	5	0	0	0	-1	0	62	0	5	0	0	0	0	0	0		0
Patrick Mahomes	QB	5	331	0	1	22	0	0	0	0	0	0	0	0	0	0		0
David Njoku	TE	5	0	0	0	0	0	14	0	1	0	0	0	0	0	0		0
Gerald Everett	TE	5	0	0	0	0	0	22	0	2	0	0	0	0	0	0		0
Alvin Kamara	RB	5	0	0	0	26	0	40	0	6	0	0	0	0	0	0		0
Chris Godwin Jr.	WR	5	0	0	0	2	0	64	0	5	0	0	0	0	0	0		0
Kareem Hunt	RB	5	0	0	0	102	1	15	0	1	0	0	0	0	0	0		0
D'Onta Foreman	RB	5	0	0	0	44	0	16	0	1	0	0	0	0	0	0		0
Josh Reynolds	WR	5	0	0	0	0	0	9	1	1	0	0	0	0	0	0		0
Jamaal Williams	RB	5	0	0	0	9	0	0	0	0	0	0	0	0	0	0		0
Jeremy McNichols	RB	5	0	0	0	44	1	0	0	0	0	0	0	0	0	0		0
Daniel Carlson	PK	5	0	0	0	0	0	0	0	0	0	0	0	0	0	0	40	1
Eddy Pineiro	PK	5	0	0	0	0	0	0	0	0	0	0	0	0	0	0	27	1
Tyler Conklin	TE	5	0	0	0	0	0	55	0	6	0	0	0	0	0	0		0
Marquez Valdes-Scantling	WR	5	0	0	0	0	0	0	0	0	0	0	0	0	0	0		0
Courtland Sutton	WR	5	0	0	0	0	0	32	0	2	0	0	0	0	0	0		0
Jordan Akins	TE	5	0	0	0	0	0	22	1	3	0	0	0	0	0	0		0
Dalton Schultz	TE	5	0	0	0	0	0	34	0	4	0	0	0	0	0	0		0
Ray-Ray McCloud	WR	5	0	0	0	0	0	66	0	6	0	0	0	0	0	0		0
Cedrick Wilson Jr.	WR	5	0	0	0	0	0	0	0	0	0	0	0	0	0	0		0
Braxton Berrios	WR	5	0	0	0	0	0	0	0	0	0	0	0	0	0	0		0
Greg Joseph	PK	5	0	0	0	0	0	0	0	0	0	0	0	0	0	0	38;31;24	2
Allen Lazard	WR	5	0	0	0	0	0	34	1	4	0	0	0	0	0	0		0
Kyle Allen	QB	5	19	0	0	0	0	0	0	0	0	0	0	0	0	0		0
Brandon Powell	WR	5	0	0	0	0	0	0	0	0	0	0	0	0	0	0		0
Mark Andrews	TE	5	0	0	0	0	0	55	0	4	0	0	0	0	0	0		0
Christian Kirk	WR	5	0	0	0	0	0	88	0	4	0	0	0	0	0	0		0
Jason Sanders	PK	5	0	0	0	0	0	0	0	0	0	0	0	0	0	0	54;32;47	0
Lamar Jackson	QB	5	348	4	0	55	0	0	0	0	0	1	0	0	0	0		0
Durham Smythe	TE	5	0	0	0	0	0	0	0	0	0	0	0	0	0	0		0
DJ Moore	WR	5	0	0	0	0	0	105	2	5	0	0	0	0	0	0		0
Mike Gesicki	TE	5	0	0	0	0	0	31	0	2	0	0	0	0	0	0		0
KhaDarel Hodge	WR	5	0	0	0	0	0	67	1	2	0	0	0	0	0	0		0
Baker Mayfield	QB	5	180	3	0	42	0	0	0	0	0	0	0	0	0	0		0
Josh Allen	QB	5	131	1	0	54	0	0	0	0	0	0	0	0	0	0		0
Sam Darnold	QB	5	179	0	1	11	0	0	0	0	0	1	0	0	0	0		0
Jakobi Meyers	WR	5	0	0	0	0	0	72	0	6	0	0	0	0	0	0		0
Alexander Mattison	RB	5	0	0	0	38	0	23	0	2	0	0	0	0	1	0		0
Justice Hill	RB	5	0	0	0	17	0	8	0	1	0	0	0	0	0	0		0
Foster Moreau	TE	5	0	0	0	0	0	13	1	2	0	0	0	0	0	0		0
Ashton Dulin	WR	5	0	0	0	9	0	0	0	0	0	0	0	0	0	0		0
Mecole Hardman	WR	5	0	0	0	0	0	33	0	4	0	0	0	0	0	0		0
Austin Seibert	PK	5	0	0	0	0	0	0	0	0	0	0	0	0	0	0	27;30	4
Cody Thompson	WR	5	0	0	0	0	0	0	0	0	0	0	0	0	0	0		0
Joey Slye	PK	5	0	0	0	0	0	0	0	0	0	0	0	0	0	0	38	1
Olamide Zaccheaus	WR	5	0	0	0	0	0	10	0	1	0	0	0	0	0	0		0
Diontae Johnson	WR	5	0	0	0	6	0	23	0	3	0	0	0	0	0	0		0
Kyler Murray	QB	5	195	1	1	83	1	0	0	0	0	0	0	0	0	0		0
Miles Sanders	RB	5	0	0	0	6	0	27	0	2	0	0	0	0	0	0		0
Matt Gay	PK	5	0	0	0	0	0	0	0	0	0	0	0	0	0	0	30;37	4
Gardner Minshew	QB	5	137	1	2	22	0	0	0	0	0	0	0	0	0	0		0
Myles Gaskin	RB	5	0	0	0	2	0	11	0	1	0	0	0	0	0	0		0
Chase McLaughlin	PK	5	0	0	0	0	0	0	0	0	0	0	0	0	0	0	53;32;53	3
Lil'Jordan Humphrey	WR	5	0	0	0	0	0	48	0	2	0	0	0	0	0	0		0
Greg Dortch	WR	5	0	0	0	0	0	7	0	1	0	0	0	0	0	0		0
Darius Slayton	WR	5	0	0	0	0	0	122	1	8	0	0	0	0	0	0		0
Ty Johnson	RB	5	0	0	0	15	0	0	0	0	0	0	0	0	0	0		0
Joseph Fortson	TE	5	0	0	0	0	0	5	0	1	0	0	0	0	0	0		0
Alex Bachman	WR	5	0	0	0	0	0	0	0	0	0	0	0	0	0	0		0
D'Ernest Johnson	RB	5	0	0	0	1	0	9	0	2	0	0	0	0	0	0		0
DK Metcalf	WR	5	0	0	0	0	0	55	0	4	0	0	1	0	0	0		0
Noah Fant	TE	5	0	0	0	0	0	24	0	3	0	0	0	0	0	0		0
Terry McLaurin	WR	5	0	0	0	2	0	112	0	4	0	1	0	0	0	0		0
Josh Jacobs	RB	5	0	0	0	73	1	21	0	1	0	0	0	0	0	0		0
Daniel Jones	QB	5	257	2	0	38	0	0	0	0	0	0	0	0	0	0		0
Deebo Samuel Sr.	WR	5	0	0	0	9	0	11	0	1	0	0	0	0	0	0		0
Jonathan Ward	RB	5	0	0	0	9	0	0	0	0	0	0	0	0	0	0		0
Patrick Taylor	RB	5	0	0	0	0	0	0	0	0	0	0	0	0	0	0		0
Tyler Huntley	QB	5	194	0	1	7	0	0	0	0	0	0	0	0	0	0		0
Juwan Johnson	TE	5	0	0	0	0	0	31	0	5	0	0	0	0	0	0		0
James Proche	WR	5	0	0	0	0	0	0	0	0	0	0	0	0	0	0		0
Rico Dowdle	RB	5	0	0	0	87	0	27	1	2	0	0	0	0	0	0		0
Tyler Bass	PK	5	0	0	0	0	0	0	0	0	0	0	0	0	0	0	38;33	2
Gabe Davis	WR	5	0	0	0	0	0	38	0	3	0	0	1	0	0	0		0
Harrison Bryant	TE	5	0	0	0	0	0	0	0	0	0	0	0	0	0	0		0
Colby Parkinson	TE	5	0	0	0	0	0	52	0	7	0	0	0	0	0	0		0
Zack Moss	RB	5	0	0	0	24	0	28	0	3	0	0	0	0	0	0		0
Michael Pittman	WR	5	0	0	0	0	0	37	1	5	0	0	0	0	0	0		0
Jauan Jennings	WR	5	0	0	0	0	0	13	0	1	0	0	0	0	0	0		0
Brandon Aiyuk	WR	5	0	0	0	0	0	147	0	8	0	0	0	0	0	0		0
Jordan Love	QB	5	224	2	1	10	0	0	0	0	0	0	0	0	0	0		0
Laviska Shenault Jr.	WR	5	0	0	0	0	0	0	0	0	0	0	0	0	0	0		0
D'Andre Swift	RB	5	0	0	0	73	1	47	0	2	0	0	0	0	0	0		0
Cole Kmet	TE	5	0	0	0	0	0	57	0	3	0	0	0	0	0	0		0
Darnell Mooney	WR	5	0	0	0	0	0	105	2	9	0	0	0	0	0	0		0
Justin Jefferson	WR	5	0	0	0	0	0	92	0	6	0	0	0	0	0	0		0
Antonio Gibson	RB	5	0	0	0	52	0	4	0	1	0	0	0	0	0	0		0
Devin Duvernay	WR	5	0	0	0	3	0	0	0	0	0	0	0	0	0	0		0
Josiah Deguara	TE	5	0	0	0	0	0	2	0	1	0	0	0	0	0	0		0
CeeDee Lamb	WR	5	0	0	0	2	0	62	0	5	0	0	0	0	0	0		0
Jerry Jeudy	WR	5	0	0	0	0	0	16	0	1	0	0	0	0	0	0		0
Tee Higgins	WR	5	0	0	0	0	0	83	2	9	0	0	0	0	0	0		0
Cam Akers	RB	5	0	0	0	42	1	5	0	2	0	0	0	0	0	0		0
Van Jefferson	WR	5	0	0	0	0	0	26	0	3	0	0	0	0	0	0		0
Adam Trautman	TE	5	0	0	0	0	0	19	0	1	0	0	0	0	0	0		0
DeeJay Dallas	RB	5	0	0	0	0	0	0	0	0	0	0	0	0	0	0		0
Joe Burrow	QB	5	392	5	1	1	0	0	0	0	0	0	0	0	0	0		0
DJ Turner	WR	5	0	0	0	5	0	12	0	1	0	0	0	0	0	0		0
Rashod Bateman	WR	5	0	0	0	0	0	58	1	4	0	0	0	0	0	0		0
Nico Collins	WR	5	0	0	0	0	0	78	1	2	0	0	0	0	0	0		0
Chuba Hubbard	RB	5	0	0	0	97	1	-2	0	4	0	0	1	0	0	0		0
Jaylen Waddle	WR	5	0	0	0	0	0	46	0	4	0	0	0	0	0	0		0
Dyami Brown	WR	5	0	0	0	0	0	57	1	2	0	0	0	0	0	0		0
Tylan Wallace	WR	5	0	0	0	0	0	31	0	2	0	0	0	0	0	0		0
Ihmir Smith-Marsette	WR	5	0	0	0	0	0	0	0	0	0	0	0	0	0	0		0
Noah Gray	TE	5	0	0	0	0	0	29	0	2	0	0	0	0	0	0		0
Feleipe Franks	TE	5	0	0	0	0	0	0	0	0	0	0	0	0	0	0		0
Tutu Atwell	WR	5	0	0	0	7	0	58	0	6	0	0	0	0	0	0		0
Evan McPherson	PK	5	0	0	0	0	0	0	0	0	0	0	0	0	0	0		4
Rhamondre Stevenson	RB	5	0	0	0	89	1	3	0	4	0	0	0	0	0	0		0
Kylen Granson	TE	5	0	0	0	0	0	0	0	0	0	0	0	0	0	0		0
Luke Farrell	TE	5	0	0	0	0	0	17	0	2	0	0	0	0	0	0		0
Najee Harris	RB	5	0	0	0	42	0	35	0	2	0	0	0	0	0	0		0
Pat Freiermuth	TE	5	0	0	0	0	0	22	1	3	0	0	0	0	0	0		0
Ja'Marr Chase	WR	5	0	0	0	0	0	193	2	10	0	0	0	0	0	0		0
Khalil Herbert	RB	5	0	0	0	0	0	0	0	0	0	0	0	0	0	0		0
Justin Fields	QB	5	131	2	0	27	0	0	0	0	0	0	0	0	0	0		0
Avery Williams	RB	5	0	0	0	0	0	0	0	0	0	0	0	0	0	0		0
Kyle Pitts	TE	5	0	0	0	0	0	88	0	7	0	0	0	0	0	0		0
Trevor Lawrence	QB	5	371	2	1	4	0	0	0	0	0	0	0	0	0	0		0
Travis Etienne	RB	5	0	0	0	17	0	43	0	6	0	0	0	0	0	0		0
Elijah Moore	WR	5	0	0	0	0	0	11	0	3	0	0	0	0	0	0		0
Trey Sermon	RB	5	0	0	0	38	1	25	0	6	0	0	0	0	0	0		0
Javonte Williams	RB	5	0	0	0	61	0	50	0	5	0	0	0	0	0	0		0
Hunter Long	TE	5	0	0	0	0	0	16	0	2	0	0	0	0	0	0		0
Tommy Tremble	TE	5	0	0	0	0	0	7	0	1	0	0	1	0	0	0		0
Bo Melton	WR	5	0	0	0	0	0	12	0	1	0	0	0	0	0	0		0
Tyler Goodson	RB	5	0	0	0	26	0	31	0	3	0	0	0	0	0	0		0
Drake London	WR	5	0	0	0	0	0	154	1	12	0	0	0	0	0	0		0
Chris Olave	WR	5	0	0	0	0	0	10	0	2	0	0	0	0	0	0		0
George Pickens	WR	5	0	0	0	0	0	26	0	3	0	0	0	0	0	0		0
James Cook	RB	5	0	0	0	82	1	17	0	2	0	0	0	0	0	0		0
Rachaad White	RB	5	0	0	0	72	0	-6	0	3	0	0	0	0	0	0		0
Tyler Allgeier	RB	5	0	0	0	12	0	13	0	3	0	0	0	0	0	0		0
Jerome Ford	RB	5	0	0	0	47	0	2	0	3	0	0	0	0	0	0		0
Ty Chandler	RB	5	0	0	0	30	0	9	0	2	0	0	0	0	0	0		0
Andrew Ogletree	TE	5	0	0	0	0	0	5	0	1	0	0	0	0	0	0		0
Tanner Conner	TE	5	0	0	0	0	0	0	0	0	0	0	0	0	0	0		0
Brandon Johnson	WR	5	0	0	0	0	0	9	0	1	0	0	0	0	0	0		0
Raheem Blackshear	RB	5	0	0	0	0	0	0	0	0	0	0	0	0	0	0		0
Jordan Mason	RB	5	0	0	0	89	0	9	0	1	0	1	0	0	0	0		0
Lucas Krull	TE	5	0	0	0	0	0	5	0	1	0	0	0	0	0	0		0
Rashid Shaheed	WR	5	0	0	0	0	0	86	1	4	0	0	0	0	0	0		0
Aaron Shampklin	RB	5	0	0	0	14	0	0	0	0	0	0	0	0	0	0		0
Alec Pierce	WR	5	0	0	0	0	0	134	1	3	0	0	0	0	0	0		0
Jalen Tolbert	WR	5	0	0	0	0	0	87	1	7	0	0	0	0	0	0		0
Brandon Aubrey	PK	5	0	0	0	0	0	0	0	0	0	0	0	0	0	0	55;33	2
Garrett Wilson	WR	5	0	0	0	0	0	101	1	13	0	0	0	0	0	0		0
Trey McBride	TE	5	0	0	0	0	0	53	0	6	0	0	0	0	0	0		0
Brian Robinson	RB	5	0	0	0	18	2	0	0	0	0	0	0	0	0	0		0
KaVontae Turpin	WR	5	0	0	0	-6	0	50	0	4	0	0	0	0	0	0		0
Brock Purdy	QB	5	244	1	2	33	0	0	0	0	0	0	0	0	0	0		0
Calvin Austin III	WR	5	0	0	0	0	0	6	0	1	0	0	0	0	0	0		0
Isaiah Likely	TE	5	0	0	0	0	0	13	2	3	0	0	0	0	0	0		0
Kyren Williams	RB	5	0	0	0	102	1	3	0	1	0	1	0	0	0	0		0
Jake Ferguson	TE	5	0	0	0	0	0	70	0	6	0	0	0	0	0	0		0
Charlie Kolar	TE	5	0	0	0	2	0	64	1	3	0	0	0	0	0	0		0
Skyy Moore	WR	5	0	0	0	0	0	0	0	0	0	0	0	0	0	0		0
Pierre Strong	RB	5	0	0	0	2	0	0	0	0	0	0	0	0	0	0		0
Wan'Dale Robinson	WR	5	0	0	0	4	0	36	1	6	0	0	0	0	0	0		0
Breece Hall	RB	5	0	0	0	23	0	14	0	3	0	0	0	0	0	0		0
Cade Otton	TE	5	0	0	0	0	0	44	0	3	0	0	0	0	0	0		0
Kenneth Walker III	RB	5	0	0	0	19	0	57	0	7	0	0	0	0	0	0		0
Xavier Smith	WR	5	0	0	0	0	0	6	0	2	0	0	0	0	0	0		0
Dontayvion Wicks	WR	5	0	0	0	0	0	20	0	2	0	0	0	0	0	0		0
Will Mallory	TE	5	0	0	0	0	0	7	0	1	0	0	0	0	0	0		0
Eric Gray	RB	5	0	0	0	4	0	50	0	3	0	1	0	0	0	0		0
Tyson Bagent	QB	5	0	0	0	-4	0	0	0	0	0	0	0	0	0	0		0
Malik Heath	WR	5	0	0	0	0	0	14	0	2	0	0	0	0	0	0		0
Bryce Ford-Wheaton	WR	5	0	0	0	0	0	0	0	0	0	0	0	0	0	0		0
Brady Russell	RB	5	0	0	0	0	0	0	0	0	0	0	0	0	0	0		0
Xavier Gipson	WR	5	0	0	0	0	0	0	0	0	0	0	0	0	0	0		0
Bijan Robinson	RB	5	0	0	0	61	0	16	0	3	0	0	0	0	0	0		0
Jaxon Smith-Njigba	WR	5	0	0	0	0	0	31	1	4	0	0	0	0	0	0		0
Luke Schoonmaker	TE	5	0	0	0	0	0	8	0	1	0	0	0	0	0	0		0
Tank Bigsby	RB	5	0	0	0	101	2	28	0	1	0	0	0	0	0	0		0
Darnell Washington	TE	5	0	0	0	0	0	5	0	1	0	0	0	0	0	0		0
Michael Wilson	WR	5	0	0	0	0	0	78	0	5	0	0	0	0	0	0		0
Jake Moody	PK	5	0	0	0	0	0	0	0	0	0	0	0	0	0	0	28;20	2
Tre Tucker	WR	5	0	0	0	8	0	18	0	2	0	0	0	0	0	0		0
Chad Ryland	PK	5	0	0	0	0	0	0	0	0	0	0	0	0	0	0	30;42;35	1
Charlie Jones	WR	5	0	0	0	0	0	0	0	0	0	0	0	0	0	0		0
Aidan O'Connell	QB	5	94	0	1	0	0	0	0	0	0	0	0	0	0	0		0
Chase Brown	RB	5	0	0	0	46	0	8	1	3	0	0	0	0	1	0		0
Kayshon Boutte	WR	5	0	0	0	0	0	34	0	2	0	0	0	0	0	0		0
Xavier Hutchinson	WR	5	0	0	0	0	0	31	0	2	0	0	0	0	0	0		0
Andrei Iosivas	WR	5	0	0	0	0	0	39	0	1	0	0	0	0	0	0		0
DeMario Douglas	WR	5	0	0	0	0	0	59	0	6	0	0	0	0	0	0		0
Jalen Brooks	WR	5	0	0	0	0	0	10	0	1	0	0	0	0	0	0		0
Emari Demercado	RB	5	0	0	0	0	0	0	0	1	0	0	0	0	0	0		0
Julian Hill	TE	5	0	0	0	0	0	0	0	0	0	0	0	0	0	0		0
Hunter Luepke	RB	5	0	0	0	6	0	18	0	1	0	0	0	0	0	0		0
Jake Bobo	WR	5	0	0	0	0	0	3	0	1	0	0	0	0	0	0		0
Nate Adkins	TE	5	0	0	0	0	0	8	0	1	0	0	0	0	0	0		0
Jaleel McLaughlin	RB	5	0	0	0	22	0	3	1	3	0	0	0	0	0	0		0
Emanuel Wilson	RB	5	0	0	0	24	0	-9	0	1	0	0	0	0	0	0		0
Brycen Tremayne	WR	5	0	0	0	0	0	-2	0	1	0	0	0	0	0	0		0
Blake Grupe	PK	5	0	0	0	0	0	0	0	0	0	0	0	0	0	0		1
John Shenker	TE	5	0	0	0	0	0	0	0	0	0	0	0	0	0	0		0
Dalton Kincaid	TE	5	0	0	0	0	0	34	0	2	0	0	0	0	0	0		0
Brenton Strange	TE	5	0	0	0	0	0	24	1	4	0	0	0	0	0	0		0
Sean Tucker	RB	5	0	0	0	0	0	0	0	0	0	0	0	0	0	0		0
Marvin Mims Jr.	WR	5	0	0	0	17	0	7	0	1	0	0	0	0	0	0		0
Tank Dell	WR	5	0	0	0	-5	0	38	0	4	0	0	0	0	0	0		0
Jordan Addison	WR	5	0	0	0	0	0	36	0	3	0	0	0	0	0	0		0
Tucker Kraft	TE	5	0	0	0	0	0	88	2	4	0	0	0	0	0	0		0
Josh Downs	WR	5	0	0	0	0	0	69	0	9	0	0	0	0	0	0		0
Jake Haener	QB	5	17	0	0	11	0	0	0	0	0	0	0	0	0	0		0
Roschon Johnson	RB	5	0	0	0	25	2	0	0	0	0	0	0	0	0	0		0
De'Von Achane	RB	5	0	0	0	18	0	-1	0	1	0	0	0	0	0	0		0
Elijah Higgins	TE	5	0	0	0	0	0	2	1	1	0	0	0	0	0	0		0
Jonathan Mingo	WR	5	0	0	0	0	0	37	0	2	0	0	0	0	0	0		0
Zay Flowers	WR	5	0	0	0	9	0	111	0	7	0	0	0	0	0	0		0
Davis Allen	TE	5	0	0	0	0	0	0	0	0	0	0	0	0	0	0		0
Jayden Reed	WR	5	0	0	0	19	0	78	0	4	0	0	0	0	0	0		0
Bryce Young	QB	5	58	0	0	8	0	0	0	0	0	0	0	0	0	0		0
C.J. Stroud	QB	5	331	1	1	27	0	0	0	0	1	0	0	0	0	0		0
Zach Charbonnet	RB	5	0	0	0	11	0	19	0	3	0	0	0	0	0	0		0
Chris Collier	RB	5	0	0	0	0	0	0	0	0	0	0	0	0	0	0		0
Carson Steele	RB	5	0	0	0	12	0	0	0	0	0	0	0	0	0	0		0
Brock Bowers	TE	5	0	0	0	0	0	97	1	8	0	0	0	0	0	0		0
Xavier Legette	WR	5	0	0	0	0	0	8	0	1	0	0	0	0	0	0		0
Luke McCaffrey	WR	5	0	0	0	0	0	19	0	3	0	0	0	0	0	0		0
Ja'Tavion Sanders	TE	5	0	0	0	0	0	13	0	3	0	0	0	0	0	0		0
Cade Stover	TE	5	0	0	0	0	0	6	0	2	0	0	0	0	0	0		0
Bucky Irving	RB	5	0	0	0	44	0	12	0	2	0	1	0	0	0	0		0
Isaac Guerendo	RB	5	0	0	0	22	0	0	0	0	0	0	0	0	0	0		0
Tyrone Tracy Jr.	RB	5	0	0	0	129	0	1	0	1	0	0	0	0	0	0		0
Will Reichard	PK	5	0	0	0	0	0	0	0	0	0	0	0	0	0	0	54;53;41	2
Cam Little	PK	5	0	0	0	0	0	0	0	0	0	0	0	0	0	0	23;30;49	4
Jalen Coker	WR	5	0	0	0	0	0	68	0	4	0	0	0	0	0	0		0
Brevyn Spann-Ford	TE	5	0	0	0	0	0	20	0	2	0	0	0	0	0	0		0
Kameron Johnson	WR	5	0	0	0	0	0	0	0	0	0	0	0	0	0	0		0
Mason Tipton	WR	5	0	0	0	0	0	2	0	1	0	0	0	0	0	0		0
Brayden Narveson	PK	5	0	0	0	0	0	0	0	0	0	0	0	0	0	0	46	3
Colson Yankoff	TE	5	0	0	0	0	0	0	0	0	0	0	0	0	0	0		0
Bo Nix	QB	5	206	2	0	9	1	0	0	0	0	0	0	0	0	0		0
Tip Reiman	TE	5	0	0	0	0	0	5	0	1	0	0	0	0	0	0		0
Blake Corum	RB	5	0	0	0	25	0	8	0	1	0	0	0	0	0	0		0
Joshua Karty	PK	5	0	0	0	0	0	0	0	0	0	0	0	0	0	0		1
Jordan Whittington	WR	5	0	0	0	0	0	89	0	7	0	0	0	0	0	0		0
AJ Barner	TE	5	0	0	0	0	0	13	0	1	0	0	0	0	0	0		0
Braelon Allen	RB	5	0	0	0	13	0	15	0	1	0	0	0	0	0	0		0
Isaiah Davis	RB	5	0	0	0	0	0	0	0	0	0	0	0	0	0	0		0
Erick All	TE	5	0	0	0	0	0	10	0	2	0	0	0	0	0	0		0
Theo Johnson	TE	5	0	0	0	0	0	48	0	5	0	0	0	0	0	0		0
Marvin Harrison Jr.	WR	5	0	0	0	0	0	36	0	2	0	0	0	0	0	0		0
Troy Franklin	WR	5	0	0	0	0	0	20	0	1	0	0	0	0	0	0		0
Jaylen Wright	RB	5	0	0	0	86	0	0	0	0	0	0	0	0	0	0		0
Ray Davis	RB	5	0	0	0	0	0	4	0	1	0	0	0	0	0	0		0
Malik Washington	WR	5	0	0	0	0	0	0	0	0	0	0	0	0	0	0		0
Adonai Mitchell	WR	5	24	0	0	4	0	38	0	4	0	0	0	0	0	0		0
Brian Thomas Jr.	WR	5	0	0	0	0	0	122	1	5	0	0	0	0	0	0		0
Xavier Worthy	WR	5	0	0	0	3	1	25	0	3	0	0	0	0	0	0		0
Keon Coleman	WR	5	0	0	0	0	0	49	1	1	0	0	0	0	0	0		0
Ja'Lynn Polk	WR	5	0	0	0	0	0	13	0	1	0	0	0	0	0	0		0
Jayden Daniels	QB	5	238	1	1	82	0	0	0	0	0	0	0	0	0	0		0
Caleb Williams	QB	5	304	2	0	34	0	0	0	0	0	0	0	0	0	0		0
Rome Odunze	WR	5	0	0	0	0	0	40	0	5	0	0	0	0	0	0		0
Aaron Rodgers	QB	6	294	2	1	0	0	0	0	0	0	0	0	0	0	0		0
Marcedes Lewis	TE	6	0	0	0	0	0	2	0	1	0	0	0	0	0	0		0
Nick Folk	PK	6	0	0	0	0	0	0	0	0	0	0	0	0	0	0	44	2
Joe Flacco	QB	6	189	2	1	1	0	0	0	0	0	0	0	0	0	0		0
Andy Dalton	QB	6	221	2	2	21	0	0	0	0	0	0	0	0	0	0		0
Justin Tucker	PK	6	0	0	0	0	0	0	0	0	0	0	0	0	0	0	45;32;39	3
Kirk Cousins	QB	6	225	1	0	-5	0	0	0	0	0	0	0	0	0	0		0
Greg Zuerlein	PK	6	0	0	0	0	0	0	0	0	0	0	0	0	0	0	34;22	2
Zach Ertz	TE	6	0	0	0	0	0	68	0	4	0	0	0	0	0	0		0
Dustin Hopkins	PK	6	0	0	0	0	0	0	0	0	0	0	0	0	0	0	43;49;31	1
Keenan Allen	WR	6	0	0	0	0	0	41	2	5	0	0	0	0	0	0		0
DeAndre Hopkins	WR	6	0	0	0	0	0	54	0	4	0	0	0	0	0	0		0
Geno Smith	QB	6	312	1	2	0	0	0	0	0	0	0	0	0	0	0		0
Chris Boswell	PK	6	0	0	0	0	0	0	0	0	0	0	0	0	0	0	52;49;37;36	2
Cairo Santos	PK	6	0	0	0	0	0	0	0	0	0	0	0	0	0	0		5
Mike Evans	WR	6	0	0	0	0	0	34	0	2	0	0	0	0	0	0		0
Allen Robinson	WR	6	0	0	0	0	0	0	0	0	0	0	0	0	0	0		0
Jason Myers	PK	6	0	0	0	0	0	0	0	0	0	0	0	0	0	0	20	3
Amari Cooper	WR	6	0	0	0	0	0	42	0	4	0	0	0	0	0	0		0
Nelson Agholor	WR	6	0	0	0	0	0	25	0	1	0	0	0	0	0	0		0
Stefon Diggs	WR	6	0	0	0	0	0	77	1	6	0	0	0	0	0	0		0
DeAndre Carter	WR	6	0	0	0	0	0	0	0	0	0	0	0	0	0	0		0
Ameer Abdullah	RB	6	0	0	0	24	0	14	0	3	0	1	0	0	0	0		0
Geoff Swaim	TE	6	0	0	0	0	0	0	0	0	0	0	0	0	0	0		0
Tyler Lockett	WR	6	0	0	0	0	0	65	1	4	0	0	0	0	0	0		0
Sterling Shepard	WR	6	0	0	0	31	0	23	0	3	0	0	0	0	0	0		0
Austin Hooper	TE	6	0	0	0	0	0	5	0	1	0	0	1	0	0	0		0
Kalif Raymond	WR	6	0	0	0	0	0	73	0	4	0	0	0	0	0	0		0
Wil Lutz	PK	6	0	0	0	0	0	0	0	0	0	0	0	0	0	0	40	1
Ka'imi Fairbairn	PK	6	0	0	0	0	0	0	0	0	0	0	0	0	0	0	39;46	5
Derrick Henry	RB	6	0	0	0	132	2	0	0	0	0	0	0	0	0	0		0
Tyler Boyd	WR	6	0	0	0	0	0	19	0	3	0	0	0	0	0	0		0
Ezekiel Elliott	RB	6	0	0	0	17	0	0	0	0	0	0	0	0	0	0		0
Dak Prescott	QB	6	178	0	2	1	0	0	0	0	0	0	0	0	0	0		0
Hunter Henry	TE	6	0	0	0	0	0	41	1	3	0	0	0	0	0	0		0
Jared Goff	QB	6	315	3	0	5	0	0	0	0	0	0	0	0	0	0		0
Mo Alie-Cox	TE	6	0	0	0	0	0	41	0	4	0	0	0	0	0	0		0
Zach Pascal	WR	6	0	0	0	0	0	0	0	0	0	0	0	0	0	0		0
Curtis Samuel	WR	6	0	0	0	0	0	44	0	3	0	0	0	0	0	0		0
George Kittle	TE	6	0	0	0	0	0	58	2	5	0	0	0	0	0	0		0
Kendrick Bourne	WR	6	0	0	0	0	0	9	0	2	0	0	0	0	0	0		0
Tim Patrick	WR	6	0	0	0	0	0	68	0	3	0	0	0	0	0	0		0
Mike Williams	WR	6	0	0	0	0	0	0	0	0	0	0	0	0	0	0		0
Deshaun Watson	QB	6	168	0	0	17	0	0	0	0	0	0	0	0	0	0		0
James Conner	RB	6	0	0	0	24	0	22	0	4	0	0	1	0	0	0		0
Mack Hollins	WR	6	0	0	0	0	0	8	1	1	0	0	0	0	0	0		0
David Moore	WR	6	0	0	0	0	0	17	0	2	0	0	0	0	0	0		0
Noah Brown	WR	6	0	0	0	0	0	58	0	4	0	0	0	0	0	0		0
Cooper Rush	QB	6	46	0	1	2	0	0	0	0	0	0	0	0	0	0		0
Austin Ekeler	RB	6	0	0	0	21	0	47	0	4	0	0	0	0	0	0		0
Younghoe Koo	PK	6	0	0	0	0	0	0	0	0	0	0	0	0	0	0	21;31;35	3
Jake Elliott	PK	6	0	0	0	0	0	0	0	0	0	0	0	0	0	0	49;44	2
Dare Ogunbowale	RB	6	0	0	0	8	0	0	0	0	0	0	0	0	0	0		0
Evan Engram	TE	6	0	0	0	0	0	102	0	10	0	0	1	0	0	0		0
David Njoku	TE	6	0	0	0	0	0	31	0	5	0	0	0	0	0	0		0
Gerald Everett	TE	6	0	0	0	0	0	0	0	0	0	0	0	0	0	0		0
Joe Mixon	RB	6	0	0	0	102	1	30	1	2	0	0	0	0	0	0		0
Alvin Kamara	RB	6	0	0	0	40	1	24	0	5	0	0	0	0	0	0		0
Chris Godwin Jr.	WR	6	0	0	0	0	0	125	2	11	0	0	0	0	0	0		0
D'Onta Foreman	RB	6	0	0	0	31	0	16	0	2	0	0	0	0	0	0		0
Jamaal Williams	RB	6	0	0	0	7	0	0	0	0	0	0	0	0	0	0		0
Jeremy McNichols	RB	6	0	0	0	9	0	0	0	0	0	0	0	0	0	0		0
Will Dissly	TE	6	0	0	0	0	0	26	0	4	0	0	0	0	0	0		0
Daniel Carlson	PK	6	0	0	0	0	0	0	0	0	0	0	0	0	0	0		1
Eddy Pineiro	PK	6	0	0	0	0	0	0	0	0	0	0	0	0	0	0	24;40	2
Tyler Conklin	TE	6	0	0	0	0	0	10	0	2	0	0	0	0	0	0		0
Courtland Sutton	WR	6	0	0	0	0	0	53	1	4	0	0	0	0	0	0		0
Dallas Goedert	TE	6	0	0	0	0	0	0	0	0	0	0	0	0	0	0		0
Ian Thomas	TE	6	0	0	0	0	0	0	0	0	0	0	0	0	0	0		0
Dalton Schultz	TE	6	0	0	0	0	0	27	0	4	0	0	0	0	0	0		0
Ray-Ray McCloud	WR	6	0	0	0	3	0	30	0	3	0	0	1	0	0	0		0
Cedrick Wilson Jr.	WR	6	0	0	0	0	0	28	0	2	0	0	0	0	0	0		0
Greg Joseph	PK	6	0	0	0	0	0	0	0	0	0	0	0	0	0	0		1
Allen Lazard	WR	6	0	0	0	0	0	114	1	6	0	0	0	0	0	0		0
Mark Andrews	TE	6	0	0	0	0	0	66	1	3	0	0	0	0	0	0		0
Christian Kirk	WR	6	0	0	0	0	0	39	0	3	0	0	0	0	0	0		0
Lamar Jackson	QB	6	323	1	1	40	0	0	0	0	0	0	0	0	0	0		0
DJ Moore	WR	6	0	0	0	0	0	20	0	4	0	0	0	0	0	0		0
Calvin Ridley	WR	6	0	0	0	9	0	0	0	0	0	0	0	0	0	0		0
Saquon Barkley	RB	6	0	0	0	47	0	7	0	2	0	0	0	0	0	0		0
Baker Mayfield	QB	6	325	4	3	29	0	0	0	0	0	0	0	0	0	0		0
Josh Allen	QB	6	215	2	0	18	1	0	0	0	0	0	0	0	0	0		0
Steven Sims	WR	6	0	0	0	0	0	0	0	0	0	0	0	0	0	0		0
Alexander Mattison	RB	6	0	0	0	33	1	32	0	5	0	0	0	0	0	0		0
Justice Hill	RB	6	0	0	0	2	0	2	0	1	0	0	0	0	0	0		0
Foster Moreau	TE	6	0	0	0	0	0	54	0	2	0	0	0	0	0	0		0
Ashton Dulin	WR	6	0	0	0	0	0	0	0	0	0	0	0	0	0	0		0
Austin Seibert	PK	6	0	0	0	0	0	0	0	0	0	0	0	0	0	0	42;55;49	2
Matthew Wright	PK	6	0	0	0	0	0	0	0	0	0	0	0	0	0	0	25;41;35	3
Joey Slye	PK	6	0	0	0	0	0	0	0	0	0	0	0	0	0	0		3
Olamide Zaccheaus	WR	6	0	0	0	0	0	27	0	4	0	0	0	0	0	0		0
Deonte Harty	WR	6	0	0	0	0	0	0	0	0	0	0	0	0	0	0		0
Diontae Johnson	WR	6	0	0	0	0	0	78	1	6	0	0	0	0	0	0		0
Kyler Murray	QB	6	214	1	0	14	0	0	0	0	0	1	0	0	0	0		0
Miles Sanders	RB	6	0	0	0	1	0	12	0	1	0	0	0	0	0	0		0
Tony Pollard	RB	6	0	0	0	93	1	-5	0	3	0	0	0	0	0	0		0
Matt Gay	PK	6	0	0	0	0	0	0	0	0	0	0	0	0	0	0	26;22	2
Chase McLaughlin	PK	6	0	0	0	0	0	0	0	0	0	0	0	0	0	0	26	6
Lil'Jordan Humphrey	WR	6	0	0	0	0	0	8	0	1	0	0	0	0	0	0		0
Greg Dortch	WR	6	0	0	0	0	0	36	0	3	0	0	1	0	0	0		0
Darius Slayton	WR	6	0	0	0	0	0	57	0	6	0	0	0	0	0	0		0
Ty Johnson	RB	6	0	0	0	34	0	0	0	0	0	0	0	0	0	0		0
Craig Reynolds	RB	6	0	0	0	21	0	0	0	0	0	0	0	0	0	0		0
Alex Bachman	WR	6	0	0	0	0	0	31	0	3	0	0	0	0	0	0		0
D'Ernest Johnson	RB	6	0	0	0	28	0	16	0	2	0	0	0	0	0	0		0
DK Metcalf	WR	6	0	0	0	0	0	48	0	3	0	0	0	0	0	0		0
Noah Fant	TE	6	0	0	0	0	0	63	0	6	0	0	0	0	0	0		0
Terry McLaurin	WR	6	0	0	0	0	0	53	2	6	0	0	0	0	0	0		0
A.J. Brown	WR	6	0	0	0	0	0	116	1	6	0	0	0	0	0	0		0
David Montgomery	RB	6	0	0	0	80	2	0	0	1	0	0	0	0	0	0		0
Dawson Knox	TE	6	0	0	0	0	0	12	1	1	0	0	0	0	0	0		0
Josh Jacobs	RB	6	0	0	0	62	0	28	0	3	0	0	0	0	0	0		0
Daniel Jones	QB	6	205	0	1	56	0	0	0	0	0	0	0	0	0	0		0
Deebo Samuel Sr.	WR	6	0	0	0	15	0	102	1	3	0	0	0	0	0	0		0
JaMycal Hasty	RB	6	0	0	0	12	0	9	0	1	0	0	0	0	0	0		0
Jonathan Ward	RB	6	0	0	0	13	0	0	0	0	0	0	0	0	0	0		0
Patrick Taylor	RB	6	0	0	0	16	0	12	0	1	0	0	0	0	0	0		0
Juwan Johnson	TE	6	0	0	0	0	0	48	0	3	0	0	0	0	0	0		0
Rico Dowdle	RB	6	0	0	0	25	0	30	0	5	0	0	0	0	0	0		0
J.K. Dobbins	RB	6	0	0	0	96	1	6	0	2	0	0	0	0	0	0		0
Tyler Bass	PK	6	0	0	0	0	0	0	0	0	0	0	0	0	0	0	22	2
Isaiah Hodgins	WR	6	0	0	0	0	0	5	0	1	0	0	0	0	0	0		0
Nick Westbrook-Ikhine	WR	6	0	0	0	0	0	9	1	1	0	0	0	0	0	0		0
Kristian Wilkerson	WR	6	0	0	0	0	0	18	1	2	0	0	0	0	0	0		0
Gabe Davis	WR	6	0	0	0	0	0	45	2	5	0	0	0	0	0	0		0
Harrison Bryant	TE	6	0	0	0	0	0	24	0	3	0	0	0	0	0	0		0
Zack Moss	RB	6	0	0	0	13	0	2	0	1	0	1	0	0	0	0		0
Michael Pittman	WR	6	0	0	0	0	0	35	1	3	0	0	0	0	0	0		0
Jauan Jennings	WR	6	0	0	0	0	0	27	0	3	0	0	0	0	0	0		0
Brandon Aiyuk	WR	6	0	0	0	0	0	37	0	2	0	0	0	0	0	0		0
Jordan Love	QB	6	258	4	1	13	0	0	0	0	0	0	0	0	0	0		0
Laviska Shenault Jr.	WR	6	0	0	0	0	0	0	0	0	0	0	0	0	0	0		0
D'Andre Swift	RB	6	0	0	0	91	1	28	0	4	0	0	0	0	0	0		0
Cole Kmet	TE	6	0	0	0	0	0	70	2	5	0	0	0	0	0	0		0
Darnell Mooney	WR	6	0	0	0	0	0	38	0	3	0	0	0	0	0	0		0
Antonio Gibson	RB	6	0	0	0	19	0	24	0	3	0	0	0	0	0	0		0
Josiah Deguara	TE	6	0	0	0	0	0	0	0	0	0	0	0	0	0	0		0
Justin Herbert	QB	6	237	1	0	2	0	0	0	0	0	0	0	0	0	0		0
CeeDee Lamb	WR	6	0	0	0	2	0	89	0	7	0	0	0	0	0	0		0
Jalen Hurts	QB	6	264	2	0	33	0	0	0	0	0	0	0	0	0	0		0
Jerry Jeudy	WR	6	0	0	0	0	0	35	0	1	0	0	0	0	0	0		0
Tee Higgins	WR	6	0	0	0	0	0	77	0	7	0	0	0	0	0	0		0
Cam Akers	RB	6	0	0	0	-1	0	0	0	0	0	0	0	0	0	0		0
DeeJay Dallas	RB	6	0	0	0	0	0	0	0	0	0	0	0	0	0	0		0
Charlie Woerner	TE	6	0	0	0	0	0	0	0	0	0	0	0	0	0	0		0
Joe Burrow	QB	6	208	0	0	55	1	0	0	0	0	0	0	0	0	0		0
Tim Jones	WR	6	0	0	0	0	0	0	0	0	0	0	0	0	0	0		0
DJ Turner	WR	6	0	0	0	0	0	37	0	2	0	0	0	0	0	0		0
Rashod Bateman	WR	6	0	0	0	0	0	71	0	4	0	0	0	0	0	0		0
Chuba Hubbard	RB	6	0	0	0	92	0	11	0	5	0	0	0	0	0	0		0
Quintin Morris	TE	6	0	0	0	0	0	0	0	0	0	0	0	0	0	0		0
Dyami Brown	WR	6	0	0	0	0	0	11	0	1	0	0	0	0	0	0		0
John Bates	TE	6	0	0	0	0	0	0	0	0	0	0	0	0	0	0		0
Ihmir Smith-Marsette	WR	6	0	0	0	0	0	0	0	0	0	0	0	0	0	0		0
Simi Fehoko	WR	6	0	0	0	0	0	44	0	2	0	0	0	0	0	0		0
Brock Wright	TE	6	0	0	0	0	0	0	0	0	0	0	0	0	0	0		0
Feleipe Franks	TE	6	0	0	0	0	0	0	0	0	0	0	0	0	0	0		0
Evan McPherson	PK	6	0	0	0	0	0	0	0	0	0	0	0	0	0	0	37	2
Kylen Granson	TE	6	0	0	0	0	0	0	0	0	0	0	0	0	0	0		0
Jaelon Darden	WR	6	0	0	0	0	0	6	0	1	0	0	0	0	0	0		0
Najee Harris	RB	6	0	0	0	106	1	16	0	2	0	0	0	0	0	0		0
Pat Freiermuth	TE	6	0	0	0	0	0	16	0	2	0	0	0	0	0	0		0
Davis Mills	QB	6	0	0	0	0	0	0	0	0	0	0	0	0	0	0		0
Ja'Marr Chase	WR	6	0	0	0	0	0	72	0	5	0	0	0	0	0	0		0
DeVonta Smith	WR	6	0	0	0	0	0	64	1	3	0	0	0	0	0	0		0
Kenny Gainwell	RB	6	0	0	0	23	0	0	0	0	0	0	0	0	0	0		0
Justin Fields	QB	6	145	0	0	59	2	0	0	0	0	0	0	0	0	0		0
Avery Williams	RB	6	0	0	0	0	0	0	0	0	0	0	0	0	0	0		0
Amon-Ra St. Brown	WR	6	0	0	0	0	0	37	1	4	0	0	0	0	0	0		0
Kyle Pitts	TE	6	0	0	0	0	0	70	0	3	0	0	0	0	0	0		0
Trevor Lawrence	QB	6	234	2	1	17	0	0	0	0	0	0	0	0	0	0		0
Mac Jones	QB	6	6	0	0	0	0	0	0	0	0	0	0	0	0	0		0
Travis Etienne	RB	6	0	0	0	-1	0	0	0	0	0	0	0	0	0	0		0
Elijah Moore	WR	6	0	0	0	0	0	3	0	1	0	0	0	0	0	0		0
Trey Sermon	RB	6	0	0	0	29	0	0	0	0	0	0	0	0	0	0		0
Josh Palmer	WR	6	0	0	0	0	0	38	0	2	0	0	0	0	0	0		0
Javonte Williams	RB	6	0	0	0	23	0	13	0	3	0	1	0	0	0	0		0
Grant Calcaterra	TE	6	0	0	0	0	0	67	0	4	0	0	0	0	0	0		0
Bo Melton	WR	6	0	0	0	27	0	6	0	1	0	0	0	0	0	0		0
Tyler Goodson	RB	6	0	0	0	51	0	14	0	4	0	0	0	0	0	0		0
Cameron Dicker	PK	6	0	0	0	0	0	0	0	0	0	0	0	0	0	0	20;33;46	2
Jaylen Warren	RB	6	0	0	0	7	0	11	0	3	0	0	0	0	0	0		0
Drake London	WR	6	0	0	0	0	0	74	1	6	0	0	0	0	0	0		0
Chris Olave	WR	6	0	0	0	0	0	5	0	1	0	0	1	0	0	0		0
Jameson Williams	WR	6	0	0	0	11	0	76	1	3	0	0	0	0	0	0		0
George Pickens	WR	6	0	0	0	0	0	53	0	3	0	0	0	0	0	0		0
Dameon Pierce	RB	6	0	0	0	76	1	1	0	1	0	0	0	0	0	0		0
Khalil Shakir	WR	6	0	0	0	0	0	19	0	2	0	0	0	0	0	0		0
Tyler Allgeier	RB	6	0	0	0	105	1	3	0	1	0	0	0	0	1	0		0
Jerome Ford	RB	6	0	0	0	14	0	0	0	0	0	0	0	0	0	0		0
Andrew Ogletree	TE	6	0	0	0	0	0	24	0	2	0	0	0	0	0	0		0
Raheem Blackshear	RB	6	0	0	0	0	0	0	0	0	0	0	0	0	0	0		0
Stone Smartt	TE	6	0	0	0	0	0	10	0	1	0	0	0	0	0	0		0
Jordan Mason	RB	6	0	0	0	73	0	9	0	1	0	0	0	0	0	0		0
Lucas Krull	TE	6	0	0	0	0	0	11	0	2	0	0	0	0	0	0		0
Rashid Shaheed	WR	6	0	0	0	2	0	11	0	1	0	0	0	0	0	0		0
Julius Chestnut	RB	6	0	0	0	2	0	0	0	0	0	0	0	0	0	0		0
Aaron Shampklin	RB	6	0	0	0	-2	0	0	0	0	0	0	0	0	0	0		0
Hassan Haskins	RB	6	0	0	0	5	0	0	0	0	0	0	0	0	0	0		0
Alec Pierce	WR	6	0	0	0	0	0	0	0	0	0	0	0	0	0	0		0
Jalen Tolbert	WR	6	0	0	0	0	0	43	0	4	0	0	0	0	0	0		0
Brandon Aubrey	PK	6	0	0	0	0	0	0	0	0	0	0	0	0	0	0	34;47;50	0
Garrett Wilson	WR	6	0	0	0	0	0	107	1	8	0	0	0	0	0	0		0
Jahan Dotson	WR	6	0	0	0	13	0	10	0	1	0	0	0	0	0	0		0
Treylon Burks	WR	6	0	0	0	0	0	10	0	1	0	0	0	0	0	0		0
Trey McBride	TE	6	0	0	0	0	0	96	0	8	0	0	0	0	0	0		0
KaVontae Turpin	WR	6	0	0	0	6	0	24	0	4	0	0	1	0	0	0		0
Jeremy Ruckert	TE	6	0	0	0	0	0	7	0	2	0	0	0	0	0	0		0
Chig Okonkwo	TE	6	0	0	0	0	0	6	0	3	0	0	0	0	0	0		0
Romeo Doubs	WR	6	0	0	0	0	0	49	2	3	0	0	0	0	0	0		0
Brock Purdy	QB	6	255	3	0	19	0	0	0	0	0	0	0	0	0	0		0
Calvin Austin III	WR	6	0	0	0	0	0	36	0	2	0	0	0	0	0	0		0
Isaiah Likely	TE	6	0	0	0	0	0	27	0	2	0	0	0	0	0	0		0
Jake Ferguson	TE	6	0	0	0	0	0	11	0	3	0	0	0	0	0	0		0
Charlie Kolar	TE	6	0	0	0	0	0	0	0	0	0	0	0	0	0	0		0
Pierre Strong	RB	6	0	0	0	43	0	35	0	2	0	0	0	0	0	0		0
Daniel Bellinger	TE	6	0	0	0	0	0	0	0	0	0	0	0	0	0	0		0
Wan'Dale Robinson	WR	6	0	0	0	0	0	50	0	5	0	0	0	0	0	0		0
Breece Hall	RB	6	0	0	0	113	0	56	0	5	0	0	0	0	0	0		0
Christian Watson	WR	6	0	0	0	0	0	68	1	3	0	0	0	0	0	0		0
Cade Otton	TE	6	0	0	0	0	0	15	1	2	0	0	0	0	0	0		0
Kenneth Walker III	RB	6	0	0	0	32	1	37	0	8	0	0	0	0	0	0		0
Dontayvion Wicks	WR	6	0	0	0	0	0	9	0	1	0	0	0	0	0	0		0
Will Mallory	TE	6	0	0	0	0	0	0	0	0	0	0	0	0	0	0		0
Eric Gray	RB	6	0	0	0	13	0	0	0	0	0	0	0	0	0	0		0
Tyson Bagent	QB	6	0	0	0	-3	0	0	0	0	0	0	0	0	0	0		0
Brady Russell	RB	6	0	0	0	0	0	0	0	0	0	0	0	0	0	0		0
Ben VanSumeren	RB	6	0	0	0	0	0	0	0	0	0	0	0	0	0	0		0
Xavier Gipson	WR	6	0	0	0	0	0	0	0	0	0	0	0	0	0	0		0
Bijan Robinson	RB	6	0	0	0	95	2	10	0	3	0	0	0	0	0	0		0
Jaxon Smith-Njigba	WR	6	0	0	0	0	0	53	0	5	0	0	0	0	0	0		0
Quentin Johnston	WR	6	0	0	0	0	0	22	0	3	0	0	0	0	0	0		0
Hendon Hooker	QB	6	19	0	0	-1	0	0	0	0	0	0	0	0	0	0		0
Tank Bigsby	RB	6	0	0	0	24	0	0	0	0	0	0	0	0	0	0		0
Darnell Washington	TE	6	0	0	0	0	0	9	0	1	0	0	0	0	0	0		0
Michael Wilson	WR	6	0	0	0	0	0	21	1	2	0	0	0	0	0	0		0
Tre Tucker	WR	6	0	0	0	0	0	0	0	0	0	0	0	0	0	0		0
Chad Ryland	PK	6	0	0	0	0	0	0	0	0	0	0	0	0	0	0	38;40	1
Derius Davis	WR	6	0	0	0	14	0	8	0	1	0	0	0	0	0	0		0
Charlie Jones	WR	6	0	0	0	0	0	0	0	0	0	0	0	0	0	0		0
Aidan O'Connell	QB	6	227	1	1	0	0	0	0	0	0	0	0	0	0	0		0
Josh Whyle	TE	6	0	0	0	0	0	2	0	1	0	0	0	0	0	0		0
Chase Brown	RB	6	0	0	0	53	1	11	0	2	0	0	0	0	0	0		0
Parker Washington	WR	6	0	0	0	0	0	0	0	0	0	0	0	0	0	0		0
Kayshon Boutte	WR	6	0	0	0	0	0	59	1	3	0	0	0	0	0	0		0
Xavier Hutchinson	WR	6	0	0	0	0	0	0	0	0	0	0	0	0	0	0		0
Andrei Iosivas	WR	6	0	0	0	0	0	36	0	2	0	0	0	0	0	0		0
DeMario Douglas	WR	6	0	0	0	0	0	92	1	6	0	0	0	0	0	0		0
Jalen Brooks	WR	6	0	0	0	0	0	15	0	1	0	0	0	0	0	0		0
Jordan Mims	RB	6	0	0	0	5	0	13	0	2	0	0	0	0	0	0		0
Chris Brooks	RB	6	0	0	0	21	0	0	0	0	0	0	0	0	0	0		0
Emari Demercado	RB	6	0	0	0	25	0	39	0	5	0	0	0	0	0	0		0
Jake Bobo	WR	6	0	0	0	0	0	18	0	2	0	0	0	0	0	0		0
Nate Adkins	TE	6	0	0	0	0	0	5	0	1	0	0	0	0	0	0		0
Jaleel McLaughlin	RB	6	0	0	0	8	0	17	0	2	0	0	0	0	0	0		0
Emanuel Wilson	RB	6	0	0	0	54	0	19	0	1	0	0	0	0	0	0		0
Ben Sims	TE	6	0	0	0	0	0	38	0	2	0	0	0	0	0	0		0
Ryan Miller	WR	6	0	0	0	0	0	39	0	1	0	0	0	0	0	0		0
Blake Grupe	PK	6	0	0	0	0	0	0	0	0	0	0	0	0	0	0	42;29	3
Dalton Kincaid	TE	6	0	0	0	0	0	51	0	6	0	0	0	0	0	0		0
Brenton Strange	TE	6	0	0	0	0	0	11	0	1	0	0	0	0	0	0		0
Jalin Hyatt	WR	6	0	0	0	0	0	6	0	1	0	0	0	0	0	0		0
Sean Tucker	RB	6	0	0	0	136	1	56	1	3	0	0	0	0	0	0		0
Marvin Mims Jr.	WR	6	0	0	0	0	0	0	0	0	0	0	0	0	0	0		0
Tank Dell	WR	6	0	0	0	0	0	57	1	7	0	0	0	0	0	0		0
Cedric Tillman	WR	6	0	0	0	-5	0	0	0	0	0	0	0	0	0	0		0
Tucker Kraft	TE	6	0	0	0	2	0	13	0	2	0	0	0	0	0	0		0
Josh Downs	WR	6	0	0	0	-1	0	66	1	7	0	0	0	0	0	0		0
Roschon Johnson	RB	6	0	0	0	8	0	25	0	2	0	0	0	0	0	0		0
Tyjae Spears	RB	6	0	0	0	27	0	0	0	0	0	0	0	0	0	0		0
Elijah Higgins	TE	6	0	0	0	0	0	0	0	0	0	0	0	0	0	0		0
Jonathan Mingo	WR	6	0	0	0	0	0	1	0	1	0	0	0	0	0	0		0
Zay Flowers	WR	6	0	0	0	2	0	132	0	9	0	0	0	0	0	0		0
Sam LaPorta	TE	6	0	0	0	0	0	52	1	1	0	0	0	0	0	0		0
Jahmyr Gibbs	RB	6	0	0	0	63	0	28	0	3	0	0	0	0	0	0		0
Jayden Reed	WR	6	0	0	0	0	0	28	1	6	0	0	0	0	0	0		0
Will Levis	QB	6	95	1	1	15	0	0	0	0	0	0	0	0	0	0		0
C.J. Stroud	QB	6	192	3	1	7	0	0	0	0	0	0	0	0	0	0		0
Zach Charbonnet	RB	6	0	0	0	20	0	15	0	1	0	0	0	0	0	0		0
Jake Bates	PK	6	0	0	0	0	0	0	0	0	0	0	0	0	0	0	40;48;33;33	5
Dante Miller	RB	6	0	0	0	0	0	0	0	0	0	0	0	0	0	0		0
Brock Bowers	TE	6	0	0	0	0	0	71	0	9	0	0	0	0	0	0		0
Xavier Legette	WR	6	0	0	0	0	0	23	1	3	0	0	0	0	0	0		0
Luke McCaffrey	WR	6	0	0	0	0	0	5	0	1	0	0	0	0	0	0		0
Ja'Tavion Sanders	TE	6	0	0	0	0	0	49	0	5	0	0	0	0	0	0		0
Cade Stover	TE	6	0	0	0	0	0	0	0	0	0	0	0	0	0	0		0
Bucky Irving	RB	6	0	0	0	81	1	24	0	2	0	0	0	0	0	0		0
Isaac Guerendo	RB	6	0	0	0	99	0	0	0	0	0	0	0	0	0	0		0
Sione Vaki	RB	6	0	0	0	5	0	0	0	0	0	0	0	0	0	0		0
Jacob Cowing	WR	6	0	0	0	0	0	0	0	0	0	0	0	0	0	0		0
Audric Estimé	RB	6	0	0	0	13	0	0	0	0	0	0	0	0	0	0		0
Spencer Rattler	QB	6	243	1	2	27	0	0	0	0	0	0	0	0	0	0		0
Tyrone Tracy Jr.	RB	6	0	0	0	50	1	57	0	6	0	0	0	0	0	0		0
Bub Means	WR	6	0	0	0	0	0	45	1	5	0	0	0	0	0	0		0
Kimani Vidal	RB	6	0	0	0	11	0	40	1	2	0	0	0	0	0	0		0
Jha'Quan Jackson	WR	6	0	0	0	0	0	0	0	0	0	0	0	0	0	0		0
Dylan Laube	RB	6	0	0	0	0	0	0	0	0	0	1	0	0	0	0		0
Cam Little	PK	6	0	0	0	0	0	0	0	0	0	0	0	0	0	0	30	1
Ryan Flournoy	WR	6	0	0	0	0	0	12	0	1	0	0	1	0	0	0		0
Devaughn Vele	WR	6	0	0	0	0	0	78	0	4	0	0	0	0	0	0		0
Jalen Coker	WR	6	0	0	0	0	0	30	0	3	0	0	0	0	0	0		0
Xavier Weaver	WR	6	0	0	0	0	0	0	0	0	0	0	0	0	0	0		0
D.J. Williams	RB	6	0	0	0	0	0	0	0	0	0	0	0	0	0	0		0
Mason Tipton	WR	6	0	0	0	0	0	15	0	1	0	0	0	0	0	0		0
Brayden Narveson	PK	6	0	0	0	0	0	0	0	0	0	0	0	0	0	0	36;41	4
Bo Nix	QB	6	216	2	1	61	0	0	0	0	0	0	0	0	0	0		0
Will Shipley	RB	6	0	0	0	0	0	0	0	0	0	0	0	0	0	0		0
Terrell Jennings	RB	6	0	0	0	13	0	0	0	0	0	0	0	0	0	0		0
AJ Barner	TE	6	0	0	0	0	0	13	0	1	0	0	0	0	0	0		0
Braelon Allen	RB	6	0	0	0	8	0	0	0	0	0	0	0	0	0	0		0
Isaiah Davis	RB	6	0	0	0	0	0	0	0	0	0	0	0	0	0	0		0
Erick All	TE	6	0	0	0	0	0	10	0	2	0	0	0	0	0	0		0
Theo Johnson	TE	6	0	0	0	0	0	30	0	3	0	0	0	0	0	0		0
Marvin Harrison Jr.	WR	6	0	0	0	0	0	0	0	0	0	0	0	0	0	0		0
Drake Maye	QB	6	243	3	2	38	0	0	0	0	1	0	0	0	0	0		0
Jalen McMillan	WR	6	0	0	0	0	0	0	0	0	0	0	0	0	0	0		0
Troy Franklin	WR	6	0	0	0	5	0	31	1	2	0	0	0	0	0	0		0
Ray Davis	RB	6	0	0	0	97	0	55	0	3	0	0	0	0	0	0		0
Adonai Mitchell	WR	6	0	0	0	0	0	9	0	2	0	0	0	0	0	0		0
Brian Thomas Jr.	WR	6	0	0	0	0	0	27	0	3	0	0	0	0	0	0		0
Keon Coleman	WR	6	0	0	0	0	0	26	0	3	0	0	0	0	0	0		0
Ja'Lynn Polk	WR	6	0	0	0	0	0	4	0	1	0	0	0	0	0	0		0
Jayden Daniels	QB	6	269	2	0	22	0	0	0	0	0	0	0	0	0	0		0
Ladd McConkey	WR	6	0	0	0	0	0	43	0	4	0	0	0	0	0	0		0
Caleb Williams	QB	6	226	4	1	56	0	0	0	0	0	0	0	0	0	0		0
Rome Odunze	WR	6	0	0	0	0	0	40	0	2	0	0	0	0	0	0		0
Trey Benson	RB	6	0	0	0	26	0	0	0	0	0	0	0	0	0	0		0
Aaron Rodgers	QB	7	276	1	2	0	0	0	0	0	0	0	0	1	0	0		0
Nick Folk	PK	7	0	0	0	0	0	0	0	0	0	0	0	0	0	0	25	1
Matthew Stafford	QB	7	154	0	1	-2	0	0	0	0	0	0	0	0	0	0		0
Andy Dalton	QB	7	93	0	2	3	0	0	0	0	0	0	0	0	0	0		0
Russell Wilson	QB	7	264	2	0	3	1	0	0	0	0	0	0	0	0	0		0
Justin Tucker	PK	7	0	0	0	0	0	0	0	0	0	0	0	0	0	0	28;52	5
Kirk Cousins	QB	7	232	1	2	-1	0	0	0	0	1	0	0	0	0	0		0
Greg Zuerlein	PK	7	0	0	0	0	0	0	0	0	0	0	0	0	0	0		1
Brandon McManus	PK	7	0	0	0	0	0	0	0	0	0	0	0	0	0	0	45	3
Zach Ertz	TE	7	0	0	0	0	0	40	1	4	0	0	0	0	0	0		0
Dustin Hopkins	PK	7	0	0	0	0	0	0	0	0	0	0	0	0	0	0		0
Travis Kelce	TE	7	0	0	0	0	0	17	0	4	0	0	0	0	0	0		0
DeAndre Hopkins	WR	7	0	0	0	0	0	-2	0	1	0	0	0	0	0	0		0
Geno Smith	QB	7	207	2	0	15	0	0	0	0	0	0	0	0	0	0		0
Chris Boswell	PK	7	0	0	0	0	0	0	0	0	0	0	0	0	0	0	46;29;21	4
Odell Beckham Jr.	WR	7	0	0	0	0	0	0	0	0	0	0	0	0	0	0		0
Davante Adams	WR	7	0	0	0	0	0	30	0	3	0	0	0	0	0	0		0
Mike Evans	WR	7	0	0	0	0	0	25	1	1	0	0	0	0	0	0		0
Jason Myers	PK	7	0	0	0	0	0	0	0	0	0	0	0	0	0	0	38;59	4
Jameis Winston	QB	7	67	1	0	0	0	0	0	0	0	0	0	1	0	0		0
Amari Cooper	WR	7	0	0	0	0	0	66	1	4	0	0	0	0	0	0		0
Nelson Agholor	WR	7	0	0	0	0	0	20	0	1	0	0	0	0	0	0		0
Stefon Diggs	WR	7	0	0	0	0	0	23	0	5	0	0	0	0	0	0		0
Raheem Mostert	RB	7	0	0	0	50	0	0	0	0	0	1	0	0	0	0		0
Eric Tomlinson	TE	7	0	0	0	0	0	7	0	1	0	0	0	0	0	0		0
Chris Conley	WR	7	0	0	0	0	0	0	0	0	0	0	0	0	0	0		0
Geoff Swaim	TE	7	0	0	0	0	0	0	0	0	0	0	0	0	0	0		0
Tyler Lockett	WR	7	0	0	0	0	0	45	0	4	0	0	0	0	0	0		0
Marcus Mariota	QB	7	205	2	0	34	0	0	0	0	0	0	0	0	0	0		0
Sterling Shepard	WR	7	0	0	0	0	0	15	0	1	0	0	0	0	0	1		0
Austin Hooper	TE	7	0	0	0	0	0	32	0	4	0	0	0	0	0	0		0
Nick Vannett	TE	7	0	0	0	0	0	25	0	4	0	0	0	0	0	0		0
Kalif Raymond	WR	7	0	0	0	0	0	39	1	3	0	0	0	0	0	0		0
Wil Lutz	PK	7	0	0	0	0	0	0	0	0	0	0	0	0	0	0	46;32;52;38	3
Ka'imi Fairbairn	PK	7	0	0	0	0	0	0	0	0	0	0	0	0	0	0	23;52;35	1
Derrick Henry	RB	7	0	0	0	169	0	13	1	1	0	0	0	0	0	0		0
Demarcus Robinson	WR	7	0	0	0	0	0	9	0	1	0	0	0	0	0	0		0
Tyler Boyd	WR	7	0	0	0	0	0	43	0	5	0	0	0	0	0	0		0
Tyreek Hill	WR	7	0	0	0	5	0	8	0	1	0	0	0	0	0	0		0
Hunter Henry	TE	7	0	0	0	0	0	92	0	8	0	0	0	0	0	0		0
Jared Goff	QB	7	280	2	0	-4	0	0	0	0	0	0	0	0	0	0		0
Mo Alie-Cox	TE	7	0	0	0	0	0	0	0	0	0	0	0	0	0	0		0
Johnny Mundt	TE	7	0	0	0	0	0	8	0	4	0	0	0	0	0	0		0
Curtis Samuel	WR	7	0	0	0	0	0	0	0	0	0	0	0	0	0	0		0
George Kittle	TE	7	0	0	0	0	0	92	0	6	0	0	0	0	0	0		0
Aaron Jones	RB	7	0	0	0	93	1	23	0	3	0	0	0	0	0	0		0
Harrison Butker	PK	7	0	0	0	0	0	0	0	0	0	0	0	0	0	0		4
Kendrick Bourne	WR	7	0	0	0	0	0	14	0	1	0	0	0	0	0	0		0
Tim Patrick	WR	7	0	0	0	0	0	25	0	2	0	0	0	0	0	0		0
Patrick Ricard	RB	7	0	0	0	0	0	0	0	0	0	0	0	0	0	0		0
Samaje Perine	RB	7	0	0	0	6	0	22	0	1	0	0	0	0	0	0		0
Mike Williams	WR	7	0	0	0	0	0	15	0	1	0	0	0	0	0	0		0
Deshaun Watson	QB	7	128	0	0	0	0	0	0	0	0	0	0	0	0	0		0
James Conner	RB	7	0	0	0	101	0	51	0	2	0	0	0	0	0	0		0
Mack Hollins	WR	7	0	0	0	0	0	0	0	0	0	0	0	0	0	0		0
David Moore	WR	7	0	0	0	0	0	0	0	0	0	0	0	0	0	0		0
Noah Brown	WR	7	0	0	0	0	0	16	0	1	0	0	0	0	0	0		0
Austin Ekeler	RB	7	0	0	0	17	0	3	0	2	0	0	0	0	0	0		0
Younghoe Koo	PK	7	0	0	0	0	0	0	0	0	0	0	0	0	0	0		2
Jake Elliott	PK	7	0	0	0	0	0	0	0	0	0	0	0	0	0	0		4
Dare Ogunbowale	RB	7	0	0	0	6	0	0	0	0	0	0	0	0	0	0		0
Jonnu Smith	TE	7	0	0	0	0	0	96	1	7	0	0	0	0	0	0		0
Patrick Mahomes	QB	7	154	0	2	39	1	0	0	0	0	0	0	0	0	0		0
Evan Engram	TE	7	0	0	0	0	0	35	0	5	0	0	0	0	0	0		0
David Njoku	TE	7	0	0	0	0	0	76	1	10	0	0	0	0	0	0		0
Zay Jones	WR	7	0	0	0	0	0	0	0	0	0	0	0	0	0	0		0
Joe Mixon	RB	7	0	0	0	115	2	9	0	2	0	0	0	0	0	0		0
Alvin Kamara	RB	7	0	0	0	10	0	14	0	6	0	0	0	0	0	0		0
Chris Godwin Jr.	WR	7	0	0	0	0	0	65	0	7	0	0	0	0	0	0		0
Kareem Hunt	RB	7	0	0	0	78	2	5	0	2	0	0	0	0	0	0		0
D'Onta Foreman	RB	7	0	0	0	5	0	0	0	0	0	0	0	0	0	0		0
Jamaal Williams	RB	7	0	0	0	17	0	0	0	0	0	0	0	0	0	0		0
Jeremy McNichols	RB	7	0	0	0	42	0	0	0	0	0	0	0	0	0	0		0
Will Dissly	TE	7	0	0	0	0	0	81	0	8	0	0	0	0	0	0		0
Daniel Carlson	PK	7	0	0	0	0	0	0	0	0	0	0	0	0	0	0	38;47;38;27;27	0
Eddy Pineiro	PK	7	0	0	0	0	0	0	0	0	0	0	0	0	0	0		1
Tim Boyle	QB	7	74	0	0	4	0	0	0	0	0	0	0	0	0	0		0
Tyler Conklin	TE	7	0	0	0	0	0	7	1	4	0	0	0	0	0	0		0
Jordan Akins	TE	7	0	0	0	0	0	42	0	4	0	0	0	0	0	0		0
Ian Thomas	TE	7	0	0	0	0	0	4	0	2	0	0	0	0	0	0		0
Dalton Schultz	TE	7	0	0	0	0	0	28	0	1	0	0	0	0	0	0		0
Justin Watson	WR	7	0	0	0	0	0	8	0	1	0	0	0	0	0	0		0
Ray-Ray McCloud	WR	7	0	0	0	0	0	9	0	2	0	0	0	0	0	0		0
Cedrick Wilson Jr.	WR	7	0	0	0	0	0	57	1	6	0	0	0	0	0	0		0
Braxton Berrios	WR	7	0	0	0	0	0	0	0	0	0	0	0	0	0	0		0
Greg Joseph	PK	7	0	0	0	0	0	0	0	0	0	0	0	0	0	0	38	0
Trent Sherfield	WR	7	0	0	0	0	0	0	0	0	0	0	0	0	0	0		0
Allen Lazard	WR	7	0	0	0	0	0	58	0	4	0	0	0	0	0	0		0
Tanner Hudson	TE	7	0	0	0	0	0	0	0	0	0	0	0	0	0	0		0
Brandon Powell	WR	7	0	0	0	0	0	0	0	0	0	0	0	0	0	0		0
Mark Andrews	TE	7	0	0	0	0	0	41	2	4	0	0	0	0	0	0		0
Mason Rudolph	QB	7	215	1	1	13	0	0	0	0	0	1	0	0	0	0		0
Christian Kirk	WR	7	0	0	0	0	0	24	0	1	0	0	0	0	0	0		0
Nick Chubb	RB	7	0	0	0	22	1	10	0	1	0	0	0	0	0	0		0
Jason Sanders	PK	7	0	0	0	0	0	0	0	0	0	0	0	0	0	0	33	1
Lamar Jackson	QB	7	281	5	0	52	0	0	0	0	0	1	0	0	0	0		0
Durham Smythe	TE	7	0	0	0	0	0	0	0	0	0	0	0	0	0	0		0
Mike Gesicki	TE	7	0	0	0	0	0	2	0	1	0	0	0	0	0	0		0
Calvin Ridley	WR	7	0	0	0	0	0	42	0	3	0	0	0	0	0	0		0
Saquon Barkley	RB	7	0	0	0	176	1	11	0	2	0	0	0	0	0	0		0
Baker Mayfield	QB	7	370	3	2	22	0	0	0	0	0	0	0	1	0	0		0
Josh Allen	QB	7	323	2	0	1	0	0	0	0	0	0	0	0	0	0		0
Sam Darnold	QB	7	259	1	1	39	0	0	0	0	0	0	0	0	0	0		0
Alexander Mattison	RB	7	0	0	0	92	0	31	0	3	0	0	0	0	0	0		0
Justice Hill	RB	7	0	0	0	4	0	44	1	3	0	0	0	0	0	0		0
Foster Moreau	TE	7	0	0	0	0	0	38	0	2	0	0	0	0	0	0		0
Ashton Dulin	WR	7	0	0	0	12	0	0	0	0	0	0	0	0	0	0		0
Mecole Hardman	WR	7	0	0	0	38	1	17	0	1	0	0	0	0	0	0		0
Austin Seibert	PK	7	0	0	0	0	0	0	0	0	0	0	0	0	0	0	23;49;31;29	4
Joey Slye	PK	7	0	0	0	0	0	0	0	0	0	0	0	0	0	0	41	1
Olamide Zaccheaus	WR	7	0	0	0	0	0	25	0	4	0	0	0	0	0	0		0
Diontae Johnson	WR	7	0	0	0	0	0	17	0	1	0	0	0	0	0	0		0
Kyler Murray	QB	7	145	1	1	64	1	0	0	0	0	0	0	0	0	0		0
Miles Sanders	RB	7	0	0	0	34	0	-6	0	1	0	0	0	0	0	0		0
Josh Oliver	TE	7	0	0	0	0	0	5	0	1	0	0	0	0	0	0		0
Devin Singletary	RB	7	0	0	0	18	0	3	0	1	0	0	0	0	0	0		0
Tony Pollard	RB	7	0	0	0	61	0	4	0	2	0	0	0	0	0	0		0
Jarrett Stidham	QB	7	0	0	0	-2	0	0	0	0	0	0	0	0	0	0		0
Matt Gay	PK	7	0	0	0	0	0	0	0	0	0	0	0	0	0	0	52;22;38	1
Gardner Minshew	QB	7	154	0	3	2	0	0	0	0	1	0	0	0	0	0		0
Chase McLaughlin	PK	7	0	0	0	0	0	0	0	0	0	0	0	0	0	0	23	2
Lil'Jordan Humphrey	WR	7	0	0	0	0	0	12	0	2	0	0	0	0	0	0		0
Greg Dortch	WR	7	0	0	0	0	0	5	1	1	0	0	0	0	0	0		0
Darius Slayton	WR	7	0	0	0	0	0	11	0	1	0	0	0	0	0	0		0
Ty Johnson	RB	7	0	0	0	0	0	4	1	1	0	0	0	0	0	0		0
Joseph Fortson	TE	7	0	0	0	0	0	0	0	0	0	0	0	0	0	0		0
Alex Bachman	WR	7	0	0	0	0	0	0	0	0	0	0	0	0	0	0		0
D'Ernest Johnson	RB	7	0	0	0	38	0	32	0	3	0	0	0	0	0	0		0
Drew Sample	TE	7	0	0	0	0	0	0	0	0	0	0	0	0	0	0		0
Parris Campbell	WR	7	0	0	0	0	0	0	0	0	0	0	0	0	0	0		0
DK Metcalf	WR	7	0	0	0	0	0	99	1	4	0	0	0	0	0	0		0
Noah Fant	TE	7	0	0	0	0	0	65	0	4	0	0	0	0	0	0		0
Terry McLaurin	WR	7	0	0	0	0	0	98	0	6	0	0	0	0	0	0		0
A.J. Brown	WR	7	0	0	0	0	0	89	1	5	0	0	0	0	0	0		0
David Montgomery	RB	7	0	0	0	31	0	39	0	3	0	1	0	0	0	0		0
Dawson Knox	TE	7	0	0	0	0	0	5	0	1	0	0	0	0	0	0		0
Josh Jacobs	RB	7	0	0	0	76	0	16	1	5	0	0	0	0	0	0		0
Drew Lock	QB	7	6	0	0	13	0	0	0	0	0	0	0	0	0	0		0
Daniel Jones	QB	7	99	0	0	20	0	0	0	0	0	0	0	0	0	0		0
Deebo Samuel Sr.	WR	7	0	0	0	0	0	0	0	0	0	0	0	0	0	0		0
JaMycal Hasty	RB	7	0	0	0	-2	0	49	1	5	0	0	0	0	0	0		0
Jonathan Ward	RB	7	0	0	0	0	0	0	0	0	0	0	0	0	0	0		0
Tyler Huntley	QB	7	87	1	0	20	0	0	0	0	0	0	0	0	0	0		0
Juwan Johnson	TE	7	0	0	0	0	0	18	0	3	0	0	0	0	0	0		0
J.K. Dobbins	RB	7	0	0	0	40	0	26	0	3	0	0	0	0	0	0		0
Tyler Bass	PK	7	0	0	0	0	0	0	0	0	0	0	0	0	0	0	28;30	4
Nick Westbrook-Ikhine	WR	7	0	0	0	0	0	10	1	2	0	0	0	0	0	0		0
Gabe Davis	WR	7	0	0	0	0	0	13	0	1	0	0	0	0	0	0		0
Harrison Bryant	TE	7	0	0	0	0	0	19	0	2	0	0	0	0	0	0		0
Colby Parkinson	TE	7	0	0	0	0	0	32	0	2	0	0	0	0	0	0		0
Zack Moss	RB	7	0	0	0	7	0	33	0	3	0	0	0	0	0	0		0
Michael Pittman	WR	7	0	0	0	0	0	63	0	3	0	0	0	0	0	0		0
Brandon Aiyuk	WR	7	0	0	0	0	0	23	0	2	0	0	0	0	0	0		0
Jordan Love	QB	7	220	3	2	0	0	0	0	0	0	0	0	0	0	0		0
Laviska Shenault Jr.	WR	7	0	0	0	0	0	0	0	0	0	0	0	0	0	0		0
Darnell Mooney	WR	7	0	0	0	0	0	46	0	5	0	0	0	0	0	0		0
Justin Jefferson	WR	7	0	0	0	3	0	81	1	7	0	0	0	0	0	0		0
Antonio Gibson	RB	7	0	0	0	4	0	9	0	1	0	0	0	0	0	0		0
K.J. Osborn	WR	7	0	0	0	0	0	26	1	2	0	0	0	0	0	0		0
Justin Herbert	QB	7	349	0	0	8	0	0	0	0	0	0	0	0	0	0		0
Jalen Reagor	WR	7	0	0	0	-1	0	41	0	1	0	0	1	0	0	0		0
Jalen Hurts	QB	7	114	1	0	22	2	0	0	0	0	0	0	0	0	0		0
Jerry Jeudy	WR	7	0	0	0	0	0	18	0	1	0	0	0	0	0	0		0
Tee Higgins	WR	7	0	0	0	0	0	82	1	4	0	0	0	0	0	0		0
Cam Akers	RB	7	0	0	0	0	0	0	0	0	0	0	0	0	0	0		0
Van Jefferson	WR	7	0	0	0	0	0	15	1	2	0	0	0	0	0	0		0
Adam Trautman	TE	7	0	0	0	0	0	0	0	0	0	0	0	0	0	0		0
DeeJay Dallas	RB	7	0	0	0	0	0	0	0	0	0	0	0	0	0	0		0
Tyler Johnson	WR	7	0	0	0	0	0	57	0	4	0	0	0	0	0	0		0
Charlie Woerner	TE	7	0	0	0	0	0	0	0	0	0	0	0	0	0	0		0
Joe Burrow	QB	7	181	2	0	-3	0	0	0	0	0	0	0	0	0	0		0
DJ Turner	WR	7	0	0	0	4	0	13	0	2	0	0	0	0	0	0		0
Rashod Bateman	WR	7	0	0	0	0	0	121	1	4	0	0	0	0	0	0		0
Chuba Hubbard	RB	7	0	0	0	52	1	0	0	0	0	0	0	0	0	0		0
Quintin Morris	TE	7	0	0	0	0	0	0	0	0	0	0	0	0	0	0		0
Jaylen Waddle	WR	7	0	0	0	0	0	11	0	1	0	0	0	0	0	0		0
Dyami Brown	WR	7	0	0	0	0	0	23	0	1	0	0	0	0	0	0		0
John Bates	TE	7	0	0	0	0	0	0	0	0	0	0	0	0	0	0		0
Tylan Wallace	WR	7	0	0	0	0	0	0	0	0	0	0	0	0	0	0		0
Ihmir Smith-Marsette	WR	7	0	0	0	0	0	0	0	0	0	0	0	0	0	0		0
Noah Gray	TE	7	0	0	0	0	0	66	0	4	0	0	0	0	0	0		0
Simi Fehoko	WR	7	0	0	0	0	0	45	0	3	0	0	0	0	0	0		0
Jack Stoll	TE	7	0	0	0	0	0	0	0	0	0	0	0	0	0	0		0
Tutu Atwell	WR	7	0	0	0	0	0	51	0	6	0	0	0	0	0	0		0
Evan McPherson	PK	7	0	0	0	0	0	0	0	0	0	0	0	0	0	0		3
Rhamondre Stevenson	RB	7	0	0	0	18	0	7	0	2	0	0	0	0	0	0		0
Kylen Granson	TE	7	0	0	0	0	0	0	0	0	0	0	0	0	0	0		0
Jaelon Darden	WR	7	0	0	0	0	0	0	0	0	0	0	0	0	0	0		0
Najee Harris	RB	7	0	0	0	102	1	0	0	0	0	0	0	0	0	0		0
Pat Freiermuth	TE	7	0	0	0	0	0	51	0	2	0	0	0	0	0	0		0
Ja'Marr Chase	WR	7	0	0	0	11	0	55	1	5	0	0	0	0	0	0		0
DeVonta Smith	WR	7	0	0	0	0	0	-2	0	1	0	0	0	0	0	0		0
Kenny Gainwell	RB	7	0	0	0	56	0	11	0	1	0	0	0	0	0	0		0
Avery Williams	RB	7	0	0	0	0	0	0	0	0	0	0	0	0	0	0		0
Amon-Ra St. Brown	WR	7	0	0	0	0	0	112	1	8	0	0	0	0	0	0		0
Kyle Pitts	TE	7	0	0	0	0	0	65	0	7	0	0	0	0	0	0		0
Trevor Lawrence	QB	7	193	1	0	13	0	0	0	0	0	0	0	1	0	0		0
Elijah Moore	WR	7	0	0	0	0	0	41	0	6	0	0	0	0	0	0		0
Trey Sermon	RB	7	0	0	0	36	0	13	0	1	0	0	0	0	0	0		0
Josh Palmer	WR	7	0	0	0	0	0	63	0	4	0	0	0	0	0	0		0
Javonte Williams	RB	7	0	0	0	88	2	23	0	3	0	0	0	0	0	0		0
Hunter Long	TE	7	0	0	0	0	0	5	0	1	0	0	0	0	0	0		0
Grant Calcaterra	TE	7	0	0	0	0	0	5	0	1	0	0	0	0	0	0		0
Bo Melton	WR	7	0	0	0	-1	0	8	0	1	0	0	0	0	0	0		0
Tyler Goodson	RB	7	0	0	0	51	1	0	0	0	0	0	0	0	0	0		0
Irvin Charles	WR	7	0	0	0	0	0	0	0	0	0	0	0	0	0	0		0
Cameron Dicker	PK	7	0	0	0	0	0	0	0	0	0	0	0	0	0	0	59;50;28;47;40	0
Jaylen Warren	RB	7	0	0	0	44	0	15	0	2	0	0	0	0	0	0		0
Drake London	WR	7	0	0	0	0	0	63	1	6	0	0	0	0	0	0		0
Jameson Williams	WR	7	0	0	0	0	0	-4	0	1	0	0	0	0	0	0		0
George Pickens	WR	7	0	0	0	0	0	111	1	5	0	0	0	0	0	0		0
James Cook	RB	7	0	0	0	32	1	0	0	0	0	0	0	0	0	0		0
Rachaad White	RB	7	0	0	0	40	0	71	2	6	0	0	0	0	0	0		0
Dameon Pierce	RB	7	0	0	0	2	0	0	0	0	0	0	0	0	0	0		0
Khalil Shakir	WR	7	0	0	0	0	0	65	0	7	0	0	0	0	0	0		0
Tyler Allgeier	RB	7	0	0	0	36	0	9	0	1	0	0	0	0	0	0		0
Ty Chandler	RB	7	0	0	0	4	0	0	0	0	0	0	0	0	0	0		0
Jalen Nailor	WR	7	0	0	0	0	0	76	0	4	0	0	0	0	0	0		0
Andrew Ogletree	TE	7	0	0	0	0	0	0	0	0	0	0	0	0	0	0		0
Ko Kieft	TE	7	0	0	0	0	0	0	0	0	0	0	0	0	0	0		0
Raheem Blackshear	RB	7	0	0	0	0	0	0	0	0	0	0	0	0	0	0		0
Troy Hairston	RB	7	0	0	0	0	0	0	0	0	0	0	0	0	0	0		0
Stone Smartt	TE	7	0	0	0	0	0	31	0	1	0	0	0	0	0	0		0
Jordan Mason	RB	7	0	0	0	58	0	11	0	2	0	0	0	0	0	0		0
Lucas Krull	TE	7	0	0	0	0	0	41	0	3	0	0	0	0	0	0		0
Ronnie Rivers	RB	7	0	0	0	0	0	0	0	0	0	0	0	0	0	0		0
Julius Chestnut	RB	7	0	0	0	15	0	9	0	1	0	0	0	0	0	0		0
Hassan Haskins	RB	7	0	0	0	2	0	0	0	0	0	0	0	0	0	0		0
Alec Pierce	WR	7	0	0	0	0	0	15	0	2	0	0	0	0	0	0		0
Garrett Wilson	WR	7	0	0	0	0	0	61	0	5	0	0	0	0	0	1		0
Jahan Dotson	WR	7	0	0	0	0	0	0	0	0	0	0	0	0	0	0		0
Trey McBride	TE	7	0	0	0	0	0	51	0	5	0	0	0	0	0	0		0
Brian Robinson	RB	7	0	0	0	71	1	0	0	0	0	0	0	0	0	0		0
Chig Okonkwo	TE	7	0	0	0	0	0	50	0	4	0	0	0	0	0	0		0
Romeo Doubs	WR	7	0	0	0	0	0	94	0	8	0	0	0	0	0	0		0
Brock Purdy	QB	7	212	0	3	27	2	0	0	0	0	0	0	0	0	0		0
Calvin Austin III	WR	7	0	0	0	0	0	36	0	1	0	0	0	0	0	0		0
Isaiah Likely	TE	7	0	0	0	0	0	17	0	2	0	0	0	0	0	0		0
Kyren Williams	RB	7	0	0	0	76	2	0	0	0	0	0	0	0	0	0		0
Zamir White	RB	7	0	0	0	13	0	14	0	1	0	0	0	0	0	0		0
Charlie Kolar	TE	7	0	0	0	0	0	14	0	1	0	0	0	0	0	0		0
Skyy Moore	WR	7	0	0	0	0	0	0	0	0	0	0	0	0	0	0		0
Pierre Strong	RB	7	0	0	0	6	0	9	0	1	0	0	0	0	0	0		0
Kenny Pickett	QB	7	0	0	0	0	0	0	0	0	0	0	0	0	0	0		0
Daniel Bellinger	TE	7	0	0	0	0	0	11	0	1	0	0	0	0	0	0		0
Wan'Dale Robinson	WR	7	0	0	0	0	0	23	0	6	0	0	0	0	0	0		0
Breece Hall	RB	7	0	0	0	38	1	103	0	6	0	0	0	0	0	0		0
Christian Watson	WR	7	0	0	0	-4	0	9	0	1	0	0	0	0	0	0		0
Cade Otton	TE	7	0	0	0	0	0	100	0	8	0	0	0	0	0	0		0
Kenneth Walker III	RB	7	0	0	0	69	1	24	1	2	0	0	0	0	0	0		0
Xavier Smith	WR	7	0	0	0	30	0	0	0	0	0	0	0	0	0	0		0
Dontayvion Wicks	WR	7	0	0	0	0	0	48	1	3	0	0	0	0	0	0		0
Will Mallory	TE	7	0	0	0	0	0	5	0	1	0	0	0	0	0	0		0
Eric Gray	RB	7	0	0	0	2	0	7	0	1	0	0	0	0	0	0		0
Anders Carlson	PK	7	0	0	0	0	0	0	0	0	0	0	0	0	0	0	55;24	0
Bryce Ford-Wheaton	WR	7	0	0	0	0	0	0	0	0	0	0	0	0	0	0		0
Brady Russell	RB	7	0	0	0	0	0	0	0	0	0	0	0	0	0	0		0
Xavier Gipson	WR	7	0	0	0	0	0	0	0	0	0	0	0	0	0	0		0
Bijan Robinson	RB	7	0	0	0	103	1	40	0	3	0	0	0	0	0	0		0
Jaxon Smith-Njigba	WR	7	35	0	0	0	0	9	0	3	0	0	0	0	0	0		0
Kendre Miller	RB	7	0	0	0	36	0	1	0	2	0	0	0	0	0	0		0
Tank Bigsby	RB	7	0	0	0	118	2	0	0	0	0	0	0	0	0	0		0
Darnell Washington	TE	7	0	0	0	0	0	36	0	4	0	0	0	0	0	0		0
Michael Wilson	WR	7	0	0	0	0	0	15	0	1	0	0	0	0	0	0		0
Tre Tucker	WR	7	0	0	0	11	0	36	0	3	0	0	0	0	0	0		0
Chad Ryland	PK	7	0	0	0	0	0	0	0	0	0	0	0	0	0	0	32	2
Charlie Jones	WR	7	0	0	0	0	0	0	0	0	0	0	0	0	0	0		0
Aidan O'Connell	QB	7	52	0	0	0	0	0	0	0	0	0	0	0	0	0		0
Clayton Tune	QB	7	0	0	0	2	0	0	0	0	0	0	0	0	0	0		0
Dorian Thompson-Robinson	QB	7	82	0	2	44	0	0	0	0	0	0	0	0	0	0		0
Josh Whyle	TE	7	0	0	0	0	0	34	0	3	0	0	0	0	0	0		0
Chase Brown	RB	7	0	0	0	44	0	9	0	2	0	0	0	0	0	0		0
Parker Washington	WR	7	0	0	0	0	0	0	0	0	0	0	0	0	0	0		0
Kayshon Boutte	WR	7	0	0	0	0	0	33	0	1	0	0	0	0	0	0		0
Xavier Hutchinson	WR	7	0	0	0	0	0	11	0	1	0	0	0	0	0	0		0
Andrei Iosivas	WR	7	0	0	0	0	0	0	0	0	0	0	0	0	0	0		0
DeMario Douglas	WR	7	0	0	0	0	0	14	0	2	0	0	0	0	0	0		0
Kenny McIntosh	RB	7	0	0	0	5	0	0	0	0	0	0	0	0	0	0		0
Ronnie Bell	WR	7	0	0	0	0	0	10	0	1	0	0	0	0	0	0		0
Emari Demercado	RB	7	0	0	0	14	0	0	0	0	0	0	0	0	0	0		0
Julian Hill	TE	7	0	0	0	0	0	4	0	1	0	0	0	0	0	0		0
Jake Bobo	WR	7	0	0	0	0	0	0	0	0	0	0	0	0	0	0		0
Nate Adkins	TE	7	0	0	0	0	0	0	0	0	0	0	0	0	0	0		0
Jaleel McLaughlin	RB	7	0	0	0	35	0	0	0	0	0	0	0	0	0	0		0
Emanuel Wilson	RB	7	0	0	0	11	0	0	0	0	0	0	0	0	0	0		0
Ben Sims	TE	7	0	0	0	0	0	2	0	1	0	0	0	0	0	0		0
Blake Grupe	PK	7	0	0	0	0	0	0	0	0	0	0	0	0	0	0	35	1
Dalton Kincaid	TE	7	0	0	0	0	0	52	0	3	0	0	0	0	0	0		0
Jalin Hyatt	WR	7	0	0	0	0	0	0	0	0	0	0	0	0	0	0		0
Sean Tucker	RB	7	0	0	0	29	0	9	0	1	0	0	0	0	0	0		0
Marvin Mims Jr.	WR	7	0	0	0	0	0	18	0	2	0	0	0	0	0	0		0
Tank Dell	WR	7	0	0	0	0	0	0	0	0	0	0	0	0	0	0		0
Cedric Tillman	WR	7	0	0	0	0	0	81	0	8	0	0	0	0	0	1		0
Jordan Addison	WR	7	0	0	0	0	0	66	0	3	0	0	0	0	0	0		0
Tucker Kraft	TE	7	0	0	0	0	0	33	1	3	0	0	0	0	0	0		0
Josh Downs	WR	7	0	0	0	0	0	3	0	1	0	0	0	0	0	0		0
Jake Haener	QB	7	38	1	0	0	0	0	0	0	0	0	0	0	0	0		0
De'Von Achane	RB	7	0	0	0	77	0	8	0	2	0	0	0	0	0	0		0
Elijah Higgins	TE	7	0	0	0	0	0	1	0	1	0	0	0	0	0	0		0
Trey Palmer	WR	7	0	0	0	0	0	16	0	1	0	0	0	0	0	0		0
Zay Flowers	WR	7	0	0	0	19	0	11	0	1	0	0	0	0	0	0		0
Sam LaPorta	TE	7	0	0	0	0	0	25	0	1	0	0	0	0	0	0		0
Jahmyr Gibbs	RB	7	0	0	0	116	2	44	0	4	0	0	0	0	0	0		0
Jayden Reed	WR	7	0	0	0	0	0	10	0	2	0	0	0	0	0	0		0
Bryce Young	QB	7	-4	0	0	0	0	0	0	0	0	0	0	0	0	0		0
C.J. Stroud	QB	7	86	0	0	19	0	0	0	0	0	0	0	0	0	0		0
Anthony Richardson	QB	7	129	0	0	56	0	0	0	0	0	1	0	0	0	0		0
Zach Charbonnet	RB	7	0	0	0	14	0	-5	0	1	0	0	0	0	0	0		0
Jake Bates	PK	7	0	0	0	0	0	0	0	0	0	0	0	0	0	0	44	4
Chris Collier	RB	7	0	0	0	0	0	0	0	0	0	0	0	0	0	0		0
Carson Steele	RB	7	0	0	0	17	0	0	0	0	0	0	0	0	0	0		0
Malik Nabers	WR	7	0	0	0	0	0	41	0	4	0	0	0	0	0	0		0
Brock Bowers	TE	7	0	0	0	0	0	93	0	10	0	0	0	0	0	0		0
Xavier Legette	WR	7	0	0	0	6	0	3	0	2	0	0	0	0	0	0		0
Ja'Tavion Sanders	TE	7	0	0	0	0	0	61	0	6	0	0	0	0	0	0		0
Cade Stover	TE	7	0	0	0	0	0	15	0	1	0	0	0	0	0	0		0
Bucky Irving	RB	7	0	0	0	23	1	54	0	3	0	0	0	0	0	0		0
Isaac Guerendo	RB	7	0	0	0	2	0	5	0	1	0	0	0	0	0	0		0
Sione Vaki	RB	7	0	0	0	0	0	0	0	0	0	0	0	0	0	0		0
Jacob Cowing	WR	7	0	0	0	0	0	50	0	2	0	0	0	0	0	0		0
Audric Estimé	RB	7	0	0	0	29	0	0	0	0	0	1	0	0	0	0		0
Spencer Rattler	QB	7	172	0	0	34	0	0	0	0	2	0	0	0	0	0		0
Tyrone Tracy Jr.	RB	7	0	0	0	23	0	9	0	3	0	0	0	0	0	0		0
Bub Means	WR	7	0	0	0	0	0	37	0	3	0	0	0	0	0	0		0
Kimani Vidal	RB	7	0	0	0	10	0	9	0	1	0	0	0	0	0	0		0
Jha'Quan Jackson	WR	7	0	0	0	0	0	0	0	0	0	0	0	0	0	0		0
Jase McClellan	RB	7	0	0	0	17	0	0	0	0	0	0	0	0	0	0		0
Casey Washington	WR	7	0	0	0	0	0	14	0	1	0	0	0	0	0	0		0
Will Reichard	PK	7	0	0	0	0	0	0	0	0	0	0	0	0	0	0	57;42;48	2
Cam Little	PK	7	0	0	0	0	0	0	0	0	0	0	0	0	0	0	21	3
Devaughn Vele	WR	7	0	0	0	0	0	20	0	1	0	0	0	0	0	0		0
Jalen Coker	WR	7	0	0	0	0	0	10	0	1	0	0	0	0	0	0		0
Jermaine Jackson	WR	7	0	0	0	0	0	0	0	0	0	0	0	0	0	0		0
Mason Tipton	WR	7	0	0	0	0	0	45	0	6	0	0	0	0	0	0		0
Colson Yankoff	TE	7	0	0	0	0	0	0	0	0	0	0	0	0	0	0		0
Bo Nix	QB	7	164	0	0	75	0	0	0	0	0	0	0	0	0	0		0
Tip Reiman	TE	7	0	0	0	0	0	1	0	1	0	0	0	0	0	0		0
Blake Corum	RB	7	0	0	0	11	0	0	0	0	0	0	0	0	0	0		0
Will Shipley	RB	7	0	0	0	15	0	0	0	0	0	0	0	0	0	0		0
Joshua Karty	PK	7	0	0	0	0	0	0	0	0	0	0	0	0	0	0		2
Devontez Walker	WR	7	0	0	0	0	0	0	0	0	0	0	0	0	0	0		0
AJ Barner	TE	7	0	0	0	0	0	5	0	1	0	0	0	0	0	0		0
Braelon Allen	RB	7	0	0	0	4	0	2	0	1	0	0	0	0	0	0		0
Isaiah Davis	RB	7	0	0	0	12	0	0	0	0	0	0	0	0	0	0		0
Erick All	TE	7	0	0	0	0	0	0	0	0	0	0	0	0	0	0		0
Theo Johnson	TE	7	0	0	0	0	0	0	0	0	0	0	0	0	0	0		0
Marvin Harrison Jr.	WR	7	0	0	0	0	0	21	0	3	0	0	0	0	0	0		0
Drake Maye	QB	7	276	2	0	18	0	0	0	0	0	0	0	0	0	0		0
Jalen McMillan	WR	7	0	0	0	11	0	15	0	3	0	0	0	0	0	0		0
Troy Franklin	WR	7	0	0	0	0	0	50	0	5	0	0	0	0	0	0		0
Jaylen Wright	RB	7	0	0	0	33	0	0	0	0	0	0	0	0	0	0		0
Ray Davis	RB	7	0	0	0	41	1	6	0	1	0	0	0	0	0	0		0
Malik Washington	WR	7	0	0	0	0	0	9	0	2	0	0	0	0	0	0		0
Adonai Mitchell	WR	7	0	0	0	0	0	30	0	2	0	0	0	0	0	0		0
Brian Thomas Jr.	WR	7	0	0	0	2	0	89	1	5	0	0	0	0	0	1		0
Xavier Worthy	WR	7	0	0	0	5	0	19	0	3	0	0	0	0	0	0		0
Keon Coleman	WR	7	0	0	0	0	0	125	0	4	0	0	0	0	0	0		0
Ja'Lynn Polk	WR	7	0	0	0	0	0	0	0	0	0	0	0	0	0	0		0
Jayden Daniels	QB	7	6	0	0	50	0	0	0	0	0	0	0	0	0	0		0
Ben Sinnott	TE	7	0	0	0	0	0	6	1	2	0	0	0	0	0	0		0
Ladd McConkey	WR	7	0	0	0	0	0	46	0	5	0	0	0	0	0	0		0
Ricky Pearsall	WR	7	0	0	0	0	0	21	0	3	0	0	0	0	0	0		0
Michael Penix Jr.	QB	7	14	0	0	0	0	0	0	0	0	0	0	0	0	0		0
Aaron Rodgers	QB	8	233	2	0	0	0	0	0	0	0	0	0	0	0	0		0
Nick Folk	PK	8	0	0	0	0	0	0	0	0	0	0	0	0	0	0		2
Matthew Stafford	QB	8	279	4	1	-4	0	0	0	0	0	0	0	0	0	0		0
Russell Wilson	QB	8	278	1	0	7	0	0	0	0	1	0	0	0	0	0		0
Justin Tucker	PK	8	0	0	0	0	0	0	0	0	0	0	0	0	0	0	49	3
Kirk Cousins	QB	8	276	4	0	16	0	0	0	0	0	0	0	0	0	0		0
Greg Zuerlein	PK	8	0	0	0	0	0	0	0	0	0	0	0	0	0	0	29	1
Brandon McManus	PK	8	0	0	0	0	0	0	0	0	0	0	0	0	0	0	31;38;24	3
Zach Ertz	TE	8	0	0	0	0	0	77	0	7	0	0	0	0	0	0		0
Dustin Hopkins	PK	8	0	0	0	0	0	0	0	0	0	0	0	0	0	0	28;33;48	2
Keenan Allen	WR	8	0	0	0	0	0	39	0	2	0	0	0	0	0	0		0
Robert Woods	WR	8	0	0	0	0	0	18	0	2	0	0	0	0	0	0		0
Travis Kelce	TE	8	0	0	0	0	0	90	1	10	0	0	0	0	0	0		0
DeAndre Hopkins	WR	8	0	0	0	0	0	29	0	2	0	0	0	0	0	0		0
Geno Smith	QB	8	212	0	1	16	0	0	0	0	0	0	0	0	0	0		0
Chris Boswell	PK	8	0	0	0	0	0	0	0	0	0	0	0	0	0	0	31;25;27;27	2
Cairo Santos	PK	8	0	0	0	0	0	0	0	0	0	0	0	0	0	0		1
Davante Adams	WR	8	0	0	0	0	0	54	0	4	0	0	0	0	0	0		0
Allen Robinson	WR	8	0	0	0	0	0	0	0	0	0	0	0	0	0	0		0
Chris Manhertz	TE	8	0	0	0	0	0	0	0	0	0	0	0	0	0	0		0
Jason Myers	PK	8	0	0	0	0	0	0	0	0	0	0	0	0	0	0	38	1
Jameis Winston	QB	8	334	3	0	2	0	0	0	0	1	0	0	0	0	0		0
Amari Cooper	WR	8	0	0	0	0	0	3	0	1	0	0	0	0	0	0		0
Nelson Agholor	WR	8	0	0	0	0	0	36	1	3	0	0	0	0	0	0		0
MyCole Pruitt	TE	8	0	0	0	0	0	10	0	1	0	0	0	0	0	0		0
Stefon Diggs	WR	8	0	0	0	-4	0	81	0	5	0	0	0	0	0	0		0
Raheem Mostert	RB	8	0	0	0	19	2	11	0	1	0	0	0	0	0	0		0
Eric Tomlinson	TE	8	0	0	0	0	0	0	0	0	0	0	0	0	0	0		0
DeAndre Carter	WR	8	0	0	0	0	0	7	0	1	0	0	0	0	0	0		0
Ameer Abdullah	RB	8	0	0	0	2	0	9	0	1	0	0	0	0	0	0		0
Chris Conley	WR	8	0	0	0	0	0	0	0	0	0	0	0	0	0	0		0
Geoff Swaim	TE	8	0	0	0	0	0	7	0	1	0	0	0	0	0	0		0
Tyler Lockett	WR	8	0	0	0	0	0	9	0	1	0	0	0	0	0	0		0
Sterling Shepard	WR	8	0	0	0	0	0	18	0	3	0	0	0	0	0	0		0
Austin Hooper	TE	8	0	0	0	0	0	15	0	3	0	0	0	0	0	0		0
Nick Vannett	TE	8	0	0	0	0	0	0	0	0	0	0	0	0	0	0		0
Kalif Raymond	WR	8	0	0	0	0	0	14	1	2	0	0	0	0	0	0		0
Wil Lutz	PK	8	0	0	0	0	0	0	0	0	0	0	0	0	0	0		4
Ka'imi Fairbairn	PK	8	0	0	0	0	0	0	0	0	0	0	0	0	0	0	35;35;34	2
Derrick Henry	RB	8	0	0	0	73	1	4	0	1	0	0	0	0	0	0		0
Demarcus Robinson	WR	8	0	0	0	0	0	35	2	2	0	0	0	0	0	0		0
Tyler Boyd	WR	8	0	0	0	0	0	14	0	3	0	0	0	0	0	0		0
Tyreek Hill	WR	8	0	0	0	0	0	72	0	6	0	0	0	0	0	0		0
Ezekiel Elliott	RB	8	0	0	0	34	1	4	0	1	0	0	0	0	0	0		0
Dak Prescott	QB	8	243	2	2	-1	0	0	0	0	0	0	0	0	0	0		0
Hunter Henry	TE	8	0	0	0	0	0	45	0	5	0	0	0	0	0	0		0
Jared Goff	QB	8	85	3	0	1	0	0	0	0	0	0	0	0	0	0		0
Jacoby Brissett	QB	8	132	0	0	11	0	0	0	0	0	0	0	1	0	0		0
Mo Alie-Cox	TE	8	0	0	0	0	0	0	0	0	0	0	0	0	0	0		0
Johnny Mundt	TE	8	0	0	0	0	0	10	0	1	0	0	0	0	0	0		0
George Kittle	TE	8	0	0	0	0	0	128	1	6	0	0	0	0	0	0		0
Aaron Jones	RB	8	0	0	0	58	0	37	0	2	0	0	0	0	0	0		0
Harrison Butker	PK	8	0	0	0	0	0	0	0	0	0	0	0	0	0	0	42;24	3
Kendrick Bourne	WR	8	0	0	0	0	0	0	0	0	0	0	0	0	0	0		0
Taysom Hill	TE	8	3	0	0	20	0	21	0	2	0	0	0	0	0	0		0
Tim Patrick	WR	8	0	0	0	0	0	0	0	0	0	0	0	0	0	0		0
Pharaoh Brown	TE	8	0	0	0	0	0	0	0	0	0	0	0	0	0	0		0
Samaje Perine	RB	8	0	0	0	0	0	30	0	2	0	0	0	0	0	0		0
Mike Williams	WR	8	0	0	0	0	0	0	0	0	0	0	0	0	0	0		0
James Conner	RB	8	0	0	0	53	1	16	0	2	0	0	0	0	0	0		0
Mack Hollins	WR	8	0	0	0	0	0	0	0	0	0	0	0	0	0	0		0
Eric Saubert	TE	8	0	0	0	0	0	0	0	0	0	0	0	0	0	0		0
David Moore	WR	8	0	0	0	0	0	39	0	4	0	0	0	0	0	0		0
Noah Brown	WR	8	0	0	0	0	0	73	1	3	0	0	0	0	0	0		0
Austin Ekeler	RB	8	0	0	0	52	0	6	0	2	0	0	0	0	0	0		0
Younghoe Koo	PK	8	0	0	0	0	0	0	0	0	0	0	0	0	0	0	39	4
Jake Elliott	PK	8	0	0	0	0	0	0	0	0	0	0	0	0	0	0	39;49;47	4
Dare Ogunbowale	RB	8	0	0	0	4	0	0	0	0	0	0	0	0	0	0		0
Jonnu Smith	TE	8	0	0	0	0	0	20	0	4	0	0	0	0	0	0		0
Mitchell Trubisky	QB	8	0	0	0	-3	0	0	0	0	0	0	0	0	0	0		0
Patrick Mahomes	QB	8	262	2	1	17	0	0	0	0	0	0	0	0	0	0		0
Evan Engram	TE	8	0	0	0	0	0	36	1	4	0	0	0	0	0	0		0
David Njoku	TE	8	0	0	0	0	0	61	1	5	0	0	0	0	0	0		0
Zay Jones	WR	8	0	0	0	0	0	3	0	1	0	0	0	0	0	0		0
Dalvin Cook	RB	8	0	0	0	12	0	10	0	1	0	0	0	0	0	0		0
Gerald Everett	TE	8	0	0	0	0	0	3	0	1	0	0	0	0	0	0		0
Joe Mixon	RB	8	0	0	0	102	1	32	0	4	0	0	0	0	0	0		0
Alvin Kamara	RB	8	0	0	0	67	0	55	0	6	0	0	0	0	0	0		0
Cooper Kupp	WR	8	0	0	0	0	0	51	1	5	0	0	0	0	0	0		0
Kareem Hunt	RB	8	0	0	0	59	1	4	0	1	0	0	0	0	0	0		0
D'Onta Foreman	RB	8	0	0	0	26	0	0	0	0	0	0	0	0	0	0		0
Jamaal Williams	RB	8	0	0	0	4	0	0	0	0	0	0	0	0	0	0		0
Jeremy McNichols	RB	8	0	0	0	-1	0	0	0	0	0	0	0	0	0	0		0
Will Dissly	TE	8	0	0	0	0	0	41	0	5	0	0	0	0	0	0		0
Daniel Carlson	PK	8	0	0	0	0	0	0	0	0	0	0	0	0	0	0	54;32	2
Eddy Pineiro	PK	8	0	0	0	0	0	0	0	0	0	0	0	0	0	0		2
Tyler Conklin	TE	8	0	0	0	0	0	42	1	3	0	0	0	0	0	0		0
Courtland Sutton	WR	8	28	0	0	0	0	100	0	8	0	0	1	0	0	0		0
Jordan Akins	TE	8	0	0	0	0	0	0	0	0	0	0	0	0	0	0		0
Dalton Schultz	TE	8	0	0	0	0	0	52	0	4	0	0	0	0	0	0		0
Justin Watson	WR	8	0	0	0	0	0	33	0	3	0	0	0	0	0	0		0
Ray-Ray McCloud	WR	8	0	0	0	17	0	9	0	3	0	0	0	0	0	0		0
Greg Joseph	PK	8	0	0	0	0	0	0	0	0	0	0	0	0	0	0	29;39;44;48	0
Trent Sherfield	WR	8	0	0	0	0	0	10	1	1	0	0	0	0	0	0		0
Brandon Powell	WR	8	0	0	0	0	0	0	0	0	0	0	0	0	0	0		0
Mark Andrews	TE	8	0	0	0	0	0	36	1	5	0	0	0	0	0	0		0
Mason Rudolph	QB	8	266	1	2	29	1	0	0	0	0	0	0	0	0	0		0
Christian Kirk	WR	8	0	0	0	0	0	59	0	2	0	0	0	0	0	0		0
Nick Chubb	RB	8	0	0	0	52	0	0	0	0	0	0	0	0	0	0		0
Jason Sanders	PK	8	0	0	0	0	0	0	0	0	0	0	0	0	0	0	53;25	3
Lamar Jackson	QB	8	289	2	0	46	0	0	0	0	0	0	0	0	0	0		0
DJ Moore	WR	8	0	0	0	7	0	27	0	2	0	0	0	0	0	0		0
Mike Gesicki	TE	8	0	0	0	0	0	73	0	7	0	0	1	0	0	0		0
Calvin Ridley	WR	8	0	0	0	3	0	143	0	10	0	1	0	0	0	0		0
Saquon Barkley	RB	8	0	0	0	108	0	3	0	1	0	0	0	0	0	0		0
KhaDarel Hodge	WR	8	0	0	0	0	0	0	0	0	0	0	0	0	0	0		0
Baker Mayfield	QB	8	330	3	2	11	0	0	0	0	0	0	0	0	0	0		0
Josh Allen	QB	8	283	2	1	25	0	0	0	0	0	0	0	0	0	0		0
Sam Darnold	QB	8	240	2	0	6	0	0	0	0	0	0	0	0	0	0		0
Jakobi Meyers	WR	8	0	0	0	0	0	52	1	6	0	0	0	0	0	0		0
Alexander Mattison	RB	8	0	0	0	15	0	29	0	5	0	0	0	0	0	0		0
Justice Hill	RB	8	0	0	0	5	0	14	0	1	0	0	0	0	0	0		0
Foster Moreau	TE	8	0	0	0	0	0	0	0	0	0	0	0	0	0	0		0
Ashton Dulin	WR	8	0	0	0	0	0	0	0	0	0	0	0	0	0	0		0
Mecole Hardman	WR	8	0	0	0	0	0	8	0	1	0	0	0	0	0	0		0
Austin Seibert	PK	8	0	0	0	0	0	0	0	0	0	0	0	0	0	0	27;30;28;47	0
Joey Slye	PK	8	0	0	0	0	0	0	0	0	0	0	0	0	0	0	23	2
Olamide Zaccheaus	WR	8	0	0	0	0	0	0	0	0	0	0	0	0	0	0		0
Kyler Murray	QB	8	307	2	0	19	0	0	0	0	0	0	0	0	0	0		0
Miles Sanders	RB	8	0	0	0	7	0	38	0	7	0	0	0	0	0	0		0
Josh Oliver	TE	8	0	0	0	0	0	30	1	2	0	0	0	0	0	0		0
Devin Singletary	RB	8	0	0	0	11	0	12	0	2	0	0	0	0	0	0		0
Tony Pollard	RB	8	0	0	0	94	0	23	0	3	0	0	0	0	0	0		0
Matt Gay	PK	8	0	0	0	0	0	0	0	0	0	0	0	0	0	0	46;37	2
Gardner Minshew	QB	8	209	2	0	6	0	0	0	0	1	0	0	0	0	0		0
Scott Miller	WR	8	0	0	0	0	0	0	0	0	0	0	0	0	0	0		0
Trenton Irwin	WR	8	0	0	0	0	0	4	0	1	0	0	0	0	0	0		0
Chase McLaughlin	PK	8	0	0	0	0	0	0	0	0	0	0	0	0	0	0	52	3
Lil'Jordan Humphrey	WR	8	0	0	0	0	0	22	0	4	0	0	1	0	0	0		0
Greg Dortch	WR	8	0	0	0	0	0	9	0	1	0	0	0	0	0	0		0
Darius Slayton	WR	8	0	0	0	0	0	108	0	4	0	0	0	0	0	0		0
Ty Johnson	RB	8	0	0	0	0	0	0	0	0	0	0	0	0	0	0		0
Joseph Fortson	TE	8	0	0	0	0	0	0	0	0	0	0	0	0	0	0		0
Craig Reynolds	RB	8	0	0	0	3	0	0	0	0	0	0	0	0	0	0		0
Alex Bachman	WR	8	0	0	0	0	0	0	0	0	0	0	0	0	0	0		0
D'Ernest Johnson	RB	8	0	0	0	3	0	20	0	1	0	0	0	0	0	0		0
Noah Fant	TE	8	0	0	0	0	0	22	0	3	0	0	0	0	0	0		0
Terry McLaurin	WR	8	0	0	0	0	0	125	0	5	0	0	0	0	0	0		0
A.J. Brown	WR	8	0	0	0	0	0	84	0	5	0	0	0	0	0	0		0
David Montgomery	RB	8	3	1	0	33	1	5	0	1	0	0	0	0	0	0		0
Dawson Knox	TE	8	0	0	0	0	0	50	0	2	0	0	0	0	0	0		0
Josh Jacobs	RB	8	0	0	0	127	2	-2	0	1	0	0	0	0	0	0		0
Daniel Jones	QB	8	264	0	1	1	0	0	0	0	1	0	0	0	0	0		0
Deebo Samuel Sr.	WR	8	0	0	0	15	0	71	0	4	0	0	0	0	0	0		0
Jonathan Ward	RB	8	0	0	0	0	0	0	0	0	0	0	0	0	0	0		0
Patrick Taylor	RB	8	0	0	0	9	0	0	0	0	0	0	0	0	0	0		0
Juwan Johnson	TE	8	0	0	0	0	0	48	0	3	0	0	0	0	0	0		0
J.K. Dobbins	RB	8	0	0	0	57	1	11	0	4	0	0	0	0	0	0		0
Tyler Bass	PK	8	0	0	0	0	0	0	0	0	0	0	0	0	0	0	27	4
Mason Kinsey	WR	8	0	0	0	0	0	0	0	0	0	0	0	0	0	0		0
Nick Westbrook-Ikhine	WR	8	0	0	0	0	0	39	1	2	0	0	0	0	0	0		0
Reggie Gilliam	RB	8	0	0	0	0	0	0	0	0	0	0	0	0	0	0		0
Gabe Davis	WR	8	0	0	0	0	0	0	0	0	0	0	0	0	0	0		0
Tua Tagovailoa	QB	8	234	1	0	13	0	0	0	0	0	0	0	0	0	0		0
Jonathan Taylor	RB	8	0	0	0	105	1	12	0	1	0	0	0	0	0	0		0
Colby Parkinson	TE	8	0	0	0	0	0	17	0	2	0	0	0	0	0	0		0
Zack Moss	RB	8	0	0	0	11	0	28	0	4	0	0	0	0	0	0		0
Michael Pittman	WR	8	0	0	0	0	0	16	0	1	0	0	0	0	0	0		0
Jordan Love	QB	8	196	0	1	-1	0	0	0	0	0	0	0	0	0	0		0
Laviska Shenault Jr.	WR	8	0	0	0	0	0	10	0	1	0	0	0	0	0	0		0
D'Andre Swift	RB	8	0	0	0	129	1	0	0	0	0	0	0	0	0	0		0
Cole Kmet	TE	8	0	0	0	0	0	14	0	1	0	0	0	0	0	1		0
Darnell Mooney	WR	8	0	0	0	0	0	86	1	4	0	0	0	0	0	0		0
Justin Jefferson	WR	8	0	0	0	0	0	115	0	8	0	0	0	0	0	0		0
Antonio Gibson	RB	8	0	0	0	7	0	0	0	0	0	0	0	0	0	0		0
K.J. Osborn	WR	8	0	0	0	0	0	0	0	0	0	0	0	0	0	0		0
Justin Herbert	QB	8	279	2	0	49	0	0	0	0	0	0	0	0	0	0		0
CeeDee Lamb	WR	8	0	0	0	0	0	146	2	13	0	0	0	0	0	0		0
Jalen Reagor	WR	8	0	0	0	0	0	35	0	2	0	0	0	0	0	0		0
Jalen Hurts	QB	8	236	1	0	37	3	0	0	0	0	0	0	0	0	0		0
Jerry Jeudy	WR	8	0	0	0	0	0	79	0	5	0	0	0	0	0	0		0
Van Jefferson	WR	8	0	0	0	0	0	62	0	4	0	0	0	0	0	0		0
Adam Trautman	TE	8	0	0	0	0	0	85	1	4	0	0	0	0	0	0		0
DeeJay Dallas	RB	8	0	0	0	0	0	0	0	0	0	0	0	0	0	0		0
Tyler Johnson	WR	8	0	0	0	0	0	6	0	1	0	0	0	0	0	0		0
Charlie Woerner	TE	8	0	0	0	0	0	13	0	1	0	0	0	0	0	0		0
Joe Burrow	QB	8	234	1	1	15	0	0	0	0	0	0	0	0	0	0		0
Tim Jones	WR	8	0	0	0	0	0	20	0	1	0	0	0	0	0	0		0
DJ Turner	WR	8	0	0	0	4	0	28	1	4	0	0	0	0	0	0		0
Shane Zylstra	TE	8	0	0	0	0	0	0	0	0	0	0	0	0	0	0		0
Rashod Bateman	WR	8	0	0	0	0	0	28	0	1	0	0	0	0	0	0		0
Chuba Hubbard	RB	8	0	0	0	56	0	15	0	2	0	0	0	0	0	0		0
Jaylen Waddle	WR	8	0	0	0	0	0	45	0	4	0	0	0	0	0	0		0
Dee Eskridge	WR	8	0	0	0	0	0	6	0	1	0	0	0	0	0	0		0
Dyami Brown	WR	8	0	0	0	0	0	6	0	1	0	0	0	0	0	0		0
John Bates	TE	8	0	0	0	0	0	20	0	1	0	0	0	0	0	0		0
Tylan Wallace	WR	8	0	0	0	0	0	0	0	0	0	0	0	0	0	0		0
Ihmir Smith-Marsette	WR	8	0	0	0	0	0	0	0	0	0	0	0	0	0	0		0
Noah Gray	TE	8	0	0	0	0	0	23	0	3	0	0	0	0	0	0		0
Simi Fehoko	WR	8	0	0	0	0	0	0	0	0	0	0	0	0	0	0		0
Jack Stoll	TE	8	0	0	0	0	0	6	0	1	0	0	0	0	0	0		0
Brock Wright	TE	8	0	0	0	0	0	8	1	1	0	0	0	0	0	0		0
Tutu Atwell	WR	8	0	0	0	0	0	18	0	1	0	0	0	0	0	0		0
Evan McPherson	PK	8	0	0	0	0	0	0	0	0	0	0	0	0	0	0	27	2
Rhamondre Stevenson	RB	8	0	0	0	48	2	17	0	3	0	0	0	0	0	1		0
Kylen Granson	TE	8	0	0	0	0	0	4	0	1	0	0	0	0	0	0		0
Jaelon Darden	WR	8	0	0	0	0	0	0	0	0	0	0	0	0	0	0		0
Luke Farrell	TE	8	0	0	0	0	0	0	0	0	0	0	0	0	0	0		0
Najee Harris	RB	8	0	0	0	114	0	17	0	3	0	0	0	0	0	0		0
Pat Freiermuth	TE	8	0	0	0	0	0	19	0	2	0	0	0	0	0	0		0
Ja'Marr Chase	WR	8	0	0	0	0	0	54	1	9	0	0	0	0	0	0		0
DeVonta Smith	WR	8	0	0	0	0	0	85	1	6	0	0	0	0	0	0		0
Kenny Gainwell	RB	8	0	0	0	19	0	0	0	0	0	0	0	0	0	0		0
Avery Williams	RB	8	0	0	0	0	0	0	0	0	0	0	0	0	0	0		0
Amon-Ra St. Brown	WR	8	0	0	0	0	0	7	1	2	0	0	0	0	0	0		0
Kyle Pitts	TE	8	0	0	0	0	0	91	2	4	0	0	0	0	0	0		0
Trevor Lawrence	QB	8	308	2	1	10	1	0	0	0	1	0	0	0	0	0		0
Elijah Moore	WR	8	0	0	0	0	0	85	0	8	0	0	0	0	0	0		0
Trey Sermon	RB	8	0	0	0	0	0	14	0	1	0	0	0	0	0	0		0
Josh Palmer	WR	8	0	0	0	0	0	72	0	2	0	0	0	0	0	0		0
Javonte Williams	RB	8	0	0	0	44	0	8	0	4	0	0	0	0	0	0		0
Hunter Long	TE	8	0	0	0	0	0	18	0	1	0	0	0	0	0	0		0
Tommy Tremble	TE	8	0	0	0	0	0	13	0	2	0	0	0	0	0	0		0
Grant Calcaterra	TE	8	0	0	0	0	0	58	0	3	0	0	0	0	0	0		0
Bo Melton	WR	8	0	0	0	0	0	0	0	0	0	0	0	0	0	0		0
Tyler Goodson	RB	8	0	0	0	0	0	0	0	0	0	0	0	0	0	0		0
Irvin Charles	WR	8	0	0	0	0	0	0	0	0	0	0	0	0	0	0		0
Cameron Dicker	PK	8	0	0	0	0	0	0	0	0	0	0	0	0	0	0	46;29	2
Jaylen Warren	RB	8	0	0	0	46	0	13	0	2	0	0	0	0	0	0		0
Drake London	WR	8	0	0	0	0	0	34	0	4	0	0	0	0	0	0		0
Chris Olave	WR	8	0	0	0	0	0	107	0	8	0	0	0	0	0	0		0
George Pickens	WR	8	0	0	0	0	0	74	0	4	0	0	0	0	0	0		0
James Cook	RB	8	0	0	0	111	2	22	0	3	0	0	0	0	0	0		0
Rachaad White	RB	8	0	0	0	29	0	38	1	5	0	1	0	0	0	0		0
Dameon Pierce	RB	8	0	0	0	4	0	0	0	0	0	0	0	0	0	0		0
Khalil Shakir	WR	8	0	0	0	2	0	107	0	9	0	0	0	0	0	0		0
Tyler Allgeier	RB	8	0	0	0	33	0	0	0	0	0	0	0	0	0	0		0
Montrell Washington	WR	8	0	0	0	0	0	0	0	0	0	0	0	0	0	0		0
Jalen Nailor	WR	8	0	0	0	0	0	16	0	2	0	0	0	0	0	0		0
Raheem Blackshear	RB	8	0	0	0	0	0	0	0	0	0	0	0	0	0	0		0
Troy Hairston	RB	8	0	0	0	0	0	0	0	0	0	0	0	0	0	0		0
Stone Smartt	TE	8	0	0	0	0	0	0	0	0	0	0	0	0	0	0		0
Jordan Mason	RB	8	0	0	0	18	0	0	0	0	0	0	0	0	0	0		0
Lucas Krull	TE	8	0	0	0	0	0	18	0	2	0	0	0	0	0	0		0
Julius Chestnut	RB	8	0	0	0	32	0	0	0	0	0	0	0	0	0	0		0
John Metchie III	WR	8	0	0	0	0	0	29	0	3	0	0	0	0	0	0		0
Hassan Haskins	RB	8	0	0	0	0	0	0	0	0	0	0	0	0	0	0		0
Alec Pierce	WR	8	0	0	0	0	0	11	0	1	0	0	0	0	0	0		0
Jalen Tolbert	WR	8	0	0	0	0	0	44	0	3	0	0	0	0	0	0		0
Brandon Aubrey	PK	8	0	0	0	0	0	0	0	0	0	0	0	0	0	0	29	3
Garrett Wilson	WR	8	0	0	0	0	0	113	0	5	0	0	0	0	0	0		0
Trey McBride	TE	8	0	0	0	0	0	124	0	9	0	0	0	0	0	0		0
Brian Robinson	RB	8	0	0	0	65	0	11	0	1	0	0	0	0	0	0		0
KaVontae Turpin	WR	8	0	0	0	11	0	16	0	1	0	0	0	0	0	0		0
Jeremy Ruckert	TE	8	0	0	0	0	0	14	0	3	0	0	0	0	0	0		0
Chig Okonkwo	TE	8	0	0	0	0	0	14	0	2	0	0	1	0	0	0		0
Romeo Doubs	WR	8	0	0	0	0	0	72	0	3	0	0	0	0	0	0		0
Brock Purdy	QB	8	260	1	0	56	1	0	0	0	0	0	0	0	0	0		0
Calvin Austin III	WR	8	0	0	0	0	0	54	1	3	0	0	0	0	0	0		0
Isaiah Likely	TE	8	0	0	0	0	0	47	0	4	0	0	0	0	0	0		0
Kyren Williams	RB	8	0	0	0	97	0	19	1	5	0	0	0	0	0	0		0
Zamir White	RB	8	0	0	0	-1	0	0	0	0	0	0	0	0	0	0		0
Jake Ferguson	TE	8	0	0	0	0	0	23	0	6	0	0	0	0	0	0		0
Charlie Kolar	TE	8	0	0	0	0	0	9	0	1	0	0	0	0	0	0		0
Pierre Strong	RB	8	0	0	0	0	0	3	0	1	0	0	0	0	0	0		0
Tyquan Thornton	WR	8	0	0	0	0	0	20	0	2	0	0	0	0	0	0		0
Wan'Dale Robinson	WR	8	0	0	0	0	0	30	0	5	0	0	0	0	0	0		0
Breece Hall	RB	8	0	0	0	80	0	9	0	1	0	0	0	0	0	0		0
Christian Watson	WR	8	0	0	0	0	0	39	0	4	0	0	0	0	0	0		0
Malik Willis	QB	8	56	1	0	23	0	0	0	0	0	0	0	0	0	0		0
Cade Otton	TE	8	0	0	0	0	0	81	2	9	0	0	0	0	0	0		0
Kenneth Walker III	RB	8	0	0	0	12	0	33	0	4	0	0	0	0	0	0		0
Xavier Smith	WR	8	0	0	0	0	0	0	0	0	0	0	0	0	0	0		0
Dontayvion Wicks	WR	8	0	0	0	0	0	11	0	2	0	0	0	0	0	0		0
Will Mallory	TE	8	0	0	0	0	0	0	0	0	0	0	0	0	0	0		0
Eric Gray	RB	8	0	0	0	0	0	3	0	1	0	0	0	0	0	0		0
Anders Carlson	PK	8	0	0	0	0	0	0	0	0	0	0	0	0	0	0	50;44;41	3
Brady Russell	RB	8	0	0	0	0	0	0	0	0	0	0	0	0	0	0		0
Xavier Gipson	WR	8	0	0	0	0	0	1	1	1	0	0	0	0	0	0		0
Bijan Robinson	RB	8	0	0	0	63	0	43	1	7	0	0	0	0	0	0		0
Jaxon Smith-Njigba	WR	8	0	0	0	0	0	69	0	6	0	0	0	0	0	0		0
Hendon Hooker	QB	8	6	0	0	0	0	0	0	0	0	0	0	0	0	0		0
Kendre Miller	RB	8	0	0	0	16	0	0	0	0	0	0	0	0	0	0		0
Tank Bigsby	RB	8	0	0	0	78	0	8	0	2	0	0	0	0	0	0		0
Darnell Washington	TE	8	0	0	0	0	0	29	0	1	0	0	0	0	0	0		0
Michael Wilson	WR	8	0	0	0	0	0	31	1	5	0	0	0	0	0	0		0
Tre Tucker	WR	8	0	0	0	7	0	26	0	2	0	0	0	0	0	0		0
Chad Ryland	PK	8	0	0	0	0	0	0	0	0	0	0	0	0	0	0	57;34	2
Charlie Jones	WR	8	0	0	0	0	0	0	0	0	0	0	0	0	0	0		0
Josh Whyle	TE	8	0	0	0	0	0	33	0	2	0	0	0	0	0	0		0
Chase Brown	RB	8	0	0	0	32	1	2	0	2	0	0	0	0	0	0		0
Parker Washington	WR	8	0	0	0	0	0	46	0	3	0	0	0	0	0	0		0
Kayshon Boutte	WR	8	0	0	0	0	0	46	0	3	0	0	0	0	0	0		0
Xavier Hutchinson	WR	8	0	0	0	0	0	19	0	1	0	0	0	0	0	0		0
Andrei Iosivas	WR	8	0	0	0	0	0	0	0	0	0	0	0	0	0	0		0
DeMario Douglas	WR	8	0	0	0	0	0	12	0	2	0	0	0	0	0	0		0
Jalen Brooks	WR	8	0	0	0	0	0	0	0	0	0	0	0	0	0	0		0
Ronnie Bell	WR	8	0	0	0	0	0	0	0	0	0	0	0	0	0	0		0
Chris Brooks	RB	8	0	0	0	16	0	1	0	1	0	0	0	0	0	0		0
Emari Demercado	RB	8	0	0	0	0	0	0	0	0	0	0	0	0	0	0		0
Julian Hill	TE	8	0	0	0	0	0	11	0	3	0	0	0	0	0	0		0
Hunter Luepke	RB	8	0	0	0	0	0	0	0	0	0	0	0	0	0	0		0
Jake Bobo	WR	8	0	0	0	0	0	15	0	1	0	0	0	0	0	0		0
Nate Adkins	TE	8	0	0	0	0	0	3	1	1	0	0	0	0	0	0		0
Jaleel McLaughlin	RB	8	0	0	0	47	0	9	1	1	0	0	0	0	0	0		0
Emanuel Wilson	RB	8	0	0	0	5	0	-2	0	2	0	0	0	0	0	0		0
Ben Sims	TE	8	0	0	0	0	0	0	0	0	0	0	0	0	0	0		0
Rakim Jarrett	WR	8	0	0	0	0	0	58	0	3	0	0	0	0	0	0		0
Ryan Miller	WR	8	0	0	0	0	0	19	0	3	0	0	0	0	0	0		0
Blake Grupe	PK	8	0	0	0	0	0	0	0	0	0	0	0	0	0	0	40;43	0
John Shenker	TE	8	0	0	0	0	0	7	0	1	0	0	0	0	0	0		0
Dalton Kincaid	TE	8	0	0	0	0	0	31	1	4	0	0	0	0	0	0		0
Brenton Strange	TE	8	0	0	0	0	0	59	0	5	0	0	0	0	0	0		0
Sean Tucker	RB	8	0	0	0	3	0	12	0	1	0	0	0	0	0	0		0
Marvin Mims Jr.	WR	8	0	0	0	0	0	8	0	1	0	0	0	0	0	0		0
Tank Dell	WR	8	0	0	0	0	0	35	1	4	0	0	0	0	0	0		0
Cedric Tillman	WR	8	0	0	0	0	0	99	2	7	0	0	0	0	0	0		0
Jordan Addison	WR	8	0	0	0	0	0	22	0	2	0	0	0	0	0	0		0
Tucker Kraft	TE	8	0	0	0	0	0	78	1	3	0	0	0	0	0	0		0
Josh Downs	WR	8	0	0	0	13	0	109	1	4	0	0	0	0	0	0		0
Jake Haener	QB	8	122	0	0	10	0	0	0	0	0	0	0	0	0	0		0
Roschon Johnson	RB	8	0	0	0	6	1	0	0	0	0	0	0	0	0	0		0
De'Von Achane	RB	8	0	0	0	97	0	50	1	6	0	0	0	0	0	0		0
Elijah Higgins	TE	8	0	0	0	0	0	13	0	2	0	0	0	0	0	0		0
Payne Durham	TE	8	0	0	0	0	0	0	0	0	0	0	0	0	0	0		0
Trey Palmer	WR	8	0	0	0	0	0	29	0	2	0	0	0	0	0	0		0
Jonathan Mingo	WR	8	0	0	0	0	0	0	0	0	0	0	0	0	0	0		0
Zay Flowers	WR	8	0	0	0	0	0	115	0	7	0	0	0	0	0	0		0
Sam LaPorta	TE	8	0	0	0	0	0	48	1	6	0	0	0	0	0	0		0
Puka Nacua	WR	8	0	0	0	5	0	106	0	7	0	0	0	0	0	0		0
Jahmyr Gibbs	RB	8	0	0	0	127	1	6	0	1	0	0	0	0	0	0		0
Jayden Reed	WR	8	0	0	0	0	0	55	0	2	0	0	0	0	0	0		0
Bryce Young	QB	8	224	2	2	6	0	0	0	0	0	0	0	0	0	0		0
C.J. Stroud	QB	8	285	1	0	-10	0	0	0	0	0	1	0	0	0	0		0
Anthony Richardson	QB	8	175	1	1	45	0	0	0	0	1	0	0	0	0	0		0
Zach Charbonnet	RB	8	0	0	0	4	1	20	0	3	0	0	0	0	0	0		0
Jake Bates	PK	8	0	0	0	0	0	0	0	0	0	0	0	0	0	0	51	7
Chris Collier	RB	8	0	0	0	0	0	0	0	0	0	0	0	0	0	0		0
Carson Steele	RB	8	0	0	0	6	0	8	0	1	0	0	0	0	0	0		0
Malik Nabers	WR	8	0	0	0	0	0	71	0	7	0	0	0	0	0	0		0
Brock Bowers	TE	8	0	0	0	0	0	58	0	5	0	0	0	0	0	0		0
Xavier Legette	WR	8	0	0	0	0	0	34	1	4	0	0	0	0	0	0		0
Luke McCaffrey	WR	8	0	0	0	0	0	8	0	1	0	0	0	0	0	0		0
Ja'Tavion Sanders	TE	8	0	0	0	0	0	7	0	1	0	0	0	0	0	0		0
Cade Stover	TE	8	0	0	0	0	0	19	0	2	0	0	0	0	0	0		0
Bucky Irving	RB	8	0	0	0	44	0	40	0	7	0	0	0	0	0	0		0
Isaac Guerendo	RB	8	0	0	0	85	1	17	0	3	0	0	0	0	0	0		0
Sione Vaki	RB	8	0	0	0	0	0	0	0	0	0	0	0	0	0	0		0
Jacob Cowing	WR	8	0	0	0	0	0	0	0	0	0	0	0	0	0	0		0
Audric Estimé	RB	8	0	0	0	4	0	0	0	0	0	0	0	0	0	0		0
Spencer Rattler	QB	8	156	0	0	0	0	0	0	0	0	0	0	0	0	0		0
Tyrone Tracy Jr.	RB	8	0	0	0	145	1	5	0	2	0	0	0	0	0	0		0
Bub Means	WR	8	0	0	0	0	0	36	0	1	0	0	0	0	0	0		0
Kimani Vidal	RB	8	0	0	0	16	0	0	0	0	0	0	0	0	0	0		0
Jha'Quan Jackson	WR	8	0	0	0	0	0	0	0	0	0	0	0	0	0	0		0
Will Reichard	PK	8	0	0	0	0	0	0	0	0	0	0	0	0	0	0	23;35	2
Cam Little	PK	8	0	0	0	0	0	0	0	0	0	0	0	0	0	0	39;47	3
Ryan Flournoy	WR	8	0	0	0	0	0	0	0	0	0	0	0	0	0	0		0
Devaughn Vele	WR	8	0	0	0	0	0	28	0	3	0	0	0	0	0	0		0
Isaiah Williams	WR	8	0	0	0	0	0	6	0	2	0	0	0	0	0	0		0
Jalen Coker	WR	8	0	0	0	0	0	78	1	4	0	0	0	0	0	0		0
Brevyn Spann-Ford	TE	8	0	0	0	0	0	0	0	0	0	0	0	0	0	0		0
Jermaine Jackson	WR	8	0	0	0	0	0	0	0	0	0	0	0	0	0	0		0
Mason Tipton	WR	8	0	0	0	0	0	14	0	2	0	0	0	0	0	0		0
Bo Nix	QB	8	284	3	0	4	1	0	0	0	0	0	0	0	0	0		0
Tip Reiman	TE	8	0	0	0	0	0	0	0	0	0	0	0	0	0	0		0
Blake Corum	RB	8	0	0	0	9	0	9	0	1	0	0	0	0	0	0		0
Will Shipley	RB	8	0	0	0	-3	0	0	0	0	0	0	0	0	0	0		0
Joshua Karty	PK	8	0	0	0	0	0	0	0	0	0	0	0	0	0	0		4
AJ Barner	TE	8	0	0	0	0	0	34	0	2	0	0	0	0	0	0		0
Braelon Allen	RB	8	0	0	0	32	1	0	0	0	0	0	0	0	0	0		0
Isaiah Davis	RB	8	0	0	0	0	0	0	0	0	0	0	0	0	0	0		0
Jermaine Burton	WR	8	0	0	0	0	0	41	0	1	0	0	0	0	0	0		0
Erick All	TE	8	0	0	0	0	0	32	0	2	0	0	0	0	0	0		0
Theo Johnson	TE	8	0	0	0	0	0	35	0	3	0	0	0	0	0	0		0
Marvin Harrison Jr.	WR	8	0	0	0	0	0	111	1	6	0	0	0	0	0	0		0
Drake Maye	QB	8	23	0	0	46	1	0	0	0	0	0	0	0	0	0		0
Javon Baker	WR	8	0	0	0	0	0	0	0	0	0	0	0	0	0	0		0
Jalen McMillan	WR	8	0	0	0	17	0	35	0	4	0	0	0	0	0	0		0
Troy Franklin	WR	8	0	0	0	3	0	6	0	1	0	0	0	0	0	0		0
Jaylen Wright	RB	8	0	0	0	18	0	0	0	0	0	0	0	0	0	0		0
Ray Davis	RB	8	0	0	0	29	0	0	0	0	0	0	0	0	0	0		0
Malik Washington	WR	8	0	0	0	0	0	0	0	0	0	0	0	0	0	0		0
Adonai Mitchell	WR	8	0	0	0	0	0	9	0	1	0	0	0	0	0	0		0
Brian Thomas Jr.	WR	8	0	0	0	0	0	60	1	3	0	0	0	0	0	0		0
Xavier Worthy	WR	8	0	0	0	0	0	37	1	4	0	0	0	0	0	0		0
Keon Coleman	WR	8	0	0	0	0	0	70	1	5	0	0	0	0	0	0		0
Jayden Daniels	QB	8	326	1	0	52	0	0	0	0	0	0	0	0	0	0		0
Ladd McConkey	WR	8	0	0	0	0	0	111	2	6	0	0	0	0	0	0		0
Ricky Pearsall	WR	8	0	0	0	39	0	38	0	4	0	0	0	0	0	0		0
Caleb Williams	QB	8	131	0	0	47	0	0	0	0	0	1	0	1	0	0		0
Rome Odunze	WR	8	0	0	0	13	0	41	0	3	0	0	0	0	0	0		0
Trey Benson	RB	8	0	0	0	10	0	0	0	0	0	0	0	0	0	0		0
Aaron Rodgers	QB	9	211	3	0	-1	0	0	0	0	0	0	0	0	0	0		0
Marcedes Lewis	TE	9	0	0	0	0	0	0	0	0	0	0	0	0	0	0		0
Nick Folk	PK	9	0	0	0	0	0	0	0	0	0	0	0	0	0	0	21;25	2
Joe Flacco	QB	9	179	0	1	-1	0	0	0	0	0	1	0	0	0	0		0
Josh Johnson	QB	9	0	0	0	2	0	0	0	0	0	0	0	0	0	0		0
Matthew Stafford	QB	9	298	2	1	0	0	0	0	0	0	0	0	0	0	0		0
Justin Tucker	PK	9	0	0	0	0	0	0	0	0	0	0	0	0	0	0	33;37	5
Kirk Cousins	QB	9	222	3	0	-11	0	0	0	0	1	0	0	0	0	0		0
Brandon McManus	PK	9	0	0	0	0	0	0	0	0	0	0	0	0	0	0	30;38	0
Zach Ertz	TE	9	0	0	0	0	0	5	0	1	0	0	0	0	0	0		0
Dustin Hopkins	PK	9	0	0	0	0	0	0	0	0	0	0	0	0	0	0	38	1
Keenan Allen	WR	9	0	0	0	0	0	36	0	4	0	0	0	0	0	0		0
Robert Woods	WR	9	0	0	0	0	0	44	0	2	0	0	0	0	0	0		0
Travis Kelce	TE	9	0	0	0	0	0	100	0	14	0	0	1	0	0	0		0
DeAndre Hopkins	WR	9	0	0	0	0	0	86	2	8	0	0	0	0	0	0		0
Geno Smith	QB	9	363	3	3	16	0	0	0	0	0	0	0	0	0	0		0
Cairo Santos	PK	9	0	0	0	0	0	0	0	0	0	0	0	0	0	0	29;53;53	0
Odell Beckham Jr.	WR	9	0	0	0	0	0	15	0	3	0	0	0	0	0	0		0
Derek Carr	QB	9	236	1	0	0	0	0	0	0	0	0	0	0	0	0		0
Jordan Matthews	TE	9	0	0	0	0	0	0	0	0	0	0	0	0	0	0		0
Davante Adams	WR	9	0	0	0	0	0	91	1	7	0	0	0	0	0	0		0
Allen Robinson	WR	9	0	0	0	0	0	2	0	1	0	0	0	0	0	0		0
Chris Manhertz	TE	9	0	0	0	0	0	2	1	1	0	0	0	0	0	0		0
Jason Myers	PK	9	0	0	0	0	0	0	0	0	0	0	0	0	0	0		2
Jameis Winston	QB	9	235	1	3	27	0	0	0	0	0	0	0	0	0	0		0
Nelson Agholor	WR	9	0	0	0	0	0	29	0	1	0	0	0	0	0	0		0
Raheem Mostert	RB	9	0	0	0	56	0	32	0	2	0	1	0	0	0	0		0
Eric Tomlinson	TE	9	0	0	0	0	0	2	0	1	0	0	0	0	0	0		0
DeAndre Carter	WR	9	0	0	0	0	0	0	0	0	0	0	0	0	0	0		0
Ameer Abdullah	RB	9	0	0	0	12	0	14	0	3	0	0	0	0	0	0		0
Tyler Lockett	WR	9	0	0	0	0	0	63	1	3	0	0	0	0	0	0		0
Sterling Shepard	WR	9	0	0	0	21	0	48	0	4	0	0	0	0	0	0		0
Austin Hooper	TE	9	0	0	0	0	0	8	0	1	0	0	0	0	0	0		0
Nick Vannett	TE	9	0	0	0	0	0	33	1	2	0	0	0	0	0	0		0
Kalif Raymond	WR	9	0	0	0	-12	0	12	0	1	0	0	0	0	0	0		0
Wil Lutz	PK	9	0	0	0	0	0	0	0	0	0	0	0	0	0	0	37	1
Ka'imi Fairbairn	PK	9	0	0	0	0	0	0	0	0	0	0	0	0	0	0	54;29	1
Derrick Henry	RB	9	0	0	0	106	2	27	0	1	0	0	0	0	0	0		0
Demarcus Robinson	WR	9	0	0	0	0	0	94	2	6	0	0	0	0	0	0		0
Tyler Boyd	WR	9	0	0	0	3	0	0	0	0	0	0	0	0	0	0		0
Tyreek Hill	WR	9	0	0	0	0	0	80	0	4	0	0	0	0	0	0		0
Dak Prescott	QB	9	133	1	0	30	0	0	0	0	0	0	0	0	0	0		0
Hunter Henry	TE	9	0	0	0	0	0	56	0	7	0	0	0	0	0	0		0
Jared Goff	QB	9	145	1	0	-2	0	0	0	0	0	0	0	0	0	0		0
Johnny Mundt	TE	9	0	0	0	0	0	0	0	0	0	0	0	0	0	0		0
Curtis Samuel	WR	9	0	0	0	0	0	0	0	0	0	0	0	0	0	0		0
Aaron Jones	RB	9	0	0	0	64	0	18	0	4	0	0	0	0	0	0		0
Harrison Butker	PK	9	0	0	0	0	0	0	0	0	0	0	0	0	0	0	40	3
Kendrick Bourne	WR	9	0	0	0	0	0	41	0	4	0	0	0	0	0	0		0
Taysom Hill	TE	9	0	0	0	19	1	41	0	4	0	0	0	0	0	0		0
Tim Patrick	WR	9	0	0	0	0	0	12	0	2	0	0	0	0	0	0		0
Patrick Ricard	RB	9	0	0	0	0	0	3	1	1	0	0	0	0	0	0		0
Samaje Perine	RB	9	0	0	0	10	0	25	1	4	0	0	0	0	0	0		0
Mike Williams	WR	9	0	0	0	0	0	6	0	1	0	0	0	0	0	0		0
James Conner	RB	9	0	0	0	107	0	12	0	3	0	0	0	0	0	0		0
Mack Hollins	WR	9	0	0	0	0	0	30	1	5	0	0	0	0	0	0		0
David Moore	WR	9	0	0	0	0	0	20	0	2	0	0	0	0	0	0		0
Noah Brown	WR	9	0	0	0	0	0	60	0	5	0	0	0	0	0	0		0
Cooper Rush	QB	9	115	1	0	4	0	0	0	0	0	0	0	1	0	0		0
Austin Ekeler	RB	9	0	0	0	42	1	41	0	3	0	0	0	0	0	0		0
Younghoe Koo	PK	9	0	0	0	0	0	0	0	0	0	0	0	0	0	0		3
Jake Elliott	PK	9	0	0	0	0	0	0	0	0	0	0	0	0	0	0	43	1
Dare Ogunbowale	RB	9	0	0	0	-1	0	0	0	0	0	0	0	0	0	0		0
Jonnu Smith	TE	9	0	0	0	0	0	46	0	5	0	0	0	0	0	0		0
Patrick Mahomes	QB	9	291	3	0	9	0	0	0	0	0	0	0	0	0	0		0
Evan Engram	TE	9	0	0	0	0	0	45	0	5	0	0	0	0	0	1		0
David Njoku	TE	9	0	0	0	0	0	29	0	5	0	0	0	0	0	0		0
Dalvin Cook	RB	9	0	0	0	8	0	0	0	0	0	0	0	0	0	0		0
Gerald Everett	TE	9	0	0	0	0	0	5	0	1	0	0	0	0	0	0		0
Joe Mixon	RB	9	0	0	0	106	1	0	0	0	0	0	0	0	0	0		0
Alvin Kamara	RB	9	0	0	0	155	0	60	0	6	0	0	0	0	0	0		0
Cooper Kupp	WR	9	0	0	0	0	0	104	0	11	0	0	0	0	0	0		0
Kareem Hunt	RB	9	0	0	0	106	1	11	0	1	0	0	0	0	0	0		0
Jeremy McNichols	RB	9	0	0	0	20	0	0	0	0	0	0	0	0	0	0		0
Will Dissly	TE	9	0	0	0	0	0	9	0	2	0	0	0	0	0	0		0
Daniel Carlson	PK	9	0	0	0	0	0	0	0	0	0	0	0	0	0	0	46	3
Eddy Pineiro	PK	9	0	0	0	0	0	0	0	0	0	0	0	0	0	0	48	2
Tyler Conklin	TE	9	0	0	0	0	0	-3	0	1	0	0	0	0	0	0		0
Marquez Valdes-Scantling	WR	9	0	0	0	0	0	5	0	1	0	0	0	0	0	0		0
Courtland Sutton	WR	9	2	1	0	0	0	122	0	7	0	0	0	0	0	0		0
Jordan Akins	TE	9	0	0	0	0	0	32	0	3	0	0	0	0	0	0		0
Dalton Schultz	TE	9	0	0	0	0	0	21	0	3	0	0	0	0	0	0		0
Justin Watson	WR	9	0	0	0	0	0	43	0	3	0	0	0	0	0	0		0
Ray-Ray McCloud	WR	9	0	0	0	7	0	28	1	3	0	0	0	0	0	0		0
Cedrick Wilson Jr.	WR	9	0	0	0	0	0	34	0	2	0	0	0	0	0	0		0
Trent Sherfield	WR	9	0	0	0	0	0	7	0	1	0	0	0	0	0	0		0
Tanner Hudson	TE	9	0	0	0	0	0	14	0	2	0	0	0	0	0	0		0
Brandon Powell	WR	9	0	0	0	0	0	9	0	1	0	0	0	0	0	0		0
Mark Andrews	TE	9	0	0	0	0	0	26	0	2	0	0	0	0	0	0		0
Mason Rudolph	QB	9	240	2	1	19	0	0	0	0	0	0	0	0	0	0		0
Nick Chubb	RB	9	0	0	0	39	0	-4	0	1	0	0	0	0	0	0		0
Jason Sanders	PK	9	0	0	0	0	0	0	0	0	0	0	0	0	0	0	39;23	3
Lamar Jackson	QB	9	280	3	0	4	0	0	0	0	0	0	0	0	0	0		0
Durham Smythe	TE	9	0	0	0	0	0	4	0	1	0	0	0	0	0	0		0
DJ Moore	WR	9	0	0	0	0	0	33	0	4	0	0	0	0	0	0		0
Mike Gesicki	TE	9	0	0	0	0	0	100	2	5	0	0	0	0	0	0		0
Hayden Hurst	TE	9	0	0	0	0	0	6	0	1	0	0	0	0	0	0		0
Calvin Ridley	WR	9	0	0	0	0	0	73	0	5	0	0	0	0	0	0		0
Saquon Barkley	RB	9	0	0	0	159	1	40	1	3	0	1	0	0	0	0		0
KhaDarel Hodge	WR	9	0	0	0	0	0	9	0	1	0	0	0	0	0	0		0
Baker Mayfield	QB	9	200	2	0	20	0	0	0	0	0	0	0	0	0	0		0
Josh Allen	QB	9	235	3	1	7	0	0	0	0	0	0	0	1	0	0		0
Sam Darnold	QB	9	290	3	2	14	0	0	0	0	1	0	0	0	0	0		0
Steven Sims	WR	9	0	0	0	0	0	0	0	0	0	0	0	0	0	0		0
Jakobi Meyers	WR	9	0	0	0	0	0	105	0	8	0	0	0	0	0	0		0
Alexander Mattison	RB	9	0	0	0	36	0	0	0	0	0	0	0	0	0	0		0
Justice Hill	RB	9	0	0	0	15	0	43	0	3	0	0	0	0	0	0		0
Foster Moreau	TE	9	0	0	0	0	0	17	1	1	0	0	0	0	0	0		0
Ashton Dulin	WR	9	0	0	0	17	0	0	0	0	0	0	0	0	0	0		0
Jake Browning	QB	9	0	0	0	-1	0	0	0	0	0	0	0	0	0	0		0
Mecole Hardman	WR	9	0	0	0	0	0	17	0	3	0	0	0	0	0	0		0
Austin Seibert	PK	9	0	0	0	0	0	0	0	0	0	0	0	0	0	0	31;20	3
Joey Slye	PK	9	0	0	0	0	0	0	0	0	0	0	0	0	0	0	52	2
Olamide Zaccheaus	WR	9	0	0	0	0	0	48	0	2	0	0	0	0	0	0		0
Kyler Murray	QB	9	154	0	0	6	0	0	0	0	0	1	0	0	0	0		0
T.J. Hockenson	TE	9	0	0	0	0	0	27	0	3	0	0	0	0	0	0		0
Miles Sanders	RB	9	0	0	0	-5	0	-5	0	2	0	0	0	0	0	0		0
Josh Oliver	TE	9	0	0	0	0	0	58	1	5	0	0	0	0	0	0		0
Devin Singletary	RB	9	0	0	0	33	0	0	0	0	0	0	0	0	0	0		0
Tony Pollard	RB	9	0	0	0	128	0	26	0	3	0	0	0	0	0	0		0
Matt Gay	PK	9	0	0	0	0	0	0	0	0	0	0	0	0	0	0	42;54	1
Gardner Minshew	QB	9	124	0	0	0	0	0	0	0	0	1	0	0	0	0		0
Trenton Irwin	WR	9	0	0	0	0	0	0	0	0	0	0	0	0	0	0		0
Chase McLaughlin	PK	9	0	0	0	0	0	0	0	0	0	0	0	0	0	0	47	3
Lil'Jordan Humphrey	WR	9	0	0	0	0	0	11	0	2	0	0	0	0	0	0		0
Greg Dortch	WR	9	0	0	0	0	0	0	0	0	0	0	0	0	0	0		0
Darius Slayton	WR	9	0	0	0	11	0	49	0	3	0	0	0	0	0	0		0
Ty Johnson	RB	9	0	0	0	23	0	0	0	0	0	0	0	0	0	0		0
Travis Homer	RB	9	0	0	0	0	0	0	0	0	0	0	0	0	0	0		0
D'Ernest Johnson	RB	9	0	0	0	6	0	0	0	0	0	0	0	0	0	0		0
Drew Sample	TE	9	0	0	0	0	0	14	1	4	0	0	0	0	0	0		0
Terry McLaurin	WR	9	0	0	0	0	0	19	2	2	0	0	0	0	0	0		0
A.J. Brown	WR	9	0	0	0	0	0	36	0	2	0	0	0	0	0	0		0
David Montgomery	RB	9	0	0	0	73	0	23	0	3	0	0	0	0	0	0		0
Dawson Knox	TE	9	0	0	0	0	0	5	0	1	0	0	0	0	0	0		0
Josh Jacobs	RB	9	0	0	0	95	0	13	0	2	0	0	0	0	0	0		0
Daniel Jones	QB	9	174	2	0	54	1	0	0	0	1	0	0	0	0	0		0
JaMycal Hasty	RB	9	0	0	0	0	0	-3	0	1	0	0	0	0	0	0		0
Cody White	WR	9	0	0	0	0	0	44	0	2	0	0	0	0	0	0		0
Juwan Johnson	TE	9	0	0	0	0	0	41	0	2	0	0	0	0	0	0		0
J.J. Taylor	RB	9	0	0	0	23	0	0	0	0	0	0	0	0	0	0		0
Rico Dowdle	RB	9	0	0	0	75	0	32	1	5	0	0	0	0	0	0		0
J.K. Dobbins	RB	9	0	0	0	85	2	20	0	2	0	0	0	0	0	0		0
Tyler Bass	PK	9	0	0	0	0	0	0	0	0	0	0	0	0	0	0	40;49;61	1
Nick Westbrook-Ikhine	WR	9	0	0	0	0	0	50	1	5	0	0	0	0	0	0		0
Tua Tagovailoa	QB	9	231	2	0	3	0	0	0	0	0	0	0	0	0	0		0
Jonathan Taylor	RB	9	0	0	0	48	0	11	0	3	0	0	0	0	0	0		0
Harrison Bryant	TE	9	0	0	0	0	0	22	0	2	0	0	0	0	0	0		0
Colby Parkinson	TE	9	0	0	0	0	0	0	0	0	0	0	0	0	0	0		0
Michael Pittman	WR	9	0	0	0	0	0	14	0	1	0	0	0	0	0	0		0
Jordan Love	QB	9	273	0	1	0	0	0	0	0	0	0	0	1	0	0		0
Laviska Shenault Jr.	WR	9	0	0	0	0	0	0	0	0	0	0	0	0	0	0		0
D'Andre Swift	RB	9	0	0	0	51	0	31	0	6	0	0	0	0	0	0		0
Darnell Mooney	WR	9	0	0	0	0	0	88	1	5	0	0	0	0	0	0		0
Justin Jefferson	WR	9	22	0	0	0	0	137	0	7	0	0	0	0	0	0		0
Antonio Gibson	RB	9	0	0	0	-1	0	12	0	1	0	0	0	0	0	0		0
Justin Herbert	QB	9	282	2	0	2	0	0	0	0	0	0	0	0	0	0		0
CeeDee Lamb	WR	9	0	0	0	15	0	47	0	8	0	0	0	0	0	1		0
Jalen Reagor	WR	9	0	0	0	0	0	0	0	1	0	0	0	0	0	0		0
Jalen Hurts	QB	9	230	2	0	67	1	0	0	0	0	0	0	0	0	0		0
Jerry Jeudy	WR	9	0	0	0	0	0	73	0	7	0	0	0	0	0	0		0
Cam Akers	RB	9	0	0	0	46	0	7	0	2	0	0	0	0	0	0		0
Adam Trautman	TE	9	0	0	0	0	0	4	0	1	0	0	0	0	0	0		0
DeeJay Dallas	RB	9	0	0	0	2	0	0	0	0	0	0	0	0	0	0		0
Tyler Johnson	WR	9	0	0	0	0	0	38	0	3	0	0	0	0	0	0		0
Charlie Woerner	TE	9	0	0	0	0	0	0	0	0	0	0	0	0	0	0		0
Joe Burrow	QB	9	251	5	1	11	0	0	0	0	0	0	0	0	0	0		0
Tim Jones	WR	9	0	0	0	0	0	10	0	1	0	0	0	0	0	0		0
Kenny Yeboah	TE	9	0	0	0	0	0	12	0	1	0	0	0	0	0	0		0
DJ Turner	WR	9	0	0	0	0	0	0	0	0	0	0	0	0	0	0		0
Rashod Bateman	WR	9	0	0	0	0	0	25	0	3	0	0	0	0	0	0		0
Chuba Hubbard	RB	9	0	0	0	72	2	0	0	2	0	0	0	0	0	0		0
Quintin Morris	TE	9	0	0	0	0	0	2	1	1	0	0	0	0	0	0		0
Jaylen Waddle	WR	9	0	0	0	0	0	-4	1	2	0	0	0	0	0	0		0
Dee Eskridge	WR	9	0	0	0	0	0	0	0	0	0	0	0	0	0	0		0
Dyami Brown	WR	9	0	0	0	0	0	24	0	1	0	0	0	0	0	0		0
Tylan Wallace	WR	9	0	0	0	0	0	0	0	0	0	0	0	0	0	0		0
Ihmir Smith-Marsette	WR	9	0	0	0	0	0	0	0	0	0	0	0	0	0	0		0
Noah Gray	TE	9	0	0	0	0	0	0	0	0	0	0	0	0	0	0		0
Simi Fehoko	WR	9	0	0	0	0	0	0	0	0	0	0	0	0	0	0		0
Jack Stoll	TE	9	0	0	0	0	0	0	0	0	0	0	0	0	0	0		0
Brock Wright	TE	9	0	0	0	0	0	1	0	1	0	0	0	0	0	0		0
Riley Patterson	PK	9	0	0	0	0	0	0	0	0	0	0	0	0	0	0		3
Austin Trammell	WR	9	0	0	0	0	0	40	0	2	0	0	0	0	0	0		0
Tutu Atwell	WR	9	0	0	0	0	0	16	0	1	0	0	0	0	0	0		0
Evan McPherson	PK	9	0	0	0	0	0	0	0	0	0	0	0	0	0	0	44;27	5
Rhamondre Stevenson	RB	9	0	0	0	16	1	38	1	5	0	0	0	0	0	0		0
Kylen Granson	TE	9	0	0	0	0	0	22	0	1	0	0	0	0	0	0		0
Jaelon Darden	WR	9	0	0	0	0	0	0	0	0	0	0	0	0	0	0		0
Luke Farrell	TE	9	0	0	0	0	0	5	0	1	0	0	0	0	0	0		0
Ja'Marr Chase	WR	9	0	0	0	0	0	43	0	7	0	0	0	0	0	0		0
DeVonta Smith	WR	9	0	0	0	0	0	87	1	4	0	0	0	0	0	0		0
Kenny Gainwell	RB	9	0	0	0	9	0	1	0	1	0	0	0	0	0	0		0
Avery Williams	RB	9	0	0	0	0	0	0	0	0	0	0	0	0	0	0		0
Amon-Ra St. Brown	WR	9	0	0	0	0	0	56	1	7	0	0	0	0	0	0		0
Kyle Pitts	TE	9	0	0	0	0	0	11	0	1	0	0	0	0	0	0		0
Trevor Lawrence	QB	9	169	0	2	8	2	0	0	0	0	0	0	2	0	0		0
Travis Etienne	RB	9	0	0	0	24	0	6	0	2	0	0	0	0	0	0		0
Elijah Moore	WR	9	0	0	0	0	0	28	0	3	0	0	0	0	0	0		0
Trey Sermon	RB	9	0	0	0	4	0	9	0	1	0	0	0	0	0	0		0
Josh Palmer	WR	9	0	0	0	0	0	63	1	2	0	0	0	0	0	0		0
Javonte Williams	RB	9	0	0	0	42	0	42	0	2	0	0	0	0	0	0		0
Hunter Long	TE	9	0	0	0	0	0	4	0	1	0	0	0	0	0	0		0
Grant Calcaterra	TE	9	0	0	0	0	0	30	0	5	0	0	0	0	0	0		0
Bo Melton	WR	9	0	0	0	0	0	19	0	1	0	0	0	0	0	0		0
Tyler Goodson	RB	9	0	0	0	0	0	0	0	0	0	0	0	0	0	0		0
Irvin Charles	WR	9	0	0	0	0	0	0	0	0	0	0	0	0	0	0		0
Cameron Dicker	PK	9	0	0	0	0	0	0	0	0	0	0	0	0	0	0		3
Drake London	WR	9	0	0	0	0	0	27	1	2	0	0	0	0	0	0		0
Chris Olave	WR	9	0	0	0	0	0	13	0	1	0	0	0	0	0	0		0
James Cook	RB	9	0	0	0	44	0	25	0	5	0	0	0	0	0	0		0
Rachaad White	RB	9	0	0	0	19	1	16	0	3	0	0	0	0	0	0		0
Khalil Shakir	WR	9	0	0	0	0	0	50	0	6	0	0	0	0	0	0		0
Tyler Allgeier	RB	9	0	0	0	18	1	0	0	0	0	0	0	0	0	0		0
Jerome Ford	RB	9	0	0	0	5	0	2	0	1	0	0	0	0	0	0		0
Jalen Nailor	WR	9	0	0	0	0	0	7	1	1	0	0	0	0	0	0		0
Kendric Pryor	WR	9	0	0	0	0	0	9	0	1	0	0	0	0	0	0		0
Raheem Blackshear	RB	9	0	0	0	0	0	0	0	0	0	0	0	0	0	0		0
Deven Thompkins	WR	9	0	0	0	-2	0	0	0	0	0	0	0	0	0	0		0
Lucas Krull	TE	9	0	0	0	0	0	0	0	0	0	0	0	0	0	0		0
Peyton Hendershot	TE	9	0	0	0	0	0	9	0	1	0	0	0	0	0	0		0
Julius Chestnut	RB	9	0	0	0	22	0	0	0	0	0	0	0	0	0	0		0
John Metchie III	WR	9	0	0	0	0	0	0	0	0	0	0	0	0	0	0		0
Hassan Haskins	RB	9	0	0	0	0	0	0	0	0	0	0	0	0	0	0		0
Alec Pierce	WR	9	0	0	0	0	0	41	0	3	0	0	0	0	0	0		0
Jalen Tolbert	WR	9	0	0	0	0	0	19	1	3	0	0	0	0	0	0		0
Brandon Aubrey	PK	9	0	0	0	0	0	0	0	0	0	0	0	0	0	0	34;57	1
Garrett Wilson	WR	9	0	0	0	0	0	90	2	9	0	0	0	0	0	0		0
Jahan Dotson	WR	9	0	0	0	0	0	36	0	1	0	0	0	0	0	0		0
Trey McBride	TE	9	0	0	0	2	1	35	0	3	0	0	0	0	0	0		0
KaVontae Turpin	WR	9	0	0	0	0	0	36	0	3	0	0	0	0	0	0		0
Jeremy Ruckert	TE	9	0	0	0	0	0	4	0	1	0	0	0	0	0	0		0
Chig Okonkwo	TE	9	0	0	0	0	0	38	0	3	0	0	0	0	0	0		0
Romeo Doubs	WR	9	0	0	0	0	0	28	0	4	0	0	0	0	0	0		0
Isaiah Likely	TE	9	0	0	0	0	0	0	0	0	0	0	0	0	0	0		0
Kyren Williams	RB	9	0	0	0	69	0	26	0	1	0	0	0	0	0	0		0
Zamir White	RB	9	0	0	0	10	1	0	0	0	0	0	0	0	0	0		0
Jake Ferguson	TE	9	0	0	0	0	0	71	0	7	0	0	0	0	0	0		0
Pierre Strong	RB	9	0	0	0	8	0	0	0	0	0	0	0	0	0	0		0
Wan'Dale Robinson	WR	9	0	0	0	0	0	10	0	3	0	0	0	0	0	0		0
Breece Hall	RB	9	0	0	0	74	0	11	0	2	0	0	0	0	0	0		0
Desmond Ridder	QB	9	74	1	0	2	0	0	0	0	1	0	0	0	0	0		0
Christian Watson	WR	9	0	0	0	0	0	37	0	3	0	0	0	0	0	1		0
Cade Otton	TE	9	0	0	0	0	0	77	1	8	0	0	0	0	0	0		0
Kenneth Walker III	RB	9	0	0	0	83	0	24	0	3	0	0	0	0	0	0		0
Xavier Smith	WR	9	0	0	0	0	0	0	0	0	0	0	0	0	0	0		0
Dontayvion Wicks	WR	9	0	0	0	0	0	0	0	0	0	0	0	0	0	0		0
Eric Gray	RB	9	0	0	0	0	0	0	0	0	0	0	0	0	0	0		0
Brady Russell	RB	9	0	0	0	0	0	0	0	0	0	0	0	0	0	0		0
Ben VanSumeren	RB	9	0	0	0	0	0	0	0	1	0	0	0	0	0	0		0
Xavier Gipson	WR	9	0	0	0	0	0	0	0	0	0	0	0	0	0	0		0
Bijan Robinson	RB	9	0	0	0	86	0	59	0	7	0	0	0	0	0	0		0
Jaxon Smith-Njigba	WR	9	0	0	0	0	0	180	2	7	0	0	0	0	0	0		0
Quentin Johnston	WR	9	0	0	0	2	0	118	1	4	0	0	0	0	0	0		0
Luke Schoonmaker	TE	9	0	0	0	0	0	0	0	0	0	0	0	0	0	0		0
Tank Bigsby	RB	9	0	0	0	22	0	0	0	0	0	0	0	0	0	0		0
Michael Wilson	WR	9	0	0	0	0	0	0	0	0	0	0	0	0	0	0		0
Tre Tucker	WR	9	0	0	0	0	0	5	0	2	0	0	0	0	0	0		0
Chad Ryland	PK	9	0	0	0	0	0	0	0	0	0	0	0	0	0	0	29;55	3
Derius Davis	WR	9	0	0	0	0	0	0	0	0	0	0	0	0	0	0		0
Josh Whyle	TE	9	0	0	0	0	0	12	0	1	0	0	0	0	0	0		0
Chase Brown	RB	9	0	0	0	120	0	37	1	5	0	0	0	0	0	0		0
Parker Washington	WR	9	0	0	0	0	0	41	0	3	0	0	0	0	0	0		0
Kayshon Boutte	WR	9	0	0	0	0	0	18	0	2	0	0	0	0	0	0		0
Chris Rodriguez Jr.	RB	9	0	0	0	52	0	0	0	0	0	0	0	0	0	0		0
Xavier Hutchinson	WR	9	0	0	0	0	0	0	0	0	0	0	0	0	0	0		0
Andrei Iosivas	WR	9	0	0	0	0	0	10	1	1	0	0	0	0	0	0		0
DeMario Douglas	WR	9	0	0	0	0	0	35	0	7	0	0	0	0	0	0		0
Jalen Brooks	WR	9	0	0	0	0	0	26	0	2	0	0	0	0	0	0		0
Jordan Mims	RB	9	0	0	0	13	0	25	0	1	0	0	0	0	0	0		0
Chris Brooks	RB	9	0	0	0	13	0	28	0	3	0	0	0	0	0	0		0
Emari Demercado	RB	9	0	0	0	59	1	21	0	2	0	0	0	0	0	0		0
Hunter Luepke	RB	9	0	0	0	5	0	4	0	2	0	0	0	0	0	0		0
Jake Bobo	WR	9	0	0	0	0	0	0	0	0	0	0	0	0	0	0		0
Nate Adkins	TE	9	0	0	0	0	0	0	0	0	0	0	0	0	0	0		0
Jaleel McLaughlin	RB	9	0	0	0	10	0	10	0	3	0	0	0	0	0	0		0
Emanuel Wilson	RB	9	0	0	0	28	1	1	0	1	0	0	0	0	0	0		0
Rakim Jarrett	WR	9	0	0	0	0	0	9	0	1	0	0	0	0	0	0		0
Ryan Miller	WR	9	0	0	0	0	0	1	1	1	0	0	0	0	0	0		0
Blake Grupe	PK	9	0	0	0	0	0	0	0	0	0	0	0	0	0	0	29;33;51	1
Dalton Kincaid	TE	9	0	0	0	0	0	32	0	4	0	0	0	0	0	0		0
Sean Tucker	RB	9	0	0	0	11	0	6	0	1	0	0	0	0	0	0		0
Marvin Mims Jr.	WR	9	0	0	0	0	0	4	0	1	0	0	0	0	0	0		0
Tank Dell	WR	9	0	0	0	0	0	126	0	6	0	0	0	0	0	0		0
Cedric Tillman	WR	9	0	0	0	0	0	75	1	6	0	0	0	0	0	0		0
Jordan Addison	WR	9	0	0	0	9	0	42	1	5	0	0	0	0	0	0		0
Tucker Kraft	TE	9	0	0	0	2	0	34	0	4	0	0	0	0	0	0		0
Josh Downs	WR	9	0	0	0	0	0	60	0	6	0	0	0	0	0	0		0
Roschon Johnson	RB	9	0	0	0	13	0	8	0	2	0	0	0	0	0	0		0
De'Von Achane	RB	9	0	0	0	63	1	58	1	8	0	0	0	0	0	0		0
Elijah Higgins	TE	9	0	0	0	0	0	34	0	2	0	0	0	0	0	0		0
Trey Palmer	WR	9	0	0	0	0	0	33	0	2	0	0	0	0	0	0		0
Jonathan Mingo	WR	9	0	0	0	0	0	0	0	0	0	0	0	0	0	0		0
Zay Flowers	WR	9	0	0	0	0	0	127	2	5	0	0	0	0	0	0		0
Sam LaPorta	TE	9	0	0	0	0	0	28	0	2	0	0	0	0	0	0		0
Davis Allen	TE	9	0	0	0	0	0	5	0	1	0	0	0	0	0	0		0
Puka Nacua	WR	9	0	0	0	0	0	11	0	1	0	0	0	0	0	0		0
Jahmyr Gibbs	RB	9	0	0	0	65	1	11	0	1	0	0	0	0	0	0		0
Jayden Reed	WR	9	0	0	0	0	0	113	0	5	0	0	0	0	0	0		0
Bryce Young	QB	9	171	1	1	9	0	0	0	0	0	0	0	0	0	0		0
C.J. Stroud	QB	9	191	0	0	59	0	0	0	0	1	0	0	0	0	0		0
Zach Charbonnet	RB	9	0	0	0	8	0	25	0	2	0	0	0	0	0	0		0
Jake Bates	PK	9	0	0	0	0	0	0	0	0	0	0	0	0	0	0	27	3
Johnny Wilson	WR	9	0	0	0	0	0	0	0	0	0	0	0	0	0	0		0
Chris Collier	RB	9	0	0	0	0	0	0	0	0	0	0	0	0	0	0		0
Carson Steele	RB	9	0	0	0	9	0	0	0	0	0	0	0	0	0	0		0
Malik Nabers	WR	9	0	0	0	0	0	59	0	9	0	0	0	0	0	0		0
Brock Bowers	TE	9	0	0	0	0	0	45	1	5	0	0	0	0	0	0		0
Xavier Legette	WR	9	0	0	0	6	0	33	1	4	0	0	0	0	0	0		0
Ja'Tavion Sanders	TE	9	0	0	0	0	0	87	0	4	0	0	0	0	0	0		0
Cade Stover	TE	9	0	0	0	0	0	0	0	0	0	0	0	0	0	0		0
Bucky Irving	RB	9	0	0	0	24	0	10	0	3	0	0	0	0	0	0		0
Audric Estimé	RB	9	0	0	0	35	0	0	0	0	0	0	0	0	0	0		0
Tyrone Tracy Jr.	RB	9	0	0	0	66	0	3	0	1	0	0	0	0	0	0		0
Kimani Vidal	RB	9	0	0	0	7	0	0	0	0	0	0	0	0	0	0		0
Jha'Quan Jackson	WR	9	0	0	0	-5	0	8	0	1	0	0	0	0	0	0		0
Will Reichard	PK	9	0	0	0	0	0	0	0	0	0	0	0	0	0	0		3
Cam Little	PK	9	0	0	0	0	0	0	0	0	0	0	0	0	0	0		1
Ryan Flournoy	WR	9	0	0	0	0	0	13	0	1	0	0	0	0	0	0		0
Jaheim Bell	TE	9	0	0	0	0	0	1	0	1	0	0	0	0	0	0		0
Devaughn Vele	WR	9	0	0	0	0	0	11	0	2	0	0	0	0	0	0		0
Isaiah Williams	WR	9	0	0	0	0	0	0	0	0	0	0	0	0	0	0		0
Jalen Coker	WR	9	0	0	0	0	0	36	0	2	0	0	0	0	0	0		0
Ramel Keyton	WR	9	0	0	0	0	0	7	0	1	0	0	0	0	0	0		0
Dallin Holker	TE	9	0	0	0	0	0	0	0	0	0	0	0	0	0	0		0
Jermaine Jackson	WR	9	0	0	0	-1	0	0	0	0	0	0	0	0	0	0		0
Mason Tipton	WR	9	0	0	0	0	0	0	0	0	0	0	0	0	0	0		0
Bryce Oliver	WR	9	0	0	0	0	0	0	0	0	0	0	0	0	0	0		0
Bo Nix	QB	9	223	0	1	36	0	2	1	1	0	0	0	0	0	0		0
Blake Corum	RB	9	0	0	0	-1	0	0	0	0	0	0	0	0	0	0		0
Will Shipley	RB	9	0	0	0	0	0	0	0	0	0	0	0	0	0	0		0
Ainias Smith	WR	9	0	0	0	2	0	0	0	1	0	0	0	0	0	0		0
Joshua Karty	PK	9	0	0	0	0	0	0	0	0	0	0	0	0	0	0	38;21	2
AJ Barner	TE	9	0	0	0	0	0	27	0	4	0	0	0	0	0	0		0
Braelon Allen	RB	9	0	0	0	9	0	0	0	0	0	0	0	0	0	0		0
Erick All	TE	9	0	0	0	0	0	24	0	2	0	0	0	0	0	0		0
Theo Johnson	TE	9	0	0	0	0	0	51	1	3	0	0	0	0	0	0		0
Marvin Harrison Jr.	WR	9	0	0	0	0	0	34	0	2	0	0	1	0	0	0		0
Drake Maye	QB	9	206	1	2	95	0	0	0	0	1	0	0	0	0	0		0
Troy Franklin	WR	9	0	0	0	0	0	19	0	1	0	0	0	0	0	0		0
Jaylen Wright	RB	9	0	0	0	18	0	0	0	0	0	0	0	0	0	0		0
Ray Davis	RB	9	0	0	0	20	0	70	1	2	0	0	0	0	0	0		0
Malik Washington	WR	9	0	0	0	9	0	0	0	0	0	0	0	0	0	0		0
Adonai Mitchell	WR	9	0	0	0	0	0	22	0	1	0	0	0	0	0	0		0
Brian Thomas Jr.	WR	9	0	0	0	0	0	22	0	2	0	0	0	0	0	1		0
Xavier Worthy	WR	9	0	0	0	-10	0	0	0	0	0	0	0	0	0	0		0
Keon Coleman	WR	9	0	0	0	0	0	21	0	1	0	0	0	0	0	1		0
Ja'Lynn Polk	WR	9	0	0	0	0	0	0	0	0	0	0	0	0	0	0		0
Jayden Daniels	QB	9	209	2	0	35	0	0	0	0	0	0	0	0	0	0		0
Ben Sinnott	TE	9	0	0	0	0	0	12	0	1	0	0	0	0	0	0		0
Ladd McConkey	WR	9	0	0	0	0	0	64	0	5	0	0	0	0	0	0		0
Caleb Williams	QB	9	217	0	0	5	0	0	0	0	0	0	0	0	0	0		0
Rome Odunze	WR	9	0	0	0	0	0	104	0	5	0	0	0	0	0	0		0
Malachi Corley	WR	9	0	0	0	18	0	0	0	0	0	1	0	0	0	0		0
Trey Benson	RB	9	0	0	0	37	1	18	0	1	0	0	0	0	0	0		0
Jude McAtamney	PK	9	0	0	0	0	0	0	0	0	0	0	0	0	0	0	31	1
Aaron Rodgers	QB	10	151	0	0	0	0	0	0	0	1	0	0	0	0	0		0
Nick Folk	PK	10	0	0	0	0	0	0	0	0	0	0	0	0	0	0	27	2
Joe Flacco	QB	10	272	2	3	0	0	0	0	0	1	0	0	0	0	0		0
Matthew Stafford	QB	10	293	0	1	0	0	0	0	0	0	0	0	0	0	0		0
Graham Gano	PK	10	0	0	0	0	0	0	0	0	0	0	0	0	0	0	42	2
Russell Wilson	QB	10	195	3	1	3	0	0	0	0	0	0	0	0	0	0		0
Justin Tucker	PK	10	0	0	0	0	0	0	0	0	0	0	0	0	0	0		3
Kirk Cousins	QB	10	306	0	1	0	0	0	0	0	0	0	0	0	0	0		0
Zach Ertz	TE	10	0	0	0	0	0	31	0	4	0	0	0	0	0	0		0
Keenan Allen	WR	10	0	0	0	0	0	44	0	5	0	0	0	0	0	0		0
Robert Woods	WR	10	0	0	0	0	0	1	0	1	0	0	0	0	0	0		0
Travis Kelce	TE	10	0	0	0	0	0	64	1	8	0	0	0	0	0	0		0
DeAndre Hopkins	WR	10	0	0	0	0	0	56	0	4	0	0	0	0	0	0		0
Cordarrelle Patterson	RB	10	0	0	0	14	0	0	0	0	0	0	0	0	0	0		0
Chris Boswell	PK	10	0	0	0	0	0	0	0	0	0	0	0	0	0	0		4
Cairo Santos	PK	10	0	0	0	0	0	0	0	0	0	0	0	0	0	0	33	0
Odell Beckham Jr.	WR	10	0	0	0	0	0	17	0	2	0	0	0	0	0	0		0
Derek Carr	QB	10	269	2	0	17	0	0	0	0	0	0	0	0	0	0		0
Davante Adams	WR	10	0	0	0	0	0	31	0	6	0	0	0	0	0	0		0
Nelson Agholor	WR	10	0	0	0	0	0	6	1	1	0	0	0	0	0	0		0
MyCole Pruitt	TE	10	0	0	0	0	0	0	0	0	0	0	0	0	0	0		0
Raheem Mostert	RB	10	0	0	0	0	0	34	0	2	0	0	0	0	0	0		0
DeAndre Carter	WR	10	0	0	0	0	0	5	0	1	0	0	0	0	0	0		0
Sterling Shepard	WR	10	0	0	0	3	0	7	0	1	0	0	0	0	0	0		0
Austin Hooper	TE	10	0	0	0	0	0	64	0	3	0	0	0	0	0	0		0
Kalif Raymond	WR	10	0	0	0	0	0	0	0	0	0	0	0	0	0	0		0
Wil Lutz	PK	10	0	0	0	0	0	0	0	0	0	0	0	0	0	0		2
Ka'imi Fairbairn	PK	10	0	0	0	0	0	0	0	0	0	0	0	0	0	0	34;56;29	2
Derrick Henry	RB	10	0	0	0	68	1	3	0	1	0	0	0	0	0	0		0
Demarcus Robinson	WR	10	0	0	0	0	0	23	0	1	0	0	0	0	0	0		0
Tyreek Hill	WR	10	0	0	0	11	0	16	1	3	0	0	0	0	0	0		0
Ezekiel Elliott	RB	10	0	0	0	22	0	0	0	0	0	1	0	0	0	0		0
Hunter Henry	TE	10	0	0	0	0	0	14	0	1	0	0	0	0	0	0		0
Jared Goff	QB	10	240	2	5	2	0	0	0	0	0	0	0	0	0	0		0
Christian McCaffrey	RB	10	0	0	0	39	0	68	0	6	0	0	0	0	0	0		0
Curtis Samuel	WR	10	0	0	0	0	0	35	0	4	0	0	0	0	0	0		0
George Kittle	TE	10	0	0	0	0	0	57	1	3	0	0	0	0	0	0		0
Aaron Jones	RB	10	0	0	0	88	0	13	0	2	0	0	0	0	0	0		0
Harrison Butker	PK	10	0	0	0	0	0	0	0	0	0	0	0	0	0	0	36;28;20	1
Taysom Hill	TE	10	0	0	0	14	0	36	0	2	0	0	0	0	0	0		0
Samaje Perine	RB	10	0	0	0	0	0	37	0	2	0	0	0	0	0	0		0
Mike Williams	WR	10	0	0	0	0	0	32	1	1	0	0	0	0	0	0		0
James Conner	RB	10	0	0	0	33	1	80	0	5	0	0	0	0	0	0		0
Mack Hollins	WR	10	0	0	0	0	0	86	0	4	0	0	0	0	0	0		0
Eric Saubert	TE	10	0	0	0	0	0	0	0	0	0	0	0	0	0	0		0
David Moore	WR	10	0	0	0	0	0	18	0	2	0	0	0	0	0	0		0
Noah Brown	WR	10	0	0	0	0	0	33	0	3	0	0	0	0	0	0		0
Cooper Rush	QB	10	45	0	0	2	0	0	0	0	1	1	0	0	0	0		0
Austin Ekeler	RB	10	0	0	0	44	2	7	0	1	0	0	0	0	0	0		0
Younghoe Koo	PK	10	0	0	0	0	0	0	0	0	0	0	0	0	0	0	27	2
Jake Elliott	PK	10	0	0	0	0	0	0	0	0	0	0	0	0	0	0	39;38	4
Dare Ogunbowale	RB	10	0	0	0	11	0	0	0	0	0	0	0	0	0	0		0
Jonnu Smith	TE	10	0	0	0	0	0	45	0	3	0	0	0	0	0	0		0
Zane Gonzalez	PK	10	0	0	0	0	0	0	0	0	0	0	0	0	0	0	48;41	3
Mitchell Trubisky	QB	10	0	0	0	-1	0	0	0	0	0	0	0	0	0	0		0
Patrick Mahomes	QB	10	266	1	0	19	0	0	0	0	0	0	0	0	0	0		0
Evan Engram	TE	10	0	0	0	0	0	40	0	6	0	0	0	0	0	0		0
Joe Mixon	RB	10	0	0	0	46	1	44	0	2	0	0	0	0	0	0		0
Alvin Kamara	RB	10	0	0	0	55	0	54	0	5	0	0	0	0	0	0		0
Cooper Kupp	WR	10	0	0	0	0	0	80	0	7	0	0	0	0	0	0		0
Kareem Hunt	RB	10	0	0	0	35	0	65	0	7	0	0	0	0	0	0		0
Jeremy McNichols	RB	10	0	0	0	7	1	0	0	0	0	0	0	0	0	0		0
Will Dissly	TE	10	0	0	0	0	0	30	0	5	0	0	0	0	0	0		0
Eddy Pineiro	PK	10	0	0	0	0	0	0	0	0	0	0	0	0	0	0	53;36	2
Gus Edwards	RB	10	0	0	0	55	0	0	0	0	0	0	0	0	0	0		0
Tyler Conklin	TE	10	0	0	0	0	0	8	0	1	0	0	0	0	0	0		0
Marquez Valdes-Scantling	WR	10	0	0	0	0	0	109	2	3	0	0	0	0	0	0		0
Courtland Sutton	WR	10	0	0	0	0	0	70	1	6	0	0	0	0	0	0		0
Dallas Goedert	TE	10	0	0	0	0	0	25	1	2	0	0	0	0	0	0		0
Ian Thomas	TE	10	0	0	0	0	0	3	0	1	0	0	0	0	0	0		0
Dalton Schultz	TE	10	0	0	0	0	0	66	0	3	0	0	0	0	0	0		0
Justin Watson	WR	10	0	0	0	0	0	6	0	2	0	0	0	0	0	0		0
Ray-Ray McCloud	WR	10	0	0	0	6	0	30	0	3	0	0	0	0	0	0		0
Trent Sherfield	WR	10	0	0	0	0	0	11	0	1	0	0	0	0	0	0		0
Tanner Hudson	TE	10	0	0	0	1	0	42	1	6	0	0	0	0	0	0		0
Brandon Powell	WR	10	0	0	0	0	0	0	0	0	0	0	0	0	0	0		0
Mark Andrews	TE	10	0	0	0	0	0	68	1	6	0	0	0	0	0	0		0
Jason Sanders	PK	10	0	0	0	0	0	0	0	0	0	0	0	0	0	0	50;37;50	2
Lamar Jackson	QB	10	290	4	0	33	0	0	0	0	0	0	0	0	1	0		0
Durham Smythe	TE	10	0	0	0	0	0	6	0	1	0	0	0	0	0	0		0
DJ Moore	WR	10	0	0	0	3	0	24	0	3	0	0	0	0	0	0		0
Mike Gesicki	TE	10	0	0	0	0	0	30	0	4	0	0	0	0	0	0		0
Hayden Hurst	TE	10	0	0	0	0	0	0	0	0	0	0	0	0	0	0		0
Calvin Ridley	WR	10	0	0	0	0	0	84	2	5	0	0	0	0	0	0		0
Saquon Barkley	RB	10	0	0	0	66	0	12	0	1	0	0	0	0	0	0		0
Baker Mayfield	QB	10	116	1	0	3	0	0	0	0	0	0	0	0	0	0		0
Josh Allen	QB	10	280	0	2	50	1	0	0	0	0	0	0	0	0	0		0
Dante Pettis	WR	10	0	0	0	0	0	8	0	1	0	0	0	0	0	0		0
Sam Darnold	QB	10	241	0	3	28	0	0	0	0	0	0	0	0	0	0		0
Steven Sims	WR	10	0	0	0	0	0	0	0	0	0	0	0	0	0	0		0
Justice Hill	RB	10	0	0	0	-2	0	0	0	2	0	0	0	0	0	0		0
Foster Moreau	TE	10	0	0	0	0	0	0	0	0	0	0	0	0	0	0		0
Ashton Dulin	WR	10	0	0	0	7	0	0	0	0	0	0	0	0	0	0		0
Mecole Hardman	WR	10	0	0	0	0	0	3	0	1	0	0	0	0	0	0		0
Joey Slye	PK	10	0	0	0	0	0	0	0	0	0	0	0	0	0	0	30;37;25;33	1
Olamide Zaccheaus	WR	10	0	0	0	0	0	8	0	1	0	0	0	0	0	0		0
Diontae Johnson	WR	10	0	0	0	0	0	6	0	1	0	0	0	0	0	0		0
Kyler Murray	QB	10	266	1	0	21	2	0	0	0	0	0	0	0	0	0		0
T.J. Hockenson	TE	10	0	0	0	0	0	72	0	8	0	0	0	0	0	0		0
Miles Sanders	RB	10	0	0	0	5	0	0	0	0	0	0	0	0	0	0		0
Josh Oliver	TE	10	0	0	0	0	0	52	0	4	0	0	0	0	0	0		0
Devin Singletary	RB	10	0	0	0	40	0	5	0	1	0	0	0	0	0	0		0
Tony Pollard	RB	10	0	0	0	44	0	19	0	4	0	0	0	0	0	0		0
Matt Gay	PK	10	0	0	0	0	0	0	0	0	0	0	0	0	0	0	27;23	2
Trenton Irwin	WR	10	0	0	0	0	0	0	0	0	0	0	0	0	0	0		0
Chase McLaughlin	PK	10	0	0	0	0	0	0	0	0	0	0	0	0	0	0	30;26	2
Lil'Jordan Humphrey	WR	10	0	0	0	0	0	23	0	2	0	0	0	0	0	0		0
Greg Dortch	WR	10	0	0	0	0	0	-1	0	1	0	0	0	0	0	0		0
Ty Johnson	RB	10	0	0	0	0	0	32	0	3	0	0	0	0	0	0		0
Travis Homer	RB	10	0	0	0	0	0	0	0	0	0	0	0	0	0	0		0
Terry McLaurin	WR	10	0	0	0	0	0	113	0	5	0	0	0	0	0	0		0
A.J. Brown	WR	10	0	0	0	0	0	109	0	5	0	0	0	0	0	0		0
David Montgomery	RB	10	0	0	0	32	1	24	0	1	0	0	0	0	0	0		0
Dawson Knox	TE	10	0	0	0	0	0	40	0	2	0	0	0	0	0	0		0
Daniel Jones	QB	10	190	0	2	26	1	0	0	0	0	0	0	0	0	0		0
Deebo Samuel Sr.	WR	10	0	0	0	14	0	62	0	5	0	0	0	0	0	0		0
JaMycal Hasty	RB	10	0	0	0	20	0	4	0	1	0	0	0	0	0	0		0
Juwan Johnson	TE	10	0	0	0	0	0	22	0	2	0	0	0	0	0	0		0
Rico Dowdle	RB	10	0	0	0	53	0	3	0	3	0	0	0	0	0	0		0
J.K. Dobbins	RB	10	0	0	0	50	0	5	0	3	0	0	0	0	0	0		0
Tyler Bass	PK	10	0	0	0	0	0	0	0	0	0	0	0	0	0	0	29;47;28	3
Isaiah Hodgins	WR	10	0	0	0	0	0	7	0	1	0	0	0	0	0	0		0
Nick Westbrook-Ikhine	WR	10	0	0	0	0	0	31	0	3	0	0	0	0	0	0		0
Gabe Davis	WR	10	0	0	0	0	0	19	0	1	0	0	0	0	0	0		0
Tua Tagovailoa	QB	10	207	1	1	-1	0	0	0	0	1	0	0	0	0	0		0
Jonathan Taylor	RB	10	0	0	0	114	0	8	0	2	0	0	0	0	0	0		0
Jauan Jennings	WR	10	0	0	0	0	0	93	0	7	0	0	0	0	0	0		0
D'Andre Swift	RB	10	0	0	0	59	0	6	0	1	0	0	0	0	0	0		0
Cole Kmet	TE	10	0	0	0	0	0	13	0	2	0	0	0	0	0	0		0
Darnell Mooney	WR	10	0	0	0	0	0	96	0	5	0	0	0	0	0	0		0
Justin Jefferson	WR	10	0	0	0	0	0	48	0	5	0	0	0	0	0	0		0
Antonio Gibson	RB	10	0	0	0	26	0	0	0	0	0	0	0	0	0	0		0
Devin Duvernay	WR	10	0	0	0	0	0	0	0	0	0	0	0	0	0	0		0
K.J. Osborn	WR	10	0	0	0	0	0	0	0	0	0	0	0	0	0	0		0
Justin Herbert	QB	10	164	1	0	32	1	0	0	0	0	0	0	0	0	0		0
CeeDee Lamb	WR	10	0	0	0	3	0	21	0	6	0	0	0	0	0	0		0
Jalen Reagor	WR	10	0	0	0	-2	0	0	0	0	0	0	0	0	0	0		0
Jalen Hurts	QB	10	202	2	1	56	2	0	0	0	1	0	0	0	0	0		0
Cam Akers	RB	10	0	0	0	38	0	9	0	1	0	0	0	0	0	0		0
Van Jefferson	WR	10	0	0	0	0	0	0	0	0	0	0	0	0	0	0		0
Adam Trautman	TE	10	0	0	0	0	0	34	0	1	0	0	0	0	0	0		0
DeeJay Dallas	RB	10	0	0	0	10	0	0	0	0	0	0	0	0	0	0		0
Tyler Johnson	WR	10	0	0	0	0	0	25	0	3	0	0	0	0	0	0		0
Charlie Woerner	TE	10	0	0	0	0	0	0	0	0	0	0	0	0	0	0		0
Joe Burrow	QB	10	428	4	0	6	0	0	0	0	0	0	0	0	0	0		0
Kenny Yeboah	TE	10	0	0	0	0	0	4	0	1	0	0	0	0	0	0		0
Rashod Bateman	WR	10	0	0	0	0	0	54	1	6	0	0	0	0	0	0		0
Chuba Hubbard	RB	10	0	0	0	153	1	16	0	4	0	0	1	0	0	0		0
Jaylen Waddle	WR	10	0	0	0	-1	0	57	0	3	0	0	0	0	0	0		0
Dyami Brown	WR	10	0	0	0	0	0	-13	0	2	0	0	0	0	0	0		0
John Bates	TE	10	0	0	0	0	0	0	0	0	0	0	0	0	0	0		0
Tylan Wallace	WR	10	0	0	0	0	0	115	1	3	0	0	0	0	0	0		0
Ihmir Smith-Marsette	WR	10	0	0	0	0	0	0	0	0	0	0	0	0	0	0		0
Noah Gray	TE	10	0	0	0	0	0	18	0	2	0	0	0	0	0	0		0
Feleipe Franks	TE	10	0	0	0	0	0	0	0	0	0	0	0	0	0	0		0
Tutu Atwell	WR	10	0	0	0	0	0	6	0	1	0	0	0	0	0	0		0
Evan McPherson	PK	10	0	0	0	0	0	0	0	0	0	0	0	0	0	0		4
Ben Skowronek	WR	10	0	0	0	0	0	0	0	0	0	0	0	0	0	0		0
Rhamondre Stevenson	RB	10	0	0	0	74	0	3	0	1	0	0	0	0	0	0		0
Kylen Granson	TE	10	0	0	0	0	0	15	0	2	0	0	0	0	0	0		0
Luke Farrell	TE	10	0	0	0	0	0	16	0	2	0	0	0	0	0	0		0
Najee Harris	RB	10	0	0	0	53	1	0	0	0	0	0	0	0	0	0		0
Pat Freiermuth	TE	10	0	0	0	0	0	17	1	3	0	0	0	0	0	0		0
Ja'Marr Chase	WR	10	0	0	0	0	0	264	3	11	0	0	0	0	0	0		0
Khalil Herbert	RB	10	0	0	0	0	0	0	0	0	0	0	0	0	0	0		0
DeVonta Smith	WR	10	0	0	0	0	0	14	0	2	0	0	0	0	0	0		0
Kenny Gainwell	RB	10	0	0	0	30	0	9	0	1	0	0	0	0	0	0		0
Avery Williams	RB	10	0	0	0	0	0	0	0	0	0	0	0	0	0	0		0
Amon-Ra St. Brown	WR	10	0	0	0	0	0	60	1	6	0	0	0	0	0	0		0
Kyle Pitts	TE	10	0	0	0	0	0	55	0	4	0	0	0	0	0	0		0
Mac Jones	QB	10	111	0	2	8	1	0	0	0	0	1	0	0	0	0		0
Travis Etienne	RB	10	0	0	0	44	0	-1	0	1	0	0	0	0	0	0		0
Trey Sermon	RB	10	0	0	0	0	0	4	0	1	0	0	0	0	0	0		0
Josh Palmer	WR	10	0	0	0	0	0	36	0	1	0	0	0	0	0	0		0
Javonte Williams	RB	10	0	0	0	1	0	6	0	2	0	0	0	0	0	0		0
Trey Lance	QB	10	21	0	1	17	0	0	0	0	0	0	0	0	0	0		0
Grant Calcaterra	TE	10	0	0	0	0	0	0	0	0	0	0	0	0	0	0		0
Tyler Goodson	RB	10	0	0	0	0	0	9	1	2	0	0	0	0	0	0		0
Justyn Ross	WR	10	0	0	0	0	0	0	0	0	0	0	0	0	0	0		0
Cameron Dicker	PK	10	0	0	0	0	0	0	0	0	0	0	0	0	0	0	21;37	3
Jaylen Warren	RB	10	0	0	0	66	0	29	0	2	0	1	0	0	0	0		0
Kevin Austin Jr.	WR	10	0	0	0	0	0	36	0	2	0	0	0	0	0	0		0
Drake London	WR	10	0	0	0	0	0	97	0	8	0	0	0	0	0	0		0
Jameson Williams	WR	10	0	0	0	0	0	53	0	3	0	0	0	0	0	0		0
George Pickens	WR	10	0	0	0	4	0	91	1	5	0	0	0	0	0	0		0
James Cook	RB	10	0	0	0	80	1	5	0	1	0	0	0	0	0	0		0
Rachaad White	RB	10	0	0	0	31	0	39	1	6	0	0	0	0	0	0		0
Khalil Shakir	WR	10	0	0	0	0	0	58	0	6	0	0	0	0	0	0		0
Tyler Allgeier	RB	10	0	0	0	59	0	0	0	0	0	0	0	0	0	0		0
Ty Chandler	RB	10	0	0	0	18	0	0	0	0	0	0	0	0	0	0		0
Jalen Nailor	WR	10	0	0	0	-7	0	11	0	1	0	0	0	0	0	0		0
Andrew Ogletree	TE	10	0	0	0	0	0	2	0	1	0	0	0	0	0	0		0
Raheem Blackshear	RB	10	0	0	0	0	0	0	0	0	0	0	0	0	0	0		0
Jordan Mason	RB	10	0	0	0	5	0	0	0	0	0	0	0	0	0	0		0
Lucas Krull	TE	10	0	0	0	0	0	21	0	2	0	0	0	0	0	0		0
John Parker Romo	PK	10	0	0	0	0	0	0	0	0	0	0	0	0	0	0	45;33;34;29	0
Peyton Hendershot	TE	10	0	0	0	0	0	6	0	1	0	0	0	0	0	0		0
Julius Chestnut	RB	10	0	0	0	0	0	0	0	0	0	0	0	0	0	0		0
John Metchie III	WR	10	0	0	0	0	0	74	1	5	0	0	0	0	0	0		0
Hassan Haskins	RB	10	0	0	0	4	1	0	0	0	0	0	0	0	0	0		0
Alec Pierce	WR	10	0	0	0	0	0	81	1	4	0	0	0	0	0	0		0
Jalen Tolbert	WR	10	0	0	0	0	0	14	0	3	0	0	0	0	0	0		0
Brandon Aubrey	PK	10	0	0	0	0	0	0	0	0	0	0	0	0	0	0	46;23	0
Garrett Wilson	WR	10	0	0	0	0	0	41	0	5	0	0	0	0	0	0		0
Jahan Dotson	WR	10	0	0	0	0	0	27	0	1	0	0	0	0	0	0		0
Trey McBride	TE	10	0	0	0	0	0	71	0	4	0	0	0	0	0	0		0
KaVontae Turpin	WR	10	0	0	0	0	0	0	0	0	0	0	0	0	0	0		0
Jeremy Ruckert	TE	10	0	0	0	0	0	17	0	2	0	0	0	0	0	0		0
Chig Okonkwo	TE	10	0	0	0	0	0	14	0	1	0	0	0	0	0	0		0
Brock Purdy	QB	10	353	2	0	17	0	0	0	0	0	0	0	0	0	0		0
Calvin Austin III	WR	10	0	0	0	0	0	20	0	2	0	0	0	0	0	0		0
Kyren Williams	RB	10	0	0	0	62	0	20	0	5	0	1	0	0	0	0		0
Jake Ferguson	TE	10	0	0	0	0	0	24	0	4	0	0	1	0	0	0		0
Charlie Kolar	TE	10	0	0	0	0	0	4	0	1	0	0	0	0	0	0		0
Kenny Pickett	QB	10	5	0	0	1	0	0	0	0	0	0	0	0	0	0		0
Wan'Dale Robinson	WR	10	0	0	0	0	0	51	0	5	0	0	0	0	0	0		0
Breece Hall	RB	10	0	0	0	52	0	31	0	4	0	0	0	0	0	0		0
Cade Otton	TE	10	0	0	0	0	0	35	0	5	0	0	0	0	0	0		0
Xavier Smith	WR	10	0	0	0	0	0	0	0	0	0	0	0	0	0	0		0
Will Mallory	TE	10	0	0	0	0	0	10	0	1	0	0	0	0	0	0		0
Eric Gray	RB	10	0	0	0	0	0	0	0	0	0	0	0	0	0	0		0
Keaton Mitchell	RB	10	0	0	0	0	0	0	0	0	0	0	0	0	0	0		0
Xavier Gipson	WR	10	0	0	0	0	0	0	0	0	0	0	0	0	0	0		0
Bijan Robinson	RB	10	0	0	0	116	2	28	0	3	0	0	0	0	0	0		0
Quentin Johnston	WR	10	0	0	0	0	0	24	1	2	0	0	0	0	0	0		0
Luke Schoonmaker	TE	10	0	0	0	0	0	0	0	0	0	0	0	0	0	0		0
Tank Bigsby	RB	10	0	0	0	4	0	0	0	0	0	0	0	0	0	0		0
Darnell Washington	TE	10	0	0	0	0	0	6	0	1	0	0	0	0	0	0		0
Michael Wilson	WR	10	0	0	0	0	0	24	0	3	0	0	0	0	0	0		0
Jake Moody	PK	10	0	0	0	0	0	0	0	0	0	0	0	0	0	0	28;33;44	2
Chad Ryland	PK	10	0	0	0	0	0	0	0	0	0	0	0	0	0	0	37	4
Derius Davis	WR	10	0	0	0	6	0	17	0	1	0	0	0	0	0	0		0
Clayton Tune	QB	10	0	0	0	-1	0	0	0	0	0	0	0	0	0	0		0
Josh Whyle	TE	10	0	0	0	0	0	0	0	0	0	0	0	0	0	0		0
Chase Brown	RB	10	0	0	0	42	1	52	0	9	0	1	0	0	0	0		0
Kayshon Boutte	WR	10	0	0	0	0	0	47	0	4	0	0	0	0	0	0		0
Chris Rodriguez Jr.	RB	10	0	0	0	4	0	0	0	0	0	0	0	0	0	0		0
Xavier Hutchinson	WR	10	0	0	0	0	0	6	0	2	0	0	0	0	0	0		0
Andrei Iosivas	WR	10	0	0	0	0	0	29	0	2	0	0	0	0	0	0		0
DeMario Douglas	WR	10	0	0	0	0	0	50	0	4	0	0	0	0	0	0		0
Jalen Brooks	WR	10	0	0	0	0	0	4	0	1	0	0	0	0	0	0		0
Ronnie Bell	WR	10	0	0	0	0	0	0	0	0	0	0	0	0	0	0		0
Jordan Mims	RB	10	0	0	0	10	0	4	0	1	0	0	0	0	0	0		0
Emari Demercado	RB	10	0	0	0	22	0	0	0	0	0	0	0	0	0	0		0
Julian Hill	TE	10	0	0	0	0	0	0	0	0	0	0	0	0	0	0		0
Hunter Luepke	RB	10	0	0	0	0	0	0	0	0	0	0	0	0	0	0		0
Jaleel McLaughlin	RB	10	0	0	0	12	0	0	0	0	0	0	0	0	0	0		0
Rakim Jarrett	WR	10	0	0	0	0	0	10	0	2	0	0	0	0	0	0		0
Ryan Miller	WR	10	0	0	0	0	0	11	0	1	0	0	0	0	0	0		0
Blake Grupe	PK	10	0	0	0	0	0	0	0	0	0	0	0	0	0	0	38;26	2
Dalton Kincaid	TE	10	0	0	0	0	0	24	0	2	0	0	0	0	0	0		0
Brenton Strange	TE	10	0	0	0	0	0	25	0	2	0	0	0	0	0	0		0
Jalin Hyatt	WR	10	0	0	0	0	0	39	0	4	0	0	0	0	0	0		0
Sean Tucker	RB	10	0	0	0	0	0	0	0	0	0	0	0	0	0	0		0
Marvin Mims Jr.	WR	10	0	0	0	17	0	13	0	4	0	0	0	0	0	0		0
Tank Dell	WR	10	0	0	0	-6	0	39	0	5	0	0	0	0	0	0		0
Jordan Addison	WR	10	0	0	0	4	0	25	0	2	0	0	0	0	0	0		0
Josh Downs	WR	10	0	0	0	0	0	72	0	7	0	0	0	0	0	0		0
Roschon Johnson	RB	10	0	0	0	-4	0	5	0	1	0	0	0	0	0	0		0
Tyjae Spears	RB	10	0	0	0	47	0	4	0	3	0	0	0	0	0	0		0
De'Von Achane	RB	10	0	0	0	37	0	15	0	5	0	0	0	0	0	0		0
Elijah Higgins	TE	10	0	0	0	0	0	13	0	2	0	0	0	0	0	0		0
Trey Palmer	WR	10	0	0	0	0	0	0	0	0	0	0	0	0	0	0		0
Zay Flowers	WR	10	0	0	0	0	0	34	0	4	0	0	0	0	0	0		0
Sam LaPorta	TE	10	0	0	0	0	0	66	1	3	0	0	0	0	0	0		0
Davis Allen	TE	10	0	0	0	0	0	34	0	5	0	0	0	0	0	0		0
Puka Nacua	WR	10	0	0	0	0	0	98	0	9	0	0	0	0	0	0		0
Jahmyr Gibbs	RB	10	0	0	0	71	0	37	0	2	0	0	0	0	0	0		0
Bryce Young	QB	10	126	1	0	30	0	0	0	0	0	0	0	0	0	0		0
Will Levis	QB	10	175	2	0	41	0	0	0	0	0	0	0	0	0	0		0
C.J. Stroud	QB	10	232	1	2	5	0	0	0	0	0	0	0	0	0	0		0
Jake Bates	PK	10	0	0	0	0	0	0	0	0	0	0	0	0	0	0	58;52	2
Johnny Wilson	WR	10	0	0	0	0	0	5	1	1	0	0	0	0	0	0		0
Carson Steele	RB	10	0	0	0	3	0	0	0	0	0	0	0	0	0	0		0
Malik Nabers	WR	10	0	0	0	-2	0	50	0	6	0	0	0	0	0	0		0
Xavier Legette	WR	10	0	0	0	0	0	40	0	3	0	0	0	0	0	0		0
Luke McCaffrey	WR	10	0	0	0	0	0	23	0	1	0	0	0	0	0	0		0
Ja'Tavion Sanders	TE	10	0	0	0	0	0	8	1	2	0	0	0	0	0	0		0
Cade Stover	TE	10	0	0	0	0	0	2	0	1	0	0	0	0	0	0		0
Bucky Irving	RB	10	0	0	0	73	1	14	0	3	0	0	0	0	0	0		0
Isaac Guerendo	RB	10	0	0	0	0	0	0	0	0	0	0	0	0	0	0		0
Sione Vaki	RB	10	0	0	0	0	0	0	0	0	0	0	0	0	0	0		0
Jacob Cowing	WR	10	0	0	0	0	0	0	0	0	0	0	0	0	0	0		0
Audric Estimé	RB	10	0	0	0	53	0	0	0	0	0	0	0	0	0	0		0
Tyrone Tracy Jr.	RB	10	0	0	0	103	1	1	0	1	0	1	0	0	0	0		0
Jha'Quan Jackson	WR	10	0	0	0	0	0	0	0	0	0	0	0	0	0	0		0
Cam Little	PK	10	0	0	0	0	0	0	0	0	0	0	0	0	0	0		1
Ryan Flournoy	WR	10	0	0	0	0	0	0	0	0	0	0	0	0	0	0		0
Devaughn Vele	WR	10	0	0	0	0	0	39	1	4	0	0	0	0	0	0		0
Jalen Coker	WR	10	0	0	0	0	0	41	0	3	0	0	0	0	0	0		0
Spencer Shrader	PK	10	0	0	0	0	0	0	0	0	0	0	0	0	0	0	25;45	0
Jermaine Jackson	WR	10	0	0	0	0	0	0	0	0	0	0	0	0	0	0		0
Cam Grandy	TE	10	0	0	0	0	0	0	0	1	0	0	0	0	0	0		0
Bryce Oliver	WR	10	0	0	0	0	0	23	0	2	0	0	0	0	0	0		0
Bo Nix	QB	10	215	2	0	-5	0	0	0	0	0	0	0	0	0	0		0
Blake Corum	RB	10	0	0	0	8	0	7	0	1	0	0	0	0	0	0		0
Will Shipley	RB	10	0	0	0	34	0	0	0	0	0	0	0	0	0	0		0
Ainias Smith	WR	10	0	0	0	0	0	6	0	2	0	0	0	0	0	0		0
Joshua Karty	PK	10	0	0	0	0	0	0	0	0	0	0	0	0	0	0	34;55;53;22;31	0
Jordan Whittington	WR	10	0	0	0	0	0	0	0	0	0	0	0	0	0	0		0
Braelon Allen	RB	10	0	0	0	27	0	7	0	1	0	0	0	0	0	0		0
Isaiah Davis	RB	10	0	0	0	0	0	10	0	1	0	0	0	0	0	0		0
Jermaine Burton	WR	10	0	0	0	0	0	11	0	1	0	0	0	0	0	0		0
Theo Johnson	TE	10	0	0	0	0	0	37	0	4	0	0	0	0	0	0		0
Marvin Harrison Jr.	WR	10	0	0	0	0	0	54	1	5	0	0	0	0	0	0		0
Drake Maye	QB	10	184	1	1	24	0	0	0	0	0	0	0	0	0	0		0
Troy Franklin	WR	10	0	0	0	0	0	9	0	1	0	0	0	0	0	0		0
Jaylen Wright	RB	10	0	0	0	3	0	0	0	0	0	0	0	0	0	0		0
Ray Davis	RB	10	0	0	0	6	0	0	0	0	0	0	0	0	0	0		0
Malik Washington	WR	10	0	0	0	18	1	17	0	1	0	0	0	0	0	0		0
Adonai Mitchell	WR	10	0	0	0	0	0	71	0	6	0	0	0	0	0	0		0
Brian Thomas Jr.	WR	10	0	0	0	0	0	12	0	2	0	0	0	0	0	0		0
Xavier Worthy	WR	10	0	0	0	0	0	11	0	1	0	0	0	0	0	0		0
Ja'Lynn Polk	WR	10	0	0	0	0	0	2	1	1	0	0	0	0	0	0		0
Jayden Daniels	QB	10	202	0	0	5	0	0	0	0	0	0	0	0	0	0		0
Ladd McConkey	WR	10	0	0	0	0	0	52	0	2	0	0	0	0	0	0		0
Ricky Pearsall	WR	10	0	0	0	0	0	73	1	4	0	0	0	0	0	0		0
Caleb Williams	QB	10	120	0	0	15	0	0	0	0	0	0	0	0	0	0		0
Rome Odunze	WR	10	0	0	0	0	0	23	0	3	0	0	0	0	0	0		0
Malachi Corley	WR	10	0	0	0	0	0	2	0	1	0	0	0	0	0	0		0
Trey Benson	RB	10	0	0	0	62	0	25	0	2	0	0	0	0	0	0		0
Aaron Rodgers	QB	11	184	2	0	7	0	0	0	0	0	0	0	0	0	0		0
Nick Folk	PK	11	0	0	0	0	0	0	0	0	0	0	0	0	0	0	30;43	1
Matthew Stafford	QB	11	295	4	0	0	0	0	0	0	0	0	0	0	0	0		0
Russell Wilson	QB	11	205	0	1	1	0	0	0	0	0	0	0	0	0	0		0
Justin Tucker	PK	11	0	0	0	0	0	0	0	0	0	0	0	0	0	0	54	1
Kirk Cousins	QB	11	173	0	1	0	0	0	0	0	0	0	0	0	0	0		0
Brandon McManus	PK	11	0	0	0	0	0	0	0	0	0	0	0	0	0	0		2
Zach Ertz	TE	11	0	0	0	0	0	47	1	6	0	0	0	0	0	1		0
Dustin Hopkins	PK	11	0	0	0	0	0	0	0	0	0	0	0	0	0	0		0
Keenan Allen	WR	11	0	0	0	0	0	41	0	4	0	0	0	0	0	0		0
Robert Woods	WR	11	0	0	0	0	0	13	0	2	0	0	0	0	0	0		0
Travis Kelce	TE	11	0	0	0	0	0	8	0	2	0	0	0	0	0	0		0
DeAndre Hopkins	WR	11	0	0	0	0	0	29	0	3	0	0	0	0	0	0		0
Geno Smith	QB	11	221	0	1	29	1	0	0	0	0	0	0	0	0	0		0
Cordarrelle Patterson	RB	11	0	0	0	0	0	0	0	1	0	0	0	0	0	0		0
Chris Boswell	PK	11	0	0	0	0	0	0	0	0	0	0	0	0	0	0	32;52;32;57;27;50	0
Cairo Santos	PK	11	0	0	0	0	0	0	0	0	0	0	0	0	0	0	53;27	1
Odell Beckham Jr.	WR	11	0	0	0	0	0	13	0	2	0	0	0	0	0	0		0
Derek Carr	QB	11	248	2	0	8	0	0	0	0	0	0	0	0	0	0		0
Davante Adams	WR	11	0	0	0	0	0	72	0	6	0	0	0	0	0	0		0
Allen Robinson	WR	11	0	0	0	0	0	7	0	1	0	0	0	0	0	0		0
Jason Myers	PK	11	0	0	0	0	0	0	0	0	0	0	0	0	0	0	52;57	2
Jameis Winston	QB	11	395	2	0	8	0	0	0	0	0	0	0	1	0	0		0
Amari Cooper	WR	11	0	0	0	0	0	55	0	2	0	0	0	0	0	0		0
Nelson Agholor	WR	11	0	0	0	0	0	0	0	0	0	0	0	0	0	0		0
Raheem Mostert	RB	11	0	0	0	-2	0	0	0	0	0	0	0	0	0	0		0
DeAndre Carter	WR	11	0	0	0	0	0	0	0	0	0	0	0	0	0	0		0
Ameer Abdullah	RB	11	0	0	0	1	0	16	1	3	0	0	0	0	0	0		0
Tyler Lockett	WR	11	0	0	0	0	0	19	0	2	0	0	0	0	0	0		0
Austin Hooper	TE	11	0	0	0	0	0	35	0	4	0	0	0	0	0	0		0
Nick Vannett	TE	11	0	0	0	0	0	6	0	1	0	0	0	0	0	0		0
Kalif Raymond	WR	11	0	0	0	0	0	30	0	2	0	0	0	0	0	0		0
Wil Lutz	PK	11	0	0	0	0	0	0	0	0	0	0	0	0	0	0	45	5
Ka'imi Fairbairn	PK	11	0	0	0	0	0	0	0	0	0	0	0	0	0	0	33;29	4
Derrick Henry	RB	11	0	0	0	65	1	0	0	0	0	1	0	0	0	0		0
Demarcus Robinson	WR	11	0	0	0	0	0	19	0	2	0	0	0	0	0	0		0
Tyler Boyd	WR	11	0	0	0	0	0	34	0	2	0	0	0	0	0	0		0
Tyreek Hill	WR	11	0	0	0	0	0	61	1	7	0	0	0	0	0	0		0
Ezekiel Elliott	RB	11	0	0	0	8	0	16	0	3	0	0	0	0	0	0		0
Hunter Henry	TE	11	0	0	0	0	0	63	0	6	0	0	0	0	0	0		0
Jared Goff	QB	11	412	4	0	21	0	0	0	0	0	0	0	0	0	0		0
Mo Alie-Cox	TE	11	0	0	0	0	0	17	0	2	0	0	0	0	0	0		0
Johnny Mundt	TE	11	0	0	0	0	0	13	0	1	0	0	0	0	0	0		0
Christian McCaffrey	RB	11	0	0	0	79	0	27	0	4	0	0	0	0	0	0		0
Curtis Samuel	WR	11	0	0	0	0	0	58	1	5	0	0	0	0	0	0		0
Aaron Jones	RB	11	0	0	0	39	0	4	0	1	0	0	0	0	0	0		0
Kendrick Bourne	WR	11	0	0	0	0	0	70	1	5	0	0	0	0	0	0		0
Taysom Hill	TE	11	18	0	1	138	3	50	0	8	0	0	1	0	0	0		0
Tim Patrick	WR	11	0	0	0	0	0	26	0	3	0	0	0	0	0	0		0
Patrick Ricard	RB	11	0	0	0	0	0	5	0	1	0	0	0	0	0	0		0
Pharaoh Brown	TE	11	0	0	0	0	0	0	0	0	0	0	0	0	0	0		0
Samaje Perine	RB	11	0	0	0	0	0	8	0	2	0	0	0	0	0	0		0
Mack Hollins	WR	11	0	0	0	0	0	27	0	2	0	0	0	0	0	0		0
Eric Saubert	TE	11	0	0	0	0	0	7	0	1	0	0	0	0	0	0		0
Noah Brown	WR	11	0	0	0	0	0	4	0	1	0	0	0	0	0	0		0
Cooper Rush	QB	11	354	1	1	2	0	0	0	0	0	0	0	0	0	0		0
Austin Ekeler	RB	11	0	0	0	7	0	89	0	8	0	0	0	0	0	0		0
Younghoe Koo	PK	11	0	0	0	0	0	0	0	0	0	0	0	0	0	0	41;51	0
Jake Elliott	PK	11	0	0	0	0	0	0	0	0	0	0	0	0	0	0	21;31	2
Dare Ogunbowale	RB	11	0	0	0	0	0	11	0	1	0	0	0	0	0	0		0
JuJu Smith-Schuster	WR	11	0	0	0	0	0	8	0	1	0	0	0	0	0	0		0
Jonnu Smith	TE	11	0	0	0	0	0	101	2	6	0	0	0	0	0	0		0
Zane Gonzalez	PK	11	0	0	0	0	0	0	0	0	0	0	0	0	0	0	45	1
Patrick Mahomes	QB	11	196	3	2	0	0	0	0	0	0	0	0	0	0	0		0
Evan Engram	TE	11	0	0	0	0	0	28	0	5	0	0	0	0	0	0		0
David Njoku	TE	11	0	0	0	0	0	81	0	9	0	0	0	0	0	1		0
Joe Mixon	RB	11	0	0	0	109	3	44	0	2	0	0	0	0	0	0		0
Alvin Kamara	RB	11	0	0	0	67	0	22	0	4	0	0	0	0	0	0		0
Cooper Kupp	WR	11	0	0	0	0	0	106	2	6	0	0	0	0	0	0		0
Kareem Hunt	RB	11	0	0	0	60	0	0	0	0	0	0	0	0	0	0		0
Jeremy McNichols	RB	11	0	0	0	5	0	1	0	1	0	0	0	0	0	0		0
Ross Dwelley	TE	11	0	0	0	0	0	5	0	1	0	0	0	0	0	0		0
Will Dissly	TE	11	0	0	0	0	0	80	1	4	0	0	0	0	0	0		0
Daniel Carlson	PK	11	0	0	0	0	0	0	0	0	0	0	0	0	0	0	27;22	1
Gus Edwards	RB	11	0	0	0	27	0	0	0	0	0	0	0	0	0	0		0
Tyler Conklin	TE	11	0	0	0	0	0	7	0	1	0	0	0	0	0	0		0
Marquez Valdes-Scantling	WR	11	0	0	0	0	0	87	1	2	0	0	0	0	0	0		0
Courtland Sutton	WR	11	0	0	0	0	0	78	0	7	0	0	0	0	0	0		0
Dallas Goedert	TE	11	0	0	0	0	0	61	0	5	0	0	0	0	0	0		0
Jordan Akins	TE	11	0	0	0	0	0	19	0	1	0	0	0	0	0	0		0
Dalton Schultz	TE	11	0	0	0	0	0	33	0	5	0	0	0	0	0	0		0
Justin Watson	WR	11	0	0	0	0	0	26	0	2	0	0	0	0	0	0		0
Ray-Ray McCloud	WR	11	0	0	0	0	0	46	0	6	0	0	0	0	0	0		0
Trent Sherfield	WR	11	0	0	0	0	0	16	0	1	0	0	0	0	0	0		0
Tanner Hudson	TE	11	0	0	0	0	0	13	0	2	0	0	0	0	0	0		0
Brandon Powell	WR	11	0	0	0	0	0	13	0	1	0	0	0	0	0	0		0
Mark Andrews	TE	11	0	0	0	0	0	22	0	2	0	0	0	0	0	0		0
Nick Chubb	RB	11	0	0	0	50	0	0	0	0	0	0	0	0	0	0		0
Jason Sanders	PK	11	0	0	0	0	0	0	0	0	0	0	0	0	0	0	31;46	4
Lamar Jackson	QB	11	207	1	1	46	0	0	0	0	0	0	0	0	0	0		0
Durham Smythe	TE	11	0	0	0	0	0	3	0	1	0	0	0	0	0	0		0
DJ Moore	WR	11	0	0	0	5	0	62	0	7	0	0	0	0	0	0		0
Mike Gesicki	TE	11	0	0	0	0	0	0	0	0	0	0	0	0	0	0		0
Calvin Ridley	WR	11	0	0	0	0	0	58	0	4	0	0	0	0	0	0		0
Saquon Barkley	RB	11	0	0	0	146	2	52	0	2	0	0	0	0	0	0		0
KhaDarel Hodge	WR	11	0	0	0	0	0	22	0	2	0	0	0	0	0	0		0
Josh Allen	QB	11	262	1	1	55	1	0	0	0	0	0	0	0	0	0		0
Dante Pettis	WR	11	0	0	0	0	0	9	0	1	0	0	0	0	0	0		0
Sam Darnold	QB	11	246	2	0	18	1	0	0	0	0	1	0	0	0	0		0
Jakobi Meyers	WR	11	0	0	0	20	0	28	0	4	0	0	0	0	0	0		0
Alexander Mattison	RB	11	0	0	0	19	0	50	0	3	0	0	0	0	0	0		0
Justice Hill	RB	11	0	0	0	13	0	28	0	4	0	0	0	0	0	0		0
Foster Moreau	TE	11	0	0	0	0	0	50	0	3	0	0	0	0	0	0		0
Ashton Dulin	WR	11	0	0	0	0	0	0	0	0	0	0	0	0	0	0		0
Mecole Hardman	WR	11	0	0	0	9	0	12	0	2	0	0	0	0	0	0		0
Joey Slye	PK	11	0	0	0	0	0	0	0	0	0	0	0	0	0	0	32;25;42	1
Olamide Zaccheaus	WR	11	0	0	0	0	0	10	0	1	0	0	0	0	0	0		0
Diontae Johnson	WR	11	0	0	0	0	0	0	0	0	0	0	0	0	0	0		0
T.J. Hockenson	TE	11	0	0	0	0	0	13	0	2	0	0	0	0	0	0		0
Josh Oliver	TE	11	0	0	0	0	0	34	0	3	0	0	0	0	0	0		0
Tony Pollard	RB	11	0	0	0	15	0	14	0	2	0	0	0	0	0	0		0
Matt Gay	PK	11	0	0	0	0	0	0	0	0	0	0	0	0	0	0	41;47;56	1
Gardner Minshew	QB	11	282	2	1	7	0	0	0	0	0	0	0	0	0	0		0
Trenton Irwin	WR	11	0	0	0	0	0	0	0	0	0	0	0	0	0	0		0
Lil'Jordan Humphrey	WR	11	0	0	0	0	0	52	1	4	0	0	0	0	0	0		0
Ty Johnson	RB	11	0	0	0	18	0	0	0	0	0	0	0	0	0	0		0
Craig Reynolds	RB	11	0	0	0	21	0	0	0	0	0	0	0	0	0	0		0
Travis Homer	RB	11	0	0	0	0	0	0	0	0	0	0	0	0	0	0		0
D'Ernest Johnson	RB	11	0	0	0	3	0	0	0	0	0	0	0	0	0	0		0
Drew Sample	TE	11	0	0	0	-4	0	9	0	1	0	0	0	0	0	0		0
DK Metcalf	WR	11	0	0	0	0	0	70	0	7	0	0	0	0	0	0		0
Terry McLaurin	WR	11	0	0	0	0	0	10	0	1	0	0	0	0	0	0		0
A.J. Brown	WR	11	0	0	0	0	0	65	0	5	0	0	0	0	0	0		0
David Montgomery	RB	11	0	0	0	75	2	20	0	3	0	0	0	0	0	0		0
Dawson Knox	TE	11	0	0	0	0	0	40	0	4	0	0	0	0	0	0		0
Josh Jacobs	RB	11	0	0	0	76	1	58	0	4	0	0	0	0	0	0		0
Deebo Samuel Sr.	WR	11	0	0	0	-1	0	22	0	4	0	0	0	0	0	0		0
JaMycal Hasty	RB	11	0	0	0	2	0	0	0	0	0	0	0	0	0	0		0
Juwan Johnson	TE	11	0	0	0	0	0	30	1	3	0	0	0	0	0	0		0
Rico Dowdle	RB	11	0	0	0	28	0	6	0	2	0	0	0	0	0	0		0
J.K. Dobbins	RB	11	0	0	0	56	2	3	0	1	0	0	0	0	0	0		0
Tyler Bass	PK	11	0	0	0	0	0	0	0	0	0	0	0	0	0	0	33	3
Nick Westbrook-Ikhine	WR	11	0	0	0	0	0	117	1	2	0	0	0	0	0	0		0
Gabe Davis	WR	11	0	0	0	0	0	3	0	1	0	0	0	0	0	0		0
Tua Tagovailoa	QB	11	288	3	0	0	0	0	0	0	0	0	0	0	0	0		0
Jonathan Taylor	RB	11	0	0	0	57	0	3	0	1	0	0	0	0	0	0		0
Colby Parkinson	TE	11	0	0	0	0	0	19	1	1	0	0	0	0	0	0		0
Michael Pittman	WR	11	0	0	0	0	0	46	0	5	0	0	0	0	0	0		0
Jauan Jennings	WR	11	0	0	0	0	0	91	1	10	0	0	0	0	0	0		0
Jordan Love	QB	11	261	1	1	18	1	0	0	0	0	0	0	0	0	0		0
D'Andre Swift	RB	11	0	0	0	71	1	13	0	2	0	0	0	0	0	0		0
Cole Kmet	TE	11	0	0	0	0	0	42	0	3	0	0	0	0	0	0		0
Darnell Mooney	WR	11	0	0	0	0	0	27	0	2	0	0	0	0	0	0		0
Justin Jefferson	WR	11	0	0	0	0	0	81	0	6	0	0	0	0	0	0		0
Antonio Gibson	RB	11	0	0	0	18	0	2	0	1	0	0	0	0	0	0		0
Devin Duvernay	WR	11	0	0	0	0	0	0	0	0	0	0	0	0	0	0		0
Josiah Deguara	TE	11	0	0	0	0	0	0	0	0	0	0	0	0	0	0		0
Justin Herbert	QB	11	297	2	0	65	0	0	0	0	0	1	0	0	0	0		0
CeeDee Lamb	WR	11	0	0	0	13	0	93	0	8	0	0	0	0	0	0		0
Jalen Reagor	WR	11	0	0	0	0	0	0	0	0	0	0	0	0	0	0		0
Jalen Hurts	QB	11	221	0	0	39	1	0	0	0	0	0	0	0	0	0		0
Jerry Jeudy	WR	11	0	0	0	0	0	142	1	6	0	0	0	0	0	0		0
Tee Higgins	WR	11	0	0	0	0	0	148	1	9	0	0	0	0	0	0		0
Cam Akers	RB	11	0	0	0	25	0	11	1	2	0	0	0	0	0	0		0
Van Jefferson	WR	11	0	0	0	0	0	0	0	0	0	0	0	0	0	0		0
Adam Trautman	TE	11	0	0	0	0	0	0	0	0	0	0	0	0	0	0		0
Joe Burrow	QB	11	356	3	0	28	0	0	0	0	0	0	0	0	0	0		0
Kenny Yeboah	TE	11	0	0	0	0	0	11	1	1	0	0	0	0	0	0		0
DJ Turner	WR	11	0	0	0	0	0	29	0	3	0	0	0	0	0	0		0
Shane Zylstra	TE	11	0	0	0	0	0	22	0	1	0	0	0	0	0	0		0
Rashod Bateman	WR	11	0	0	0	0	0	30	0	2	0	0	0	0	0	0		0
Nico Collins	WR	11	0	0	0	0	0	54	0	4	0	0	0	0	0	0		0
Quintin Morris	TE	11	0	0	0	0	0	0	0	0	0	0	0	0	0	0		0
Jaylen Waddle	WR	11	0	0	0	0	0	37	0	2	0	0	0	0	0	0		0
Dyami Brown	WR	11	0	0	0	0	0	4	0	1	0	0	0	0	0	0		0
John Bates	TE	11	0	0	0	0	0	17	0	2	0	0	0	0	0	0		0
Tylan Wallace	WR	11	0	0	0	0	0	8	0	1	0	0	0	0	0	0		0
Noah Gray	TE	11	0	0	0	0	0	23	2	4	0	0	0	0	0	0		0
Zach Davidson	TE	11	0	0	0	0	0	5	0	1	0	0	0	0	0	0		0
Brock Wright	TE	11	0	0	0	0	0	5	1	1	0	0	0	0	0	0		0
Tutu Atwell	WR	11	0	0	0	0	0	21	0	1	0	0	0	0	0	0		0
Evan McPherson	PK	11	0	0	0	0	0	0	0	0	0	0	0	0	0	0	26;27	3
Ben Skowronek	WR	11	0	0	0	0	0	4	0	1	0	0	0	0	0	0		0
Rhamondre Stevenson	RB	11	0	0	0	73	0	16	0	4	0	0	0	0	0	0		0
Kylen Granson	TE	11	0	0	0	0	0	4	0	1	0	0	0	0	0	0		0
Luke Farrell	TE	11	0	0	0	0	0	3	0	1	0	0	0	0	0	0		0
Najee Harris	RB	11	0	0	0	63	0	30	0	4	0	0	0	0	0	0		0
Pat Freiermuth	TE	11	0	0	0	0	0	14	0	2	0	0	0	0	0	0		0
Ja'Marr Chase	WR	11	0	0	0	0	0	75	2	7	0	0	0	0	0	0		0
Khalil Herbert	RB	11	0	0	0	0	0	0	0	0	0	0	0	0	0	0		0
DeVonta Smith	WR	11	0	0	0	0	0	29	0	4	0	0	0	0	0	0		0
Kadarius Toney	WR	11	0	0	0	-7	0	0	0	0	0	0	0	0	0	0		0
Kenny Gainwell	RB	11	0	0	0	43	0	6	0	1	0	0	0	0	0	0		0
Justin Fields	QB	11	0	0	0	17	0	0	0	0	0	0	0	0	0	0		0
Avery Williams	RB	11	0	0	0	0	0	0	0	0	0	0	0	0	0	0		0
Amon-Ra St. Brown	WR	11	0	0	0	-4	0	161	2	11	0	0	0	0	0	0		0
Kyle Pitts	TE	11	0	0	0	0	0	9	0	1	0	0	0	0	0	0		0
Mac Jones	QB	11	138	0	1	7	0	0	0	0	0	0	0	0	0	0		0
Travis Etienne	RB	11	0	0	0	27	0	6	0	3	0	0	0	0	0	0		0
Elijah Moore	WR	11	0	0	0	0	0	66	1	6	0	0	0	0	0	0		0
Trey Sermon	RB	11	0	0	0	0	0	3	0	1	0	0	0	0	0	0		0
Josh Palmer	WR	11	0	0	0	0	0	23	0	2	0	0	0	0	0	0		0
Javonte Williams	RB	11	0	0	0	59	1	28	0	4	0	0	0	0	0	0		0
Grant Calcaterra	TE	11	0	0	0	0	0	0	0	0	0	0	0	0	0	0		0
Tyler Goodson	RB	11	0	0	0	0	0	0	0	0	0	0	0	0	0	0		0
Irvin Charles	WR	11	0	0	0	0	0	0	0	0	0	0	0	0	0	0		0
Cameron Dicker	PK	11	0	0	0	0	0	0	0	0	0	0	0	0	0	0	19;53	4
Jaylen Warren	RB	11	0	0	0	41	0	27	0	4	0	0	0	0	0	0		0
Kevin Austin Jr.	WR	11	0	0	0	0	0	18	0	1	0	0	0	0	0	0		0
Drake London	WR	11	0	0	0	0	0	61	0	3	0	0	0	0	0	0		0
Jameson Williams	WR	11	0	0	0	2	0	124	1	4	0	0	0	0	0	0		0
George Pickens	WR	11	0	0	0	0	0	89	0	8	0	0	0	0	0	0		0
James Cook	RB	11	0	0	0	20	2	7	0	5	0	0	0	0	0	0		0
Dameon Pierce	RB	11	0	0	0	2	0	0	0	0	0	0	0	0	0	0		0
Khalil Shakir	WR	11	0	0	0	0	0	70	0	8	0	0	0	0	0	0		0
Tyler Allgeier	RB	11	0	0	0	0	0	-1	0	1	0	0	0	0	0	0		0
Jerome Ford	RB	11	0	0	0	10	0	29	0	4	0	0	0	0	0	0		0
Ty Chandler	RB	11	0	0	0	0	0	0	0	0	0	0	0	0	0	0		0
Jalen Nailor	WR	11	0	0	0	0	0	0	0	0	0	0	0	0	0	0		0
Andrew Ogletree	TE	11	0	0	0	0	0	8	0	1	0	0	0	0	0	0		0
Jordan Mason	RB	11	0	0	0	13	0	0	0	0	0	0	0	0	0	0		0
John Parker Romo	PK	11	0	0	0	0	0	0	0	0	0	0	0	0	0	0	40	2
Peyton Hendershot	TE	11	0	0	0	0	0	11	0	1	0	0	0	0	0	0		0
Julius Chestnut	RB	11	0	0	0	0	0	0	0	0	0	0	0	0	0	0		0
John Metchie III	WR	11	0	0	0	0	0	33	0	3	0	0	0	0	0	0		0
Hassan Haskins	RB	11	0	0	0	1	0	0	0	0	0	0	0	0	0	0		0
Tucker Fisk	TE	11	0	0	0	0	0	6	0	1	0	0	0	0	0	0		0
Alec Pierce	WR	11	0	0	0	0	0	74	0	3	0	0	0	0	0	0		0
Jalen Tolbert	WR	11	0	0	0	0	0	21	0	2	0	0	0	0	0	0		0
Brandon Aubrey	PK	11	0	0	0	0	0	0	0	0	0	0	0	0	0	0	53	1
Garrett Wilson	WR	11	0	0	0	0	0	18	0	4	0	0	0	0	0	0		0
Jahan Dotson	WR	11	0	0	0	0	0	8	0	1	0	0	0	0	0	0		0
Brian Robinson	RB	11	0	0	0	63	1	9	0	1	0	0	0	0	0	0		0
KaVontae Turpin	WR	11	0	0	0	0	0	86	1	3	0	0	0	0	0	0		0
Jeremy Ruckert	TE	11	0	0	0	0	0	6	0	1	0	0	0	0	0	0		0
Chig Okonkwo	TE	11	0	0	0	0	0	19	0	2	0	0	0	0	0	0		0
Romeo Doubs	WR	11	0	0	0	0	0	17	0	1	0	0	0	0	0	0		0
Brock Purdy	QB	11	159	1	1	40	1	0	0	0	0	0	0	0	0	0		0
Calvin Austin III	WR	11	0	0	0	0	0	-1	0	1	0	0	0	0	0	0		0
Isaiah Likely	TE	11	0	0	0	0	0	75	0	4	0	0	1	0	0	0		0
Kyren Williams	RB	11	0	0	0	86	0	0	0	0	0	0	0	0	0	0		0
Zamir White	RB	11	0	0	0	9	0	0	0	0	0	0	0	0	0	0		0
Jake Ferguson	TE	11	0	0	0	0	0	11	0	1	0	0	0	0	0	0		0
Charlie Kolar	TE	11	0	0	0	0	0	0	0	0	0	0	0	0	0	0		0
Pierre Strong	RB	11	0	0	0	5	0	0	0	0	0	0	0	0	0	0		0
Breece Hall	RB	11	0	0	0	78	1	43	1	7	0	0	0	0	0	0		0
Christian Watson	WR	11	0	0	0	0	0	150	0	4	0	0	0	0	0	0		0
Kenneth Walker III	RB	11	0	0	0	54	1	5	0	2	0	0	0	0	0	0		0
Xavier Smith	WR	11	0	0	0	0	0	0	0	0	0	0	0	0	0	0		0
Dontayvion Wicks	WR	11	0	0	0	0	0	0	0	0	0	0	0	0	0	0		0
Anders Carlson	PK	11	0	0	0	0	0	0	0	0	0	0	0	0	0	0	58;35	3
Keaton Mitchell	RB	11	0	0	0	0	0	0	0	0	0	0	0	0	0	0		0
Xavier Gipson	WR	11	0	0	0	0	0	17	0	1	0	0	0	0	0	0		0
Bijan Robinson	RB	11	0	0	0	35	0	28	0	4	0	0	0	0	0	0		0
Jaxon Smith-Njigba	WR	11	0	0	0	8	0	110	0	10	0	0	0	0	0	0		0
Quentin Johnston	WR	11	0	0	0	0	0	48	1	2	0	0	0	0	0	0		0
Luke Schoonmaker	TE	11	0	0	0	0	0	56	0	6	0	0	0	0	0	0		0
Hendon Hooker	QB	11	37	0	0	3	0	0	0	0	0	0	0	0	0	0		0
Darnell Washington	TE	11	0	0	0	0	0	42	0	2	0	0	0	0	0	0		0
Jake Moody	PK	11	0	0	0	0	0	0	0	0	0	0	0	0	0	0	33	2
Tre Tucker	WR	11	0	0	0	7	0	28	0	3	0	0	0	0	0	0		0
Derius Davis	WR	11	0	0	0	6	0	14	0	1	0	0	0	0	0	0		0
Dorian Thompson-Robinson	QB	11	0	0	0	0	0	0	0	0	0	0	0	0	0	0		0
Josh Whyle	TE	11	0	0	0	0	0	6	0	1	0	0	0	0	0	0		0
Chase Brown	RB	11	0	0	0	86	0	57	0	5	0	0	0	0	0	0		0
Parker Washington	WR	11	0	0	0	0	0	10	0	1	0	0	0	0	0	0		0
Kayshon Boutte	WR	11	0	0	0	0	0	33	0	4	0	0	0	0	0	0		0
Andrei Iosivas	WR	11	0	0	0	0	0	46	0	3	0	0	0	0	0	0		0
DeMario Douglas	WR	11	0	0	0	0	0	59	0	4	0	0	0	0	0	0		0
Deuce Vaughn	RB	11	0	0	0	13	0	4	0	1	0	0	0	0	0	0		0
Kenny McIntosh	RB	11	0	0	0	0	0	0	0	0	0	0	0	0	0	0		0
Brayden Willis	TE	11	0	0	0	0	0	0	0	0	0	0	0	0	0	0		0
Jordan Mims	RB	11	0	0	0	3	0	0	0	0	0	0	0	0	0	0		0
Chris Brooks	RB	11	0	0	0	0	0	13	0	2	0	0	0	0	0	0		0
Julian Hill	TE	11	0	0	0	0	0	28	0	2	0	0	0	0	0	0		0
Nate Adkins	TE	11	0	0	0	0	0	12	1	1	0	0	0	0	0	0		0
Jaleel McLaughlin	RB	11	0	0	0	19	0	0	0	0	0	0	0	0	0	0		0
Emanuel Wilson	RB	11	0	0	0	17	0	0	0	0	0	0	0	0	0	0		0
Blake Grupe	PK	11	0	0	0	0	0	0	0	0	0	0	0	0	0	0		5
Brenton Strange	TE	11	0	0	0	0	0	6	0	1	0	0	0	0	0	0		0
Marvin Mims Jr.	WR	11	0	0	0	4	0	49	1	2	0	0	0	0	0	0		0
Tank Dell	WR	11	0	0	0	4	0	54	0	4	0	0	0	0	0	0		0
Cedric Tillman	WR	11	0	0	0	0	0	47	0	3	0	0	0	0	0	0		0
Jordan Addison	WR	11	0	0	0	0	0	61	1	3	0	0	0	0	0	0		0
Tucker Kraft	TE	11	0	0	0	0	0	0	0	0	0	0	0	0	0	0		0
Josh Downs	WR	11	0	0	0	0	0	84	1	5	0	0	0	0	0	0		0
Jake Haener	QB	11	0	0	0	-2	0	0	0	0	0	0	0	0	0	0		0
Roschon Johnson	RB	11	0	0	0	33	1	8	0	1	0	0	0	0	0	0		0
Tyjae Spears	RB	11	0	0	0	0	0	8	0	2	0	0	0	0	0	0		0
De'Von Achane	RB	11	0	0	0	73	1	32	0	4	0	0	0	0	0	0		0
Jonathan Mingo	WR	11	0	0	0	0	0	0	0	0	0	0	0	0	0	0		0
Zay Flowers	WR	11	0	0	0	0	0	39	1	2	0	0	0	0	0	0		0
Michael Mayer	TE	11	0	0	0	0	0	5	0	1	0	0	0	0	0	0		0
Puka Nacua	WR	11	0	0	0	0	0	123	1	7	0	0	0	0	0	0		0
Jahmyr Gibbs	RB	11	0	0	0	69	1	54	0	1	0	0	0	0	0	0		0
Jayden Reed	WR	11	0	0	0	-5	0	23	1	2	0	0	0	0	0	0		0
Will Levis	QB	11	295	1	1	18	0	0	0	0	0	0	0	0	0	0		0
C.J. Stroud	QB	11	257	0	1	26	0	0	0	0	0	0	0	0	0	0		0
Anthony Richardson	QB	11	272	1	0	32	2	0	0	0	1	0	0	0	0	0		0
Zach Charbonnet	RB	11	0	0	0	3	0	2	0	2	0	0	0	0	0	0		0
Jake Bates	PK	11	0	0	0	0	0	0	0	0	0	0	0	0	0	0	54	7
Carson Steele	RB	11	0	0	0	2	0	5	0	1	0	0	0	0	0	0		0
Brock Bowers	TE	11	0	0	0	-3	0	126	1	13	0	0	0	0	0	0		0
Luke McCaffrey	WR	11	0	0	0	0	0	0	0	0	0	0	0	0	0	0		0
Cade Stover	TE	11	0	0	0	0	0	15	0	2	0	0	0	0	0	0		0
Isaac Guerendo	RB	11	0	0	0	0	0	0	0	0	0	0	0	0	0	0		0
Sione Vaki	RB	11	0	0	0	9	0	0	0	0	0	0	0	0	0	0		0
Jacob Cowing	WR	11	0	0	0	0	0	0	0	0	0	0	0	0	0	0		0
Audric Estimé	RB	11	0	0	0	16	0	9	0	3	0	0	0	0	0	0		0
Jamari Thrash	WR	11	0	0	0	0	0	11	0	1	0	0	0	0	0	0		0
Jha'Quan Jackson	WR	11	0	0	0	0	0	0	0	0	0	0	0	0	0	0		0
Jase McClellan	RB	11	0	0	0	15	0	0	0	0	0	0	0	0	0	0		0
Casey Washington	WR	11	0	0	0	0	0	0	0	0	0	0	0	0	0	0		0
Cam Little	PK	11	0	0	0	0	0	0	0	0	0	0	0	0	0	0	59;35	0
Ryan Flournoy	WR	11	0	0	0	0	0	19	0	2	0	0	0	0	0	0		0
Jaheim Bell	TE	11	0	0	0	0	0	0	0	0	0	0	0	0	0	0		0
Devaughn Vele	WR	11	0	0	0	0	0	66	0	4	0	0	0	0	0	0		0
Brevyn Spann-Ford	TE	11	0	0	0	0	0	42	0	4	0	0	0	0	0	0		0
Ramel Keyton	WR	11	0	0	0	0	0	0	0	0	0	0	0	0	0	0		0
Spencer Shrader	PK	11	0	0	0	0	0	0	0	0	0	0	0	0	0	0		3
Bryce Oliver	WR	11	0	0	0	0	0	33	0	1	0	0	0	0	0	0		0
Bo Nix	QB	11	307	4	0	5	0	0	0	0	0	0	0	0	0	0		0
Blake Corum	RB	11	0	0	0	21	0	7	0	1	0	0	0	0	0	0		0
Will Shipley	RB	11	0	0	0	0	0	0	0	0	0	0	0	0	0	0		0
Joshua Karty	PK	11	0	0	0	0	0	0	0	0	0	0	0	0	0	0		4
Jordan Whittington	WR	11	0	0	0	0	0	0	0	0	0	0	0	0	0	0		0
AJ Barner	TE	11	0	0	0	0	0	15	0	2	0	0	0	0	0	0		0
Braelon Allen	RB	11	0	0	0	6	0	0	0	0	0	0	0	0	0	0		0
Isaiah Davis	RB	11	0	0	0	0	0	0	0	0	0	0	0	0	0	0		0
Jermaine Burton	WR	11	0	0	0	0	0	8	0	1	0	0	0	0	0	0		0
Drake Maye	QB	11	282	2	1	27	0	0	0	0	1	0	0	0	0	0		0
Javon Baker	WR	11	0	0	0	0	0	0	0	0	0	0	0	0	0	0		0
Troy Franklin	WR	11	0	0	0	0	0	15	1	2	0	0	0	0	0	0		0
Jaylen Wright	RB	11	0	0	0	4	0	2	0	1	0	0	0	0	0	0		0
Ray Davis	RB	11	0	0	0	11	0	0	0	0	0	0	0	0	0	0		0
Malik Washington	WR	11	0	0	0	7	0	11	0	3	0	0	0	0	0	0		0
Adonai Mitchell	WR	11	0	0	0	2	0	33	0	1	0	0	0	0	0	0		0
Brian Thomas Jr.	WR	11	0	0	0	4	0	82	0	5	0	0	0	0	0	0		0
Xavier Worthy	WR	11	0	0	0	7	0	61	1	4	0	0	0	0	0	0		0
Ja'Lynn Polk	WR	11	0	0	0	0	0	0	0	0	0	0	0	0	0	0		0
Jayden Daniels	QB	11	191	1	1	18	0	0	0	0	0	0	0	1	0	0		0
Ladd McConkey	WR	11	0	0	0	0	0	123	0	6	0	0	0	0	0	0		0
Ricky Pearsall	WR	11	0	0	0	0	0	0	0	0	0	0	0	0	0	0		0
Michael Penix Jr.	QB	11	24	0	0	0	0	0	0	0	0	0	0	0	0	0		0
Caleb Williams	QB	11	231	0	0	70	0	0	0	0	0	0	0	0	0	0		0
Rome Odunze	WR	11	0	0	0	0	0	65	0	6	0	0	0	0	0	0		0
Malachi Corley	WR	11	0	0	0	0	0	10	0	1	0	0	0	0	0	0		0
Nick Folk	PK	12	0	0	0	0	0	0	0	0	0	0	0	0	0	0	51;56;51	3
Matthew Stafford	QB	12	243	2	0	15	0	0	0	0	0	0	0	0	0	0		0
Graham Gano	PK	12	0	0	0	0	0	0	0	0	0	0	0	0	0	0		1
Russell Wilson	QB	12	270	1	0	10	0	0	0	0	1	0	0	0	0	0		0
Justin Tucker	PK	12	0	0	0	0	0	0	0	0	0	0	0	0	0	0	45	3
Brandon McManus	PK	12	0	0	0	0	0	0	0	0	0	0	0	0	0	0	51	5
Adam Thielen	WR	12	0	0	0	0	0	57	0	3	0	0	0	0	0	0		0
Zach Ertz	TE	12	0	0	0	0	0	38	1	6	0	0	0	0	0	0		0
Dustin Hopkins	PK	12	0	0	0	0	0	0	0	0	0	0	0	0	0	0	34	1
Keenan Allen	WR	12	0	0	0	0	0	86	1	9	0	0	0	0	0	0		0
Robert Woods	WR	12	0	0	0	0	0	8	0	1	0	0	0	0	0	0		0
Travis Kelce	TE	12	0	0	0	0	0	62	0	6	0	0	0	0	0	0		0
DeAndre Hopkins	WR	12	0	0	0	0	0	35	1	5	0	0	0	0	0	0		0
Geno Smith	QB	12	254	1	1	2	0	0	0	0	0	0	0	0	0	0		0
Cordarrelle Patterson	RB	12	0	0	0	-2	0	0	0	0	0	0	0	0	0	0		0
Chris Boswell	PK	12	0	0	0	0	0	0	0	0	0	0	0	0	0	0	48;28	1
Cairo Santos	PK	12	0	0	0	0	0	0	0	0	0	0	0	0	0	0	49;48	1
Odell Beckham Jr.	WR	12	0	0	0	0	0	0	0	0	0	0	0	0	0	0		0
Mike Evans	WR	12	0	0	0	0	0	68	0	5	0	0	0	0	0	0		0
Jason Myers	PK	12	0	0	0	0	0	0	0	0	0	0	0	0	0	0	50	1
Jameis Winston	QB	12	219	0	1	7	1	0	0	0	1	0	0	1	0	0		0
Raheem Mostert	RB	12	0	0	0	5	0	-3	0	1	0	0	0	0	0	0		0
DeAndre Carter	WR	12	0	0	0	0	0	0	0	0	0	0	0	0	0	0		0
Ameer Abdullah	RB	12	0	0	0	28	0	37	1	5	0	0	0	0	0	0		0
Chris Conley	WR	12	0	0	0	0	0	0	0	0	0	0	0	0	0	0		0
Tyler Lockett	WR	12	0	0	0	0	0	20	0	2	0	0	0	0	0	0		0
Sterling Shepard	WR	12	0	0	0	0	0	16	0	5	0	0	0	0	0	0		0
Austin Hooper	TE	12	0	0	0	0	0	59	1	4	0	0	0	0	0	0		0
Nick Vannett	TE	12	0	0	0	0	0	0	0	0	0	0	0	0	0	0		0
Brandon Allen	QB	12	199	1	1	5	0	0	0	0	1	0	0	0	0	0		0
Kalif Raymond	WR	12	0	0	0	0	0	0	0	0	0	0	0	0	0	0		0
Wil Lutz	PK	12	0	0	0	0	0	0	0	0	0	0	0	0	0	0	38;53;54;45;33	2
Ka'imi Fairbairn	PK	12	0	0	0	0	0	0	0	0	0	0	0	0	0	0	28;54	3
Derrick Henry	RB	12	0	0	0	140	0	0	0	0	0	0	0	0	0	0		0
Demarcus Robinson	WR	12	0	0	0	0	0	15	1	2	0	0	0	0	0	0		0
Tyler Boyd	WR	12	0	0	0	0	0	55	0	6	0	0	0	0	0	0		0
Tyreek Hill	WR	12	0	0	0	0	0	48	0	5	0	0	0	0	0	0		0
Ezekiel Elliott	RB	12	0	0	0	6	0	0	0	0	0	0	0	0	0	0		0
Hunter Henry	TE	12	0	0	0	0	0	44	0	5	0	0	0	0	0	0		0
Jared Goff	QB	12	269	0	0	0	0	0	0	0	0	0	0	0	0	0		0
Johnny Mundt	TE	12	0	0	0	0	0	7	0	1	0	0	0	0	0	0		0
Christian McCaffrey	RB	12	0	0	0	31	0	37	0	3	0	0	1	0	0	0		0
George Kittle	TE	12	0	0	0	0	0	82	1	6	0	0	0	0	0	0		0
Aaron Jones	RB	12	0	0	0	106	1	23	0	3	0	1	0	0	0	0		0
Kendrick Bourne	WR	12	0	0	0	0	0	30	0	3	0	0	0	0	0	0		0
Nick Mullens	QB	12	14	0	0	0	0	0	0	0	0	0	0	0	0	0		0
Tim Patrick	WR	12	0	0	0	0	0	55	0	4	0	0	0	0	0	0		0
Patrick Ricard	RB	12	0	0	0	0	0	0	0	0	0	0	0	0	0	0		0
Pharaoh Brown	TE	12	0	0	0	0	0	19	0	2	0	0	0	0	0	0		0
Samaje Perine	RB	12	0	0	0	13	0	11	0	2	0	0	0	0	0	0		0
James Conner	RB	12	0	0	0	8	0	41	0	5	0	0	0	0	0	0		0
Eric Saubert	TE	12	0	0	0	0	0	0	0	0	0	0	0	0	0	0		0
David Moore	WR	12	0	0	0	0	0	81	1	6	0	0	0	0	0	0		0
Noah Brown	WR	12	0	0	0	0	0	71	0	6	0	0	0	0	0	0		0
Cooper Rush	QB	12	247	2	0	1	0	0	0	0	0	0	0	0	0	0		0
Austin Ekeler	RB	12	0	0	0	22	0	2	0	2	0	0	0	0	0	0		0
Jake Elliott	PK	12	0	0	0	0	0	0	0	0	0	0	0	0	0	0	21;31;26	4
Dare Ogunbowale	RB	12	0	0	0	0	0	0	0	0	0	0	0	0	0	0		0
JuJu Smith-Schuster	WR	12	0	0	0	0	0	6	0	1	0	0	0	0	0	0		0
Jonnu Smith	TE	12	0	0	0	0	0	87	1	9	0	0	0	0	0	0		0
Patrick Mahomes	QB	12	269	3	0	60	0	0	0	0	0	0	0	0	0	0		0
David Njoku	TE	12	0	0	0	0	0	9	0	1	0	0	0	0	0	1		0
Joe Mixon	RB	12	0	0	0	22	0	23	0	5	0	0	0	0	0	0		0
Cooper Kupp	WR	12	0	0	0	0	0	60	1	8	0	0	0	0	0	0		0
Kareem Hunt	RB	12	0	0	0	68	0	19	0	3	0	0	0	0	0	0		0
Jeremy McNichols	RB	12	0	0	0	22	0	0	0	0	0	0	0	0	0	0		0
River Cracraft	WR	12	0	0	0	0	0	0	0	0	0	0	0	0	0	0		0
Will Dissly	TE	12	0	0	0	0	0	47	0	4	0	0	0	0	0	0		0
Daniel Carlson	PK	12	0	0	0	0	0	0	0	0	0	0	0	0	0	0	34;34;53;22	1
Eddy Pineiro	PK	12	0	0	0	0	0	0	0	0	0	0	0	0	0	0	30;32;29;33	1
Gus Edwards	RB	12	0	0	0	11	1	0	0	0	0	0	0	0	0	0		0
Courtland Sutton	WR	12	0	0	0	0	0	97	2	8	0	0	0	0	0	0		0
Dallas Goedert	TE	12	0	0	0	0	0	19	0	4	0	0	0	0	0	0		0
Jordan Akins	TE	12	0	0	0	0	0	38	0	3	0	0	0	0	0	0		0
Dalton Schultz	TE	12	0	0	0	0	0	20	0	2	0	0	0	0	0	0		0
Justin Watson	WR	12	0	0	0	0	0	15	0	1	0	0	0	0	0	0		0
Trent Sherfield	WR	12	0	0	0	0	0	0	0	0	0	0	0	0	0	0		0
Brandon Powell	WR	12	0	0	0	0	0	0	0	0	0	0	0	0	0	0		0
Mark Andrews	TE	12	0	0	0	2	0	44	1	5	0	0	0	0	0	0		0
Nick Chubb	RB	12	0	0	0	59	2	1	0	1	0	0	0	0	0	0		0
Jason Sanders	PK	12	0	0	0	0	0	0	0	0	0	0	0	0	0	0	21;51	4
Lamar Jackson	QB	12	177	2	0	15	1	0	0	0	0	0	0	0	0	0		0
Durham Smythe	TE	12	0	0	0	0	0	8	0	1	0	0	0	0	0	0		0
DJ Moore	WR	12	0	0	0	13	0	106	1	7	0	0	0	0	0	1		0
Calvin Ridley	WR	12	0	0	0	0	0	93	0	5	0	0	0	0	0	0		0
Saquon Barkley	RB	12	0	0	0	255	2	47	0	4	0	0	0	0	0	0		0
Baker Mayfield	QB	12	294	0	0	29	1	0	0	0	0	1	0	0	0	0		0
Sam Darnold	QB	12	330	2	0	-1	0	0	0	0	0	0	0	0	0	0		0
Jakobi Meyers	WR	12	0	0	0	0	0	121	0	10	0	0	0	0	0	0		0
Justice Hill	RB	12	0	0	0	55	1	7	0	2	0	0	0	0	0	0		0
Ashton Dulin	WR	12	0	0	0	0	0	0	0	0	0	0	0	0	0	0		0
Mecole Hardman	WR	12	0	0	0	15	0	0	0	0	0	0	0	0	0	0		0
Austin Seibert	PK	12	0	0	0	0	0	0	0	0	0	0	0	0	0	0	41;51	0
Joey Slye	PK	12	0	0	0	0	0	0	0	0	0	0	0	0	0	0		1
Olamide Zaccheaus	WR	12	0	0	0	0	0	8	0	1	0	0	0	0	0	0		0
Diontae Johnson	WR	12	0	0	0	0	0	0	0	0	0	0	0	0	0	0		0
Kyler Murray	QB	12	285	0	1	9	0	0	0	0	0	0	0	0	0	0		0
T.J. Hockenson	TE	12	0	0	0	0	0	114	0	7	0	0	0	0	0	0		0
Devin Singletary	RB	12	0	0	0	3	1	7	0	2	0	0	0	0	0	0		0
Tony Pollard	RB	12	0	0	0	119	1	10	0	3	0	0	0	0	0	0		0
Matt Gay	PK	12	0	0	0	0	0	0	0	0	0	0	0	0	0	0	27;29	0
Gardner Minshew	QB	12	230	1	1	5	0	0	0	0	0	0	0	0	0	0		0
Chase McLaughlin	PK	12	0	0	0	0	0	0	0	0	0	0	0	0	0	0	23	3
Lil'Jordan Humphrey	WR	12	0	0	0	0	0	4	0	2	0	0	0	0	0	0		0
Greg Dortch	WR	12	0	0	0	0	0	5	0	1	0	0	0	0	0	0		0
Darius Slayton	WR	12	0	0	0	0	0	0	0	0	0	0	0	0	0	0		0
Craig Reynolds	RB	12	0	0	0	6	0	0	0	0	0	0	0	0	0	0		0
Travis Homer	RB	12	0	0	0	0	0	0	0	0	0	0	0	0	0	0		0
DK Metcalf	WR	12	0	0	0	0	0	59	0	4	0	0	0	0	0	0		0
Terry McLaurin	WR	12	0	0	0	0	0	102	1	5	0	0	0	0	0	0		0
A.J. Brown	WR	12	0	0	0	0	0	109	1	6	0	0	0	0	0	0		0
David Montgomery	RB	12	0	0	0	37	1	36	0	3	0	0	0	0	0	0		0
Josh Jacobs	RB	12	0	0	0	106	3	0	0	0	0	0	0	0	0	0		0
Drew Lock	QB	12	3	0	0	0	0	0	0	0	0	0	0	0	0	0		0
Deebo Samuel Sr.	WR	12	0	0	0	0	0	21	0	1	0	0	0	0	0	0		0
JaMycal Hasty	RB	12	0	0	0	15	0	0	0	2	0	0	0	0	0	0		0
Cody White	WR	12	0	0	0	0	0	0	0	0	0	0	0	0	0	0		0
Rico Dowdle	RB	12	0	0	0	86	0	12	0	3	0	1	0	0	0	0		0
J.K. Dobbins	RB	12	0	0	0	40	0	19	0	3	0	0	0	0	0	0		0
Nick Westbrook-Ikhine	WR	12	0	0	0	0	0	48	1	2	0	0	0	0	0	0		0
Tua Tagovailoa	QB	12	317	4	0	-2	0	0	0	0	0	0	0	0	0	0		0
Jonathan Taylor	RB	12	0	0	0	35	0	0	0	0	0	0	0	0	0	0		0
Colby Parkinson	TE	12	0	0	0	0	0	10	0	1	0	0	0	0	0	0		0
Michael Pittman	WR	12	0	0	0	0	0	96	0	6	0	0	0	0	0	0		0
Collin Johnson	WR	12	0	0	0	0	0	0	0	0	0	0	0	0	0	0		0
Jauan Jennings	WR	12	0	0	0	0	0	40	0	5	0	0	0	0	0	0		0
Jordan Love	QB	12	163	2	0	2	0	0	0	0	0	0	0	0	0	0		0
D'Andre Swift	RB	12	0	0	0	30	0	35	0	3	0	0	0	0	0	0		0
Cole Kmet	TE	12	0	0	0	0	0	64	0	7	0	0	0	0	0	0		0
Justin Jefferson	WR	12	0	0	0	0	0	27	0	2	0	0	0	0	0	0		0
Antonio Gibson	RB	12	0	0	0	31	0	14	0	1	0	0	0	0	0	0		0
Justin Herbert	QB	12	218	0	0	29	1	0	0	0	0	0	0	0	0	0		0
CeeDee Lamb	WR	12	0	0	0	1	0	67	0	10	0	0	0	0	0	0		0
Jalen Reagor	WR	12	0	0	0	0	0	20	0	2	0	0	0	0	0	0		0
Jalen Hurts	QB	12	179	1	0	39	0	0	0	0	0	0	0	0	0	0		0
Jerry Jeudy	WR	12	0	0	0	0	0	85	0	6	0	0	0	0	0	0		0
Cam Akers	RB	12	0	0	0	19	0	6	0	1	0	0	0	0	0	0		0
Van Jefferson	WR	12	0	0	0	0	0	39	0	2	0	0	0	0	0	0		0
Adam Trautman	TE	12	0	0	0	0	0	3	0	1	0	0	0	0	0	0		0
DeeJay Dallas	RB	12	0	0	0	0	0	0	0	0	0	0	0	0	0	0		0
Tyler Johnson	WR	12	0	0	0	0	0	11	0	1	0	0	0	0	0	0		0
DJ Turner	WR	12	0	0	0	0	0	5	0	2	0	0	0	0	0	0		0
Rashod Bateman	WR	12	0	0	0	0	0	43	1	2	0	0	0	0	0	0		0
Nico Collins	WR	12	0	0	0	0	0	92	1	5	0	0	0	0	0	0		0
Chuba Hubbard	RB	12	0	0	0	58	1	2	0	1	0	0	0	0	1	0		0
Jaylen Waddle	WR	12	0	0	0	0	0	144	1	8	0	0	0	0	0	0		0
Dyami Brown	WR	12	0	0	0	14	0	22	0	2	0	0	0	0	0	0		0
John Bates	TE	12	0	0	0	0	0	13	0	1	0	0	1	0	0	0		0
Tylan Wallace	WR	12	0	0	0	0	0	15	0	1	0	0	0	0	0	0		0
Ihmir Smith-Marsette	WR	12	0	0	0	0	0	0	0	0	0	0	0	0	0	0		0
Noah Gray	TE	12	0	0	0	0	0	66	2	4	0	0	0	0	0	0		0
Brock Wright	TE	12	0	0	0	0	0	24	0	2	0	0	0	0	0	0		0
Feleipe Franks	TE	12	0	0	0	0	0	0	0	0	0	0	0	0	0	0		0
Tutu Atwell	WR	12	0	0	0	0	0	30	0	3	0	0	0	0	0	0		0
Ben Skowronek	WR	12	0	0	0	0	0	0	0	0	0	0	0	0	0	0		0
Rhamondre Stevenson	RB	12	0	0	0	13	0	0	0	0	0	0	0	0	0	1		0
Kylen Granson	TE	12	0	0	0	0	0	0	0	0	0	0	0	0	0	0		0
Najee Harris	RB	12	0	0	0	41	0	13	0	2	0	0	0	0	0	0		0
Pat Freiermuth	TE	12	0	0	0	0	0	59	0	4	0	0	0	0	0	0		0
Kenny Gainwell	RB	12	0	0	0	22	1	0	0	0	0	0	0	0	0	0		0
Justin Fields	QB	12	0	0	0	26	0	0	0	0	0	0	0	0	0	0		0
Amon-Ra St. Brown	WR	12	0	0	0	0	0	62	0	6	0	0	0	0	0	0		0
Elijah Moore	WR	12	0	0	0	0	0	21	0	3	0	0	0	0	0	0		0
Josh Palmer	WR	12	0	0	0	0	0	38	0	3	0	0	0	0	0	0		0
Javonte Williams	RB	12	0	0	0	-2	0	6	0	2	0	0	0	0	0	0		0
Tommy Tremble	TE	12	0	0	0	0	0	5	0	1	0	0	0	0	0	0		0
Trey Lance	QB	12	0	0	0	-3	0	0	0	0	0	0	0	0	0	0		0
Grant Calcaterra	TE	12	0	0	0	0	0	0	0	0	0	0	0	0	0	0		0
Bo Melton	WR	12	0	0	0	5	0	0	0	0	0	0	0	0	0	0		0
Dareke Young	WR	12	0	0	0	0	0	0	0	0	0	0	0	0	0	0		0
Tyler Goodson	RB	12	0	0	0	0	0	0	0	0	0	0	0	0	0	0		0
Britain Covey	WR	12	0	0	0	0	0	0	0	0	0	0	0	0	0	0		0
Cameron Dicker	PK	12	0	0	0	0	0	0	0	0	0	0	0	0	0	0	42;52;52	2
Jaylen Warren	RB	12	0	0	0	45	1	19	0	3	0	0	0	0	0	0		0
Jameson Williams	WR	12	0	0	0	4	0	64	0	5	0	0	0	0	0	0		0
George Pickens	WR	12	0	0	0	0	0	48	0	4	0	0	0	0	0	0		0
Rachaad White	RB	12	0	0	0	37	1	10	0	1	0	0	0	0	0	0		0
Dameon Pierce	RB	12	0	0	0	0	0	0	0	0	0	0	0	0	0	0		0
Jerome Ford	RB	12	0	0	0	19	0	8	0	1	0	0	0	0	0	0		0
Ty Chandler	RB	12	0	0	0	0	0	0	0	0	0	0	0	0	0	0		0
Jalen Nailor	WR	12	0	0	0	0	0	5	1	1	0	0	0	0	0	0		0
Andrew Ogletree	TE	12	0	0	0	0	0	0	0	0	0	0	0	0	0	0		0
John FitzPatrick	TE	12	0	0	0	0	0	2	0	1	0	0	0	0	0	0		0
Raheem Blackshear	RB	12	0	0	0	0	0	0	0	0	0	0	0	0	0	0		0
Deven Thompkins	WR	12	0	0	0	0	0	13	0	3	0	0	0	0	0	0		0
Sincere McCormick	RB	12	0	0	0	33	0	0	0	0	0	0	0	0	0	0		0
Jordan Mason	RB	12	0	0	0	8	0	5	0	1	0	0	0	0	0	0		0
John Parker Romo	PK	12	0	0	0	0	0	0	0	0	0	0	0	0	0	0	40;26;29	3
Julius Chestnut	RB	12	0	0	0	3	0	2	0	1	0	0	0	0	0	0		0
John Metchie III	WR	12	0	0	0	0	0	6	0	1	0	0	0	0	0	0		0
Hassan Haskins	RB	12	0	0	0	3	0	0	0	0	0	0	0	0	0	0		0
Tucker Fisk	TE	12	0	0	0	0	0	7	0	1	0	0	0	0	0	0		0
Alec Pierce	WR	12	0	0	0	0	0	39	0	1	0	0	0	0	0	0		0
Jalen Tolbert	WR	12	0	0	0	0	0	22	1	2	0	0	0	0	0	0		0
Brandon Aubrey	PK	12	0	0	0	0	0	0	0	0	0	0	0	0	0	0	46;48	4
Jahan Dotson	WR	12	0	0	0	0	0	4	0	1	0	0	0	0	0	0		0
Trey McBride	TE	12	0	0	0	0	0	133	0	12	0	0	0	0	0	0		0
Brian Robinson	RB	12	0	0	0	13	0	11	0	1	0	0	0	0	0	0		0
KaVontae Turpin	WR	12	0	0	0	0	0	8	0	1	0	0	0	0	0	0		0
Chig Okonkwo	TE	12	0	0	0	0	0	70	1	1	0	0	0	0	0	0		0
Romeo Doubs	WR	12	0	0	0	0	0	54	0	3	0	0	0	0	0	0		0
Calvin Austin III	WR	12	0	0	0	0	0	78	1	3	0	0	0	0	0	0		0
Kyren Williams	RB	12	0	0	0	72	1	0	0	0	0	1	0	0	0	0		0
Charlie Kolar	TE	12	0	0	0	0	0	6	0	1	0	0	0	0	0	0		0
Kenny Pickett	QB	12	0	0	0	-2	0	0	0	0	0	0	0	0	0	0		0
Daniel Bellinger	TE	12	0	0	0	0	0	0	0	0	0	0	0	0	0	0		0
Wan'Dale Robinson	WR	12	0	0	0	0	0	47	0	5	0	0	0	0	0	0		0
Desmond Ridder	QB	12	64	0	0	3	0	0	0	0	1	0	0	0	0	0		0
Christian Watson	WR	12	0	0	0	4	0	0	0	0	0	0	0	0	0	0		0
Cade Otton	TE	12	0	0	0	0	0	30	0	1	0	0	0	0	0	0		0
Kenneth Walker III	RB	12	0	0	0	41	0	52	0	4	0	0	0	0	0	0		0
Xavier Smith	WR	12	0	0	0	0	0	0	0	0	0	0	0	0	0	0		0
Dontayvion Wicks	WR	12	0	0	0	0	0	25	0	1	0	0	0	0	0	0		0
Eric Gray	RB	12	0	0	0	-1	0	7	0	2	0	0	0	0	0	0		0
Malik Heath	WR	12	0	0	0	0	0	15	1	2	0	0	0	0	0	0		0
Tommy DeVito	QB	12	189	0	0	32	0	0	0	0	0	0	0	0	0	0		0
Jaxon Smith-Njigba	WR	12	0	0	0	0	0	77	1	6	0	0	0	0	0	0		0
Quentin Johnston	WR	12	0	0	0	0	0	0	0	0	0	0	0	0	0	0		0
Luke Schoonmaker	TE	12	0	0	0	0	0	55	1	3	0	0	0	0	0	0		0
Darnell Washington	TE	12	0	0	0	0	0	14	0	3	0	0	0	0	0	0		0
Michael Wilson	WR	12	0	0	0	0	0	54	0	2	0	0	0	0	0	0		0
Jake Moody	PK	12	0	0	0	0	0	0	0	0	0	0	0	0	0	0	48	1
Tre Tucker	WR	12	0	0	0	0	0	82	0	7	0	0	0	0	0	0		0
Chad Ryland	PK	12	0	0	0	0	0	0	0	0	0	0	0	0	0	0	35;22	0
Derius Davis	WR	12	0	0	0	0	0	4	0	2	0	0	0	0	0	0		0
Josh Whyle	TE	12	0	0	0	0	0	0	0	0	0	0	0	0	0	0		0
Kayshon Boutte	WR	12	0	0	0	0	0	6	0	1	0	0	0	0	0	0		0
Xavier Hutchinson	WR	12	0	0	0	0	0	0	0	0	0	0	0	0	0	0		0
DeMario Douglas	WR	12	0	0	0	1	0	62	0	5	0	0	0	0	0	0		0
Kenny McIntosh	RB	12	0	0	0	0	0	0	0	0	0	0	0	0	0	0		0
Jalen Brooks	WR	12	0	0	0	0	0	41	0	1	0	0	0	0	0	0		0
Chris Brooks	RB	12	0	0	0	11	0	15	0	1	0	0	0	0	0	0		0
Emari Demercado	RB	12	0	0	0	14	0	0	0	0	0	0	0	0	0	0		0
Blake Whiteheart	TE	12	0	0	0	0	0	29	0	1	0	0	0	0	0	0		0
Julian Hill	TE	12	0	0	0	0	0	8	0	1	0	0	0	0	0	0		0
Hunter Luepke	RB	12	0	0	0	0	0	10	0	1	0	0	0	0	0	0		0
Jake Bobo	WR	12	0	0	0	0	0	8	0	1	0	0	0	0	0	0		0
Nate Adkins	TE	12	0	0	0	0	0	0	0	0	0	0	0	0	0	0		0
Jaleel McLaughlin	RB	12	0	0	0	44	0	0	0	0	0	0	0	0	0	0		0
Emanuel Wilson	RB	12	0	0	0	41	0	0	0	0	0	0	0	0	0	0		0
Rakim Jarrett	WR	12	0	0	0	0	0	30	0	1	0	0	0	0	0	0		0
Ryan Miller	WR	12	0	0	0	0	0	14	0	1	0	0	0	0	0	0		0
Sean Tucker	RB	12	0	0	0	3	1	7	0	1	0	0	0	0	0	0		0
Marvin Mims Jr.	WR	12	0	0	0	-2	0	44	0	3	0	0	0	0	0	0		0
Tank Dell	WR	12	0	0	0	0	0	72	0	3	0	0	0	0	0	0		0
Cedric Tillman	WR	12	0	0	0	0	0	28	0	2	0	0	1	0	0	0		0
Jordan Addison	WR	12	0	0	0	0	0	162	1	8	0	0	0	0	0	0		0
Tucker Kraft	TE	12	0	0	0	0	0	26	1	2	0	0	0	0	0	0		0
Josh Downs	WR	12	0	0	0	0	0	27	0	3	0	0	0	0	0	0		0
Roschon Johnson	RB	12	0	0	0	2	1	10	0	1	0	0	0	0	0	0		0
De'Von Achane	RB	12	0	0	0	32	0	24	2	3	0	0	0	0	0	0		0
Elijah Higgins	TE	12	0	0	0	0	0	5	0	1	0	0	0	0	0	0		0
Payne Durham	TE	12	0	0	0	0	0	26	0	1	0	0	0	0	0	0		0
Trey Palmer	WR	12	0	0	0	0	0	18	0	1	0	0	0	0	0	0		0
Jonathan Mingo	WR	12	0	0	0	0	0	8	0	1	0	0	0	0	0	0		0
Zay Flowers	WR	12	0	0	0	0	0	62	0	5	0	0	0	0	0	0		0
Sam LaPorta	TE	12	0	0	0	0	0	19	0	3	0	0	0	0	0	0		0
Michael Mayer	TE	12	0	0	0	0	0	11	0	2	0	0	0	0	0	0		0
Davis Allen	TE	12	0	0	0	0	0	0	0	0	0	0	0	0	0	0		0
Puka Nacua	WR	12	0	0	0	0	0	117	0	9	0	0	0	0	0	0		0
Jahmyr Gibbs	RB	12	0	0	0	90	2	9	0	3	0	0	0	0	0	0		0
Jayden Reed	WR	12	0	0	0	0	0	26	0	3	0	0	0	0	0	0		0
Bryce Young	QB	12	263	1	0	20	0	0	0	0	0	0	0	0	0	0		0
Will Levis	QB	12	278	2	1	10	0	0	0	0	0	1	0	0	0	0		0
C.J. Stroud	QB	12	247	2	2	18	0	0	0	0	0	0	0	0	0	0		0
Anthony Richardson	QB	12	172	0	0	61	0	0	0	0	0	0	0	0	0	0		0
Zach Charbonnet	RB	12	0	0	0	22	0	0	0	0	0	0	0	0	0	0		0
Jake Bates	PK	12	0	0	0	0	0	0	0	0	0	0	0	0	0	0	56	3
Johnny Wilson	WR	12	0	0	0	0	0	0	0	0	0	0	0	0	0	0		0
Carson Steele	RB	12	0	0	0	4	0	9	0	1	0	0	0	0	0	0		0
Malik Nabers	WR	12	0	0	0	0	0	64	0	6	0	0	0	0	0	0		0
Brock Bowers	TE	12	0	0	0	0	0	38	0	4	0	0	0	0	0	0		0
Xavier Legette	WR	12	0	0	0	0	0	56	0	4	0	0	0	0	0	0		0
Jonathon Brooks	RB	12	0	0	0	7	0	0	0	0	0	0	0	0	0	0		0
Luke McCaffrey	WR	12	0	0	0	0	0	8	0	1	0	0	0	0	0	0		0
Ja'Tavion Sanders	TE	12	0	0	0	0	0	49	0	3	0	0	0	0	0	0		0
Cade Stover	TE	12	0	0	0	0	0	26	1	3	0	0	0	0	0	0		0
Bucky Irving	RB	12	0	0	0	88	1	64	0	6	0	0	0	0	0	0		0
Isaac Guerendo	RB	12	0	0	0	0	0	0	0	0	0	0	0	0	0	0		0
Audric Estimé	RB	12	0	0	0	15	0	0	0	0	0	0	0	0	0	0		0
Tyrone Tracy Jr.	RB	12	0	0	0	42	0	28	0	4	0	1	0	0	0	0		0
Jha'Quan Jackson	WR	12	0	0	0	0	0	0	0	0	0	0	0	0	0	0		0
Dylan Laube	RB	12	0	0	0	0	0	0	0	0	0	0	0	0	0	0		0
Devaughn Vele	WR	12	0	0	0	0	0	80	0	6	0	0	0	0	0	0		0
Brevyn Spann-Ford	TE	12	0	0	0	0	0	24	0	2	0	0	0	0	0	0		0
Spencer Shrader	PK	12	0	0	0	0	0	0	0	0	0	0	0	0	0	0	25;41;31	3
Bryce Oliver	WR	12	0	0	0	0	0	0	0	0	0	0	0	0	0	0		0
Bo Nix	QB	12	273	2	0	5	0	0	0	0	0	0	0	0	0	0		0
Tip Reiman	TE	12	0	0	0	0	0	0	0	0	0	0	0	0	0	0		0
Blake Corum	RB	12	0	0	0	5	0	0	0	0	0	0	0	0	0	0		0
Joshua Karty	PK	12	0	0	0	0	0	0	0	0	0	0	0	0	0	0		2
Jordan Whittington	WR	12	0	0	0	0	0	0	0	0	0	0	0	0	0	0		0
AJ Barner	TE	12	0	0	0	0	0	19	0	3	0	0	0	0	0	0		0
Theo Johnson	TE	12	0	0	0	0	0	39	0	3	0	0	0	0	0	0		0
Marvin Harrison Jr.	WR	12	0	0	0	0	0	47	0	3	0	0	0	0	0	0		0
Drake Maye	QB	12	222	1	1	26	0	0	0	0	1	0	0	1	0	0		0
Javon Baker	WR	12	0	0	0	0	0	0	0	0	0	0	0	0	0	0		0
Jalen McMillan	WR	12	0	0	0	0	0	11	0	1	0	0	0	0	0	0		0
Troy Franklin	WR	12	0	0	0	0	0	31	0	2	0	0	0	0	0	0		0
Jaylen Wright	RB	12	0	0	0	28	0	0	0	0	0	1	0	0	0	0		0
Malik Washington	WR	12	0	0	0	2	0	1	0	1	0	0	0	0	0	0		0
Adonai Mitchell	WR	12	0	0	0	0	0	10	0	1	0	0	0	0	0	0		0
Xavier Worthy	WR	12	0	0	0	5	0	46	0	4	0	0	0	0	0	0		0
Ja'Lynn Polk	WR	12	0	0	0	0	0	7	0	1	0	0	0	0	0	0		0
Jayden Daniels	QB	12	275	2	2	74	1	0	0	0	0	0	0	0	1	0		0
Ben Sinnott	TE	12	0	0	0	0	0	0	0	0	0	0	0	0	0	0		0
Ladd McConkey	WR	12	0	0	0	0	0	83	0	6	0	0	0	0	0	0		0
Ricky Pearsall	WR	12	0	0	0	0	0	0	0	0	0	0	0	0	0	0		0
Caleb Williams	QB	12	340	2	0	33	0	0	0	0	0	0	0	1	0	0		0
Rome Odunze	WR	12	0	0	0	0	0	39	0	5	0	0	0	0	0	0		0
Trey Benson	RB	12	0	0	0	18	0	0	0	0	0	0	0	0	0	0		0
Aaron Rodgers	QB	13	185	2	1	6	0	0	0	0	0	0	0	0	0	0		0
Nick Folk	PK	13	0	0	0	0	0	0	0	0	0	0	0	0	0	0	41;44	1
Matthew Stafford	QB	13	183	2	0	3	0	0	0	0	0	0	0	0	0	0		0
Graham Gano	PK	13	0	0	0	0	0	0	0	0	0	0	0	0	0	0	46;47	2
Russell Wilson	QB	13	414	3	1	3	0	0	0	0	0	0	0	0	0	0		0
Justin Tucker	PK	13	0	0	0	0	0	0	0	0	0	0	0	0	0	0	34;50	1
Kirk Cousins	QB	13	245	0	4	3	0	0	0	0	0	0	0	0	0	0		0
Brandon McManus	PK	13	0	0	0	0	0	0	0	0	0	0	0	0	0	0	46;24;33	3
Adam Thielen	WR	13	0	0	0	0	0	99	1	8	0	0	0	0	0	0		0
Zach Ertz	TE	13	0	0	0	0	0	35	1	3	0	0	0	0	0	0		0
Dustin Hopkins	PK	13	0	0	0	0	0	0	0	0	0	0	0	0	0	0	45	3
Keenan Allen	WR	13	0	0	0	0	0	73	2	5	0	0	0	0	0	0		0
Robert Woods	WR	13	0	0	0	0	0	0	0	0	0	0	0	0	0	0		0
Travis Kelce	TE	13	0	0	0	0	0	68	0	7	0	0	0	0	0	0		0
DeAndre Hopkins	WR	13	0	0	0	0	0	90	0	4	0	0	0	0	0	0		0
Geno Smith	QB	13	206	1	0	2	0	0	0	0	0	0	0	0	0	0		0
Cordarrelle Patterson	RB	13	0	0	0	16	0	37	0	3	0	0	0	0	0	0		0
Chris Boswell	PK	13	0	0	0	0	0	0	0	0	0	0	0	0	0	0	50;34;30	5
Cairo Santos	PK	13	0	0	0	0	0	0	0	0	0	0	0	0	0	0		2
Odell Beckham Jr.	WR	13	0	0	0	0	0	9	0	1	0	0	0	0	0	0		0
Brandin Cooks	WR	13	0	0	0	0	0	16	1	3	0	0	0	0	0	0		0
Derek Carr	QB	13	184	1	0	12	0	0	0	0	0	0	0	1	0	0		0
Davante Adams	WR	13	0	0	0	0	0	66	1	5	0	0	0	0	0	0		0
Mike Evans	WR	13	0	0	0	0	0	118	1	8	0	0	0	0	0	0		0
Chris Manhertz	TE	13	0	0	0	0	0	0	0	0	0	0	0	0	0	0		0
Jason Myers	PK	13	0	0	0	0	0	0	0	0	0	0	0	0	0	0	54;43	2
Jameis Winston	QB	13	497	4	3	11	0	0	0	0	0	0	0	1	0	0		0
Amari Cooper	WR	13	0	0	0	0	0	12	0	3	0	0	0	0	0	0		0
Nelson Agholor	WR	13	0	0	0	0	0	0	0	0	0	0	0	0	0	0		0
MyCole Pruitt	TE	13	0	0	0	0	0	21	0	2	0	0	0	0	0	0		0
Raheem Mostert	RB	13	0	0	0	19	0	15	0	2	0	0	0	0	0	0		0
DeAndre Carter	WR	13	0	0	0	0	0	0	0	0	0	0	0	0	0	0		0
Ameer Abdullah	RB	13	0	0	0	39	0	14	0	2	0	0	0	0	0	0		0
Chris Conley	WR	13	0	0	0	0	0	0	0	0	0	0	0	0	0	0		0
Tyler Lockett	WR	13	0	0	0	0	0	16	0	3	0	0	0	0	0	0		0
Sterling Shepard	WR	13	0	0	0	0	0	42	0	4	0	0	0	0	0	0		0
Austin Hooper	TE	13	0	0	0	0	0	42	1	4	0	0	0	0	0	0		0
Nick Vannett	TE	13	0	0	0	0	0	6	0	1	0	0	0	0	0	0		0
Wil Lutz	PK	13	0	0	0	0	0	0	0	0	0	0	0	0	0	0	36;27	5
Ka'imi Fairbairn	PK	13	0	0	0	0	0	0	0	0	0	0	0	0	0	0	53;30;28	2
Derrick Henry	RB	13	0	0	0	82	0	29	0	3	0	0	0	0	0	0		0
Demarcus Robinson	WR	13	0	0	0	0	0	49	1	2	0	0	0	0	0	0		0
Tyler Boyd	WR	13	0	0	0	0	0	37	0	3	0	0	0	0	0	0		0
Tyreek Hill	WR	13	0	0	0	0	0	83	1	6	0	0	0	0	0	0		0
Ezekiel Elliott	RB	13	0	0	0	4	0	0	0	0	0	0	0	0	0	0		0
Hunter Henry	TE	13	0	0	0	0	0	75	0	7	0	0	0	0	0	0		0
Jared Goff	QB	13	221	2	0	1	0	0	0	0	0	0	0	0	0	0		0
Mo Alie-Cox	TE	13	0	0	0	0	0	15	0	2	0	0	0	0	0	0		0
Johnny Mundt	TE	13	0	0	0	0	0	22	1	2	0	0	0	0	0	0		0
Christian McCaffrey	RB	13	0	0	0	53	0	14	0	2	0	0	0	0	0	0		0
Curtis Samuel	WR	13	0	0	0	7	0	0	0	0	0	0	0	0	0	0		0
George Kittle	TE	13	0	0	0	0	0	7	0	1	0	0	0	0	0	0		0
Aaron Jones	RB	13	0	0	0	22	0	6	1	3	0	0	1	0	0	0		0
Kendrick Bourne	WR	13	0	0	0	6	0	39	0	3	0	0	0	0	0	0		0
Taysom Hill	TE	13	0	0	0	10	0	37	0	5	0	0	0	0	0	0		0
Tim Patrick	WR	13	0	0	0	0	0	48	0	2	0	0	0	0	0	0		0
Pharaoh Brown	TE	13	0	0	0	0	0	0	0	0	0	0	0	0	0	0		0
Samaje Perine	RB	13	0	0	0	0	0	15	0	1	0	0	0	0	0	0		0
James Conner	RB	13	0	0	0	68	0	13	0	3	0	0	0	0	0	0		0
Mack Hollins	WR	13	0	0	0	0	0	7	1	1	0	0	0	0	0	0		0
David Moore	WR	13	0	0	0	0	0	40	0	5	0	0	0	0	0	0		0
Noah Brown	WR	13	0	0	0	0	0	27	0	3	0	0	0	0	0	0		0
Cooper Rush	QB	13	195	1	0	0	0	0	0	0	0	0	0	0	0	0		0
Younghoe Koo	PK	13	0	0	0	0	0	0	0	0	0	0	0	0	0	0	41;26	1
Jake Elliott	PK	13	0	0	0	0	0	0	0	0	0	0	0	0	0	0	35	3
JuJu Smith-Schuster	WR	13	0	0	0	0	0	10	0	1	0	0	0	0	0	0		0
Jonnu Smith	TE	13	0	0	0	0	0	113	0	10	0	0	0	0	0	0		0
Zane Gonzalez	PK	13	0	0	0	0	0	0	0	0	0	0	0	0	0	0		6
Mitchell Trubisky	QB	13	4	0	0	-3	0	0	0	0	0	0	0	0	0	0		0
Patrick Mahomes	QB	13	306	1	0	4	0	0	0	0	0	0	0	0	0	0		0
Evan Engram	TE	13	0	0	0	0	0	41	0	7	0	0	0	0	0	0		0
David Njoku	TE	13	0	0	0	0	0	52	2	9	0	0	0	0	0	0		0
Joe Mixon	RB	13	0	0	0	101	1	18	0	4	0	0	0	0	0	0		0
Alvin Kamara	RB	13	0	0	0	112	0	7	0	4	0	0	0	0	0	0		0
Cooper Kupp	WR	13	0	0	0	0	0	17	0	3	0	0	0	0	0	0		0
Kareem Hunt	RB	13	0	0	0	15	0	0	0	2	0	0	0	0	0	0		0
Jamaal Williams	RB	13	0	0	0	0	0	7	0	1	0	0	0	0	0	0		0
Jeremy McNichols	RB	13	0	0	0	32	0	0	0	0	0	0	0	0	0	0		0
Will Dissly	TE	13	0	0	0	0	0	0	0	0	0	0	0	0	0	0		0
Daniel Carlson	PK	13	0	0	0	0	0	0	0	0	0	0	0	0	0	0	27	2
Eddy Pineiro	PK	13	0	0	0	0	0	0	0	0	0	0	0	0	0	0	47;27;22	2
Gus Edwards	RB	13	0	0	0	32	0	1	0	1	0	0	0	0	0	0		0
Tyler Conklin	TE	13	0	0	0	0	0	32	0	4	0	0	0	0	0	0		0
Marquez Valdes-Scantling	WR	13	0	0	0	0	0	36	1	2	0	0	0	0	0	0		0
Courtland Sutton	WR	13	0	0	0	0	0	102	0	6	0	0	0	0	0	0		0
Dallas Goedert	TE	13	0	0	0	0	0	35	1	3	0	0	0	0	0	0		0
Jordan Akins	TE	13	0	0	0	0	0	0	0	0	0	0	0	0	0	0		0
Dalton Schultz	TE	13	0	0	0	0	0	61	1	5	0	0	0	0	0	0		0
Justin Watson	WR	13	0	0	0	0	0	6	1	1	0	0	0	0	0	0		0
Ray-Ray McCloud	WR	13	0	0	0	-2	0	95	0	4	0	0	0	0	0	0		0
Cedrick Wilson Jr.	WR	13	0	0	0	0	0	19	0	1	0	0	0	0	0	0		0
Tanner Hudson	TE	13	0	0	0	0	0	28	0	4	0	0	0	0	0	0		0
Brandon Powell	WR	13	0	0	0	0	0	8	0	1	0	0	0	0	0	0		0
Mark Andrews	TE	13	0	0	0	2	0	67	1	6	0	0	0	0	0	0		0
Nick Chubb	RB	13	0	0	0	21	0	24	1	2	0	0	0	0	0	0		0
Jason Sanders	PK	13	0	0	0	0	0	0	0	0	0	0	0	0	0	0	33	0
Lamar Jackson	QB	13	237	2	0	79	0	0	0	0	0	0	0	0	0	0		0
Durham Smythe	TE	13	0	0	0	0	0	8	0	1	0	0	0	0	0	0		0
DJ Moore	WR	13	0	0	0	0	0	97	1	8	0	0	0	0	0	0		0
Mike Gesicki	TE	13	0	0	0	0	0	53	0	5	0	0	0	0	0	0		0
Calvin Ridley	WR	13	0	0	0	0	0	45	0	2	0	0	0	0	0	0		0
Saquon Barkley	RB	13	0	0	0	107	1	10	0	2	0	0	0	0	0	0		0
Baker Mayfield	QB	13	235	1	2	8	0	0	0	0	0	0	0	0	0	0		0
Josh Allen	QB	13	148	2	0	18	1	7	1	0	0	0	0	0	0	0		0
Dante Pettis	WR	13	0	0	0	0	0	5	0	1	0	0	0	0	0	1		0
Sam Darnold	QB	13	235	2	0	22	0	0	0	0	0	0	0	0	0	0		0
Jakobi Meyers	WR	13	0	0	0	0	0	97	0	6	0	0	0	0	0	0		0
Justice Hill	RB	13	0	0	0	6	0	15	0	4	0	0	0	0	0	0		0
Foster Moreau	TE	13	0	0	0	0	0	6	0	2	0	0	0	0	0	0		0
Mecole Hardman	WR	13	0	0	0	0	0	0	0	0	0	0	0	0	0	0		0
Matthew Wright	PK	13	0	0	0	0	0	0	0	0	0	0	0	0	0	0	25;42;35;32	1
Joey Slye	PK	13	0	0	0	0	0	0	0	0	0	0	0	0	0	0	35;31;54	1
Olamide Zaccheaus	WR	13	0	0	0	0	0	14	0	3	0	0	0	0	0	0		0
Kyler Murray	QB	13	260	1	2	48	0	0	0	0	0	0	0	0	0	0		0
T.J. Hockenson	TE	13	0	0	0	0	0	28	0	3	0	0	0	0	0	0		0
Devin Singletary	RB	13	0	0	0	23	0	0	0	0	0	0	0	0	0	0		0
Tony Pollard	RB	13	0	0	0	35	0	33	0	4	0	1	0	0	0	0		0
Matt Gay	PK	13	0	0	0	0	0	0	0	0	0	0	0	0	0	0	25	2
Chase McLaughlin	PK	13	0	0	0	0	0	0	0	0	0	0	0	0	0	0	27;26;51;30	2
Greg Dortch	WR	13	0	0	0	6	0	1	0	2	0	0	0	0	0	0		0
Darius Slayton	WR	13	0	0	0	0	0	8	0	2	0	0	0	0	0	0		0
Ty Johnson	RB	13	0	0	0	28	0	9	0	1	0	0	0	0	0	0		0
Drew Sample	TE	13	0	0	0	0	0	8	0	2	0	0	0	0	0	0		0
Parris Campbell	WR	13	0	0	0	0	0	0	0	0	0	0	0	0	0	0		0
DK Metcalf	WR	13	0	0	0	0	0	66	0	4	0	0	0	0	0	0		0
Noah Fant	TE	13	0	0	0	0	0	26	0	3	0	0	0	0	0	0		0
Terry McLaurin	WR	13	0	0	0	0	0	73	2	8	0	0	0	0	0	0		0
A.J. Brown	WR	13	0	0	0	0	0	66	0	5	0	0	0	0	0	0		0
David Montgomery	RB	13	0	0	0	88	0	36	0	3	0	0	0	0	0	0		0
Dawson Knox	TE	13	0	0	0	0	0	56	0	2	0	0	0	0	0	0		0
Josh Jacobs	RB	13	0	0	0	43	1	74	0	4	0	0	0	0	0	0		0
Drew Lock	QB	13	178	0	1	57	1	0	0	0	1	0	0	0	0	0		0
Deebo Samuel Sr.	WR	13	0	0	0	0	0	20	0	4	0	0	0	0	0	0		0
Dan Chisena	WR	13	0	0	0	0	0	6	0	1	0	0	0	0	0	0		0
Juwan Johnson	TE	13	0	0	0	0	0	36	0	5	0	0	0	0	0	0		0
Rico Dowdle	RB	13	0	0	0	112	1	11	0	3	0	0	0	0	0	0		0
Tyler Bass	PK	13	0	0	0	0	0	0	0	0	0	0	0	0	0	0		5
Nick Westbrook-Ikhine	WR	13	0	0	0	0	0	61	2	3	0	0	0	0	0	0		0
Reggie Gilliam	RB	13	0	0	0	0	0	0	0	0	0	0	0	0	0	0		0
Tua Tagovailoa	QB	13	365	2	0	6	0	0	0	0	0	0	0	1	0	0		0
Jonathan Taylor	RB	13	0	0	0	96	0	7	1	1	0	0	0	0	0	0		0
Colby Parkinson	TE	13	0	0	0	0	0	13	0	1	0	0	0	0	0	0		0
Michael Pittman	WR	13	0	0	0	0	0	42	0	5	0	0	0	0	0	0		0
Collin Johnson	WR	13	0	0	0	0	0	0	0	0	0	0	0	0	0	0		0
Jauan Jennings	WR	13	0	0	0	0	0	56	0	3	0	0	0	0	0	0		0
Jordan Love	QB	13	274	2	0	0	0	0	0	0	0	0	0	0	0	0		0
Laviska Shenault Jr.	WR	13	0	0	0	0	0	0	0	0	0	0	0	0	0	0		0
D'Andre Swift	RB	13	0	0	0	39	0	35	0	2	0	0	0	0	0	0		0
Cole Kmet	TE	13	0	0	0	0	0	26	0	3	0	0	0	0	0	0		0
Darnell Mooney	WR	13	0	0	0	0	0	20	0	3	0	0	0	0	0	0		0
Justin Jefferson	WR	13	0	0	0	0	0	99	0	7	0	0	0	0	0	0		0
Antonio Gibson	RB	13	0	0	0	62	1	0	0	0	0	0	0	0	0	0		0
Devin Duvernay	WR	13	0	0	0	0	0	23	0	2	0	0	0	0	0	0		0
Justin Herbert	QB	13	147	0	0	1	0	0	0	0	0	0	0	1	0	0		0
CeeDee Lamb	WR	13	0	0	0	0	0	39	0	2	0	0	0	0	0	0		0
Jalen Hurts	QB	13	118	1	0	29	1	0	0	0	0	0	0	0	0	0		0
Jerry Jeudy	WR	13	0	0	0	0	0	235	1	9	0	0	0	0	0	1		0
Tee Higgins	WR	13	0	0	0	0	0	69	1	5	0	0	0	0	0	0		0
Cam Akers	RB	13	0	0	0	22	0	0	0	0	0	0	0	0	0	0		0
Van Jefferson	WR	13	0	0	0	0	0	43	0	1	0	0	0	0	0	0		0
Adam Trautman	TE	13	0	0	0	0	0	0	0	0	0	0	0	0	0	0		0
Tyler Johnson	WR	13	0	0	0	0	0	0	0	0	0	0	0	0	0	0		0
Charlie Woerner	TE	13	0	0	0	0	0	5	0	1	0	0	0	0	0	0		0
Stephen Sullivan	TE	13	0	0	0	0	0	0	0	0	0	0	0	0	0	0		0
Joe Burrow	QB	13	309	3	1	9	0	0	0	0	2	0	0	0	0	0		0
Tim Jones	WR	13	0	0	0	0	0	0	0	0	0	0	0	0	0	0		0
DJ Turner	WR	13	0	0	0	0	0	25	0	1	0	0	0	0	0	0		0
Nico Collins	WR	13	0	0	0	0	0	119	0	8	0	0	0	0	0	0		0
Chuba Hubbard	RB	13	0	0	0	43	0	0	0	0	0	1	0	0	0	0		0
Quintin Morris	TE	13	0	0	0	0	0	14	0	1	0	0	0	0	0	0		0
Jaylen Waddle	WR	13	0	0	0	0	0	53	0	4	0	0	0	0	0	1		0
Dyami Brown	WR	13	0	0	0	4	0	35	0	4	0	0	0	0	0	0		0
Tylan Wallace	WR	13	0	0	0	0	0	14	0	2	0	0	0	0	0	0		0
Ihmir Smith-Marsette	WR	13	0	0	0	0	0	0	0	0	0	0	0	0	0	0		0
Noah Gray	TE	13	0	0	0	0	0	58	0	4	0	0	0	0	0	0		0
Zach Davidson	TE	13	0	0	0	0	0	0	0	0	0	0	0	0	0	0		0
Brock Wright	TE	13	0	0	0	0	0	13	0	1	0	0	0	0	0	0		0
Feleipe Franks	TE	13	0	0	0	0	0	0	0	0	0	0	0	0	0	0		0
Kene Nwangwu	RB	13	0	0	0	0	0	0	0	0	0	0	0	0	0	0		0
Tutu Atwell	WR	13	0	0	0	0	0	39	0	2	0	0	0	0	0	0		0
Evan McPherson	PK	13	0	0	0	0	0	0	0	0	0	0	0	0	0	0	38	5
Ben Skowronek	WR	13	0	0	0	0	0	23	0	1	0	0	0	0	0	0		0
Rhamondre Stevenson	RB	13	0	0	0	73	0	21	0	3	0	0	0	0	0	0		0
Kylen Granson	TE	13	0	0	0	0	0	0	0	0	0	0	0	0	0	0		0
Jaelon Darden	WR	13	0	0	0	0	0	0	0	0	0	0	0	0	0	0		0
Luke Farrell	TE	13	0	0	0	0	0	0	0	0	0	0	0	0	0	0		0
Najee Harris	RB	13	0	0	0	75	1	54	0	6	0	0	0	0	0	0		0
Pat Freiermuth	TE	13	0	0	0	0	0	68	1	6	0	0	0	0	0	0		0
Ja'Marr Chase	WR	13	0	0	0	0	0	86	1	6	0	0	0	0	0	0		0
Khalil Herbert	RB	13	0	0	0	14	0	0	0	0	0	0	0	0	0	0		0
Kadarius Toney	WR	13	0	0	0	3	0	0	0	0	0	0	0	0	0	0		0
Kenny Gainwell	RB	13	0	0	0	0	0	0	0	0	0	0	0	0	0	0		0
Kyle Trask	QB	13	5	0	0	0	0	0	0	0	0	0	0	0	0	0		0
Justin Fields	QB	13	0	0	0	7	0	0	0	0	0	0	0	0	0	0		0
Avery Williams	RB	13	0	0	0	0	0	0	0	0	0	0	0	0	0	0		0
Terrace Marshall Jr.	WR	13	0	0	0	0	0	0	0	0	0	0	0	0	0	0		0
Amon-Ra St. Brown	WR	13	0	0	0	0	0	73	0	5	0	0	0	0	0	0		0
Kyle Pitts	TE	13	0	0	0	0	0	0	0	0	0	0	0	0	0	0		0
Trevor Lawrence	QB	13	41	0	1	6	0	0	0	0	0	0	0	0	0	0		0
Mac Jones	QB	13	235	2	0	6	0	0	0	0	0	0	0	1	0	0		0
Travis Etienne	RB	13	0	0	0	46	0	12	0	3	0	0	0	0	0	0		0
Elijah Moore	WR	13	0	0	0	1	0	111	0	8	0	0	0	0	0	0		0
Trey Sermon	RB	13	0	0	0	0	0	0	0	0	0	0	0	0	0	0		0
Josh Palmer	WR	13	0	0	0	0	0	11	0	1	0	0	0	0	0	1		0
Javonte Williams	RB	13	0	0	0	1	1	3	0	1	0	0	0	0	0	0		0
Hunter Long	TE	13	0	0	0	0	0	0	0	0	0	0	0	0	0	0		0
Tommy Tremble	TE	13	0	0	0	0	0	77	0	5	0	0	0	0	0	0		0
Tyler Goodson	RB	13	0	0	0	0	0	0	0	0	0	0	0	0	0	0		0
Britain Covey	WR	13	0	0	0	0	0	0	0	0	0	0	0	0	0	0		0
Irvin Charles	WR	13	0	0	0	0	0	0	0	0	0	0	0	0	0	0		0
Isiah Pacheco	RB	13	0	0	0	44	0	5	0	1	0	0	0	0	0	0		0
Cameron Dicker	PK	13	0	0	0	0	0	0	0	0	0	0	0	0	0	0	45;51;34	0
Jaylen Warren	RB	13	0	0	0	9	0	55	0	4	0	0	0	0	0	0		0
Kevin Austin Jr.	WR	13	0	0	0	9	0	31	0	3	0	0	0	0	0	0		0
Drake London	WR	13	0	0	0	-3	0	86	0	9	0	0	0	0	0	0		0
Jameson Williams	WR	13	0	0	0	18	0	28	0	5	0	0	0	0	0	0		0
George Pickens	WR	13	0	0	0	0	0	74	1	3	0	0	0	0	0	0		0
James Cook	RB	13	0	0	0	107	1	13	0	1	0	0	0	0	0	0		0
Rachaad White	RB	13	0	0	0	76	0	2	0	1	0	0	0	0	0	0		0
Dameon Pierce	RB	13	0	0	0	0	0	1	0	1	0	0	0	0	0	0		0
Khalil Shakir	WR	13	0	0	0	0	0	30	0	4	0	0	0	0	0	0		0
Tyler Allgeier	RB	13	0	0	0	16	0	6	0	1	0	0	0	0	0	0		0
Jerome Ford	RB	13	0	0	0	41	0	21	0	1	0	0	0	0	0	0		0
Ty Chandler	RB	13	0	0	0	2	0	0	0	0	0	0	0	0	0	0		0
Jalen Nailor	WR	13	0	0	0	0	0	18	0	1	0	0	0	0	0	0		0
Andrew Ogletree	TE	13	0	0	0	0	0	22	0	1	0	0	0	0	0	0		0
Mike Woods	WR	13	0	0	0	0	0	43	0	3	0	0	0	0	0	0		0
Jalen Virgil	WR	13	0	0	0	0	0	0	0	0	0	0	0	0	0	0		0
Raheem Blackshear	RB	13	0	0	0	0	0	0	0	0	0	0	0	0	0	0		0
Stone Smartt	TE	13	0	0	0	0	0	3	0	1	0	0	0	0	0	0		0
Sincere McCormick	RB	13	0	0	0	64	0	1	0	2	0	0	0	0	0	0		0
Jordan Mason	RB	13	0	0	0	78	0	0	0	0	0	0	0	0	0	0		0
Lucas Krull	TE	13	0	0	0	0	0	24	0	3	0	0	0	0	0	0		0
John Parker Romo	PK	13	0	0	0	0	0	0	0	0	0	0	0	0	0	0	44;55;31	2
Julius Chestnut	RB	13	0	0	0	0	0	0	0	0	0	0	0	0	0	0		0
John Metchie III	WR	13	0	0	0	0	0	16	0	2	0	0	0	0	0	0		0
Hassan Haskins	RB	13	0	0	0	0	0	0	0	0	0	1	0	0	0	0		0
Tucker Fisk	TE	13	0	0	0	0	0	1	0	1	0	0	0	0	0	0		0
Alec Pierce	WR	13	0	0	0	0	0	16	1	2	0	0	0	0	0	0		0
Jalen Tolbert	WR	13	0	0	0	0	0	41	0	2	0	0	0	0	0	0		0
Brandon Aubrey	PK	13	0	0	0	0	0	0	0	0	0	0	0	0	0	0	23;33	3
Maurice Alexander	WR	13	0	0	0	0	0	0	0	0	0	0	0	0	0	0		0
Garrett Wilson	WR	13	0	0	0	0	0	41	0	5	0	0	0	0	0	0		0
Jahan Dotson	WR	13	0	0	0	0	0	7	0	1	0	0	0	0	0	0		0
Trey McBride	TE	13	0	0	0	0	0	96	0	12	0	0	0	0	0	0		0
Brian Robinson	RB	13	0	0	0	103	1	6	0	1	0	0	0	0	0	0		0
KaVontae Turpin	WR	13	0	0	0	2	0	53	0	4	0	0	0	0	0	0		0
Jeremy Ruckert	TE	13	0	0	0	0	0	3	0	1	0	0	0	0	0	0		0
Chig Okonkwo	TE	13	0	0	0	0	0	27	0	3	0	0	0	0	0	0		0
Brock Purdy	QB	13	94	0	0	4	0	0	0	0	1	0	0	0	0	0		0
Calvin Austin III	WR	13	0	0	0	0	0	29	1	2	0	0	0	0	0	0		0
Isaiah Likely	TE	13	0	0	0	0	0	38	1	5	0	0	0	0	0	0		0
Kyren Williams	RB	13	0	0	0	104	1	9	0	1	0	0	0	0	0	0		0
Pierre Strong	RB	13	0	0	0	0	0	0	0	0	0	0	0	0	0	0		0
Daniel Bellinger	TE	13	0	0	0	0	0	0	0	0	0	0	0	0	0	0		0
Wan'Dale Robinson	WR	13	0	0	0	0	0	6	0	2	0	0	0	0	0	0		0
Breece Hall	RB	13	0	0	0	60	0	0	0	0	0	1	0	0	1	0		0
Christian Watson	WR	13	0	0	0	0	0	67	0	2	0	0	0	0	0	0		0
Cade Otton	TE	13	0	0	0	0	0	20	0	4	0	0	0	0	0	0		0
Kenneth Walker III	RB	13	0	0	0	49	0	-3	0	2	0	0	0	0	0	0		0
Xavier Smith	WR	13	0	0	0	0	0	0	0	0	0	0	0	0	0	0		0
Dontayvion Wicks	WR	13	0	0	0	0	0	30	0	4	0	0	0	0	0	0		0
Will Mallory	TE	13	0	0	0	0	0	7	0	1	0	0	0	0	0	0		0
Eric Gray	RB	13	0	0	0	0	0	0	0	0	0	0	0	0	0	0		0
Anders Carlson	PK	13	0	0	0	0	0	0	0	0	0	0	0	0	0	0		1
Bryce Ford-Wheaton	WR	13	0	0	0	0	0	0	0	0	0	0	0	0	0	0		0
Brady Russell	RB	13	0	0	0	0	0	0	0	0	0	0	0	0	0	0		0
Xavier Gipson	WR	13	0	0	0	0	0	-1	0	1	0	0	0	0	0	0		0
Bijan Robinson	RB	13	0	0	0	102	1	33	0	6	0	0	0	0	0	0		0
Jaxon Smith-Njigba	WR	13	0	0	0	5	0	74	0	4	0	0	0	0	0	0		0
Quentin Johnston	WR	13	0	0	0	0	0	12	0	2	0	0	0	0	0	0		0
Luke Schoonmaker	TE	13	0	0	0	0	0	33	0	5	0	0	0	0	0	0		0
Tank Bigsby	RB	13	0	0	0	28	0	7	0	1	0	0	0	0	0	0		0
Darnell Washington	TE	13	0	0	0	0	0	10	0	1	0	0	0	0	0	0		0
Michael Wilson	WR	13	0	0	0	0	0	55	0	5	0	0	0	0	0	0		0
Jake Moody	PK	13	0	0	0	0	0	0	0	0	0	0	0	0	0	0	33	1
Tre Tucker	WR	13	0	0	0	11	0	58	1	1	0	0	0	0	0	0		0
Chad Ryland	PK	13	0	0	0	0	0	0	0	0	0	0	0	0	0	0	32;31;24;40;23	1
Derius Davis	WR	13	0	0	0	3	0	3	0	1	0	0	0	0	0	0		0
Aidan O'Connell	QB	13	340	2	0	0	0	0	0	0	0	1	0	0	0	0		0
Josh Whyle	TE	13	0	0	0	0	0	3	0	1	0	0	0	0	0	0		0
Justin Shorter	TE	13	0	0	0	0	0	0	0	0	0	0	0	0	0	0		0
Chase Brown	RB	13	0	0	0	70	1	30	0	3	0	0	0	0	0	0		0
Parker Washington	WR	13	0	0	0	0	0	103	1	6	0	0	0	0	0	1		0
Kayshon Boutte	WR	13	0	0	0	0	0	41	0	3	0	0	0	0	0	1		0
Chris Rodriguez Jr.	RB	13	0	0	0	94	1	0	0	0	0	0	0	0	0	0		0
Andrei Iosivas	WR	13	0	0	0	0	0	35	1	3	0	0	0	0	0	0		0
DeMario Douglas	WR	13	0	0	0	0	0	20	0	4	0	0	0	0	0	0		0
Kenny McIntosh	RB	13	0	0	0	0	0	0	0	0	0	0	0	0	0	0		0
Jalen Brooks	WR	13	0	0	0	0	0	0	0	1	0	0	0	0	0	0		0
Chris Brooks	RB	13	0	0	0	28	0	1	0	2	0	0	0	0	0	0		0
Emari Demercado	RB	13	0	0	0	12	0	3	0	1	0	0	0	0	0	0		0
Blake Whiteheart	TE	13	0	0	0	0	0	0	0	0	0	0	0	0	0	0		0
Julian Hill	TE	13	0	0	0	0	0	5	0	1	0	0	0	0	0	0		0
Hunter Luepke	RB	13	0	0	0	4	0	0	0	0	0	0	0	0	0	0		0
Jake Bobo	WR	13	0	0	0	0	0	0	0	0	0	0	0	0	0	0		0
Nate Adkins	TE	13	0	0	0	0	0	16	0	1	0	0	0	0	0	0		0
Jaleel McLaughlin	RB	13	0	0	0	84	0	0	0	1	0	0	0	0	0	0		0
Emanuel Wilson	RB	13	0	0	0	20	0	0	0	0	0	0	0	0	0	0		0
Rakim Jarrett	WR	13	0	0	0	0	0	0	0	0	0	0	0	0	0	0		0
Blake Grupe	PK	13	0	0	0	0	0	0	0	0	0	0	0	0	0	0	54;54	0
Brenton Strange	TE	13	0	0	0	0	0	14	0	1	0	0	0	0	0	0		0
Jalin Hyatt	WR	13	0	0	0	0	0	8	0	2	0	0	0	0	0	0		0
Sean Tucker	RB	13	0	0	0	0	0	0	0	0	0	0	0	0	0	0		0
Marvin Mims Jr.	WR	13	0	0	0	4	0	105	1	3	0	0	0	0	0	0		0
Tank Dell	WR	13	0	0	0	0	0	23	0	1	0	0	0	0	0	0		0
Jordan Addison	WR	13	0	0	0	0	0	54	0	4	0	0	0	0	0	0		0
Tucker Kraft	TE	13	0	0	0	0	0	78	0	6	0	0	0	0	0	0		0
Roschon Johnson	RB	13	0	0	0	0	0	0	0	0	0	0	0	0	0	0		0
Tyjae Spears	RB	13	0	0	0	3	0	0	0	0	0	0	0	0	0	0		0
De'Von Achane	RB	13	0	0	0	14	0	56	1	8	0	0	0	0	0	0		0
Elijah Higgins	TE	13	0	0	0	0	0	23	0	2	0	0	0	0	0	0		0
Trey Palmer	WR	13	0	0	0	0	0	0	0	0	0	0	0	0	0	0		0
Jonathan Mingo	WR	13	0	0	0	0	0	2	0	1	0	0	0	0	0	0		0
Zay Flowers	WR	13	0	0	0	-3	0	74	0	3	0	0	0	0	0	0		0
Sam LaPorta	TE	13	0	0	0	0	0	6	2	3	0	0	0	0	0	0		0
Michael Mayer	TE	13	0	0	0	0	0	5	0	1	0	0	0	0	0	0		0
Puka Nacua	WR	13	0	0	0	7	0	56	1	5	0	0	0	0	0	0		0
Jahmyr Gibbs	RB	13	0	0	0	87	0	17	0	2	0	0	1	0	0	0		0
Jayden Reed	WR	13	0	0	0	23	0	24	2	3	0	0	0	0	0	0		0
Bryce Young	QB	13	298	1	0	17	1	0	0	0	0	0	0	0	0	0		0
Will Levis	QB	13	212	2	0	-3	0	0	0	0	0	0	0	0	0	0		0
C.J. Stroud	QB	13	242	1	0	7	0	0	0	0	0	0	0	0	0	0		0
Anthony Richardson	QB	13	109	2	2	48	1	0	0	0	0	0	0	0	1	0		0
Zach Charbonnet	RB	13	0	0	0	28	1	13	0	2	0	0	0	0	0	0		0
Jake Bates	PK	13	0	0	0	0	0	0	0	0	0	0	0	0	0	0	30;36;48	2
Carson Steele	RB	13	0	0	0	0	0	0	0	0	0	0	0	0	0	0		0
Malik Nabers	WR	13	0	0	0	4	0	69	0	8	0	0	0	0	0	0		0
Brock Bowers	TE	13	0	0	0	2	0	140	1	10	0	0	0	0	0	0		0
Xavier Legette	WR	13	0	0	0	0	0	53	0	4	0	0	0	0	0	0		0
Jonathon Brooks	RB	13	0	0	0	18	0	23	0	3	0	0	0	0	0	0		0
Luke McCaffrey	WR	13	0	0	0	0	0	13	0	2	0	0	0	0	0	0		0
Cade Stover	TE	13	0	0	0	0	0	4	0	1	0	0	0	0	0	0		0
Bucky Irving	RB	13	0	0	0	152	1	33	0	3	0	0	0	0	0	0		0
Isaac Guerendo	RB	13	0	0	0	19	1	-3	0	1	0	0	0	0	0	0		0
Jacob Cowing	WR	13	0	0	0	0	0	0	0	0	0	0	0	0	0	0		0
Audric Estimé	RB	13	0	0	0	12	0	0	0	0	0	0	0	0	0	0		0
Jamari Thrash	WR	13	0	0	0	0	0	11	0	2	0	0	0	0	0	0		0
Tyrone Tracy Jr.	RB	13	0	0	0	32	1	33	0	2	0	0	0	0	0	0		0
Kimani Vidal	RB	13	0	0	0	20	0	0	0	0	0	0	0	0	0	0		0
Jha'Quan Jackson	WR	13	0	0	0	0	0	0	0	0	0	0	0	0	0	0		0
Dylan Laube	RB	13	0	0	0	0	0	0	0	0	0	0	0	0	0	0		0
Cam Little	PK	13	0	0	0	0	0	0	0	0	0	0	0	0	0	0	33;30	0
Devaughn Vele	WR	13	0	0	0	0	0	16	0	1	0	0	0	0	0	0		0
Isaiah Williams	WR	13	0	0	0	0	0	0	0	0	0	0	0	0	0	0		0
Brevyn Spann-Ford	TE	13	0	0	0	0	0	0	0	0	0	0	0	0	0	0		0
Bryce Oliver	WR	13	0	0	0	0	0	0	0	0	0	0	0	0	0	0		0
Bo Nix	QB	13	294	1	2	4	0	0	0	0	0	0	0	0	0	0		0
Tip Reiman	TE	13	0	0	0	0	0	9	0	1	0	0	0	0	0	0		0
Blake Corum	RB	13	0	0	0	42	0	0	0	0	0	0	0	0	0	0		0
Will Shipley	RB	13	0	0	0	4	0	0	0	0	0	0	0	0	0	0		0
Joshua Karty	PK	13	0	0	0	0	0	0	0	0	0	0	0	0	0	0		3
Jordan Whittington	WR	13	0	0	0	0	0	0	0	0	0	0	0	0	0	0		0
AJ Barner	TE	13	0	0	0	0	0	14	1	2	0	0	0	0	0	0		0
Braelon Allen	RB	13	0	0	0	11	0	16	0	2	0	0	0	0	0	0		0
Rasheen Ali	RB	13	0	0	0	0	0	0	0	0	0	0	0	0	0	0		0
Isaiah Davis	RB	13	0	0	0	4	0	28	1	3	0	0	0	0	0	0		0
Jermaine Burton	WR	13	0	0	0	0	0	0	0	0	0	0	0	0	0	0		0
Anthony Gould	WR	13	0	0	0	0	0	0	0	0	0	0	0	0	0	0		0
Theo Johnson	TE	13	0	0	0	0	0	54	0	5	0	0	0	0	0	0		0
Marvin Harrison Jr.	WR	13	0	0	0	0	0	60	1	5	0	0	0	0	0	0		0
Drake Maye	QB	13	238	1	1	59	0	0	0	0	0	0	0	1	0	0		0
Jalen McMillan	WR	13	0	0	0	0	0	25	0	2	0	0	0	0	0	0		0
Troy Franklin	WR	13	0	0	0	0	0	28	0	2	0	0	0	0	0	0		0
Ray Davis	RB	13	0	0	0	63	1	4	0	1	0	0	0	0	0	0		0
Malik Washington	WR	13	0	0	0	0	0	8	0	2	0	0	0	0	0	0		0
Adonai Mitchell	WR	13	0	0	0	0	0	0	0	0	0	0	0	0	0	0		0
Brian Thomas Jr.	WR	13	0	0	0	11	0	76	1	4	0	0	0	0	0	0		0
Xavier Worthy	WR	13	0	0	0	0	0	54	0	5	0	0	0	0	0	0		0
Ja'Lynn Polk	WR	13	0	0	0	0	0	0	0	0	0	0	0	0	0	0		0
Jayden Daniels	QB	13	206	3	1	34	1	0	0	0	0	0	0	0	0	0		0
Ben Sinnott	TE	13	0	0	0	0	0	3	0	1	0	0	0	0	0	0		0
Ladd McConkey	WR	13	0	0	0	0	0	117	0	9	0	0	0	0	0	0		0
Ricky Pearsall	WR	13	0	0	0	0	0	0	0	0	0	0	0	0	0	0		0
Caleb Williams	QB	13	256	3	0	39	0	0	0	0	0	0	0	0	0	0		0
Rome Odunze	WR	13	0	0	0	0	0	25	0	2	0	0	0	0	0	0		0
Malachi Corley	WR	13	0	0	0	8	0	0	0	0	0	0	0	0	0	0		0
Trey Benson	RB	13	0	0	0	20	0	0	0	0	0	0	0	0	0	0		0
Aaron Rodgers	QB	14	339	1	0	0	0	0	0	0	0	0	0	0	0	0		0
Nick Folk	PK	14	0	0	0	0	0	0	0	0	0	0	0	0	0	0	46;39	0
Matthew Stafford	QB	14	320	2	0	0	0	0	0	0	0	0	0	0	0	0		0
Graham Gano	PK	14	0	0	0	0	0	0	0	0	0	0	0	0	0	0	43	0
Russell Wilson	QB	14	158	2	0	17	0	0	0	0	0	0	0	0	0	0		0
Kirk Cousins	QB	14	344	0	2	0	0	0	0	0	0	0	0	0	0	0		0
Brandon McManus	PK	14	0	0	0	0	0	0	0	0	0	0	0	0	0	0	32	4
Adam Thielen	WR	14	0	0	0	0	0	102	0	9	0	0	0	0	0	0		0
Dustin Hopkins	PK	14	0	0	0	0	0	0	0	0	0	0	0	0	0	0		2
Keenan Allen	WR	14	0	0	0	0	0	30	0	3	0	0	0	0	0	0		0
Travis Kelce	TE	14	0	0	0	0	0	45	0	5	0	0	0	0	0	0		0
DeAndre Hopkins	WR	14	0	0	0	0	0	32	1	4	0	0	0	0	0	0		0
Geno Smith	QB	14	233	1	0	0	0	0	0	0	0	0	0	0	0	0		0
Cordarrelle Patterson	RB	14	0	0	0	3	0	-2	0	1	0	1	0	0	0	0		0
Chris Boswell	PK	14	0	0	0	0	0	0	0	0	0	0	0	0	0	0	30;54	3
Cairo Santos	PK	14	0	0	0	0	0	0	0	0	0	0	0	0	0	0		1
Odell Beckham Jr.	WR	14	0	0	0	0	0	1	0	1	0	0	0	0	0	0		0
Brandin Cooks	WR	14	0	0	0	0	0	3	1	1	0	0	0	0	0	0		0
Derek Carr	QB	14	219	1	1	12	0	0	0	0	0	0	0	0	0	0		0
Davante Adams	WR	14	0	0	0	0	0	109	1	9	0	0	0	0	0	0		0
Mike Evans	WR	14	0	0	0	0	0	69	0	4	0	0	0	0	0	0		0
Jason Myers	PK	14	0	0	0	0	0	0	0	0	0	0	0	0	0	0	20;36;35	3
Jameis Winston	QB	14	212	2	2	28	0	0	0	0	0	0	0	0	0	0		0
Amari Cooper	WR	14	0	0	0	0	0	95	0	6	0	0	0	0	0	0		0
MyCole Pruitt	TE	14	0	0	0	0	0	-1	0	1	0	0	0	0	0	0		0
DeAndre Carter	WR	14	0	0	0	0	0	0	0	0	0	0	0	0	0	0		0
Taylor Heinicke	QB	14	0	0	0	12	0	0	0	0	0	0	0	0	0	0		0
Ameer Abdullah	RB	14	0	0	0	1	0	-3	0	1	0	0	0	0	0	0		0
C.J. Uzomah	TE	14	0	0	0	0	0	0	0	0	0	0	0	0	0	0		0
Tyler Lockett	WR	14	0	0	0	0	0	0	0	0	0	0	0	0	0	0		0
Sterling Shepard	WR	14	0	0	0	0	0	63	0	4	0	0	0	0	0	0		0
Nick Vannett	TE	14	0	0	0	0	0	4	0	1	0	0	0	0	0	0		0
Brandon Allen	QB	14	0	0	1	0	0	0	0	0	0	0	0	0	0	0		0
Demarcus Robinson	WR	14	0	0	0	0	0	0	0	0	0	0	0	0	0	0		0
Tyler Boyd	WR	14	0	0	0	0	0	7	0	1	0	0	0	0	0	0		0
Tyreek Hill	WR	14	0	0	0	6	0	115	1	10	0	0	0	0	0	0		0
Ezekiel Elliott	RB	14	0	0	0	4	0	2	0	1	0	0	0	0	0	0		0
Jared Goff	QB	14	283	3	1	7	0	0	0	0	0	0	0	0	0	0		0
Johnny Mundt	TE	14	0	0	0	0	0	0	0	0	0	0	0	0	0	0		0
Zach Pascal	WR	14	0	0	0	0	0	0	0	0	0	0	0	0	0	0		0
Curtis Samuel	WR	14	0	0	0	1	0	15	0	2	0	0	0	0	0	0		0
George Kittle	TE	14	0	0	0	0	0	151	0	6	0	0	0	0	0	0		0
Aaron Jones	RB	14	0	0	0	73	1	11	0	2	0	0	0	0	0	0		0
Nick Mullens	QB	14	0	0	0	-2	0	0	0	0	0	0	0	0	0	0		0
Tim Patrick	WR	14	0	0	0	0	0	43	2	6	0	0	0	0	0	0		0
Pharaoh Brown	TE	14	0	0	0	0	0	6	0	1	0	0	0	0	0	0		0
Samaje Perine	RB	14	0	0	0	3	0	16	0	1	0	0	0	0	0	0		0
Mike Williams	WR	14	0	0	0	0	0	36	0	3	0	0	0	0	0	0		0
James Conner	RB	14	0	0	0	90	0	32	1	4	0	0	0	0	0	0		0
Mack Hollins	WR	14	0	0	0	0	0	57	1	4	0	0	0	0	0	0		0
Eric Saubert	TE	14	0	0	0	0	0	4	0	1	0	0	0	0	0	0		0
David Moore	WR	14	0	0	0	0	0	25	0	2	0	0	0	0	0	0		0
Cooper Rush	QB	14	183	2	1	5	0	0	0	0	0	0	0	0	0	0		0
Younghoe Koo	PK	14	0	0	0	0	0	0	0	0	0	0	0	0	0	0	20;29	1
Jake Elliott	PK	14	0	0	0	0	0	0	0	0	0	0	0	0	0	0		2
JuJu Smith-Schuster	WR	14	0	0	0	0	0	31	0	2	0	0	0	0	0	0		0
Jonnu Smith	TE	14	0	0	0	0	0	44	1	3	0	0	0	0	0	0		0
Patrick Mahomes	QB	14	210	1	0	17	0	0	0	0	0	0	0	0	0	0		0
Evan Engram	TE	14	0	0	0	0	0	33	0	4	0	0	0	0	0	0		0
David Njoku	TE	14	0	0	0	0	0	42	1	7	0	0	0	0	0	0		0
Zay Jones	WR	14	0	0	0	0	0	13	0	1	0	0	0	0	0	0		0
Alvin Kamara	RB	14	0	0	0	44	0	35	0	5	0	0	0	0	0	0		0
Cooper Kupp	WR	14	0	0	0	0	0	92	1	5	0	0	0	0	0	0		0
Kareem Hunt	RB	14	0	0	0	16	0	13	0	1	0	0	0	0	0	0		0
Jamaal Williams	RB	14	0	0	0	5	0	10	0	2	0	0	0	0	0	0		0
Jeff Wilson	RB	14	0	0	0	4	0	7	0	1	0	0	0	0	0	0		0
Will Dissly	TE	14	0	0	0	0	0	19	0	2	0	0	0	0	0	0		0
Daniel Carlson	PK	14	0	0	0	0	0	0	0	0	0	0	0	0	0	0	25;27	1
Eddy Pineiro	PK	14	0	0	0	0	0	0	0	0	0	0	0	0	0	0	38	1
Gus Edwards	RB	14	0	0	0	36	1	0	0	0	0	0	0	0	0	0		0
Tyler Conklin	TE	14	0	0	0	0	0	33	0	3	0	0	0	0	0	0		0
Marquez Valdes-Scantling	WR	14	0	0	0	0	0	51	0	4	0	0	0	0	0	0		0
Jordan Akins	TE	14	0	0	0	0	0	14	0	1	0	0	0	0	0	0		0
Ray-Ray McCloud	WR	14	0	0	0	3	0	98	0	8	0	0	0	0	0	0		0
Cedrick Wilson Jr.	WR	14	0	0	0	0	0	18	0	1	0	0	0	0	0	0		0
Trent Sherfield	WR	14	0	0	0	0	0	0	0	0	0	0	0	0	0	0		0
Allen Lazard	WR	14	0	0	0	0	0	18	0	1	0	0	0	0	0	0		0
Tanner Hudson	TE	14	0	0	0	0	0	19	0	1	0	0	0	0	0	0		0
DJ Chark	WR	14	0	0	0	0	0	9	0	1	0	0	0	0	0	0		0
Nick Chubb	RB	14	0	0	0	48	0	0	0	0	0	0	0	0	0	0		0
Jason Sanders	PK	14	0	0	0	0	0	0	0	0	0	0	0	0	0	0	39;24;57;52	0
Durham Smythe	TE	14	0	0	0	0	0	0	0	0	0	0	0	0	0	0		0
DJ Moore	WR	14	0	0	0	0	0	49	0	6	0	0	0	0	0	0		0
Mike Gesicki	TE	14	0	0	0	0	0	24	0	3	0	0	0	0	0	0		0
Calvin Ridley	WR	14	0	0	0	0	0	59	0	7	0	0	0	0	0	0		0
Saquon Barkley	RB	14	0	0	0	124	0	0	0	0	0	0	0	0	1	0		0
Baker Mayfield	QB	14	295	3	2	12	0	0	0	0	1	0	0	0	0	0		0
Josh Allen	QB	14	342	3	0	82	3	0	0	0	0	0	0	0	0	0		0
Dante Pettis	WR	14	0	0	0	0	0	0	0	0	0	0	0	0	0	0		0
Sam Darnold	QB	14	347	5	0	7	0	0	0	0	0	0	0	0	0	0		0
Jakobi Meyers	WR	14	0	0	0	0	0	67	0	7	0	0	0	0	0	0		0
Foster Moreau	TE	14	0	0	0	0	0	40	0	2	0	0	0	0	0	0		0
Matthew Wright	PK	14	0	0	0	0	0	0	0	0	0	0	0	0	0	0	47;33;50;31	1
Kyler Murray	QB	14	259	2	2	16	0	0	0	0	0	0	0	0	1	0		0
T.J. Hockenson	TE	14	0	0	0	0	0	45	0	4	0	0	0	0	0	0		0
Josh Oliver	TE	14	0	0	0	0	0	26	0	1	0	0	0	0	0	0		0
Devin Singletary	RB	14	0	0	0	8	0	0	0	0	0	0	0	0	0	0		0
Tony Pollard	RB	14	0	0	0	102	0	22	0	2	0	0	0	0	0	0		0
Scott Miller	WR	14	0	0	0	0	0	38	0	3	0	0	0	0	0	0		0
Chase McLaughlin	PK	14	0	0	0	0	0	0	0	0	0	0	0	0	0	0		4
Greg Dortch	WR	14	0	0	0	0	0	5	0	1	0	0	0	0	0	0		0
Darius Slayton	WR	14	0	0	0	0	0	27	0	2	0	0	0	0	0	0		0
Ty Johnson	RB	14	0	0	0	0	0	55	1	2	0	0	0	0	0	0		0
Travis Homer	RB	14	0	0	0	0	0	11	0	3	0	0	0	0	0	0		0
Drew Sample	TE	14	0	0	0	0	0	13	0	2	0	0	0	0	0	0		0
DK Metcalf	WR	14	0	0	0	0	0	49	0	4	0	0	0	0	0	0		0
Noah Fant	TE	14	0	0	0	0	0	18	0	3	0	0	0	0	0	0		0
A.J. Brown	WR	14	0	0	0	0	0	43	0	4	0	0	0	0	0	0		0
David Montgomery	RB	14	0	0	0	51	1	33	0	5	0	0	0	0	0	0		0
Dawson Knox	TE	14	0	0	0	0	0	5	0	1	0	0	0	0	0	0		0
Josh Jacobs	RB	14	0	0	0	66	3	0	0	0	0	0	0	0	0	0		0
Drew Lock	QB	14	227	0	1	59	0	0	0	0	0	0	0	1	0	0		0
Deebo Samuel Sr.	WR	14	0	0	0	13	0	22	0	2	0	0	0	0	0	0		0
Patrick Taylor	RB	14	0	0	0	25	1	0	0	0	0	0	0	0	0	0		0
Juwan Johnson	TE	14	0	0	0	0	0	50	1	4	0	0	0	0	0	0		0
James Proche	WR	14	0	0	0	0	0	18	0	2	0	0	0	0	0	0		0
Rico Dowdle	RB	14	0	0	0	131	0	10	0	1	0	0	0	0	0	0		0
Tyler Bass	PK	14	0	0	0	0	0	0	0	0	0	0	0	0	0	0		6
Mason Kinsey	WR	14	0	0	0	0	0	0	0	0	0	0	0	0	0	0		0
Nick Westbrook-Ikhine	WR	14	0	0	0	0	0	19	0	1	0	0	0	0	0	0		0
Tua Tagovailoa	QB	14	331	2	0	3	0	0	0	0	0	0	0	1	0	0		0
Colby Parkinson	TE	14	0	0	0	0	0	11	0	1	0	0	0	0	0	0		0
Collin Johnson	WR	14	0	0	0	0	0	6	0	1	0	0	0	0	0	0		0
Jauan Jennings	WR	14	0	0	0	0	0	90	2	7	0	0	0	0	0	0		0
Jordan Love	QB	14	206	1	0	23	0	0	0	0	0	0	0	0	0	0		0
D'Andre Swift	RB	14	0	0	0	38	0	2	0	1	0	0	0	0	0	0		0
Cole Kmet	TE	14	0	0	0	0	0	0	0	0	0	0	0	0	0	0		0
Darrynton Evans	RB	14	0	0	0	3	0	0	0	0	0	0	0	0	0	0		0
Darnell Mooney	WR	14	0	0	0	0	0	142	0	6	0	0	0	0	0	0		0
Justin Jefferson	WR	14	0	0	0	0	0	132	2	7	0	0	0	0	0	0		0
Devin Duvernay	WR	14	0	0	0	-7	0	8	0	3	0	0	0	0	0	0		0
Josiah Deguara	TE	14	0	0	0	0	0	0	0	0	0	0	0	0	0	0		0
Justin Herbert	QB	14	213	1	0	12	0	0	0	0	0	0	0	0	0	0		0
CeeDee Lamb	WR	14	0	0	0	1	0	93	1	6	0	0	0	0	0	0		0
Jalen Reagor	WR	14	0	0	0	0	0	4	0	1	0	0	0	0	0	0		0
Jalen Hurts	QB	14	108	2	0	59	1	0	0	0	0	0	0	0	0	0		0
Jerry Jeudy	WR	14	0	0	0	0	0	64	1	5	0	0	0	0	0	0		0
Tee Higgins	WR	14	0	0	0	0	0	23	0	2	0	0	0	0	0	0		0
Cam Akers	RB	14	0	0	0	37	0	0	0	0	0	0	0	0	0	0		0
Van Jefferson	WR	14	0	0	0	0	0	10	1	1	0	0	0	0	0	0		0
DeeJay Dallas	RB	14	0	0	0	0	0	0	0	0	0	0	0	0	0	0		0
Charlie Woerner	TE	14	0	0	0	0	0	11	0	1	0	0	0	0	0	0		0
Joe Burrow	QB	14	369	3	1	-2	0	0	0	0	0	0	0	0	0	0		0
Ke'Shawn Vaughn	RB	14	0	0	0	4	0	0	0	0	0	0	0	0	0	0		0
Kenny Yeboah	TE	14	0	0	0	0	0	0	0	0	0	0	0	0	0	0		0
Chuba Hubbard	RB	14	0	0	0	92	1	15	0	4	0	0	0	0	0	0		0
Jaylen Waddle	WR	14	0	0	0	0	0	99	0	9	0	0	0	0	0	1		0
Dee Eskridge	WR	14	0	0	0	0	0	0	0	0	0	0	0	0	0	0		0
Ihmir Smith-Marsette	WR	14	0	0	0	0	0	0	0	0	0	0	0	0	0	0		0
Noah Gray	TE	14	0	0	0	0	0	26	0	4	0	0	0	0	0	0		0
Brock Wright	TE	14	0	0	0	0	0	0	0	0	0	0	0	0	0	0		0
Kene Nwangwu	RB	14	0	0	0	0	0	0	0	0	0	0	0	0	0	0		0
Tutu Atwell	WR	14	0	0	0	0	0	45	0	3	0	0	0	0	0	0		0
Ben Skowronek	WR	14	0	0	0	0	0	0	0	0	0	0	0	0	0	0		0
Jaelon Darden	WR	14	0	0	0	0	0	0	0	0	0	0	0	0	0	0		0
Najee Harris	RB	14	0	0	0	53	1	0	0	0	0	0	0	0	0	0		0
Pat Freiermuth	TE	14	0	0	0	0	0	48	1	3	0	0	0	0	0	0		0
Ja'Marr Chase	WR	14	0	0	0	14	0	177	2	14	0	0	0	0	0	0		0
Khalil Herbert	RB	14	0	0	0	4	0	7	0	1	0	0	0	0	0	0		0
DeVonta Smith	WR	14	0	0	0	0	0	37	1	4	0	0	0	0	0	0		0
Kadarius Toney	WR	14	0	0	0	0	0	0	0	0	0	0	0	0	0	0		0
Kenny Gainwell	RB	14	0	0	0	26	0	7	0	2	0	0	0	0	0	0		0
Avery Williams	RB	14	0	0	0	0	0	0	0	0	0	0	0	0	0	0		0
Terrace Marshall Jr.	WR	14	0	0	0	0	0	6	0	1	0	0	0	0	0	0		0
Amon-Ra St. Brown	WR	14	0	0	0	10	0	43	0	5	0	0	0	0	0	0		0
Kyle Pitts	TE	14	0	0	0	0	0	14	0	1	0	0	0	0	0	0		0
Mac Jones	QB	14	220	0	2	3	0	0	0	0	0	0	0	0	0	0		0
Travis Etienne	RB	14	0	0	0	20	0	50	0	4	0	0	0	0	0	0		0
Elijah Moore	WR	14	0	0	0	0	0	34	0	3	0	0	0	0	0	0		0
Josh Palmer	WR	14	0	0	0	0	0	78	0	6	0	0	0	0	0	0		0
Hunter Long	TE	14	0	0	0	0	0	0	0	0	0	0	0	0	0	0		0
Tommy Tremble	TE	14	0	0	0	0	0	3	1	1	0	0	0	0	0	0		0
Grant Calcaterra	TE	14	0	0	0	0	0	16	1	3	0	0	0	0	0	0		0
Dareke Young	WR	14	0	0	0	0	0	0	0	0	0	0	0	0	0	0		0
Isiah Pacheco	RB	14	0	0	0	55	0	6	0	2	0	0	0	0	0	0		0
Cameron Dicker	PK	14	0	0	0	0	0	0	0	0	0	0	0	0	0	0	37	2
Jaylen Warren	RB	14	0	0	0	47	0	25	0	2	0	0	0	0	0	0		0
Kevin Austin Jr.	WR	14	0	0	0	0	0	5	0	1	0	0	0	0	0	0		0
Drake London	WR	14	0	0	0	0	0	70	0	5	0	0	0	0	0	0		0
Jameson Williams	WR	14	0	0	0	0	0	80	0	5	0	0	0	0	0	0		0
James Cook	RB	14	0	0	0	20	0	9	0	2	0	0	0	0	0	0		0
Rachaad White	RB	14	0	0	0	90	1	19	1	2	0	0	0	0	0	0		0
Khalil Shakir	WR	14	0	0	0	0	0	106	1	5	0	0	0	0	0	0		0
Tyler Allgeier	RB	14	0	0	0	63	1	0	0	0	0	0	0	0	0	0		0
Jerome Ford	RB	14	0	0	0	28	0	19	0	3	0	0	0	0	0	0		0
Ty Chandler	RB	14	0	0	0	0	0	0	0	0	0	0	0	0	0	0		0
Mike Woods	WR	14	0	0	0	0	0	12	0	1	0	0	0	0	0	0		0
Jalen Virgil	WR	14	0	0	0	0	0	0	0	0	0	0	0	0	0	0		0
Raheem Blackshear	RB	14	0	0	0	0	0	0	0	0	0	0	0	0	0	0		0
Stone Smartt	TE	14	0	0	0	0	0	54	0	3	0	0	0	0	0	0		0
Deven Thompkins	WR	14	0	0	0	0	0	7	0	1	0	0	0	0	0	0		0
Sincere McCormick	RB	14	0	0	0	78	0	11	0	2	0	0	0	0	0	0		0
Tucker Fisk	TE	14	0	0	0	0	0	0	0	1	0	0	0	0	0	0		0
Jalen Tolbert	WR	14	0	0	0	0	0	0	0	0	0	0	0	0	0	0		0
Brandon Aubrey	PK	14	0	0	0	0	0	0	0	0	0	0	0	0	0	0	35;47	2
Maurice Alexander	WR	14	0	0	0	0	0	0	0	0	0	0	0	0	0	0		0
Garrett Wilson	WR	14	0	0	0	0	0	114	0	7	0	0	0	0	0	0		0
Jahan Dotson	WR	14	0	0	0	0	0	5	0	1	0	0	0	0	0	0		0
Trey McBride	TE	14	0	0	0	0	0	70	0	7	0	0	0	0	0	0		0
KaVontae Turpin	WR	14	0	0	0	15	0	16	0	1	0	0	0	0	0	0		0
Jeremy Ruckert	TE	14	0	0	0	0	0	0	0	0	0	0	0	0	0	0		0
Chig Okonkwo	TE	14	0	0	0	0	0	8	0	3	0	0	0	0	0	0		0
Brock Purdy	QB	14	325	2	0	11	0	0	0	0	0	0	0	0	0	0		0
Calvin Austin III	WR	14	0	0	0	0	0	4	0	1	0	0	0	0	0	0		0
Kyren Williams	RB	14	0	0	0	87	2	10	0	2	0	0	0	0	0	0		0
Jake Ferguson	TE	14	0	0	0	0	0	32	0	3	0	0	0	0	0	0		0
Cade York	PK	14	0	0	0	0	0	0	0	0	0	0	0	0	0	0	37;29	3
Pierre Strong	RB	14	0	0	0	0	0	9	0	2	0	0	0	0	0	0		0
Daniel Bellinger	TE	14	0	0	0	0	0	45	0	5	0	0	0	0	0	0		0
Wan'Dale Robinson	WR	14	0	0	0	0	0	38	0	4	0	0	0	0	0	0		0
Desmond Ridder	QB	14	101	0	0	3	0	0	0	0	0	0	0	0	0	0		0
Christian Watson	WR	14	0	0	0	0	0	114	0	4	0	0	1	0	0	0		0
Cade Otton	TE	14	0	0	0	0	0	70	0	3	0	0	0	0	0	0		0
Xavier Smith	WR	14	0	0	0	0	0	0	0	0	0	0	0	0	0	0		0
Dontayvion Wicks	WR	14	0	0	0	0	0	49	0	4	0	0	0	0	0	0		0
Anders Carlson	PK	14	0	0	0	0	0	0	0	0	0	0	0	0	0	0	28;30;40;42	2
Tyson Bagent	QB	14	6	0	0	0	0	0	0	0	0	0	0	0	0	0		0
Bryce Ford-Wheaton	WR	14	0	0	0	0	0	0	0	0	0	0	0	0	0	0		0
Xavier Gipson	WR	14	0	0	0	0	0	0	0	0	0	0	0	0	0	0		0
Nikko Remigio	WR	14	0	0	0	0	0	0	0	0	0	0	0	0	0	0		0
Bijan Robinson	RB	14	0	0	0	92	1	9	0	2	0	0	0	0	1	0		0
Jaxon Smith-Njigba	WR	14	0	0	0	4	0	82	1	5	0	0	0	0	0	0		0
Quentin Johnston	WR	14	0	0	0	0	0	48	1	5	0	0	0	0	0	0		0
Luke Schoonmaker	TE	14	0	0	0	0	0	22	0	2	0	0	0	0	0	0		0
Kendre Miller	RB	14	0	0	0	32	1	0	0	0	0	0	0	0	0	0		0
Tank Bigsby	RB	14	0	0	0	55	1	7	0	1	0	0	0	0	0	0		0
Darnell Washington	TE	14	0	0	0	0	0	0	0	0	0	0	0	0	0	0		0
Michael Wilson	WR	14	0	0	0	0	0	57	1	2	0	0	0	0	0	0		0
Jake Moody	PK	14	0	0	0	0	0	0	0	0	0	0	0	0	0	0	23	5
Tre Tucker	WR	14	0	0	0	0	0	7	0	2	0	0	0	0	0	0		0
Chad Ryland	PK	14	0	0	0	0	0	0	0	0	0	0	0	0	0	0	28	1
Derius Davis	WR	14	0	0	0	0	0	1	0	2	0	0	0	0	0	0		0
Aidan O'Connell	QB	14	104	0	1	6	1	0	0	0	0	1	0	0	0	0		0
Josh Whyle	TE	14	0	0	0	0	0	31	0	2	0	0	0	0	0	0		0
Chase Brown	RB	14	0	0	0	58	0	65	1	6	0	0	0	0	0	0		0
Parker Washington	WR	14	0	0	0	0	0	15	0	2	0	0	0	0	0	0		0
Andrei Iosivas	WR	14	0	0	0	0	0	41	0	4	0	0	0	0	0	0		0
Kenny McIntosh	RB	14	0	0	0	38	0	7	0	2	0	0	0	0	0	0		0
Chris Brooks	RB	14	0	0	0	3	0	0	0	0	0	0	0	0	0	0		0
Emari Demercado	RB	14	0	0	0	0	0	15	0	4	0	0	0	0	0	0		0
Blake Whiteheart	TE	14	0	0	0	0	0	0	0	0	0	0	0	0	0	0		0
Julian Hill	TE	14	0	0	0	0	0	14	0	1	0	0	0	0	0	0		0
Princeton Fant	TE	14	0	0	0	0	0	0	0	0	0	0	0	0	0	0		0
Hunter Luepke	RB	14	0	0	0	0	0	5	0	1	0	0	0	0	0	0		0
Emanuel Wilson	RB	14	0	0	0	7	0	0	0	0	0	0	0	0	0	0		0
Ben Sims	TE	14	0	0	0	0	0	2	0	1	0	0	0	0	0	0		0
Rakim Jarrett	WR	14	0	0	0	0	0	0	0	0	0	0	0	0	0	0		0
Ryan Miller	WR	14	0	0	0	0	0	0	0	0	0	0	0	0	0	0		0
Blake Grupe	PK	14	0	0	0	0	0	0	0	0	0	0	0	0	0	0		2
Brenton Strange	TE	14	0	0	0	0	0	21	0	1	0	0	0	0	0	0		0
Jalin Hyatt	WR	14	0	0	0	0	0	0	0	0	0	0	0	0	0	0		0
Sean Tucker	RB	14	0	0	0	47	0	0	0	0	0	0	0	0	0	0		0
Jordan Addison	WR	14	0	0	0	0	0	133	3	8	0	0	0	0	0	0		0
Tucker Kraft	TE	14	0	0	0	0	0	41	1	3	0	0	0	0	0	0		0
Jake Haener	QB	14	0	0	0	-1	0	0	0	0	0	0	0	0	0	0		0
Tyjae Spears	RB	14	0	0	0	21	0	2	0	1	0	0	0	0	0	0		0
De'Von Achane	RB	14	0	0	0	24	1	45	0	6	0	0	0	0	0	0		0
Payne Durham	TE	14	0	0	0	0	0	0	0	0	0	0	0	0	0	0		0
Trey Palmer	WR	14	0	0	0	0	0	0	0	0	0	0	0	0	0	0		0
Jonathan Mingo	WR	14	0	0	0	0	0	0	0	0	0	0	0	0	0	0		0
Sam LaPorta	TE	14	0	0	0	0	0	54	0	5	0	0	0	0	0	0		0
Michael Mayer	TE	14	0	0	0	0	0	68	0	7	0	0	0	0	0	0		0
Puka Nacua	WR	14	0	0	0	16	1	162	1	12	0	0	0	0	0	0		0
Jahmyr Gibbs	RB	14	0	0	0	43	0	30	1	6	0	0	0	0	0	0		0
Jayden Reed	WR	14	0	0	0	0	0	0	0	0	0	0	0	0	0	0		0
Bryce Young	QB	14	191	1	1	29	0	0	0	0	0	0	0	0	0	0		0
Will Levis	QB	14	168	0	0	3	0	0	0	0	0	0	0	0	0	0		0
Zach Charbonnet	RB	14	0	0	0	134	2	59	0	7	0	0	0	0	0	0		0
Jake Bates	PK	14	0	0	0	0	0	0	0	0	0	0	0	0	0	0	43;35	4
Johnny Wilson	WR	14	0	0	0	0	0	0	0	0	0	0	0	0	0	0		0
George Holani	RB	14	0	0	0	0	0	-1	0	1	0	0	0	0	0	0		0
Baylor Cupp	TE	14	0	0	0	0	0	0	0	0	0	0	0	0	0	0		0
Malik Nabers	WR	14	0	0	0	0	0	79	0	5	0	0	0	0	0	1		0
Brock Bowers	TE	14	0	0	0	3	0	49	0	3	0	0	0	0	0	0		0
Xavier Legette	WR	14	0	0	0	0	0	39	0	2	0	0	0	0	0	0		0
Jonathon Brooks	RB	14	0	0	0	-3	0	0	0	0	0	0	0	0	0	0		0
Ja'Tavion Sanders	TE	14	0	0	0	0	0	0	0	0	0	0	0	0	0	0		0
Bucky Irving	RB	14	0	0	0	3	0	15	0	1	0	0	0	0	0	0		0
Isaac Guerendo	RB	14	0	0	0	78	2	50	0	2	0	0	0	0	0	0		0
Jacob Cowing	WR	14	0	0	0	0	0	0	0	0	0	0	0	0	0	0		0
Tyrone Tracy Jr.	RB	14	0	0	0	45	1	38	0	5	0	0	0	0	0	0		0
Keilan Robinson	RB	14	0	0	0	0	0	0	0	0	0	0	0	0	0	0		0
Kimani Vidal	RB	14	0	0	0	34	0	0	0	0	0	0	0	0	0	0		0
Will Reichard	PK	14	0	0	0	0	0	0	0	0	0	0	0	0	0	0		6
Cam Little	PK	14	0	0	0	0	0	0	0	0	0	0	0	0	0	0	23	1
Ryan Flournoy	WR	14	0	0	0	0	0	0	0	0	0	0	0	0	0	0		0
Isaiah Williams	WR	14	0	0	0	0	0	0	0	0	0	0	0	0	0	0		0
Brevyn Spann-Ford	TE	14	0	0	0	0	0	0	0	0	0	0	0	0	0	0		0
Ramel Keyton	WR	14	0	0	0	0	0	0	0	0	0	0	0	0	0	0		0
Dallin Holker	TE	14	0	0	0	0	0	10	0	1	0	0	0	0	0	0		0
David Martin-Robinson	TE	14	0	0	0	0	0	0	0	0	0	0	0	0	0	0		0
Bryce Oliver	WR	14	0	0	0	0	0	16	0	1	0	0	0	0	0	0		0
Tip Reiman	TE	14	0	0	0	0	0	14	0	1	0	0	0	0	0	0		0
Blake Corum	RB	14	0	0	0	34	0	0	0	0	0	0	0	0	0	0		0
Will Shipley	RB	14	0	0	0	0	0	0	0	0	0	0	0	0	0	0		0
Joshua Karty	PK	14	0	0	0	0	0	0	0	0	0	0	0	0	0	0	22	5
Jordan Whittington	WR	14	0	0	0	0	0	0	0	0	0	0	0	0	0	0		0
AJ Barner	TE	14	0	0	0	0	0	13	0	1	0	0	0	0	0	0		0
Braelon Allen	RB	14	0	0	0	43	0	38	0	4	0	0	0	0	0	0		0
Isaiah Davis	RB	14	0	0	0	40	1	27	0	3	0	0	0	0	0	0		0
Marvin Harrison Jr.	WR	14	0	0	0	0	0	49	0	4	0	0	0	0	0	0		0
Jalen McMillan	WR	14	0	0	0	0	0	59	2	4	0	0	0	0	0	0		0
Jaylen Wright	RB	14	0	0	0	7	0	6	0	2	0	0	0	0	0	0		0
Ray Davis	RB	14	0	0	0	0	0	0	0	0	0	0	0	0	0	0		0
Malik Washington	WR	14	0	0	0	0	0	0	0	0	0	0	0	0	0	0		0
Brian Thomas Jr.	WR	14	0	0	0	0	0	86	0	8	0	0	0	0	0	0		0
Xavier Worthy	WR	14	0	0	0	5	0	41	0	5	0	0	0	0	0	0		0
Ricky Pearsall	WR	14	0	0	0	0	0	5	0	1	0	0	0	0	0	0		0
Caleb Williams	QB	14	134	2	0	27	0	0	0	0	1	0	0	0	0	0		0
Rome Odunze	WR	14	0	0	0	0	0	42	2	4	0	0	0	0	0	0		0
Trey Benson	RB	14	0	0	0	15	0	4	0	1	0	0	0	0	0	0		0
