player_display_name	position	week	passing_yards	passing_tds	passing_interceptions	rushing_yards	rushing_tds	receiving_yards	receiving_tds	receptions	sack_fumbles_lost	rushing_fumbles_lost	receiving_fumbles_lost	passing_2pt_conversions	rushing_2pt_conversions	receiving_2pt_conversions
Tom Brady	QB	1	341	3	0	0	0	0	0	0	0	0	0	0	0	0
Drew Brees	QB	1	370	2	1	0	0	0	0	0	0	0	0	0	0	0
Jason Witten	TE	1	0	0	0	0	0	15	1	3	0	0	0	0	0	0
Eli Manning	QB	1	306	1	0	6	0	0	0	0	1	0	0	0	0	0
Larry Fitzgerald	WR	1	0	0	0	0	0	113	1	8	0	0	0	0	0	0
Ben Roethlisberger	QB	1	276	0	1	7	0	0	0	0	0	0	0	0	0	0
Philip Rivers	QB	1	333	3	1	6	0	0	0	0	0	0	0	0	0	0
Aaron Rodgers	QB	1	203	1	0	8	0	0	0	0	0	0	0	0	0	0
Frank Gore	RB	1	0	0	0	20	0	0	0	0	0	0	0	0	0	0
Darren Sproles	RB	1	0	0	0	47	0	16	0	3	0	0	0	0	1	0
Ryan Fitzpatrick	QB	1	185	1	1	8	0	0	0	0	0	0	0	0	0	0
Vernon Davis	TE	1	0	0	0	0	0	59	1	4	0	0	0	0	0	0
Marcedes Lewis	TE	1	0	0	0	0	0	14	0	2	0	0	0	0	0	0
Delanie Walker	TE	1	0	0	0	0	0	55	2	5	0	0	0	0	0	0
Ted Ginn	WR	1	0	0	0	0	0	101	0	7	0	0	0	0	0	0
Greg Olsen	TE	1	0	0	0	0	0	36	0	4	0	0	0	0	0	0
Matt Moore	QB	1	0	0	0	-1	0	0	0	0	0	0	0	0	0	0
Danny Amendola	WR	1	0	0	0	0	0	104	1	7	0	0	0	0	0	0
Matt Ryan	QB	1	304	2	2	24	0	0	0	0	0	0	0	0	0	0
Joe Flacco	QB	1	268	1	0	1	0	0	0	0	0	0	0	0	0	0
DeSean Jackson	WR	1	0	0	0	0	0	154	2	8	0	0	0	0	0	0
Matthew Stafford	QB	1	385	3	0	22	0	0	0	0	1	0	0	0	0	0
LeSean McCoy	RB	1	0	0	0	81	0	12	0	1	0	0	0	0	0	0
Jared Cook	TE	1	0	0	0	0	0	37	0	2	0	0	0	0	0	0
Julian Edelman	WR	1	32	0	0	8	0	83	0	6	0	0	0	0	0	0
Emmanuel Sanders	WR	1	0	0	0	0	0	86	1	5	0	0	0	0	0	0
Jimmy Graham	TE	1	0	0	0	0	0	30	1	3	0	0	0	0	0	0
Cam Newton	QB	1	239	0	1	-2	0	0	0	0	0	1	0	0	0	0
Julio Jones	WR	1	0	0	0	0	0	31	1	6	0	0	0	0	0	0
Mark Ingram	RB	1	0	0	0	107	2	0	0	0	0	0	0	0	0	0
Andy Dalton	QB	1	418	2	0	0	0	0	0	0	2	0	0	0	0	0
Kyle Rudolph	TE	1	0	0	0	0	0	0	0	0	0	0	0	0	0	0
Randall Cobb	WR	1	0	0	0	0	0	69	1	4	0	0	0	0	0	0
Luke Stocker	TE	1	0	0	0	0	0	0	0	0	0	0	0	0	0	0
Taiwan Jones	RB	1	0	0	0	0	0	0	0	0	0	0	0	0	0	0
Dion Lewis	RB	1	0	0	0	7	0	6	0	3	0	0	0	0	0	0
Lee Smith	TE	1	0	0	0	0	0	0	0	0	0	0	0	0	0	0
Charles Clay	TE	1	0	0	0	0	0	5	0	1	0	0	0	0	0	0
Dwayne Harris	WR	1	0	0	0	0	0	7	0	1	0	0	0	0	0	0
Tyrod Taylor	QB	1	0	0	0	0	0	0	0	0	0	0	0	0	0	0
Virgil Green	TE	1	0	0	0	0	0	4	0	1	0	0	0	0	0	0
Chris Hogan	WR	1	0	0	0	0	0	0	0	0	0	0	0	0	0	0
Dontrelle Inman	WR	1	0	0	0	0	0	5	0	1	0	0	0	0	0	0
Patrick DiMarco	RB	1	0	0	0	0	0	9	0	2	0	0	0	0	0	0
Case Keenum	QB	1	380	3	0	0	0	0	0	0	0	0	0	0	0	0
Cole Beasley	WR	1	0	0	0	0	0	40	0	5	0	0	0	0	0	0
Alshon Jeffery	WR	1	0	0	0	2	1	49	1	5	0	0	0	0	0	0
Brandon Bolden	RB	1	0	0	0	7	0	0	0	0	0	0	0	0	0	0
Russell Wilson	QB	1	195	2	0	8	0	0	0	0	0	0	0	0	0	0
Travis Benjamin	WR	1	0	0	0	0	0	12	0	2	0	0	0	0	0	0
Marvin Jones	WR	1	0	0	0	4	0	56	0	4	0	0	0	0	0	0
Josh Bellamy	WR	1	0	0	0	0	0	15	0	1	0	0	0	0	0	0
Jamize Olawale	RB	1	0	0	0	0	0	0	0	0	0	0	0	0	0	0
Nick Foles	QB	1	75	1	0	0	0	0	0	0	0	0	0	0	0	0
Jarius Wright	WR	1	0	0	0	0	0	14	0	1	0	0	0	0	0	0
Rhett Ellison	TE	1	0	0	0	0	0	8	0	1	0	0	0	0	0	0
Kirk Cousins	QB	1	98	1	0	4	1	0	0	0	0	0	0	0	0	0
T.Y. Hilton	WR	1	0	0	0	0	0	87	2	8	0	0	0	0	0	0
Mohamed Sanu	WR	1	0	0	0	0	0	57	0	5	0	0	0	0	0	0
Josh Gordon	WR	1	0	0	0	0	0	73	1	3	0	0	0	0	0	0
Robert Griffin III	QB	1	55	1	0	9	0	0	0	0	0	0	0	0	0	0
Ryan Tannehill	QB	1	0	0	0	-2	0	0	0	0	0	0	0	0	0	0
Darren Fells	TE	1	0	0	0	0	0	0	0	0	0	0	0	0	0	0
C.J. Anderson	RB	1	0	0	0	35	0	0	0	0	0	0	0	0	0	0
Adam Thielen	WR	1	0	0	0	0	0	43	1	3	0	0	0	0	0	0
Zach Ertz	TE	1	0	0	0	0	0	54	0	5	0	0	0	0	0	0
Marquise Goodwin	WR	1	0	0	0	0	0	7	0	1	0	0	0	0	0	0
Kenny Stills	WR	1	0	0	0	0	0	37	1	3	0	0	0	0	0	0
Ryan Griffin	TE	1	0	0	0	0	0	10	0	3	0	0	0	0	0	0
Demetrius Harris	TE	1	0	0	0	0	0	0	0	0	0	0	0	0	0	0
Jack Doyle	TE	1	0	0	0	0	0	20	0	1	0	0	0	0	0	0
Josh Hill	TE	1	0	0	0	0	0	-2	0	1	0	0	0	0	0	0
Keenan Allen	WR	1	0	0	0	0	0	123	1	8	0	0	0	0	0	0
Rex Burkhead	RB	1	0	0	0	44	0	41	0	5	0	0	0	0	0	0
Chris Thompson	RB	1	0	0	0	10	0	68	0	7	0	0	0	0	0	0
Robert Woods	WR	1	0	0	0	16	0	70	0	8	0	0	0	0	0	0
Giovani Bernard	RB	1	0	0	0	21	0	42	0	2	0	0	0	0	0	0
Kenjon Barner	RB	1	0	0	0	0	0	0	0	0	0	0	0	0	0	0
Vance McDonald	TE	1	0	0	0	0	0	40	0	2	0	0	0	0	0	0
Le'Veon Bell	RB	1	0	0	0	60	0	32	1	6	0	0	0	0	0	1
Travis Kelce	TE	1	0	0	0	0	0	88	0	3	0	0	0	0	0	0
Latavius Murray	RB	1	0	0	0	43	1	4	0	2	0	0	0	0	0	0
Tavon Austin	WR	1	0	0	0	0	0	8	0	1	0	0	0	0	0	0
Tyler Eifert	TE	1	0	0	0	0	0	27	0	5	0	0	0	0	0	0
DeAndre Hopkins	WR	1	0	0	0	0	0	111	2	8	0	0	0	0	0	0
Cordarrelle Patterson	RB	1	0	0	0	-2	0	3	0	1	0	0	0	0	0	0
Willie Snead	WR	1	0	0	0	0	0	41	1	2	0	0	0	0	0	0
Albert Wilson	WR	1	0	0	0	1	0	13	0	2	0	0	0	0	0	0
Bennie Fowler	WR	1	0	0	0	0	0	40	0	5	0	0	0	0	0	0
David Fluellen	RB	1	0	0	0	0	0	0	0	0	0	0	0	0	0	0
Allen Hurns	WR	1	0	0	0	0	0	22	0	1	0	0	0	0	0	0
Damien Williams	RB	1	0	0	0	26	1	39	0	6	0	0	0	0	0	0
Quincy Enunwa	WR	1	0	0	0	0	0	-4	0	1	0	0	0	0	0	0
Carlos Hyde	RB	1	0	0	0	83	0	2	0	1	0	0	0	0	0	0
John Brown	WR	1	0	0	0	0	0	123	1	7	0	0	0	0	0	0
James White	RB	1	0	0	0	26	0	56	0	5	0	0	0	0	0	0
Ryan Grant	WR	1	0	0	0	0	0	16	0	3	0	0	0	0	0	0
Seth Roberts	WR	1	0	0	0	0	0	10	0	1	0	0	0	0	0	0
Taylor Gabriel	WR	1	0	0	0	0	0	24	0	2	0	0	0	0	0	0
Odell Beckham Jr.	WR	1	0	0	0	0	0	71	0	7	0	0	0	0	0	0
Brandin Cooks	WR	1	0	0	0	0	0	39	0	2	0	0	0	0	0	0
Paul Richardson	WR	1	0	0	0	0	0	36	0	4	0	0	0	0	0	0
Cameron Brate	TE	1	0	0	0	0	0	8	0	2	0	0	0	0	0	0
Derek Carr	QB	1	259	1	0	2	0	0	0	0	0	0	0	0	0	0
Devonta Freeman	RB	1	0	0	0	19	0	12	0	3	0	1	0	0	0	0
Diontae Spencer	WR	1	0	0	0	0	0	0	0	0	0	0	0	0	0	0
Sammy Watkins	WR	1	0	0	0	0	0	198	3	9	0	0	0	0	0	0
Donte Moncrief	WR	1	0	0	0	0	0	7	0	3	0	0	0	0	0	0
Cody Latimer	WR	1	0	0	0	0	0	74	0	3	0	0	0	0	0	0
Jimmy Garoppolo	QB	1	166	1	1	-2	0	0	0	0	0	0	0	1	0	0
Davante Adams	WR	1	0	0	0	0	0	36	0	4	0	0	0	0	0	0
Jarvis Landry	WR	1	0	0	0	10	0	67	0	4	0	0	0	0	0	0
Eric Ebron	TE	1	0	0	0	0	0	8	0	1	0	0	0	0	0	0
Mike Evans	WR	1	0	0	0	0	0	28	0	2	0	0	0	0	0	0
Allen Robinson	WR	1	0	0	0	0	0	102	0	7	0	0	0	0	0	0
Chris Manhertz	TE	1	0	0	0	0	0	0	0	0	0	0	0	0	0	0
Jameis Winston	QB	1	194	1	3	13	0	0	0	0	0	0	0	0	0	0
Amari Cooper	WR	1	0	0	0	0	0	106	1	6	0	0	0	0	0	0
DeVante Parker	WR	1	0	0	0	0	0	75	0	3	0	0	0	0	0	0
Nelson Agholor	WR	1	0	0	0	0	0	11	0	2	0	0	0	0	0	0
Maxx Williams	TE	1	0	0	0	0	0	15	0	1	0	0	0	0	0	0
Justin Hardy	WR	1	0	0	0	0	0	41	0	4	0	0	0	0	0	0
MyCole Pruitt	TE	1	0	0	0	0	0	0	0	0	0	0	0	0	0	0
Stefon Diggs	WR	1	0	0	0	0	0	37	0	2	0	0	0	0	0	0
Nick Boyle	TE	1	0	0	0	0	0	26	0	3	0	0	0	0	0	0
Darren Waller	TE	1	0	0	0	0	0	70	0	7	0	0	0	0	0	0
Raheem Mostert	RB	1	0	0	0	40	0	0	0	1	0	0	0	0	0	0
DeAndre Carter	WR	1	0	0	0	0	0	-1	0	1	0	0	0	0	0	0
Malcolm Brown	RB	1	0	0	0	53	2	0	0	0	0	0	0	0	0	0
Damiere Byrd	WR	1	0	0	0	0	0	42	0	4	0	0	0	0	0	0
Jamison Crowder	WR	1	0	0	0	4	0	99	0	14	0	0	0	0	0	0
James O'Shaughnessy	TE	1	0	0	0	0	0	32	0	4	0	0	0	0	0	0
Darius Jennings	WR	1	0	0	0	0	0	0	0	0	0	0	0	0	0	0
Adam Humphries	WR	1	0	0	0	0	0	5	0	1	0	0	0	0	0	0
Breshad Perriman	WR	1	0	0	0	0	0	10	0	2	0	0	0	0	0	0
Devin Funchess	WR	1	0	0	0	0	0	32	0	3	0	0	0	0	0	0
Tevin Coleman	RB	1	0	0	0	23	0	33	0	2	0	0	0	0	0	0
Blake Bell	TE	1	0	0	0	0	0	7	0	1	0	0	0	0	0	0
Mike Davis	RB	1	0	0	0	19	0	17	0	6	0	0	0	0	0	0
Ameer Abdullah	RB	1	0	0	0	8	0	0	0	0	0	0	0	0	0	0
Chris Conley	WR	1	0	0	0	0	0	97	1	6	0	0	0	0	0	0
C.J. Uzomah	TE	1	0	0	0	0	0	66	0	4	0	0	0	0	0	0
Jesse James	TE	1	0	0	0	0	0	15	0	1	0	0	0	0	0	0
Geoff Swaim	TE	1	0	0	0	0	0	17	0	4	0	0	0	0	0	0
Tyrell Williams	WR	1	0	0	0	0	0	105	1	6	0	0	0	0	0	0
David Johnson	RB	1	0	0	0	82	0	55	1	6	0	0	0	0	0	0
Ty Montgomery	WR	1	0	0	0	4	0	0	0	0	0	0	0	0	0	0
Phillip Dorsett	WR	1	0	0	0	0	0	95	2	4	0	0	0	0	0	0
Tyler Lockett	WR	1	0	0	0	0	0	44	1	1	0	0	0	0	0	0
Todd Gurley	RB	1	0	0	0	97	0	4	0	1	0	0	0	0	0	0
Duke Johnson	RB	1	0	0	0	57	0	33	0	4	0	0	0	0	0	0
Marcus Mariota	QB	1	248	3	0	24	0	0	0	0	0	0	0	0	0	0
Chester Rogers	WR	1	0	0	0	0	0	0	0	0	0	0	0	0	0	0
Sterling Shepard	WR	1	0	0	0	0	0	42	0	6	0	0	0	0	0	0
Austin Hooper	TE	1	0	0	0	0	0	77	0	9	0	0	0	0	0	0
Nick Vannett	TE	1	0	0	0	0	0	16	0	2	0	0	0	0	0	0
Tyler Ervin	RB	1	0	0	0	0	0	0	0	0	0	0	0	0	0	0
Trevor Davis	WR	1	0	0	0	0	0	28	0	1	0	0	0	0	0	0
Alex Erickson	WR	1	0	0	0	0	0	28	0	4	0	0	0	0	0	0
J.D. McKissic	RB	1	0	0	0	0	0	24	0	2	0	0	0	0	0	0
Robbie Chosen	WR	1	0	0	0	0	0	23	0	3	0	0	0	0	0	0
Peyton Barber	RB	1	0	0	0	33	0	12	0	2	0	0	0	0	0	0
Derrick Henry	RB	1	0	0	0	84	1	75	1	1	0	0	0	0	0	0
Michael Thomas	WR	1	0	0	0	0	0	123	0	10	0	0	0	0	0	0
Demarcus Robinson	WR	1	0	0	0	0	0	0	0	1	0	0	0	0	0	0
Tajae Sharpe	WR	1	0	0	0	0	0	0	0	0	0	0	0	0	0	0
Jordan Howard	RB	1	0	0	0	44	0	11	0	2	0	0	0	0	0	0
Jakeem Grant	WR	1	0	0	0	0	0	-3	0	1	0	0	0	0	0	0
Cody Core	WR	1	0	0	0	0	0	0	0	0	0	0	0	0	0	0
Johnny Holton	WR	1	0	0	0	0	0	0	0	0	0	0	0	0	0	0
DeAndre Washington	RB	1	0	0	0	8	0	0	0	0	0	0	0	0	0	0
Carson Wentz	QB	1	313	3	0	5	0	0	0	0	0	0	0	0	0	0
Rashard Higgins	WR	1	0	0	0	0	0	46	0	2	0	0	0	0	0	0
J.P. Holtz	TE	1	0	0	0	0	0	0	0	0	0	0	0	0	0	0
Tyler Boyd	WR	1	0	0	0	3	0	60	0	8	0	0	0	0	0	0
Jalen Richard	RB	1	0	0	0	3	0	0	0	0	0	0	0	0	0	0
Tyreek Hill	WR	1	0	0	0	5	0	16	0	2	0	0	0	0	0	0
Ezekiel Elliott	RB	1	0	0	0	53	1	10	0	1	0	0	0	0	0	0
Dak Prescott	QB	1	405	4	0	12	0	0	0	0	0	0	0	0	0	0
Hunter Henry	TE	1	0	0	0	0	0	60	0	4	0	0	0	0	0	0
Jared Goff	QB	1	186	1	1	0	0	0	0	0	0	0	0	0	0	0
Tyler Higbee	TE	1	0	0	0	0	0	20	1	4	0	0	0	0	0	0
Kenyan Drake	RB	1	0	0	0	12	0	15	0	2	0	0	0	0	0	0
Jacoby Brissett	QB	1	190	2	0	9	0	0	0	0	0	0	0	0	0	0
Will Fuller	WR	1	0	0	0	0	0	69	0	2	0	0	0	0	0	0
Mo Alie-Cox	TE	1	0	0	0	0	0	3	0	1	0	0	0	0	0	0
Zach Pascal	WR	1	0	0	0	0	0	0	0	0	0	0	0	0	0	0
JoJo Natson	WR	1	0	0	0	0	0	0	0	0	0	0	0	0	0	0
Christian McCaffrey	RB	1	0	0	0	128	2	81	0	10	0	0	0	0	0	0
Curtis Samuel	WR	1	0	0	0	0	0	32	0	3	0	0	0	0	0	0
George Kittle	TE	1	0	0	0	0	0	54	0	8	0	0	0	0	0	0
Aaron Jones	RB	1	0	0	0	39	0	0	0	1	0	0	0	0	0	0
Alex Armah	RB	1	0	0	0	1	1	0	0	0	0	0	0	0	0	0
Kendrick Bourne	WR	1	0	0	0	0	0	9	0	1	0	0	0	0	0	0
Matt Breida	RB	1	0	0	0	37	0	0	0	0	0	0	0	0	0	0
Cethan Carter	TE	1	0	0	0	0	0	0	0	0	0	0	0	0	0	0
Taysom Hill	TE	1	0	0	0	8	0	9	1	1	0	0	0	0	0	0
Tim Patrick	WR	1	0	0	0	0	0	0	0	0	0	0	0	0	0	0
Patrick Ricard	RB	1	0	0	0	0	0	1	1	1	0	0	0	0	0	0
Bobo Wilson	WR	1	0	0	0	0	0	0	0	0	0	0	0	0	0	0
Pharaoh Brown	TE	1	0	0	0	0	0	0	0	0	0	0	0	0	0	0
John Ross	WR	1	0	0	0	0	0	158	2	7	0	0	0	0	0	0
Samaje Perine	RB	1	0	0	0	0	0	0	0	0	0	0	0	0	0	0
Jeremy Sprinkle	TE	1	0	0	0	0	0	8	0	1	0	0	0	0	0	0
Mike Williams	WR	1	0	0	0	0	0	29	0	2	0	0	0	0	0	0
Deshaun Watson	QB	1	268	3	1	40	1	0	0	0	0	0	0	0	0	0
James Conner	RB	1	0	0	0	21	0	44	0	4	0	0	0	0	0	0
Tarik Cohen	RB	1	0	0	0	0	0	49	0	8	0	0	0	0	0	0
Ryan Switzer	WR	1	0	0	0	0	0	29	0	6	0	0	0	0	0	0
Jamal Agnew	WR	1	0	0	0	0	0	0	0	0	0	0	0	0	0	0
Chris Carson	RB	1	0	0	0	46	1	34	1	6	0	0	1	0	0	0
Blake Jarwin	TE	1	0	0	0	0	0	39	1	3	0	0	0	0	0	0
Keelan Cole	WR	1	0	0	0	0	0	0	0	0	0	0	0	0	0	0
Austin Ekeler	RB	1	0	0	0	58	1	96	2	6	0	0	0	0	0	0
Robert Tonyan	TE	1	0	0	0	0	0	28	0	1	0	0	0	0	0	0
T.J. Logan	RB	1	0	0	0	0	0	0	0	0	0	0	0	0	0	0
Dede Westbrook	WR	1	0	0	0	2	0	30	1	5	0	0	0	0	0	0
Dare Ogunbowale	RB	1	0	0	0	0	0	33	0	4	0	0	0	0	0	0
Leonard Fournette	RB	1	0	0	0	66	0	28	0	4	0	0	1	0	0	0
JuJu Smith-Schuster	WR	1	0	0	0	0	0	78	0	6	0	0	0	0	0	0
Jonnu Smith	TE	1	0	0	0	10	0	7	0	1	0	0	0	0	0	0
Mitchell Trubisky	QB	1	228	0	1	11	0	0	0	0	0	0	0	0	0	0
Corey Davis	WR	1	0	0	0	0	0	0	0	0	0	0	0	0	0	0
Patrick Mahomes	QB	1	378	3	0	2	0	0	0	0	0	0	0	0	0	0
O.J. Howard	TE	1	0	0	0	0	0	32	0	4	0	0	1	0	0	0
Evan Engram	TE	1	0	0	0	0	0	116	1	11	0	0	0	0	0	0
David Njoku	TE	1	0	0	0	0	0	37	1	4	0	0	0	0	0	0
Zay Jones	WR	1	0	0	0	0	0	18	0	2	0	0	0	0	0	0
Dalvin Cook	RB	1	0	0	0	111	2	9	0	2	0	0	0	0	0	0
Gerald Everett	TE	1	0	0	0	0	0	7	0	1	0	0	0	0	0	0
Adam Shaheen	TE	1	0	0	0	0	0	6	0	1	0	0	0	0	0	0
Joe Mixon	RB	1	0	0	0	10	0	7	0	2	0	0	0	0	0	0
Alvin Kamara	RB	1	0	0	0	97	0	72	0	7	0	0	0	0	0	0
Cooper Kupp	WR	1	0	0	0	0	0	46	0	7	0	0	0	0	0	0
Chris Godwin Jr.	WR	1	0	0	0	0	0	53	1	3	0	0	0	0	0	0
Kenny Golladay	WR	1	0	0	0	0	0	42	1	4	0	0	0	0	0	0
Josh Reynolds	WR	1	0	0	0	0	0	0	0	0	0	0	0	0	0	0
Jamaal Williams	RB	1	0	0	0	0	0	15	0	2	0	0	0	0	0	0
Wayne Gallman	RB	1	0	0	0	17	1	24	0	3	0	0	0	0	0	0
Marlon Mack	RB	1	0	0	0	174	1	0	0	0	0	0	0	0	1	0
Phillip Lindsay	RB	1	0	0	0	43	0	23	0	4	0	0	0	0	0	0
Will Dissly	TE	1	0	0	0	0	0	12	0	1	0	0	0	0	0	0
Gus Edwards	RB	1	0	0	0	56	0	0	0	0	0	0	0	0	0	0
Dontrell Hilliard	RB	1	0	0	0	4	1	14	0	1	0	0	0	0	0	0
Marquez Valdes-Scantling	WR	1	0	0	0	0	0	52	0	4	0	0	0	0	0	0
Damion Ratley	WR	1	0	0	0	0	0	17	0	2	0	0	0	0	0	0
Richie James	WR	1	0	0	0	0	0	39	1	1	0	0	0	0	0	0
Chad Beebe	WR	1	0	0	0	0	0	9	0	1	0	0	0	0	0	0
Jaylen Samuels	RB	1	0	0	0	4	0	2	0	1	0	0	0	0	0	0
Trey Quinn	WR	1	0	0	0	0	0	33	1	4	0	0	0	0	0	0
Josh Rosen	QB	1	5	0	1	0	0	0	0	0	0	0	0	0	0	0
Courtland Sutton	WR	1	0	0	0	0	0	120	0	7	0	0	0	0	0	0
Kerryon Johnson	RB	1	0	0	0	49	0	13	0	2	0	0	0	0	0	0
Dallas Goedert	TE	1	0	0	0	0	0	16	0	2	0	0	0	0	0	0
Anthony Miller	WR	1	0	0	0	0	0	0	0	0	0	0	0	0	0	0
Derrius Guice	RB	1	0	0	0	18	0	20	0	3	0	0	0	0	0	0
Jordan Akins	TE	1	0	0	0	0	0	17	0	1	0	0	0	0	0	0
Ian Thomas	TE	1	0	0	0	0	0	0	0	0	0	0	0	0	0	0
Nyheim Hines	RB	1	0	0	0	13	0	4	0	4	0	0	0	0	0	0
DaeSean Hamilton	WR	1	0	0	0	0	0	5	0	2	0	0	0	0	0	0
Ito Smith	RB	1	0	0	0	31	0	9	0	1	0	0	0	0	0	0
Deon Cain	WR	1	0	0	0	0	0	35	0	2	0	0	0	0	0	0
Ray-Ray McCloud	WR	1	0	0	0	0	0	0	0	0	0	0	0	0	0	0
Russell Gage	WR	1	0	0	0	-1	0	13	0	1	0	0	0	0	0	0
Braxton Berrios	WR	1	0	0	0	0	0	0	0	0	0	0	0	0	0	0
Javon Wims	WR	1	0	0	0	0	0	0	0	0	0	0	0	0	0	0
Nick Bawden	RB	1	0	0	0	0	0	0	0	1	0	0	0	0	0	0
Ryan Izzo	TE	1	0	0	0	0	0	3	0	1	0	0	0	0	0	0
Justin Jackson	RB	1	0	0	0	57	0	4	0	1	0	0	0	0	0	0
Buddy Howell	RB	1	0	0	0	0	0	0	0	0	0	0	0	0	0	0
Trent Sherfield	WR	1	0	0	0	0	0	0	0	0	0	0	0	0	0	0
Reggie Bonnafon	RB	1	0	0	0	0	0	0	0	0	0	0	0	0	0	0
James Washington	WR	1	0	0	0	0	0	51	0	2	0	0	0	0	0	0
Mark Walton	RB	1	0	0	0	1	0	0	0	0	0	0	0	0	0	0
Chase Edmonds	RB	1	0	0	0	5	0	0	0	0	0	0	0	0	0	0
Rashaad Penny	RB	1	0	0	0	18	0	0	0	0	0	0	0	0	0	0
Mark Andrews	TE	1	0	0	0	0	0	108	1	8	0	0	0	0	0	0
Michael Gallup	WR	1	0	0	0	0	0	158	0	7	0	0	0	0	0	0
Tre'Quan Smith	WR	1	0	0	0	0	0	26	1	2	0	0	0	0	0	0
Christian Kirk	WR	1	0	0	0	12	0	32	0	4	0	0	0	0	0	1
DJ Chark	WR	1	0	0	0	0	0	146	1	4	0	0	0	0	0	0
Nick Chubb	RB	1	0	0	0	75	0	10	0	3	0	0	0	0	0	0
Lamar Jackson	QB	1	324	5	0	6	0	0	0	0	0	0	0	0	0	0
Kalen Ballage	RB	1	0	0	0	-1	0	13	0	1	0	0	0	0	0	0
Ronald Jones	RB	1	0	0	0	75	0	18	0	1	0	0	0	0	0	0
DJ Moore	WR	1	0	0	0	0	0	76	0	7	0	0	1	0	0	0
Mike Gesicki	TE	1	0	0	0	0	0	31	0	2	0	0	0	0	0	0
Hayden Hurst	TE	1	0	0	0	0	0	41	0	3	0	0	0	0	0	0
Calvin Ridley	WR	1	0	0	0	0	0	64	1	4	0	0	0	0	0	0
Royce Freeman	RB	1	0	0	0	56	0	5	0	1	0	0	0	0	0	0
Saquon Barkley	RB	1	0	0	0	120	0	19	0	4	0	0	0	0	0	0
Sony Michel	RB	1	0	0	0	14	0	0	0	0	0	0	0	0	0	0
KhaDarel Hodge	WR	1	0	0	0	0	0	0	0	0	0	0	0	0	0	0
Baker Mayfield	QB	1	285	1	3	0	0	0	0	0	0	0	0	0	0	0
Josh Allen	QB	1	254	1	2	38	1	0	0	0	1	1	0	0	0	0
Dante Pettis	WR	1	0	0	0	0	0	7	0	1	0	0	0	0	0	0
Sam Darnold	QB	1	175	1	0	0	0	0	0	0	0	0	0	1	0	0
Steven Sims	WR	1	0	0	0	0	0	0	0	0	0	0	0	0	0	0
Jakobi Meyers	WR	1	0	0	0	0	0	22	0	1	0	0	0	0	0	0
Alexander Mattison	RB	1	0	0	0	49	0	0	0	0	0	0	0	0	0	0
Justice Hill	RB	1	0	0	0	27	0	0	0	0	0	0	0	0	0	0
Foster Moreau	TE	1	0	0	0	0	0	20	0	2	0	0	0	0	0	0
Hunter Renfrow	WR	1	0	0	0	0	0	13	0	2	0	0	0	0	0	0
Mecole Hardman	WR	1	0	0	0	0	0	0	0	0	0	0	0	0	0	0
Darwin Thompson	RB	1	0	0	0	0	0	3	0	1	0	0	0	0	0	0
Deonte Harty	WR	1	0	0	0	0	0	0	0	0	0	0	0	0	0	0
Diontae Johnson	WR	1	0	0	0	0	0	25	0	3	0	0	0	0	0	0
Kyler Murray	QB	1	308	2	1	13	0	0	0	0	0	0	0	1	0	0
T.J. Hockenson	TE	1	0	0	0	0	0	131	1	6	0	0	0	0	0	0
Miles Sanders	RB	1	0	0	0	25	0	2	0	1	0	0	0	0	0	0
J.J. Arcega-Whiteside	WR	1	0	0	0	0	0	0	0	0	0	0	0	0	0	0
Devin Singletary	RB	1	0	0	0	70	0	28	0	5	0	0	0	0	0	0
Tony Pollard	RB	1	0	0	0	24	0	0	0	0	0	0	0	0	0	0
Ryquell Armstead	RB	1	0	0	0	7	0	0	0	0	0	0	0	0	0	0
KeeSean Johnson	WR	1	0	0	0	0	0	46	0	5	0	0	0	0	0	0
Gardner Minshew	QB	1	275	2	1	6	0	0	0	0	0	0	0	0	0	0
Kelvin Harmon	WR	1	0	0	0	0	0	31	0	2	0	0	0	0	0	0
Cullen Gillaspia	RB	1	0	0	0	0	0	0	0	0	0	0	0	0	0	0
Tommy Sweeney	TE	1	0	0	0	0	0	35	0	2	0	0	0	0	0	0
Preston Williams	WR	1	0	0	0	0	0	24	1	3	0	0	0	0	0	0
Damion Willis	WR	1	0	0	0	0	0	30	0	3	0	0	0	0	0	0
Andy Isabella	WR	1	0	0	0	0	0	0	0	0	0	0	0	0	0	0
Ty Johnson	RB	1	0	0	0	6	0	0	0	0	0	0	0	0	0	0
D'Ernest Johnson	RB	1	0	0	0	13	0	23	0	2	0	0	0	0	0	0
Drew Sample	TE	1	0	0	0	0	0	0	0	0	0	0	0	0	0	0
Parris Campbell	WR	1	0	0	0	7	0	1	0	1	0	0	0	0	0	0
DK Metcalf	WR	1	0	0	0	0	0	89	0	4	0	0	0	0	0	0
Noah Fant	TE	1	0	0	0	-5	0	29	0	2	0	0	0	0	0	0
Gunner Olszewski	WR	1	0	0	0	0	0	0	0	0	0	0	0	0	0	0
Terry McLaurin	WR	1	0	0	0	0	0	125	1	5	0	0	0	0	0	0
Marquise Brown	WR	1	0	0	0	0	0	147	2	4	0	0	0	0	0	0
Darrell Henderson	RB	1	0	0	0	0	0	0	0	0	0	0	0	0	0	0
A.J. Brown	WR	1	0	0	0	0	0	100	0	3	0	0	0	0	0	0
David Montgomery	RB	1	0	0	0	18	0	27	0	1	0	0	0	0	0	0
Dawson Knox	TE	1	0	0	0	0	0	1	0	1	0	0	0	0	0	0
Josh Jacobs	RB	1	0	0	0	85	2	28	0	1	0	0	0	0	0	0
Miles Boykin	WR	1	0	0	0	0	0	5	1	1	0	0	0	0	0	0
Daniel Jones	QB	1	17	0	0	5	0	0	0	0	0	1	0	0	0	0
Deebo Samuel Sr.	WR	1	0	0	0	0	0	17	0	3	0	0	1	0	0	1
Tom Brady	QB	2	264	2	0	1	1	0	0	0	0	0	0	0	0	0
Drew Brees	QB	2	38	0	1	0	0	0	0	0	0	0	0	0	0	0
Josh McCown	QB	2	24	0	0	0	0	0	0	0	0	0	0	0	0	0
Jason Witten	TE	2	0	0	0	0	0	25	1	4	0	0	0	0	0	0
Eli Manning	QB	2	250	1	2	2	0	0	0	0	0	0	0	0	0	0
Larry Fitzgerald	WR	2	0	0	0	0	0	104	0	5	0	0	0	0	0	0
Ben Roethlisberger	QB	2	75	0	0	0	0	0	0	0	0	0	0	0	0	0
Philip Rivers	QB	2	293	0	1	12	0	0	0	0	0	0	0	0	0	0
Aaron Rodgers	QB	2	209	2	0	0	0	0	0	0	0	1	0	0	0	0
Frank Gore	RB	2	0	0	0	68	1	15	0	2	0	0	0	0	0	0
Darren Sproles	RB	2	0	0	0	0	0	5	0	2	0	0	0	0	0	0
Ryan Fitzpatrick	QB	2	89	0	3	6	0	0	0	0	0	0	0	0	0	0
Vernon Davis	TE	2	0	0	0	0	0	29	0	3	0	0	0	0	0	0
Marcedes Lewis	TE	2	0	0	0	0	0	0	0	0	0	0	0	0	0	0
Delanie Walker	TE	2	0	0	0	0	0	39	0	4	0	0	0	0	0	0
Adrian Peterson	RB	2	0	0	0	25	1	7	0	2	0	0	0	0	0	0
Greg Olsen	TE	2	0	0	0	0	0	110	0	6	0	0	0	0	0	0
Danny Amendola	WR	2	0	0	0	0	0	0	0	0	0	0	0	0	0	0
Matt Ryan	QB	2	320	3	3	3	0	0	0	0	0	0	0	0	0	0
Joe Flacco	QB	2	292	1	1	0	0	0	0	0	0	0	0	1	0	0
Matthew Slater	WR	2	0	0	0	0	0	0	0	0	0	0	0	0	0	0
Matthew Stafford	QB	2	245	2	2	13	0	0	0	0	0	0	0	0	0	0
Michael Crabtree	WR	2	0	0	0	0	0	13	0	2	0	0	0	0	0	0
LeSean McCoy	RB	2	0	0	0	23	0	0	0	3	0	0	0	0	0	0
Jared Cook	TE	2	0	0	0	0	0	25	0	2	0	0	0	0	0	0
Julian Edelman	WR	2	0	0	0	1	0	51	0	4	0	0	0	0	0	0
Emmanuel Sanders	WR	2	0	0	0	0	0	98	1	11	0	0	0	0	0	1
Jimmy Graham	TE	2	0	0	0	0	0	0	0	0	0	0	0	0	0	0
Antonio Brown	WR	2	0	0	0	5	0	56	1	4	0	0	0	0	0	0
Demaryius Thomas	WR	2	0	0	0	0	0	-1	0	1	0	0	0	0	0	0
Cam Newton	QB	2	333	0	0	0	0	0	0	0	0	1	0	0	0	0
Julio Jones	WR	2	0	0	0	0	0	106	2	5	0	0	0	0	0	0
Mark Ingram	RB	2	0	0	0	47	0	30	0	2	0	0	0	0	0	0
Andy Dalton	QB	2	311	2	1	2	0	0	0	0	0	0	0	0	0	0
Kyle Rudolph	TE	2	0	0	0	0	0	9	0	3	0	0	0	0	0	0
Randall Cobb	WR	2	0	0	0	11	0	24	0	5	0	0	0	0	0	0
Luke Stocker	TE	2	0	0	0	0	0	4	0	1	0	0	0	0	0	0
Dion Lewis	RB	2	0	0	0	9	0	5	0	1	0	0	0	0	0	0
Lee Smith	TE	2	0	0	0	0	0	8	0	1	0	0	0	0	0	0
Charles Clay	TE	2	0	0	0	0	0	6	0	1	0	0	0	0	0	0
Dwayne Harris	WR	2	0	0	0	0	0	0	0	0	0	0	0	0	0	0
Virgil Green	TE	2	0	0	0	0	0	9	0	1	0	0	0	0	0	0
Chris Hogan	WR	2	0	0	0	0	0	12	0	1	0	0	0	0	0	0
Dontrelle Inman	WR	2	0	0	0	0	0	28	0	1	0	0	0	0	0	0
Patrick DiMarco	RB	2	0	0	0	1	0	3	0	1	0	0	0	0	0	0
Case Keenum	QB	2	221	2	0	-1	0	0	0	0	0	0	0	0	0	0
Cole Beasley	WR	2	0	0	0	0	0	83	0	4	0	0	0	0	0	0
Derek Carrier	TE	2	0	0	0	0	0	33	0	3	0	0	0	0	0	0
Russell Wilson	QB	2	300	3	0	22	0	0	0	0	0	1	0	0	0	0
Travis Benjamin	WR	2	0	0	0	0	0	0	0	0	0	0	0	0	0	0
Marvin Jones	WR	2	0	0	0	0	0	43	0	5	0	0	0	0	0	0
Josh Bellamy	WR	2	0	0	0	0	0	5	0	1	0	0	0	0	0	0
Jamize Olawale	RB	2	0	0	0	0	0	0	0	0	0	0	0	0	0	0
Jarius Wright	WR	2	0	0	0	0	0	15	0	2	0	0	0	0	0	0
Rhett Ellison	TE	2	0	0	0	0	0	8	0	1	0	0	0	0	0	0
Kirk Cousins	QB	2	230	1	2	17	0	0	0	0	1	0	0	0	0	0
T.Y. Hilton	WR	2	0	0	0	0	0	43	1	4	0	0	0	0	0	0
Mohamed Sanu	WR	2	0	0	0	0	0	16	0	4	0	0	0	0	0	0
Josh Gordon	WR	2	0	0	0	0	0	19	0	2	0	0	0	0	0	0
Darren Fells	TE	2	0	0	0	0	0	9	0	1	0	0	0	0	0	0
C.J. Anderson	RB	2	0	0	0	8	0	0	0	0	0	0	0	0	0	0
Adam Thielen	WR	2	0	0	0	0	0	75	0	5	0	0	0	0	0	0
Zach Ertz	TE	2	0	0	0	0	0	72	0	8	0	0	0	0	0	1
Marquise Goodwin	WR	2	0	0	0	0	0	77	1	3	0	0	0	0	0	0
Kenny Stills	WR	2	0	0	0	0	0	38	0	2	0	0	0	0	0	0
Ryan Griffin	TE	2	0	0	0	0	0	0	0	0	0	0	0	0	0	0
Russell Shepard	WR	2	0	0	0	0	0	19	0	2	0	0	0	0	0	0
Demetrius Harris	TE	2	0	0	0	0	0	4	0	1	0	0	0	0	0	0
Jack Doyle	TE	2	0	0	0	0	0	21	0	2	0	0	0	0	0	0
Keenan Allen	WR	2	0	0	0	0	0	98	0	8	0	0	0	0	0	0
Rex Burkhead	RB	2	0	0	0	21	0	47	0	2	0	0	0	0	0	0
Jaron Brown	WR	2	0	0	0	0	0	0	0	0	0	0	0	0	0	0
Chris Thompson	RB	2	0	0	0	3	0	48	0	5	0	0	0	0	0	0
Robert Woods	WR	2	0	0	0	9	0	33	0	2	0	0	0	0	0	0
Giovani Bernard	RB	2	0	0	0	6	0	7	0	1	0	0	0	0	0	0
Kenjon Barner	RB	2	0	0	0	0	0	0	0	0	0	0	0	0	0	0
Vance McDonald	TE	2	0	0	0	0	0	38	2	7	0	0	0	0	0	0
Le'Veon Bell	RB	2	0	0	0	68	0	61	0	10	0	0	1	0	0	0
Travis Kelce	TE	2	0	0	0	0	0	107	1	7	0	0	0	0	0	0
Latavius Murray	RB	2	0	0	0	7	0	16	0	1	0	0	0	0	0	0
Tyler Eifert	TE	2	0	0	0	0	0	9	1	3	0	0	0	0	0	0
DeAndre Hopkins	WR	2	0	0	0	0	0	40	0	5	0	0	0	0	0	0
Cordarrelle Patterson	RB	2	0	0	0	50	0	0	0	0	0	0	0	0	0	0
Willie Snead	WR	2	0	0	0	0	0	5	0	1	0	0	0	0	0	0
Bennie Fowler	WR	2	0	0	0	20	0	51	0	5	0	0	0	0	0	0
Trey Burton	TE	2	0	0	0	0	0	5	0	2	0	0	0	0	0	0
Allen Hurns	WR	2	0	0	0	0	0	13	0	1	0	0	0	0	0	0
Damien Williams	RB	2	0	0	0	8	0	48	0	3	0	0	0	0	0	0
Xavier Grimble	TE	2	0	0	0	0	0	0	0	0	0	0	0	0	0	0
Carlos Hyde	RB	2	0	0	0	90	0	0	0	0	0	0	0	0	0	0
John Brown	WR	2	0	0	0	0	0	72	0	7	0	0	0	0	0	0
De'Anthony Thomas	WR	2	0	0	0	0	0	6	0	1	0	0	0	0	0	0
James White	RB	2	0	0	0	10	0	19	1	3	0	0	0	0	0	0
Ryan Grant	WR	2	0	0	0	0	0	-2	0	1	0	0	0	0	0	0
T.J. Jones	WR	2	0	0	0	0	0	38	1	3	0	0	0	0	0	0
Taylor Gabriel	WR	2	0	0	0	14	0	11	0	1	0	0	0	0	0	0
Odell Beckham Jr.	WR	2	0	0	0	0	0	161	1	6	0	0	0	0	0	0
Brandin Cooks	WR	2	0	0	0	2	0	74	1	3	0	0	0	0	0	0
Teddy Bridgewater	QB	2	165	0	0	5	0	0	0	0	0	0	0	0	0	0
Paul Richardson	WR	2	0	0	0	0	0	16	1	3	0	0	0	0	0	0
Logan Thomas	TE	2	0	0	0	0	0	7	0	1	0	0	0	0	0	0
Cameron Brate	TE	2	0	0	0	0	0	10	0	2	0	0	0	0	0	0
Derek Carr	QB	2	198	1	2	18	0	0	0	0	0	0	0	0	0	0
Devonta Freeman	RB	2	0	0	0	22	0	42	0	3	0	0	0	0	0	0
Diontae Spencer	WR	2	0	0	0	0	0	0	0	0	0	0	0	0	0	0
Sammy Watkins	WR	2	0	0	0	0	0	49	0	6	0	0	0	0	0	0
Donte Moncrief	WR	2	0	0	0	0	0	0	0	0	0	0	0	0	0	0
Cody Latimer	WR	2	0	0	0	0	0	30	0	3	0	0	0	0	0	0
Jimmy Garoppolo	QB	2	296	3	1	8	0	0	0	0	0	0	0	0	0	0
Davante Adams	WR	2	0	0	0	0	0	106	0	7	0	0	0	0	0	0
Jarvis Landry	WR	2	0	0	0	0	0	32	0	3	0	0	0	0	0	0
Eric Ebron	TE	2	0	0	0	0	0	25	1	3	0	0	0	0	0	0
Mike Evans	WR	2	0	0	0	0	0	61	0	4	0	0	0	0	0	0
Allen Robinson	WR	2	0	0	0	0	0	41	0	4	0	0	0	0	0	0
Jameis Winston	QB	2	208	1	0	9	0	0	0	0	0	0	0	0	0	0
Amari Cooper	WR	2	0	0	0	0	0	44	1	4	0	0	0	0	0	0
DeVante Parker	WR	2	0	0	0	0	0	0	0	0	0	0	0	0	0	0
Nelson Agholor	WR	2	0	0	0	0	0	107	1	8	0	0	0	0	0	0
Maxx Williams	TE	2	0	0	0	0	0	21	0	1	0	0	0	0	0	0
Justin Hardy	WR	2	0	0	0	0	0	0	0	0	0	0	0	0	0	0
Stefon Diggs	WR	2	0	0	0	0	0	49	1	1	0	0	0	0	0	0
Nick Boyle	TE	2	0	0	0	0	0	14	0	1	0	0	0	0	0	0
Darren Waller	TE	2	0	0	0	0	0	63	0	6	0	0	0	0	0	0
Raheem Mostert	RB	2	0	0	0	83	0	68	1	3	0	0	0	0	0	0
Matt LaCosse	TE	2	0	0	0	0	0	33	0	2	0	0	0	0	0	0
DeAndre Carter	WR	2	0	0	0	0	0	0	0	0	0	0	0	0	0	0
Jake Kumerow	WR	2	0	0	0	0	0	12	0	1	0	0	0	0	0	0
Malcolm Brown	RB	2	0	0	0	37	0	10	0	1	0	0	0	0	0	0
Damiere Byrd	WR	2	0	0	0	0	0	45	0	6	0	0	0	0	0	0
Devin Smith	WR	2	0	0	0	0	0	74	1	3	0	0	0	0	0	0
Jamison Crowder	WR	2	0	0	0	0	0	40	0	4	0	0	0	0	0	0
James O'Shaughnessy	TE	2	0	0	0	0	0	28	0	4	0	0	0	0	0	0
Geremy Davis	WR	2	0	0	0	0	0	0	0	0	0	0	0	0	0	0
Darius Jennings	WR	2	0	0	0	0	0	11	0	1	0	0	0	0	0	0
Adam Humphries	WR	2	0	0	0	1	0	-1	0	2	0	0	0	0	0	0
Breshad Perriman	WR	2	0	0	0	0	0	0	0	0	0	0	0	0	0	0
Blake Bell	TE	2	0	0	0	0	0	0	0	0	0	0	0	0	0	0
Mike Davis	RB	2	0	0	0	1	0	0	0	0	0	0	0	0	0	0
Ameer Abdullah	RB	2	0	0	0	2	0	0	0	0	0	0	0	0	0	0
Nick O'Leary	TE	2	0	0	0	0	0	6	0	1	0	0	0	0	0	0
Chris Conley	WR	2	0	0	0	0	0	73	0	4	0	0	0	0	0	0
Jesse James	TE	2	0	0	0	0	0	18	0	3	0	0	0	0	0	0
Geoff Swaim	TE	2	0	0	0	0	0	14	0	3	0	0	0	0	0	0
Trevor Siemian	QB	2	3	0	0	0	0	0	0	0	0	0	0	0	0	0
Tyrell Williams	WR	2	0	0	0	0	0	46	1	5	0	0	0	0	0	0
David Johnson	RB	2	0	0	0	14	1	0	0	1	0	0	0	0	0	0
Ty Montgomery	WR	2	0	0	0	25	0	15	0	3	0	0	0	0	0	0
Phillip Dorsett	WR	2	0	0	0	0	0	39	0	3	0	0	0	0	0	0
Tyler Lockett	WR	2	0	0	0	0	0	79	0	10	0	0	0	0	0	0
Jeff Heuerman	TE	2	0	0	0	0	0	21	0	4	0	0	0	0	0	0
Todd Gurley	RB	2	0	0	0	63	1	4	0	3	0	0	0	0	0	0
Duke Johnson	RB	2	0	0	0	31	0	0	0	0	0	0	0	0	0	0
Marcus Mariota	QB	2	154	1	0	32	0	0	0	0	0	0	0	0	0	0
Chester Rogers	WR	2	0	0	0	0	0	24	0	3	0	0	0	0	0	0
Austin Hooper	TE	2	0	0	0	0	0	34	0	4	0	0	0	0	0	0
C.J. Prosise	RB	2	0	0	0	7	0	13	0	3	0	0	0	0	0	0
Nick Vannett	TE	2	0	0	0	0	0	13	0	1	0	0	0	0	0	0
Tyler Ervin	RB	2	0	0	0	0	0	0	0	0	0	0	0	0	0	0
Trevor Davis	WR	2	0	0	0	0	0	0	0	0	0	0	0	0	0	0
Alex Erickson	WR	2	0	0	0	0	0	14	0	1	0	0	0	0	0	0
J.D. McKissic	RB	2	0	0	0	2	0	0	0	0	0	0	0	0	0	0
Geronimo Allison	WR	2	0	0	0	0	0	25	1	4	0	0	1	0	0	0
Ben Braunecker	TE	2	0	0	0	0	0	24	0	2	0	0	0	0	0	0
Robbie Chosen	WR	2	0	0	0	0	0	81	0	4	0	0	0	0	0	0
Peyton Barber	RB	2	0	0	0	82	1	7	0	1	0	0	0	0	0	0
Derrick Henry	RB	2	0	0	0	82	1	12	0	2	0	0	0	0	0	0
Michael Thomas	WR	2	0	0	0	0	0	89	0	10	0	0	0	0	0	0
Demarcus Robinson	WR	2	0	0	0	0	0	172	2	6	0	0	0	0	0	0
Tajae Sharpe	WR	2	0	0	0	0	0	24	0	2	0	0	0	0	0	0
Jordan Howard	RB	2	0	0	0	18	0	8	0	1	0	0	0	0	0	0
Wendell Smallwood	RB	2	0	0	0	4	0	9	0	2	0	0	0	0	0	0
Jakeem Grant	WR	2	0	0	0	-4	0	22	0	3	0	0	0	0	0	0
Danny Vitale	RB	2	0	0	0	0	0	0	0	0	0	0	0	0	0	0
Cody Core	WR	2	0	0	0	0	0	28	0	3	0	0	0	0	0	0
Johnny Holton	WR	2	0	0	0	0	0	0	0	0	0	0	0	0	0	0
DeAndre Washington	RB	2	0	0	0	9	0	26	0	2	0	0	0	0	0	0
Carson Wentz	QB	2	231	1	2	3	1	0	0	0	0	0	0	1	0	0
Tyler Boyd	WR	2	0	0	0	0	0	122	0	10	0	0	0	0	0	0
Jalen Richard	RB	2	0	0	0	3	0	2	0	2	0	0	0	0	0	0
Ezekiel Elliott	RB	2	0	0	0	111	1	9	0	2	0	0	0	0	0	0
Dak Prescott	QB	2	269	3	1	69	0	0	0	0	0	0	0	0	0	0
Jared Goff	QB	2	283	1	0	-2	1	0	0	0	1	0	0	0	0	0
Tyler Higbee	TE	2	0	0	0	0	0	21	0	2	0	0	0	0	0	0
Bronson Kaufusi	TE	2	0	0	0	0	0	0	0	0	0	0	0	0	0	0
Kenyan Drake	RB	2	0	0	0	19	0	29	0	5	0	0	0	0	0	0
Jacoby Brissett	QB	2	146	3	1	25	0	0	0	0	1	0	0	0	0	0
Will Fuller	WR	2	0	0	0	0	0	40	0	4	0	0	0	0	0	0
Mo Alie-Cox	TE	2	0	0	0	0	0	0	0	0	0	0	0	0	0	0
Zach Pascal	WR	2	0	0	0	0	0	0	0	0	0	0	0	0	0	0
JoJo Natson	WR	2	0	0	0	0	0	0	0	0	0	0	0	0	0	0
Christian McCaffrey	RB	2	0	0	0	37	0	16	0	2	0	0	0	0	0	0
Curtis Samuel	WR	2	0	0	0	2	0	91	0	5	0	0	0	0	0	0
George Kittle	TE	2	0	0	0	0	0	54	0	3	0	0	0	0	0	0
Aaron Jones	RB	2	0	0	0	116	1	34	0	4	0	0	0	0	0	0
Kendrick Bourne	WR	2	0	0	0	0	0	4	0	1	0	0	0	0	0	0
Matt Breida	RB	2	0	0	0	121	0	11	0	1	0	0	0	0	0	0
Taysom Hill	TE	2	0	0	0	0	0	16	0	2	0	0	0	0	0	0
Patrick Ricard	RB	2	0	0	0	0	0	3	0	1	0	0	0	0	0	0
Antony Auclair	TE	2	0	0	0	0	0	0	0	0	0	0	0	0	0	0
Bobo Wilson	WR	2	0	0	0	0	0	0	0	0	0	0	0	0	0	0
Pharaoh Brown	TE	2	0	0	0	0	0	0	0	0	0	0	0	0	0	0
John Ross	WR	2	0	0	0	0	0	112	1	4	0	0	0	0	0	0
Isaiah McKenzie	WR	2	0	0	0	4	0	40	1	2	0	0	0	0	0	0
Jeremy Sprinkle	TE	2	0	0	0	0	0	11	0	1	0	0	0	0	0	0
Mike Williams	WR	2	0	0	0	0	0	83	0	3	0	0	0	0	0	0
Deshaun Watson	QB	2	159	0	0	5	1	0	0	0	0	0	0	0	0	0
James Conner	RB	2	0	0	0	33	1	12	0	3	0	0	0	0	0	0
Mack Hollins	WR	2	0	0	0	0	0	50	0	5	0	0	0	0	0	0
Tarik Cohen	RB	2	0	0	0	18	0	7	0	2	0	0	0	0	0	0
Ryan Switzer	WR	2	0	0	0	0	0	0	0	1	0	0	0	0	0	0
Jamal Agnew	WR	2	0	0	0	0	0	0	0	0	0	0	0	0	0	0
Chris Carson	RB	2	0	0	0	60	0	27	0	3	0	1	0	0	0	0
Blake Jarwin	TE	2	0	0	0	0	0	22	0	1	0	0	0	0	0	0
Sean Culkin	TE	2	0	0	0	0	0	0	0	0	0	0	0	0	0	0
Austin Ekeler	RB	2	0	0	0	66	1	67	0	6	0	1	0	0	0	0
Corey Clement	RB	2	0	0	0	0	0	0	0	0	0	0	0	0	0	0
Dede Westbrook	WR	2	0	0	0	0	0	3	0	1	0	0	0	0	0	0
Dare Ogunbowale	RB	2	0	0	0	0	0	9	0	1	0	0	0	0	0	0
Leonard Fournette	RB	2	0	0	0	47	0	40	0	4	0	0	0	0	0	0
JuJu Smith-Schuster	WR	2	0	0	0	0	0	84	0	5	0	0	0	0	0	0
Mitchell Trubisky	QB	2	120	0	0	8	0	0	0	0	0	0	0	0	0	0
Corey Davis	WR	2	0	0	0	0	0	38	0	3	0	0	0	0	0	0
Patrick Mahomes	QB	2	443	4	0	-1	0	0	0	0	1	0	0	0	0	0
O.J. Howard	TE	2	0	0	0	0	0	0	0	0	0	0	0	0	0	0
Evan Engram	TE	2	0	0	0	0	0	48	0	6	0	0	0	0	0	0
David Njoku	TE	2	0	0	0	0	0	0	0	0	0	0	0	0	0	0
Zay Jones	WR	2	0	0	0	0	0	14	0	1	0	0	0	0	0	0
Dalvin Cook	RB	2	0	0	0	154	1	37	0	3	0	0	0	0	0	0
Gerald Everett	TE	2	0	0	0	0	0	21	0	3	0	0	0	0	0	0
Adam Shaheen	TE	2	0	0	0	0	0	24	0	3	0	0	0	0	0	0
Joe Mixon	RB	2	0	0	0	17	0	10	0	3	0	0	0	0	0	0
Alvin Kamara	RB	2	0	0	0	45	0	15	0	1	0	0	0	0	0	0
Cooper Kupp	WR	2	0	0	0	6	0	120	0	5	0	0	0	0	0	0
Taywan Taylor	WR	2	0	0	0	0	0	0	0	0	0	0	0	0	0	0
Chris Godwin Jr.	WR	2	0	0	0	0	0	121	1	8	0	0	0	0	0	0
Kenny Golladay	WR	2	0	0	0	0	0	117	1	8	0	0	0	0	0	0
Josh Reynolds	WR	2	0	0	0	0	0	0	0	0	0	0	0	0	0	0
Jamaal Williams	RB	2	0	0	0	28	0	13	1	3	0	0	0	0	0	0
Wayne Gallman	RB	2	0	0	0	0	0	0	0	0	0	0	0	0	0	0
Marlon Mack	RB	2	0	0	0	51	0	12	0	2	0	0	0	0	0	0
Ross Dwelley	TE	2	0	0	0	0	0	0	0	0	0	0	0	0	0	0
Phillip Lindsay	RB	2	0	0	0	36	0	30	0	4	0	0	0	0	0	0
Jeff Wilson	RB	2	0	0	0	34	2	0	0	0	0	0	0	0	0	0
Will Dissly	TE	2	0	0	0	0	0	50	2	5	0	0	0	0	0	0
Trenton Cannon	RB	2	0	0	0	0	0	0	0	0	0	0	0	0	0	0
Gus Edwards	RB	2	0	0	0	11	0	0	0	0	0	0	0	0	0	0
Marquez Valdes-Scantling	WR	2	0	0	0	0	0	19	0	3	0	0	0	0	0	0
Damion Ratley	WR	2	0	0	0	0	0	50	0	2	0	0	0	0	0	0
Richie James	WR	2	0	0	0	0	0	7	0	1	0	0	0	0	0	0
Byron Pringle	WR	2	0	0	0	0	0	0	0	0	0	0	0	0	0	0
Chad Beebe	WR	2	0	0	0	0	0	61	0	1	0	0	0	0	0	0
Jaylen Samuels	RB	2	0	0	0	18	0	13	0	1	0	0	0	0	0	0
Trey Quinn	WR	2	0	0	0	0	0	36	0	4	0	0	0	0	0	0
Josh Rosen	QB	2	97	0	1	0	0	0	0	0	0	0	0	0	0	0
Courtland Sutton	WR	2	0	0	0	0	0	40	0	4	0	0	0	0	0	0
Kerryon Johnson	RB	2	0	0	0	41	0	47	1	2	0	0	0	0	0	0
Anthony Miller	WR	2	0	0	0	0	0	2	0	1	0	0	0	0	0	0
Jordan Akins	TE	2	0	0	0	0	0	25	0	2	0	0	0	0	0	0
Keke Coutee	WR	2	0	0	0	0	0	7	0	2	0	0	0	0	0	0
Nyheim Hines	RB	2	0	0	0	9	0	5	0	1	0	0	0	0	0	0
DaeSean Hamilton	WR	2	0	0	0	0	0	15	0	2	0	0	0	0	0	0
Ito Smith	RB	2	0	0	0	32	0	13	0	2	0	0	0	0	0	0
Troy Fumagalli	TE	2	0	0	0	0	0	7	0	1	0	0	0	0	0	0
Jordan Wilkins	RB	2	0	0	0	82	0	4	0	1	0	0	0	0	0	0
Deon Cain	WR	2	0	0	0	0	0	0	0	0	0	0	0	0	0	0
Ray-Ray McCloud	WR	2	0	0	0	0	0	0	0	0	0	0	0	0	0	0
Russell Gage	WR	2	0	0	0	0	0	0	0	0	0	0	0	0	0	0
Luke Falk	QB	2	198	0	0	0	0	0	0	0	0	0	0	0	0	0
Cedrick Wilson Jr.	WR	2	0	0	0	0	0	0	0	0	0	0	0	0	0	0
Braxton Berrios	WR	2	0	0	0	0	0	0	0	0	0	0	0	0	0	0
Nick Bawden	RB	2	0	0	0	0	0	0	0	0	0	0	0	0	0	0
Ryan Izzo	TE	2	0	0	0	0	0	0	0	0	0	0	0	0	0	0
Justin Jackson	RB	2	0	0	0	59	0	5	0	1	0	0	0	0	0	0
Robert Foster	WR	2	0	0	0	0	0	0	0	0	0	0	0	0	0	0
James Washington	WR	2	0	0	0	0	0	23	0	2	0	0	0	0	0	0
Mark Walton	RB	2	0	0	0	15	0	12	0	1	0	0	0	0	0	0
Chase Edmonds	RB	2	0	0	0	2	0	15	0	2	0	0	0	0	0	0
Auden Tate	WR	2	0	0	0	0	0	6	0	1	0	0	0	0	0	0
Rashaad Penny	RB	2	0	0	0	62	1	3	0	1	0	0	0	0	0	0
Mark Andrews	TE	2	0	0	0	0	0	112	1	8	0	0	0	0	0	0
Michael Gallup	WR	2	0	0	0	0	0	68	0	6	0	0	0	0	0	0
Tre'Quan Smith	WR	2	0	0	0	0	0	49	0	3	0	0	0	0	0	0
Mason Rudolph	QB	2	112	2	1	7	0	0	0	0	0	0	0	0	0	0
Christian Kirk	WR	2	0	0	0	0	0	114	0	6	0	0	0	0	0	0
DJ Chark	WR	2	0	0	0	0	0	55	1	7	0	0	0	0	0	0
Nick Chubb	RB	2	0	0	0	62	1	36	0	4	0	0	0	0	0	0
Lamar Jackson	QB	2	272	2	0	120	0	0	0	0	0	0	0	0	0	0
Durham Smythe	TE	2	0	0	0	0	0	24	0	1	0	0	0	0	0	0
Kalen Ballage	RB	2	0	0	0	6	0	6	0	1	0	0	0	0	0	0
Ronald Jones	RB	2	0	0	0	9	0	0	0	0	0	0	0	0	0	0
DJ Moore	WR	2	0	0	0	0	0	89	0	9	0	0	0	0	0	0
Mike Gesicki	TE	2	0	0	0	0	0	11	0	1	0	0	0	0	0	0
Hayden Hurst	TE	2	0	0	0	0	0	1	1	1	0	0	0	0	0	0
Calvin Ridley	WR	2	0	0	0	0	0	105	1	8	0	0	0	0	0	0
Royce Freeman	RB	2	0	0	0	54	0	48	0	5	0	0	0	0	0	0
Saquon Barkley	RB	2	0	0	0	107	1	28	0	3	0	0	0	0	0	0
Sony Michel	RB	2	0	0	0	83	1	0	0	0	0	1	0	0	0	0
KhaDarel Hodge	WR	2	0	0	0	0	0	0	0	0	0	0	0	0	0	0
Baker Mayfield	QB	2	325	1	1	0	0	0	0	0	0	0	0	0	0	0
Josh Allen	QB	2	253	1	0	21	1	0	0	0	0	0	0	0	0	0
Dante Pettis	WR	2	16	0	0	0	0	0	0	0	0	0	0	0	0	0
Malik Turner	WR	2	0	0	0	0	0	54	0	3	0	0	0	0	0	0
Steven Sims	WR	2	0	0	0	16	0	3	0	1	0	0	0	0	0	0
Irv Smith	TE	2	0	0	0	0	0	-1	0	1	0	0	0	0	0	0
Alexander Mattison	RB	2	0	0	0	25	0	0	0	0	0	0	0	0	0	0
Justice Hill	RB	2	0	0	0	4	0	10	0	1	0	0	0	0	0	0
Hunter Renfrow	WR	2	0	0	0	0	0	30	0	4	0	0	0	0	0	0
Mecole Hardman	WR	2	0	0	0	0	0	61	1	4	0	0	0	0	0	0
Darwin Thompson	RB	2	0	0	0	1	0	0	0	0	0	0	0	0	0	0
Deonte Harty	WR	2	0	0	0	0	0	-7	0	1	0	0	0	0	0	0
Diontae Johnson	WR	2	0	0	0	0	0	17	0	1	0	0	0	0	0	0
Benny Snell	RB	2	0	0	0	23	0	0	0	0	0	0	0	0	0	0
Kyler Murray	QB	2	349	0	0	4	0	0	0	0	0	0	0	1	0	0
T.J. Hockenson	TE	2	0	0	0	0	0	7	0	1	0	0	0	0	0	0
Miles Sanders	RB	2	0	0	0	28	0	9	0	3	0	0	0	0	0	0
J.J. Arcega-Whiteside	WR	2	0	0	0	0	0	4	0	1	0	0	0	0	0	0
Devin Singletary	RB	2	0	0	0	57	1	0	0	0	0	0	0	0	0	0
Tony Pollard	RB	2	0	0	0	22	0	3	0	1	0	0	0	0	0	0
KeeSean Johnson	WR	2	0	0	0	0	0	31	0	1	0	0	0	0	0	1
Gardner Minshew	QB	2	213	1	0	56	0	0	0	0	1	0	0	0	0	0
Tommy Sweeney	TE	2	0	0	0	0	0	0	0	0	0	0	0	0	0	0
Preston Williams	WR	2	0	0	0	0	0	63	0	4	0	0	0	0	0	0
Damion Willis	WR	2	0	0	0	0	0	6	0	1	0	0	0	0	0	0
Ty Johnson	RB	2	0	0	0	30	0	6	0	2	0	0	0	0	0	0
D'Ernest Johnson	RB	2	0	0	0	8	0	42	0	3	0	0	0	0	0	0
Drew Sample	TE	2	0	0	0	0	0	25	0	2	0	0	0	0	0	0
Parris Campbell	WR	2	0	0	0	0	0	12	1	1	0	0	0	0	0	0
DK Metcalf	WR	2	0	0	0	0	0	61	1	3	0	0	0	0	0	0
Noah Fant	TE	2	0	0	0	0	0	33	0	4	0	0	0	0	0	0
Gunner Olszewski	WR	2	0	0	0	0	0	0	0	0	0	0	0	0	0	0
Terry McLaurin	WR	2	0	0	0	0	0	62	1	5	0	0	0	0	0	0
Marquise Brown	WR	2	0	0	0	0	0	86	0	8	0	0	0	0	0	0
A.J. Brown	WR	2	0	0	0	0	0	25	0	3	0	0	0	0	0	0
David Montgomery	RB	2	0	0	0	62	1	6	0	1	0	0	0	0	0	0
Dawson Knox	TE	2	0	0	0	0	0	18	0	1	0	0	0	0	0	0
Josh Jacobs	RB	2	0	0	0	99	0	0	0	0	0	0	0	0	0	0
Miles Boykin	WR	2	0	0	0	0	0	11	0	1	0	0	0	0	0	0
Deebo Samuel Sr.	WR	2	0	0	0	7	0	86	1	5	0	0	0	0	0	0
Tom Brady	QB	3	306	2	0	-1	0	0	0	0	0	0	0	0	0	0
Jason Witten	TE	3	0	0	0	0	0	54	0	3	0	0	0	0	0	0
Larry Fitzgerald	WR	3	0	0	0	0	0	36	1	5	0	0	0	0	0	0
Philip Rivers	QB	3	318	2	0	9	0	0	0	0	1	0	0	0	0	0
Aaron Rodgers	QB	3	235	1	0	-1	0	0	0	0	0	0	0	0	0	0
Frank Gore	RB	3	0	0	0	76	1	13	0	2	0	0	0	0	0	0
Darren Sproles	RB	3	0	0	0	4	0	0	0	0	0	0	0	0	0	0
Ryan Fitzpatrick	QB	3	29	0	0	0	0	0	0	0	0	0	0	0	0	0
Vernon Davis	TE	3	0	0	0	0	0	30	0	2	0	0	0	0	0	0
Marcedes Lewis	TE	3	0	0	0	0	0	19	0	1	0	0	0	0	0	0
Delanie Walker	TE	3	0	0	0	0	0	64	0	7	0	0	0	0	0	0
Adrian Peterson	RB	3	0	0	0	37	0	-3	0	1	0	0	0	0	0	0
Ted Ginn	WR	3	0	0	0	0	0	15	0	2	0	0	0	0	0	0
Greg Olsen	TE	3	0	0	0	0	0	75	2	6	0	0	0	0	0	0
Danny Amendola	WR	3	0	0	0	0	0	37	0	4	0	0	0	0	0	0
Matt Ryan	QB	3	304	3	1	3	0	0	0	0	0	0	0	0	0	0
Joe Flacco	QB	3	213	0	1	5	0	0	0	0	1	0	0	0	0	0
Matthew Stafford	QB	3	201	1	0	1	0	0	0	0	0	0	0	0	0	0
Michael Crabtree	WR	3	0	0	0	0	0	9	0	2	0	0	0	0	0	0
LeSean McCoy	RB	3	0	0	0	54	1	26	1	3	0	0	0	0	0	0
Jared Cook	TE	3	0	0	0	0	0	7	0	1	0	0	0	0	0	0
Julian Edelman	WR	3	0	0	0	0	0	62	1	7	0	0	0	0	0	0
Emmanuel Sanders	WR	3	0	0	0	0	0	10	0	2	0	0	0	0	0	0
Andre Roberts	WR	3	0	0	0	0	0	0	0	0	0	0	0	0	0	0
Jimmy Graham	TE	3	0	0	0	0	0	0	0	0	0	0	0	0	0	0
Julio Jones	WR	3	0	0	0	0	0	128	1	8	0	0	0	0	0	0
Mark Ingram	RB	3	0	0	0	103	3	32	0	4	0	0	0	0	0	0
Andy Dalton	QB	3	250	1	2	1	1	0	0	0	0	0	0	0	0	0
Kyle Rudolph	TE	3	0	0	0	0	0	11	0	1	0	0	0	0	0	0
Lance Kendricks	TE	3	0	0	0	0	0	13	0	1	0	0	0	0	0	0
Randall Cobb	WR	3	0	0	0	0	0	23	0	2	0	0	0	0	0	0
Luke Stocker	TE	3	0	0	0	0	0	12	0	3	0	0	0	0	0	0
Dion Lewis	RB	3	0	0	0	13	0	7	0	1	0	0	0	0	0	0
Lee Smith	TE	3	0	0	0	0	0	0	0	0	0	0	0	0	0	0
Charles Clay	TE	3	0	0	0	0	0	9	0	1	0	0	0	0	0	0
Chris Hogan	WR	3	0	0	0	0	0	6	0	1	0	0	0	0	0	0
Dontrelle Inman	WR	3	0	0	0	0	0	23	0	1	0	0	0	0	0	0
Case Keenum	QB	3	332	2	3	3	0	0	0	0	1	1	0	0	0	0
Cole Beasley	WR	3	0	0	0	0	0	48	0	8	0	0	0	0	0	1
Brandon Bolden	RB	3	0	0	0	-2	0	21	0	2	0	0	0	0	0	0
Russell Wilson	QB	3	406	2	0	51	2	0	0	0	0	0	0	0	0	0
Travis Benjamin	WR	3	0	0	0	0	0	5	0	2	0	0	0	0	0	0
Marvin Jones	WR	3	0	0	0	0	0	101	1	6	0	0	0	0	0	0
Josh Bellamy	WR	3	0	0	0	0	0	0	0	0	0	0	0	0	0	0
Jamize Olawale	RB	3	0	0	0	0	0	0	0	0	0	0	0	0	0	0
Jarius Wright	WR	3	0	0	0	0	0	38	0	2	0	0	0	0	0	0
Rhett Ellison	TE	3	0	0	0	0	0	3	0	1	0	0	0	0	0	0
Kirk Cousins	QB	3	174	1	0	16	0	0	0	0	0	0	0	0	0	0
T.Y. Hilton	WR	3	0	0	0	0	0	65	1	8	0	0	0	0	0	0
Mohamed Sanu	WR	3	0	0	0	2	0	75	0	6	0	0	0	0	0	0
Josh Gordon	WR	3	0	0	0	1	0	83	0	6	0	0	0	0	0	0
Darren Fells	TE	3	0	0	0	0	0	49	1	5	0	0	0	0	0	0
Adam Thielen	WR	3	0	0	0	1	1	55	1	3	0	0	0	0	0	0
Zach Ertz	TE	3	0	0	0	0	0	64	0	4	0	0	0	0	0	0
Marquise Goodwin	WR	3	0	0	0	0	0	41	0	2	0	0	0	0	0	0
Kenny Stills	WR	3	0	0	0	0	0	89	0	4	0	0	0	0	0	0
Ryan Griffin	TE	3	0	0	0	0	0	5	0	1	0	0	0	0	0	0
Russell Shepard	WR	3	0	0	0	0	0	6	0	1	0	0	0	0	0	0
Demetrius Harris	TE	3	0	0	0	0	0	2	1	1	0	0	0	0	0	0
Jack Doyle	TE	3	0	0	0	0	0	46	0	4	0	0	0	0	0	0
Josh Hill	TE	3	0	0	0	0	0	4	0	1	0	0	0	0	0	0
Keenan Allen	WR	3	0	0	0	3	0	183	2	13	0	0	0	0	0	0
Rex Burkhead	RB	3	0	0	0	47	1	22	0	6	0	0	0	0	0	0
Jaron Brown	WR	3	0	0	0	0	0	30	0	3	0	0	0	0	0	0
Chris Thompson	RB	3	0	0	0	29	0	79	0	4	0	0	0	0	0	0
Robert Woods	WR	3	0	0	0	18	0	40	0	3	0	0	0	0	0	0
Giovani Bernard	RB	3	0	0	0	5	0	7	0	2	0	0	0	0	0	0
Kenjon Barner	RB	3	0	0	0	0	0	4	0	1	0	0	0	0	0	0
Vance McDonald	TE	3	0	0	0	0	0	10	0	1	0	0	0	0	0	0
Le'Veon Bell	RB	3	0	0	0	35	0	28	0	4	0	0	0	0	0	0
Travis Kelce	TE	3	0	0	0	0	0	89	0	7	0	0	0	0	0	0
Latavius Murray	RB	3	0	0	0	2	0	0	0	0	0	0	0	0	0	0
Tyler Eifert	TE	3	0	0	0	0	0	18	0	1	0	0	0	0	0	0
DeAndre Hopkins	WR	3	0	0	0	0	0	67	0	6	0	0	0	0	0	0
Cordarrelle Patterson	RB	3	0	0	0	14	0	6	0	1	0	0	0	0	0	0
Willie Snead	WR	3	0	0	0	0	0	47	0	3	0	0	0	0	0	0
Bennie Fowler	WR	3	0	0	0	0	0	5	0	1	0	0	0	0	0	0
Trey Burton	TE	3	0	0	0	0	0	20	0	4	0	0	0	0	0	0
Allen Hurns	WR	3	0	0	0	0	0	6	0	1	0	0	0	0	0	0
Xavier Grimble	TE	3	0	0	0	0	0	3	0	1	0	0	0	0	0	0
Carlos Hyde	RB	3	0	0	0	19	1	0	0	0	0	0	0	0	0	0
John Brown	WR	3	0	0	0	4	0	51	0	4	0	0	0	0	0	0
De'Anthony Thomas	WR	3	0	0	0	0	0	0	0	0	0	0	0	0	0	0
Seth Roberts	WR	3	0	0	0	0	0	37	0	2	0	0	0	0	0	0
T.J. Jones	WR	3	0	0	0	0	0	0	0	0	0	0	0	0	0	0
Taylor Gabriel	WR	3	0	0	0	7	0	75	3	6	0	0	0	0	0	0
Odell Beckham Jr.	WR	3	0	0	0	0	0	56	0	6	0	0	0	0	0	0
Brandin Cooks	WR	3	0	0	0	8	0	112	0	8	0	0	0	0	0	0
Teddy Bridgewater	QB	3	177	2	0	12	0	0	0	0	0	0	0	0	0	0
Paul Richardson	WR	3	0	0	0	0	0	83	1	8	0	0	0	0	0	0
Logan Thomas	TE	3	0	0	0	0	0	15	0	1	0	0	0	0	0	0
Cameron Brate	TE	3	0	0	0	0	0	7	0	2	0	0	0	0	0	0
Derek Carr	QB	3	242	2	1	0	0	0	0	0	0	0	0	0	0	0
Devonta Freeman	RB	3	0	0	0	88	0	7	0	3	0	0	0	0	0	0
Diontae Spencer	WR	3	0	0	0	0	0	0	0	0	0	0	0	0	0	0
Sammy Watkins	WR	3	0	0	0	0	0	64	0	5	0	0	0	0	0	0
Jimmy Garoppolo	QB	3	277	1	2	3	0	0	0	0	0	1	0	0	0	0
Davante Adams	WR	3	0	0	0	0	0	56	0	4	0	0	0	0	0	0
Jarvis Landry	WR	3	0	0	0	0	0	62	0	3	0	0	0	0	0	0
Eric Ebron	TE	3	0	0	0	0	0	47	0	3	0	0	0	0	0	0
Mike Evans	WR	3	0	0	0	0	0	190	3	8	0	0	0	0	0	0
Allen Robinson	WR	3	0	0	0	0	0	60	0	6	0	0	0	0	0	0
Jameis Winston	QB	3	380	3	1	3	0	0	0	0	0	0	0	0	0	0
Amari Cooper	WR	3	0	0	0	0	0	88	2	6	0	0	0	0	0	0
DeVante Parker	WR	3	0	0	0	0	0	56	0	3	0	0	0	0	0	0
Nelson Agholor	WR	3	0	0	0	0	0	50	2	8	0	0	1	0	0	0
Justin Hardy	WR	3	0	0	0	0	0	6	0	1	0	0	0	0	0	0
MyCole Pruitt	TE	3	0	0	0	0	0	0	0	0	0	0	0	0	0	0
Stefon Diggs	WR	3	0	0	0	0	0	15	0	3	0	0	0	0	0	0
Nick Boyle	TE	3	0	0	0	0	0	58	0	4	0	0	0	0	0	0
Darren Waller	TE	3	0	0	0	7	0	134	0	13	0	0	0	0	0	0
Raheem Mostert	RB	3	0	0	0	79	0	0	0	0	0	1	0	0	0	0
Eric Tomlinson	TE	3	0	0	0	0	0	0	0	0	0	0	0	0	0	0
DeAndre Carter	WR	3	0	0	0	0	0	0	0	0	0	0	0	0	0	0
Malcolm Brown	RB	3	0	0	0	7	0	0	0	0	0	0	0	0	0	0
Damiere Byrd	WR	3	0	0	0	0	0	9	0	2	0	0	0	0	0	0
Devin Smith	WR	3	0	0	0	0	0	39	0	2	0	0	0	0	0	0
Jamison Crowder	WR	3	0	0	0	0	0	25	0	2	0	0	0	0	0	0
James O'Shaughnessy	TE	3	0	0	0	0	0	18	1	2	0	0	0	0	0	0
Darius Jennings	WR	3	0	0	0	0	0	0	0	0	0	0	0	0	0	0
Adam Humphries	WR	3	0	0	0	0	0	93	0	6	0	0	0	0	0	0
Breshad Perriman	WR	3	0	0	0	13	0	6	0	1	0	0	0	0	0	0
Blake Bell	TE	3	0	0	0	0	0	1	0	1	0	0	0	0	0	0
Mike Davis	RB	3	0	0	0	2	0	0	0	0	0	0	0	0	0	0
Daniel Brown	TE	3	0	0	0	0	0	0	0	0	0	0	0	0	0	0
Ameer Abdullah	RB	3	0	0	0	0	0	0	0	0	0	0	0	0	0	0
J.J. Nelson	WR	3	0	0	0	0	0	36	1	4	0	0	0	0	0	0
Nick O'Leary	TE	3	0	0	0	0	0	19	0	1	0	0	0	0	0	0
Chris Conley	WR	3	0	0	0	0	0	30	0	2	0	0	0	0	0	0
C.J. Uzomah	TE	3	0	0	0	0	0	0	0	0	0	0	0	0	0	0
Jesse James	TE	3	0	0	0	0	0	13	0	1	0	0	0	0	0	0
Geoff Swaim	TE	3	0	0	0	0	0	8	0	1	0	0	0	0	0	0
Tyrell Williams	WR	3	0	0	0	0	0	29	1	3	0	0	0	0	0	0
David Johnson	RB	3	0	0	0	37	0	28	1	6	0	0	0	0	0	0
Ty Montgomery	WR	3	0	0	0	1	0	0	0	0	0	0	0	0	0	0
Phillip Dorsett	WR	3	0	0	0	12	0	53	1	6	0	0	0	0	0	0
T.J. Yeldon	RB	3	0	0	0	30	0	19	0	2	0	1	0	0	0	0
Tyler Lockett	WR	3	0	0	0	0	0	154	1	11	0	0	0	0	0	0
Jeff Heuerman	TE	3	0	0	0	0	0	20	0	2	0	0	0	0	0	0
Todd Gurley	RB	3	0	0	0	43	0	0	0	0	0	0	0	0	0	0
Sean Mannion	QB	3	0	0	0	-2	0	0	0	0	0	0	0	0	0	0
Duke Johnson	RB	3	0	0	0	2	0	22	0	2	0	0	0	0	0	0
Marcus Mariota	QB	3	304	0	0	34	0	0	0	0	0	0	0	0	0	0
Sterling Shepard	WR	3	0	0	0	21	0	100	1	7	0	0	0	0	0	1
Austin Hooper	TE	3	0	0	0	0	0	66	2	6	0	0	0	0	0	0
C.J. Prosise	RB	3	0	0	0	5	0	38	0	5	0	0	0	0	0	0
Nick Vannett	TE	3	0	0	0	0	0	9	0	1	0	0	0	0	0	0
Dwayne Washington	RB	3	0	0	0	0	0	0	0	0	0	0	0	0	0	0
Alex Erickson	WR	3	0	0	0	0	0	13	0	1	0	0	0	0	0	0
J.D. McKissic	RB	3	0	0	0	44	0	0	0	0	0	0	0	0	0	0
Geronimo Allison	WR	3	0	0	0	0	0	-1	0	1	0	0	0	0	0	0
Robbie Chosen	WR	3	0	0	0	0	0	11	0	3	0	0	0	0	0	0
Peyton Barber	RB	3	0	0	0	48	0	7	0	2	0	0	0	0	0	0
Derrick Henry	RB	3	0	0	0	44	1	2	0	1	0	0	0	0	0	0
Michael Thomas	WR	3	0	0	0	0	0	54	1	5	0	0	0	0	0	0
Demarcus Robinson	WR	3	0	0	0	0	0	43	1	3	0	0	0	0	0	0
Tajae Sharpe	WR	3	0	0	0	0	0	70	0	2	0	0	0	0	0	0
Jordan Howard	RB	3	0	0	0	37	1	0	0	0	0	0	0	0	0	0
Wendell Smallwood	RB	3	0	0	0	0	0	0	0	0	0	0	0	0	0	0
Jakeem Grant	WR	3	0	0	0	4	0	27	0	4	0	0	0	0	0	0
Danny Vitale	RB	3	0	0	0	0	0	27	0	1	0	0	0	0	0	0
Cody Core	WR	3	0	0	0	0	0	0	0	0	0	0	0	0	0	0
Johnny Holton	WR	3	0	0	0	9	0	0	0	0	0	0	0	0	0	0
DeAndre Washington	RB	3	0	0	0	22	0	0	0	0	0	0	0	0	0	0
Carson Wentz	QB	3	259	2	0	33	0	0	0	0	0	0	0	0	0	0
Tyler Boyd	WR	3	0	0	0	0	0	68	0	6	0	0	0	0	0	0
Jalen Richard	RB	3	0	0	0	15	0	14	0	3	0	0	0	0	0	0
Ezekiel Elliott	RB	3	0	0	0	125	0	14	0	2	0	0	0	0	0	0
Dak Prescott	QB	3	246	2	1	7	1	0	0	0	0	0	0	0	0	0
Jared Goff	QB	3	268	2	2	14	0	0	0	0	1	0	0	0	0	0
Kenyan Drake	RB	3	0	0	0	38	0	34	0	3	0	1	0	0	0	0
Jacoby Brissett	QB	3	310	2	0	4	0	0	0	0	0	0	0	0	0	0
Will Fuller	WR	3	0	0	0	0	0	51	0	5	0	0	0	0	0	0
Mo Alie-Cox	TE	3	0	0	0	0	0	25	0	2	0	0	0	0	0	0
Zach Pascal	WR	3	0	0	0	0	0	53	1	2	0	0	0	0	0	0
JoJo Natson	WR	3	0	0	0	0	0	0	0	0	0	0	0	0	0	0
Christian McCaffrey	RB	3	0	0	0	153	1	35	0	3	0	0	0	0	0	0
Curtis Samuel	WR	3	0	0	0	0	0	53	1	5	0	0	0	0	0	0
George Kittle	TE	3	0	0	0	0	0	57	0	6	0	0	0	0	0	0
Aaron Jones	RB	3	0	0	0	19	2	4	0	1	0	0	0	0	0	0
Alex Armah	RB	3	0	0	0	4	0	2	0	1	0	0	0	0	0	0
Kendrick Bourne	WR	3	0	0	0	0	0	22	0	1	0	0	0	0	0	0
Matt Breida	RB	3	0	0	0	68	0	20	0	2	0	0	0	0	0	0
Taysom Hill	TE	3	0	0	0	5	0	5	0	1	0	0	0	0	0	0
Antony Auclair	TE	3	0	0	0	0	0	0	0	0	0	0	0	0	0	0
Bobo Wilson	WR	3	0	0	0	0	0	0	0	0	0	0	0	0	0	0
Pharaoh Brown	TE	3	0	0	0	0	0	0	0	0	0	0	0	0	0	0
John Ross	WR	3	0	0	0	0	0	22	0	2	0	0	1	0	0	0
Isaiah McKenzie	WR	3	0	0	0	10	0	9	0	1	0	0	0	0	0	0
Samaje Perine	RB	3	0	0	0	0	0	0	0	0	0	0	0	0	0	0
Jeremy Sprinkle	TE	3	0	0	0	0	0	19	0	2	0	0	0	0	0	0
Mike Williams	WR	3	0	0	0	0	0	45	0	3	0	0	0	0	0	0
Deshaun Watson	QB	3	351	3	0	18	0	0	0	0	0	1	0	0	0	0
James Conner	RB	3	0	0	0	43	0	14	0	4	0	1	0	0	0	0
Mack Hollins	WR	3	0	0	0	0	0	62	0	4	0	0	0	0	0	0
Tarik Cohen	RB	3	0	0	0	-2	0	26	0	2	0	0	0	0	0	0
Ryan Switzer	WR	3	0	0	0	0	0	0	0	0	0	0	0	0	0	0
Jamal Agnew	WR	3	0	0	0	0	0	0	0	0	0	0	0	0	0	0
David Moore	WR	3	0	0	0	0	0	29	0	1	0	0	0	0	0	0
Chris Carson	RB	3	0	0	0	52	0	-2	0	1	0	1	0	0	0	0
Ricky Seals-Jones	TE	3	0	0	0	0	0	14	0	1	0	0	0	0	0	0
Blake Jarwin	TE	3	0	0	0	0	0	3	0	1	0	0	0	0	0	0
Sean Culkin	TE	3	0	0	0	0	0	0	0	0	0	0	0	0	0	0
Austin Ekeler	RB	3	0	0	0	36	0	45	0	7	0	0	0	0	0	0
Robert Tonyan	TE	3	0	0	0	0	0	4	0	1	0	0	0	0	0	0
Dede Westbrook	WR	3	0	0	0	4	0	46	0	5	0	0	0	0	0	0
Dare Ogunbowale	RB	3	0	0	0	0	0	23	0	3	0	0	0	0	0	0
Leonard Fournette	RB	3	0	0	0	66	0	26	0	6	0	0	0	0	0	0
JuJu Smith-Schuster	WR	3	0	0	0	0	0	81	1	3	0	0	0	0	0	0
Jonnu Smith	TE	3	0	0	0	0	0	20	0	2	0	0	0	0	0	0
Mitchell Trubisky	QB	3	231	3	1	2	0	0	0	0	0	0	0	0	0	0
Corey Davis	WR	3	0	0	0	0	0	44	0	3	0	0	0	0	0	0
Patrick Mahomes	QB	3	374	3	0	9	0	0	0	0	0	0	0	0	0	0
O.J. Howard	TE	3	0	0	0	0	0	66	0	3	0	0	0	0	0	0
Evan Engram	TE	3	0	0	0	0	0	113	1	6	0	0	0	0	0	0
Zay Jones	WR	3	0	0	0	0	0	33	0	2	0	0	0	0	0	0
Dalvin Cook	RB	3	0	0	0	110	1	33	0	4	0	0	0	0	0	0
Gerald Everett	TE	3	0	0	0	0	0	15	0	2	0	0	0	0	0	0
Adam Shaheen	TE	3	0	0	0	0	0	7	0	1	0	0	0	0	0	0
Joe Mixon	RB	3	0	0	0	60	0	34	1	2	0	0	0	0	0	0
Alvin Kamara	RB	3	0	0	0	69	1	92	1	9	0	0	0	0	0	0
Cooper Kupp	WR	3	0	0	0	0	0	101	2	11	0	0	0	0	0	0
Chris Godwin Jr.	WR	3	0	0	0	0	0	40	0	3	0	0	0	0	0	0
Kenny Golladay	WR	3	0	0	0	0	0	17	0	2	0	0	0	0	0	0
Josh Reynolds	WR	3	0	0	0	0	0	0	0	0	0	0	0	0	0	0
Jamaal Williams	RB	3	0	0	0	59	0	27	0	2	0	0	0	0	0	0
Wayne Gallman	RB	3	0	0	0	13	0	0	0	0	0	0	0	0	0	0
Marlon Mack	RB	3	0	0	0	74	1	14	0	2	0	0	0	0	0	0
Phillip Lindsay	RB	3	0	0	0	81	2	49	0	4	0	0	0	0	0	0
Jeff Wilson	RB	3	0	0	0	18	2	0	0	0	0	0	0	0	0	0
Will Dissly	TE	3	0	0	0	0	0	62	1	6	0	0	0	0	0	0
Gus Edwards	RB	3	0	0	0	53	0	15	0	2	0	0	0	0	0	0
Mike Boone	RB	3	0	0	0	28	0	0	0	0	0	0	0	0	0	0
Dontrell Hilliard	RB	3	0	0	0	0	0	0	0	0	0	0	0	0	0	0
Marquez Valdes-Scantling	WR	3	0	0	0	0	0	99	1	6	0	0	0	0	0	0
Damion Ratley	WR	3	0	0	0	0	0	26	0	3	0	0	0	0	0	0
Richie James	WR	3	0	0	0	0	0	22	0	2	0	0	0	0	0	0
Byron Pringle	WR	3	0	0	0	0	0	7	0	1	0	0	0	0	0	0
Darrel Williams	RB	3	0	0	0	62	0	47	0	5	0	0	0	0	0	0
Chad Beebe	WR	3	0	0	0	0	0	0	0	0	0	0	0	0	0	0
Trey Quinn	WR	3	0	0	0	0	0	30	0	5	0	0	0	0	0	0
Josh Rosen	QB	3	200	0	0	13	0	0	0	0	0	0	0	0	0	0
Courtland Sutton	WR	3	0	0	0	0	0	87	0	5	0	0	0	0	0	0
Kerryon Johnson	RB	3	0	0	0	36	1	7	0	1	0	0	0	0	0	0
Dallas Goedert	TE	3	0	0	0	0	0	0	0	0	0	0	0	0	0	0
Anthony Miller	WR	3	0	0	0	0	0	15	0	1	0	0	0	0	0	0
Jordan Akins	TE	3	0	0	0	0	0	73	2	3	0	0	0	0	0	0
Nyheim Hines	RB	3	0	0	0	3	0	26	0	3	0	0	0	0	0	0
Ito Smith	RB	3	0	0	0	0	0	0	0	0	0	0	0	0	0	0
Dalton Schultz	TE	3	0	0	0	0	0	0	0	0	0	0	0	0	0	0
Justin Watson	WR	3	0	0	0	0	0	0	0	0	0	0	0	0	0	0
Jordan Wilkins	RB	3	0	0	0	-2	0	0	0	0	0	0	0	0	0	0
Deon Cain	WR	3	0	0	0	0	0	10	0	1	0	0	0	0	0	0
Ray-Ray McCloud	WR	3	0	0	0	0	0	0	0	0	0	0	0	0	0	0
Luke Falk	QB	3	98	0	1	0	0	0	0	0	0	0	0	0	0	0
Cedrick Wilson Jr.	WR	3	0	0	0	0	0	0	0	0	0	0	0	0	0	0
Braxton Berrios	WR	3	0	0	0	0	0	29	0	2	0	0	0	0	0	0
Javon Wims	WR	3	0	0	0	0	0	8	0	1	0	0	0	0	0	0
Nick Bawden	RB	3	0	0	0	0	0	10	0	1	0	0	0	0	0	0
Ryan Izzo	TE	3	0	0	0	0	0	41	0	1	0	0	0	0	0	0
Justin Jackson	RB	3	0	0	0	26	0	4	0	4	0	0	0	0	0	0
Trent Sherfield	WR	3	0	0	0	0	0	0	0	0	0	0	0	0	0	0
Robert Foster	WR	3	0	0	0	0	0	0	0	0	0	0	0	0	0	0
Kyle Allen	QB	3	261	4	0	-1	0	0	0	0	1	0	0	0	0	0
Reggie Bonnafon	RB	3	0	0	0	5	0	0	0	0	0	0	0	0	0	0
James Washington	WR	3	0	0	0	0	0	14	0	2	0	0	0	0	0	0
Chase Edmonds	RB	3	0	0	0	15	0	10	0	1	0	0	0	0	0	0
Auden Tate	WR	3	0	0	0	0	0	88	0	6	0	0	1	0	0	0
Mark Andrews	TE	3	0	0	0	0	0	15	0	3	0	0	0	0	0	0
Mason Rudolph	QB	3	174	2	1	15	0	0	0	0	0	0	0	0	0	0
Christian Kirk	WR	3	0	0	0	0	0	59	0	10	0	0	0	0	0	0
DJ Chark	WR	3	0	0	0	0	0	76	1	4	0	0	0	0	0	0
Nick Chubb	RB	3	0	0	0	96	0	35	0	4	0	0	0	0	0	0
Lamar Jackson	QB	3	267	0	0	46	1	0	0	0	0	0	0	0	0	0
Durham Smythe	TE	3	0	0	0	0	0	0	0	0	0	0	0	0	0	0
Kalen Ballage	RB	3	0	0	0	17	0	10	0	1	0	0	0	0	0	0
Ronald Jones	RB	3	0	0	0	80	0	41	0	1	0	0	0	0	0	0
DJ Moore	WR	3	0	0	0	12	0	52	1	1	0	0	0	0	0	0
Mike Gesicki	TE	3	0	0	0	0	0	9	0	3	0	0	0	0	0	0
Hayden Hurst	TE	3	0	0	0	0	0	14	0	2	0	0	0	0	0	0
Calvin Ridley	WR	3	0	0	0	0	0	6	0	1	0	0	0	0	0	0
Royce Freeman	RB	3	0	0	0	63	0	10	0	4	0	0	0	0	0	0
Saquon Barkley	RB	3	0	0	0	10	0	27	0	4	0	0	0	0	0	0
Sony Michel	RB	3	0	0	0	11	1	0	0	0	0	0	0	0	0	0
Baker Mayfield	QB	3	195	1	1	-1	0	0	0	0	0	0	0	0	0	0
Josh Allen	QB	3	243	1	1	46	0	0	0	0	0	0	0	1	0	0
Dante Pettis	WR	3	0	0	0	0	0	20	1	4	0	0	0	0	0	0
Malik Turner	WR	3	0	0	0	0	0	19	0	2	0	0	0	0	0	0
Steven Sims	WR	3	0	0	0	0	0	24	0	2	0	0	0	0	0	0
Jakobi Meyers	WR	3	0	0	0	0	0	38	0	2	0	0	0	0	0	0
Irv Smith	TE	3	0	0	0	0	0	60	0	3	0	0	0	0	0	0
Alexander Mattison	RB	3	0	0	0	58	1	0	0	0	0	0	0	0	0	0
Justice Hill	RB	3	0	0	0	1	0	0	0	0	0	0	0	0	0	0
Foster Moreau	TE	3	0	0	0	0	0	1	0	1	0	0	0	0	0	0
Hunter Renfrow	WR	3	0	0	0	0	0	28	0	3	0	0	0	0	0	0
Mecole Hardman	WR	3	0	0	0	7	0	97	1	2	0	0	0	0	0	0
Darwin Thompson	RB	3	0	0	0	8	0	0	0	0	0	0	0	0	0	0
Darrius Shepherd	WR	3	0	0	0	0	0	0	0	0	0	0	0	0	0	0
Deonte Harty	WR	3	0	0	0	0	0	0	0	0	0	0	0	0	0	0
Diontae Johnson	WR	3	0	0	0	6	0	52	1	3	0	0	0	0	0	0
Benny Snell	RB	3	0	0	0	6	0	0	0	0	0	0	0	0	0	0
Zach Gentry	TE	3	0	0	0	0	0	0	0	0	0	0	0	0	0	0
Kyler Murray	QB	3	173	2	2	69	0	0	0	0	0	0	0	0	0	0
T.J. Hockenson	TE	3	0	0	0	0	0	1	0	1	0	0	0	0	0	0
Miles Sanders	RB	3	0	0	0	53	0	73	0	2	0	1	0	0	0	0
J.J. Arcega-Whiteside	WR	3	0	0	0	0	0	10	0	1	0	0	0	0	0	0
Tony Pollard	RB	3	0	0	0	103	1	25	0	3	0	0	0	0	0	0
Jarrett Stidham	QB	3	14	0	1	0	0	0	0	0	0	0	0	0	0	0
KeeSean Johnson	WR	3	0	0	0	0	0	13	0	3	0	0	0	0	0	0
Gardner Minshew	QB	3	204	2	0	18	0	0	0	0	0	0	0	0	0	0
Kelvin Harmon	WR	3	0	0	0	0	0	0	0	0	0	0	0	0	0	0
Tommy Sweeney	TE	3	0	0	0	0	0	3	0	1	0	0	0	0	0	0
Preston Williams	WR	3	0	0	0	0	0	68	0	4	0	0	0	0	0	0
Andy Isabella	WR	3	0	0	0	0	0	0	0	0	0	0	0	0	0	0
Darius Slayton	WR	3	0	0	0	0	0	82	0	3	0	0	0	0	0	0
Ty Johnson	RB	3	0	0	0	5	0	0	0	1	0	0	0	0	0	0
Parris Campbell	WR	3	0	0	0	0	0	24	0	3	0	0	0	0	0	0
DK Metcalf	WR	3	0	0	0	0	0	67	0	2	0	0	0	0	0	0
Noah Fant	TE	3	0	0	0	0	0	37	0	3	0	0	1	0	0	0
Gunner Olszewski	WR	3	0	0	0	0	0	0	0	0	0	0	0	0	0	0
Terry McLaurin	WR	3	0	0	0	0	0	70	1	6	0	0	0	0	0	0
Marquise Brown	WR	3	0	0	0	0	0	49	0	2	0	0	0	0	0	0
A.J. Brown	WR	3	0	0	0	0	0	4	0	1	0	0	0	0	0	0
David Montgomery	RB	3	0	0	0	67	0	14	0	3	0	0	0	0	0	0
Dawson Knox	TE	3	0	0	0	9	0	67	1	3	0	0	0	0	0	0
Josh Jacobs	RB	3	0	0	0	44	0	0	0	0	0	0	0	0	0	0
Miles Boykin	WR	3	0	0	0	0	0	0	0	0	0	0	0	0	0	0
Daniel Jones	QB	3	336	2	0	28	2	0	0	0	2	0	0	1	0	0
Deebo Samuel Sr.	WR	3	0	0	0	0	0	44	0	3	0	0	0	0	0	0
Tom Brady	QB	4	150	0	1	-3	0	0	0	0	0	0	0	0	0	0
Jason Witten	TE	4	0	0	0	0	0	50	0	4	0	0	1	0	0	0
Larry Fitzgerald	WR	4	0	0	0	0	0	47	0	5	0	0	0	0	0	0
Philip Rivers	QB	4	310	2	0	0	0	0	0	0	0	0	0	0	0	0
Aaron Rodgers	QB	4	422	2	1	46	0	0	0	0	1	0	0	0	0	0
Frank Gore	RB	4	0	0	0	109	0	0	0	0	0	0	0	0	0	0
Darren Sproles	RB	4	0	0	0	4	0	0	0	0	0	0	0	0	0	0
Vernon Davis	TE	4	0	0	0	0	0	5	0	1	0	0	0	0	0	0
Marcedes Lewis	TE	4	0	0	0	0	0	19	0	2	0	0	0	0	0	0
Delanie Walker	TE	4	0	0	0	0	0	4	0	1	0	0	0	0	0	0
Adrian Peterson	RB	4	0	0	0	28	0	0	0	0	0	0	0	0	0	0
Ted Ginn	WR	4	0	0	0	0	0	19	0	3	0	0	0	0	0	0
Greg Olsen	TE	4	0	0	0	0	0	5	0	2	0	0	0	0	0	0
Matt Ryan	QB	4	397	0	0	18	0	0	0	0	1	0	0	0	0	0
Joe Flacco	QB	4	303	3	1	-1	0	0	0	0	0	0	0	0	0	0
Matthew Slater	WR	4	0	0	0	0	0	0	0	0	0	0	0	0	0	0
Matthew Stafford	QB	4	291	3	0	18	0	0	0	0	1	0	0	0	0	0
Chase Daniel	QB	4	195	1	0	4	0	0	0	0	0	0	0	0	0	0
LeSean McCoy	RB	4	0	0	0	56	1	33	0	2	0	0	0	0	0	0
Jared Cook	TE	4	0	0	0	0	0	21	0	3	0	0	0	0	0	0
Julian Edelman	WR	4	0	0	0	0	0	30	0	4	0	0	0	0	0	0
Emmanuel Sanders	WR	4	0	0	0	0	0	104	0	5	0	0	0	0	0	0
Andre Roberts	WR	4	0	0	0	0	0	6	0	1	0	0	0	0	0	0
Jimmy Graham	TE	4	0	0	0	0	0	61	1	6	0	0	0	0	0	0
Julio Jones	WR	4	0	0	0	1	0	52	0	4	0	0	0	0	0	0
Mark Ingram	RB	4	0	0	0	71	0	0	0	1	0	1	0	0	1	0
Andy Dalton	QB	4	171	0	1	8	0	0	0	0	1	0	0	0	0	0
Kyle Rudolph	TE	4	0	0	0	0	0	12	0	1	0	0	0	0	0	0
Lance Kendricks	TE	4	0	0	0	0	0	37	0	2	0	0	0	0	0	0
Randall Cobb	WR	4	0	0	0	0	0	41	0	3	0	0	0	0	0	0
Luke Stocker	TE	4	0	0	0	0	0	0	0	0	0	0	0	0	0	0
Dion Lewis	RB	4	0	0	0	16	0	4	0	4	0	0	0	0	0	0
Lee Smith	TE	4	0	0	0	0	0	0	0	0	0	0	0	0	0	0
Charles Clay	TE	4	0	0	0	0	0	3	0	1	0	0	0	0	0	0
Tyrod Taylor	QB	4	7	0	0	-1	0	0	0	0	0	0	0	0	0	0
Chris Hogan	WR	4	0	0	0	0	0	6	0	1	0	0	0	0	0	0
Dontrelle Inman	WR	4	0	0	0	0	0	76	0	5	0	0	0	0	0	0
Case Keenum	QB	4	37	0	1	0	0	0	0	0	0	0	0	0	0	0
Cole Beasley	WR	4	0	0	0	0	0	75	0	7	0	0	0	0	0	0
Derek Carrier	TE	4	0	0	0	0	0	0	0	0	0	0	0	0	0	0
Alshon Jeffery	WR	4	0	0	0	0	0	38	1	3	0	0	0	0	0	0
Brandon Bolden	RB	4	0	0	0	4	1	0	0	0	0	0	0	0	0	0
Russell Wilson	QB	4	240	1	0	7	0	0	0	0	0	0	0	0	0	0
Marvin Jones	WR	4	0	0	0	0	0	77	0	3	0	0	0	0	0	0
Jarius Wright	WR	4	0	0	0	0	0	59	0	5	0	0	0	0	0	0
Rhett Ellison	TE	4	0	0	0	0	0	24	0	3	0	0	0	0	0	0
Kirk Cousins	QB	4	233	0	0	0	0	0	0	0	1	0	0	0	0	0
Mohamed Sanu	WR	4	0	0	0	0	0	91	0	9	0	0	0	0	0	0
Josh Gordon	WR	4	0	0	0	0	0	46	0	3	0	0	0	0	0	0
Darren Fells	TE	4	0	0	0	0	0	12	0	1	0	0	0	0	0	0
Adam Thielen	WR	4	0	0	0	0	0	6	0	2	0	0	0	0	0	0
Zach Ertz	TE	4	0	0	0	0	0	65	0	7	0	0	0	0	0	0
Kenny Stills	WR	4	0	0	0	0	0	24	0	2	0	0	0	0	0	0
Luke Willson	TE	4	0	0	0	0	0	26	0	2	0	0	0	0	0	0
Demetrius Harris	TE	4	0	0	0	0	0	0	0	0	0	0	0	0	0	0
Jack Doyle	TE	4	0	0	0	0	0	22	1	4	0	0	0	0	0	0
Josh Hill	TE	4	0	0	0	0	0	29	0	3	0	0	0	0	0	0
Keenan Allen	WR	4	0	0	0	0	0	48	0	5	0	0	0	0	0	0
Rex Burkhead	RB	4	0	0	0	0	0	7	0	1	0	0	0	0	0	0
Jaron Brown	WR	4	0	0	0	0	0	50	0	3	0	0	0	0	0	0
Chris Thompson	RB	4	0	0	0	4	0	56	0	4	0	0	0	0	0	0
Robert Woods	WR	4	0	0	0	0	0	164	0	13	0	0	0	0	0	0
Giovani Bernard	RB	4	0	0	0	3	0	16	0	4	0	0	0	0	0	0
Travis Kelce	TE	4	0	0	0	0	0	85	0	7	0	0	0	0	0	0
Latavius Murray	RB	4	0	0	0	14	0	6	0	1	0	0	0	0	0	0
Tavon Austin	WR	4	0	0	0	3	0	5	0	1	0	0	0	0	0	0
Matt Barkley	QB	4	127	0	1	0	0	0	0	0	0	0	0	0	0	0
Tyler Eifert	TE	4	0	0	0	0	0	27	0	2	0	0	0	0	0	0
DeAndre Hopkins	WR	4	0	0	1	0	0	41	0	5	0	0	0	0	0	0
Cordarrelle Patterson	RB	4	0	0	0	4	0	3	0	1	0	0	0	0	0	0
Willie Snead	WR	4	0	0	0	0	0	61	1	2	0	0	0	0	0	0
Bennie Fowler	WR	4	0	0	0	0	0	3	0	1	0	0	0	0	0	0
Trey Burton	TE	4	0	0	0	0	0	16	0	2	0	0	0	0	0	0
Carlos Hyde	RB	4	0	0	0	58	0	6	0	4	0	0	0	0	0	0
John Brown	WR	4	0	0	0	0	0	69	0	5	0	0	0	0	0	0
De'Anthony Thomas	WR	4	0	0	0	0	0	0	0	0	0	0	0	0	0	0
James White	RB	4	0	0	0	1	0	57	0	8	0	0	0	0	0	0
Seth Roberts	WR	4	0	0	0	0	0	36	0	4	0	0	0	0	0	0
T.J. Jones	WR	4	0	0	0	0	0	0	0	0	0	0	0	0	0	0
Odell Beckham Jr.	WR	4	0	0	0	0	0	20	0	2	0	0	0	0	0	0
Brandin Cooks	WR	4	0	0	0	0	0	71	0	6	0	0	0	0	0	0
Teddy Bridgewater	QB	4	193	0	1	8	0	0	0	0	0	0	0	0	0	0
Paul Richardson	WR	4	0	0	0	0	0	14	0	3	0	0	0	0	0	0
Logan Thomas	TE	4	0	0	0	0	0	25	0	3	0	0	0	0	0	0
Cameron Brate	TE	4	0	0	0	0	0	36	1	3	0	0	0	0	0	0
Derek Carr	QB	4	189	2	0	-1	0	0	0	0	0	1	0	0	0	0
Devonta Freeman	RB	4	0	0	0	28	0	72	0	8	0	0	0	0	0	0
Diontae Spencer	WR	4	0	0	0	0	0	8	0	1	0	0	0	0	0	0
Sammy Watkins	WR	4	0	0	0	0	0	54	0	3	0	0	1	0	0	0
Cody Latimer	WR	4	0	0	0	0	0	0	0	0	0	0	0	0	0	0
Davante Adams	WR	4	0	0	0	0	0	180	0	10	0	0	0	0	0	0
Jarvis Landry	WR	4	0	0	0	0	0	167	0	8	0	0	0	0	0	0
Eric Ebron	TE	4	0	0	0	0	0	48	1	1	0	0	0	0	0	0
Mike Evans	WR	4	0	0	0	0	0	89	1	4	0	0	0	0	0	0
Allen Robinson	WR	4	0	0	0	0	0	77	0	7	0	0	0	0	0	0
Marqise Lee	WR	4	0	0	0	0	0	5	0	1	0	0	0	0	0	0
Jameis Winston	QB	4	385	4	1	-1	0	0	0	0	0	0	0	0	0	0
Amari Cooper	WR	4	0	0	0	0	0	48	0	5	0	0	0	0	0	0
DeVante Parker	WR	4	0	0	0	0	0	70	1	4	0	0	0	0	0	0
Nelson Agholor	WR	4	0	0	0	0	0	0	0	0	0	0	0	0	0	0
Maxx Williams	TE	4	0	0	0	0	0	21	0	1	0	0	0	0	0	0
Stefon Diggs	WR	4	0	0	0	0	0	108	0	7	0	0	1	0	0	0
Nick Boyle	TE	4	0	0	0	0	0	9	0	1	0	0	0	0	0	0
Darren Waller	TE	4	0	0	0	0	0	53	0	7	0	0	0	0	0	0
DeAndre Carter	WR	4	0	0	0	0	0	0	0	0	0	0	0	0	0	0
Malcolm Brown	RB	4	0	0	0	14	0	0	0	0	0	0	0	0	0	0
Devin Smith	WR	4	0	0	0	0	0	0	0	0	0	0	0	0	0	0
James O'Shaughnessy	TE	4	0	0	0	0	0	18	1	1	0	0	0	0	0	0
Geremy Davis	WR	4	0	0	0	0	0	25	0	2	0	0	0	0	0	0
Darius Jennings	WR	4	0	0	0	0	0	6	0	1	0	0	0	0	0	0
Adam Humphries	WR	4	0	0	0	0	0	15	0	2	0	0	0	0	0	0
Breshad Perriman	WR	4	0	0	0	0	0	0	0	0	0	0	0	0	0	0
Blake Bell	TE	4	0	0	0	0	0	0	0	0	0	0	0	0	0	0
Ameer Abdullah	RB	4	0	0	0	0	0	14	0	2	0	0	0	0	0	0
Nick O'Leary	TE	4	0	0	0	0	0	9	0	1	0	0	0	0	0	0
Chris Conley	WR	4	0	0	0	0	0	17	0	1	0	0	0	0	0	0
C.J. Uzomah	TE	4	0	0	0	0	0	0	0	0	0	0	0	0	0	0
Jesse James	TE	4	0	0	0	0	0	0	0	0	0	0	0	0	0	0
Geoff Swaim	TE	4	0	0	0	0	0	17	0	3	0	0	0	0	0	0
Tyrell Williams	WR	4	0	0	0	0	0	36	1	3	0	0	0	0	0	0
David Johnson	RB	4	0	0	0	40	0	99	0	8	0	0	0	0	0	0
Phillip Dorsett	WR	4	0	0	0	9	0	10	0	2	0	0	0	0	0	0
T.J. Yeldon	RB	4	0	0	0	0	0	68	0	4	0	0	0	0	0	0
Tyler Lockett	WR	4	0	0	0	0	0	51	0	4	0	0	0	0	0	0
Todd Gurley	RB	4	0	0	0	16	2	54	0	7	0	0	0	0	0	0
Duke Johnson	RB	4	0	0	0	56	0	22	0	2	0	0	0	0	0	0
Marcus Mariota	QB	4	227	3	0	22	0	0	0	0	0	0	0	0	0	0
Chester Rogers	WR	4	0	0	0	0	0	48	1	3	0	0	0	0	0	0
Sterling Shepard	WR	4	0	0	0	23	0	76	0	7	0	0	0	0	0	0
Austin Hooper	TE	4	0	0	0	0	0	130	0	9	0	0	0	0	0	0
C.J. Prosise	RB	4	0	0	0	4	1	0	0	0	0	0	0	0	0	0
Nick Vannett	TE	4	0	0	0	0	0	28	0	2	0	0	0	0	0	0
Chris Moore	WR	4	0	0	0	0	0	0	0	0	0	0	0	0	0	0
Trevor Davis	WR	4	0	0	0	74	1	0	0	0	0	0	0	0	0	0
Alex Erickson	WR	4	0	0	0	0	0	0	0	0	0	0	0	0	0	0
J.D. McKissic	RB	4	0	0	0	30	0	11	0	1	0	0	0	0	0	0
Geronimo Allison	WR	4	0	0	0	7	0	52	1	3	0	0	0	0	0	0
Peyton Barber	RB	4	0	0	0	19	1	0	0	0	0	0	0	0	0	0
Derrick Henry	RB	4	0	0	0	100	0	8	0	1	0	0	0	0	0	0
Michael Thomas	WR	4	0	0	0	0	0	95	0	9	0	0	0	0	0	0
Demarcus Robinson	WR	4	0	0	0	0	0	35	0	4	0	0	0	0	0	0
Jordan Howard	RB	4	0	0	0	87	2	28	1	3	0	0	0	0	0	0
Wendell Smallwood	RB	4	0	0	0	0	0	14	0	1	0	0	0	0	0	0
Jakeem Grant	WR	4	0	0	0	-2	0	6	0	1	0	0	0	0	0	0
Danny Vitale	RB	4	0	0	0	3	0	15	0	2	0	0	0	0	0	0
Cody Core	WR	4	0	0	0	0	0	0	0	0	0	0	0	0	0	0
Johnny Holton	WR	4	0	0	0	0	0	0	0	0	0	0	0	0	0	0
DeAndre Washington	RB	4	0	0	0	18	0	8	0	2	0	0	0	0	0	0
Carson Wentz	QB	4	160	3	0	13	0	0	0	0	0	0	0	0	0	0
Devontae Booker	RB	4	0	0	0	0	0	0	0	0	0	0	0	0	0	0
J.P. Holtz	TE	4	0	0	0	0	0	7	0	1	0	0	0	0	0	0
Tyler Boyd	WR	4	0	0	0	0	0	33	0	3	0	0	0	0	0	0
Jalen Richard	RB	4	0	0	0	17	0	1	0	1	0	0	0	0	0	0
Ezekiel Elliott	RB	4	0	0	0	35	1	30	0	6	0	1	0	0	0	0
Dak Prescott	QB	4	223	0	1	7	0	0	0	0	0	0	0	0	0	0
Marvin Hall	WR	4	0	0	0	0	0	47	0	2	0	0	0	0	0	0
Jared Goff	QB	4	517	2	3	0	0	0	0	0	1	0	0	0	0	0
Tyler Higbee	TE	4	0	0	0	0	0	41	0	4	0	0	0	0	0	0
Kenyan Drake	RB	4	0	0	0	44	0	29	0	3	0	0	0	0	0	0
Jacoby Brissett	QB	4	265	3	1	19	0	0	0	0	0	0	0	0	0	0
Will Fuller	WR	4	0	0	0	0	0	23	0	3	0	0	0	0	0	0
Troymaine Pope	RB	4	0	0	0	20	0	14	1	2	0	0	0	0	0	0
Zach Pascal	WR	4	0	0	0	0	0	72	0	4	0	0	0	0	0	0
JoJo Natson	WR	4	0	0	0	0	0	0	0	0	0	0	0	0	0	0
Christian McCaffrey	RB	4	0	0	0	93	1	86	0	10	0	0	0	0	0	0
Curtis Samuel	WR	4	0	0	0	1	0	32	0	3	0	0	0	0	0	0
Aaron Jones	RB	4	0	0	0	21	1	37	0	6	0	0	0	0	0	0
Taysom Hill	TE	4	0	0	0	16	0	0	0	0	0	0	0	0	0	0
Patrick Ricard	RB	4	0	0	0	0	0	0	0	0	0	0	0	0	0	0
Bobo Wilson	WR	4	0	0	0	0	0	14	0	1	0	0	0	0	0	0
Pharaoh Brown	TE	4	0	0	0	0	0	18	0	1	0	0	0	0	0	0
John Ross	WR	4	0	0	0	0	0	36	0	3	0	0	0	0	0	0
Isaiah Ford	WR	4	0	0	0	0	0	9	0	2	0	0	0	0	0	0
Jeremy Sprinkle	TE	4	0	0	0	0	0	20	0	1	0	0	0	0	0	0
Robert Davis	WR	4	0	0	0	0	0	11	0	1	0	0	0	0	0	0
Deshaun Watson	QB	4	160	0	0	12	1	0	0	0	1	0	0	0	0	0
James Conner	RB	4	0	0	0	42	0	83	1	8	0	0	0	0	0	0
Mack Hollins	WR	4	0	0	0	0	0	13	0	1	0	0	0	0	0	0
Tarik Cohen	RB	4	0	0	0	11	0	7	1	2	0	0	0	0	0	0
Ryan Switzer	WR	4	0	0	0	0	0	0	0	0	0	0	0	0	0	0
Jamal Agnew	WR	4	0	0	0	0	0	0	0	0	0	0	0	0	0	0
David Moore	WR	4	0	0	0	0	0	9	0	1	0	0	0	0	0	0
Chris Carson	RB	4	0	0	0	104	0	41	0	4	0	0	0	0	0	0
Ricky Seals-Jones	TE	4	0	0	0	0	0	82	1	3	0	0	0	0	0	0
Blake Jarwin	TE	4	0	0	0	0	0	49	0	3	0	0	0	0	0	0
Keelan Cole	WR	4	0	0	0	0	0	19	0	1	0	0	0	0	0	0
Sean Culkin	TE	4	0	0	0	0	0	12	0	1	0	0	0	0	0	0
Austin Ekeler	RB	4	0	0	0	60	1	62	1	5	0	0	0	0	0	0
Andre Patton	WR	4	0	0	0	0	0	22	0	2	0	0	0	0	0	0
Robert Tonyan	TE	4	0	0	0	0	0	11	0	1	0	0	0	0	0	0
T.J. Logan	RB	4	0	0	0	0	0	0	0	0	0	0	0	0	0	0
Dede Westbrook	WR	4	0	0	0	0	0	66	0	5	0	0	0	0	0	0
Dare Ogunbowale	RB	4	0	0	0	0	0	16	0	3	0	0	0	0	0	0
Leonard Fournette	RB	4	0	0	0	225	0	20	0	2	0	0	0	0	0	0
JuJu Smith-Schuster	WR	4	0	0	0	0	0	15	0	3	0	0	0	0	0	0
Jonnu Smith	TE	4	0	0	0	0	0	5	0	1	0	0	0	0	0	0
Mitchell Trubisky	QB	4	9	0	0	0	0	0	0	0	0	0	0	0	0	0
Corey Davis	WR	4	0	0	0	0	0	91	1	5	0	0	0	0	0	0
Patrick Mahomes	QB	4	315	0	0	54	0	0	0	0	0	0	0	0	0	0
O.J. Howard	TE	4	0	0	0	0	0	33	0	3	0	0	0	0	0	0
Evan Engram	TE	4	0	0	0	0	0	54	0	4	0	0	0	0	0	0
Zay Jones	WR	4	0	0	0	0	0	4	0	2	0	0	0	0	0	0
Dalvin Cook	RB	4	0	0	0	35	1	35	0	6	0	0	0	0	0	0
Gerald Everett	TE	4	0	0	0	0	0	44	1	5	0	0	0	0	0	0
Adam Shaheen	TE	4	0	0	0	0	0	13	0	2	0	0	0	0	0	0
Joe Mixon	RB	4	0	0	0	62	0	1	0	4	0	0	0	0	0	0
Alvin Kamara	RB	4	0	0	0	69	0	20	0	3	0	0	0	0	0	0
Cooper Kupp	WR	4	0	0	0	-2	0	121	1	9	0	0	0	0	0	0
Taywan Taylor	WR	4	0	0	0	0	0	0	0	0	0	0	0	0	0	0
Chris Godwin Jr.	WR	4	0	0	0	0	0	172	2	12	0	0	0	0	0	0
Kenny Golladay	WR	4	0	0	0	0	0	67	2	5	0	0	0	0	0	0
Josh Reynolds	WR	4	0	0	0	0	0	22	0	1	0	0	0	0	0	0
Jamaal Williams	RB	4	0	0	0	0	0	0	0	1	0	0	0	0	0	0
Wayne Gallman	RB	4	0	0	0	63	1	55	1	6	0	1	0	0	0	0
Marlon Mack	RB	4	0	0	0	39	0	0	0	0	0	0	0	0	0	0
Fred Brown	WR	4	0	0	0	0	0	0	0	0	0	0	0	0	0	0
Phillip Lindsay	RB	4	0	0	0	53	0	7	0	1	0	0	0	0	0	0
Will Dissly	TE	4	0	0	0	0	0	57	1	7	0	0	0	0	0	0
Gus Edwards	RB	4	0	0	0	28	0	8	0	1	0	0	0	0	0	0
Dontrell Hilliard	RB	4	0	0	0	27	1	27	0	2	0	0	0	0	0	0
Marquez Valdes-Scantling	WR	4	0	0	0	0	0	47	0	3	0	0	0	0	0	0
Damion Ratley	WR	4	0	0	0	0	0	10	0	1	0	0	0	0	0	0
Byron Pringle	WR	4	0	0	0	0	0	13	0	1	0	0	0	0	0	0
Darrel Williams	RB	4	0	0	0	13	2	43	0	3	0	1	0	0	0	0
Deon Yelder	TE	4	0	0	0	0	0	43	0	2	0	0	0	0	0	0
Jaylen Samuels	RB	4	31	0	0	26	1	57	0	8	0	0	0	0	0	0
Trey Quinn	WR	4	0	0	0	0	0	10	0	2	0	0	0	0	0	0
Josh Rosen	QB	4	180	1	1	0	0	0	0	0	0	0	0	0	0	0
Courtland Sutton	WR	4	0	0	0	0	0	62	2	6	0	0	0	0	0	0
Kerryon Johnson	RB	4	0	0	0	125	0	32	0	2	0	1	0	0	0	0
Dallas Goedert	TE	4	0	0	0	0	0	16	1	2	0	0	0	0	0	0
Anthony Miller	WR	4	0	0	0	0	0	11	0	2	0	0	0	0	0	0
Jordan Akins	TE	4	0	0	0	0	0	21	0	3	0	0	0	0	0	0
Keke Coutee	WR	4	0	0	0	10	0	11	0	1	0	0	0	0	0	0
Nyheim Hines	RB	4	0	0	0	6	0	39	0	6	0	0	0	0	0	0
DaeSean Hamilton	WR	4	0	0	0	0	0	57	0	3	0	0	0	0	0	0
Ito Smith	RB	4	0	0	0	11	1	20	0	2	0	0	0	0	0	0
Justin Watson	WR	4	0	0	0	0	0	13	0	1	0	0	0	0	0	0
Jordan Wilkins	RB	4	0	0	0	17	0	11	0	1	0	0	0	0	0	0
Deon Cain	WR	4	0	0	0	0	0	0	0	0	0	0	0	0	0	0
Ray-Ray McCloud	WR	4	0	0	0	0	0	0	0	0	0	0	0	0	0	0
Javon Wims	WR	4	0	0	0	0	0	56	0	4	0	0	0	0	0	0
Nick Bawden	RB	4	0	0	0	0	0	4	0	1	0	0	0	0	0	0
Ryan Izzo	TE	4	0	0	0	0	0	0	0	0	0	0	0	0	0	0
Trent Sherfield	WR	4	0	0	0	0	0	15	0	1	0	0	0	0	0	0
Kyle Allen	QB	4	232	0	0	0	0	0	0	0	3	0	0	0	0	0
James Washington	WR	4	0	0	0	0	0	0	0	0	0	0	0	0	0	0
Mark Walton	RB	4	0	0	0	23	0	11	0	2	0	0	0	0	0	0
Chase Edmonds	RB	4	0	0	0	37	0	0	0	0	0	0	0	0	0	0
Auden Tate	WR	4	0	0	0	0	0	50	0	4	0	0	0	0	0	0
Mark Andrews	TE	4	0	0	0	0	0	31	1	4	0	0	0	0	0	0
Mason Rudolph	QB	4	229	2	0	-3	0	0	0	0	0	0	0	0	0	0
Christian Kirk	WR	4	0	0	0	6	0	37	0	4	0	0	0	0	0	0
DJ Chark	WR	4	0	0	0	0	0	44	0	4	0	0	0	0	0	0
Jaeden Graham	TE	4	0	0	0	0	0	0	0	0	0	0	0	0	0	0
Nick Chubb	RB	4	0	0	0	165	3	18	0	3	0	0	0	0	0	0
Lamar Jackson	QB	4	247	3	2	66	0	0	0	0	0	0	0	0	0	0
Durham Smythe	TE	4	0	0	0	0	0	0	0	0	0	0	0	0	0	0
Kalen Ballage	RB	4	0	0	0	7	0	0	0	0	0	0	0	0	0	0
Ronald Jones	RB	4	0	0	0	70	1	12	0	1	0	0	0	0	0	0
DJ Moore	WR	4	0	0	0	0	0	44	0	3	0	0	0	0	0	0
Hayden Hurst	TE	4	0	0	0	0	0	39	0	2	0	0	0	0	0	0
Calvin Ridley	WR	4	0	0	0	0	0	32	0	3	0	0	0	0	0	0
Royce Freeman	RB	4	0	0	0	16	0	34	0	4	0	0	0	0	0	0
Sony Michel	RB	4	0	0	0	63	0	0	0	0	0	0	0	0	0	0
KhaDarel Hodge	WR	4	0	0	0	0	0	0	0	0	0	0	0	0	0	0
Baker Mayfield	QB	4	342	1	1	1	0	0	0	0	0	0	0	0	0	0
Josh Allen	QB	4	153	0	3	26	1	0	0	0	0	0	0	0	0	0
Steven Sims	WR	4	0	0	0	0	0	0	0	0	0	0	0	0	0	0
Irv Smith	TE	4	0	0	0	0	0	5	0	1	0	0	0	0	0	0
Alexander Mattison	RB	4	0	0	0	5	0	8	0	1	0	0	0	0	0	0
Justice Hill	RB	4	0	0	0	8	0	9	0	2	0	0	0	0	0	0
Foster Moreau	TE	4	0	0	0	0	0	30	1	3	0	0	0	0	0	0
Hunter Renfrow	WR	4	0	0	0	0	0	18	0	2	0	0	0	0	0	0
Bisi Johnson	WR	4	0	0	0	0	0	35	0	4	0	0	0	0	0	0
Jon Hilliman	RB	4	0	0	0	33	0	0	0	0	0	1	0	0	0	0
Ashton Dulin	WR	4	0	0	0	0	0	0	0	0	0	0	0	0	0	0
Keelan Doss	WR	4	0	0	0	0	0	14	0	1	0	0	0	0	0	0
Mecole Hardman	WR	4	0	0	0	0	0	9	0	2	0	0	0	0	0	0
Darrius Shepherd	WR	4	0	0	0	0	0	0	0	0	0	0	0	0	0	0
Deonte Harty	WR	4	0	0	0	10	0	0	0	0	0	0	0	0	0	0
Diontae Johnson	WR	4	0	0	0	0	0	77	1	6	0	0	1	0	0	0
Benny Snell	RB	4	0	0	0	1	0	0	0	0	0	0	0	0	0	0
Kyler Murray	QB	4	241	0	1	27	1	0	0	0	0	0	0	0	0	0
T.J. Hockenson	TE	4	0	0	0	0	0	27	1	3	0	0	0	0	0	0
Dwayne Haskins	QB	4	107	0	3	23	0	0	0	0	0	0	0	0	0	0
Miles Sanders	RB	4	0	0	0	72	0	0	0	0	0	0	0	0	0	0
Ryquell Armstead	RB	4	0	0	0	42	0	7	1	1	0	0	0	0	0	0
KeeSean Johnson	WR	4	0	0	0	0	0	19	0	2	0	0	0	0	0	0
Gardner Minshew	QB	4	213	2	0	2	0	0	0	0	0	0	0	0	0	0
Kelvin Harmon	WR	4	0	0	0	0	0	14	0	2	0	0	0	0	0	0
Scott Miller	WR	4	0	0	0	0	0	0	0	0	0	0	0	0	0	0
Preston Williams	WR	4	0	0	0	0	0	46	0	4	0	0	0	0	0	0
Damion Willis	WR	4	0	0	0	0	0	8	0	1	0	0	0	0	0	0
Lil'Jordan Humphrey	WR	4	0	0	0	0	0	0	0	0	0	0	0	0	0	0
Andy Isabella	WR	4	0	0	0	5	0	0	0	0	0	0	0	0	0	0
Darius Slayton	WR	4	0	0	0	0	0	13	0	2	0	0	0	0	0	0
Ty Johnson	RB	4	0	0	0	13	0	1	0	1	0	0	0	0	0	0
D'Ernest Johnson	RB	4	0	0	0	0	0	0	0	0	0	0	0	0	0	0
Parris Campbell	WR	4	0	0	0	0	0	25	0	5	0	0	1	0	0	0
DK Metcalf	WR	4	0	0	0	0	0	6	0	1	0	0	0	0	0	0
Noah Fant	TE	4	0	0	0	0	0	31	1	2	0	0	0	0	0	0
Gunner Olszewski	WR	4	0	0	0	0	0	0	0	0	0	0	0	0	0	0
Marquise Brown	WR	4	0	0	0	0	0	22	0	4	0	0	0	0	0	0
A.J. Brown	WR	4	0	0	0	0	0	94	2	3	0	0	0	0	0	0
David Montgomery	RB	4	0	0	0	53	0	14	0	3	0	0	0	0	0	0
Dawson Knox	TE	4	0	0	0	0	0	58	0	3	0	0	0	0	0	0
Josh Jacobs	RB	4	0	0	0	79	0	29	0	2	0	0	0	0	0	0
Miles Boykin	WR	4	0	0	0	0	0	32	1	3	0	0	0	0	0	0
Daniel Jones	QB	4	225	1	2	33	0	0	0	0	0	0	0	0	0	0
Tom Brady	QB	5	348	3	1	0	0	0	0	0	0	0	0	0	0	0
Josh McCown	QB	5	0	0	0	-2	0	0	0	0	0	0	0	0	0	0
Jason Witten	TE	5	0	0	0	0	0	29	0	3	0	0	0	0	0	0
Larry Fitzgerald	WR	5	0	0	0	0	0	58	0	6	0	0	0	0	0	0
Philip Rivers	QB	5	211	0	2	-3	0	0	0	0	0	0	0	0	0	0
Aaron Rodgers	QB	5	238	0	0	-1	0	0	0	0	0	0	0	0	0	0
Frank Gore	RB	5	0	0	0	60	0	9	0	2	0	0	0	0	0	0
Darren Sproles	RB	5	0	0	0	4	0	0	0	0	0	0	0	0	0	0
Marcedes Lewis	TE	5	0	0	0	0	0	17	0	2	0	0	0	0	0	0
Delanie Walker	TE	5	0	0	0	0	0	10	0	1	0	0	0	0	0	0
Adrian Peterson	RB	5	0	0	0	18	0	0	0	0	0	0	0	0	0	0
Ted Ginn	WR	5	0	0	0	1	0	35	1	2	0	0	0	0	0	0
Greg Olsen	TE	5	0	0	0	0	0	0	0	0	0	0	0	0	0	0
Matt Ryan	QB	5	330	3	1	7	1	0	0	0	0	0	0	1	0	0
Joe Flacco	QB	5	182	1	1	7	0	0	0	0	1	0	0	0	0	0
Chase Daniel	QB	5	231	2	2	2	0	0	0	0	0	0	0	0	0	0
LeSean McCoy	RB	5	0	0	0	0	0	23	0	2	0	0	1	0	0	0
Jared Cook	TE	5	0	0	0	0	0	41	1	4	0	0	0	0	0	0
Julian Edelman	WR	5	0	0	0	0	0	110	1	8	0	0	0	0	0	0
Emmanuel Sanders	WR	5	0	0	0	0	0	9	0	1	0	0	0	0	0	0
Colt McCoy	QB	5	122	0	1	14	0	0	0	0	0	0	0	0	0	0
Andre Roberts	WR	5	0	0	0	7	0	0	0	0	0	0	0	0	0	0
Jimmy Graham	TE	5	0	0	0	0	0	41	0	3	0	0	0	0	0	0
Demaryius Thomas	WR	5	0	0	0	0	0	47	0	4	0	0	0	0	0	0
Golden Tate	WR	5	0	0	0	0	0	13	0	3	0	0	0	0	0	0
Julio Jones	WR	5	0	0	0	0	0	42	0	3	0	0	0	0	0	0
Mark Ingram	RB	5	0	0	0	44	1	5	0	2	0	0	0	0	0	0
Andy Dalton	QB	5	262	2	0	5	0	0	0	0	0	0	0	0	0	0
Kyle Rudolph	TE	5	0	0	0	0	0	4	0	1	0	0	0	0	0	0
Lance Kendricks	TE	5	0	0	0	0	0	0	0	0	0	0	0	0	0	0
Randall Cobb	WR	5	0	0	0	0	0	53	0	3	0	0	0	0	0	0
Luke Stocker	TE	5	0	0	0	0	0	0	0	0	0	0	0	0	0	0
Taiwan Jones	RB	5	0	0	0	0	0	0	0	0	0	0	0	0	0	0
Bilal Powell	RB	5	0	0	0	4	0	0	0	0	0	0	0	0	0	0
Dion Lewis	RB	5	0	0	0	11	0	19	0	2	0	0	0	0	0	0
Lee Smith	TE	5	0	0	0	0	0	8	1	1	0	0	0	0	0	0
Charles Clay	TE	5	0	0	0	0	0	27	0	1	0	0	0	0	0	0
Virgil Green	TE	5	0	0	0	0	0	5	0	1	0	0	0	0	0	0
Cole Beasley	WR	5	0	0	0	0	0	21	0	3	0	0	0	0	0	0
Derek Carrier	TE	5	0	0	0	0	0	22	0	2	0	0	0	0	0	0
Alshon Jeffery	WR	5	0	0	0	0	0	52	0	6	0	0	0	0	0	0
Brandon Bolden	RB	5	0	0	0	13	0	29	1	1	0	0	0	0	0	0
Russell Wilson	QB	5	268	4	0	32	0	0	0	0	0	0	0	0	0	0
Travis Benjamin	WR	5	0	0	0	0	0	13	0	1	0	0	0	0	0	0
Josh Bellamy	WR	5	0	0	0	0	0	0	0	0	0	0	0	0	0	0
Jarius Wright	WR	5	0	0	0	0	0	6	0	1	0	0	0	0	0	0
Rhett Ellison	TE	5	0	0	0	0	0	3	0	1	0	0	0	0	0	0
Kirk Cousins	QB	5	306	2	0	3	0	0	0	0	0	0	0	0	0	0
T.Y. Hilton	WR	5	0	0	0	0	0	37	0	4	0	0	0	0	0	0
Mohamed Sanu	WR	5	0	0	0	1	0	42	1	5	0	0	0	0	0	0
Josh Gordon	WR	5	0	0	0	0	0	59	0	5	0	0	0	0	0	0
Darren Fells	TE	5	0	0	0	0	0	20	2	2	0	0	0	0	0	0
Adam Thielen	WR	5	0	0	0	0	0	130	2	7	0	0	0	0	0	0
Zach Ertz	TE	5	0	0	0	0	0	57	1	5	0	0	0	0	0	0
Marquise Goodwin	WR	5	0	0	0	15	0	41	0	3	0	0	0	0	0	0
Luke Willson	TE	5	0	0	0	0	0	10	0	1	0	0	0	0	0	0
Ryan Griffin	TE	5	0	0	0	0	0	2	0	1	0	0	0	0	0	0
Demetrius Harris	TE	5	0	0	0	0	0	0	0	1	0	0	0	0	0	0
Jack Doyle	TE	5	0	0	0	0	0	19	0	3	0	0	0	0	0	0
Josh Hill	TE	5	0	0	0	0	0	39	0	3	0	0	0	0	0	0
Keenan Allen	WR	5	0	0	0	0	0	18	0	4	0	0	0	0	0	0
Jaron Brown	WR	5	0	0	0	0	0	36	0	2	0	0	1	0	0	0
Chris Thompson	RB	5	0	0	0	21	0	17	0	5	0	0	0	0	0	0
Robert Woods	WR	5	0	0	0	0	0	48	0	5	0	0	0	0	0	0
Levine Toilolo	TE	5	0	0	0	0	0	0	0	0	0	0	0	0	0	0
Giovani Bernard	RB	5	0	0	0	10	0	16	0	3	0	0	0	0	0	0
Vance McDonald	TE	5	0	0	0	0	0	34	0	3	0	0	0	0	0	0
Le'Veon Bell	RB	5	0	0	0	43	0	45	0	7	0	0	0	0	0	0
Travis Kelce	TE	5	0	0	0	0	0	70	0	4	0	0	0	0	0	0
Latavius Murray	RB	5	0	0	0	28	0	6	0	2	0	0	0	0	0	0
Tavon Austin	WR	5	0	0	0	14	0	13	0	1	0	0	0	0	0	0
Tyler Eifert	TE	5	0	0	0	0	0	14	0	2	0	0	0	0	0	0
DeAndre Hopkins	WR	5	0	0	0	0	0	88	0	7	0	0	0	0	0	0
Cordarrelle Patterson	RB	5	0	0	0	5	0	0	0	0	0	0	0	0	0	0
Willie Snead	WR	5	0	0	0	0	0	51	0	4	0	0	0	0	0	0
Trey Burton	TE	5	0	0	0	0	0	16	0	3	0	0	0	0	0	0
Damien Williams	RB	5	0	0	0	23	0	15	0	3	0	0	0	0	0	0
Carlos Hyde	RB	5	0	0	0	60	1	0	0	0	0	0	0	0	0	0
John Brown	WR	5	0	0	0	0	0	75	0	5	0	0	0	0	0	0
De'Anthony Thomas	WR	5	0	0	0	0	0	0	0	0	0	0	0	0	0	0
James White	RB	5	0	0	0	26	0	46	0	6	0	0	0	0	0	0
David Fales	QB	5	0	0	0	0	0	0	0	0	0	0	0	0	0	0
Seth Roberts	WR	5	0	0	0	0	0	0	0	0	0	0	0	0	0	0
Odell Beckham Jr.	WR	5	20	0	0	15	0	27	0	2	0	0	0	0	0	0
Brandin Cooks	WR	5	0	0	0	27	0	29	0	1	0	0	0	0	0	0
Teddy Bridgewater	QB	5	314	4	1	7	0	0	0	0	0	0	0	0	0	0
Paul Richardson	WR	5	0	0	0	0	0	14	0	2	0	0	0	0	0	0
Cameron Brate	TE	5	0	0	0	0	0	11	0	1	0	0	0	0	0	0
Derek Carr	QB	5	229	0	0	8	0	0	0	0	0	1	0	0	0	0
Devonta Freeman	RB	5	0	0	0	30	0	40	1	5	0	0	0	0	0	0
Diontae Spencer	WR	5	0	0	0	9	0	0	0	0	0	0	0	0	0	0
Cody Latimer	WR	5	0	0	0	0	0	0	0	0	0	0	0	0	0	0
Jimmy Garoppolo	QB	5	181	2	0	-3	0	0	0	0	0	0	0	0	0	0
Jarvis Landry	WR	5	0	0	0	0	0	75	0	4	0	0	0	0	0	0
Eric Ebron	TE	5	0	0	0	0	0	8	0	1	0	0	0	0	0	0
Garrett Gilbert	QB	5	0	0	0	0	0	0	0	0	0	0	0	0	0	0
Mike Evans	WR	5	0	0	0	0	0	0	0	0	0	0	0	0	0	0
Allen Robinson	WR	5	0	0	0	0	0	97	2	7	0	0	0	0	0	0
Marqise Lee	WR	5	0	0	0	0	0	5	0	1	0	0	0	0	0	0
Jameis Winston	QB	5	204	2	0	13	0	0	0	0	0	0	0	0	0	0
Amari Cooper	WR	5	0	0	0	0	0	226	1	11	0	0	0	0	0	0
Nelson Agholor	WR	5	0	0	0	0	0	20	0	1	0	0	0	0	0	0
Maxx Williams	TE	5	0	0	0	0	0	7	0	1	0	0	0	0	0	0
Justin Hardy	WR	5	0	0	0	0	0	5	0	1	0	0	0	0	0	0
MyCole Pruitt	TE	5	0	0	0	0	0	0	0	0	0	0	0	0	0	0
Stefon Diggs	WR	5	0	0	0	0	0	44	0	3	0	0	0	0	0	0
Nick Boyle	TE	5	0	0	0	0	0	0	0	0	0	0	0	0	0	0
Darren Waller	TE	5	0	0	0	0	0	39	0	4	0	0	0	0	0	0
Raheem Mostert	RB	5	0	0	0	34	0	0	0	0	0	0	0	0	0	0
Matt LaCosse	TE	5	0	0	0	0	0	22	0	1	0	0	0	0	0	0
DeAndre Carter	WR	5	0	0	0	0	0	0	0	0	0	0	0	0	0	0
Jake Kumerow	WR	5	0	0	0	0	0	9	0	1	0	0	0	0	0	0
Malcolm Brown	RB	5	0	0	0	3	0	0	0	0	0	0	0	0	0	0
Jamison Crowder	WR	5	0	0	0	0	0	10	0	2	0	0	0	0	0	0
James O'Shaughnessy	TE	5	0	0	0	0	0	57	0	3	0	0	0	0	0	0
Geremy Davis	WR	5	0	0	0	0	0	0	0	0	0	0	0	0	0	0
Darius Jennings	WR	5	0	0	0	0	0	0	0	0	0	0	0	0	0	0
Adam Humphries	WR	5	0	0	0	0	0	30	0	4	0	0	0	0	0	0
Tevin Coleman	RB	5	0	0	0	97	1	0	0	0	0	0	0	0	0	0
Daniel Brown	TE	5	0	0	0	0	0	0	0	0	0	0	0	0	0	0
Ameer Abdullah	RB	5	0	0	0	24	0	0	0	0	0	0	0	0	0	0
Chris Conley	WR	5	0	0	0	0	0	26	0	1	0	0	0	0	0	0
C.J. Uzomah	TE	5	0	0	0	0	0	16	0	2	0	0	0	0	0	0
Geoff Swaim	TE	5	0	0	0	0	0	4	0	1	0	0	0	0	0	0
Melvin Gordon	RB	5	0	0	0	31	0	7	0	4	0	0	0	0	0	0
David Johnson	RB	5	0	0	0	91	0	65	0	3	0	0	0	0	0	0
Ty Montgomery	WR	5	0	0	0	1	0	0	0	0	0	0	0	0	0	0
T.J. Yeldon	RB	5	0	0	0	15	0	13	0	4	0	0	0	0	0	0
Tyler Lockett	WR	5	0	0	0	-8	0	51	1	4	0	0	0	0	0	0
Jeff Heuerman	TE	5	0	0	0	0	0	26	0	1	0	0	0	0	0	0
Todd Gurley	RB	5	0	0	0	51	2	6	0	3	0	1	0	0	0	0
Duke Johnson	RB	5	0	0	0	59	0	8	0	1	0	0	0	0	0	0
Marcus Mariota	QB	5	183	0	0	13	0	0	0	0	0	0	0	0	0	0
Chester Rogers	WR	5	0	0	0	0	0	0	0	0	0	0	0	0	0	0
Sterling Shepard	WR	5	0	0	0	-2	0	49	0	5	0	0	0	0	0	0
Austin Hooper	TE	5	0	0	0	0	0	56	0	6	0	0	0	0	0	1
Nick Vannett	TE	5	0	0	0	0	0	0	0	0	0	0	0	0	0	0
Trevor Davis	WR	5	0	0	0	0	0	42	0	4	0	0	1	0	0	0
Tra Carson	RB	5	0	0	0	14	0	18	0	4	0	0	0	0	0	0
Alex Erickson	WR	5	0	0	0	0	0	7	0	1	0	0	0	0	0	0
D.J. Foster	RB	5	0	0	0	0	0	0	0	0	0	0	0	0	0	0
Geronimo Allison	WR	5	0	0	0	0	0	28	0	2	0	0	0	0	0	0
Robbie Chosen	WR	5	0	0	0	0	0	16	0	1	0	0	0	0	0	0
Peyton Barber	RB	5	0	0	0	32	1	-1	0	1	0	0	0	0	0	0
Derrick Henry	RB	5	0	0	0	78	1	0	0	0	0	0	0	0	0	0
Michael Thomas	WR	5	0	0	0	0	0	182	2	11	0	0	0	0	0	0
Demarcus Robinson	WR	5	0	0	0	0	0	31	0	3	0	0	0	0	0	0
Tajae Sharpe	WR	5	0	0	0	0	0	12	0	1	0	0	0	0	0	0
Jordan Howard	RB	5	0	0	0	62	1	0	0	0	0	0	0	0	0	0
Wendell Smallwood	RB	5	0	0	0	27	0	0	0	0	0	0	0	0	0	0
Danny Vitale	RB	5	0	0	0	0	0	9	0	1	0	0	0	0	0	0
Johnny Holton	WR	5	0	0	0	0	0	4	0	0	0	0	0	0	0	0
DeAndre Washington	RB	5	0	0	0	17	1	19	0	3	0	0	0	0	0	0
Duke Williams	WR	5	0	0	0	0	0	29	1	4	0	0	0	0	0	0
Carson Wentz	QB	5	189	1	0	5	0	0	0	0	0	0	0	0	0	0
J.P. Holtz	TE	5	0	0	0	0	0	16	0	1	0	0	0	0	0	0
Tyler Boyd	WR	5	0	0	0	0	0	123	1	10	0	0	0	0	0	0
Jalen Richard	RB	5	0	0	0	14	0	18	0	2	0	0	0	0	0	0
Ezekiel Elliott	RB	5	0	0	0	62	1	29	0	2	0	0	0	0	0	0
Dak Prescott	QB	5	463	2	3	27	0	0	0	0	0	0	0	0	0	0
Jared Goff	QB	5	395	1	1	1	0	0	0	0	0	0	0	0	0	0
Tyler Higbee	TE	5	0	0	0	0	0	47	0	3	0	0	0	0	0	0
Pharoh Cooper	WR	5	0	0	0	0	0	33	0	2	0	0	0	0	0	0
Jacoby Brissett	QB	5	151	0	1	9	1	0	0	0	0	0	0	0	0	0
Will Fuller	WR	5	0	0	0	0	0	217	3	14	0	0	0	0	0	0
Troymaine Pope	RB	5	0	0	0	0	0	0	0	0	0	0	0	0	0	0
Mo Alie-Cox	TE	5	0	0	0	0	0	10	0	1	0	0	0	0	0	0
Zach Pascal	WR	5	0	0	0	12	0	8	0	1	0	0	0	0	0	0
JoJo Natson	WR	5	0	0	0	0	0	0	0	0	0	0	0	0	0	0
Christian McCaffrey	RB	5	0	0	0	176	2	61	1	6	0	0	0	0	0	0
Curtis Samuel	WR	5	0	0	0	25	0	19	0	3	0	0	0	0	0	0
George Kittle	TE	5	0	0	0	18	0	70	1	6	0	0	0	0	0	0
Aaron Jones	RB	5	0	0	0	107	4	75	0	7	0	0	0	0	0	0
Alex Armah	RB	5	0	0	0	0	0	4	0	1	0	0	0	0	0	0
Kendrick Bourne	WR	5	0	0	0	0	0	24	0	2	0	0	0	0	0	0
Matt Breida	RB	5	0	0	0	114	1	15	1	3	0	0	0	0	0	0
Cethan Carter	TE	5	0	0	0	0	0	0	0	0	0	0	0	0	0	0
Taysom Hill	TE	5	18	0	0	14	0	0	0	0	0	0	0	0	0	0
Antony Auclair	TE	5	0	0	0	0	0	0	0	0	0	0	0	0	0	0
Bobo Wilson	WR	5	0	0	0	0	0	11	0	1	0	0	0	0	0	0
Pharaoh Brown	TE	5	0	0	0	0	0	0	0	0	0	0	0	0	0	0
Isaiah McKenzie	WR	5	0	0	0	0	0	52	0	2	0	0	0	0	0	0
Samaje Perine	RB	5	0	0	0	0	0	0	0	0	0	0	0	0	0	0
Jeremy Sprinkle	TE	5	0	0	0	0	0	17	0	2	0	0	0	0	0	0
Mike Williams	WR	5	0	0	0	0	0	74	0	6	0	0	0	0	0	0
Deshaun Watson	QB	5	426	5	0	47	0	0	0	0	0	0	0	0	0	0
James Conner	RB	5	0	0	0	55	1	0	0	0	0	0	0	0	0	0
Mack Hollins	WR	5	0	0	0	0	0	0	0	0	0	0	0	0	0	0
Tarik Cohen	RB	5	0	0	0	10	0	39	0	6	0	0	0	0	0	0
Ryan Switzer	WR	5	0	0	0	0	0	0	0	0	0	0	0	0	0	0
David Moore	WR	5	0	0	0	0	0	10	1	1	0	0	0	0	0	0
Chris Carson	RB	5	0	0	0	118	0	5	1	1	0	0	0	0	0	0
Ricky Seals-Jones	TE	5	0	0	0	0	0	0	0	0	0	0	0	0	0	0
Austin Ekeler	RB	5	0	0	0	7	0	86	0	15	0	0	1	0	0	0
Andre Patton	WR	5	0	0	0	0	0	0	0	0	0	0	0	0	0	0
Corey Clement	RB	5	0	0	0	0	0	0	0	0	0	0	0	0	0	0
Robert Tonyan	TE	5	0	0	0	0	0	23	0	1	0	0	0	0	0	0
T.J. Logan	RB	5	0	0	0	0	0	0	0	0	0	0	0	0	0	0
Dede Westbrook	WR	5	0	0	0	0	0	82	0	7	0	0	0	0	0	0
Dare Ogunbowale	RB	5	0	0	0	-4	0	27	0	2	0	0	0	0	0	0
Leonard Fournette	RB	5	0	0	0	108	1	29	0	4	0	0	0	0	0	0
JuJu Smith-Schuster	WR	5	0	0	0	0	0	75	1	7	0	0	1	0	0	0
Jonnu Smith	TE	5	0	0	0	0	0	57	0	1	0	0	0	0	0	0
Corey Davis	WR	5	0	0	0	0	0	28	0	2	0	0	0	0	0	0
Patrick Mahomes	QB	5	321	1	0	17	0	0	0	0	0	0	0	0	0	0
O.J. Howard	TE	5	0	0	0	0	0	10	0	1	0	0	0	0	0	0
Evan Engram	TE	5	0	0	0	5	0	42	0	6	0	0	0	0	0	0
Dalvin Cook	RB	5	0	0	0	132	0	86	0	6	0	1	0	0	0	0
Gerald Everett	TE	5	0	0	0	0	0	136	0	7	0	0	0	0	0	0
Joe Mixon	RB	5	0	0	0	93	0	16	0	1	0	0	0	0	0	0
Alvin Kamara	RB	5	13	0	0	62	0	42	0	6	0	0	0	0	0	0
Cooper Kupp	WR	5	0	0	0	0	0	117	1	9	0	0	0	0	0	0
Chris Godwin Jr.	WR	5	0	0	0	0	0	125	2	7	0	0	0	0	0	0
Josh Reynolds	WR	5	0	0	0	0	0	12	0	1	0	0	0	0	0	0
Wayne Gallman	RB	5	0	0	0	14	0	0	0	0	0	0	0	0	0	0
Marlon Mack	RB	5	0	0	0	132	0	16	0	3	0	0	0	0	0	0
Fred Brown	WR	5	0	0	0	0	0	0	0	0	0	0	0	0	0	0
Ross Dwelley	TE	5	0	0	0	0	0	-3	0	2	0	0	0	0	0	0
Phillip Lindsay	RB	5	0	0	0	114	1	33	0	4	0	0	0	0	0	0
Will Dissly	TE	5	0	0	0	7	0	81	0	4	0	0	0	0	0	0
Trenton Cannon	RB	5	0	0	0	0	0	0	0	0	0	0	0	0	0	0
Gus Edwards	RB	5	0	0	0	17	0	6	0	1	0	0	0	0	0	0
Dontrell Hilliard	RB	5	0	0	0	0	0	0	0	0	0	0	0	0	0	0
Tyler Conklin	TE	5	0	0	0	0	0	0	0	0	0	0	0	0	0	0
Marquez Valdes-Scantling	WR	5	0	0	0	0	0	18	0	1	0	0	0	0	0	0
Damion Ratley	WR	5	0	0	0	0	0	0	0	0	0	0	0	0	0	0
Richie James	WR	5	0	0	0	0	0	0	0	0	0	0	0	0	0	0
Byron Pringle	WR	5	0	0	0	0	0	103	1	6	0	0	0	0	0	0
Jaylen Samuels	RB	5	4	0	1	2	0	11	0	3	0	0	0	0	0	0
Trey Quinn	WR	5	0	0	0	0	0	18	0	3	0	0	1	0	0	0
Courtland Sutton	WR	5	0	0	0	0	0	92	1	4	0	0	0	0	0	0
Dallas Goedert	TE	5	0	0	0	0	0	11	0	1	0	0	0	0	0	0
Anthony Miller	WR	5	0	0	0	0	0	52	0	4	0	0	0	0	0	0
Jordan Akins	TE	5	0	0	0	0	0	21	0	1	0	0	0	0	0	0
Ian Thomas	TE	5	0	0	0	0	0	0	0	0	0	0	0	0	0	0
Keke Coutee	WR	5	0	0	0	0	0	72	0	3	0	0	0	0	0	0
Nyheim Hines	RB	5	0	0	0	-1	0	46	0	4	0	0	0	0	0	0
Ito Smith	RB	5	0	0	0	19	0	45	0	6	0	0	0	0	0	0
Dalton Schultz	TE	5	0	0	0	0	0	0	0	0	0	0	0	0	0	0
Jordan Wilkins	RB	5	0	0	0	28	0	0	0	0	0	0	0	0	0	0
Deon Cain	WR	5	0	0	0	0	0	7	0	1	0	0	0	0	0	0
Ray-Ray McCloud	WR	5	0	0	0	0	0	0	0	0	0	0	0	0	0	0
Russell Gage	WR	5	0	0	0	0	0	12	0	1	0	0	0	0	0	0
Luke Falk	QB	5	120	0	2	0	0	0	0	0	1	0	0	0	0	0
Braxton Berrios	WR	5	0	0	0	0	0	0	0	0	0	0	0	0	0	0
Javon Wims	WR	5	0	0	0	0	0	0	0	0	0	0	0	0	0	0
Ryan Izzo	TE	5	0	0	0	0	0	39	1	2	0	0	0	0	0	0
Trent Sherfield	WR	5	0	0	0	0	0	23	0	1	0	0	0	0	0	0
Allen Lazard	WR	5	0	0	0	0	0	0	0	0	0	0	0	0	0	0
Kyle Allen	QB	5	181	1	0	4	0	0	0	0	0	0	0	0	0	0
Reggie Bonnafon	RB	5	0	0	0	80	1	0	0	0	0	0	0	0	0	0
Vyncint Smith	WR	5	0	0	0	19	1	0	0	0	0	0	0	0	0	0
James Washington	WR	5	0	0	0	0	0	52	0	3	0	0	0	0	0	0
Chase Edmonds	RB	5	0	0	0	68	1	18	0	3	0	0	0	0	0	0
Auden Tate	WR	5	0	0	0	0	0	26	1	3	0	0	0	0	0	0
Rashaad Penny	RB	5	0	0	0	18	0	31	0	2	0	0	0	0	0	0
Mark Andrews	TE	5	0	0	0	0	0	45	0	5	0	0	0	0	0	0
Michael Gallup	WR	5	0	0	0	0	0	113	1	7	0	0	0	0	0	0
Mason Rudolph	QB	5	131	1	0	0	0	0	0	0	0	0	0	0	0	0
Antonio Callaway	WR	5	0	0	0	0	0	0	0	0	0	0	0	0	0	0
DJ Chark	WR	5	0	0	0	0	0	164	2	8	0	0	0	0	0	0
Jaeden Graham	TE	5	0	0	0	0	0	0	0	0	0	0	0	0	0	0
Nick Chubb	RB	5	0	0	0	87	0	12	0	1	0	0	0	0	0	0
Lamar Jackson	QB	5	161	1	3	70	0	0	0	0	0	0	0	0	0	0
Ronald Jones	RB	5	0	0	0	35	0	21	0	2	0	0	0	0	0	0
DJ Moore	WR	5	0	0	0	0	0	91	0	6	0	0	0	0	0	0
Hayden Hurst	TE	5	0	0	0	0	0	32	0	4	0	0	0	0	0	0
Calvin Ridley	WR	5	0	0	0	0	0	88	1	5	0	0	0	0	0	0
Royce Freeman	RB	5	0	0	0	61	0	6	0	2	0	0	0	0	0	0
Sony Michel	RB	5	0	0	0	91	1	32	0	3	0	0	0	0	0	0
Baker Mayfield	QB	5	100	0	2	0	0	0	0	0	1	0	0	0	0	0
Josh Allen	QB	5	219	2	1	27	0	0	0	0	0	0	0	0	0	0
Dante Pettis	WR	5	0	0	0	0	0	11	0	1	0	0	0	0	0	0
Steven Sims	WR	5	0	0	0	65	1	1	0	2	0	0	0	0	0	0
Jakobi Meyers	WR	5	0	0	0	0	0	6	0	1	0	0	0	0	0	0
Alexander Mattison	RB	5	0	0	0	52	0	0	0	0	0	0	0	0	0	0
Justice Hill	RB	5	0	0	0	7	0	0	0	0	0	0	0	0	0	0
Foster Moreau	TE	5	0	0	0	0	0	46	0	4	0	0	0	0	0	0
Hunter Renfrow	WR	5	0	0	0	0	0	12	0	1	0	0	0	0	0	0
Bisi Johnson	WR	5	0	0	0	0	0	43	0	4	0	0	0	0	0	0
Jon Hilliman	RB	5	0	0	0	20	0	4	0	1	0	0	0	0	0	0
Ashton Dulin	WR	5	0	0	0	0	0	0	0	0	0	0	0	0	0	0
Keelan Doss	WR	5	0	0	0	0	0	11	0	2	0	0	0	0	0	0
Mecole Hardman	WR	5	0	0	0	-6	0	79	0	4	0	0	0	0	0	0
Darrius Shepherd	WR	5	0	0	0	0	0	0	0	0	0	0	0	0	0	0
Deonte Harty	WR	5	0	0	0	0	0	0	0	0	0	0	0	0	0	0
Diontae Johnson	WR	5	0	0	0	0	0	27	0	5	0	0	0	0	0	0
Kyler Murray	QB	5	253	0	0	93	1	0	0	0	0	0	0	0	0	0
Miles Sanders	RB	5	0	0	0	15	0	49	0	4	0	0	0	0	0	0
Tony Pollard	RB	5	0	0	0	19	0	0	0	0	0	0	0	0	0	0
Jarrett Stidham	QB	5	0	0	0	0	0	0	0	0	0	0	0	0	0	0
Ryquell Armstead	RB	5	0	0	0	-1	0	7	0	1	0	0	0	0	0	0
Jordan Scarlett	RB	5	0	0	0	0	0	0	0	0	0	0	0	0	0	0
KeeSean Johnson	WR	5	0	0	0	3	0	22	0	3	0	0	0	0	0	0
Gardner Minshew	QB	5	374	2	0	42	0	0	0	0	2	1	0	0	0	0
Kelvin Harmon	WR	5	0	0	0	0	0	4	0	1	0	0	0	0	0	0
Scott Miller	WR	5	0	0	0	18	0	0	0	0	0	0	0	0	0	0
Cullen Gillaspia	RB	5	0	0	0	0	0	0	0	0	0	0	0	0	0	0
Tommy Sweeney	TE	5	0	0	0	0	0	0	0	0	0	0	0	0	0	0
Stanley Morgan	WR	5	0	0	0	0	0	6	0	1	0	0	0	0	0	0
Damion Willis	WR	5	0	0	0	0	0	38	0	4	0	0	0	0	0	0
Andy Isabella	WR	5	0	0	0	11	0	0	0	0	0	0	0	0	0	0
Darius Slayton	WR	5	0	0	0	0	0	62	1	4	0	0	0	0	0	0
Devlin Hodges	QB	5	68	0	0	20	0	0	0	0	0	0	0	0	0	0
Travis Homer	RB	5	0	0	0	0	0	0	0	0	0	0	0	0	0	0
D'Ernest Johnson	RB	5	0	0	0	0	0	6	0	1	0	0	0	0	0	0
DK Metcalf	WR	5	0	0	0	0	0	44	1	2	0	0	0	0	0	0
Noah Fant	TE	5	0	0	0	0	0	6	0	1	0	0	0	0	0	0
Gunner Olszewski	WR	5	0	0	0	0	0	0	0	0	0	0	0	0	0	0
Terry McLaurin	WR	5	0	0	0	0	0	51	0	3	0	0	0	0	0	0
Marquise Brown	WR	5	0	0	0	0	0	22	1	3	0	0	0	0	0	0
A.J. Brown	WR	5	0	0	0	0	0	27	0	2	0	0	0	0	0	0
David Montgomery	RB	5	0	0	0	25	1	11	0	1	0	0	0	0	0	0
Dawson Knox	TE	5	0	0	0	0	0	12	0	2	0	0	0	0	0	0
Josh Jacobs	RB	5	0	0	0	123	2	20	0	3	0	0	0	0	0	0
Daniel Jones	QB	5	182	1	1	12	0	0	0	0	0	0	0	0	0	0
Deebo Samuel Sr.	WR	5	0	0	0	0	0	3	0	1	0	0	0	0	0	0
Jakob Johnson	RB	5	0	0	0	0	0	5	0	1	0	0	0	0	0	0
Tom Brady	QB	6	334	0	1	6	2	0	0	0	1	0	0	0	0	0
Jason Witten	TE	6	0	0	0	0	0	57	0	5	0	0	0	0	0	0
Larry Fitzgerald	WR	6	0	0	0	0	0	69	0	6	0	0	0	0	0	0
Philip Rivers	QB	6	320	2	2	0	0	0	0	0	0	1	0	0	0	0
Aaron Rodgers	QB	6	283	2	1	10	0	0	0	0	0	0	0	0	0	0
Ryan Fitzpatrick	QB	6	132	1	0	5	0	0	0	0	0	0	0	0	0	0
Marcedes Lewis	TE	6	0	0	0	0	0	50	0	2	0	0	0	0	0	0
Delanie Walker	TE	6	0	0	0	0	0	43	0	3	0	0	0	0	0	0
Adrian Peterson	RB	6	0	0	0	118	0	18	0	2	0	0	0	0	0	0
Ted Ginn	WR	6	0	0	0	12	0	36	0	2	0	0	0	0	0	0
Greg Olsen	TE	6	0	0	0	0	0	52	0	4	0	0	0	0	0	0
Danny Amendola	WR	6	0	0	0	0	0	6	0	1	0	0	0	0	0	0
Matt Ryan	QB	6	356	4	0	7	0	0	0	0	0	0	0	0	0	0
Joe Flacco	QB	6	177	0	1	-1	0	0	0	0	0	0	0	0	0	0
Matthew Stafford	QB	6	265	0	0	9	0	0	0	0	0	0	0	0	0	0
LeSean McCoy	RB	6	0	0	0	44	0	0	0	2	0	0	0	0	0	0
Jared Cook	TE	6	0	0	0	0	0	37	1	3	0	0	0	0	0	0
Julian Edelman	WR	6	0	0	0	0	0	113	0	9	0	0	0	0	0	0
Emmanuel Sanders	WR	6	0	0	0	0	0	0	0	1	0	0	0	0	0	0
Jimmy Graham	TE	6	0	0	0	0	0	17	0	2	0	0	0	0	0	0
Demaryius Thomas	WR	6	0	0	0	0	0	62	0	4	0	0	0	0	0	0
Golden Tate	WR	6	0	0	0	0	0	102	1	6	0	0	0	0	0	0
Julio Jones	WR	6	0	0	0	0	0	108	0	8	0	0	0	0	0	0
Mark Ingram	RB	6	0	0	0	52	1	22	0	2	0	0	0	0	0	0
Andy Dalton	QB	6	235	0	1	2	1	0	0	0	0	0	0	0	0	0
Kyle Rudolph	TE	6	0	0	0	0	0	36	0	3	0	0	0	0	0	0
Luke Stocker	TE	6	0	0	0	0	0	0	0	1	0	0	0	0	0	0
Bilal Powell	RB	6	0	0	0	5	0	0	0	0	0	0	0	0	0	0
Dion Lewis	RB	6	0	0	0	-1	0	20	0	3	0	0	0	0	0	0
Charles Clay	TE	6	0	0	0	0	0	8	0	2	0	0	0	0	0	0
Virgil Green	TE	6	0	0	0	0	0	15	0	1	0	0	0	0	0	0
Case Keenum	QB	6	166	2	0	10	0	0	0	0	0	0	0	0	0	0
Alshon Jeffery	WR	6	0	0	0	0	0	76	1	10	0	0	0	0	0	0
Brandon Bolden	RB	6	0	0	0	23	1	22	0	2	0	0	0	0	0	0
Russell Wilson	QB	6	295	2	0	31	1	0	0	0	0	0	0	0	0	0
Travis Benjamin	WR	6	0	0	0	0	0	0	0	1	0	0	0	0	0	0
Marvin Jones	WR	6	0	0	0	0	0	17	0	2	0	0	0	0	0	0
Jarius Wright	WR	6	0	0	0	0	0	6	0	1	0	0	0	0	0	0
Rhett Ellison	TE	6	0	0	0	0	0	30	0	3	0	0	0	0	0	0
Kirk Cousins	QB	6	333	4	1	0	0	0	0	0	0	0	0	0	0	0
Mohamed Sanu	WR	6	0	0	0	0	0	29	0	3	0	0	0	0	0	0
Josh Gordon	WR	6	0	0	0	0	0	7	0	1	0	0	0	0	0	0
Ryan Tannehill	QB	6	144	0	1	6	0	0	0	0	0	0	0	0	0	0
Darren Fells	TE	6	0	0	0	0	0	69	0	6	0	0	0	0	0	0
Adam Thielen	WR	6	0	0	0	0	0	57	1	6	0	0	0	0	0	0
Zach Ertz	TE	6	0	0	0	0	0	54	0	4	0	0	1	0	0	0
Marquise Goodwin	WR	6	0	0	0	0	0	15	0	2	0	0	0	0	0	0
Luke Willson	TE	6	0	0	0	0	0	16	0	2	0	0	0	0	0	0
Ryan Griffin	TE	6	0	0	0	0	0	28	1	3	0	0	0	0	0	0
Demetrius Harris	TE	6	0	0	0	0	0	0	0	0	0	0	0	0	0	1
Josh Hill	TE	6	0	0	0	0	0	8	0	1	0	0	0	0	0	0
Keenan Allen	WR	6	0	0	0	0	0	33	0	2	0	0	0	0	0	0
Jaron Brown	WR	6	0	0	0	0	0	29	2	3	0	0	0	0	0	0
Chris Thompson	RB	6	0	0	0	12	0	8	0	2	0	0	0	0	0	0
Robert Woods	WR	6	0	0	0	16	1	0	0	0	0	0	0	0	0	0
Levine Toilolo	TE	6	0	0	0	0	0	8	0	1	0	0	0	0	0	0
Giovani Bernard	RB	6	0	0	0	4	0	20	0	2	0	0	0	0	0	0
Kenjon Barner	RB	6	0	0	0	0	0	0	0	0	0	0	0	0	0	0
Vance McDonald	TE	6	0	0	0	0	0	5	0	1	0	0	0	0	0	0
Le'Veon Bell	RB	6	0	0	0	50	1	3	0	1	0	0	0	0	0	0
Travis Kelce	TE	6	0	0	0	0	0	58	0	4	0	0	0	0	0	0
Latavius Murray	RB	6	0	0	0	44	0	35	0	3	0	0	0	0	0	0
Tavon Austin	WR	6	0	0	0	0	0	64	0	5	0	0	0	0	0	0
Tyler Eifert	TE	6	0	0	0	0	0	13	0	2	0	0	0	0	0	0
DeAndre Hopkins	WR	6	0	0	0	0	0	55	0	9	0	0	0	0	0	1
Willie Snead	WR	6	0	0	0	0	0	18	0	3	0	0	0	0	0	0
Albert Wilson	WR	6	0	0	0	0	0	15	0	5	0	0	0	0	0	0
Allen Hurns	WR	6	0	0	0	0	0	16	0	2	0	0	0	0	0	0
Damien Williams	RB	6	0	0	0	6	0	14	1	1	0	0	0	0	0	0
Carlos Hyde	RB	6	0	0	0	116	1	14	0	1	0	1	0	0	0	0
De'Anthony Thomas	WR	6	0	0	0	4	0	0	0	0	0	0	0	0	0	0
James White	RB	6	0	0	0	-1	0	46	0	9	0	0	0	0	0	0
Seth Roberts	WR	6	0	0	0	0	0	23	0	2	0	0	0	0	0	0
Odell Beckham Jr.	WR	6	0	0	0	0	0	101	0	6	0	0	0	0	0	0
Brandin Cooks	WR	6	0	0	0	14	0	18	0	3	0	0	0	0	0	0
Teddy Bridgewater	QB	6	240	1	0	0	0	0	0	0	0	0	0	0	0	0
Paul Richardson	WR	6	0	0	0	0	0	0	0	0	0	0	0	0	0	0
Logan Thomas	TE	6	0	0	0	0	0	0	0	0	0	0	0	0	0	0
Cameron Brate	TE	6	0	0	0	0	0	47	1	2	0	0	0	0	0	0
Devonta Freeman	RB	6	0	0	0	88	0	30	2	3	0	0	0	0	0	0
Diontae Spencer	WR	6	0	0	0	0	0	0	0	0	0	0	0	0	0	0
Donte Moncrief	WR	6	0	0	0	0	0	11	0	1	0	0	0	0	0	0
Cody Latimer	WR	6	0	0	0	0	0	0	0	0	0	0	0	0	0	0
Jimmy Garoppolo	QB	6	243	0	1	4	1	0	0	0	1	0	0	0	0	0
Jarvis Landry	WR	6	0	0	0	0	0	36	0	3	0	0	0	0	0	0
Mike Evans	WR	6	0	0	0	0	0	96	0	9	0	0	0	0	0	1
Marqise Lee	WR	6	0	0	0	1	0	0	0	0	0	0	0	0	0	0
Chris Manhertz	TE	6	0	0	0	0	0	0	0	0	0	0	0	0	0	0
Jameis Winston	QB	6	400	1	5	1	0	0	0	0	1	0	0	1	1	0
Amari Cooper	WR	6	0	0	0	0	0	3	0	1	0	0	0	0	0	0
DeVante Parker	WR	6	0	0	0	0	0	28	1	3	0	0	0	0	0	0
Nelson Agholor	WR	6	0	0	0	0	0	42	0	4	0	0	0	0	0	0
Maxx Williams	TE	6	0	0	0	0	0	34	1	3	0	0	0	0	0	0
Justin Hardy	WR	6	0	0	0	0	0	0	0	0	0	0	0	0	0	0
Stefon Diggs	WR	6	0	0	0	18	0	167	3	7	0	0	0	0	0	0
Nick Boyle	TE	6	0	0	0	0	0	18	0	2	0	0	0	0	0	0
Raheem Mostert	RB	6	0	0	0	13	0	0	0	0	0	0	0	0	0	0
DeAndre Carter	WR	6	0	0	0	0	0	0	0	0	0	0	0	0	0	0
Jake Kumerow	WR	6	0	0	0	0	0	17	0	2	0	0	0	0	0	0
Malcolm Brown	RB	6	0	0	0	40	0	0	0	0	0	0	0	0	0	0
Damiere Byrd	WR	6	0	0	0	0	0	60	0	2	0	0	0	0	0	0
Jamison Crowder	WR	6	0	0	0	0	0	98	0	6	0	0	0	0	0	0
Geremy Davis	WR	6	0	0	0	0	0	13	0	1	0	0	0	0	0	0
Darius Jennings	WR	6	0	0	0	0	0	0	0	0	0	0	0	0	0	0
Adam Humphries	WR	6	0	0	0	0	0	47	0	6	0	0	0	0	0	0
Tevin Coleman	RB	6	0	0	0	45	1	16	0	2	0	0	0	0	0	0
Blake Bell	TE	6	0	0	0	0	0	0	0	0	0	0	0	0	0	0
Nick O'Leary	TE	6	0	0	0	0	0	3	0	1	0	0	0	0	0	0
Chris Conley	WR	6	0	0	0	0	0	0	0	0	0	0	0	0	0	0
C.J. Uzomah	TE	6	0	0	0	0	0	26	0	2	0	0	0	0	0	0
Jesse James	TE	6	0	0	0	0	0	8	0	1	0	0	0	0	0	0
Geoff Swaim	TE	6	0	0	0	0	0	5	0	1	0	0	0	0	0	0
Melvin Gordon	RB	6	0	0	0	18	0	30	0	3	0	0	0	0	0	0
David Johnson	RB	6	0	0	0	34	1	68	1	6	0	0	0	0	0	0
Ty Montgomery	WR	6	0	0	0	0	0	17	0	3	0	0	0	0	0	0
Tyler Lockett	WR	6	0	0	0	3	0	75	0	5	0	0	0	0	0	0
Duke Johnson	RB	6	0	0	0	34	0	20	1	2	0	0	0	0	0	0
Marcus Mariota	QB	6	63	0	2	4	0	0	0	0	0	0	0	0	0	0
Austin Hooper	TE	6	0	0	0	0	0	117	1	8	0	0	0	0	0	0
C.J. Prosise	RB	6	0	0	0	8	0	15	0	1	0	1	0	0	0	0
Nick Vannett	TE	6	0	0	0	0	0	5	0	1	0	0	0	0	0	0
Chris Moore	WR	6	0	0	0	0	0	18	0	2	0	0	0	0	0	0
Tra Carson	RB	6	0	0	0	0	0	0	0	0	0	0	0	0	0	0
Alex Erickson	WR	6	0	0	0	17	0	47	0	4	0	0	0	0	0	0
D.J. Foster	RB	6	0	0	0	0	0	0	0	0	0	0	0	0	0	0
J.D. McKissic	RB	6	0	0	0	4	0	7	0	2	0	0	0	0	0	0
Geronimo Allison	WR	6	0	0	0	0	0	40	0	3	0	0	0	0	0	0
Robbie Chosen	WR	6	0	0	0	0	0	125	1	5	0	0	0	0	0	0
Peyton Barber	RB	6	0	0	0	28	0	0	0	0	0	0	0	0	0	0
Derrick Henry	RB	6	0	0	0	28	0	5	0	1	0	0	0	0	0	0
Michael Thomas	WR	6	0	0	0	0	0	89	0	8	0	0	0	0	0	0
Demarcus Robinson	WR	6	0	0	0	0	0	0	0	0	0	0	0	0	0	0
Tajae Sharpe	WR	6	0	0	0	0	0	0	0	0	0	0	0	0	0	0
Jordan Howard	RB	6	0	0	0	49	0	0	0	0	0	0	0	0	0	0
Wendell Smallwood	RB	6	0	0	0	4	0	0	0	0	0	0	0	0	0	0
Danny Vitale	RB	6	0	0	0	0	0	0	0	0	0	0	0	0	0	0
Johnny Holton	WR	6	0	0	0	0	0	0	0	0	0	0	0	0	0	0
Carson Wentz	QB	6	306	2	1	23	0	0	0	0	0	0	0	0	0	0
Laquon Treadwell	WR	6	0	0	0	0	0	15	0	1	0	0	0	0	0	0
Tyler Boyd	WR	6	0	0	0	0	0	10	0	3	0	0	0	0	0	0
Tyreek Hill	WR	6	0	0	0	0	0	80	2	5	0	0	0	0	0	0
Ezekiel Elliott	RB	6	0	0	0	105	1	48	0	5	0	0	0	0	0	0
Dak Prescott	QB	6	278	0	0	11	1	0	0	0	0	0	0	0	0	0
Seth DeValve	TE	6	0	0	0	0	0	16	0	1	0	0	0	0	0	0
Hunter Henry	TE	6	0	0	0	0	0	100	2	8	0	0	0	0	0	0
Marvin Hall	WR	6	0	0	0	0	0	58	0	1	0	0	0	0	0	0
Jared Goff	QB	6	78	0	0	0	0	0	0	0	0	1	0	0	0	0
Tyler Higbee	TE	6	0	0	0	0	0	25	0	3	0	0	0	0	0	0
Pharoh Cooper	WR	6	0	0	0	2	0	16	0	3	0	0	0	0	0	0
Mike Thomas	WR	6	0	0	0	0	0	0	0	0	0	0	0	0	0	0
Kenyan Drake	RB	6	0	0	0	40	0	30	0	6	0	0	0	0	0	0
Will Fuller	WR	6	0	0	0	0	0	44	0	5	0	0	0	0	0	0
Troymaine Pope	RB	6	0	0	0	0	0	0	0	0	0	0	0	0	0	0
Johnny Mundt	TE	6	0	0	0	0	0	0	0	0	0	0	0	0	0	0
JoJo Natson	WR	6	0	0	0	0	0	0	0	0	0	0	0	0	0	0
Christian McCaffrey	RB	6	0	0	0	31	1	26	1	4	0	0	0	0	0	0
Curtis Samuel	WR	6	0	0	0	8	1	70	1	4	0	0	0	0	0	0
George Kittle	TE	6	0	0	0	0	0	103	0	8	0	0	0	0	0	0
Aaron Jones	RB	6	0	0	0	47	0	13	0	4	0	1	0	0	0	0
Alex Armah	RB	6	0	0	0	4	0	0	0	0	0	0	0	0	0	0
Kendrick Bourne	WR	6	0	0	0	0	0	11	0	1	0	0	0	0	0	0
Matt Breida	RB	6	0	0	0	36	0	27	0	4	0	0	0	0	0	0
Taysom Hill	TE	6	0	0	0	17	0	0	0	0	0	0	0	0	0	0
Patrick Ricard	RB	6	0	0	0	0	0	6	0	1	0	0	0	0	0	0
Bobo Wilson	WR	6	0	0	0	0	0	10	0	1	0	0	0	0	0	0
Pharaoh Brown	TE	6	0	0	0	0	0	9	0	1	0	0	0	0	0	0
Anthony Firkser	TE	6	0	0	0	0	0	25	0	1	0	0	0	0	0	0
Isaiah Ford	WR	6	0	0	0	0	0	0	0	0	0	0	0	0	0	0
Jeremy Sprinkle	TE	6	0	0	0	0	0	24	0	2	0	0	0	0	0	0
Mike Williams	WR	6	0	0	0	0	0	72	0	5	0	0	0	0	0	0
Deshaun Watson	QB	6	280	1	2	42	2	0	0	0	0	0	0	1	0	0
James Conner	RB	6	0	0	0	41	1	78	1	7	0	0	0	0	0	0
Mack Hollins	WR	6	0	0	0	0	0	0	0	0	0	0	0	0	0	0
Ryan Switzer	WR	6	0	0	0	0	0	-2	0	1	0	0	0	0	0	0
Jamal Agnew	WR	6	0	0	0	9	0	0	0	0	0	0	0	0	0	0
David Moore	WR	6	0	0	0	0	0	36	0	3	0	0	0	0	0	0
Chris Carson	RB	6	0	0	0	124	1	35	0	4	0	0	0	0	0	0
Ricky Seals-Jones	TE	6	0	0	0	0	0	47	1	3	0	0	0	0	0	0
Blake Jarwin	TE	6	0	0	0	0	0	6	0	2	0	0	0	0	0	0
Austin Ekeler	RB	6	0	0	0	14	0	14	0	3	0	0	0	0	0	0
Dede Westbrook	WR	6	0	0	0	0	0	53	0	3	0	0	0	0	0	0
Dare Ogunbowale	RB	6	0	0	0	3	1	22	0	3	0	0	0	0	0	0
Leonard Fournette	RB	6	0	0	0	72	0	46	0	6	0	0	0	0	0	0
JuJu Smith-Schuster	WR	6	0	0	0	0	0	7	0	1	0	0	0	0	0	0
Jonnu Smith	TE	6	0	0	0	0	0	8	0	1	0	0	0	0	0	0
Corey Davis	WR	6	0	0	0	0	0	36	0	3	0	0	0	0	0	0
Patrick Mahomes	QB	6	273	3	1	-1	0	0	0	0	1	0	0	0	0	0
O.J. Howard	TE	6	0	0	0	0	0	35	0	2	0	0	0	0	0	0
Dalvin Cook	RB	6	0	0	0	41	1	13	0	2	0	0	0	0	0	0
Gerald Everett	TE	6	0	0	0	0	0	9	0	2	0	0	0	0	0	0
Joe Mixon	RB	6	0	0	0	10	0	29	0	2	0	0	0	0	0	0
Alvin Kamara	RB	6	0	0	0	31	0	35	0	7	0	0	0	0	0	0
Cooper Kupp	WR	6	0	0	0	0	0	17	0	4	0	0	0	0	0	0
Chris Godwin Jr.	WR	6	0	0	0	0	0	151	0	10	0	0	0	0	0	0
Kenny Golladay	WR	6	0	0	0	0	0	121	0	5	0	0	0	0	0	0
Josh Reynolds	WR	6	0	0	0	0	0	0	0	0	0	0	0	0	0	0
Jamaal Williams	RB	6	0	0	0	104	0	32	1	4	0	0	0	0	0	0
Fred Brown	WR	6	0	0	0	0	0	5	0	1	0	0	0	0	0	0
Brandon Zylstra	WR	6	0	0	0	0	0	0	0	0	0	0	0	0	0	0
Phillip Lindsay	RB	6	0	0	0	70	1	5	0	2	0	0	0	0	0	0
Will Dissly	TE	6	0	0	0	0	0	0	0	0	0	0	0	0	0	0
Gus Edwards	RB	6	0	0	0	34	0	0	0	0	0	0	0	0	0	0
Mike Boone	RB	6	0	0	0	0	0	0	0	0	0	0	0	0	0	0
Dontrell Hilliard	RB	6	0	0	0	0	0	17	0	2	0	0	0	0	0	0
Tyler Conklin	TE	6	0	0	0	0	0	0	0	0	0	0	0	0	0	0
Marquez Valdes-Scantling	WR	6	0	0	0	9	0	48	0	2	0	0	0	0	0	0
Richie James	WR	6	0	0	0	0	0	0	0	0	0	0	0	0	0	0
Byron Pringle	WR	6	0	0	0	0	0	24	0	2	0	0	0	0	0	0
Darrel Williams	RB	6	0	0	0	0	0	52	0	1	0	0	0	0	0	0
Trey Quinn	WR	6	0	0	0	0	0	8	0	2	0	0	0	0	0	0
Josh Rosen	QB	6	85	0	2	0	0	0	0	0	0	0	0	0	0	0
Courtland Sutton	WR	6	0	0	0	0	0	76	0	4	0	0	0	0	0	0
Kerryon Johnson	RB	6	0	0	0	34	1	27	0	2	0	0	0	0	0	0
Dallas Goedert	TE	6	0	0	0	0	0	48	0	5	0	0	0	0	0	0
Jordan Akins	TE	6	0	0	0	0	0	39	0	3	0	0	0	0	0	0
Keke Coutee	WR	6	0	0	0	0	0	39	0	4	0	0	0	0	0	0
DaeSean Hamilton	WR	6	0	0	0	0	0	25	0	2	0	0	0	0	0	0
Ito Smith	RB	6	0	0	0	6	0	0	0	0	0	0	0	0	0	0
Dalton Schultz	TE	6	0	0	0	0	0	6	0	1	0	0	0	0	0	0
Ray-Ray McCloud	WR	6	0	0	0	0	0	0	0	0	0	0	0	0	0	0
Russell Gage	WR	6	0	0	0	0	0	6	0	1	0	0	0	0	0	0
Boston Scott	RB	6	0	0	0	30	0	0	0	0	0	0	0	0	0	0
Cedrick Wilson Jr.	WR	6	0	0	0	0	0	46	0	5	0	0	0	0	0	0
Braxton Berrios	WR	6	0	0	0	0	0	0	0	0	0	0	0	0	0	0
Nick Bawden	RB	6	0	0	0	0	0	0	0	0	0	0	0	0	0	0
Ryan Izzo	TE	6	0	0	0	0	0	31	0	2	0	0	0	0	0	0
Buddy Howell	RB	6	0	0	0	0	0	0	0	0	0	0	0	0	0	0
Trent Sherfield	WR	6	0	0	0	0	0	38	0	1	0	0	0	0	0	0
Allen Lazard	WR	6	0	0	0	0	0	65	1	4	0	0	0	0	0	0
Kyle Allen	QB	6	227	2	0	3	0	0	0	0	0	0	0	0	0	0
Reggie Bonnafon	RB	6	0	0	0	0	0	0	0	0	0	0	0	0	0	0
Vyncint Smith	WR	6	0	0	0	0	0	5	0	1	0	0	0	0	0	0
Dalyn Dawkins	RB	6	0	0	0	2	0	0	0	0	0	0	0	0	0	0
Mark Walton	RB	6	0	0	0	32	0	43	0	5	0	0	0	0	0	0
Chase Edmonds	RB	6	0	0	0	34	0	33	1	2	0	0	0	0	0	0
Auden Tate	WR	6	0	0	0	0	0	91	0	5	0	0	0	0	0	0
Mark Andrews	TE	6	0	0	0	0	0	99	0	6	0	0	1	0	0	0
Michael Gallup	WR	6	0	0	0	0	0	48	0	4	0	0	0	0	0	0
Antonio Callaway	WR	6	0	0	0	0	0	22	0	2	0	0	0	0	0	0
DJ Chark	WR	6	0	0	0	0	0	43	0	3	0	0	0	0	0	0
Jaeden Graham	TE	6	0	0	0	0	0	21	0	1	0	0	0	0	0	0
Nick Chubb	RB	6	0	0	0	122	2	17	0	5	0	0	1	0	0	0
Lamar Jackson	QB	6	236	0	0	152	1	0	0	0	0	0	0	0	0	0
Kalen Ballage	RB	6	0	0	0	7	1	0	0	0	0	0	0	0	0	0
Ronald Jones	RB	6	0	0	0	10	1	0	0	0	0	0	0	0	0	0
DJ Moore	WR	6	0	0	0	13	0	73	0	7	0	0	0	0	0	0
Mike Gesicki	TE	6	0	0	0	0	0	51	0	3	0	0	0	0	0	0
Hayden Hurst	TE	6	0	0	0	0	0	4	0	1	0	0	0	0	0	0
Calvin Ridley	WR	6	0	0	0	0	0	48	1	4	0	0	0	0	0	0
Royce Freeman	RB	6	0	0	0	34	0	42	0	5	0	0	0	0	0	0
Sony Michel	RB	6	0	0	0	86	0	27	0	2	0	0	0	0	0	0
Baker Mayfield	QB	6	249	1	3	35	1	0	0	0	0	0	0	1	0	0
Dante Pettis	WR	6	0	0	0	0	0	45	0	3	0	0	0	0	0	0
Malik Turner	WR	6	0	0	0	0	0	0	0	0	0	0	0	0	0	0
Sam Darnold	QB	6	338	2	1	1	0	0	0	0	0	0	0	0	0	0
Steven Sims	WR	6	0	0	0	1	0	0	0	0	0	0	0	0	0	0
Jakobi Meyers	WR	6	0	0	0	0	0	54	0	4	0	0	0	0	0	0
Irv Smith	TE	6	0	0	0	0	0	29	0	2	0	0	0	0	0	0
Alexander Mattison	RB	6	0	0	0	63	0	0	0	0	0	1	0	0	0	0
Justice Hill	RB	6	0	0	0	31	0	0	0	0	0	0	0	0	0	0
Bisi Johnson	WR	6	0	0	0	0	0	16	0	1	0	0	0	0	0	0
Jon Hilliman	RB	6	0	0	0	38	0	-3	0	2	0	0	1	0	0	0
Mecole Hardman	WR	6	0	0	0	0	0	45	0	4	0	0	0	0	0	0
Darrius Shepherd	WR	6	0	0	0	0	0	1	0	1	0	0	0	0	0	0
Olamide Zaccheaus	WR	6	0	0	0	0	0	0	0	0	0	0	0	0	0	0
Deonte Harty	WR	6	0	0	0	0	0	0	0	0	0	0	0	0	0	0
Diontae Johnson	WR	6	0	0	0	0	0	14	0	2	0	0	0	0	0	0
Benny Snell	RB	6	0	0	0	75	0	14	0	1	0	0	0	0	0	0
Kyler Murray	QB	6	340	3	0	32	0	0	0	0	0	0	0	0	0	0
T.J. Hockenson	TE	6	0	0	0	0	0	21	0	4	0	0	0	0	0	0
Miles Sanders	RB	6	0	0	0	6	0	86	1	3	0	0	0	0	0	0
Tony Pollard	RB	6	0	0	0	13	0	0	0	0	0	0	0	0	0	0
Ryquell Armstead	RB	6	0	0	0	1	0	0	0	0	0	0	0	0	0	0
Jordan Scarlett	RB	6	0	0	0	0	0	0	0	0	0	0	0	0	0	0
KeeSean Johnson	WR	6	0	0	0	0	0	14	0	2	0	0	0	0	0	0
Gardner Minshew	QB	6	163	0	1	1	0	0	0	0	0	0	0	0	0	0
Kelvin Harmon	WR	6	0	0	0	0	0	8	0	1	0	0	0	0	0	0
Scott Miller	WR	6	0	0	0	0	0	39	0	3	0	0	0	0	0	0
Cullen Gillaspia	RB	6	0	0	0	0	0	0	0	0	0	0	0	0	0	0
Preston Williams	WR	6	0	0	0	0	0	31	0	2	0	0	0	0	0	0
Damion Willis	WR	6	0	0	0	0	0	0	0	0	0	0	0	0	0	0
Jason Moore	WR	6	0	0	0	0	0	43	0	2	0	0	0	0	0	0
Andy Isabella	WR	6	0	0	0	0	0	0	0	0	0	0	0	0	0	0
Darius Slayton	WR	6	0	0	0	0	0	32	0	3	0	0	0	0	0	0
Ty Johnson	RB	6	0	0	0	0	0	0	0	0	0	0	0	0	0	0
Devlin Hodges	QB	6	132	1	1	8	0	0	0	0	0	0	0	0	0	0
Drew Sample	TE	6	0	0	0	0	0	-1	0	1	0	0	0	0	0	0
DK Metcalf	WR	6	0	0	0	4	0	69	0	4	0	0	0	0	0	0
Noah Fant	TE	6	0	0	0	0	0	16	0	2	0	0	0	0	0	0
Gunner Olszewski	WR	6	0	0	0	0	0	34	0	2	0	0	0	0	0	0
Terry McLaurin	WR	6	0	0	0	0	0	100	2	4	0	0	0	0	0	0
Darrell Henderson	RB	6	0	0	0	39	0	9	0	1	0	0	0	0	0	0
A.J. Brown	WR	6	0	0	0	0	0	23	0	2	0	0	0	0	0	0
Miles Boykin	WR	6	0	0	0	0	0	28	0	2	0	0	0	0	0	0
Daniel Jones	QB	6	161	1	3	8	0	0	0	0	0	0	0	0	0	0
Deebo Samuel Sr.	WR	6	0	0	0	1	0	18	0	3	0	0	0	0	0	0
Tom Brady	QB	7	249	1	1	0	0	0	0	0	0	0	0	0	0	0
Jason Witten	TE	7	0	0	0	0	0	33	0	4	0	0	0	0	0	0
Matt Schaub	QB	7	65	1	0	-1	0	0	0	0	0	0	0	0	0	0
Larry Fitzgerald	WR	7	0	0	0	0	0	12	0	1	0	0	0	0	0	0
Philip Rivers	QB	7	329	2	0	0	0	0	0	0	0	0	0	0	0	0
Benjamin Watson	TE	7	0	0	0	0	0	18	0	3	0	0	0	0	0	0
Aaron Rodgers	QB	7	429	5	0	6	1	0	0	0	0	0	0	0	0	0
Frank Gore	RB	7	0	0	0	55	0	11	0	1	0	0	0	0	0	0
Ryan Fitzpatrick	QB	7	282	1	1	13	1	0	0	0	0	0	0	0	0	0
Adrian Peterson	RB	7	0	0	0	81	0	0	0	0	0	1	0	0	0	0
Ted Ginn	WR	7	0	0	0	0	0	48	0	2	0	0	0	0	0	0
Matt Moore	QB	7	117	1	0	-1	0	0	0	0	0	0	0	0	0	0
Danny Amendola	WR	7	0	0	0	0	0	105	0	8	0	0	0	0	0	0
Matt Ryan	QB	7	159	0	1	2	0	0	0	0	1	0	0	0	0	0
Joe Flacco	QB	7	213	0	0	0	0	0	0	0	1	0	0	0	0	0
Matthew Slater	WR	7	0	0	0	0	0	0	0	0	0	0	0	0	0	0
Matthew Stafford	QB	7	364	4	1	0	0	0	0	0	0	0	0	0	0	0
LeSean McCoy	RB	7	0	0	0	64	0	12	0	2	0	0	0	0	0	0
Julian Edelman	WR	7	0	0	0	20	0	47	0	7	0	0	0	0	0	0
Emmanuel Sanders	WR	7	0	0	0	0	0	60	0	5	0	0	0	0	0	0
Andre Roberts	WR	7	0	0	0	0	0	0	0	0	0	0	0	0	0	0
Jimmy Graham	TE	7	0	0	0	0	0	65	1	4	0	0	0	0	0	0
Demaryius Thomas	WR	7	0	0	0	0	0	42	0	3	0	0	0	0	0	0
Golden Tate	WR	7	0	0	0	0	0	80	0	6	0	0	0	0	0	0
Julio Jones	WR	7	0	0	0	0	0	93	0	6	0	0	0	0	0	0
Mark Ingram	RB	7	0	0	0	46	0	7	0	1	0	0	0	0	0	0
Andy Dalton	QB	7	276	1	3	33	1	0	0	0	0	0	0	0	0	0
Kyle Rudolph	TE	7	0	0	0	0	0	58	1	5	0	0	0	0	0	0
Randall Cobb	WR	7	0	0	0	0	0	29	0	2	0	0	0	0	0	0
Taiwan Jones	RB	7	0	0	0	0	0	0	0	0	0	0	0	0	0	0
Bilal Powell	RB	7	0	0	0	3	0	0	0	0	0	0	0	0	0	0
Dion Lewis	RB	7	0	0	0	2	0	0	0	0	0	0	0	0	0	0
Lee Smith	TE	7	0	0	0	0	0	9	0	1	0	0	0	0	0	0
Charles Clay	TE	7	0	0	0	0	0	12	0	1	0	0	0	0	0	0
Virgil Green	TE	7	0	0	0	0	0	9	0	1	0	0	0	0	0	0
Patrick DiMarco	RB	7	0	0	0	4	0	27	0	1	0	0	0	0	0	0
Case Keenum	QB	7	77	0	0	0	0	0	0	0	0	0	0	0	0	0
Cole Beasley	WR	7	0	0	0	0	0	16	1	3	0	0	0	0	0	0
Derek Carrier	TE	7	0	0	0	0	0	22	0	2	0	0	0	0	0	0
Alshon Jeffery	WR	7	0	0	0	0	0	38	0	2	0	0	0	0	0	0
Brandon Bolden	RB	7	0	0	0	2	0	39	0	4	0	0	0	0	0	0
Russell Wilson	QB	7	241	1	1	27	0	0	0	0	0	0	0	0	0	0
Marvin Jones	WR	7	0	0	0	0	0	93	4	10	0	0	0	0	0	0
Rhett Ellison	TE	7	0	0	0	0	0	33	1	2	0	0	0	0	0	0
Kirk Cousins	QB	7	338	4	0	-3	0	0	0	0	0	0	0	0	0	0
T.Y. Hilton	WR	7	0	0	0	0	0	74	1	6	0	0	0	0	0	0
Mohamed Sanu	WR	7	0	0	0	0	0	3	0	1	0	0	0	0	0	0
Ryan Tannehill	QB	7	312	2	1	7	0	0	0	0	0	0	0	0	0	0
Darren Fells	TE	7	0	0	0	0	0	27	0	2	0	0	0	0	0	0
Adam Thielen	WR	7	0	0	0	0	0	25	1	1	0	0	0	0	0	0
Zach Ertz	TE	7	0	0	0	0	0	38	0	2	0	0	0	0	0	0
Marquise Goodwin	WR	7	0	0	0	0	0	0	0	0	0	0	0	0	0	0
Kenny Stills	WR	7	0	0	0	0	0	105	0	4	0	0	0	0	0	0
Luke Willson	TE	7	0	0	0	0	0	0	0	0	0	0	0	0	0	0
Ryan Griffin	TE	7	0	0	0	0	0	1	0	1	0	0	0	0	0	0
Jack Doyle	TE	7	0	0	0	0	0	21	0	3	0	0	0	0	0	0
Josh Hill	TE	7	0	0	0	0	0	43	1	3	0	0	0	0	0	0
Keenan Allen	WR	7	0	0	0	0	0	61	0	4	0	0	0	0	0	0
Jaron Brown	WR	7	0	0	0	0	0	60	0	3	0	0	0	0	0	0
Robert Woods	WR	7	0	0	0	6	0	80	0	5	0	0	0	0	0	0
Levine Toilolo	TE	7	0	0	0	0	0	2	0	1	0	0	0	0	0	0
Giovani Bernard	RB	7	0	0	0	0	0	4	0	2	0	0	0	0	0	0
Kenjon Barner	RB	7	0	0	0	0	0	0	0	0	0	0	0	0	0	0
Le'Veon Bell	RB	7	0	0	0	70	0	6	0	1	0	0	0	0	0	0
Travis Kelce	TE	7	0	0	0	0	0	44	0	6	0	0	0	0	0	0
Latavius Murray	RB	7	0	0	0	119	2	31	0	5	0	0	0	0	0	0
Mike Glennon	QB	7	36	1	0	0	0	0	0	0	0	0	0	0	0	0
Tavon Austin	WR	7	0	0	0	20	1	0	0	0	0	0	0	0	0	0
Tyler Eifert	TE	7	0	0	0	0	0	10	0	2	0	0	0	0	0	0
DeAndre Hopkins	WR	7	0	0	0	0	0	106	1	9	0	0	0	0	0	0
Cordarrelle Patterson	RB	7	0	0	0	2	0	21	0	2	0	0	0	0	0	0
Willie Snead	WR	7	0	0	0	2	0	0	0	0	0	0	0	0	0	0
Albert Wilson	WR	7	0	0	0	0	0	22	0	1	0	0	0	0	0	0
Bennie Fowler	WR	7	0	0	0	0	0	35	0	4	0	0	0	0	0	0
Trey Burton	TE	7	0	0	0	0	0	11	0	2	0	0	0	0	0	0
Allen Hurns	WR	7	0	0	0	0	0	53	0	3	0	0	0	0	0	0
Damien Williams	RB	7	0	0	0	7	0	-1	0	2	0	0	0	0	0	0
Carlos Hyde	RB	7	0	0	0	35	0	0	0	0	0	0	0	0	0	0
John Brown	WR	7	0	0	0	0	0	83	1	5	0	0	0	0	0	0
De'Anthony Thomas	WR	7	0	0	0	0	0	0	0	0	0	0	0	0	0	0
James White	RB	7	0	0	0	0	0	59	0	7	0	0	0	0	0	0
Seth Roberts	WR	7	0	0	0	0	0	9	0	1	0	0	0	0	0	0
Taylor Gabriel	WR	7	0	0	0	0	0	6	0	1	0	0	0	0	0	0
Brandin Cooks	WR	7	0	0	0	0	0	59	0	4	0	0	0	0	0	0
Teddy Bridgewater	QB	7	281	2	0	7	0	0	0	0	0	0	0	0	0	0
Paul Richardson	WR	7	0	0	0	0	0	0	0	0	0	0	0	0	0	0
Logan Thomas	TE	7	0	0	0	0	0	0	0	0	0	0	0	0	0	0
Derek Carr	QB	7	293	2	1	0	0	0	0	0	0	1	0	0	0	0
Devonta Freeman	RB	7	0	0	0	19	0	6	0	2	0	0	0	0	0	0
Diontae Spencer	WR	7	0	0	0	0	0	5	0	1	0	0	0	0	0	0
Cody Latimer	WR	7	0	0	0	0	0	33	0	4	0	0	0	0	0	0
Jimmy Garoppolo	QB	7	151	0	1	20	0	0	0	0	0	0	0	0	0	0
Eric Ebron	TE	7	0	0	0	0	0	70	1	4	0	0	0	0	0	0
Allen Robinson	WR	7	0	0	0	0	0	87	1	10	0	0	0	0	0	0
Amari Cooper	WR	7	0	0	0	0	0	106	0	5	0	0	0	0	0	0
DeVante Parker	WR	7	0	0	0	0	0	55	1	5	0	0	0	0	0	0
Nelson Agholor	WR	7	0	0	0	0	0	24	0	2	0	0	0	0	0	0
Maxx Williams	TE	7	0	0	0	0	0	5	0	1	0	0	0	0	0	0
Justin Hardy	WR	7	0	0	0	0	0	19	0	2	0	0	0	0	0	0
Stefon Diggs	WR	7	0	0	0	0	0	143	0	7	0	0	0	0	0	0
Nick Boyle	TE	7	0	0	0	0	0	20	0	1	0	0	0	0	0	0
Darren Waller	TE	7	0	0	0	0	0	126	2	7	0	0	0	0	0	0
Zach Zenner	RB	7	0	0	0	1	0	6	0	1	0	0	0	0	0	0
Raheem Mostert	RB	7	0	0	0	0	0	0	0	0	0	0	0	0	0	0
Eric Tomlinson	TE	7	0	0	0	0	0	1	0	1	0	0	0	0	0	0
DeAndre Carter	WR	7	0	0	0	0	0	0	0	0	0	0	0	0	0	0
Jake Kumerow	WR	7	0	0	0	0	0	54	1	2	0	0	0	0	0	0
Damiere Byrd	WR	7	0	0	0	0	0	4	0	1	0	0	0	0	0	0
Jamison Crowder	WR	7	0	0	0	0	0	26	0	4	0	0	0	0	0	0
Geremy Davis	WR	7	0	0	0	0	0	0	0	0	0	0	0	0	0	0
Darius Jennings	WR	7	0	0	0	0	0	0	0	0	0	0	0	0	0	0
Adam Humphries	WR	7	0	0	0	0	0	40	0	4	0	0	0	0	0	0
Tevin Coleman	RB	7	0	0	0	62	0	-1	0	2	0	0	0	0	0	0
Blake Bell	TE	7	0	0	0	0	0	0	0	0	0	0	0	0	0	0
Daniel Brown	TE	7	0	0	0	0	0	0	0	0	0	0	0	0	0	0
Ameer Abdullah	RB	7	0	0	0	0	0	0	0	0	0	0	0	0	0	0
Chris Conley	WR	7	0	0	0	0	0	83	0	3	0	0	0	0	0	1
Jesse James	TE	7	0	0	0	0	0	7	0	1	0	0	0	0	0	0
Melvin Gordon	RB	7	0	0	0	32	0	-3	1	2	0	1	0	0	0	0
David Johnson	RB	7	0	0	0	2	0	0	0	0	0	0	0	0	0	0
Ty Montgomery	WR	7	0	0	0	9	0	0	0	0	0	0	0	0	0	0
Phillip Dorsett	WR	7	0	0	0	0	0	46	1	3	0	0	0	0	0	0
Tyler Lockett	WR	7	0	0	0	-3	0	61	1	5	0	0	0	0	0	0
Tyler Kroft	TE	7	0	0	0	0	0	0	0	0	0	0	0	0	0	0
Todd Gurley	RB	7	0	0	0	41	0	13	1	1	0	0	0	0	0	0
Duke Johnson	RB	7	0	0	0	34	0	22	0	2	0	0	0	0	0	0
Chester Rogers	WR	7	0	0	0	0	0	24	0	2	0	0	0	0	0	0
Austin Hooper	TE	7	0	0	0	0	0	46	1	4	0	0	0	0	0	0
C.J. Prosise	RB	7	0	0	0	17	0	0	0	0	0	0	0	0	0	0
Chris Moore	WR	7	0	0	0	0	0	3	0	1	0	0	0	0	0	0
Trevor Davis	WR	7	0	0	0	0	0	26	0	2	0	0	0	0	0	0
Dwayne Washington	RB	7	0	0	0	0	0	6	0	1	0	0	0	0	0	0
Alex Erickson	WR	7	0	0	0	-2	0	137	0	8	0	0	0	0	0	0
J.D. McKissic	RB	7	0	0	0	29	0	31	0	2	0	0	0	0	0	0
Geronimo Allison	WR	7	0	0	0	0	0	33	0	4	0	0	0	0	0	0
Ben Braunecker	TE	7	0	0	0	0	0	0	0	0	0	0	0	0	0	0
Robbie Chosen	WR	7	0	0	0	0	0	10	0	1	0	0	0	0	0	0
Derrick Henry	RB	7	0	0	0	90	1	18	0	1	0	0	0	0	0	0
Michael Thomas	WR	7	0	0	0	0	0	131	0	9	0	0	0	0	0	0
Demarcus Robinson	WR	7	0	0	0	0	0	31	0	3	0	0	0	0	0	0
Tajae Sharpe	WR	7	0	0	0	0	0	19	1	2	0	0	0	0	0	0
Jordan Howard	RB	7	0	0	0	50	0	6	0	2	0	0	0	0	0	0
Wendell Smallwood	RB	7	0	0	0	23	0	18	0	1	0	0	0	0	0	0
Danny Vitale	RB	7	0	0	0	0	0	43	0	2	0	0	0	0	0	0
DeAndre Washington	RB	7	0	0	0	29	0	12	0	1	0	0	0	0	0	0
Duke Williams	WR	7	0	0	0	0	0	23	0	1	0	0	0	0	0	0
Carson Wentz	QB	7	191	1	1	12	0	0	0	0	1	1	0	0	0	0
Tyler Boyd	WR	7	0	0	0	0	0	55	0	5	0	0	1	0	0	0
Jalen Richard	RB	7	0	0	0	2	0	5	0	1	0	0	0	0	0	0
Tyreek Hill	WR	7	0	0	0	0	0	74	1	3	0	0	0	0	0	0
Ezekiel Elliott	RB	7	0	0	0	111	1	36	0	6	0	0	0	0	0	0
Dak Prescott	QB	7	239	1	1	30	1	0	0	0	0	0	0	0	0	0
Seth DeValve	TE	7	0	0	0	0	0	0	0	0	0	0	0	0	0	0
Hunter Henry	TE	7	0	0	0	0	0	97	0	6	0	0	0	0	0	0
Marvin Hall	WR	7	0	0	0	0	0	47	0	1	0	0	0	0	0	0
Jared Goff	QB	7	268	2	0	3	1	0	0	0	0	0	0	0	0	0
Tyler Higbee	TE	7	0	0	0	0	0	8	0	1	0	0	0	0	0	0
Pharoh Cooper	WR	7	0	0	0	0	0	29	0	4	0	0	0	0	0	0
Mike Thomas	WR	7	0	0	0	0	0	0	0	0	0	0	0	0	0	0
Kenyan Drake	RB	7	0	0	0	21	0	37	0	3	0	0	0	0	0	0
Jacoby Brissett	QB	7	326	4	0	6	0	0	0	0	0	1	0	0	0	0
Will Fuller	WR	7	0	0	0	0	0	6	0	1	0	0	0	0	0	0
Troymaine Pope	RB	7	0	0	0	0	0	0	0	0	0	0	0	0	0	0
Johnny Mundt	TE	7	0	0	0	0	0	0	0	0	0	0	0	0	0	0
Zach Pascal	WR	7	0	0	0	0	0	106	2	6	0	0	0	0	0	0
Darrell Daniels	TE	7	0	0	0	0	0	0	0	0	0	0	0	0	0	0
JoJo Natson	WR	7	0	0	0	0	0	0	0	0	0	0	0	0	0	0
George Kittle	TE	7	0	0	0	0	0	38	0	3	0	0	0	0	0	0
Aaron Jones	RB	7	0	0	0	50	0	33	1	4	0	0	0	0	0	0
Kendrick Bourne	WR	7	0	0	0	0	0	69	0	3	0	0	0	0	0	0
Matt Breida	RB	7	0	0	0	35	0	1	0	1	0	0	0	0	0	0
Cethan Carter	TE	7	0	0	0	0	0	0	0	0	0	0	0	0	0	0
Taysom Hill	TE	7	0	0	0	21	0	4	1	1	0	0	0	0	0	0
Austin Carr	WR	7	0	0	0	0	0	0	0	0	0	0	0	0	0	0
Jacob Hollister	TE	7	0	0	0	0	0	20	0	3	0	0	0	0	0	0
Anthony Firkser	TE	7	0	0	0	0	0	27	0	1	0	0	0	0	0	0
Isaiah McKenzie	WR	7	0	0	0	0	0	11	0	2	0	0	0	0	0	0
Isaiah Ford	WR	7	0	0	0	0	0	0	0	0	0	0	0	0	0	0
Jeremy Sprinkle	TE	7	0	0	0	0	0	13	0	2	0	0	0	0	0	0
Mike Williams	WR	7	0	0	0	0	0	47	0	4	0	0	0	0	0	0
Deshaun Watson	QB	7	308	1	2	32	0	0	0	0	0	0	0	0	0	0
Mack Hollins	WR	7	0	0	0	0	0	0	0	0	0	0	0	0	0	0
Tarik Cohen	RB	7	0	0	0	10	0	19	0	9	0	0	0	0	0	0
Brian Hill	RB	7	0	0	0	11	0	14	0	2	0	0	0	0	0	0
Jamal Agnew	WR	7	0	0	0	0	0	0	0	0	0	0	0	0	0	0
David Moore	WR	7	0	0	0	0	0	14	0	1	0	0	0	0	0	0
Chris Carson	RB	7	0	0	0	65	0	9	0	3	0	0	0	0	0	0
Blake Jarwin	TE	7	0	0	0	0	0	1	1	1	0	0	0	0	0	0
Keelan Cole	WR	7	0	0	0	0	0	2	1	1	0	0	0	0	0	0
Austin Ekeler	RB	7	0	0	0	7	0	118	1	7	0	0	0	0	0	0
Evan Baylis	TE	7	0	0	0	0	0	0	0	0	0	0	0	0	0	0
Dede Westbrook	WR	7	0	0	0	14	0	103	0	6	0	0	0	0	0	0
Leonard Fournette	RB	7	0	0	0	131	0	14	0	2	0	0	0	0	0	0
Jonnu Smith	TE	7	0	0	0	0	0	64	0	3	0	0	0	0	0	0
Mitchell Trubisky	QB	7	251	2	0	0	0	0	0	0	0	0	0	1	0	0
Corey Davis	WR	7	0	0	0	0	0	80	1	6	0	0	0	0	0	0
Patrick Mahomes	QB	7	76	1	0	2	0	0	0	0	0	0	0	0	0	0
Evan Engram	TE	7	0	0	0	0	0	6	0	1	0	0	0	0	0	0
Dalvin Cook	RB	7	0	0	0	142	2	7	0	1	0	0	0	0	0	0
Gerald Everett	TE	7	0	0	0	0	0	50	1	4	0	0	0	0	0	0
Adam Shaheen	TE	7	0	0	0	0	0	24	0	2	0	0	0	0	0	1
Joe Mixon	RB	7	0	0	0	2	0	2	1	1	0	0	0	0	0	0
Cooper Kupp	WR	7	0	0	0	0	0	50	0	6	0	0	0	0	0	0
Kenny Golladay	WR	7	0	0	0	0	0	21	0	1	0	0	0	0	0	0
Josh Reynolds	WR	7	0	0	0	0	0	0	0	0	0	0	0	0	0	0
Jamaal Williams	RB	7	0	0	0	5	0	26	1	4	0	0	0	0	0	0
Marlon Mack	RB	7	0	0	0	44	0	12	0	3	0	0	0	0	0	0
Dan Arnold	TE	7	0	0	0	0	0	0	0	0	0	0	0	0	0	0
Ross Dwelley	TE	7	0	0	0	0	0	2	0	1	0	0	0	0	0	0
Phillip Lindsay	RB	7	0	0	0	36	0	-4	0	1	0	0	0	0	0	0
Jeff Wilson	RB	7	0	0	0	20	0	0	0	0	0	0	0	0	0	0
Tim Boyle	QB	7	0	0	0	-3	0	0	0	0	0	0	0	0	0	0
Gus Edwards	RB	7	0	0	0	35	0	0	0	0	0	0	0	0	0	0
Marquez Valdes-Scantling	WR	7	0	0	0	0	0	133	1	2	0	0	0	0	0	0
Richie James	WR	7	0	0	0	0	0	40	0	1	0	0	0	0	0	0
Byron Pringle	WR	7	0	0	0	0	0	0	0	0	0	0	0	0	0	0
Darrel Williams	RB	7	0	0	0	1	0	5	0	2	0	0	0	0	0	0
Trey Quinn	WR	7	0	0	0	0	0	30	0	2	0	0	0	0	0	0
Courtland Sutton	WR	7	0	0	0	0	0	87	0	6	0	0	0	0	0	0
Kerryon Johnson	RB	7	0	0	0	23	0	0	0	0	0	0	0	0	0	0
Dallas Goedert	TE	7	0	0	0	0	0	69	1	4	0	0	1	0	0	0
Anthony Miller	WR	7	0	0	0	-1	0	64	0	5	0	1	0	0	0	0
Jordan Akins	TE	7	0	0	0	0	0	17	0	2	0	0	0	0	0	0
Keke Coutee	WR	7	0	0	0	4	1	25	0	3	0	0	0	0	0	0
Nyheim Hines	RB	7	0	0	0	3	0	13	0	1	0	0	0	0	0	0
DaeSean Hamilton	WR	7	0	0	0	0	0	4	0	2	0	0	0	0	0	0
Ito Smith	RB	7	0	0	0	7	0	0	0	0	0	0	0	0	0	0
Dalton Schultz	TE	7	0	0	0	0	0	0	0	0	0	0	0	0	0	0
Jordan Wilkins	RB	7	0	0	0	9	0	6	0	1	0	0	0	0	0	0
Russell Gage	WR	7	0	0	0	0	0	13	0	1	0	0	0	0	0	0
Boston Scott	RB	7	0	0	0	32	0	5	0	1	0	0	0	0	0	0
Braxton Berrios	WR	7	0	0	0	0	0	1	0	1	0	0	0	0	0	0
Javon Wims	WR	7	0	0	0	0	0	6	1	1	0	0	0	0	0	0
Buddy Howell	RB	7	0	0	0	0	0	0	0	0	0	0	0	0	0	0
Trent Sherfield	WR	7	0	0	0	0	0	4	0	1	0	0	0	0	0	0
Allen Lazard	WR	7	0	0	0	0	0	42	0	3	0	0	0	0	0	0
Vyncint Smith	WR	7	0	0	0	0	0	0	0	0	0	0	0	0	0	0
Mark Walton	RB	7	0	0	0	66	0	-8	0	1	0	0	0	0	0	0
Chase Edmonds	RB	7	0	0	0	126	3	24	0	2	0	0	0	0	0	0
Auden Tate	WR	7	0	0	0	0	0	65	0	3	0	0	0	0	0	0
Marcell Ateman	WR	7	0	0	0	0	0	36	0	1	0	0	0	0	0	0
Mark Andrews	TE	7	0	0	0	0	0	39	0	2	0	0	0	0	0	0
Michael Gallup	WR	7	0	0	0	0	0	34	0	3	0	0	0	0	0	0
DJ Chark	WR	7	0	0	0	20	0	53	0	3	0	0	0	0	0	0
Jaeden Graham	TE	7	0	0	0	0	0	0	0	0	0	0	0	0	0	0
Lamar Jackson	QB	7	143	0	0	116	1	0	0	0	0	0	0	0	0	0
Durham Smythe	TE	7	0	0	0	0	0	0	0	0	0	0	0	0	0	0
Kalen Ballage	RB	7	0	0	0	7	1	0	0	0	0	0	0	0	0	0
John Kelly	RB	7	0	0	0	9	0	0	0	0	0	0	0	0	0	0
Mike Gesicki	TE	7	0	0	0	0	0	41	0	4	0	0	0	0	0	0
Hayden Hurst	TE	7	0	0	0	0	0	10	0	1	0	0	0	0	0	0
Calvin Ridley	WR	7	0	0	0	0	0	30	0	4	0	0	0	0	0	0
Royce Freeman	RB	7	0	0	0	35	1	32	0	4	0	0	0	0	0	0
Saquon Barkley	RB	7	0	0	0	72	1	8	0	3	0	0	0	0	0	0
Sony Michel	RB	7	0	0	0	42	3	-8	0	1	0	0	0	0	0	0
Josh Allen	QB	7	202	2	0	32	0	0	0	0	0	0	0	0	1	0
Dante Pettis	WR	7	0	0	0	0	0	0	0	0	0	0	0	0	0	0
Malik Turner	WR	7	0	0	0	0	0	24	0	1	0	0	0	0	0	0
Sam Darnold	QB	7	86	0	4	-1	0	0	0	0	1	0	0	0	0	0
Steven Sims	WR	7	0	0	0	0	0	5	0	3	0	0	0	0	0	0
Jakobi Meyers	WR	7	0	0	0	0	0	47	0	5	0	0	0	0	0	0
Irv Smith	TE	7	0	0	0	0	0	60	0	5	0	0	0	0	0	0
Alexander Mattison	RB	7	0	0	0	18	0	0	0	0	0	0	0	0	0	0
Justice Hill	RB	7	0	0	0	0	0	0	0	0	0	0	0	0	0	0
Foster Moreau	TE	7	0	0	0	0	0	24	1	2	0	0	0	0	0	0
Hunter Renfrow	WR	7	0	0	0	0	0	14	0	2	0	0	0	0	0	0
Dexter Williams	RB	7	0	0	0	2	0	0	0	0	0	0	0	0	0	0
Bisi Johnson	WR	7	0	0	0	0	0	40	1	4	0	0	0	0	0	0
Ashton Dulin	WR	7	0	0	0	0	0	0	0	0	0	0	0	0	0	0
Keelan Doss	WR	7	0	0	0	0	0	54	0	3	0	0	0	0	0	0
Mecole Hardman	WR	7	0	0	0	0	0	28	1	2	0	0	0	0	0	0
Darrius Shepherd	WR	7	0	0	0	0	0	0	0	0	0	0	0	0	0	0
Deonte Harty	WR	7	0	0	0	0	0	0	0	0	0	0	0	0	0	0
Kyler Murray	QB	7	104	0	0	28	0	0	0	0	0	0	0	0	0	0
T.J. Hockenson	TE	7	0	0	0	0	0	32	0	3	0	0	0	0	0	0
Miles Sanders	RB	7	0	0	0	21	0	11	0	3	0	0	0	0	0	0
Devin Singletary	RB	7	0	0	0	26	0	0	0	0	0	0	0	0	0	0
Tony Pollard	RB	7	0	0	0	28	0	0	0	0	0	0	0	0	0	0
Jarrett Stidham	QB	7	0	0	0	-2	0	0	0	0	0	0	0	0	0	0
Ryquell Armstead	RB	7	0	0	0	3	0	0	0	0	0	0	0	0	0	0
KeeSean Johnson	WR	7	0	0	0	0	0	6	0	1	0	0	0	0	0	0
Gardner Minshew	QB	7	255	1	0	48	0	0	0	0	0	0	0	1	0	0
Kelvin Harmon	WR	7	0	0	0	0	0	0	0	0	0	0	0	0	0	0
Cullen Gillaspia	RB	7	0	0	0	0	0	0	0	0	0	0	0	0	0	0
Preston Williams	WR	7	0	0	0	0	0	82	0	6	0	0	1	0	0	0
Jason Moore	WR	7	0	0	0	0	0	0	0	0	0	0	0	0	0	0
Andy Isabella	WR	7	0	0	0	0	0	8	0	2	0	0	0	0	0	0
Darius Slayton	WR	7	0	0	0	0	0	28	0	2	0	0	0	0	0	0
Ty Johnson	RB	7	0	0	0	29	0	28	0	4	0	0	0	0	0	0
Ventell Bryant	WR	7	0	0	0	0	0	0	0	0	0	0	0	0	0	0
Drew Sample	TE	7	0	0	0	0	0	3	0	1	0	0	0	0	0	0
DK Metcalf	WR	7	0	0	0	0	0	53	0	4	0	0	1	0	0	0
Noah Fant	TE	7	0	0	0	0	0	7	0	1	0	0	0	0	0	0
Gunner Olszewski	WR	7	0	0	0	0	0	0	0	0	0	0	0	0	0	0
Damien Harris	RB	7	0	0	0	12	0	0	0	0	0	0	0	0	0	0
Terry McLaurin	WR	7	0	0	0	0	0	11	0	1	0	0	0	0	0	0
Darrell Henderson	RB	7	0	0	0	31	0	8	0	1	0	0	0	0	0	0
A.J. Brown	WR	7	0	0	0	-2	0	64	0	6	0	0	0	0	0	0
David Montgomery	RB	7	0	0	0	6	0	13	0	2	0	1	0	0	0	0
Dawson Knox	TE	7	0	0	0	0	0	22	0	2	0	0	0	0	0	0
Josh Jacobs	RB	7	0	0	0	124	0	10	0	3	0	0	0	0	0	0
Miles Boykin	WR	7	0	0	0	0	0	55	0	2	0	0	0	0	0	0
Daniel Jones	QB	7	223	1	1	35	0	0	0	0	2	0	0	0	0	0
Tom Brady	QB	8	259	2	0	0	0	0	0	0	0	0	0	0	0	0
Drew Brees	QB	8	373	3	1	0	0	0	0	0	0	0	0	0	0	0
Matt Schaub	QB	8	460	1	1	0	0	0	0	0	1	0	0	1	0	0
Larry Fitzgerald	WR	8	0	0	0	0	0	8	0	2	0	0	0	0	0	0
Philip Rivers	QB	8	201	1	1	0	0	0	0	0	0	0	0	0	0	0
Benjamin Watson	TE	8	0	0	0	0	0	26	0	1	0	0	0	0	0	0
Aaron Rodgers	QB	8	305	3	0	29	0	0	0	0	0	0	0	0	0	0
Frank Gore	RB	8	0	0	0	34	0	0	0	0	0	0	0	0	0	0
Ryan Fitzpatrick	QB	8	190	2	2	17	0	0	0	0	1	0	0	0	0	0
Marcedes Lewis	TE	8	0	0	0	0	0	11	0	1	0	0	0	0	0	0
Adrian Peterson	RB	8	0	0	0	76	0	27	0	2	0	0	0	0	0	0
Ted Ginn	WR	8	0	0	0	0	0	42	0	2	0	0	0	0	0	0
Greg Olsen	TE	8	0	0	0	0	0	13	0	2	0	0	0	0	0	0
Matt Moore	QB	8	267	2	0	3	0	0	0	0	0	0	0	0	0	0
Danny Amendola	WR	8	0	0	0	0	0	95	0	8	0	0	0	0	0	0
Joe Flacco	QB	8	174	0	0	9	0	0	0	0	0	0	0	0	0	0
Matthew Slater	WR	8	0	0	0	0	0	0	0	0	0	0	0	0	0	0
Matthew Stafford	QB	8	342	3	1	-3	0	0	0	0	0	0	0	0	0	0
LeSean McCoy	RB	8	0	0	0	40	0	23	0	4	0	1	0	0	0	0
Julian Edelman	WR	8	0	0	0	-3	0	78	2	8	0	0	0	0	0	0
Emmanuel Sanders	WR	8	0	0	0	0	0	25	1	4	0	0	0	0	0	0
Andre Roberts	WR	8	0	0	0	0	0	0	0	0	0	0	0	0	0	0
Jimmy Graham	TE	8	0	0	0	0	0	20	0	3	0	0	0	0	0	0
Demaryius Thomas	WR	8	0	0	0	0	0	63	0	5	0	0	0	0	0	0
Golden Tate	WR	8	0	0	0	0	0	85	0	8	0	0	0	0	0	0
Julio Jones	WR	8	0	0	0	0	0	152	0	10	0	0	0	0	0	0
Andy Dalton	QB	8	329	1	0	4	0	-4	0	1	0	0	0	0	0	0
Kyle Rudolph	TE	8	0	0	0	0	0	17	0	3	0	0	0	0	0	0
Luke Stocker	TE	8	0	0	0	0	0	18	0	1	0	0	0	0	0	0
Bilal Powell	RB	8	0	0	0	11	0	0	0	0	0	0	0	0	0	0
Dion Lewis	RB	8	0	0	0	0	0	2	0	1	0	0	0	0	0	0
Lee Smith	TE	8	0	0	0	0	0	6	0	1	0	0	0	0	0	0
Charles Clay	TE	8	0	0	0	0	0	88	0	3	0	0	0	0	0	0
Dwayne Harris	WR	8	0	0	0	0	0	0	0	0	0	0	0	0	0	0
Virgil Green	TE	8	0	0	0	0	0	10	0	1	0	0	0	0	0	0
Patrick DiMarco	RB	8	0	0	0	0	0	0	0	0	0	0	0	0	0	0
Case Keenum	QB	8	130	0	0	0	0	0	0	0	1	0	0	0	0	0
Cole Beasley	WR	8	0	0	0	0	0	41	1	3	0	0	0	0	0	0
Alshon Jeffery	WR	8	0	0	0	0	0	64	0	4	0	0	0	0	0	0
Brandon Bolden	RB	8	0	0	0	0	0	0	0	0	0	0	0	0	0	0
Russell Wilson	QB	8	182	2	0	4	0	0	0	0	0	0	0	0	0	0
Marvin Jones	WR	8	0	0	0	0	0	22	0	4	0	0	0	0	0	0
Josh Bellamy	WR	8	0	0	0	0	0	0	0	0	0	0	0	0	0	0
Jarius Wright	WR	8	0	0	0	0	0	12	0	2	0	0	0	0	0	0
Rhett Ellison	TE	8	0	0	0	0	0	-1	0	1	0	0	0	0	0	0
Kirk Cousins	QB	8	285	0	0	2	0	0	0	0	0	0	0	0	0	0
T.Y. Hilton	WR	8	0	0	0	0	0	54	0	2	0	0	0	0	0	0
Mohamed Sanu	WR	8	0	0	0	0	0	23	0	2	0	0	0	0	0	0
Ryan Tannehill	QB	8	193	3	0	-3	0	0	0	0	0	0	0	0	0	0
Darren Fells	TE	8	0	0	0	0	0	58	2	6	0	0	0	0	0	0
Zach Ertz	TE	8	0	0	0	0	0	20	0	2	0	0	0	0	0	0
Kenny Stills	WR	8	0	0	0	0	0	22	0	3	0	0	0	0	0	0
Luke Willson	TE	8	0	0	0	0	0	7	0	1	0	0	0	0	0	0
Ryan Griffin	TE	8	0	0	0	0	0	66	2	4	0	0	0	0	0	1
Demetrius Harris	TE	8	0	0	0	0	0	33	1	2	0	0	0	0	0	0
Jack Doyle	TE	8	0	0	0	0	0	61	0	4	0	0	0	0	0	0
Josh Hill	TE	8	0	0	0	0	0	39	0	3	0	0	0	0	0	0
Keenan Allen	WR	8	0	0	0	0	0	53	0	7	0	0	0	0	0	0
Rex Burkhead	RB	8	0	0	0	4	0	9	0	1	0	0	0	0	0	0
Robert Woods	WR	8	0	0	0	6	0	36	0	2	0	0	0	0	0	0
Giovani Bernard	RB	8	0	0	0	31	0	14	0	2	0	0	0	0	0	0
Kenjon Barner	RB	8	0	0	0	1	0	0	0	0	0	0	0	0	0	0
Vance McDonald	TE	8	0	0	0	0	0	19	0	3	0	0	0	0	0	0
Le'Veon Bell	RB	8	0	0	0	23	0	12	0	3	0	0	0	0	0	0
Travis Kelce	TE	8	0	0	0	0	0	63	1	4	0	0	0	0	0	0
Latavius Murray	RB	8	0	0	0	102	1	55	1	9	0	0	0	0	0	0
Tyler Eifert	TE	8	0	0	0	0	0	74	0	6	0	0	0	0	0	0
DeAndre Hopkins	WR	8	0	0	0	0	0	109	0	11	0	0	0	0	0	0
Cordarrelle Patterson	RB	8	0	0	0	5	0	1	0	2	0	0	0	0	0	0
Albert Wilson	WR	8	0	0	0	0	0	5	1	1	0	0	0	0	0	0
Bennie Fowler	WR	8	0	0	0	0	0	21	0	2	0	0	0	0	0	0
Trey Burton	TE	8	0	0	0	0	0	16	0	1	0	0	0	0	0	0
Allen Hurns	WR	8	0	0	0	0	0	12	1	1	0	0	0	0	0	0
Damien Williams	RB	8	0	0	0	30	1	0	0	0	0	0	0	0	0	0
Carlos Hyde	RB	8	0	0	0	83	0	0	0	0	0	0	0	0	0	0
John Brown	WR	8	0	0	0	0	0	54	0	5	0	0	0	0	0	0
James White	RB	8	0	0	0	4	0	75	0	4	0	0	0	0	0	0
Taylor Gabriel	WR	8	0	0	0	0	0	53	0	4	0	0	0	0	0	0
Odell Beckham Jr.	WR	8	0	0	0	0	0	52	0	5	0	0	0	0	0	0
Brandin Cooks	WR	8	0	0	0	0	0	0	0	0	0	0	0	0	0	0
Teddy Bridgewater	QB	8	0	0	0	-2	0	0	0	0	0	0	0	0	0	0
Paul Richardson	WR	8	0	0	0	0	0	34	0	3	0	0	0	0	0	0
Logan Thomas	TE	8	0	0	0	0	0	17	0	1	0	0	0	0	0	0
Cameron Brate	TE	8	0	0	0	0	0	32	0	3	0	0	0	0	0	0
Derek Carr	QB	8	285	3	0	0	0	0	0	0	0	0	0	0	0	0
Devonta Freeman	RB	8	0	0	0	39	0	63	0	8	0	0	1	0	0	0
Diontae Spencer	WR	8	0	0	0	5	0	18	0	2	0	0	0	0	0	0
Sammy Watkins	WR	8	0	0	0	0	0	45	0	5	0	0	0	0	0	0
Donte Moncrief	WR	8	0	0	0	0	0	0	0	0	0	0	0	0	0	0
Cody Latimer	WR	8	0	0	0	0	0	28	0	2	0	0	0	0	0	0
Jimmy Garoppolo	QB	8	175	2	1	0	0	0	0	0	0	0	0	0	0	0
Jarvis Landry	WR	8	0	0	0	0	0	65	0	5	0	0	0	0	0	0
Eric Ebron	TE	8	0	0	0	0	0	26	0	3	0	0	0	0	0	0
Mike Evans	WR	8	0	0	0	0	0	198	2	11	0	0	0	0	0	0
Allen Robinson	WR	8	0	0	0	0	0	62	0	5	0	0	0	0	0	0
Marqise Lee	WR	8	0	0	0	0	0	8	0	1	0	0	0	0	0	0
Jameis Winston	QB	8	301	2	2	53	0	0	0	0	1	1	0	1	0	0
DeAndrew White	WR	8	0	0	0	0	0	8	0	1	0	0	0	0	0	0
DeVante Parker	WR	8	0	0	0	0	0	59	0	6	0	0	0	0	0	0
Nelson Agholor	WR	8	0	0	0	7	0	7	0	4	0	0	0	0	0	0
Maxx Williams	TE	8	0	0	0	0	0	9	0	1	0	0	0	0	0	0
Justin Hardy	WR	8	0	0	0	0	0	23	0	2	0	0	0	0	0	0
MyCole Pruitt	TE	8	0	0	0	0	0	0	0	0	0	0	0	0	0	0
Stefon Diggs	WR	8	0	0	0	0	0	143	0	7	0	0	1	0	0	0
Brett Hundley	QB	8	0	0	0	0	0	0	0	0	0	0	0	0	0	0
Darren Waller	TE	8	0	0	0	0	0	11	1	2	0	0	0	0	0	0
Zach Zenner	RB	8	0	0	0	0	0	13	0	1	0	0	0	0	0	0
Raheem Mostert	RB	8	0	0	0	60	1	0	0	0	0	0	0	0	0	0
DeAndre Carter	WR	8	0	0	0	0	0	46	0	1	0	0	0	0	0	0
Jake Kumerow	WR	8	0	0	0	0	0	48	0	2	0	0	0	0	0	0
Damiere Byrd	WR	8	0	0	0	0	0	18	0	2	0	0	0	0	0	0
Rod Smith	RB	8	0	0	0	0	0	0	0	0	0	0	0	0	0	0
Jamison Crowder	WR	8	0	0	0	0	0	24	0	3	0	0	0	0	0	0
Geremy Davis	WR	8	0	0	0	0	0	0	0	0	0	0	0	0	0	0
Adam Humphries	WR	8	0	0	0	0	0	24	0	3	0	0	0	0	0	0
Breshad Perriman	WR	8	0	0	0	0	0	0	0	0	0	0	0	0	0	0
Tevin Coleman	RB	8	0	0	0	105	3	13	1	2	0	0	0	0	0	0
Blake Bell	TE	8	0	0	0	0	0	0	0	0	0	0	0	0	0	0
Mike Davis	RB	8	0	0	0	3	0	5	0	1	0	0	0	0	0	0
Ameer Abdullah	RB	8	0	0	0	0	0	0	0	0	0	0	0	0	0	0
Nick O'Leary	TE	8	0	0	0	0	0	0	0	0	0	0	0	0	0	0
Chris Conley	WR	8	0	0	0	0	0	103	1	4	0	0	0	0	0	0
C.J. Uzomah	TE	8	0	0	0	0	0	4	0	1	0	0	0	0	0	0
Melvin Gordon	RB	8	0	0	0	31	1	3	0	2	0	0	0	0	0	0
Tyrell Williams	WR	8	0	0	0	0	0	91	1	3	0	0	0	0	0	0
Ty Montgomery	WR	8	0	0	0	0	0	0	0	0	0	0	0	0	0	0
Phillip Dorsett	WR	8	0	0	0	0	0	43	0	3	0	0	0	0	0	0
Tyler Lockett	WR	8	0	0	0	0	0	100	0	6	0	0	0	0	0	0
Tyler Kroft	TE	8	0	0	0	0	0	32	0	2	0	0	0	0	0	0
Jeff Heuerman	TE	8	0	0	0	0	0	11	0	1	0	0	0	0	0	0
Todd Gurley	RB	8	0	0	0	44	1	0	0	0	0	0	0	0	0	0
Duke Johnson	RB	8	0	0	0	1	0	33	1	4	0	0	0	0	0	0
Chester Rogers	WR	8	0	0	0	0	0	7	0	1	0	0	0	0	0	0
Austin Hooper	TE	8	0	0	0	0	0	65	1	6	0	0	0	0	0	0
Nick Vannett	TE	8	0	0	0	0	0	15	0	1	0	0	0	0	0	0
Tyler Ervin	RB	8	0	0	0	0	0	0	0	0	0	0	0	0	0	0
Paul Perkins	RB	8	0	0	0	4	0	0	0	0	0	0	0	0	0	0
Trevor Davis	WR	8	0	0	0	-1	0	15	0	1	0	0	0	0	0	0
Dwayne Washington	RB	8	0	0	0	38	0	0	0	0	0	0	0	0	0	0
Kalif Raymond	WR	8	0	0	0	0	0	0	0	0	0	0	0	0	0	0
Tra Carson	RB	8	0	0	0	34	0	0	0	0	0	0	0	0	0	0
Alex Erickson	WR	8	0	0	0	0	0	97	0	6	0	0	0	0	0	0
J.D. McKissic	RB	8	0	0	0	-1	0	2	0	3	0	0	0	0	0	0
Geronimo Allison	WR	8	0	0	0	0	0	7	0	1	0	0	0	0	0	0
Robbie Chosen	WR	8	0	0	0	0	0	43	0	4	0	0	0	0	0	0
Peyton Barber	RB	8	0	0	0	20	0	8	0	1	0	0	0	0	0	0
Derrick Henry	RB	8	0	0	0	75	0	8	0	1	0	1	0	0	0	0
Michael Thomas	WR	8	0	0	0	-9	0	112	1	11	0	0	0	0	0	0
Demarcus Robinson	WR	8	0	0	0	0	0	6	0	2	0	0	0	0	0	0
Tajae Sharpe	WR	8	0	0	0	0	0	18	1	3	0	0	0	0	0	0
Jordan Howard	RB	8	0	0	0	96	1	15	0	1	0	0	0	0	0	0
Wendell Smallwood	RB	8	0	0	0	9	0	11	0	1	0	0	0	0	0	0
Jakeem Grant	WR	8	0	0	0	0	0	32	0	2	0	0	0	0	0	0
Danny Vitale	RB	8	0	0	0	0	0	0	0	0	0	0	0	0	0	0
DeAndre Washington	RB	8	0	0	0	23	0	4	0	1	0	0	0	0	0	0
Duke Williams	WR	8	0	0	0	0	0	6	0	1	0	0	0	0	0	0
Carson Wentz	QB	8	172	1	0	35	0	0	0	0	0	0	0	0	0	0
Laquon Treadwell	WR	8	0	0	0	0	0	1	0	1	0	0	0	0	0	0
Rashard Higgins	WR	8	0	0	0	0	0	2	0	1	0	0	0	0	0	0
J.P. Holtz	TE	8	0	0	0	0	0	0	0	0	0	0	0	0	0	0
Tyler Boyd	WR	8	0	0	0	3	0	65	0	6	0	0	0	0	0	0
Jalen Richard	RB	8	0	0	0	3	0	24	0	2	0	0	0	0	0	0
Tyreek Hill	WR	8	0	0	0	5	0	76	0	6	0	0	0	0	0	0
Seth DeValve	TE	8	0	0	0	0	0	11	0	1	0	0	0	0	0	0
Hunter Henry	TE	8	0	0	0	0	0	47	0	4	0	0	0	0	0	0
Marvin Hall	WR	8	0	0	0	0	0	49	1	1	0	0	0	0	0	0
Jared Goff	QB	8	372	2	0	0	0	0	0	0	0	0	0	0	0	0
Tyler Higbee	TE	8	0	0	0	0	0	8	0	1	0	0	0	0	0	0
Pharoh Cooper	WR	8	0	0	0	0	0	0	0	0	0	0	0	0	0	0
Mike Thomas	WR	8	0	0	0	0	0	0	0	0	0	0	0	0	0	0
Jacoby Brissett	QB	8	202	0	0	34	0	0	0	0	1	0	0	0	0	0
Troymaine Pope	RB	8	0	0	0	0	0	0	0	0	0	0	0	0	0	0
Zach Pascal	WR	8	0	0	0	0	0	6	0	1	0	0	0	0	0	0
Darrell Daniels	TE	8	0	0	0	0	0	0	0	0	0	0	0	0	0	0
JoJo Natson	WR	8	0	0	0	0	0	0	0	0	0	0	0	0	0	0
Christian McCaffrey	RB	8	0	0	0	117	1	38	0	4	0	0	0	0	1	0
Curtis Samuel	WR	8	0	0	0	0	0	46	0	4	0	0	0	0	0	0
George Kittle	TE	8	0	0	0	0	0	86	0	6	0	0	0	0	0	0
Aaron Jones	RB	8	0	0	0	67	0	159	2	7	0	0	0	0	0	0
Alex Armah	RB	8	0	0	0	0	0	0	0	0	0	0	0	0	0	0
Kendrick Bourne	WR	8	0	0	0	0	0	12	0	1	0	0	0	0	0	0
Matt Breida	RB	8	0	0	0	35	0	15	0	1	0	0	0	0	0	0
Nick Mullens	QB	8	0	0	0	-3	0	0	0	0	0	0	0	0	0	0
Taysom Hill	TE	8	0	0	0	0	0	63	1	3	0	0	0	0	0	0
Austin Carr	WR	8	0	0	0	0	0	9	0	1	0	0	0	0	0	0
Jacob Hollister	TE	8	0	0	0	0	0	18	0	2	0	0	0	0	0	0
Antony Auclair	TE	8	0	0	0	0	0	0	0	0	0	0	0	0	0	0
Pharaoh Brown	TE	8	0	0	0	0	0	0	0	0	0	0	0	0	0	0
Anthony Firkser	TE	8	0	0	0	0	0	43	0	3	0	0	0	0	0	0
Jeremy Sprinkle	TE	8	0	0	0	0	0	12	0	2	0	0	0	0	0	0
Mike Williams	WR	8	0	0	0	0	0	69	0	3	0	0	0	0	0	0
Deshaun Watson	QB	8	279	3	0	46	0	0	0	0	0	0	0	0	0	0
James Conner	RB	8	0	0	0	145	1	5	0	3	0	0	0	0	0	0
Tarik Cohen	RB	8	0	0	0	9	0	37	0	3	0	0	0	0	0	0
Ryan Switzer	WR	8	0	0	0	0	0	0	0	0	0	0	0	0	0	0
Brian Hill	RB	8	0	0	0	29	1	0	0	0	0	0	0	0	0	0
Jamal Agnew	WR	8	0	0	0	0	0	0	0	0	0	0	0	0	0	0
David Moore	WR	8	0	0	0	2	0	23	0	1	0	0	0	0	0	0
Chris Carson	RB	8	0	0	0	90	1	0	0	0	0	0	0	0	0	0
Keelan Cole	WR	8	0	0	0	0	0	12	1	2	0	0	0	0	0	0
Austin Ekeler	RB	8	0	0	0	3	0	19	1	2	0	0	0	0	0	0
Evan Baylis	TE	8	0	0	0	0	0	0	0	0	0	0	0	0	0	0
T.J. Logan	RB	8	0	0	0	0	0	0	0	0	0	0	0	0	0	0
Trey Edmunds	RB	8	0	0	0	0	0	0	0	0	0	0	0	0	0	0
Dede Westbrook	WR	8	0	0	0	0	0	0	0	0	0	0	0	0	0	0
Dare Ogunbowale	RB	8	0	0	0	-2	0	3	0	1	0	0	0	0	0	0
Leonard Fournette	RB	8	0	0	0	76	0	60	0	7	0	0	0	0	0	0
JuJu Smith-Schuster	WR	8	0	0	0	0	0	103	1	5	0	0	0	0	0	0
Jonnu Smith	TE	8	0	0	0	0	0	78	1	6	0	0	0	0	0	0
Mitchell Trubisky	QB	8	253	0	1	10	0	0	0	0	1	0	0	0	0	0
Corey Davis	WR	8	0	0	0	0	0	9	0	2	0	0	0	0	0	0
Evan Engram	TE	8	0	0	0	0	0	40	1	4	0	0	0	0	0	0
Zay Jones	WR	8	0	0	0	0	0	27	0	2	0	0	0	0	0	0
Dalvin Cook	RB	8	0	0	0	98	1	73	0	5	0	0	0	0	0	0
Gerald Everett	TE	8	0	0	0	0	0	15	0	2	0	0	0	0	0	0
Adam Shaheen	TE	8	0	0	0	0	0	0	0	0	0	0	0	0	0	0
Joe Mixon	RB	8	0	0	0	66	0	11	1	4	0	0	0	0	0	0
Cooper Kupp	WR	8	0	0	0	0	0	220	1	7	0	0	0	0	0	0
Chris Godwin Jr.	WR	8	0	0	0	0	0	43	0	4	0	0	0	0	0	1
Kenny Golladay	WR	8	0	0	0	0	0	123	2	6	0	0	1	0	0	0
Josh Reynolds	WR	8	0	0	0	-1	0	73	1	3	0	0	0	0	0	0
Jamaal Williams	RB	8	0	0	0	22	1	14	1	3	0	0	0	0	0	0
Wayne Gallman	RB	8	0	0	0	0	0	20	0	1	0	0	0	0	0	0
Marlon Mack	RB	8	0	0	0	76	1	14	0	1	0	0	0	0	0	0
Fred Brown	WR	8	0	0	0	0	0	16	0	1	0	0	0	0	0	0
Dan Arnold	TE	8	0	0	0	0	0	25	0	2	0	0	0	0	0	0
Brandon Zylstra	WR	8	0	0	0	0	0	0	0	0	0	0	0	0	0	0
Phillip Lindsay	RB	8	0	0	0	59	0	17	0	5	0	0	0	0	0	0
Jeff Wilson	RB	8	0	0	0	6	0	0	0	0	0	0	0	0	0	0
Dontrell Hilliard	RB	8	0	0	0	10	0	24	0	4	0	0	0	0	0	0
Marquez Valdes-Scantling	WR	8	0	0	0	0	0	4	0	1	0	0	0	0	0	0
Richie James	WR	8	0	0	0	0	0	0	0	0	0	0	0	0	0	0
Darrel Williams	RB	8	0	0	0	10	0	0	0	0	0	0	0	0	0	0
Trey Quinn	WR	8	0	0	0	0	0	15	0	1	0	0	0	0	0	0
Courtland Sutton	WR	8	0	0	0	0	0	72	0	3	0	0	0	0	0	0
Dallas Goedert	TE	8	0	0	0	0	0	22	1	3	0	0	0	0	0	0
Anthony Miller	WR	8	0	0	0	0	0	67	0	3	0	0	0	0	0	0
Jordan Akins	TE	8	0	0	0	0	0	11	0	2	0	0	0	0	0	0
Ian Thomas	TE	8	0	0	0	0	0	0	0	0	0	0	0	0	0	0
Nyheim Hines	RB	8	0	0	0	12	0	34	0	3	0	0	0	0	0	0
DaeSean Hamilton	WR	8	0	0	0	0	0	0	0	0	0	0	0	0	0	0
Jordan Wilkins	RB	8	0	0	0	5	0	0	0	0	0	0	0	0	0	0
Russell Gage	WR	8	0	0	0	0	0	58	0	7	0	0	0	0	0	0
Boston Scott	RB	8	0	0	0	6	1	0	0	0	0	0	0	0	0	0
Braxton Berrios	WR	8	0	0	0	0	0	0	0	0	0	0	0	0	0	0
Trent Sherfield	WR	8	0	0	0	0	0	0	0	0	0	0	0	0	0	0
Robert Foster	WR	8	0	0	0	0	0	0	0	0	0	0	0	0	0	0
Allen Lazard	WR	8	0	0	0	0	0	42	0	5	0	0	0	0	0	0
Kyle Allen	QB	8	158	0	3	0	0	0	0	0	0	0	0	0	0	0
Reggie Bonnafon	RB	8	0	0	0	4	0	3	0	1	0	0	0	0	0	0
Tanner Hudson	TE	8	0	0	0	0	0	0	0	0	0	0	0	0	0	0
Vyncint Smith	WR	8	0	0	0	13	0	10	0	2	0	0	0	0	0	0
James Washington	WR	8	0	0	0	0	0	21	0	1	0	0	0	0	0	0
Mark Walton	RB	8	0	0	0	35	0	19	0	3	0	0	1	0	0	0
Chase Edmonds	RB	8	0	0	0	8	0	5	0	2	0	0	0	0	0	0
Auden Tate	WR	8	0	0	0	0	0	65	0	5	0	0	0	0	0	0
Rashaad Penny	RB	8	0	0	0	55	0	0	0	0	0	0	0	0	0	0
Mason Rudolph	QB	8	251	2	1	0	0	0	0	0	0	0	0	0	0	0
Antonio Callaway	WR	8	0	0	0	0	0	11	0	2	0	0	0	0	0	0
Christian Kirk	WR	8	0	0	0	19	0	79	0	8	0	0	0	0	0	0
DJ Chark	WR	8	0	0	0	0	0	79	1	6	0	0	0	0	0	0
Jaeden Graham	TE	8	0	0	0	0	0	11	0	1	0	0	0	0	0	0
Nick Chubb	RB	8	0	0	0	131	0	7	0	1	0	2	0	0	0	0
Kalen Ballage	RB	8	0	0	0	8	0	11	0	1	0	0	0	0	0	0
Ronald Jones	RB	8	0	0	0	35	0	17	0	1	0	0	0	0	0	0
DJ Moore	WR	8	0	0	0	0	0	38	0	5	0	0	0	0	0	0
Mike Gesicki	TE	8	0	0	0	0	0	10	0	2	0	0	0	0	0	0
Calvin Ridley	WR	8	0	0	0	0	0	70	0	4	0	0	0	0	0	1
Royce Freeman	RB	8	0	0	0	40	1	5	0	1	0	0	0	0	0	0
Saquon Barkley	RB	8	0	0	0	64	0	79	1	8	0	0	0	0	0	0
Sony Michel	RB	8	0	0	0	74	0	0	0	0	0	0	0	0	0	0
KhaDarel Hodge	WR	8	0	0	0	0	0	0	0	0	0	0	0	0	0	0
Baker Mayfield	QB	8	194	1	1	18	0	0	0	0	0	0	0	0	0	0
Josh Allen	QB	8	169	2	0	45	0	0	0	0	0	1	0	0	0	0
Dante Pettis	WR	8	0	0	0	0	0	5	0	1	0	0	0	0	0	0
Malik Turner	WR	8	0	0	0	0	0	21	0	1	0	0	0	0	0	0
Sam Darnold	QB	8	218	2	3	-1	0	0	0	0	0	0	0	1	0	0
Steven Sims	WR	8	0	0	0	0	0	0	0	0	0	0	0	0	0	0
Jakobi Meyers	WR	8	0	0	0	0	0	5	0	1	0	0	0	0	0	0
Irv Smith	TE	8	0	0	0	0	0	21	0	3	0	0	0	0	0	0
Alexander Mattison	RB	8	0	0	0	61	0	3	0	2	0	0	0	0	0	0
Foster Moreau	TE	8	0	0	0	0	0	10	0	1	0	0	0	0	0	0
Hunter Renfrow	WR	8	0	0	0	0	0	88	1	4	0	0	0	0	0	0
Bisi Johnson	WR	8	0	0	0	0	0	27	0	2	0	0	0	0	0	0
Ashton Dulin	WR	8	0	0	0	0	0	0	0	0	0	0	0	0	0	0
Hale Hentges	TE	8	0	0	0	0	0	13	0	1	0	0	0	0	0	0
Mecole Hardman	WR	8	0	0	0	0	0	55	1	2	0	0	0	0	0	0
Darwin Thompson	RB	8	0	0	0	0	0	-1	0	1	0	0	0	0	0	0
Darrius Shepherd	WR	8	0	0	0	0	0	0	0	0	0	0	0	0	0	0
Deonte Harty	WR	8	0	0	0	0	0	17	0	2	0	0	0	0	0	0
Diontae Johnson	WR	8	0	0	0	0	0	84	1	5	0	0	0	0	0	0
Benny Snell	RB	8	0	0	0	13	0	0	0	0	0	0	0	0	0	0
Kyler Murray	QB	8	220	0	0	13	0	0	0	0	0	0	0	0	0	0
T.J. Hockenson	TE	8	0	0	0	0	0	21	0	1	0	0	0	0	0	0
Dwayne Haskins	QB	8	33	0	1	0	0	0	0	0	0	0	0	0	0	0
Miles Sanders	RB	8	0	0	0	74	1	44	0	3	0	0	0	0	1	0
Josh Oliver	TE	8	0	0	0	0	0	6	0	1	0	0	0	0	0	0
Devin Singletary	RB	8	0	0	0	19	0	30	1	4	0	0	0	0	0	0
Trevon Wesco	TE	8	0	0	0	0	0	0	0	0	0	0	0	0	0	0
Ryquell Armstead	RB	8	0	0	0	7	0	0	0	0	0	0	0	0	0	0
Jordan Scarlett	RB	8	0	0	0	9	0	0	0	0	0	0	0	0	0	0
Gardner Minshew	QB	8	279	3	0	28	0	0	0	0	1	0	0	0	0	0
Kelvin Harmon	WR	8	0	0	0	0	0	12	0	1	0	0	0	0	0	0
Scott Miller	WR	8	0	0	0	0	0	0	0	0	0	0	0	0	0	0
Cullen Gillaspia	RB	8	0	0	0	0	0	0	0	0	0	0	0	0	0	0
Preston Williams	WR	8	0	0	0	0	0	42	0	4	0	0	0	0	0	0
Stanley Morgan	WR	8	0	0	0	0	0	3	0	1	0	0	0	0	0	0
Darius Slayton	WR	8	0	0	0	0	0	50	2	2	0	0	0	0	0	0
Ty Johnson	RB	8	0	0	0	25	0	13	0	1	0	0	0	0	0	0
Juwann Winfree	WR	8	0	0	0	0	0	0	0	0	0	0	0	0	0	0
Parris Campbell	WR	8	0	0	0	0	0	0	0	0	0	0	0	0	0	0
DK Metcalf	WR	8	0	0	0	0	0	13	2	3	0	0	0	0	0	0
Noah Fant	TE	8	0	0	0	0	0	26	0	5	0	0	0	0	0	0
Gunner Olszewski	WR	8	0	0	0	0	0	0	0	0	0	0	0	0	0	0
Terry McLaurin	WR	8	0	0	0	0	0	39	0	4	0	0	0	0	0	0
Darrell Henderson	RB	8	0	0	0	49	0	20	0	2	0	0	0	0	0	0
A.J. Brown	WR	8	0	0	0	0	0	11	1	2	0	0	0	0	0	0
David Montgomery	RB	8	0	0	0	135	1	12	0	4	0	0	0	0	0	0
Dawson Knox	TE	8	0	0	0	0	0	0	0	0	0	0	0	0	0	0
Josh Jacobs	RB	8	0	0	0	66	0	15	0	2	0	0	0	0	0	0
Daniel Jones	QB	8	322	4	0	13	0	0	0	0	1	0	0	0	0	0
Deebo Samuel Sr.	WR	8	0	0	0	29	1	19	0	3	0	0	0	0	0	0
Tom Brady	QB	9	285	1	1	0	0	0	0	0	0	0	0	0	0	0
Jason Witten	TE	9	0	0	0	0	0	58	0	8	0	0	0	0	0	0
Larry Fitzgerald	WR	9	0	0	0	0	0	38	0	4	0	0	0	0	0	0
Philip Rivers	QB	9	294	0	0	0	0	0	0	0	0	0	0	0	0	0
Benjamin Watson	TE	9	0	0	0	0	0	28	0	4	0	0	0	0	0	0
Aaron Rodgers	QB	9	161	1	0	5	0	0	0	0	0	0	0	0	1	0
Frank Gore	RB	9	0	0	0	15	0	0	0	0	0	0	0	0	0	0
Darren Sproles	RB	9	0	0	0	7	0	3	0	1	0	0	0	0	0	0
Ryan Fitzpatrick	QB	9	288	3	0	2	0	0	0	0	0	0	0	0	0	0
Adrian Peterson	RB	9	0	0	0	108	0	22	0	1	0	0	0	0	0	0
Greg Olsen	TE	9	0	0	0	0	0	40	0	3	0	0	0	0	0	0
Matt Moore	QB	9	275	1	0	0	0	0	0	0	0	0	0	0	0	0
Danny Amendola	WR	9	0	0	0	0	0	29	0	3	0	0	0	0	0	0
DeSean Jackson	WR	9	0	0	0	0	0	5	0	1	0	0	0	0	0	0
Matthew Stafford	QB	9	406	3	1	6	0	0	0	0	0	1	0	0	0	0
Brian Hoyer	QB	9	168	3	1	6	0	0	0	0	1	0	0	0	0	0
LeSean McCoy	RB	9	0	0	0	9	0	0	0	1	0	0	0	0	0	0
Julian Edelman	WR	9	0	0	0	0	0	89	0	10	0	0	1	0	0	0
Emmanuel Sanders	WR	9	0	0	0	0	0	112	1	7	0	0	0	0	0	0
Andre Roberts	WR	9	0	0	0	0	0	0	0	0	0	0	0	0	0	0
Jimmy Graham	TE	9	0	0	0	0	0	17	0	4	0	0	0	0	0	0
Demaryius Thomas	WR	9	0	0	0	0	0	19	0	2	0	0	0	0	0	0
Golden Tate	WR	9	0	0	0	16	0	42	0	6	0	0	0	0	0	0
Mark Ingram	RB	9	0	0	0	115	0	29	0	2	0	1	0	0	0	0
Kyle Rudolph	TE	9	0	0	0	0	0	23	1	3	0	0	0	0	0	0
Randall Cobb	WR	9	0	0	0	0	0	35	0	6	0	0	1	0	0	0
Taiwan Jones	RB	9	0	0	0	0	0	0	0	0	0	0	0	0	0	0
Bilal Powell	RB	9	0	0	0	16	0	0	0	0	0	0	0	0	0	0
Dion Lewis	RB	9	0	0	0	20	0	33	0	5	0	1	0	0	0	0
Charles Clay	TE	9	0	0	0	0	0	6	0	1	0	0	0	0	0	0
Virgil Green	TE	9	0	0	0	0	0	0	0	0	0	0	0	0	0	0
Patrick DiMarco	RB	9	0	0	0	0	0	0	0	0	0	0	0	0	0	0
Cole Beasley	WR	9	0	0	0	0	0	13	1	2	0	0	0	0	0	0
Derek Carrier	TE	9	0	0	0	27	0	0	0	0	0	0	0	0	0	0
Alshon Jeffery	WR	9	0	0	0	0	0	36	0	4	0	0	0	0	0	0
Alfred Morris	RB	9	0	0	0	4	0	0	0	0	0	0	0	0	0	0
Brandon Bolden	RB	9	0	0	0	0	0	0	0	0	0	0	0	0	0	0
Russell Wilson	QB	9	378	5	0	21	0	0	0	0	0	0	0	1	0	0
Marvin Jones	WR	9	0	0	0	0	0	126	1	8	0	0	0	0	0	0
Jamize Olawale	RB	9	0	0	0	0	0	0	0	0	0	0	0	0	0	0
Jarius Wright	WR	9	0	0	0	-7	0	0	0	0	0	0	0	0	0	0
Rhett Ellison	TE	9	0	0	0	0	0	17	0	2	0	0	0	0	0	0
Kirk Cousins	QB	9	220	3	0	5	0	0	0	0	0	0	0	0	0	0
Mohamed Sanu	WR	9	0	0	0	0	0	81	1	10	0	0	0	0	0	0
Ryan Tannehill	QB	9	331	1	2	38	1	0	0	0	0	0	0	0	0	0
Darren Fells	TE	9	0	0	0	0	0	1	1	1	0	0	0	0	0	0
Adam Thielen	WR	9	0	0	0	0	0	0	0	0	0	0	0	0	0	0
Zach Ertz	TE	9	0	0	0	0	0	103	1	9	0	0	0	0	0	0
Kenny Stills	WR	9	0	0	0	0	0	52	0	4	0	0	0	0	0	0
Luke Willson	TE	9	0	0	0	0	0	20	0	2	0	0	0	0	0	0
Ryan Griffin	TE	9	0	0	0	0	0	50	0	6	0	0	0	0	0	0
Demetrius Harris	TE	9	0	0	0	0	0	25	0	3	0	0	0	0	0	0
Jack Doyle	TE	9	0	0	0	0	0	22	1	3	0	0	0	0	0	0
Keenan Allen	WR	9	0	0	0	0	0	40	0	3	0	0	0	0	0	0
Rex Burkhead	RB	9	0	0	0	18	0	16	0	1	0	0	0	0	0	0
Vance McDonald	TE	9	0	0	0	0	0	30	1	5	0	0	0	0	0	0
Le'Veon Bell	RB	9	0	0	0	66	0	55	0	8	0	0	0	0	0	0
Travis Kelce	TE	9	0	0	0	0	0	62	0	7	0	0	0	0	0	0
Tavon Austin	WR	9	0	0	0	0	0	0	0	0	0	0	0	0	0	0
DeAndre Hopkins	WR	9	0	0	0	6	0	48	1	8	0	0	0	0	0	0
Cordarrelle Patterson	RB	9	0	0	0	0	0	5	0	1	0	0	0	0	0	0
Willie Snead	WR	9	0	0	0	0	0	15	0	2	0	0	0	0	0	0
Albert Wilson	WR	9	0	0	0	0	0	3	0	1	0	0	0	0	0	0
Bennie Fowler	WR	9	0	0	0	0	0	22	0	3	0	0	0	0	0	0
Trey Burton	TE	9	0	0	0	0	0	0	0	0	0	0	0	0	0	0
Allen Hurns	WR	9	0	0	0	0	0	16	0	2	0	0	0	0	0	0
Damien Williams	RB	9	0	0	0	125	1	3	0	2	0	0	0	0	0	0
Carlos Hyde	RB	9	0	0	0	160	0	0	0	0	0	1	0	0	0	0
John Brown	WR	9	0	0	0	0	0	76	0	4	0	0	0	0	0	0
James White	RB	9	0	0	0	38	1	46	0	2	0	0	0	0	0	0
Seth Roberts	WR	9	0	0	0	0	0	0	0	0	0	0	0	0	0	0
Senorise Perry	RB	9	0	0	0	0	0	0	0	0	0	0	0	0	0	0
Taylor Gabriel	WR	9	0	0	0	0	0	69	0	3	0	0	0	0	0	0
Odell Beckham Jr.	WR	9	0	0	0	-5	0	87	0	5	0	0	0	0	0	0
Paul Richardson	WR	9	0	0	0	0	0	42	0	4	0	0	0	0	0	0
Logan Thomas	TE	9	0	0	0	0	0	13	0	1	0	0	0	0	0	0
Derek Carr	QB	9	289	2	0	0	0	0	0	0	0	0	0	0	0	0
Diontae Spencer	WR	9	0	0	0	0	0	0	0	1	0	0	1	0	0	0
Sammy Watkins	WR	9	0	0	0	0	0	63	0	7	0	0	0	0	0	0
Cody Latimer	WR	9	0	0	0	0	0	8	1	2	0	0	0	0	0	0
Jimmy Garoppolo	QB	9	317	4	0	2	0	0	0	0	0	0	0	0	0	0
Davante Adams	WR	9	0	0	0	0	0	41	0	7	0	0	0	0	0	0
Jarvis Landry	WR	9	0	0	0	0	0	51	1	6	0	0	0	0	0	0
Eric Ebron	TE	9	0	0	0	0	0	16	0	2	0	0	0	0	0	0
Mike Evans	WR	9	0	0	0	0	0	180	1	12	0	0	0	0	0	0
Allen Robinson	WR	9	0	0	0	0	0	6	0	1	0	0	0	0	0	0
Jameis Winston	QB	9	335	2	0	8	0	0	0	0	1	0	0	0	0	0
Amari Cooper	WR	9	0	0	0	0	0	80	1	4	0	0	0	0	0	0
DeVante Parker	WR	9	0	0	0	0	0	57	1	4	0	0	0	0	0	0
Nelson Agholor	WR	9	0	0	0	0	0	21	0	3	0	0	0	0	0	0
Maxx Williams	TE	9	0	0	0	0	0	12	0	1	0	0	0	0	0	0
MyCole Pruitt	TE	9	0	0	0	0	0	0	0	0	0	0	0	0	0	0
Stefon Diggs	WR	9	0	0	0	12	0	4	0	1	0	0	0	0	0	0
Nick Boyle	TE	9	0	0	0	0	0	27	1	5	0	0	0	0	0	0
Darren Waller	TE	9	0	0	0	0	0	52	0	2	0	0	0	0	0	0
Zach Zenner	RB	9	0	0	0	-3	0	0	0	0	0	0	0	0	0	0
Raheem Mostert	RB	9	0	0	0	-2	0	0	0	0	0	0	0	0	0	0
DeAndre Carter	WR	9	0	0	0	0	0	8	0	1	0	0	0	0	0	0
Jake Kumerow	WR	9	0	0	0	0	0	0	0	0	0	0	0	0	0	0
Jamison Crowder	WR	9	0	0	0	0	0	83	1	8	0	0	0	0	0	0
Adam Humphries	WR	9	0	0	0	0	0	65	0	4	0	0	0	0	0	0
Breshad Perriman	WR	9	0	0	0	0	0	42	1	4	0	0	0	0	0	0
Tevin Coleman	RB	9	0	0	0	23	0	13	0	2	0	0	0	0	0	0
Blake Bell	TE	9	0	0	0	0	0	2	0	1	0	0	0	0	0	0
Daniel Brown	TE	9	0	0	0	0	0	0	0	0	0	0	0	0	0	0
Ameer Abdullah	RB	9	0	0	0	2	0	16	1	1	0	0	0	0	0	0
Chris Conley	WR	9	0	0	0	0	0	32	0	2	0	0	0	0	0	0
Jesse James	TE	9	0	0	0	0	0	3	0	1	0	0	0	0	0	0
Ben Koyack	TE	9	0	0	0	0	0	0	0	0	0	0	0	0	0	0
Melvin Gordon	RB	9	0	0	0	80	2	29	0	3	0	0	0	0	0	0
Tyrell Williams	WR	9	0	0	0	0	0	48	0	3	0	0	0	0	0	0
Phillip Dorsett	WR	9	0	0	0	0	0	13	0	2	0	0	0	0	0	0
Tyler Lockett	WR	9	0	0	0	0	0	152	2	13	0	0	0	0	0	0
Tyler Kroft	TE	9	0	0	0	0	0	0	0	0	0	0	0	0	0	0
Duke Johnson	RB	9	0	0	0	13	1	68	0	5	0	0	0	0	0	0
Chester Rogers	WR	9	0	0	0	0	0	22	1	3	0	0	0	0	0	0
Nick Vannett	TE	9	0	0	0	0	0	0	0	0	0	0	0	0	0	0
Chris Moore	WR	9	0	0	0	0	0	0	0	0	0	0	0	0	0	0
Paul Perkins	RB	9	0	0	0	16	0	0	0	0	0	0	0	0	0	0
Trevor Davis	WR	9	0	0	0	0	0	0	0	0	0	0	0	0	0	0
Brandon Allen	QB	9	193	2	0	13	0	0	0	0	0	0	0	0	0	0
Kalif Raymond	WR	9	0	0	0	0	0	19	0	2	0	0	0	0	0	0
J.D. McKissic	RB	9	0	0	0	32	0	40	1	3	0	0	0	0	0	0
Geronimo Allison	WR	9	0	0	0	0	0	21	0	2	0	0	0	0	0	0
Robbie Chosen	WR	9	0	0	0	0	0	33	0	2	0	0	0	0	0	0
Peyton Barber	RB	9	0	0	0	15	0	0	0	0	0	0	0	0	0	0
Derrick Henry	RB	9	0	0	0	63	1	36	1	3	0	0	0	0	0	0
Demarcus Robinson	WR	9	0	0	0	0	0	5	0	1	0	0	0	0	0	0
Tajae Sharpe	WR	9	0	0	0	0	0	31	0	2	0	0	0	0	0	0
Jordan Howard	RB	9	0	0	0	82	1	1	0	1	0	0	0	0	0	0
Wendell Smallwood	RB	9	0	0	0	5	0	-2	0	2	0	0	0	0	0	0
Jakeem Grant	WR	9	0	0	0	0	0	33	0	3	0	0	0	0	0	0
Danny Vitale	RB	9	0	0	0	0	0	0	0	0	0	0	0	0	0	0
Johnny Holton	WR	9	0	0	0	0	0	0	0	0	0	0	0	0	0	0
DeAndre Washington	RB	9	0	0	0	7	0	21	0	1	0	0	0	0	0	0
Carson Wentz	QB	9	239	1	0	15	0	0	0	0	0	0	0	0	0	0
Laquon Treadwell	WR	9	0	0	0	0	0	58	0	3	0	0	0	0	0	0
Devontae Booker	RB	9	0	0	0	0	0	14	0	1	0	0	0	0	0	0
Rashard Higgins	WR	9	0	0	0	0	0	0	0	0	0	0	0	0	0	0
Jalen Richard	RB	9	0	0	0	12	0	56	0	3	0	0	0	0	0	0
Tyreek Hill	WR	9	0	0	0	5	0	140	1	6	0	0	0	0	0	0
Ezekiel Elliott	RB	9	0	0	0	139	0	0	0	0	0	0	0	0	0	0
Dak Prescott	QB	9	257	3	1	12	0	0	0	0	0	0	0	0	0	0
Seth DeValve	TE	9	0	0	0	0	0	41	0	4	0	0	0	0	0	0
Hunter Henry	TE	9	0	0	0	0	0	84	0	7	0	0	0	0	0	0
Marvin Hall	WR	9	0	0	0	7	0	0	0	0	0	0	0	0	0	0
Pharoh Cooper	WR	9	0	0	0	0	0	15	0	2	0	0	0	0	0	0
Kenyan Drake	RB	9	0	0	0	110	1	52	0	4	0	0	0	0	0	1
Jacoby Brissett	QB	9	59	0	0	4	0	0	0	0	0	0	0	0	0	0
Mo Alie-Cox	TE	9	0	0	0	0	0	11	0	1	0	0	0	0	0	0
Zach Pascal	WR	9	0	0	0	0	0	76	1	5	0	0	0	0	0	0
Darrell Daniels	TE	9	0	0	0	0	0	0	0	0	0	0	0	0	0	0
Christian McCaffrey	RB	9	0	0	0	146	2	20	1	3	0	0	0	0	0	0
Curtis Samuel	WR	9	0	0	0	10	0	64	1	3	0	0	0	0	0	0
George Kittle	TE	9	0	0	0	0	0	79	1	6	0	0	0	0	0	0
Aaron Jones	RB	9	0	0	0	30	0	-1	0	1	0	0	0	0	0	0
Kendrick Bourne	WR	9	0	0	0	0	0	7	1	1	0	0	0	0	0	0
Matt Breida	RB	9	0	0	0	78	0	14	0	2	0	0	0	0	0	0
C.J. Board	WR	9	0	0	0	0	0	23	0	1	0	0	0	0	0	0
Patrick Ricard	RB	9	0	0	0	0	0	8	0	1	0	0	0	0	0	0
Jacob Hollister	TE	9	0	0	0	0	0	37	2	4	0	0	0	0	0	0
Antony Auclair	TE	9	0	0	0	0	0	11	0	1	0	0	0	0	0	0
Anthony Firkser	TE	9	0	0	0	0	0	0	0	0	0	0	0	0	0	0
Isaiah McKenzie	WR	9	0	0	0	0	0	12	0	3	0	0	0	0	0	0
Jeremy Sprinkle	TE	9	0	0	0	0	0	16	0	1	0	0	0	0	0	0
Mike Williams	WR	9	0	0	0	2	0	111	0	3	0	0	0	0	0	0
Deshaun Watson	QB	9	201	2	0	37	0	0	0	0	0	0	0	0	0	0
Mack Hollins	WR	9	0	0	0	0	0	0	0	0	0	0	0	0	0	0
Tarik Cohen	RB	9	0	0	0	7	0	9	0	2	0	0	0	0	0	0
Ryan Switzer	WR	9	0	0	0	0	0	0	0	0	0	0	0	0	0	0
Jamal Agnew	WR	9	0	0	0	0	0	0	0	0	0	0	0	0	0	0
David Moore	WR	9	0	0	0	0	0	18	0	2	0	0	0	0	0	0
Chris Carson	RB	9	0	0	0	105	0	28	0	2	0	1	0	0	0	0
Ricky Seals-Jones	TE	9	0	0	0	0	0	12	0	2	0	0	0	0	0	0
Blake Jarwin	TE	9	0	0	0	0	0	42	1	1	0	0	0	0	0	0
Keelan Cole	WR	9	0	0	0	0	0	80	0	5	0	0	0	0	0	0
Austin Ekeler	RB	9	0	0	0	70	0	23	0	4	0	0	0	0	0	0
T.J. Logan	RB	9	0	0	0	0	0	2	0	1	0	0	0	0	0	0
Trey Edmunds	RB	9	0	0	0	73	0	0	0	0	0	0	0	0	0	0
Dare Ogunbowale	RB	9	0	0	0	1	1	12	0	1	0	0	0	0	0	0
Leonard Fournette	RB	9	0	0	0	40	0	32	0	5	0	0	0	0	0	0
JuJu Smith-Schuster	WR	9	0	0	0	0	0	16	0	3	0	0	0	0	0	0
Jonnu Smith	TE	9	0	0	0	0	0	18	0	3	0	0	0	0	0	0
Mitchell Trubisky	QB	9	125	0	0	15	0	0	0	0	0	0	0	0	0	0
Corey Davis	WR	9	0	0	0	0	0	48	0	4	0	0	0	0	0	0
Evan Engram	TE	9	0	0	0	2	0	48	0	6	0	0	0	0	0	0
Zay Jones	WR	9	0	0	0	3	0	21	0	3	0	0	0	0	0	0
Dalvin Cook	RB	9	0	0	0	71	0	45	0	4	0	0	0	0	0	0
Adam Shaheen	TE	9	0	0	0	0	0	0	0	0	0	0	0	0	0	0
Chris Godwin Jr.	WR	9	0	0	0	8	0	61	0	7	0	0	0	0	0	0
Kenny Golladay	WR	9	0	0	0	0	0	132	1	4	0	0	0	0	0	0
Jamaal Williams	RB	9	0	0	0	10	0	39	1	6	0	0	0	0	0	0
Wayne Gallman	RB	9	0	0	0	0	0	0	0	0	0	0	0	0	0	0
Marlon Mack	RB	9	0	0	0	89	0	0	0	0	0	0	0	0	0	0
Ross Dwelley	TE	9	0	0	0	0	0	29	0	4	0	0	0	0	0	0
Steven Mitchell	WR	9	0	0	0	0	0	0	0	0	0	0	0	0	0	0
Phillip Lindsay	RB	9	0	0	0	92	1	0	0	0	0	0	0	0	0	0
Jeff Wilson	RB	9	0	0	0	0	0	2	0	1	0	0	0	0	0	0
Gus Edwards	RB	9	0	0	0	27	1	0	0	0	0	0	0	0	0	0
Mike Boone	RB	9	0	0	0	0	0	0	0	0	0	0	0	0	0	0
Dontrell Hilliard	RB	9	0	0	0	8	0	6	0	2	0	0	0	0	0	0
Marquez Valdes-Scantling	WR	9	0	0	0	0	0	0	0	0	0	0	0	0	0	0
Richie James	WR	9	0	0	0	0	0	0	0	0	0	0	0	0	0	0
Byron Pringle	WR	9	0	0	0	0	0	0	0	0	0	0	0	0	0	0
Darrel Williams	RB	9	0	0	0	1	0	0	0	0	0	0	0	0	0	0
Jaylen Samuels	RB	9	0	0	0	10	0	73	0	13	0	0	1	0	0	0
Trey Quinn	WR	9	0	0	0	0	0	9	0	1	0	0	0	0	0	0
Courtland Sutton	WR	9	0	0	0	7	0	56	1	5	0	0	0	0	0	0
Dallas Goedert	TE	9	0	0	0	0	0	39	0	4	0	0	0	0	0	0
Anthony Miller	WR	9	0	0	0	0	0	0	0	0	0	0	0	0	0	0
Jordan Akins	TE	9	0	0	0	0	0	24	0	3	0	0	0	0	0	0
Nyheim Hines	RB	9	0	0	0	7	0	21	0	1	0	0	0	0	0	0
Troy Fumagalli	TE	9	0	0	0	0	0	9	0	1	0	0	0	0	0	0
Jordan Wilkins	RB	9	0	0	0	6	0	6	0	1	0	0	0	0	0	0
Deon Cain	WR	9	0	0	0	0	0	0	0	0	0	0	0	0	0	0
Braxton Berrios	WR	9	0	0	0	0	0	0	0	0	0	0	0	0	0	0
Nick Bawden	RB	9	0	0	0	0	0	0	0	0	0	0	0	0	0	0
Justin Jackson	RB	9	0	0	0	7	0	7	0	1	0	0	0	0	0	0
Trent Sherfield	WR	9	0	0	0	0	0	0	0	0	0	0	0	0	0	0
Robert Foster	WR	9	0	0	0	0	0	0	0	0	0	0	0	0	0	0
Allen Lazard	WR	9	0	0	0	0	0	44	0	3	0	0	0	0	0	0
Kyle Allen	QB	9	232	2	1	-4	0	0	0	0	0	0	0	0	0	0
Reggie Bonnafon	RB	9	0	0	0	6	0	7	0	1	0	0	0	0	0	0
Tanner Hudson	TE	9	0	0	0	0	0	12	0	1	0	0	0	0	0	0
Vyncint Smith	WR	9	0	0	0	0	0	20	0	1	0	0	0	0	0	0
James Washington	WR	9	0	0	0	0	0	69	0	4	0	0	0	0	0	0
Mark Walton	RB	9	0	0	0	29	0	12	0	3	0	0	0	0	0	0
Marcell Ateman	WR	9	0	0	0	0	0	34	0	1	0	0	0	0	0	0
Rashaad Penny	RB	9	0	0	0	12	0	0	0	0	0	0	0	0	0	0
Mark Andrews	TE	9	0	0	0	0	0	21	0	2	0	0	0	0	0	0
Michael Gallup	WR	9	0	0	0	0	0	33	1	2	0	0	0	0	0	0
Mason Rudolph	QB	9	191	1	1	5	0	0	0	0	0	0	0	0	0	0
Antonio Callaway	WR	9	0	0	0	0	0	56	0	4	0	0	0	0	0	0
Christian Kirk	WR	9	0	0	0	8	0	8	0	2	0	0	0	0	0	0
DJ Chark	WR	9	0	0	0	0	0	32	0	4	0	0	0	0	0	0
Nick Chubb	RB	9	0	0	0	65	0	26	0	4	0	0	0	0	0	0
Lamar Jackson	QB	9	163	1	0	61	2	0	0	0	0	0	0	0	0	0
Durham Smythe	TE	9	0	0	0	0	0	0	0	0	0	0	0	0	0	0
Kalen Ballage	RB	9	0	0	0	19	0	0	0	0	0	0	0	0	0	0
Ronald Jones	RB	9	0	0	0	67	1	15	0	2	0	0	0	0	0	0
DJ Moore	WR	9	0	0	0	0	0	101	0	7	0	0	0	0	0	0
Mike Gesicki	TE	9	0	0	0	0	0	95	0	6	0	0	0	0	0	0
Hayden Hurst	TE	9	0	0	0	0	0	15	0	2	0	0	0	0	0	0
Royce Freeman	RB	9	0	0	0	15	0	-1	0	1	0	0	0	0	0	0
Saquon Barkley	RB	9	0	0	0	28	0	67	0	6	0	0	0	0	0	0
Sony Michel	RB	9	0	0	0	18	0	12	0	1	0	0	0	0	0	0
KhaDarel Hodge	WR	9	0	0	0	0	0	10	0	1	0	0	0	0	0	0
Baker Mayfield	QB	9	273	1	0	22	0	0	0	0	0	0	0	0	0	0
Josh Allen	QB	9	160	1	0	12	1	0	0	0	0	0	0	0	0	0
Dante Pettis	WR	9	0	0	0	0	0	21	1	1	0	0	0	0	0	0
Sam Darnold	QB	9	260	1	1	1	0	0	0	0	0	0	0	0	0	0
Steven Sims	WR	9	0	0	0	0	0	12	0	1	0	0	0	0	0	0
Irv Smith	TE	9	0	0	0	0	0	33	0	4	0	0	0	0	0	0
Alexander Mattison	RB	9	0	0	0	6	0	0	0	0	0	0	0	0	0	0
Justice Hill	RB	9	0	0	0	7	0	0	0	0	0	0	0	0	0	0
Foster Moreau	TE	9	0	0	0	0	0	3	1	1	0	0	0	0	0	0
Hunter Renfrow	WR	9	0	0	0	0	0	54	1	6	0	0	0	0	0	0
Bisi Johnson	WR	9	0	0	0	0	0	4	1	1	0	0	0	0	0	0
Stephen Carlson	TE	9	0	0	0	0	0	0	0	0	0	0	0	0	0	0
Mecole Hardman	WR	9	0	0	0	7	0	0	0	0	0	0	0	0	0	0
Devine Ozigbo	RB	9	0	0	0	0	0	0	0	0	0	0	0	0	0	0
Diontae Johnson	WR	9	0	0	0	2	0	3	0	1	0	0	0	0	0	0
Kyler Murray	QB	9	241	2	0	34	0	0	0	0	0	0	0	1	0	0
T.J. Hockenson	TE	9	0	0	0	0	0	56	0	3	0	0	0	0	0	0
Dwayne Haskins	QB	9	144	0	0	14	0	0	0	0	0	0	0	0	0	0
Miles Sanders	RB	9	0	0	0	42	0	31	0	3	0	0	0	0	0	0
Josh Oliver	TE	9	0	0	0	0	0	4	0	1	0	0	0	0	0	0
Devin Singletary	RB	9	0	0	0	95	1	45	0	3	0	0	0	0	0	0
Tony Pollard	RB	9	0	0	0	21	0	9	0	1	0	0	0	0	0	0
Ryquell Armstead	RB	9	0	0	0	0	0	65	0	5	0	0	0	0	0	0
KeeSean Johnson	WR	9	0	0	0	0	0	22	1	2	0	0	0	0	0	0
Gardner Minshew	QB	9	309	0	2	34	0	0	0	0	1	1	0	0	0	0
Kelvin Harmon	WR	9	0	0	0	0	0	6	0	1	0	0	0	0	0	0
Scott Miller	WR	9	0	0	0	0	0	0	0	0	0	0	0	0	0	0
Preston Williams	WR	9	0	0	0	0	0	72	2	5	0	0	0	0	0	0
Michael Walker	WR	9	0	0	0	0	0	0	0	0	0	0	0	0	0	0
Greg Dortch	WR	9	0	0	0	0	0	0	0	0	0	0	0	0	0	0
Andy Isabella	WR	9	0	0	0	0	0	88	1	1	0	0	0	0	0	0
Darius Slayton	WR	9	0	0	0	0	0	6	0	1	0	0	0	0	0	0
Ty Johnson	RB	9	0	0	0	29	0	7	0	3	0	0	0	0	0	0
Ventell Bryant	WR	9	0	0	0	0	0	0	0	0	0	0	0	0	0	0
Tony Brooks-James	RB	9	0	0	0	0	0	0	0	0	0	0	0	0	0	0
Juwann Winfree	WR	9	0	0	0	0	0	0	0	0	0	0	0	0	0	0
Parris Campbell	WR	9	0	0	0	27	0	53	0	5	0	0	0	0	0	0
DK Metcalf	WR	9	0	0	0	7	0	123	1	6	0	0	0	0	0	1
Noah Fant	TE	9	0	0	0	0	0	115	1	3	0	0	0	0	0	0
Terry McLaurin	WR	9	0	0	0	0	0	39	0	4	0	0	0	0	0	0
Marquise Brown	WR	9	0	0	0	0	0	48	0	3	0	0	0	0	0	0
A.J. Brown	WR	9	0	0	0	0	0	81	0	4	0	0	0	0	0	0
David Montgomery	RB	9	0	0	0	40	2	36	0	3	0	0	0	0	0	0
Dawson Knox	TE	9	0	0	0	0	0	14	0	2	0	0	0	0	0	0
Josh Jacobs	RB	9	0	0	0	120	2	0	0	0	0	0	0	0	0	0
Miles Boykin	WR	9	0	0	0	0	0	0	0	0	0	0	0	0	0	0
Daniel Jones	QB	9	210	1	1	54	0	0	0	0	1	1	0	0	0	0
Deebo Samuel Sr.	WR	9	0	0	0	0	0	40	0	4	0	0	0	0	0	0
Drew Brees	QB	10	287	0	0	0	0	0	0	0	0	0	0	0	0	0
Jason Witten	TE	10	0	0	0	0	0	17	0	2	0	0	0	0	0	0
Larry Fitzgerald	WR	10	0	0	0	0	0	71	0	8	0	0	0	0	0	0
Philip Rivers	QB	10	207	2	3	0	0	0	0	0	0	0	0	0	0	0
Aaron Rodgers	QB	10	233	0	0	7	0	0	0	0	0	0	0	0	0	0
Frank Gore	RB	10	0	0	0	12	0	4	0	1	0	0	0	0	0	0
Ryan Fitzpatrick	QB	10	169	0	1	23	1	0	0	0	0	0	0	0	0	0
Ted Ginn	WR	10	0	0	0	5	0	0	0	0	0	0	0	0	0	0
Greg Olsen	TE	10	0	0	0	0	0	98	0	8	0	0	0	0	0	0
Danny Amendola	WR	10	0	0	0	0	0	29	0	4	0	0	0	0	0	0
Matt Ryan	QB	10	182	2	1	13	0	0	0	0	0	0	0	0	0	0
Brian Hoyer	QB	10	204	1	3	0	0	0	0	0	0	0	0	0	0	0
Jared Cook	TE	10	0	0	0	0	0	74	0	6	0	0	0	0	0	0
Emmanuel Sanders	WR	10	0	0	0	0	0	24	0	2	0	0	0	0	0	0
Andre Roberts	WR	10	0	0	0	0	0	7	0	1	0	0	0	0	0	0
Jimmy Graham	TE	10	0	0	0	0	0	59	0	2	0	0	0	0	0	0
Demaryius Thomas	WR	10	0	0	0	0	0	84	0	6	0	0	0	0	0	0
Golden Tate	WR	10	0	0	0	0	0	95	2	4	0	0	0	0	0	0
Julio Jones	WR	10	0	0	0	0	0	79	0	3	0	0	0	0	0	0
Mark Ingram	RB	10	0	0	0	34	1	0	0	0	0	0	0	0	0	0
Kyle Rudolph	TE	10	0	0	0	0	0	14	2	4	0	0	0	0	0	1
Lance Kendricks	TE	10	0	0	0	0	0	0	0	0	0	0	0	0	0	0
Randall Cobb	WR	10	0	0	0	0	0	106	1	6	0	0	0	0	0	0
Bilal Powell	RB	10	0	0	0	15	0	0	0	0	0	0	0	0	0	0
Lee Smith	TE	10	0	0	0	0	0	0	0	0	0	0	0	0	0	0
Charles Clay	TE	10	0	0	0	0	0	5	0	1	0	0	0	0	0	0
Patrick DiMarco	RB	10	0	0	0	2	0	2	0	1	0	0	0	0	0	0
Garrett Celek	TE	10	0	0	0	0	0	0	0	0	0	0	0	0	0	0
Cole Beasley	WR	10	0	0	0	0	0	74	0	4	0	0	0	0	0	0
Russell Wilson	QB	10	232	1	1	53	0	0	0	0	0	0	0	0	0	0
Marvin Jones	WR	10	0	0	0	0	0	77	0	5	0	0	0	0	0	0
Jarius Wright	WR	10	0	0	0	0	0	21	0	1	0	0	0	0	0	0
Rhett Ellison	TE	10	0	0	0	0	0	42	0	3	0	0	0	0	0	0
Kirk Cousins	QB	10	220	2	0	5	0	0	0	0	0	0	0	1	0	0
Josh Gordon	WR	10	0	0	0	0	0	27	0	2	0	0	0	0	0	0
Robert Griffin III	QB	10	20	0	1	9	0	0	0	0	0	0	0	0	0	0
Ryan Tannehill	QB	10	181	2	0	37	0	0	0	0	1	0	0	0	1	0
Marquise Goodwin	WR	10	0	0	0	0	0	0	0	0	0	0	0	0	0	0
Ryan Griffin	TE	10	0	0	0	0	0	-2	0	1	0	0	0	0	0	0
Demetrius Harris	TE	10	0	0	0	0	0	28	0	2	0	0	0	0	0	0
Jack Doyle	TE	10	0	0	0	0	0	44	1	3	0	0	0	0	0	0
Keenan Allen	WR	10	0	0	0	18	0	68	0	8	0	0	0	0	0	0
Robert Woods	WR	10	0	0	0	0	0	95	0	7	0	0	0	0	0	0
Giovani Bernard	RB	10	0	0	0	8	0	0	0	1	0	0	1	0	0	0
Kenjon Barner	RB	10	0	0	0	12	0	0	0	0	0	0	0	0	0	0
Vance McDonald	TE	10	0	0	0	2	0	11	0	3	0	0	0	0	0	0
Le'Veon Bell	RB	10	0	0	0	34	1	34	0	4	0	0	0	0	0	0
Travis Kelce	TE	10	0	0	0	0	0	75	1	7	0	0	0	0	0	0
Latavius Murray	RB	10	0	0	0	12	0	7	0	2	0	0	0	0	0	0
Tavon Austin	WR	10	0	0	0	7	0	0	0	0	0	0	0	0	0	0
Tyler Eifert	TE	10	0	0	0	0	0	20	1	2	0	0	0	0	0	0
Cordarrelle Patterson	RB	10	0	0	0	0	0	0	0	0	0	0	0	0	0	0
Willie Snead	WR	10	0	0	0	0	0	12	0	2	0	0	0	0	0	0
Albert Wilson	WR	10	0	0	0	0	0	0	0	1	0	0	0	0	0	0
Bennie Fowler	WR	10	0	0	0	0	0	16	0	2	0	0	0	0	0	1
Trey Burton	TE	10	0	0	0	0	0	0	0	0	0	0	0	0	0	0
Allen Hurns	WR	10	0	0	0	0	0	32	0	2	0	0	0	0	0	0
Damien Williams	RB	10	0	0	0	77	0	32	0	5	0	1	0	0	0	0
John Brown	WR	10	0	0	0	0	0	77	0	5	0	0	0	0	0	0
De'Anthony Thomas	WR	10	0	0	0	0	0	0	0	0	0	0	0	0	0	0
Senorise Perry	RB	10	0	0	0	0	0	0	0	0	0	0	0	0	0	0
Taylor Gabriel	WR	10	0	0	0	-1	0	39	1	4	0	0	0	0	0	0
Odell Beckham Jr.	WR	10	0	0	0	0	0	57	0	5	0	0	0	0	0	0
Logan Thomas	TE	10	0	0	0	0	0	19	0	2	0	0	0	0	0	0
Derek Carr	QB	10	218	1	0	4	0	0	0	0	0	0	0	0	0	0
Devonta Freeman	RB	10	0	0	0	38	0	10	0	3	0	0	0	0	0	0
Sammy Watkins	WR	10	0	0	0	12	0	39	0	5	0	0	0	0	0	0
Cody Latimer	WR	10	0	0	0	0	0	0	0	0	0	0	0	0	0	0
Jimmy Garoppolo	QB	10	248	1	1	1	0	0	0	0	2	0	0	1	0	0
Davante Adams	WR	10	0	0	0	0	0	118	0	7	0	0	0	0	0	0
Jarvis Landry	WR	10	0	0	0	0	0	97	1	9	0	0	0	0	0	0
Eric Ebron	TE	10	0	0	0	0	0	56	0	5	0	0	0	0	0	0
Blake Bortles	QB	10	0	0	0	1	0	0	0	0	0	0	0	0	0	0
Mike Evans	WR	10	0	0	0	0	0	82	0	4	0	0	0	0	0	0
Allen Robinson	WR	10	0	0	0	0	0	86	0	6	0	0	0	0	0	0
Jameis Winston	QB	10	358	1	2	40	0	0	0	0	0	0	0	0	0	0
DeAndrew White	WR	10	0	0	0	0	0	0	0	0	0	0	0	0	0	0
Amari Cooper	WR	10	0	0	0	0	0	147	1	11	0	0	0	0	0	0
DeVante Parker	WR	10	0	0	0	0	0	69	0	5	0	0	0	0	0	0
Maxx Williams	TE	10	0	0	0	0	0	15	0	1	0	0	0	0	0	0
Stefon Diggs	WR	10	0	0	0	0	0	49	0	3	0	0	0	0	0	0
Nick Boyle	TE	10	0	0	0	0	0	78	0	4	0	0	0	0	0	0
Darren Waller	TE	10	0	0	0	0	0	40	0	3	0	0	0	0	0	0
Raheem Mostert	RB	10	0	0	0	28	0	7	0	1	0	0	0	0	0	0
Jake Kumerow	WR	10	0	0	0	0	0	23	0	2	0	0	0	0	0	0
Malcolm Brown	RB	10	0	0	0	10	0	0	0	0	0	0	0	0	0	0
Jamison Crowder	WR	10	0	0	0	0	0	81	1	5	0	0	0	0	0	0
Adam Humphries	WR	10	0	0	0	0	0	23	1	1	0	0	0	0	0	0
Breshad Perriman	WR	10	0	0	0	0	0	17	0	2	0	0	0	0	0	0
Tevin Coleman	RB	10	0	0	0	40	0	32	0	4	0	0	0	0	0	0
Blake Bell	TE	10	0	0	0	0	0	0	0	0	0	0	0	0	0	0
Ameer Abdullah	RB	10	0	0	0	0	0	0	0	0	0	0	0	0	0	0
C.J. Uzomah	TE	10	0	0	0	0	0	0	0	0	0	0	0	0	0	0
Jesse James	TE	10	0	0	0	0	0	0	0	0	0	0	0	0	0	0
Melvin Gordon	RB	10	0	0	0	108	1	25	0	1	0	0	0	0	0	0
Tyrell Williams	WR	10	0	0	0	0	0	25	0	3	0	0	0	0	0	0
David Johnson	RB	10	0	0	0	2	0	8	0	1	0	0	1	0	0	0
Ty Montgomery	WR	10	0	0	0	0	0	0	0	0	0	0	0	0	0	0
Tyler Lockett	WR	10	0	0	0	3	0	26	0	3	0	0	0	0	0	0
Todd Gurley	RB	10	0	0	0	73	0	0	0	0	0	0	0	0	0	0
Clive Walford	TE	10	0	0	0	0	0	8	0	1	0	0	0	0	0	0
Chester Rogers	WR	10	0	0	0	0	0	31	0	2	0	0	0	0	0	0
Austin Hooper	TE	10	0	0	0	0	0	17	1	4	0	0	0	0	0	0
Nick Vannett	TE	10	0	0	0	0	0	8	0	1	0	0	0	0	0	0
Paul Perkins	RB	10	0	0	0	9	0	9	0	1	0	0	0	0	0	0
Trevor Davis	WR	10	0	0	0	0	0	0	0	0	0	0	0	0	0	0
Jeff Driskel	QB	10	269	1	1	37	0	6	0	1	0	0	0	0	0	0
Kalif Raymond	WR	10	0	0	0	0	0	52	0	1	0	0	0	0	0	0
Alex Erickson	WR	10	0	0	0	13	0	0	0	0	0	0	0	0	0	0
J.D. McKissic	RB	10	0	0	0	36	0	19	0	6	0	0	0	0	0	0
Geronimo Allison	WR	10	0	0	0	0	0	6	0	3	0	0	0	0	0	0
Ben Braunecker	TE	10	0	0	0	0	0	18	1	1	0	0	0	0	0	0
Robbie Chosen	WR	10	0	0	0	0	0	11	0	1	0	0	0	0	0	0
Peyton Barber	RB	10	0	0	0	43	1	4	0	1	0	0	0	0	0	0
Derrick Henry	RB	10	0	0	0	188	2	3	0	2	0	0	0	0	0	0
Michael Thomas	WR	10	0	0	0	0	0	152	0	13	0	0	0	0	0	0
Demarcus Robinson	WR	10	0	0	0	0	0	56	0	4	0	0	0	0	0	0
Tajae Sharpe	WR	10	0	0	0	0	0	20	0	1	0	0	0	0	0	0
Jakeem Grant	WR	10	0	0	0	0	0	15	0	2	0	0	0	0	0	0
Danny Vitale	RB	10	0	0	0	0	0	0	0	0	0	0	0	0	0	0
Cody Core	WR	10	0	0	0	0	0	0	0	0	0	0	0	0	0	0
Johnny Holton	WR	10	0	0	0	0	0	0	0	0	0	0	0	0	0	0
DeAndre Washington	RB	10	0	0	0	0	0	19	0	2	0	0	0	0	0	0
Laquon Treadwell	WR	10	0	0	0	0	0	10	0	1	0	0	0	0	0	0
Jonathan Williams	RB	10	0	0	0	1	0	0	0	0	0	0	0	0	0	0
Rashard Higgins	WR	10	0	0	0	0	0	7	1	1	0	0	0	0	0	0
Marcus Johnson	WR	10	0	0	0	0	0	9	0	1	0	0	0	0	0	0
Tyler Boyd	WR	10	0	0	0	0	0	62	0	6	0	0	0	0	0	0
Jalen Richard	RB	10	0	0	0	0	0	43	0	4	0	0	0	0	0	0
Tyreek Hill	WR	10	0	0	0	3	0	157	1	11	0	0	0	0	0	0
Ezekiel Elliott	RB	10	0	0	0	47	0	16	0	2	0	0	0	0	0	0
Dak Prescott	QB	10	397	3	1	0	0	0	0	0	0	0	0	0	0	0
Hunter Henry	TE	10	0	0	0	0	0	30	1	4	0	0	0	0	0	0
Jared Goff	QB	10	243	0	2	0	0	0	0	0	1	0	0	0	0	0
Tyler Higbee	TE	10	0	0	0	0	0	22	0	3	0	0	0	0	0	0
Pharoh Cooper	WR	10	0	0	0	0	0	29	0	2	0	0	0	0	0	0
Mike Thomas	WR	10	0	0	0	0	0	0	0	0	0	0	0	0	0	0
Kenyan Drake	RB	10	0	0	0	35	0	6	0	6	0	0	0	0	0	0
Troymaine Pope	RB	10	0	0	0	0	0	0	0	0	0	0	0	0	0	0
Mo Alie-Cox	TE	10	0	0	0	0	0	0	0	0	0	0	0	0	0	0
Johnny Mundt	TE	10	0	0	0	0	0	9	0	1	0	0	0	0	0	0
Zach Pascal	WR	10	0	0	0	0	0	26	0	2	0	0	0	0	0	0
Darrell Daniels	TE	10	0	0	0	0	0	0	0	0	0	0	0	0	0	0
JoJo Natson	WR	10	0	0	0	0	0	0	0	0	0	0	0	0	0	0
Christian McCaffrey	RB	10	0	0	0	108	1	33	0	6	0	0	0	0	0	0
Curtis Samuel	WR	10	0	0	0	0	0	35	1	4	0	0	0	0	0	0
Aaron Jones	RB	10	0	0	0	93	3	0	0	0	0	0	0	0	0	0
Kendrick Bourne	WR	10	0	0	0	0	0	42	1	4	0	0	0	0	0	1
Matt Breida	RB	10	0	0	0	18	0	7	0	2	0	0	0	0	0	0
Taysom Hill	TE	10	17	0	0	11	0	3	0	1	0	0	0	0	0	0
Patrick Ricard	RB	10	0	0	0	0	0	0	0	0	0	0	0	0	0	0
Jacob Hollister	TE	10	0	0	0	0	0	62	1	8	0	0	0	0	0	0
Anthony Firkser	TE	10	0	0	0	0	0	36	1	3	0	0	0	0	0	0
Isaiah McKenzie	WR	10	0	0	0	0	0	19	0	2	0	0	0	0	0	0
Mike Williams	WR	10	0	0	0	0	0	55	0	2	0	0	0	0	0	0
Tarik Cohen	RB	10	0	0	0	14	0	23	1	4	0	0	0	0	0	0
Ryan Switzer	WR	10	0	0	0	0	0	0	0	0	0	0	0	0	0	0
Brian Hill	RB	10	0	0	0	61	0	10	1	1	0	0	0	0	0	0
Jamal Agnew	WR	10	0	0	0	0	0	0	0	0	0	0	0	0	0	0
David Moore	WR	10	0	0	0	0	0	0	0	0	0	0	0	0	0	0
Chris Carson	RB	10	0	0	0	89	1	12	0	3	0	0	0	0	0	0
Blake Jarwin	TE	10	0	0	0	0	0	35	0	3	0	0	0	0	0	0
Austin Ekeler	RB	10	0	0	0	19	0	29	1	2	0	0	0	0	0	0
Andre Patton	WR	10	0	0	0	0	0	0	0	0	0	0	0	0	0	0
T.J. Logan	RB	10	0	0	0	6	0	0	0	0	0	0	0	0	0	0
Trey Edmunds	RB	10	0	0	0	1	0	14	0	2	0	0	0	0	0	0
Dare Ogunbowale	RB	10	0	0	0	0	0	24	0	3	0	0	0	0	0	0
JuJu Smith-Schuster	WR	10	0	0	0	0	0	44	0	3	0	0	0	0	0	0
Jonnu Smith	TE	10	0	0	0	0	0	30	0	4	0	0	0	0	0	0
Mitchell Trubisky	QB	10	173	3	0	8	0	0	0	0	0	0	0	0	0	0
Patrick Mahomes	QB	10	446	3	0	0	0	0	0	0	0	0	0	0	0	0
O.J. Howard	TE	10	0	0	0	0	0	47	1	4	0	0	0	0	0	0
Zay Jones	WR	10	0	0	0	0	0	10	0	1	0	0	0	0	0	0
Dalvin Cook	RB	10	0	0	0	97	1	86	0	7	0	0	0	0	0	0
Gerald Everett	TE	10	0	0	0	0	0	68	0	8	0	0	0	0	0	0
Joe Mixon	RB	10	0	0	0	114	0	37	0	2	0	0	0	0	0	0
Alvin Kamara	RB	10	0	0	0	24	0	50	0	8	0	0	0	0	0	0
Cooper Kupp	WR	10	0	0	0	0	0	0	0	0	0	0	0	0	0	0
Chris Godwin Jr.	WR	10	0	0	0	0	0	74	0	6	0	0	0	0	0	0
Kareem Hunt	RB	10	0	0	0	30	0	44	0	7	0	0	0	0	0	0
Kenny Golladay	WR	10	0	0	0	0	0	57	1	3	0	0	0	0	0	0
Josh Reynolds	WR	10	0	0	0	0	0	49	0	3	0	0	0	0	0	0
Jamaal Williams	RB	10	0	0	0	63	0	0	0	0	0	0	0	0	0	0
Wayne Gallman	RB	10	0	0	0	2	0	3	0	1	0	0	0	0	0	0
Marlon Mack	RB	10	0	0	0	74	0	8	0	1	0	0	0	0	0	0
Ross Dwelley	TE	10	0	0	0	0	0	24	0	3	0	0	0	0	0	0
Christian Blake	WR	10	0	0	0	0	0	15	0	2	0	0	0	0	0	0
Gus Edwards	RB	10	0	0	0	17	0	0	0	0	0	0	0	0	0	0
Mike Boone	RB	10	0	0	0	0	0	0	0	0	0	0	0	0	0	0
Dontrell Hilliard	RB	10	0	0	0	0	0	0	0	0	0	0	0	0	0	0
Tyler Conklin	TE	10	0	0	0	0	0	0	0	0	0	0	0	0	0	0
Marquez Valdes-Scantling	WR	10	0	0	0	0	0	0	0	0	0	0	0	0	0	0
Richie James	WR	10	0	0	0	0	0	0	0	0	0	0	0	0	0	0
Byron Pringle	WR	10	0	0	0	0	0	0	0	0	0	0	0	0	0	0
Darrel Williams	RB	10	0	0	0	6	0	9	0	1	0	0	0	0	0	0
Deon Yelder	TE	10	0	0	0	0	0	7	0	1	0	0	0	0	0	0
Jaylen Samuels	RB	10	0	0	0	29	0	11	0	3	0	0	0	0	0	0
Anthony Miller	WR	10	0	0	0	0	0	7	0	1	0	0	0	0	0	0
Nyheim Hines	RB	10	0	0	0	14	0	30	0	4	0	0	0	0	0	0
Justin Watson	WR	10	0	0	0	0	0	0	0	0	0	0	0	0	0	0
Jordan Wilkins	RB	10	0	0	0	20	0	0	0	0	0	0	0	0	0	0
Russell Gage	WR	10	0	0	0	0	0	23	0	4	0	0	0	0	0	0
Braxton Berrios	WR	10	0	0	0	0	0	0	0	0	0	0	0	0	0	0
Nick Bawden	RB	10	0	0	0	0	0	3	0	1	0	0	0	0	0	0
Trent Sherfield	WR	10	0	0	0	0	0	0	0	0	0	0	0	0	0	0
Robert Foster	WR	10	0	0	0	0	0	20	0	1	0	0	0	0	0	0
Allen Lazard	WR	10	0	0	0	0	0	27	0	3	0	0	0	0	0	0
Kyle Allen	QB	10	307	1	1	12	0	0	0	0	0	1	0	0	0	0
Ryan Nall	RB	10	0	0	0	0	0	0	0	0	0	0	0	0	0	0
Vyncint Smith	WR	10	0	0	0	0	0	0	0	0	0	0	0	0	0	0
James Washington	WR	10	0	0	0	0	0	90	1	6	0	0	1	0	0	0
Auden Tate	WR	10	0	0	0	0	0	36	0	3	0	0	0	0	0	0
Rashaad Penny	RB	10	0	0	0	2	0	0	0	0	0	1	0	0	0	0
Mark Andrews	TE	10	0	0	0	0	0	53	2	6	0	0	0	0	0	0
Michael Gallup	WR	10	0	0	0	0	0	76	1	4	0	0	0	0	0	0
Tre'Quan Smith	WR	10	0	0	0	0	0	13	0	1	0	0	0	0	0	0
Chris Herndon	TE	10	0	0	0	0	0	7	0	1	0	0	0	0	0	0
Mason Rudolph	QB	10	242	1	0	-1	0	0	0	0	0	0	0	0	0	0
Christian Kirk	WR	10	0	0	0	0	0	138	3	6	0	0	0	0	0	0
Jaeden Graham	TE	10	0	0	0	0	0	0	0	0	0	0	0	0	0	0
Nick Chubb	RB	10	0	0	0	116	0	5	0	2	0	0	0	0	0	0
Lamar Jackson	QB	10	223	3	0	65	1	0	0	0	0	0	0	0	0	0
Durham Smythe	TE	10	0	0	0	0	0	0	0	0	0	0	0	0	0	0
Kalen Ballage	RB	10	0	0	0	43	0	2	0	4	0	0	0	0	0	0
Ronald Jones	RB	10	0	0	0	29	1	77	0	8	0	0	1	0	0	0
DJ Moore	WR	10	0	0	0	0	0	120	0	9	0	0	0	0	0	0
Mike Gesicki	TE	10	0	0	0	0	0	28	0	3	0	0	1	0	0	0
Hayden Hurst	TE	10	0	0	0	0	0	20	0	2	0	0	0	0	0	0
Calvin Ridley	WR	10	0	0	0	19	0	28	0	3	0	0	0	0	0	0
Saquon Barkley	RB	10	0	0	0	1	0	30	0	5	0	0	0	0	0	0
Baker Mayfield	QB	10	238	2	0	1	0	0	0	0	0	0	0	0	0	0
Josh Allen	QB	10	266	0	0	28	2	0	0	0	0	0	0	0	0	0
Dante Pettis	WR	10	0	0	0	0	0	0	0	0	0	0	0	0	0	0
Malik Turner	WR	10	0	0	0	0	0	35	0	2	0	0	0	0	0	0
Sam Darnold	QB	10	230	1	0	25	1	0	0	0	0	0	0	0	0	0
Irv Smith	TE	10	0	0	0	0	0	34	0	5	0	0	0	0	0	0
Alexander Mattison	RB	10	0	0	0	52	0	2	0	1	0	0	0	0	0	0
Justice Hill	RB	10	0	0	0	11	0	0	0	0	0	0	0	0	0	0
Hunter Renfrow	WR	10	0	0	0	0	0	42	0	4	0	0	0	0	0	0
Kaden Smith	TE	10	0	0	0	0	0	1	0	1	0	0	0	0	0	0
Bisi Johnson	WR	10	0	0	0	0	0	25	0	2	0	0	0	0	0	0
Ashton Dulin	WR	10	0	0	0	0	0	0	0	0	0	0	0	0	0	0
Mecole Hardman	WR	10	0	0	0	0	0	63	1	1	0	0	0	0	0	0
Darwin Thompson	RB	10	0	0	0	-1	0	8	0	1	0	0	0	0	0	0
Olamide Zaccheaus	WR	10	0	0	0	0	0	0	0	0	0	0	0	0	0	0
Deonte Harty	WR	10	0	0	0	0	0	0	0	0	0	0	0	0	0	0
Diontae Johnson	WR	10	0	0	0	0	0	64	0	4	0	0	0	0	0	0
Kyler Murray	QB	10	324	3	1	38	0	0	0	0	0	0	0	0	0	0
T.J. Hockenson	TE	10	0	0	0	0	0	47	0	3	0	0	0	0	0	0
Devin Singletary	RB	10	0	0	0	42	0	8	0	3	0	0	0	0	0	0
Trevon Wesco	TE	10	0	0	0	2	0	15	0	1	0	0	0	0	0	0
Tony Pollard	RB	10	0	0	0	-4	0	0	0	0	0	0	0	0	0	0
KeeSean Johnson	WR	10	0	0	0	0	0	0	0	0	0	0	0	0	0	0
Scott Miller	WR	10	0	0	0	0	0	33	0	2	0	0	0	0	0	0
Myles Gaskin	RB	10	0	0	0	0	0	0	0	1	0	0	0	0	0	0
Patrick Laird	RB	10	0	0	0	4	0	15	0	2	0	0	0	0	0	0
Stanley Morgan	WR	10	0	0	0	0	0	9	0	1	0	0	0	0	0	0
Jason Moore	WR	10	0	0	0	0	0	0	0	0	0	0	0	0	0	0
Andy Isabella	WR	10	0	0	0	0	0	78	0	3	0	0	0	0	0	0
Darius Slayton	WR	10	0	0	0	0	0	121	2	10	0	0	0	0	0	0
Ty Johnson	RB	10	0	0	0	16	0	3	0	1	0	0	0	0	0	0
Tony Brooks-James	RB	10	0	0	0	11	0	0	0	0	0	0	0	0	0	0
D'Ernest Johnson	RB	10	0	0	0	0	0	0	0	0	0	0	0	0	0	0
Drew Sample	TE	10	0	0	0	0	0	3	0	1	0	0	0	0	0	0
DK Metcalf	WR	10	0	0	0	0	0	70	0	6	0	0	1	0	0	0
Ryan Finley	QB	10	167	1	1	22	0	0	0	0	1	0	0	0	0	0
Marquise Brown	WR	10	0	0	0	0	0	80	1	4	0	0	0	0	0	0
Darrell Henderson	RB	10	0	0	0	4	0	0	0	0	0	0	0	0	0	0
Jace Sternberger	TE	10	0	0	0	0	0	0	0	0	0	0	0	0	0	0
A.J. Brown	WR	10	0	0	0	0	0	17	0	1	0	0	0	0	0	0
David Montgomery	RB	10	0	0	0	60	0	0	0	0	0	0	0	0	0	0
Dawson Knox	TE	10	0	0	0	0	0	55	0	4	0	0	0	0	0	0
Josh Jacobs	RB	10	0	0	0	71	1	30	0	3	0	0	0	0	0	0
Daniel Jones	QB	10	308	4	0	20	0	0	0	0	1	0	0	1	0	0
Deebo Samuel Sr.	WR	10	0	0	0	0	0	112	0	8	0	0	0	0	0	0
Tom Brady	QB	11	216	0	0	-1	0	0	0	0	0	0	0	0	0	0
Drew Brees	QB	11	228	3	0	0	0	0	0	0	0	0	0	0	0	0
Jason Witten	TE	11	0	0	0	0	0	33	0	5	0	0	0	0	0	0
Matt Schaub	QB	11	0	0	0	-1	0	0	0	0	0	0	0	0	0	0
Larry Fitzgerald	WR	11	0	0	0	0	0	37	1	5	0	0	1	0	0	0
Philip Rivers	QB	11	353	1	4	0	0	0	0	0	0	0	0	1	0	0
Benjamin Watson	TE	11	0	0	0	0	0	52	0	3	0	0	0	0	0	0
Frank Gore	RB	11	0	0	0	27	0	18	0	1	0	0	0	0	0	0
Ryan Fitzpatrick	QB	11	323	0	0	0	0	0	0	0	0	0	0	0	0	0
Adrian Peterson	RB	11	0	0	0	25	0	5	0	2	0	0	0	0	0	0
Ted Ginn	WR	11	0	0	0	0	0	14	1	2	0	0	0	0	0	0
Greg Olsen	TE	11	0	0	0	0	0	57	0	5	0	0	0	0	0	0
Danny Amendola	WR	11	0	0	0	0	0	47	0	4	0	0	0	0	0	0
Matt Ryan	QB	11	311	1	0	0	0	0	0	0	0	0	0	0	0	0
Chase Daniel	QB	11	9	0	0	0	0	0	0	0	0	0	0	0	0	0
Brian Hoyer	QB	11	0	0	0	-2	0	0	0	0	0	0	0	0	0	0
LeSean McCoy	RB	11	0	0	0	29	1	28	0	4	0	0	0	0	0	0
Jared Cook	TE	11	0	0	0	0	0	33	1	2	0	0	0	0	0	0
Julian Edelman	WR	11	15	1	0	0	0	53	0	5	0	0	0	0	0	0
Emmanuel Sanders	WR	11	0	0	0	0	0	33	0	3	0	0	0	0	0	0
Andre Roberts	WR	11	0	0	0	0	0	0	0	0	0	0	0	0	0	0
Demaryius Thomas	WR	11	0	0	0	0	0	44	0	4	0	0	0	0	0	0
Julio Jones	WR	11	0	0	0	-4	0	91	0	6	0	0	0	0	0	0
Mark Ingram	RB	11	0	0	0	48	0	37	2	3	0	0	0	0	0	0
Kyle Rudolph	TE	11	0	0	0	0	0	67	1	5	0	0	0	0	0	0
Randall Cobb	WR	11	0	0	0	0	0	115	1	4	0	0	0	0	0	0
Taiwan Jones	RB	11	0	0	0	0	0	0	0	0	0	0	0	0	0	0
Bilal Powell	RB	11	0	0	0	42	0	5	0	1	0	0	0	0	0	0
Charles Clay	TE	11	0	0	0	0	0	0	0	0	0	0	0	0	0	0
Virgil Green	TE	11	0	0	0	0	0	8	0	1	0	0	0	0	0	0
Garrett Celek	TE	11	0	0	0	0	0	0	0	0	0	0	0	0	0	0
Cole Beasley	WR	11	0	0	0	0	0	38	0	4	0	0	0	0	0	0
Derek Carrier	TE	11	0	0	0	0	0	0	0	0	0	0	0	0	0	0
Brandon Bolden	RB	11	0	0	0	0	0	0	0	0	0	0	0	0	0	0
Marvin Jones	WR	11	0	0	0	-4	0	43	2	4	0	0	0	0	0	0
Jamize Olawale	RB	11	0	0	0	0	0	0	0	0	0	0	0	0	0	0
Nick Foles	QB	11	296	2	1	0	0	0	0	0	0	0	0	0	0	0
Jarius Wright	WR	11	0	0	0	0	0	19	0	1	0	0	0	0	0	0
Kirk Cousins	QB	11	319	3	0	1	0	0	0	0	1	0	0	0	0	0
Mohamed Sanu	WR	11	0	0	0	8	0	4	0	2	0	0	0	0	0	0
Robert Griffin III	QB	11	15	0	0	-1	0	0	0	0	0	0	0	0	0	0
Darren Fells	TE	11	0	0	0	0	0	18	0	1	0	0	0	0	0	0
Zach Ertz	TE	11	0	0	0	0	0	94	0	9	0	0	0	0	0	0
Marquise Goodwin	WR	11	0	0	0	0	0	5	0	1	0	0	0	0	0	0
Kenny Stills	WR	11	0	0	0	0	0	27	0	4	0	0	0	0	0	0
Ryan Griffin	TE	11	0	0	0	0	0	109	1	5	0	0	0	0	0	0
Jack Doyle	TE	11	0	0	0	0	0	0	0	0	0	0	0	0	0	0
Josh Hill	TE	11	0	0	0	0	0	8	0	2	0	0	0	0	0	0
Keenan Allen	WR	11	0	0	0	0	0	71	1	8	0	0	0	0	0	0
Rex Burkhead	RB	11	0	0	0	14	0	34	0	2	0	0	0	0	0	0
Giovani Bernard	RB	11	0	0	0	30	0	16	0	1	0	0	0	0	0	0
Kenjon Barner	RB	11	3	0	0	15	0	0	0	0	0	0	0	0	0	0
Vance McDonald	TE	11	0	0	0	0	0	33	0	3	0	0	0	0	0	0
Le'Veon Bell	RB	11	0	0	0	59	1	33	0	2	0	0	0	0	0	0
Travis Kelce	TE	11	0	0	0	0	0	92	1	7	0	0	0	0	0	0
Latavius Murray	RB	11	0	0	0	27	0	5	0	2	0	0	0	0	0	0
Tavon Austin	WR	11	0	0	0	0	0	0	0	0	0	0	0	0	0	0
Tyler Eifert	TE	11	0	0	0	0	0	21	0	3	0	0	0	0	0	0
DeAndre Hopkins	WR	11	0	0	0	0	0	80	0	7	0	0	0	0	0	0
Cordarrelle Patterson	RB	11	0	0	0	0	0	0	0	0	0	0	0	0	0	0
Willie Snead	WR	11	0	0	0	0	0	13	0	2	0	0	0	0	0	0
Albert Wilson	WR	11	0	0	0	0	0	26	0	3	0	0	0	0	0	0
Allen Hurns	WR	11	0	0	0	0	0	53	0	4	0	0	1	0	0	0
Damien Williams	RB	11	0	0	0	7	0	6	0	1	0	0	0	0	0	0
Carlos Hyde	RB	11	0	0	0	65	1	0	0	0	0	0	0	0	0	0
John Brown	WR	11	0	0	0	0	0	137	2	9	0	0	0	0	0	0
De'Anthony Thomas	WR	11	0	0	0	0	0	0	0	0	0	0	0	0	0	0
James White	RB	11	0	0	0	20	0	16	0	4	0	0	0	0	1	0
Seth Roberts	WR	11	0	0	0	0	0	15	1	1	0	0	0	0	0	0
Senorise Perry	RB	11	0	0	0	0	0	0	0	0	0	0	0	0	0	0
Taylor Gabriel	WR	11	0	0	0	0	0	57	0	7	0	0	0	0	0	0
Odell Beckham Jr.	WR	11	0	0	0	0	0	60	0	4	0	0	0	0	0	0
Logan Thomas	TE	11	0	0	0	0	0	0	0	0	0	0	0	0	0	0
Cameron Brate	TE	11	0	0	0	0	0	73	0	10	0	0	0	0	0	0
Derek Carr	QB	11	292	1	1	1	1	0	0	0	0	0	0	0	0	0
AJ McCarron	QB	11	0	0	0	0	0	0	0	0	0	0	0	0	0	0
Jordan Matthews	TE	11	0	0	0	0	0	6	0	1	0	0	0	0	0	0
Diontae Spencer	WR	11	0	0	0	0	0	0	0	0	0	0	0	0	0	0
Sammy Watkins	WR	11	0	0	0	0	0	26	0	2	0	0	0	0	0	0
Jimmy Garoppolo	QB	11	424	4	2	7	0	0	0	0	0	0	0	0	0	0
Jarvis Landry	WR	11	0	0	0	0	0	43	1	4	0	0	0	0	0	0
Eric Ebron	TE	11	0	0	0	0	0	27	0	4	0	0	0	0	0	0
Garrett Gilbert	QB	11	0	0	0	-1	0	0	0	0	0	0	0	0	0	0
Mike Evans	WR	11	0	0	0	0	0	69	0	4	0	0	0	0	0	0
Allen Robinson	WR	11	0	0	0	0	0	15	0	4	0	0	0	0	0	0
Jameis Winston	QB	11	313	2	4	23	0	0	0	0	0	0	0	0	0	0
DeAndrew White	WR	11	0	0	0	0	0	0	0	0	0	0	0	0	0	0
Amari Cooper	WR	11	0	0	0	0	0	38	0	3	0	0	0	0	0	0
DeVante Parker	WR	11	0	0	0	0	0	135	0	7	0	0	0	0	0	0
Nelson Agholor	WR	11	0	0	0	0	0	40	0	4	0	0	0	0	0	0
Justin Hardy	WR	11	0	0	0	0	0	14	0	2	0	0	0	0	0	0
Stefon Diggs	WR	11	0	0	0	0	0	121	1	5	0	0	0	0	0	0
Nick Boyle	TE	11	0	0	0	0	0	20	0	2	0	0	0	0	0	0
Darren Waller	TE	11	0	0	0	-2	0	78	0	5	0	0	0	0	0	0
Raheem Mostert	RB	11	0	0	0	13	0	14	0	2	0	0	0	0	0	0
Matt LaCosse	TE	11	0	0	0	0	0	3	0	2	0	0	0	0	0	0
DeAndre Carter	WR	11	0	0	0	0	0	0	0	0	0	0	0	0	0	0
Malcolm Brown	RB	11	0	0	0	15	1	0	0	0	0	0	0	0	0	0
Jamison Crowder	WR	11	0	0	0	0	0	76	1	5	0	0	0	0	0	0
Breshad Perriman	WR	11	0	0	0	0	0	20	0	1	0	0	0	0	0	0
Tevin Coleman	RB	11	0	0	0	14	0	48	0	3	0	0	0	0	0	0
Daniel Brown	TE	11	0	0	0	0	0	20	1	1	0	0	0	0	0	0
Ameer Abdullah	RB	11	0	0	0	5	0	11	0	2	0	0	0	0	0	0
Chris Conley	WR	11	0	0	0	0	0	58	0	6	0	0	0	0	0	0
C.J. Uzomah	TE	11	0	0	0	0	0	5	0	2	0	0	0	0	0	0
Ben Koyack	TE	11	0	0	0	0	0	9	0	1	0	0	0	0	0	0
Melvin Gordon	RB	11	0	0	0	69	0	21	0	3	0	0	0	0	0	0
Tyrell Williams	WR	11	0	0	0	0	0	82	0	4	0	0	0	0	0	0
Ty Montgomery	WR	11	0	0	0	11	0	0	0	0	0	0	0	0	0	0
Phillip Dorsett	WR	11	0	0	0	0	0	33	1	3	0	0	0	0	0	0
Tyler Kroft	TE	11	0	0	0	0	0	6	0	1	0	0	0	0	0	0
Todd Gurley	RB	11	0	0	0	97	1	36	0	3	0	1	0	0	0	0
Clive Walford	TE	11	0	0	0	0	0	0	0	0	0	0	0	0	0	0
Duke Johnson	RB	11	0	0	0	40	0	4	0	2	0	0	0	0	0	0
Chester Rogers	WR	11	0	0	0	18	0	11	0	1	0	0	0	0	0	0
Nick Vannett	TE	11	0	0	0	0	0	7	0	1	0	0	0	0	0	0
Trevor Davis	WR	11	0	0	0	0	0	0	0	0	0	0	0	0	0	0
Brandon Allen	QB	11	240	1	1	18	0	0	0	0	0	0	0	0	0	0
Jeff Driskel	QB	11	209	2	0	51	1	0	0	0	0	0	0	0	0	0
Alex Erickson	WR	11	0	0	0	0	0	0	0	1	0	0	0	0	0	0
J.D. McKissic	RB	11	0	0	0	13	0	40	0	3	0	0	0	0	0	0
Ben Braunecker	TE	11	0	0	0	0	0	8	0	1	0	0	0	0	0	0
Robbie Chosen	WR	11	0	0	0	0	0	6	1	1	0	0	0	0	0	0
Tevin Jones	WR	11	0	0	0	0	0	24	0	2	0	0	0	0	0	0
Peyton Barber	RB	11	0	0	0	0	0	11	1	2	0	0	0	0	0	0
Michael Thomas	WR	11	0	0	0	0	0	114	1	8	0	0	0	0	0	0
Demarcus Robinson	WR	11	0	0	0	0	0	0	0	0	0	0	0	0	0	0
Wendell Smallwood	RB	11	0	0	0	0	0	11	0	1	0	0	0	0	0	0
Jakeem Grant	WR	11	0	0	0	7	1	32	0	3	0	0	0	0	0	0
Johnny Holton	WR	11	0	0	0	0	0	18	0	1	0	0	0	0	0	0
DeAndre Washington	RB	11	0	0	0	-1	0	14	0	2	0	0	0	0	0	0
Carson Wentz	QB	11	214	1	0	17	0	0	0	0	1	0	0	0	0	0
Laquon Treadwell	WR	11	0	0	0	0	0	0	0	0	0	0	0	0	0	0
Devontae Booker	RB	11	0	0	0	4	0	0	0	0	0	0	0	0	0	0
Jonathan Williams	RB	11	0	0	0	116	0	31	0	1	0	0	0	0	0	0
Marcus Johnson	WR	11	0	0	0	0	0	38	1	4	0	0	0	0	0	0
J.P. Holtz	TE	11	0	0	0	0	0	0	0	0	0	0	0	0	0	0
Tyler Boyd	WR	11	0	0	0	10	0	0	0	1	0	0	0	0	0	0
Jalen Richard	RB	11	0	0	0	0	0	7	0	1	0	0	0	0	0	0
Tyreek Hill	WR	11	0	0	0	0	0	0	0	0	0	0	0	0	0	0
Ezekiel Elliott	RB	11	0	0	0	45	1	28	1	2	0	1	0	0	0	0
Dak Prescott	QB	11	444	3	0	18	0	0	0	0	0	0	0	0	0	0
Hunter Henry	TE	11	0	0	0	0	0	69	0	6	0	0	0	0	0	1
Marvin Hall	WR	11	0	0	0	0	0	39	0	1	0	0	0	0	0	0
Jared Goff	QB	11	173	0	1	3	0	0	0	0	0	0	0	0	0	0
Pharoh Cooper	WR	11	0	0	0	0	0	35	1	3	0	0	0	0	0	0
Mike Thomas	WR	11	0	0	0	0	0	9	0	1	0	0	0	0	0	0
Kenyan Drake	RB	11	0	0	0	67	0	13	0	6	0	0	0	0	0	0
Jacoby Brissett	QB	11	148	1	1	12	1	0	0	0	0	0	0	0	0	0
Troymaine Pope	RB	11	0	0	0	0	0	0	0	0	0	0	0	0	0	0
Zach Pascal	WR	11	0	0	0	0	0	17	0	2	0	0	0	0	0	0
Darrell Daniels	TE	11	0	0	0	0	0	4	0	1	0	0	0	0	0	0
JoJo Natson	WR	11	0	0	0	0	0	0	0	0	0	0	0	0	0	0
Christian McCaffrey	RB	11	0	0	0	70	0	121	0	11	0	0	0	0	0	0
Curtis Samuel	WR	11	0	0	0	0	0	25	0	4	0	0	0	0	0	0
Alex Armah	RB	11	0	0	0	0	0	0	0	0	0	0	0	0	0	0
Kendrick Bourne	WR	11	0	0	0	0	0	31	1	4	0	0	0	0	0	0
Taysom Hill	TE	11	0	0	0	2	0	2	0	1	0	0	0	0	0	0
Tim Patrick	WR	11	0	0	0	0	0	77	0	4	0	0	0	0	0	0
Patrick Ricard	RB	11	0	0	0	0	0	27	0	3	0	0	0	0	0	0
Isaiah McKenzie	WR	11	0	0	0	10	0	21	0	3	0	0	0	0	0	0
Gehrig Dieter	WR	11	0	0	0	0	0	0	0	0	0	0	0	0	0	0
Jeremy Sprinkle	TE	11	0	0	0	0	0	16	1	2	0	0	0	0	0	0
Mike Williams	WR	11	0	0	0	0	0	76	0	2	0	0	0	0	0	0
Deshaun Watson	QB	11	169	0	1	12	0	0	0	0	1	0	0	0	0	0
James Conner	RB	11	0	0	0	10	0	6	0	1	0	0	0	0	0	0
Mack Hollins	WR	11	0	0	0	0	0	0	0	0	0	0	0	0	0	0
Tarik Cohen	RB	11	0	0	0	39	0	35	1	5	0	0	0	0	0	0
Brian Hill	RB	11	0	0	0	30	0	8	0	1	0	0	0	0	0	0
Jamal Agnew	WR	11	0	0	0	0	0	0	0	0	0	0	0	0	0	0
Blake Jarwin	TE	11	0	0	0	0	0	38	0	2	0	0	0	0	0	0
Keelan Cole	WR	11	0	0	0	0	0	41	0	4	0	0	0	0	0	0
Austin Ekeler	RB	11	0	0	0	24	0	108	0	8	0	0	0	0	0	0
Andre Patton	WR	11	0	0	0	0	0	0	0	0	0	0	0	0	0	0
T.J. Logan	RB	11	0	0	0	0	0	11	0	1	0	0	0	0	0	0
Trey Edmunds	RB	11	0	0	0	11	0	27	0	3	0	0	0	0	0	0
Dede Westbrook	WR	11	0	0	0	0	0	32	0	4	0	0	0	0	0	0
Dare Ogunbowale	RB	11	0	0	0	0	0	10	0	3	0	0	0	0	0	0
Leonard Fournette	RB	11	0	0	0	23	0	34	0	7	0	0	0	0	0	0
JuJu Smith-Schuster	WR	11	0	0	0	0	0	21	0	2	0	0	0	0	0	0
Mitchell Trubisky	QB	11	190	1	1	4	0	0	0	0	0	0	0	0	0	0
Patrick Mahomes	QB	11	182	1	1	59	0	0	0	0	0	0	0	0	0	0
O.J. Howard	TE	11	0	0	0	0	0	0	0	0	0	0	0	0	0	0
Zay Jones	WR	11	0	0	0	0	0	25	0	3	0	0	0	0	0	0
Dalvin Cook	RB	11	0	0	0	26	1	31	0	5	0	0	0	0	0	0
Gerald Everett	TE	11	0	0	0	0	0	20	0	1	0	0	0	0	0	0
Joe Mixon	RB	11	0	0	0	86	1	17	0	1	0	0	0	0	0	0
Alvin Kamara	RB	11	0	0	0	75	0	47	0	10	0	0	0	0	0	0
Cooper Kupp	WR	11	0	0	0	0	0	53	0	3	0	0	0	0	0	0
Chris Godwin Jr.	WR	11	0	0	0	0	0	47	1	3	0	0	0	0	0	0
Kareem Hunt	RB	11	0	0	0	12	0	46	0	6	0	0	0	0	0	0
Kenny Golladay	WR	11	0	0	0	0	0	34	0	1	0	0	0	0	0	0
Josh Reynolds	WR	11	0	0	0	-5	0	55	0	3	0	0	0	0	0	0
Marlon Mack	RB	11	0	0	0	109	1	0	0	0	0	0	0	0	0	0
Ross Dwelley	TE	11	0	0	0	0	0	14	2	4	0	0	0	0	0	0
Cam Sims	WR	11	0	0	0	0	0	0	0	0	0	0	0	0	0	0
Phillip Lindsay	RB	11	0	0	0	67	0	8	0	2	0	0	0	0	0	0
Jeff Wilson	RB	11	0	0	0	0	0	25	1	1	0	0	0	0	0	0
Christian Blake	WR	11	0	0	0	0	0	3	0	1	0	0	0	0	0	0
Gus Edwards	RB	11	0	0	0	112	1	0	0	0	0	0	0	0	0	0
Dontrell Hilliard	RB	11	0	0	0	0	0	0	0	0	0	0	0	0	0	0
Tyler Conklin	TE	11	0	0	0	0	0	28	0	2	0	0	0	0	0	0
Richie James	WR	11	0	0	0	0	0	57	0	1	0	0	0	0	0	0
Byron Pringle	WR	11	0	0	0	0	0	9	0	1	0	0	0	0	0	0
Darrel Williams	RB	11	0	0	0	35	1	8	0	2	0	0	0	0	0	0
Deon Yelder	TE	11	0	0	0	0	0	0	0	0	0	0	0	0	0	0
Jaylen Samuels	RB	11	0	0	0	26	0	19	1	5	0	0	0	0	0	0
Trey Quinn	WR	11	0	0	0	0	0	9	0	2	0	0	0	0	0	1
Courtland Sutton	WR	11	38	0	0	10	0	113	0	5	0	0	0	0	0	0
Dallas Goedert	TE	11	0	0	0	0	0	36	1	3	0	0	0	0	0	0
Anthony Miller	WR	11	0	0	0	0	0	54	0	6	0	0	0	0	0	0
Derrius Guice	RB	11	0	0	0	24	0	45	1	1	0	0	0	0	0	0
Jordan Akins	TE	11	0	0	0	0	0	15	0	1	0	0	0	0	0	0
Ian Thomas	TE	11	0	0	0	0	0	0	0	0	0	0	0	0	0	0
Keke Coutee	WR	11	0	0	0	0	0	25	0	3	0	0	0	0	0	0
Nyheim Hines	RB	11	0	0	0	11	1	24	0	3	0	0	0	0	0	0
DaeSean Hamilton	WR	11	0	0	0	0	0	0	0	0	0	0	0	0	0	0
Justin Watson	WR	11	0	0	0	0	0	0	0	0	0	0	0	0	0	0
Troy Fumagalli	TE	11	0	0	0	0	0	3	1	1	0	0	0	0	0	0
Russell Gage	WR	11	0	0	0	0	0	32	0	2	0	0	0	0	0	0
Boston Scott	RB	11	0	0	0	26	0	0	0	0	0	0	0	0	0	0
Braxton Berrios	WR	11	0	0	0	0	0	0	0	0	0	0	0	0	0	0
Javon Wims	WR	11	0	0	0	0	0	11	0	1	0	0	0	0	0	0
Bo Scarbrough	RB	11	0	0	0	55	1	0	0	0	0	0	0	0	0	0
Buddy Howell	RB	11	0	0	0	5	0	0	0	0	0	0	0	0	0	0
Josh Adams	RB	11	0	0	0	6	0	0	0	0	0	0	0	0	0	0
Kyle Allen	QB	11	325	0	4	7	0	0	0	0	0	0	0	0	0	0
Reggie Bonnafon	RB	11	0	0	0	0	0	8	0	2	0	0	0	0	0	0
Vyncint Smith	WR	11	0	0	0	0	0	0	0	0	0	0	0	0	0	0
James Washington	WR	11	0	0	0	0	0	49	0	3	0	0	0	0	0	0
Auden Tate	WR	11	0	0	0	0	0	56	0	4	0	0	0	0	0	0
Mark Andrews	TE	11	0	0	0	0	0	75	1	4	0	0	0	0	0	0
Michael Gallup	WR	11	0	0	0	0	0	148	0	9	0	0	0	0	0	0
Tre'Quan Smith	WR	11	0	0	0	0	0	0	0	0	0	0	0	0	0	0
Mason Rudolph	QB	11	221	1	4	15	0	0	0	0	0	0	0	0	0	0
Christian Kirk	WR	11	0	0	0	1	0	41	0	6	0	0	0	0	0	0
DJ Chark	WR	11	0	0	0	0	0	104	2	8	0	0	0	0	0	0
Jaeden Graham	TE	11	0	0	0	0	0	23	0	2	0	0	0	0	0	0
Nick Chubb	RB	11	0	0	0	92	0	0	0	0	0	0	0	0	0	0
Lamar Jackson	QB	11	222	4	0	79	0	0	0	0	0	0	0	0	0	0
Durham Smythe	TE	11	0	0	0	0	0	0	0	0	0	0	0	0	0	0
Kalen Ballage	RB	11	0	0	0	9	1	8	0	5	0	0	0	0	0	0
Ronald Jones	RB	11	0	0	0	13	0	1	0	2	0	0	0	0	0	0
DJ Moore	WR	11	0	0	0	0	0	95	0	8	0	0	0	0	0	0
Mike Gesicki	TE	11	0	0	0	0	0	18	0	4	0	0	0	0	0	0
Hayden Hurst	TE	11	0	0	0	0	0	16	0	2	0	0	0	0	0	0
Calvin Ridley	WR	11	0	0	0	0	0	143	1	8	0	0	0	0	0	0
Royce Freeman	RB	11	0	0	0	31	0	14	0	1	0	0	0	0	0	0
Sony Michel	RB	11	0	0	0	33	0	11	0	2	0	0	0	0	0	0
KhaDarel Hodge	WR	11	0	0	0	0	0	41	0	1	0	0	0	0	0	0
Baker Mayfield	QB	11	193	2	0	1	1	0	0	0	0	0	0	0	0	0
Josh Allen	QB	11	256	3	0	56	1	0	0	0	0	0	0	0	0	0
Sam Darnold	QB	11	293	4	1	-3	0	0	0	0	0	0	0	0	0	0
Steven Sims	WR	11	0	0	0	0	0	6	0	2	0	0	0	0	0	0
Jakobi Meyers	WR	11	0	0	0	0	0	7	0	1	0	0	0	0	0	0
Irv Smith	TE	11	0	0	0	0	0	20	1	3	0	0	0	0	0	0
Alexander Mattison	RB	11	0	0	0	5	0	0	0	0	0	0	0	0	0	0
Justice Hill	RB	11	0	0	0	18	0	9	0	1	0	0	0	0	0	0
Foster Moreau	TE	11	0	0	0	0	0	8	1	2	0	0	0	0	0	0
Hunter Renfrow	WR	11	0	0	0	0	0	66	0	5	0	0	0	0	0	0
Bisi Johnson	WR	11	0	0	0	0	0	35	0	6	0	0	0	0	0	0
Hale Hentges	TE	11	0	0	0	0	0	0	0	1	0	0	0	0	0	0
Stephen Carlson	TE	11	0	0	0	0	0	8	1	1	0	0	0	0	0	0
Mecole Hardman	WR	11	0	0	0	0	0	13	0	2	0	0	0	0	0	0
Diontae Johnson	WR	11	0	0	0	0	0	17	0	2	0	0	0	0	0	0
Kyler Murray	QB	11	150	2	0	67	1	0	0	0	0	0	0	0	0	0
T.J. Hockenson	TE	11	0	0	0	0	0	6	0	1	0	0	0	0	0	0
Dwayne Haskins	QB	11	214	2	1	5	0	0	0	0	0	0	0	1	0	0
Miles Sanders	RB	11	0	0	0	38	0	9	0	2	0	0	0	0	0	0
J.J. Arcega-Whiteside	WR	11	0	0	0	0	0	29	0	1	0	0	0	0	0	0
Josh Oliver	TE	11	0	0	0	0	0	5	0	1	0	0	0	0	0	0
Devin Singletary	RB	11	0	0	0	75	0	4	0	1	0	0	0	0	0	0
Trevon Wesco	TE	11	0	0	0	0	0	0	0	0	0	0	0	0	0	0
Tony Pollard	RB	11	0	0	0	12	0	44	1	4	0	0	0	0	1	0
Ryquell Armstead	RB	11	0	0	0	6	0	13	0	2	0	0	0	0	0	0
Qadree Ollison	RB	11	0	0	0	11	1	0	0	0	0	0	0	0	0	0
KeeSean Johnson	WR	11	0	0	0	0	0	14	0	2	0	0	1	0	0	0
Kelvin Harmon	WR	11	0	0	0	0	0	53	0	5	0	0	0	0	0	0
Scott Miller	WR	11	0	0	0	0	0	71	0	4	0	0	0	0	0	0
Myles Gaskin	RB	11	0	0	0	0	0	0	0	0	0	0	0	0	0	0
Patrick Laird	RB	11	0	0	0	7	0	51	0	6	0	0	0	0	0	0
Michael Walker	WR	11	0	0	0	0	0	0	0	0	0	0	0	0	0	0
Damion Willis	WR	11	0	0	0	0	0	0	0	0	0	0	0	0	0	0
Jason Moore	WR	11	0	0	0	0	0	0	0	0	0	0	0	0	0	0
Andy Isabella	WR	11	0	0	0	0	0	6	0	1	0	0	0	0	0	0
Ty Johnson	RB	11	0	0	0	6	0	0	0	1	0	0	0	0	0	0
Tony Brooks-James	RB	11	0	0	0	-4	0	0	0	0	0	0	0	0	0	0
N'Keal Harry	TE	11	0	0	0	0	0	18	0	3	0	0	0	0	0	0
D'Ernest Johnson	RB	11	0	0	0	0	0	0	0	0	0	0	0	0	0	0
Noah Fant	TE	11	0	0	0	-7	0	60	0	4	0	0	0	0	0	0
Ryan Finley	QB	11	115	0	1	47	0	0	0	0	1	0	0	0	0	0
Terry McLaurin	WR	11	0	0	0	0	0	69	0	3	0	0	0	0	0	0
Marquise Brown	WR	11	0	0	0	0	0	23	0	2	0	0	0	0	0	0
David Montgomery	RB	11	0	0	0	31	0	19	0	1	0	0	0	0	0	0
Dawson Knox	TE	11	0	0	0	0	0	32	1	2	0	0	0	0	0	0
Josh Jacobs	RB	11	0	0	0	112	0	12	0	3	0	1	0	0	0	0
Miles Boykin	WR	11	0	0	0	0	0	0	0	0	0	0	0	0	0	0
Deebo Samuel Sr.	WR	11	0	0	0	0	0	134	0	8	0	0	0	0	0	0
Tom Brady	QB	12	190	1	0	-3	0	0	0	0	0	0	0	0	0	0
Drew Brees	QB	12	311	3	1	0	0	0	0	0	0	0	0	0	0	0
Jason Witten	TE	12	0	0	0	0	0	5	0	1	0	0	0	0	0	0
Matt Schaub	QB	12	55	1	0	0	0	0	0	0	0	0	0	0	0	0
Benjamin Watson	TE	12	0	0	0	0	0	0	0	0	0	0	0	0	0	0
Aaron Rodgers	QB	12	104	1	0	13	0	0	0	0	1	0	0	1	0	0
Frank Gore	RB	12	0	0	0	65	0	0	0	0	0	0	0	0	0	0
Ryan Fitzpatrick	QB	12	214	2	2	45	1	0	0	0	0	0	0	0	0	0
Adrian Peterson	RB	12	0	0	0	27	0	22	0	1	0	0	0	0	0	0
Ted Ginn	WR	12	0	0	0	0	0	38	0	2	0	0	0	0	0	0
Greg Olsen	TE	12	0	0	0	0	0	44	0	5	0	0	0	0	0	0
Danny Amendola	WR	12	0	0	0	0	0	21	0	3	0	0	0	0	0	0
Matt Ryan	QB	12	271	0	1	8	0	0	0	0	1	0	0	0	0	0
Matthew Slater	WR	12	0	0	0	0	0	0	0	0	0	0	0	0	0	0
Jared Cook	TE	12	0	0	0	0	0	99	1	6	0	0	0	0	0	0
Julian Edelman	WR	12	0	0	0	0	0	93	0	8	0	0	0	0	0	0
Emmanuel Sanders	WR	12	0	0	0	0	0	15	0	1	0	0	0	0	0	0
Andre Roberts	WR	12	0	0	0	0	0	0	0	0	0	0	0	0	0	0
Jimmy Graham	TE	12	0	0	0	0	0	7	0	1	0	0	0	0	0	0
Demaryius Thomas	WR	12	0	0	0	0	0	22	0	2	0	0	0	0	0	0
Golden Tate	WR	12	0	0	0	0	0	33	1	3	0	0	0	0	0	0
Julio Jones	WR	12	0	0	0	0	0	68	0	5	0	0	0	0	0	0
Mark Ingram	RB	12	0	0	0	111	1	7	1	1	0	0	0	0	0	0
Randall Cobb	WR	12	0	0	0	0	0	86	0	4	0	0	0	0	0	0
Luke Stocker	TE	12	0	0	0	0	0	0	0	0	0	0	0	0	0	0
Taiwan Jones	RB	12	0	0	0	0	0	0	0	0	0	0	0	0	0	0
Bilal Powell	RB	12	0	0	0	15	0	5	0	1	0	0	0	0	0	0
Dion Lewis	RB	12	0	0	0	21	0	24	0	1	0	0	0	0	0	0
Case Keenum	QB	12	0	0	0	-1	0	0	0	0	0	0	0	0	0	0
Cole Beasley	WR	12	0	0	0	0	0	76	1	6	0	0	0	0	0	0
Derek Carrier	TE	12	0	0	0	0	0	0	0	0	0	0	0	0	0	0
Brandon Bolden	RB	12	0	0	0	11	0	0	0	0	0	0	0	0	0	0
Russell Wilson	QB	12	200	1	1	15	0	0	0	0	0	1	0	0	0	0
Marvin Jones	WR	12	0	0	0	0	0	46	0	5	0	0	0	0	0	0
Nick Foles	QB	12	272	0	0	20	0	0	0	0	0	0	0	1	0	0
Jarius Wright	WR	12	0	0	0	0	0	4	0	1	0	0	0	0	0	0
T.Y. Hilton	WR	12	0	0	0	0	0	18	0	3	0	0	0	0	0	0
Josh Gordon	WR	12	0	0	0	0	0	10	0	1	0	0	0	0	0	0
Robert Griffin III	QB	12	39	0	0	-3	0	0	0	0	0	0	0	0	0	0
Ryan Tannehill	QB	12	259	2	0	40	2	0	0	0	1	0	0	0	0	0
Darren Fells	TE	12	0	0	0	0	0	24	0	1	0	0	0	0	0	0
Zach Ertz	TE	12	0	0	0	0	0	91	1	12	0	0	0	0	0	0
Kenny Stills	WR	12	0	0	0	0	0	6	0	1	0	0	0	0	0	0
Ryan Griffin	TE	12	0	0	0	0	0	13	1	3	0	0	0	0	0	0
Demetrius Harris	TE	12	0	0	0	0	0	20	0	2	0	0	0	0	0	0
Jack Doyle	TE	12	0	0	0	0	0	28	0	3	0	0	0	0	0	0
Josh Hill	TE	12	0	0	0	0	0	12	0	1	0	0	0	0	0	0
Rex Burkhead	RB	12	0	0	0	3	0	14	0	2	0	0	0	0	0	0
Robert Woods	WR	12	0	0	0	0	0	97	0	6	0	0	0	0	0	0
Giovani Bernard	RB	12	0	0	0	-1	0	31	0	3	0	0	0	0	0	0
Kenjon Barner	RB	12	0	0	0	0	0	8	0	2	0	0	0	0	0	0
Vance McDonald	TE	12	0	0	0	0	0	1	0	1	0	0	0	0	0	0
Le'Veon Bell	RB	12	0	0	0	49	0	59	0	5	0	0	0	0	0	0
Latavius Murray	RB	12	0	0	0	64	1	0	0	0	0	0	0	0	0	0
Mike Glennon	QB	12	20	0	0	0	0	0	0	0	0	1	0	0	0	0
Tavon Austin	WR	12	0	0	0	0	0	0	0	0	0	0	0	0	0	0
Tyler Eifert	TE	12	0	0	0	0	0	7	0	1	0	0	0	0	0	0
DeAndre Hopkins	WR	12	0	0	0	0	0	94	2	6	0	0	0	0	0	0
Cordarrelle Patterson	RB	12	0	0	0	0	0	0	0	0	0	0	0	0	0	0
Willie Snead	WR	12	0	0	0	0	0	14	2	2	0	0	0	0	0	0
Albert Wilson	WR	12	0	0	0	4	0	33	0	6	0	0	0	0	0	0
Allen Hurns	WR	12	0	0	0	0	0	42	1	4	0	0	0	0	0	0
Carlos Hyde	RB	12	0	0	0	67	0	0	0	0	0	0	0	0	0	0
John Brown	WR	12	0	0	0	0	0	39	1	2	0	0	0	0	0	0
De'Anthony Thomas	WR	12	0	0	0	0	0	0	0	0	0	0	0	0	0	0
James White	RB	12	0	0	0	5	0	-6	0	1	0	0	0	0	0	0
Seth Roberts	WR	12	0	0	0	0	0	39	0	3	0	0	0	0	0	0
Scott Simonson	TE	12	0	0	0	0	0	10	0	1	0	0	0	0	0	0
Senorise Perry	RB	12	0	0	0	0	0	0	0	0	0	0	0	0	0	0
Taylor Gabriel	WR	12	0	0	0	0	0	19	0	1	0	0	0	0	0	0
Odell Beckham Jr.	WR	12	0	0	0	0	0	84	1	6	0	0	0	0	0	0
Brandin Cooks	WR	12	0	0	0	1	0	32	0	2	0	0	0	0	0	0
Paul Richardson	WR	12	0	0	0	0	0	6	0	1	0	0	0	0	0	0
Logan Thomas	TE	12	0	0	0	0	0	24	1	2	0	0	0	0	0	0
Cameron Brate	TE	12	0	0	0	0	0	0	0	0	0	0	0	0	0	0
Derek Carr	QB	12	127	0	1	11	0	0	0	0	0	0	0	0	0	0
Jordan Matthews	TE	12	0	0	0	0	0	27	0	3	0	0	0	0	0	0
Diontae Spencer	WR	12	0	0	0	0	0	0	0	1	0	0	0	0	0	0
Cody Latimer	WR	12	0	0	0	0	0	7	0	1	0	0	0	0	0	0
Jimmy Garoppolo	QB	12	253	2	0	1	0	0	0	0	0	0	0	0	0	0
Davante Adams	WR	12	0	0	0	0	0	43	1	7	0	0	0	0	0	1
Jarvis Landry	WR	12	0	0	0	0	0	148	2	10	0	0	0	0	0	0
Eric Ebron	TE	12	0	0	0	0	0	44	0	4	0	0	0	0	0	0
Garrett Gilbert	QB	12	0	0	0	-1	0	0	0	0	0	0	0	0	0	0
Mike Evans	WR	12	0	0	0	0	0	50	0	4	0	0	0	0	0	0
Allen Robinson	WR	12	0	0	0	0	0	131	1	6	0	0	0	0	0	0
Jameis Winston	QB	12	313	3	2	38	0	0	0	0	0	0	0	0	0	0
DeAndrew White	WR	12	0	0	0	0	0	0	0	0	0	0	0	0	0	0
Amari Cooper	WR	12	0	0	0	0	0	0	0	0	0	0	0	0	0	0
DeVante Parker	WR	12	0	0	0	0	0	91	0	6	0	0	0	0	0	0
MyCole Pruitt	TE	12	0	0	0	0	0	20	0	1	0	0	0	0	0	0
Jay Ajayi	RB	12	0	0	0	16	0	0	0	0	0	0	0	0	0	0
Nick Boyle	TE	12	0	0	0	0	0	7	0	1	0	0	0	0	0	0
Darren Waller	TE	12	0	0	0	0	0	41	0	3	0	0	0	0	0	0
Raheem Mostert	RB	12	0	0	0	45	1	22	0	1	0	0	0	0	0	0
Matt LaCosse	TE	12	0	0	0	0	0	5	0	1	0	0	0	0	0	0
DeAndre Carter	WR	12	0	0	0	0	0	0	0	0	0	0	0	0	0	0
Jake Kumerow	WR	12	0	0	0	0	0	0	0	0	0	0	0	0	0	0
Malcolm Brown	RB	12	0	0	0	0	0	0	0	0	0	0	0	0	0	0
Jamison Crowder	WR	12	0	0	0	0	0	18	0	2	0	0	0	0	0	0
Adam Humphries	WR	12	0	0	0	0	0	20	0	3	0	0	0	0	0	0
Breshad Perriman	WR	12	0	0	0	0	0	44	0	1	0	0	0	0	0	0
Tevin Coleman	RB	12	0	0	0	39	1	10	0	2	0	0	0	0	0	0
Daniel Brown	TE	12	0	0	0	0	0	0	0	0	0	0	0	0	0	0
Nick O'Leary	TE	12	0	0	0	0	0	36	0	4	0	0	0	0	0	0
Chris Conley	WR	12	0	0	0	0	0	49	0	4	0	0	0	0	0	0
C.J. Uzomah	TE	12	0	0	0	0	0	0	0	0	0	0	0	0	0	0
Jesse James	TE	12	0	0	0	0	0	7	0	1	0	0	0	0	0	0
Ben Koyack	TE	12	0	0	0	0	0	0	0	0	0	0	0	0	0	0
Tyrell Williams	WR	12	0	0	0	0	0	18	0	2	0	0	0	0	0	0
Ty Montgomery	WR	12	0	0	0	2	0	21	0	1	0	0	0	0	0	0
Tyler Lockett	WR	12	0	0	0	0	0	38	0	1	0	0	0	0	0	0
Tyler Kroft	TE	12	0	0	0	0	0	14	0	1	0	0	0	0	0	0
Todd Gurley	RB	12	0	0	0	22	0	-3	0	3	0	0	0	0	0	0
Duke Johnson	RB	12	0	0	0	22	0	8	0	1	0	0	0	0	0	0
Chester Rogers	WR	12	0	0	0	0	0	12	0	1	0	0	0	0	0	0
Sterling Shepard	WR	12	0	0	0	22	0	15	0	5	0	0	0	0	0	0
Nick Vannett	TE	12	0	0	0	0	0	0	0	0	0	0	0	0	0	0
Trevor Davis	WR	12	0	0	0	0	0	0	0	0	0	0	0	0	0	0
Brandon Allen	QB	12	82	0	1	8	0	0	0	0	0	0	0	0	0	0
Jeff Driskel	QB	12	207	1	3	63	0	0	0	0	0	0	0	0	0	0
Kalif Raymond	WR	12	0	0	0	-5	0	14	0	1	0	0	0	0	0	0
Alex Erickson	WR	12	0	0	0	0	0	43	0	2	0	0	0	0	0	0
J.D. McKissic	RB	12	0	0	0	3	0	17	0	2	0	0	0	0	0	0
Geronimo Allison	WR	12	0	0	0	0	0	9	0	3	0	0	0	0	0	0
Ben Braunecker	TE	12	0	0	0	0	0	9	0	2	0	0	0	0	0	0
Robbie Chosen	WR	12	0	0	0	0	0	86	1	4	0	0	0	0	0	0
Tevin Jones	WR	12	0	0	0	0	0	9	0	1	0	0	0	0	0	0
Peyton Barber	RB	12	0	0	0	32	0	0	0	0	0	0	0	0	0	0
Derrick Henry	RB	12	0	0	0	159	2	16	0	1	0	1	0	0	0	0
Michael Thomas	WR	12	0	0	0	0	0	101	1	10	0	0	0	0	0	0
Wendell Smallwood	RB	12	0	0	0	0	0	3	0	1	0	0	0	0	0	0
Jakeem Grant	WR	12	0	0	0	0	0	0	0	0	0	0	0	0	0	0
Danny Vitale	RB	12	0	0	0	0	0	3	0	1	0	0	0	0	0	0
Cody Core	WR	12	0	0	0	0	0	0	0	0	0	0	0	0	0	0
Johnny Holton	WR	12	0	0	0	0	0	0	0	0	0	0	0	0	0	0
DeAndre Washington	RB	12	0	0	0	19	0	0	0	1	0	0	0	0	0	0
Carson Wentz	QB	12	256	1	2	27	0	0	0	0	1	1	0	0	0	0
Devontae Booker	RB	12	0	0	0	0	0	0	0	0	0	0	0	0	0	0
Jonathan Williams	RB	12	0	0	0	104	1	17	0	3	0	0	0	0	0	0
Rashard Higgins	WR	12	0	0	0	0	0	0	0	0	0	0	0	0	0	0
Marcus Johnson	WR	12	0	0	0	0	0	0	0	0	0	0	0	0	0	0
Tyler Boyd	WR	12	0	0	0	0	0	101	1	5	0	0	1	0	0	0
Jalen Richard	RB	12	0	0	0	4	0	47	0	6	0	0	0	0	0	0
Ezekiel Elliott	RB	12	0	0	0	86	0	40	0	4	0	0	0	0	0	0
Dak Prescott	QB	12	212	0	1	4	0	0	0	0	0	0	0	0	0	0
Marvin Hall	WR	12	0	0	0	0	0	21	0	1	0	0	0	0	0	0
Jared Goff	QB	12	212	0	2	-1	0	0	0	0	0	0	0	0	0	0
Tyler Higbee	TE	12	0	0	0	0	0	20	0	5	0	0	0	0	0	0
Jacoby Brissett	QB	12	129	0	0	20	1	0	0	0	0	0	0	0	0	0
Will Fuller	WR	12	0	0	0	0	0	140	0	7	0	0	0	0	0	0
Zach Pascal	WR	12	0	0	0	0	0	0	0	0	0	0	0	0	0	0
JoJo Natson	WR	12	0	0	0	0	0	0	0	0	0	0	0	0	0	0
Christian McCaffrey	RB	12	0	0	0	64	1	69	1	9	0	0	0	0	0	0
Curtis Samuel	WR	12	0	0	0	40	0	9	0	1	0	0	0	0	0	0
George Kittle	TE	12	0	0	0	0	0	129	1	6	0	0	0	0	0	0
Aaron Jones	RB	12	0	0	0	38	0	0	0	0	0	0	0	0	0	0
Alex Armah	RB	12	0	0	0	0	0	0	0	0	0	0	0	0	0	0
Kendrick Bourne	WR	12	0	0	0	0	0	27	0	2	0	0	0	0	0	0
Taysom Hill	TE	12	0	0	0	0	0	0	0	1	0	0	0	0	0	0
Tim Patrick	WR	12	0	0	0	0	0	3	0	1	0	0	0	0	0	0
Jacob Hollister	TE	12	0	0	0	0	0	22	0	2	0	0	0	0	0	0
Isaiah McKenzie	WR	12	0	0	0	-5	0	13	0	2	0	0	0	0	0	0
Jeremy Sprinkle	TE	12	0	0	0	0	0	4	0	1	0	0	0	0	0	0
Deshaun Watson	QB	12	298	2	1	10	0	0	0	0	0	0	0	0	0	0
Tarik Cohen	RB	12	0	0	0	25	0	29	0	7	0	0	0	0	0	0
Brian Hill	RB	12	0	0	0	14	0	13	0	3	0	0	0	0	0	0
David Moore	WR	12	0	0	0	4	0	31	0	1	0	0	0	0	0	0
Chris Carson	RB	12	0	0	0	26	0	31	0	4	0	0	0	0	0	0
Ricky Seals-Jones	TE	12	0	0	0	0	0	0	0	0	0	0	0	0	0	0
Blake Jarwin	TE	12	0	0	0	0	0	17	0	3	0	0	0	0	0	0
Keelan Cole	WR	12	0	0	0	0	0	18	0	2	0	0	0	0	0	0
Greg Ward	WR	12	0	0	0	0	0	40	0	6	0	0	0	0	0	0
Robert Tonyan	TE	12	0	0	0	0	0	8	0	2	0	0	0	0	0	0
T.J. Logan	RB	12	0	0	0	2	0	0	0	0	0	0	0	0	0	0
Trey Edmunds	RB	12	0	0	0	7	0	0	0	0	0	0	0	0	0	0
Dede Westbrook	WR	12	0	0	0	0	0	69	0	8	0	0	0	0	0	0
Dare Ogunbowale	RB	12	0	0	0	12	0	0	0	0	0	0	0	0	0	0
Leonard Fournette	RB	12	0	0	0	97	2	62	0	9	0	0	0	0	0	0
Jonnu Smith	TE	12	0	0	0	4	0	0	0	0	0	0	0	0	0	0
Mitchell Trubisky	QB	12	278	1	2	18	1	0	0	0	0	0	0	0	0	0
Corey Davis	WR	12	0	0	0	0	0	29	0	2	0	0	0	0	0	0
O.J. Howard	TE	12	0	0	0	0	0	10	0	1	0	0	0	0	0	0
Zay Jones	WR	12	0	0	0	0	0	5	0	2	0	0	0	0	0	0
Gerald Everett	TE	12	0	0	0	0	0	23	0	2	0	0	0	0	0	0
Joe Mixon	RB	12	0	0	0	79	0	0	0	0	0	0	0	0	0	0
Alvin Kamara	RB	12	0	0	0	54	0	48	0	9	0	0	0	0	0	0
Cooper Kupp	WR	12	0	0	0	0	0	35	0	6	0	0	0	0	0	0
Chris Godwin Jr.	WR	12	0	0	0	0	0	184	2	7	0	0	0	0	0	0
Kareem Hunt	RB	12	0	0	0	37	1	9	0	2	0	0	0	0	0	0
Kenny Golladay	WR	12	0	0	0	0	0	61	0	4	0	0	0	0	0	0
Josh Reynolds	WR	12	0	0	0	0	0	8	0	2	0	0	0	0	0	0
Jamaal Williams	RB	12	0	0	0	45	0	35	0	7	0	0	0	0	0	0
Wayne Gallman	RB	12	0	0	0	1	0	0	0	0	0	0	0	0	0	0
Fred Brown	WR	12	0	0	0	0	0	0	0	0	0	0	0	0	0	0
Phillip Lindsay	RB	12	0	0	0	57	0	11	0	1	0	0	0	0	0	0
Jeff Wilson	RB	12	0	0	0	27	0	0	0	0	0	0	0	0	0	0
Christian Blake	WR	12	0	0	0	0	0	16	0	2	0	0	0	0	0	0
Tim Boyle	QB	12	15	0	0	0	0	0	0	0	0	0	0	0	0	0
Gus Edwards	RB	12	0	0	0	55	0	0	0	0	0	0	0	0	0	0
Dontrell Hilliard	RB	12	0	0	0	0	0	0	0	0	0	0	0	0	0	0
Marquez Valdes-Scantling	WR	12	0	0	0	0	0	7	0	1	0	0	0	0	0	0
Richie James	WR	12	0	0	0	0	0	0	0	0	0	0	0	0	0	0
Jaylen Samuels	RB	12	0	0	0	6	0	26	0	3	0	0	0	0	0	0
Trey Quinn	WR	12	0	0	0	0	0	0	0	0	0	0	0	0	0	0
Courtland Sutton	WR	12	0	0	0	0	0	27	0	1	0	0	0	0	0	0
Dallas Goedert	TE	12	0	0	0	0	0	32	0	7	0	0	1	0	0	0
Anthony Miller	WR	12	0	0	0	0	0	77	0	6	0	0	0	0	0	0
Derrius Guice	RB	12	0	0	0	32	0	6	0	1	0	0	0	0	0	0
Jordan Akins	TE	12	0	0	0	0	0	26	0	3	0	0	0	0	0	0
Ian Thomas	TE	12	0	0	0	0	0	4	0	1	0	0	0	0	0	0
Nyheim Hines	RB	12	0	0	0	51	0	10	0	2	0	0	0	0	0	0
DaeSean Hamilton	WR	12	0	0	0	0	0	0	0	0	0	0	0	0	0	0
Dalton Schultz	TE	12	0	0	0	0	0	0	0	0	0	0	0	0	0	0
Jordan Wilkins	RB	12	0	0	0	0	0	0	0	0	0	0	0	0	0	0
Deon Cain	WR	12	0	0	0	0	0	35	0	1	0	0	0	0	0	0
Russell Gage	WR	12	0	0	0	0	0	76	0	8	0	0	0	0	0	0
Boston Scott	RB	12	0	0	0	0	0	0	0	0	0	0	0	0	0	0
Braxton Berrios	WR	12	0	0	0	0	0	69	0	1	0	0	0	0	0	0
Javon Wims	WR	12	0	0	0	0	0	0	0	0	0	0	0	0	0	0
Bo Scarbrough	RB	12	0	0	0	98	0	0	0	0	0	1	0	0	0	0
Josh Adams	RB	12	0	0	0	6	0	0	0	0	0	0	0	0	0	0
Robert Foster	WR	12	0	0	0	22	0	24	0	1	0	0	0	0	0	0
Allen Lazard	WR	12	0	0	0	21	0	7	0	1	0	0	0	0	0	0
Kyle Allen	QB	12	256	3	0	9	0	0	0	0	0	0	0	0	0	0
Vyncint Smith	WR	12	0	0	0	0	0	22	0	1	0	0	0	0	0	0
James Washington	WR	12	0	0	0	0	0	98	1	3	0	0	0	0	0	0
Auden Tate	WR	12	0	0	0	0	0	10	0	1	0	0	0	0	0	0
Marcell Ateman	WR	12	0	0	0	0	0	0	0	0	0	0	0	0	0	0
Rashaad Penny	RB	12	0	0	0	129	1	0	0	0	0	0	0	0	0	0
Mark Andrews	TE	12	0	0	0	0	0	45	0	2	0	0	0	0	0	0
Michael Gallup	WR	12	0	0	0	0	0	55	0	4	0	0	0	0	0	0
Tre'Quan Smith	WR	12	0	0	0	0	0	13	1	1	0	0	0	0	0	0
Mason Rudolph	QB	12	85	0	1	4	0	0	0	0	0	0	0	0	0	0
DJ Chark	WR	12	0	0	0	0	0	38	0	5	0	0	0	0	0	1
Jaeden Graham	TE	12	0	0	0	0	0	53	0	1	0	0	0	0	0	0
Nick Chubb	RB	12	0	0	0	106	1	58	0	3	0	0	0	0	0	0
Lamar Jackson	QB	12	169	5	0	95	0	0	0	0	0	0	0	0	0	0
Durham Smythe	TE	12	0	0	0	0	0	0	0	0	0	0	0	0	0	0
Kalen Ballage	RB	12	0	0	0	13	0	13	0	1	0	0	0	0	0	0
Ronald Jones	RB	12	0	0	0	51	1	16	0	3	0	0	0	0	0	0
DJ Moore	WR	12	0	0	0	8	0	126	2	6	0	0	0	0	0	0
Mike Gesicki	TE	12	0	0	0	0	0	28	1	3	0	0	0	0	0	0
Hayden Hurst	TE	12	0	0	0	0	0	0	0	0	0	0	0	0	0	0
Calvin Ridley	WR	12	0	0	0	15	0	85	1	6	0	0	0	0	0	0
Royce Freeman	RB	12	0	0	0	20	0	9	0	2	0	0	0	0	0	0
Saquon Barkley	RB	12	0	0	0	59	0	1	0	2	0	0	0	0	0	0
Sony Michel	RB	12	0	0	0	85	0	0	0	0	0	0	0	0	0	0
KhaDarel Hodge	WR	12	0	0	0	0	0	0	0	0	0	0	0	0	0	0
Baker Mayfield	QB	12	327	3	1	5	0	0	0	0	0	0	0	0	0	0
Josh Allen	QB	12	185	2	1	56	0	0	0	0	0	0	0	0	0	0
Malik Turner	WR	12	0	0	0	0	0	33	1	1	0	0	0	0	0	0
Sam Darnold	QB	12	315	2	0	16	1	0	0	0	0	0	0	0	0	0
Steven Sims	WR	12	0	0	0	0	0	0	0	0	0	0	0	0	0	0
Jakobi Meyers	WR	12	0	0	0	0	0	74	0	4	0	0	0	0	0	0
Justice Hill	RB	12	0	0	0	27	0	0	0	0	0	0	0	0	0	0
Foster Moreau	TE	12	0	0	0	0	0	3	0	1	0	0	0	0	0	0
Hunter Renfrow	WR	12	0	0	0	0	0	31	0	3	0	0	0	0	0	0
Kaden Smith	TE	12	0	0	0	0	0	17	1	5	0	0	0	0	0	0
Stephen Carlson	TE	12	0	0	0	0	0	8	0	1	0	0	0	0	0	0
Devine Ozigbo	RB	12	0	0	0	0	0	0	0	0	0	0	0	0	0	0
Diontae Johnson	WR	12	0	0	0	0	0	29	0	3	0	0	0	0	0	0
Benny Snell	RB	12	0	0	0	98	0	5	0	1	0	0	0	0	0	0
T.J. Hockenson	TE	12	0	0	0	0	0	0	0	0	0	0	0	0	0	0
Dwayne Haskins	QB	12	156	0	1	28	0	0	0	0	1	0	0	0	0	0
Miles Sanders	RB	12	0	0	0	63	0	23	0	3	0	0	0	0	0	0
J.J. Arcega-Whiteside	WR	12	0	0	0	0	0	43	0	2	0	0	0	0	0	0
Devin Singletary	RB	12	0	0	0	106	0	8	0	1	0	0	0	0	0	0
Tony Pollard	RB	12	0	0	0	19	0	9	0	3	0	0	0	0	0	0
Ryquell Armstead	RB	12	0	0	0	0	0	0	0	0	0	0	0	0	0	0
Qadree Ollison	RB	12	0	0	0	20	1	7	0	1	0	0	0	0	0	0
Kelvin Harmon	WR	12	0	0	0	0	0	43	0	3	0	0	0	0	0	0
Scott Miller	WR	12	0	0	0	-2	0	8	0	1	0	0	0	0	0	0
Myles Gaskin	RB	12	0	0	0	10	0	7	0	1	0	0	0	0	0	0
Patrick Laird	RB	12	0	0	0	20	0	0	0	0	0	0	0	0	0	0
Michael Walker	WR	12	0	0	0	0	0	0	0	0	0	0	0	0	0	0
Darius Slayton	WR	12	0	0	0	0	0	67	0	4	0	0	0	0	0	0
Ty Johnson	RB	12	0	0	0	11	0	10	0	2	0	0	0	0	0	0
Ventell Bryant	WR	12	0	0	0	0	0	0	0	0	0	0	0	0	0	0
Jesper Horsted	TE	12	0	0	0	0	0	4	0	1	0	0	0	0	0	0
Devlin Hodges	QB	12	118	1	0	1	0	0	0	0	0	0	0	0	0	0
Travis Homer	RB	12	0	0	0	0	0	0	0	0	0	0	0	0	0	0
Kerrith Whyte	RB	12	0	0	0	43	0	0	0	0	0	0	0	0	0	0
N'Keal Harry	TE	12	0	0	0	0	0	10	1	1	0	0	0	0	0	0
D'Ernest Johnson	RB	12	0	0	0	0	0	0	0	0	0	0	0	0	0	0
DK Metcalf	WR	12	0	0	0	0	0	35	0	3	0	0	0	0	0	0
Noah Fant	TE	12	0	0	0	0	0	14	0	3	0	0	0	0	0	0
Ryan Finley	QB	12	192	1	0	8	0	0	0	0	1	0	0	0	0	0
Terry McLaurin	WR	12	0	0	0	0	0	72	0	5	0	0	0	0	0	0
Marquise Brown	WR	12	0	0	0	0	0	42	2	5	0	0	0	0	0	0
A.J. Brown	WR	12	0	0	0	0	0	135	1	4	0	0	0	0	0	0
David Montgomery	RB	12	0	0	0	22	0	9	0	2	0	0	0	0	0	0
Dawson Knox	TE	12	0	0	0	0	0	11	0	2	0	0	0	0	0	0
Josh Jacobs	RB	12	0	0	0	34	0	2	0	1	0	0	0	0	0	0
Miles Boykin	WR	12	0	0	0	0	0	54	0	2	0	0	0	0	0	0
Daniel Jones	QB	12	150	2	0	27	0	0	0	0	1	0	0	0	0	0
Deebo Samuel Sr.	WR	12	0	0	0	0	0	50	1	2	0	0	0	0	0	0
Tom Brady	QB	13	326	3	1	13	0	0	0	0	0	0	0	0	0	0
Drew Brees	QB	13	184	1	0	-1	0	0	0	0	0	0	0	0	0	0
Jason Witten	TE	13	0	0	0	0	0	42	1	6	0	0	0	0	0	1
Larry Fitzgerald	WR	13	0	0	0	0	0	56	0	6	0	0	0	0	0	0
Philip Rivers	QB	13	265	2	1	0	0	0	0	0	0	0	0	0	0	0
Benjamin Watson	TE	13	0	0	0	0	0	23	0	1	0	0	0	0	0	0
Aaron Rodgers	QB	13	243	4	0	24	0	0	0	0	0	0	0	0	0	0
Frank Gore	RB	13	0	0	0	11	0	14	0	1	0	0	0	0	0	0
Ryan Fitzpatrick	QB	13	365	3	1	2	0	0	0	0	0	0	0	1	0	0
Marcedes Lewis	TE	13	0	0	0	0	0	1	1	1	0	0	0	0	0	0
Adrian Peterson	RB	13	0	0	0	99	1	0	0	0	0	0	0	0	0	0
Ted Ginn	WR	13	0	0	0	0	0	0	0	0	0	0	0	0	0	0
Greg Olsen	TE	13	0	0	0	0	0	22	0	3	0	0	0	0	0	0
Matt Moore	QB	13	0	0	0	-1	0	0	0	0	0	0	0	0	0	0
Danny Amendola	WR	13	0	0	0	0	0	32	0	3	0	0	0	0	0	0
Matt Ryan	QB	13	312	2	2	21	0	0	0	0	0	1	0	0	0	0
LeSean McCoy	RB	13	0	0	0	10	1	20	0	3	0	0	0	0	0	0
Jared Cook	TE	13	0	0	0	0	0	85	0	3	0	0	0	0	0	0
Julian Edelman	WR	13	0	0	0	-7	0	106	1	6	0	0	0	0	0	0
Emmanuel Sanders	WR	13	0	0	0	0	0	41	0	4	0	0	0	0	0	0
Andre Roberts	WR	13	0	0	0	0	0	0	0	0	0	0	0	0	0	0
Jimmy Graham	TE	13	0	0	0	0	0	16	0	1	0	0	0	0	0	0
Demaryius Thomas	WR	13	0	0	0	0	0	23	0	3	0	0	0	0	0	0
Mark Ingram	RB	13	0	0	0	59	0	3	0	2	0	0	0	0	0	0
Andy Dalton	QB	13	243	1	0	-4	0	0	0	0	0	0	0	0	0	0
Kyle Rudolph	TE	13	0	0	0	0	0	50	1	4	0	0	0	0	0	0
Randall Cobb	WR	13	0	0	0	0	0	53	0	3	0	0	0	0	0	0
Bilal Powell	RB	13	0	0	0	14	0	4	0	2	0	0	0	0	0	0
Dion Lewis	RB	13	0	0	0	0	0	9	0	1	0	0	0	0	0	0
Charles Clay	TE	13	0	0	0	0	0	29	0	2	0	0	0	0	0	0
Virgil Green	TE	13	0	0	0	0	0	0	0	0	0	0	0	0	0	0
Cole Beasley	WR	13	0	0	0	0	0	110	1	6	0	0	0	0	0	0
Derek Carrier	TE	13	0	0	0	0	0	10	1	2	0	0	0	0	0	0
Alshon Jeffery	WR	13	0	0	0	0	0	137	1	9	0	0	0	0	0	0
Brandon Bolden	RB	13	0	0	0	0	0	0	0	0	0	0	0	0	0	0
Russell Wilson	QB	13	240	2	1	13	0	0	0	0	0	0	0	0	0	0
Marvin Jones	WR	13	0	0	0	0	0	40	1	3	0	0	0	0	0	0
Nick Foles	QB	13	93	0	1	3	0	0	0	0	2	0	0	0	0	0
Jarius Wright	WR	13	0	0	0	0	0	34	0	3	0	0	0	0	0	0
Kirk Cousins	QB	13	276	2	1	0	0	0	0	0	0	0	0	0	0	0
Mohamed Sanu	WR	13	0	0	0	0	0	14	0	3	0	0	0	0	0	0
Josh Gordon	WR	13	0	0	0	0	0	10	0	1	0	0	0	0	0	0
Ryan Tannehill	QB	13	182	2	0	5	0	0	0	0	1	0	0	0	0	0
Darren Fells	TE	13	0	0	0	0	0	23	1	2	0	0	0	0	0	0
Zach Ertz	TE	13	0	0	0	0	0	24	0	3	0	0	0	0	0	0
Kenny Stills	WR	13	0	0	0	0	0	61	1	3	0	0	0	0	0	0
Ryan Griffin	TE	13	0	0	0	0	0	30	0	5	0	0	0	0	0	0
Demetrius Harris	TE	13	0	0	0	0	0	23	0	1	0	0	0	0	0	0
Jack Doyle	TE	13	0	0	0	0	0	73	1	6	0	0	0	0	0	0
Josh Hill	TE	13	0	0	0	0	0	2	0	1	0	0	0	0	0	0
Keenan Allen	WR	13	0	0	0	0	0	68	1	6	0	0	0	0	0	0
Rex Burkhead	RB	13	0	0	0	15	0	0	0	0	0	0	0	0	0	0
Jaron Brown	WR	13	0	0	0	0	0	6	0	1	0	0	0	0	0	0
Chris Thompson	RB	13	0	0	0	14	0	15	0	1	0	0	0	0	0	0
Robert Woods	WR	13	0	0	0	0	0	172	0	13	0	0	0	0	0	0
Giovani Bernard	RB	13	0	0	0	4	0	8	0	1	0	0	0	0	0	0
Kenjon Barner	RB	13	0	0	0	0	0	6	0	2	0	0	0	0	0	0
Vance McDonald	TE	13	0	0	0	0	0	21	0	3	0	0	0	0	0	0
Le'Veon Bell	RB	13	0	0	0	32	0	35	0	4	0	0	0	0	0	0
Travis Kelce	TE	13	0	0	0	0	0	90	0	5	0	0	0	0	0	0
Latavius Murray	RB	13	0	0	0	2	0	0	0	0	0	0	0	0	0	0
Tavon Austin	WR	13	0	0	0	0	0	22	0	2	0	0	0	0	0	0
Tyler Eifert	TE	13	0	0	0	0	0	12	0	1	0	0	0	0	0	0
DeAndre Hopkins	WR	13	6	1	0	0	0	64	0	5	0	0	0	0	0	0
Cordarrelle Patterson	RB	13	0	0	0	0	0	0	0	0	0	0	0	0	0	0
Willie Snead	WR	13	0	0	0	0	0	12	0	1	0	0	0	0	0	0
Albert Wilson	WR	13	0	0	0	31	0	32	0	5	0	0	0	0	0	0
Allen Hurns	WR	13	0	0	0	0	0	33	0	3	0	0	0	0	0	0
Carlos Hyde	RB	13	0	0	0	17	0	5	0	1	0	0	0	0	0	0
John Brown	WR	13	28	1	0	0	0	26	0	3	0	0	0	0	0	0
De'Anthony Thomas	WR	13	0	0	0	0	0	0	0	0	0	0	0	0	0	0
James White	RB	13	0	0	0	79	0	98	2	8	0	0	0	0	0	0
Seth Roberts	WR	13	0	0	0	0	0	5	0	1	0	0	0	0	0	0
Odell Beckham Jr.	WR	13	0	0	0	0	0	29	0	3	0	0	0	0	0	0
Brandin Cooks	WR	13	0	0	0	0	0	24	0	2	0	0	0	0	0	0
Logan Thomas	TE	13	0	0	0	0	0	0	0	0	0	0	0	0	0	0
Cameron Brate	TE	13	0	0	0	0	0	5	0	1	0	0	0	0	0	0
Derek Carr	QB	13	222	1	2	7	0	0	0	0	0	0	0	0	0	0
Devonta Freeman	RB	13	0	0	0	51	0	13	0	4	0	0	0	0	0	0
Diontae Spencer	WR	13	0	0	0	0	0	0	0	0	0	0	0	0	0	0
Sammy Watkins	WR	13	0	0	0	0	0	0	0	0	0	0	0	0	0	0
Cody Latimer	WR	13	0	0	0	0	0	43	0	1	0	0	0	0	0	0
Jimmy Garoppolo	QB	13	165	1	0	5	0	0	0	0	1	0	0	0	0	0
Davante Adams	WR	13	0	0	0	0	0	64	2	6	0	0	0	0	0	0
Jarvis Landry	WR	13	0	0	0	0	0	76	0	6	0	0	0	0	0	0
Garrett Gilbert	QB	13	0	0	0	0	0	0	0	0	0	0	0	0	0	0
Blake Bortles	QB	13	3	0	0	-10	0	0	0	0	0	0	0	0	0	0
Mike Evans	WR	13	0	0	0	0	0	53	0	4	0	0	0	0	0	0
Allen Robinson	WR	13	0	0	0	0	0	86	1	8	0	0	0	0	0	0
Jameis Winston	QB	13	268	0	0	20	0	0	0	0	1	0	0	0	0	0
DeAndrew White	WR	13	0	0	0	0	0	0	0	0	0	0	0	0	0	0
Amari Cooper	WR	13	0	0	0	0	0	85	0	8	0	0	0	0	0	0
DeVante Parker	WR	13	0	0	0	0	0	159	2	7	0	0	0	0	0	0
Nelson Agholor	WR	13	0	0	0	0	0	41	0	3	0	0	0	0	0	1
Justin Hardy	WR	13	0	0	0	0	0	28	0	3	0	0	0	0	0	0
Javorius Allen	RB	13	0	0	0	4	0	0	0	0	0	0	0	0	0	0
Stefon Diggs	WR	13	0	0	0	27	0	25	0	4	0	0	0	0	0	0
Jay Ajayi	RB	13	0	0	0	9	0	0	0	0	0	0	0	0	0	0
Nick Boyle	TE	13	0	0	0	0	0	4	0	1	0	0	0	0	0	0
Darren Waller	TE	13	0	0	0	0	0	100	0	7	0	0	0	0	0	0
Raheem Mostert	RB	13	0	0	0	146	1	8	0	2	0	0	0	0	0	0
Matt LaCosse	TE	13	0	0	0	0	0	24	0	1	0	0	0	0	0	0
DeAndre Carter	WR	13	0	0	0	0	0	0	0	0	0	0	0	0	0	0
Malcolm Brown	RB	13	0	0	0	30	0	0	0	0	0	0	0	0	0	0
Damiere Byrd	WR	13	0	0	0	0	0	0	0	0	0	0	0	0	0	0
Jamison Crowder	WR	13	0	0	0	0	0	8	0	2	0	0	0	0	0	0
Adam Humphries	WR	13	0	0	0	0	0	13	1	1	0	0	0	0	0	0
Breshad Perriman	WR	13	0	0	0	0	0	87	0	5	0	0	0	0	0	0
Tevin Coleman	RB	13	0	0	0	6	0	9	0	1	0	0	0	0	0	0
Blake Bell	TE	13	0	0	0	0	0	0	0	0	0	0	0	0	0	0
Mike Davis	RB	13	0	0	0	0	0	0	0	0	0	0	0	0	0	0
Daniel Brown	TE	13	0	0	0	0	0	9	0	1	0	0	0	0	0	0
Ameer Abdullah	RB	13	0	0	0	0	0	0	0	0	0	0	0	0	0	0
Nick O'Leary	TE	13	0	0	0	0	0	6	0	1	0	0	0	0	0	0
Chris Conley	WR	13	0	0	0	0	0	57	0	4	0	0	0	0	0	0
C.J. Uzomah	TE	13	0	0	0	0	0	51	0	5	0	0	0	0	0	0
Melvin Gordon	RB	13	0	0	0	99	0	11	0	2	0	0	0	0	0	0
Tyrell Williams	WR	13	0	0	0	0	0	9	0	1	0	0	0	0	0	0
David Johnson	RB	13	0	0	0	15	0	9	0	2	0	0	0	0	0	0
Ty Montgomery	WR	13	0	0	0	7	0	1	0	1	0	0	0	0	0	0
Phillip Dorsett	WR	13	0	0	0	0	0	15	0	2	0	0	0	0	0	0
Tyler Lockett	WR	13	0	0	0	0	0	0	0	0	0	0	0	0	0	0
Jeff Heuerman	TE	13	0	0	0	0	0	15	0	3	0	0	0	0	0	0
Todd Gurley	RB	13	0	0	0	95	1	20	0	1	0	0	0	0	0	0
Clive Walford	TE	13	0	0	0	0	0	0	0	0	0	0	0	0	0	0
Duke Johnson	RB	13	0	0	0	36	0	54	1	5	0	0	0	0	0	0
Ross Travis	TE	13	0	0	0	0	0	31	0	2	0	0	1	0	0	0
Sterling Shepard	WR	13	0	0	0	0	0	40	1	3	0	0	0	0	0	0
Nick Vannett	TE	13	0	0	0	0	0	7	0	1	0	0	0	0	0	0
Trevor Davis	WR	13	0	0	0	0	0	0	0	0	0	0	0	0	0	0
Kalif Raymond	WR	13	0	0	0	0	0	40	1	1	0	0	0	0	0	0
Alex Erickson	WR	13	0	0	0	0	0	21	0	2	0	0	0	0	0	0
J.D. McKissic	RB	13	0	0	0	9	0	15	0	3	0	0	0	0	0	0
Geronimo Allison	WR	13	0	0	0	0	0	20	0	2	0	0	0	0	0	0
Robbie Chosen	WR	13	0	0	0	0	0	101	0	7	0	0	0	0	0	0
Jason Vander Laan	TE	13	0	0	0	0	0	0	0	0	0	0	0	0	0	0
Tevin Jones	WR	13	0	0	0	0	0	28	0	1	0	0	0	0	0	0
Peyton Barber	RB	13	0	0	0	44	2	0	0	0	0	0	0	0	1	0
Derrick Henry	RB	13	0	0	0	149	1	17	0	3	0	1	0	0	0	0
Michael Thomas	WR	13	0	0	0	0	0	48	0	6	0	0	0	0	0	0
Danny Vitale	RB	13	0	0	0	0	0	0	0	0	0	0	0	0	0	0
Johnny Holton	WR	13	0	0	0	0	0	0	0	0	0	0	0	0	0	0
DeAndre Washington	RB	13	0	0	0	5	0	44	0	3	0	0	0	0	0	0
Carson Wentz	QB	13	310	3	1	0	0	0	0	0	0	0	0	1	0	0
Laquon Treadwell	WR	13	0	0	0	0	0	58	1	1	0	0	0	0	0	0
Devontae Booker	RB	13	0	0	0	0	0	0	0	0	0	0	0	0	0	0
Jonathan Williams	RB	13	0	0	0	14	0	11	0	1	0	0	0	0	0	0
Rashard Higgins	WR	13	0	0	0	0	0	0	0	0	0	0	0	0	0	0
Marcus Johnson	WR	13	0	0	0	0	0	55	0	4	0	0	0	0	0	0
Tyler Boyd	WR	13	0	0	0	0	0	59	1	5	0	0	0	0	0	0
Jalen Richard	RB	13	0	0	0	2	0	6	0	1	0	0	0	0	0	0
Tyreek Hill	WR	13	0	0	0	-4	0	55	0	5	0	0	0	0	0	0
Ezekiel Elliott	RB	13	0	0	0	71	0	66	0	7	0	0	0	0	0	0
Dak Prescott	QB	13	355	2	1	25	0	0	0	0	1	0	0	1	0	0
Hunter Henry	TE	13	0	0	0	0	0	10	0	2	0	0	0	0	0	0
Jared Goff	QB	13	424	2	0	0	0	0	0	0	0	0	0	0	0	0
Tyler Higbee	TE	13	0	0	0	0	0	107	1	7	0	0	0	0	0	0
Pharoh Cooper	WR	13	0	0	0	0	0	26	0	4	0	0	0	0	0	0
Mike Thomas	WR	13	0	0	0	0	0	0	0	0	0	0	0	0	0	0
Kenyan Drake	RB	13	0	0	0	31	0	20	0	2	0	0	0	0	0	0
Jacoby Brissett	QB	13	319	1	2	-1	0	0	0	0	0	0	0	0	0	0
Will Fuller	WR	13	0	0	0	0	0	8	0	1	0	0	0	0	0	0
Troymaine Pope	RB	13	0	0	0	0	0	0	0	0	0	0	0	0	0	0
Mo Alie-Cox	TE	13	0	0	0	0	0	0	0	0	0	0	0	0	0	0
Johnny Mundt	TE	13	0	0	0	0	0	0	0	0	0	0	0	0	0	0
Zach Pascal	WR	13	0	0	0	0	0	109	0	7	0	0	0	0	0	0
JoJo Natson	WR	13	0	0	0	0	0	0	0	0	0	0	0	0	0	0
Christian McCaffrey	RB	13	0	0	0	44	0	58	0	7	0	0	0	0	0	0
Curtis Samuel	WR	13	0	0	0	0	0	65	1	4	0	0	0	0	0	0
George Kittle	TE	13	0	0	0	-3	0	17	0	2	0	0	0	0	0	0
Aaron Jones	RB	13	0	0	0	18	0	13	0	4	0	0	0	0	0	0
Alex Armah	RB	13	0	0	0	2	0	0	0	0	0	0	0	0	0	0
Kendrick Bourne	WR	13	0	0	0	0	0	42	0	3	0	0	0	0	0	0
Taysom Hill	TE	13	0	0	0	33	1	12	1	2	0	0	0	0	0	0
Tim Patrick	WR	13	0	0	0	0	0	0	0	0	0	0	0	0	0	0
Patrick Ricard	RB	13	0	0	0	0	0	2	0	1	0	0	0	0	0	0
Cody Hollister	WR	13	0	0	0	0	0	13	0	2	0	0	0	0	0	0
Jacob Hollister	TE	13	0	0	0	0	0	44	0	6	0	0	0	0	0	0
Anthony Firkser	TE	13	0	0	0	0	0	22	0	3	0	0	0	0	0	0
Isaiah McKenzie	WR	13	0	0	0	0	0	34	0	3	0	0	0	0	0	0
Isaiah Ford	WR	13	0	0	0	0	0	0	0	0	0	0	0	0	0	0
Gehrig Dieter	WR	13	0	0	0	0	0	0	0	0	0	0	0	0	0	0
Jeremy Sprinkle	TE	13	0	0	0	0	0	36	0	2	0	0	0	0	0	0
Mike Williams	WR	13	0	0	0	0	0	117	0	5	0	0	0	0	0	0
Deshaun Watson	QB	13	234	3	0	-1	0	6	1	1	0	0	0	0	0	0
Mack Hollins	WR	13	0	0	0	0	0	0	0	0	0	0	0	0	0	0
Tarik Cohen	RB	13	0	0	0	9	0	26	0	4	0	0	0	0	0	0
Brian Hill	RB	13	0	0	0	13	0	24	0	3	0	0	0	0	0	0
David Moore	WR	13	0	0	0	0	0	65	1	2	0	0	0	0	0	0
Chris Carson	RB	13	0	0	0	102	1	7	0	1	0	0	0	0	0	0
Blake Jarwin	TE	13	0	0	0	0	0	9	0	2	0	0	0	0	0	0
Keelan Cole	WR	13	0	0	0	0	0	11	0	1	0	0	0	0	0	0
Austin Ekeler	RB	13	0	0	0	16	0	51	1	4	0	0	0	0	0	0
Andre Patton	WR	13	0	0	0	0	0	8	0	1	0	0	0	0	0	0
Greg Ward	WR	13	0	0	0	0	0	5	0	1	0	0	0	0	0	0
Robert Tonyan	TE	13	0	0	0	0	0	0	0	0	0	0	0	0	0	0
T.J. Logan	RB	13	0	0	0	2	0	0	0	0	0	0	0	0	0	0
Dede Westbrook	WR	13	0	0	0	0	0	60	1	5	0	0	0	0	0	1
Dare Ogunbowale	RB	13	0	0	0	0	0	12	0	2	0	0	0	0	0	0
Leonard Fournette	RB	13	0	0	0	38	0	53	0	9	0	0	0	0	0	0
Jonnu Smith	TE	13	0	0	0	0	0	0	0	2	0	0	0	0	0	0
Mitchell Trubisky	QB	13	338	3	1	4	0	0	0	0	0	0	0	0	0	0
Corey Davis	WR	13	0	0	0	0	0	23	0	1	0	0	0	0	0	0
Patrick Mahomes	QB	13	175	1	0	25	1	0	0	0	0	0	0	0	0	0
O.J. Howard	TE	13	0	0	0	0	0	61	0	5	0	0	0	0	0	0
Zay Jones	WR	13	0	0	0	0	0	14	0	2	0	0	0	0	0	0
Dalvin Cook	RB	13	0	0	0	29	1	35	0	3	0	1	0	0	0	0
Joe Mixon	RB	13	0	0	0	44	1	26	0	4	0	0	0	0	0	0
Alvin Kamara	RB	13	0	0	0	61	0	23	0	4	0	0	0	0	0	0
Cooper Kupp	WR	13	0	0	0	0	0	65	1	6	0	0	0	0	0	0
Chris Godwin Jr.	WR	13	0	0	0	0	0	50	0	4	0	0	0	0	0	0
Kareem Hunt	RB	13	0	0	0	46	0	19	1	5	0	0	0	0	0	0
Kenny Golladay	WR	13	0	0	0	0	0	158	1	4	0	0	0	0	0	0
Josh Reynolds	WR	13	0	0	0	0	0	39	0	4	0	0	0	0	0	0
Jamaal Williams	RB	13	0	0	0	41	0	26	0	4	0	0	0	0	0	0
Phillip Lindsay	RB	13	0	0	0	58	0	4	0	3	0	0	0	0	0	0
Jeff Wilson	RB	13	0	0	0	0	0	7	0	1	0	0	0	0	0	0
Christian Blake	WR	13	0	0	0	0	0	57	0	6	0	0	0	0	0	0
Tim Boyle	QB	13	0	0	0	-4	0	0	0	0	0	0	0	0	0	0
Gus Edwards	RB	13	0	0	0	15	0	7	0	1	0	0	0	0	0	0
Dontrell Hilliard	RB	13	0	0	0	0	0	0	0	0	0	0	0	0	0	0
Da'Mari Scott	WR	13	0	0	0	0	0	11	0	1	0	0	0	0	0	0
Tyler Conklin	TE	13	0	0	0	0	0	8	0	2	0	0	0	0	0	0
Marquez Valdes-Scantling	WR	13	0	0	0	0	0	0	0	0	0	0	0	0	0	0
Richie James	WR	13	0	0	0	0	0	0	0	0	0	0	0	0	0	0
Byron Pringle	WR	13	0	0	0	0	0	0	0	0	0	0	0	0	0	0
Darrel Williams	RB	13	0	0	0	13	0	3	1	1	0	0	0	0	0	0
Jaylen Samuels	RB	13	0	0	0	32	0	22	0	2	0	0	0	0	0	0
Trey Quinn	WR	13	0	0	0	0	0	0	0	0	0	0	0	0	0	0
Courtland Sutton	WR	13	0	0	0	0	0	74	2	4	0	0	0	0	0	0
Dallas Goedert	TE	13	0	0	0	0	0	66	0	6	0	0	0	0	0	0
Anthony Miller	WR	13	0	0	0	0	0	140	0	9	0	0	0	0	0	0
Derrius Guice	RB	13	0	0	0	129	2	8	0	2	0	0	0	0	0	0
Jordan Akins	TE	13	0	0	0	0	0	19	0	1	0	0	0	0	0	0
Ian Thomas	TE	13	0	0	0	0	0	24	0	4	0	0	0	0	0	0
Nyheim Hines	RB	13	0	0	0	22	1	18	0	2	0	0	0	0	0	0
DaeSean Hamilton	WR	13	0	0	0	0	0	12	0	2	0	0	0	0	0	0
Justin Watson	WR	13	0	0	0	0	0	0	0	0	0	0	0	0	0	0
Jordan Wilkins	RB	13	0	0	0	47	0	9	0	2	0	0	0	0	0	0
Deon Cain	WR	13	0	0	0	0	0	5	0	1	0	0	0	0	0	0
Russell Gage	WR	13	0	0	0	0	0	52	1	5	0	0	0	0	0	0
Braxton Berrios	WR	13	0	0	0	0	0	5	0	1	0	0	0	0	0	0
Javon Wims	WR	13	0	0	0	0	0	56	0	5	0	0	0	0	0	0
Bo Scarbrough	RB	13	0	0	0	83	0	0	0	0	0	0	0	0	0	0
Buddy Howell	RB	13	0	0	0	0	0	0	0	0	0	0	0	0	0	0
Robert Foster	WR	13	0	0	0	7	0	20	0	1	0	0	0	0	0	0
Allen Lazard	WR	13	0	0	0	0	0	103	1	3	0	0	0	0	0	0
Kyle Allen	QB	13	278	2	1	22	1	0	0	0	1	0	0	0	0	0
Reggie Bonnafon	RB	13	0	0	0	0	0	0	0	0	0	0	0	0	0	0
Vyncint Smith	WR	13	0	0	0	0	0	23	0	2	0	0	0	0	0	0
James Washington	WR	13	0	0	0	0	0	111	1	4	0	0	0	0	0	0
Auden Tate	WR	13	0	0	0	0	0	66	0	4	0	0	0	0	0	0
Rashaad Penny	RB	13	0	0	0	74	1	33	1	4	0	0	0	0	0	0
Mark Andrews	TE	13	0	0	0	0	0	50	1	3	0	0	0	0	0	0
Michael Gallup	WR	13	0	0	0	0	0	63	0	3	0	0	0	0	0	0
Tre'Quan Smith	WR	13	0	0	0	0	0	14	0	2	0	0	0	0	0	0
Christian Kirk	WR	13	0	0	0	0	0	23	0	3	0	0	0	0	0	0
DJ Chark	WR	13	0	0	0	0	0	47	0	2	0	0	0	0	0	0
Jaeden Graham	TE	13	0	0	0	0	0	41	1	4	0	0	0	0	0	0
Nick Chubb	RB	13	0	0	0	58	0	21	0	1	0	0	0	0	0	0
Lamar Jackson	QB	13	105	1	0	101	1	0	0	0	0	1	0	0	0	0
Durham Smythe	TE	13	0	0	0	0	0	13	0	2	0	0	0	0	0	0
Kalen Ballage	RB	13	0	0	0	0	0	0	0	0	0	0	0	0	0	0
Ronald Jones	RB	13	0	0	0	8	0	0	0	0	0	0	0	0	0	0
DJ Moore	WR	13	0	0	0	-3	0	75	1	6	0	0	0	0	0	0
Mike Gesicki	TE	13	0	0	0	0	0	79	1	5	0	0	0	0	0	0
Hayden Hurst	TE	13	0	0	0	0	0	21	0	3	0	0	0	0	0	0
Calvin Ridley	WR	13	0	0	0	0	0	91	0	8	0	0	0	0	0	0
Royce Freeman	RB	13	0	0	0	11	0	13	0	4	0	0	0	0	0	0
Saquon Barkley	RB	13	0	0	0	83	0	32	0	3	0	0	0	0	0	0
Sony Michel	RB	13	0	0	0	45	0	0	0	0	0	0	0	0	0	0
KhaDarel Hodge	WR	13	0	0	0	0	0	0	0	0	0	0	0	0	0	0
Baker Mayfield	QB	13	196	1	1	2	0	0	0	0	1	0	0	0	0	0
Josh Allen	QB	13	231	1	0	43	1	0	0	0	0	0	0	0	0	0
Malik Turner	WR	13	0	0	0	0	0	0	0	0	0	0	0	0	0	0
Sam Darnold	QB	13	239	0	0	9	0	0	0	0	0	0	0	0	0	0
Steven Sims	WR	13	0	0	0	0	0	29	0	3	0	0	0	0	0	0
Jakobi Meyers	WR	13	0	0	0	0	0	46	0	3	0	0	0	0	0	0
Irv Smith	TE	13	0	0	0	0	0	6	0	1	0	0	0	0	0	0
Alexander Mattison	RB	13	0	0	0	22	0	51	0	4	0	0	0	0	0	0
Justice Hill	RB	13	0	0	0	3	0	0	0	0	0	0	0	0	0	0
Foster Moreau	TE	13	0	0	0	0	0	15	0	1	0	0	0	0	0	0
Kaden Smith	TE	13	0	0	0	0	0	70	0	6	0	0	0	0	0	0
Bisi Johnson	WR	13	0	0	0	0	0	1	0	1	0	0	0	0	0	0
Ashton Dulin	WR	13	0	0	0	0	0	13	0	1	0	0	0	0	0	0
Hale Hentges	TE	13	0	0	0	0	0	0	0	0	0	0	0	0	0	0
Stephen Carlson	TE	13	0	0	0	0	0	28	0	2	0	0	0	0	0	0
David Blough	QB	13	280	2	1	1	0	0	0	0	0	0	0	0	0	0
Keelan Doss	WR	13	0	0	0	0	0	11	0	1	0	0	0	0	0	0
Mecole Hardman	WR	13	0	0	0	9	0	0	0	0	0	0	0	0	0	0
Darwin Thompson	RB	13	0	0	0	44	1	0	0	0	0	0	0	0	0	0
Olamide Zaccheaus	WR	13	0	0	0	0	0	0	0	0	0	0	0	0	0	0
Deonte Harty	WR	13	0	0	0	0	0	0	0	0	0	0	0	0	0	0
Diontae Johnson	WR	13	0	0	0	17	0	14	0	1	0	0	0	0	0	0
Benny Snell	RB	13	0	0	0	63	1	4	0	1	0	0	0	0	0	0
Kyler Murray	QB	13	163	0	1	28	1	0	0	0	0	0	0	0	0	0
T.J. Hockenson	TE	13	0	0	0	0	0	18	0	6	0	0	0	0	0	0
Dwayne Haskins	QB	13	147	0	0	6	0	0	0	0	0	0	0	0	0	0
Miles Sanders	RB	13	0	0	0	83	0	22	1	5	0	0	0	0	0	0
J.J. Arcega-Whiteside	WR	13	0	0	0	0	0	15	1	1	0	0	0	0	0	0
Devin Singletary	RB	13	0	0	0	63	0	38	1	3	0	0	0	0	0	0
Tony Pollard	RB	13	0	0	0	7	0	0	0	0	0	0	0	0	0	0
Ryquell Armstead	RB	13	0	0	0	0	0	0	0	0	0	0	0	0	0	0
Gardner Minshew	QB	13	147	1	1	8	0	0	0	0	0	0	0	1	0	0
Kelvin Harmon	WR	13	0	0	0	0	0	51	0	3	0	0	0	0	0	0
Myles Gaskin	RB	13	0	0	0	20	0	6	0	1	0	0	0	0	0	0
Patrick Laird	RB	13	0	0	0	5	1	43	0	4	0	0	0	0	0	1
Michael Walker	WR	13	0	0	0	0	0	6	0	1	0	0	0	0	0	0
Stanley Morgan	WR	13	0	0	0	0	0	0	0	0	0	0	0	0	0	0
Damion Willis	WR	13	0	0	0	0	0	0	0	0	0	0	0	0	0	0
Andy Isabella	WR	13	0	0	0	0	0	0	0	0	0	0	0	0	0	0
Darius Slayton	WR	13	0	0	0	0	0	44	0	6	0	0	0	0	0	0
Ty Johnson	RB	13	0	0	0	12	0	17	0	3	0	0	0	0	0	0
Ventell Bryant	WR	13	0	0	0	0	0	15	1	1	0	0	0	0	0	0
Jesper Horsted	TE	13	0	0	0	0	0	18	1	1	0	0	0	0	0	0
Devlin Hodges	QB	13	212	1	1	2	0	0	0	0	0	0	0	0	0	0
Travis Homer	RB	13	0	0	0	29	0	0	0	0	0	0	0	0	0	0
Kerrith Whyte	RB	13	0	0	0	10	0	0	0	0	0	0	0	0	0	0
N'Keal Harry	TE	13	0	0	0	0	0	0	0	0	0	0	0	0	0	0
DK Metcalf	WR	13	0	0	0	0	0	75	0	6	0	0	1	0	0	0
Noah Fant	TE	13	0	0	0	0	0	5	0	1	0	0	0	0	0	0
Terry McLaurin	WR	13	0	0	0	0	0	8	0	2	0	0	0	0	0	0
Marquise Brown	WR	13	0	0	0	0	0	1	0	1	0	0	0	0	0	0
Darrell Henderson	RB	13	0	0	0	17	0	0	0	0	0	0	0	0	0	0
A.J. Brown	WR	13	0	0	0	0	0	45	0	3	0	0	0	0	0	0
David Montgomery	RB	13	0	0	0	75	0	12	1	2	0	0	0	0	0	0
Dawson Knox	TE	13	0	0	0	0	0	17	0	3	0	0	0	0	0	0
Josh Jacobs	RB	13	0	0	0	104	0	0	0	0	0	0	0	0	0	0
Drew Lock	QB	13	134	2	1	15	0	0	0	0	0	0	0	0	0	0
Daniel Jones	QB	13	240	1	3	6	0	0	0	0	0	0	0	0	0	0
Deebo Samuel Sr.	WR	13	0	0	0	20	0	41	1	2	0	0	0	0	0	0
Tom Brady	QB	14	169	1	1	20	0	0	0	0	0	0	0	0	0	0
Drew Brees	QB	14	349	5	0	1	1	0	0	0	0	0	0	0	0	0
Jason Witten	TE	14	0	0	0	0	0	37	0	5	0	0	0	0	0	0
Matt Schaub	QB	14	0	0	0	-1	0	0	0	0	0	0	0	0	0	0
Eli Manning	QB	14	203	2	0	-1	0	0	0	0	0	0	0	0	0	0
Larry Fitzgerald	WR	14	0	0	0	0	0	20	0	3	0	0	0	0	0	0
Philip Rivers	QB	14	314	3	0	0	0	0	0	0	0	0	0	0	0	0
Benjamin Watson	TE	14	0	0	0	0	0	7	0	1	0	0	0	0	0	0
Aaron Rodgers	QB	14	195	1	0	16	0	0	0	0	1	0	0	0	0	0
Frank Gore	RB	14	0	0	0	6	0	0	0	0	0	0	0	0	0	0
Ryan Fitzpatrick	QB	14	245	0	1	65	0	0	0	0	0	0	0	0	0	0
Marcedes Lewis	TE	14	0	0	0	0	0	5	0	1	0	0	0	0	0	0
Adrian Peterson	RB	14	0	0	0	76	1	0	0	0	0	0	0	0	0	0
Ted Ginn	WR	14	0	0	0	0	0	50	0	4	0	0	0	0	0	0
Danny Amendola	WR	14	0	0	0	0	0	34	0	5	0	0	0	0	0	0
Matt Ryan	QB	14	313	2	0	8	0	0	0	0	0	0	0	0	0	0
Matthew Slater	WR	14	0	0	0	0	0	0	0	0	0	0	0	0	0	0
LeSean McCoy	RB	14	0	0	0	39	0	4	0	1	0	0	0	0	0	0
Jared Cook	TE	14	0	0	0	0	0	64	2	2	0	0	0	0	0	0
Julian Edelman	WR	14	0	0	0	8	0	95	1	8	0	0	0	0	0	0
Emmanuel Sanders	WR	14	35	1	0	0	0	157	1	7	0	0	0	0	0	0
Andre Roberts	WR	14	0	0	0	0	0	0	0	0	0	0	0	0	0	0
Jimmy Graham	TE	14	0	0	0	0	0	49	0	3	0	0	0	0	0	0
Demaryius Thomas	WR	14	0	0	0	0	0	28	1	2	0	0	0	0	0	0
Golden Tate	WR	14	0	0	0	0	0	11	0	1	0	0	0	0	0	0
Julio Jones	WR	14	0	0	0	0	0	66	0	5	0	0	0	0	0	0
Mark Ingram	RB	14	0	0	0	50	0	29	0	3	0	0	0	0	0	0
Andy Dalton	QB	14	262	0	1	11	0	0	0	0	0	0	0	0	0	0
Kyle Rudolph	TE	14	0	0	0	0	0	11	0	2	0	0	0	0	0	0
Randall Cobb	WR	14	0	0	0	0	0	43	0	2	0	0	0	0	0	0
Luke Stocker	TE	14	0	0	0	0	0	0	0	0	0	0	0	0	0	0
Bilal Powell	RB	14	0	0	0	74	0	14	0	2	0	0	0	0	0	0
Dion Lewis	RB	14	0	0	0	26	0	5	0	1	0	0	0	0	0	0
Charles Clay	TE	14	0	0	0	0	0	5	1	1	0	0	0	0	0	0
Tyrod Taylor	QB	14	26	1	0	10	0	0	0	0	0	0	0	0	0	0
Virgil Green	TE	14	0	0	0	0	0	14	1	1	0	0	0	0	0	0
Garrett Celek	TE	14	0	0	0	0	0	0	0	0	0	0	0	0	0	0
Cole Beasley	WR	14	0	0	0	0	0	29	1	4	0	0	0	0	0	1
Alshon Jeffery	WR	14	0	0	0	0	0	0	0	0	0	0	0	0	0	0
Brandon Bolden	RB	14	0	0	0	10	1	0	0	0	0	0	0	0	0	0
Russell Wilson	QB	14	245	0	1	28	0	0	0	0	0	0	0	0	0	0
Marvin Jones	WR	14	0	0	0	0	0	38	0	3	0	0	0	0	0	0
Jamize Olawale	RB	14	0	0	0	0	0	0	0	0	0	0	0	0	0	0
Jarius Wright	WR	14	0	0	0	0	0	30	0	4	0	0	0	0	0	0
Kirk Cousins	QB	14	242	1	0	-1	0	0	0	0	0	0	0	0	0	0
Mohamed Sanu	WR	14	0	0	0	0	0	13	0	1	0	0	0	0	0	0
Josh Gordon	WR	14	0	0	0	0	0	34	0	2	0	0	0	0	0	0
Ryan Tannehill	QB	14	391	3	1	19	0	0	0	0	0	0	0	0	0	0
Darren Fells	TE	14	0	0	0	0	0	2	0	2	0	0	0	0	0	0
Ryan Griffin	QB	14	18	0	0	0	0	0	0	0	0	0	0	0	0	0
Zach Ertz	TE	14	0	0	0	0	0	91	2	9	0	0	0	0	0	0
Kenny Stills	WR	14	0	0	0	0	0	8	0	2	0	0	0	0	0	0
Ryan Griffin	TE	14	0	0	0	0	0	8	0	1	0	0	0	0	0	0
Jack Doyle	TE	14	0	0	0	0	0	27	0	2	0	0	0	0	0	0
Josh Hill	TE	14	0	0	0	0	0	4	1	2	0	0	0	0	0	0
Keenan Allen	WR	14	0	0	0	0	0	83	0	5	0	0	0	0	0	0
Rex Burkhead	RB	14	0	0	0	15	0	0	0	0	0	0	0	0	0	0
Jaron Brown	WR	14	0	0	0	0	0	0	0	0	0	0	0	0	0	0
Chris Thompson	RB	14	0	0	0	0	0	43	0	7	0	0	0	0	0	0
Spencer Ware	RB	14	0	0	0	11	0	-9	0	1	0	0	0	0	0	0
Robert Woods	WR	14	0	0	0	29	0	98	1	7	0	0	0	0	0	0
Giovani Bernard	RB	14	0	0	0	15	0	31	0	2	0	0	0	0	0	0
Kenjon Barner	RB	14	0	0	0	0	0	0	0	0	0	0	0	0	0	0
Vance McDonald	TE	14	0	0	0	0	0	3	0	1	0	0	0	0	0	0
Travis Kelce	TE	14	0	0	0	4	1	66	0	7	0	0	1	0	0	0
Latavius Murray	RB	14	0	0	0	69	0	25	0	2	0	0	0	0	0	0
Tavon Austin	WR	14	0	0	0	0	0	0	0	0	0	0	0	0	0	0
Tyler Eifert	TE	14	0	0	0	0	0	49	0	4	0	0	0	0	0	0
DeAndre Hopkins	WR	14	0	0	0	12	0	120	1	7	0	0	0	0	0	0
Cordarrelle Patterson	RB	14	0	0	0	-5	0	33	0	1	0	0	0	0	0	0
Willie Snead	WR	14	0	0	0	0	0	13	1	3	0	0	0	0	0	0
Albert Wilson	WR	14	0	0	0	0	0	5	0	1	0	0	0	0	0	0
Allen Hurns	WR	14	0	0	0	0	0	68	0	5	0	0	0	0	0	0
Carlos Hyde	RB	14	0	0	0	73	0	5	0	2	0	0	0	0	0	0
John Brown	WR	14	0	0	0	0	0	26	0	3	0	0	0	0	0	0
De'Anthony Thomas	WR	14	0	0	0	0	0	0	0	0	0	0	0	0	0	0
James White	RB	14	35	0	0	33	0	27	0	5	0	0	0	0	0	0
Seth Roberts	WR	14	0	0	0	0	0	8	0	1	0	0	0	0	0	0
Scott Simonson	TE	14	0	0	0	0	0	0	0	0	0	0	0	0	0	0
Senorise Perry	RB	14	0	0	0	0	0	0	0	0	0	0	0	0	0	0
Odell Beckham Jr.	WR	14	0	0	0	0	0	39	0	2	0	0	0	0	0	0
Brandin Cooks	WR	14	0	0	0	0	0	0	0	0	0	0	0	0	0	0
Logan Thomas	TE	14	0	0	0	0	0	21	0	2	0	0	0	0	0	0
Cameron Brate	TE	14	0	0	0	0	0	30	1	4	0	0	0	0	0	0
Derek Carr	QB	14	262	2	0	17	0	0	0	0	0	0	0	0	0	0
Devonta Freeman	RB	14	0	0	0	84	1	10	0	4	0	0	0	0	0	0
Diontae Spencer	WR	14	0	0	0	0	0	0	0	0	0	0	0	0	0	0
Sammy Watkins	WR	14	0	0	0	0	0	50	0	4	0	0	0	0	0	0
Jimmy Garoppolo	QB	14	349	4	1	1	0	0	0	0	0	0	0	0	0	0
Davante Adams	WR	14	0	0	0	0	0	41	0	4	0	0	0	0	0	0
Jarvis Landry	WR	14	0	0	0	0	0	76	0	4	0	0	0	0	0	0
Garrett Gilbert	QB	14	0	0	0	-1	0	0	0	0	0	0	0	0	0	0
Mike Evans	WR	14	0	0	0	0	0	61	1	1	0	0	0	0	0	0
Allen Robinson	WR	14	0	0	0	0	0	48	2	5	0	0	0	0	0	0
Chris Manhertz	TE	14	0	0	0	0	0	11	0	1	0	0	0	0	0	0
Jameis Winston	QB	14	456	4	3	5	1	0	0	0	0	0	0	0	0	0
DeAndrew White	WR	14	0	0	0	0	0	0	0	0	0	0	0	0	0	0
Amari Cooper	WR	14	0	0	0	0	0	83	1	6	0	0	0	0	0	0
DeVante Parker	WR	14	0	0	0	0	0	28	0	2	0	0	0	0	0	0
Maxx Williams	TE	14	0	0	0	0	0	0	0	0	0	0	0	0	0	0
Justin Hardy	WR	14	0	0	0	0	0	19	0	1	0	0	0	0	0	0
MyCole Pruitt	TE	14	0	0	0	0	0	42	0	1	0	0	0	0	0	0
Stefon Diggs	WR	14	0	0	0	0	0	92	0	6	0	0	0	0	0	0
Jay Ajayi	RB	14	0	0	0	5	0	0	0	0	0	0	0	0	0	0
Nick Boyle	TE	14	0	0	0	0	0	10	1	2	0	0	0	0	0	0
Darren Waller	TE	14	0	0	0	0	0	72	0	6	0	0	1	0	0	0
Raheem Mostert	RB	14	0	0	0	69	1	40	1	2	0	0	0	0	0	0
Matt LaCosse	TE	14	0	0	0	0	0	14	0	2	0	0	0	0	0	0
DeAndre Carter	WR	14	0	0	0	0	0	0	0	0	0	0	0	0	0	0
Malcolm Brown	RB	14	0	0	0	21	1	0	0	0	0	0	0	0	0	0
Damiere Byrd	WR	14	0	0	0	0	0	10	0	1	0	0	0	0	0	0
Jamison Crowder	WR	14	0	0	0	0	0	29	0	3	0	0	0	0	0	0
Breshad Perriman	WR	14	0	0	0	0	0	70	1	3	0	0	0	0	0	0
Tevin Coleman	RB	14	0	0	0	6	0	0	0	0	0	0	0	0	0	0
Blake Bell	TE	14	0	0	0	0	0	0	0	0	0	0	0	0	0	0
Daniel Brown	TE	14	0	0	0	0	0	7	0	1	0	0	0	0	0	0
Ameer Abdullah	RB	14	0	0	0	0	0	2	0	1	0	0	0	0	0	0
Nick O'Leary	TE	14	0	0	0	0	0	30	1	4	0	0	0	0	0	0
Chris Conley	WR	14	0	0	0	0	0	7	0	1	0	0	0	0	0	0
C.J. Uzomah	TE	14	0	0	0	0	0	4	0	1	0	0	0	0	0	0
Jesse James	TE	14	0	0	0	0	0	23	0	1	0	0	0	0	0	0
Melvin Gordon	RB	14	0	0	0	55	1	29	0	5	0	0	0	0	0	0
Tyrell Williams	WR	14	0	0	0	0	0	35	0	3	0	0	0	0	0	0
David Johnson	RB	14	0	0	0	19	0	34	1	2	0	0	0	0	0	0
Ty Montgomery	WR	14	0	0	0	31	0	30	0	3	0	0	0	0	0	0
Phillip Dorsett	WR	14	0	0	0	0	0	0	0	0	0	0	0	0	0	0
Tyler Lockett	WR	14	0	0	0	0	0	43	0	4	0	0	0	0	0	0
Tyler Kroft	TE	14	0	0	0	0	0	0	0	0	0	0	0	0	0	0
Jeff Heuerman	TE	14	0	0	0	0	0	8	1	1	0	0	0	0	0	0
Todd Gurley	RB	14	0	0	0	79	1	34	0	4	0	0	0	0	0	0
Clive Walford	TE	14	0	0	0	4	0	0	0	0	0	0	0	0	0	0
Duke Johnson	RB	14	0	0	0	5	0	40	0	6	0	0	0	0	0	0
Ross Travis	TE	14	0	0	0	0	0	1	0	1	0	0	0	0	0	0
Sterling Shepard	WR	14	0	0	0	8	0	28	0	4	0	0	0	0	0	0
Austin Hooper	TE	14	0	0	0	0	0	32	0	2	0	0	0	0	0	0
C.J. Prosise	RB	14	0	0	0	2	0	0	0	0	0	0	0	0	0	0
Tyler Ervin	RB	14	0	0	0	0	0	0	0	0	0	0	0	0	0	0
Kalif Raymond	WR	14	0	0	0	0	0	11	0	1	0	0	0	0	0	0
Alex Erickson	WR	14	26	0	0	0	0	45	0	5	0	0	0	0	0	0
Josh Perkins	TE	14	0	0	0	0	0	37	0	5	0	0	0	0	0	0
J.D. McKissic	RB	14	0	0	0	2	0	16	0	4	0	0	0	0	0	0
Geronimo Allison	WR	14	0	0	0	0	0	11	0	1	0	0	0	0	0	0
Robbie Chosen	WR	14	0	0	0	4	0	117	1	7	0	0	0	0	0	0
Peyton Barber	RB	14	0	0	0	34	0	19	0	2	0	0	0	0	0	0
Derrick Henry	RB	14	0	0	0	103	2	6	0	1	0	0	0	0	0	0
Michael Thomas	WR	14	0	0	0	0	0	134	1	11	0	0	0	0	0	0
Demarcus Robinson	WR	14	0	0	0	0	0	12	0	1	0	0	0	0	0	0
Tajae Sharpe	WR	14	0	0	0	0	0	25	0	4	0	0	0	0	0	0
Wendell Smallwood	RB	14	0	0	0	4	0	0	0	0	0	0	0	0	0	0
Danny Vitale	RB	14	0	0	0	0	0	0	0	0	0	0	0	0	0	0
Cody Core	WR	14	0	0	0	0	0	0	0	0	0	0	0	0	0	0
DeAndre Washington	RB	14	0	0	0	53	1	43	0	6	0	0	0	0	0	0
Carson Wentz	QB	14	325	2	0	9	0	0	0	0	0	1	0	0	0	0
Laquon Treadwell	WR	14	0	0	0	0	0	42	0	2	0	0	0	0	0	0
Devontae Booker	RB	14	0	0	0	0	0	24	0	2	0	0	0	0	0	0
Marcus Johnson	WR	14	0	0	0	0	0	105	1	3	0	0	0	0	0	0
J.P. Holtz	TE	14	0	0	0	0	0	56	0	3	0	0	0	0	0	0
Tyler Boyd	WR	14	0	0	0	7	0	75	0	5	0	0	0	0	0	0
Jalen Richard	RB	14	0	0	0	28	0	18	0	2	0	0	0	0	0	0
Tyreek Hill	WR	14	0	0	0	8	0	62	0	6	0	0	0	0	0	0
Ezekiel Elliott	RB	14	0	0	0	81	2	12	0	2	0	0	0	0	0	0
Dak Prescott	QB	14	334	1	0	1	0	0	0	0	0	0	0	0	0	0
Hunter Henry	TE	14	0	0	0	0	0	39	1	2	0	0	0	0	0	0
Jared Goff	QB	14	293	2	2	4	0	0	0	0	0	0	0	0	0	0
Tyler Higbee	TE	14	0	0	0	0	0	116	0	7	0	0	0	0	0	0
Pharoh Cooper	WR	14	0	0	0	0	0	5	0	1	0	0	0	0	0	0
Kenyan Drake	RB	14	0	0	0	37	0	30	0	3	0	0	0	0	0	0
Jacoby Brissett	QB	14	251	2	0	26	0	0	0	0	0	0	0	1	0	0
Mo Alie-Cox	TE	14	0	0	0	0	0	8	0	1	0	0	0	0	0	0
Zach Pascal	WR	14	0	0	0	0	0	74	1	5	0	0	0	0	0	1
Darrell Daniels	TE	14	0	0	0	0	0	0	0	0	0	0	0	0	0	0
Christian McCaffrey	RB	14	0	0	0	53	0	82	0	11	0	0	0	0	0	0
Curtis Samuel	WR	14	0	0	0	17	0	25	0	2	0	0	0	0	0	0
George Kittle	TE	14	0	0	0	0	0	67	1	6	0	0	0	0	0	0
Aaron Jones	RB	14	0	0	0	134	1	58	0	6	0	0	0	0	0	0
Kendrick Bourne	WR	14	0	0	0	0	0	18	2	3	0	0	0	0	0	0
Matt Breida	RB	14	0	0	0	54	0	4	0	1	0	0	0	0	0	0
Cethan Carter	TE	14	0	0	0	0	0	0	0	0	0	0	0	0	0	0
Taysom Hill	TE	14	0	0	0	13	0	12	0	1	0	0	0	0	0	0
Tim Patrick	WR	14	0	0	0	0	0	50	0	2	0	0	0	0	0	0
Patrick Ricard	RB	14	0	0	0	0	0	0	0	0	0	0	0	0	0	0
Cody Hollister	WR	14	0	0	0	0	0	0	0	0	0	0	0	0	0	0
Jacob Hollister	TE	14	0	0	0	0	0	34	0	4	0	0	0	0	0	0
Anthony Firkser	TE	14	0	0	0	0	0	39	0	1	0	0	0	0	0	0
John Ross	WR	14	0	0	0	0	0	28	0	2	0	0	0	0	0	0
Isaiah McKenzie	WR	14	0	0	0	0	0	25	0	3	0	0	0	0	0	0
Isaiah Ford	WR	14	0	0	0	0	0	92	0	6	0	0	0	0	0	0
Jeremy Sprinkle	TE	14	0	0	0	0	0	0	0	0	0	0	0	0	0	0
Mike Williams	WR	14	0	0	0	0	0	63	1	2	0	0	0	0	0	0
Deshaun Watson	QB	14	292	1	2	44	2	0	0	0	0	0	0	0	0	0
Mack Hollins	WR	14	0	0	0	0	0	0	0	0	0	0	0	0	0	0
Tarik Cohen	RB	14	0	0	0	7	0	24	0	6	0	0	0	0	0	0
Brian Hill	RB	14	0	0	0	62	1	0	0	0	0	0	0	0	0	0
David Moore	WR	14	0	0	0	0	0	15	0	1	0	0	0	0	0	0
Chris Carson	RB	14	0	0	0	76	0	15	0	3	0	0	0	0	0	0
Ricky Seals-Jones	TE	14	0	0	0	0	0	22	0	1	0	0	0	0	0	0
Blake Jarwin	TE	14	0	0	0	0	0	50	0	6	0	0	0	0	0	0
Keelan Cole	WR	14	0	0	0	0	0	12	0	1	0	0	0	0	0	0
Austin Ekeler	RB	14	0	0	0	101	0	112	1	4	0	0	0	0	0	0
Greg Ward	WR	14	0	0	0	0	0	34	0	4	0	0	0	0	0	0
Robert Tonyan	TE	14	0	0	0	0	0	12	1	1	0	0	0	0	0	0
Trey Edmunds	RB	14	0	0	0	0	0	7	0	1	0	0	0	0	0	0
Dede Westbrook	WR	14	0	0	0	0	0	25	0	6	0	0	0	0	0	0
Dare Ogunbowale	RB	14	0	0	0	0	0	48	0	5	0	0	1	0	0	0
Leonard Fournette	RB	14	0	0	0	50	0	13	0	3	0	0	0	0	0	0
Jonnu Smith	TE	14	0	0	0	0	0	29	1	3	0	0	0	0	0	0
Mitchell Trubisky	QB	14	244	3	1	63	1	0	0	0	0	0	0	0	0	0
Corey Davis	WR	14	0	0	0	0	0	34	0	2	0	0	0	0	0	0
Patrick Mahomes	QB	14	283	1	1	6	0	0	0	0	0	0	0	0	0	0
O.J. Howard	TE	14	0	0	0	0	0	73	0	4	0	0	0	0	0	0
David Njoku	TE	14	0	0	0	0	0	4	0	1	0	0	0	0	0	0
Zay Jones	WR	14	0	0	0	0	0	5	0	1	0	0	0	0	0	0
Dalvin Cook	RB	14	0	0	0	62	1	13	0	2	0	0	0	0	0	0
Joe Mixon	RB	14	0	0	0	146	1	40	0	3	0	0	0	0	0	0
Alvin Kamara	RB	14	0	0	0	25	0	18	0	4	0	1	0	0	0	0
Cooper Kupp	WR	14	0	0	0	0	0	45	1	4	0	0	0	0	0	0
Chris Godwin Jr.	WR	14	0	0	0	0	0	91	0	7	0	0	0	0	0	0
Kareem Hunt	RB	14	0	0	0	28	1	40	0	2	0	0	0	0	0	0
Kenny Golladay	WR	14	0	0	0	0	0	58	1	6	0	0	0	0	0	0
Chad Williams	WR	14	0	0	0	0	0	0	0	0	0	0	0	0	0	0
Josh Reynolds	WR	14	0	0	0	29	0	0	0	0	0	0	0	0	0	0
Jamaal Williams	RB	14	0	0	0	24	0	0	0	0	0	0	0	0	0	0
Marlon Mack	RB	14	0	0	0	38	1	0	0	0	0	0	0	0	0	0
Brandon Zylstra	WR	14	0	0	0	0	0	7	0	1	0	0	0	0	0	0
Phillip Lindsay	RB	14	0	0	0	51	1	4	0	2	0	0	0	0	0	0
Christian Blake	WR	14	0	0	0	0	0	0	0	0	0	0	0	0	0	0
Gus Edwards	RB	14	0	0	0	20	0	0	0	0	0	0	0	0	0	0
De'Lance Turner	RB	14	0	0	0	0	0	0	0	0	0	0	0	0	0	0
Mike Boone	RB	14	0	0	0	13	0	0	0	0	0	0	0	0	0	0
Dontrell Hilliard	RB	14	0	0	0	0	0	0	0	0	0	0	0	0	0	0
Da'Mari Scott	WR	14	0	0	0	0	0	0	0	0	0	0	0	0	0	0
Tyler Conklin	TE	14	0	0	0	0	0	13	0	3	0	0	0	0	0	0
Damion Ratley	WR	14	0	0	0	0	0	0	0	0	0	0	0	0	0	0
Richie James	WR	14	0	0	0	-1	0	0	0	0	0	0	0	0	0	0
Byron Pringle	WR	14	0	0	0	0	0	14	0	1	0	0	0	0	0	0
Jaylen Samuels	RB	14	0	0	0	16	0	18	0	2	0	0	0	0	0	0
Courtland Sutton	WR	14	0	0	0	0	0	34	0	5	0	0	0	0	0	0
Dallas Goedert	TE	14	0	0	0	0	0	41	0	3	0	0	0	0	0	0
Anthony Miller	WR	14	0	0	0	0	0	42	1	3	0	0	0	0	0	0
Derrius Guice	RB	14	0	0	0	42	0	0	0	0	0	0	0	0	0	0
Jordan Akins	TE	14	0	0	0	0	0	49	0	4	0	0	0	0	0	0
Ian Thomas	TE	14	0	0	0	0	0	57	1	5	0	0	0	0	0	0
Keke Coutee	WR	14	0	0	0	0	0	68	0	5	0	0	1	0	0	0
Nyheim Hines	RB	14	0	0	0	1	0	24	0	4	0	0	1	0	0	0
DaeSean Hamilton	WR	14	0	0	0	0	0	36	0	2	0	0	0	0	0	0
Justin Watson	WR	14	0	0	0	0	0	59	1	5	0	0	0	0	0	0
Troy Fumagalli	TE	14	0	0	0	0	0	3	0	1	0	0	0	0	0	0
Jordan Wilkins	RB	14	0	0	0	1	0	0	0	0	0	0	0	0	0	0
Deon Cain	WR	14	0	0	0	0	0	22	0	1	0	0	0	0	0	0
Russell Gage	WR	14	0	0	0	0	0	17	0	2	0	0	0	0	0	0
Boston Scott	RB	14	0	0	0	59	1	69	0	6	0	0	0	0	0	0
Cedrick Wilson Jr.	WR	14	0	0	0	0	0	0	0	0	0	0	0	0	0	0
Braxton Berrios	WR	14	0	0	0	0	0	0	0	0	0	0	0	0	0	0
Javon Wims	WR	14	0	0	0	0	0	0	0	0	0	0	0	0	0	0
Bo Scarbrough	RB	14	0	0	0	65	0	5	0	1	0	0	0	0	0	0
Justin Jackson	RB	14	0	0	0	25	0	0	0	0	0	0	0	0	0	0
Buddy Howell	RB	14	0	0	0	0	0	0	0	0	0	0	0	0	0	0
Robert Foster	WR	14	0	0	0	0	0	0	0	0	0	0	0	0	0	0
Allen Lazard	WR	14	0	0	0	0	0	19	0	2	0	0	0	0	0	0
Kyle Allen	QB	14	293	1	2	24	1	0	0	0	1	0	0	0	0	0
Reggie Bonnafon	RB	14	0	0	0	6	0	0	0	0	0	0	0	0	0	0
Chris Lacy	WR	14	0	0	0	0	0	0	0	0	0	0	0	0	0	0
Ryan Nall	RB	14	0	0	0	0	0	0	0	0	0	0	0	0	0	0
Vyncint Smith	WR	14	0	0	0	0	0	37	0	1	0	0	0	0	0	0
Rico Gafford	WR	14	0	0	0	0	0	49	1	1	0	0	0	0	0	0
James Washington	WR	14	0	0	0	0	0	33	0	4	0	0	0	0	0	0
Chase Edmonds	RB	14	0	0	0	9	0	0	0	0	0	0	0	0	0	0
Auden Tate	WR	14	0	0	0	0	0	16	0	1	0	0	0	0	0	0
Rashaad Penny	RB	14	0	0	0	0	0	16	0	1	0	0	0	0	0	0
Mark Andrews	TE	14	0	0	0	0	0	14	0	1	0	0	0	0	0	0
Michael Gallup	WR	14	0	0	0	0	0	109	0	6	0	0	0	0	0	0
Tre'Quan Smith	WR	14	0	0	0	0	0	29	1	2	0	0	0	0	0	0
Christian Kirk	WR	14	0	0	0	4	0	85	0	8	0	0	0	0	0	0
DJ Chark	WR	14	0	0	0	0	0	75	0	9	0	0	0	0	0	0
Nick Chubb	RB	14	0	0	0	106	0	11	0	1	0	0	0	0	0	0
Lamar Jackson	QB	14	145	3	1	40	0	0	0	0	0	0	0	0	0	0
Durham Smythe	TE	14	0	0	0	0	0	2	0	1	0	0	0	0	0	0
Ronald Jones	RB	14	0	0	0	36	0	23	0	4	0	0	0	0	0	0
DJ Moore	WR	14	0	0	0	0	0	81	0	4	0	0	0	0	0	0
Mike Gesicki	TE	14	0	0	0	0	0	6	0	1	0	0	0	0	0	0
Hayden Hurst	TE	14	0	0	0	0	0	73	1	3	0	0	0	0	0	0
Calvin Ridley	WR	14	0	0	0	0	0	76	1	5	0	0	0	0	0	0
Royce Freeman	RB	14	0	0	0	24	0	8	1	2	0	0	0	0	0	0
Saquon Barkley	RB	14	0	0	0	66	0	1	0	3	0	0	0	0	0	0
Sony Michel	RB	14	0	0	0	8	0	1	0	1	0	0	0	0	0	0
KhaDarel Hodge	WR	14	0	0	0	0	0	0	0	0	0	0	0	0	0	0
Baker Mayfield	QB	14	192	0	2	13	1	0	0	0	0	0	0	0	0	0
Josh Allen	QB	14	146	1	0	9	0	0	0	0	1	0	0	1	0	0
Malik Turner	WR	14	0	0	0	0	0	10	0	1	0	0	0	0	0	0
Sam Darnold	QB	14	270	2	1	3	0	0	0	0	0	0	0	0	0	0
Steven Sims	WR	14	0	0	0	0	0	40	0	4	0	0	0	0	0	0
Jakobi Meyers	WR	14	0	0	0	0	0	35	0	1	0	0	0	0	0	0
Irv Smith	TE	14	0	0	0	0	0	21	0	3	0	0	0	0	0	0
Alexander Mattison	RB	14	0	0	0	46	0	18	0	2	0	0	0	0	0	0
Justice Hill	RB	14	0	0	0	8	0	0	0	0	0	0	0	0	0	0
Foster Moreau	TE	14	0	0	0	0	0	14	1	3	0	0	0	0	0	0
Kaden Smith	TE	14	0	0	0	0	0	9	0	2	0	0	0	0	0	0
Bisi Johnson	WR	14	0	0	0	0	0	9	1	1	0	0	0	0	0	0
Stephen Carlson	TE	14	0	0	0	0	0	0	0	0	0	0	0	0	0	0
David Blough	QB	14	205	1	2	0	0	0	0	0	0	0	0	0	0	0
Alexander Hollins	WR	14	0	0	0	0	0	0	0	0	0	0	0	0	0	0
Keelan Doss	WR	14	0	0	0	0	0	26	0	3	0	0	0	0	0	0
Mecole Hardman	WR	14	0	0	0	0	0	48	1	1	0	0	0	0	0	0
Darwin Thompson	RB	14	0	0	0	7	0	36	0	4	0	0	0	0	0	0
Olamide Zaccheaus	WR	14	0	0	0	0	0	93	1	1	0	0	0	0	0	0
Deonte Harty	WR	14	0	0	0	8	0	13	0	1	0	0	0	0	0	0
Diontae Johnson	WR	14	0	0	0	16	0	60	1	6	0	0	0	0	0	0
Benny Snell	RB	14	0	0	0	41	0	0	0	0	0	1	0	0	0	0
Kyler Murray	QB	14	194	2	3	2	0	0	0	0	0	0	0	0	0	0
Dwayne Haskins	QB	14	170	1	1	-1	0	0	0	0	0	0	0	0	0	0
Miles Sanders	RB	14	0	0	0	45	0	24	0	4	0	0	0	0	0	0
J.J. Arcega-Whiteside	WR	14	0	0	0	0	0	29	0	2	0	0	0	0	0	0
Devin Singletary	RB	14	0	0	0	89	0	29	0	6	0	0	0	0	0	0
Ryquell Armstead	RB	14	0	0	0	7	0	0	0	0	0	0	0	0	0	0
Qadree Ollison	RB	14	0	0	0	6	0	0	0	0	0	0	0	0	0	0
Gardner Minshew	QB	14	162	1	0	31	0	0	0	0	0	0	0	0	0	0
Kelvin Harmon	WR	14	0	0	0	0	0	30	0	1	0	0	0	0	0	0
Myles Gaskin	RB	14	0	0	0	5	0	6	0	1	0	0	0	0	0	0
Patrick Laird	RB	14	0	0	0	48	0	38	0	4	0	0	0	0	0	0
Michael Walker	WR	14	0	0	0	0	0	9	0	1	0	0	0	0	0	0
Stanley Morgan	WR	14	0	0	0	0	0	0	0	0	0	0	0	0	0	0
Jalen Guyton	WR	14	0	0	0	0	0	0	0	0	0	0	0	0	0	0
Jason Moore	WR	14	0	0	0	0	0	0	0	0	0	0	0	0	0	0
Greg Dortch	WR	14	0	0	0	0	0	0	0	0	0	0	0	0	0	0
Andy Isabella	WR	14	0	0	0	0	0	5	0	1	0	0	0	0	0	0
Darius Slayton	WR	14	0	0	0	0	0	154	2	5	0	0	0	0	0	0
Ty Johnson	RB	14	0	0	0	3	0	7	0	1	0	0	0	0	0	0
Isaac Nauta	TE	14	0	0	0	0	0	3	0	1	0	0	0	0	0	0
Ventell Bryant	WR	14	0	0	0	0	0	0	0	0	0	0	0	0	0	0
Charles Jones	TE	14	0	0	0	0	0	0	0	0	0	0	0	0	0	0
Jesper Horsted	TE	14	0	0	0	0	0	36	0	4	0	0	0	0	0	0
Devlin Hodges	QB	14	152	1	0	34	0	0	0	0	0	0	0	0	0	0
Riley Ridley	WR	14	0	0	0	0	0	5	0	1	0	0	0	0	0	0
Travis Homer	RB	14	0	0	0	0	0	0	0	0	0	0	0	0	0	0
Kerrith Whyte	RB	14	0	0	0	41	0	9	0	1	0	0	0	0	0	0
Nsimba Webster	WR	14	0	0	0	0	0	0	0	0	0	0	0	0	0	0
N'Keal Harry	TE	14	0	0	0	0	0	12	0	1	0	0	0	0	0	0
Parris Campbell	WR	14	0	0	0	0	0	12	0	3	0	0	0	0	0	0
DK Metcalf	WR	14	0	0	0	0	0	78	0	6	0	0	0	0	0	0
Noah Fant	TE	14	0	0	0	0	0	113	1	4	0	0	0	0	0	0
Terry McLaurin	WR	14	0	0	0	0	0	57	1	4	0	0	0	0	0	0
Marquise Brown	WR	14	0	0	0	0	0	-2	0	3	0	0	0	0	0	0
Darrell Henderson	RB	14	0	0	0	0	0	0	0	0	0	0	0	0	0	0
Jace Sternberger	TE	14	0	0	0	0	0	0	0	0	0	0	0	0	0	0
A.J. Brown	WR	14	0	0	0	13	0	153	2	5	0	0	0	0	0	0
David Montgomery	RB	14	0	0	0	86	0	0	0	0	0	1	0	0	0	0
Dawson Knox	TE	14	0	0	0	0	0	37	0	1	0	0	0	0	0	0
Drew Lock	QB	14	309	3	1	15	0	0	0	0	0	0	0	0	0	0
Deebo Samuel Sr.	WR	14	0	0	0	33	0	76	0	5	0	0	0	0	0	0
