player_display_name	position	week	passing_yards	passing_tds	passing_interceptions	rushing_yards	rushing_tds	receiving_yards	receiving_tds	receptions	sack_fumbles_lost	rushing_fumbles_lost	receiving_fumbles_lost	passing_2pt_conversions	rushing_2pt_conversions	receiving_2pt_conversions
Tom Brady	QB	1	267	0	0	0	0	0	0	0	0	0	0	0	0	0
Drew Brees	QB	1	291	1	0	0	0	0	0	0	0	0	0	0	0	0
Josh McCown	QB	1	187	0	2	0	1	0	0	0	0	0	0	0	0	0
Carson Palmer	QB	1	268	1	3	2	0	0	0	0	0	0	0	0	0	0
Antonio Gates	TE	1	0	0	0	0	0	17	0	2	0	0	0	0	0	0
Jason Witten	TE	1	0	0	0	0	0	59	1	7	0	0	0	0	0	0
Eli Manning	QB	1	220	0	1	-1	0	0	0	0	0	0	0	0	0	0
Larry Fitzgerald	WR	1	0	0	0	0	0	74	0	6	0	0	0	0	0	0
Ben Roethlisberger	QB	1	263	2	1	-8	0	0	0	0	0	0	0	0	0	0
Philip Rivers	QB	1	192	3	1	0	0	0	0	0	0	0	0	0	0	0
Benjamin Watson	TE	1	0	0	0	0	0	0	0	0	0	0	0	0	0	0
Alex Smith	QB	1	368	4	0	3	0	0	0	0	0	0	0	0	0	0
Aaron Rodgers	QB	1	311	1	1	21	0	0	0	0	0	0	0	0	0	0
Frank Gore	RB	1	0	0	0	42	0	10	0	1	0	0	0	0	0	0
Darren Sproles	RB	1	0	0	0	2	0	43	0	5	0	0	0	0	0	0
Vernon Davis	TE	1	0	0	0	0	0	0	0	0	0	0	0	0	0	0
Marcedes Lewis	TE	1	0	0	0	0	0	0	0	0	0	0	0	0	0	0
Brandon Marshall	WR	1	0	0	0	0	0	10	0	1	0	0	0	0	0	0
Delanie Walker	TE	1	0	0	0	0	0	76	0	7	0	0	0	0	0	0
Eric Weems	WR	1	0	0	0	0	0	0	0	0	0	0	0	0	0	0
Adrian Peterson	RB	1	0	0	0	18	0	0	0	0	0	0	0	0	0	0
Ted Ginn	WR	1	0	0	0	5	0	53	0	4	0	0	0	0	0	0
Marshawn Lynch	RB	1	0	0	0	76	0	16	0	1	0	0	0	0	0	0
Greg Olsen	TE	1	0	0	0	0	0	18	0	2	0	0	0	0	0	0
Brent Celek	TE	1	0	0	0	0	0	11	0	1	0	0	0	0	0	0
Danny Woodhead	RB	1	0	0	0	4	0	33	0	3	0	0	0	0	0	0
Danny Amendola	WR	1	0	0	0	0	0	100	0	6	0	0	0	0	0	0
Matt Ryan	QB	1	321	1	0	11	0	0	0	0	0	0	0	0	0	0
Jonathan Stewart	RB	1	0	0	0	65	0	17	1	2	0	0	0	0	0	0
Joe Flacco	QB	1	121	1	1	0	0	0	0	0	0	0	0	0	0	0
Jordy Nelson	WR	1	0	0	0	0	0	79	1	7	0	0	0	0	0	0
Matt Forte	RB	1	0	0	0	16	0	20	0	3	0	0	0	0	0	0
Martellus Bennett	TE	1	0	0	0	0	0	43	0	3	0	0	0	0	0	0
Jamaal Charles	RB	1	0	0	0	40	0	0	0	0	0	1	0	0	0	0
Pierre Garcon	WR	1	0	0	0	0	0	81	0	6	0	0	0	0	0	0
Matthew Stafford	QB	1	292	4	1	14	0	0	0	0	0	0	0	0	0	0
Brian Hoyer	QB	1	193	0	1	-5	0	0	0	0	1	0	0	0	0	0
Mike Wallace	WR	1	0	0	0	0	0	8	0	1	0	0	0	0	0	0
Darrius Heyward-Bey	WR	1	0	0	0	0	0	0	0	0	0	0	0	0	0	0
Michael Crabtree	WR	1	0	0	0	0	0	83	0	6	0	0	0	0	0	0
Jeremy Maclin	WR	1	0	0	0	0	0	56	1	2	0	0	0	0	0	0
Kenny Britt	WR	1	0	0	0	0	0	13	0	1	0	0	0	0	0	0
LeSean McCoy	RB	1	0	0	0	110	0	49	0	5	0	0	0	0	0	0
Brandon Tate	WR	1	0	0	0	0	0	0	0	0	0	0	0	0	0	0
Jared Cook	TE	1	0	0	0	0	0	56	0	5	0	0	0	0	0	0
Zach Miller	TE	1	0	0	0	0	0	39	0	4	0	0	0	0	0	0
LeGarrette Blount	RB	1	0	0	0	46	0	1	1	1	0	0	0	0	0	0
Chris Ivory	RB	1	0	0	0	42	0	11	0	1	0	0	0	0	0	0
Arrelious Benn	WR	1	0	0	0	0	0	12	0	1	0	0	0	0	0	0
Rob Gronkowski	TE	1	0	0	0	0	0	33	0	2	0	0	0	0	0	0
Ed Dickson	TE	1	0	0	0	0	0	0	0	0	0	0	0	0	0	0
Brandon LaFell	WR	1	0	0	0	0	0	24	0	3	0	0	0	0	0	0
Emmanuel Sanders	WR	1	0	0	0	0	0	26	0	3	0	0	0	0	0	0
Eric Decker	WR	1	0	0	0	0	0	10	0	3	0	0	0	0	0	0
Andre Roberts	WR	1	0	0	0	0	0	0	0	0	0	0	0	0	0	0
Jimmy Graham	TE	1	0	0	0	0	0	8	0	3	0	0	0	0	0	0
Antonio Brown	WR	1	0	0	0	0	0	182	0	11	0	0	0	0	0	0
Sam Bradford	QB	1	346	3	0	-3	0	0	0	0	0	0	0	0	0	0
Jermaine Gresham	TE	1	0	0	0	0	0	15	0	3	0	0	0	0	0	0
Demaryius Thomas	WR	1	0	0	0	0	0	67	0	5	0	0	0	0	0	0
Golden Tate	WR	1	0	0	0	7	0	107	0	10	0	0	0	0	0	0
Dez Bryant	WR	1	0	0	0	0	0	43	0	2	0	0	0	0	0	0
Cam Newton	QB	1	171	2	1	3	0	0	0	0	0	0	0	0	0	0
A.J. Green	WR	1	0	0	0	0	0	74	0	5	0	0	0	0	0	0
Julio Jones	WR	1	0	0	0	0	0	66	0	4	0	0	0	0	0	0
Mark Ingram	RB	1	0	0	0	17	0	54	0	5	0	0	0	0	0	0
Andy Dalton	QB	1	170	0	4	2	0	0	0	0	1	0	0	0	0	0
Kyle Rudolph	TE	1	0	0	0	0	0	26	1	3	0	0	0	0	0	0
Lance Kendricks	TE	1	0	0	0	0	0	18	0	2	0	0	0	0	0	0
Shane Vereen	RB	1	0	0	0	0	0	51	0	9	0	0	0	0	0	0
Torrey Smith	WR	1	0	0	0	0	0	30	0	1	0	0	0	0	0	0
Randall Cobb	WR	1	0	0	0	0	0	85	0	9	0	0	0	0	0	0
DeMarco Murray	RB	1	0	0	0	44	0	16	0	2	0	0	0	0	0	0
Taiwan Jones	RB	1	0	0	0	0	0	0	0	0	0	0	0	0	0	0
Bilal Powell	RB	1	0	0	0	22	0	17	0	5	0	0	0	0	0	0
Dion Lewis	RB	1	0	0	0	9	0	0	0	0	0	0	0	0	0	0
Charles Clay	TE	1	0	0	0	0	0	53	1	4	0	0	0	0	0	0
Dwayne Harris	WR	1	0	0	0	0	0	0	0	0	0	0	0	0	0	0
Aldrick Robinson	WR	1	0	0	0	0	0	7	0	1	0	0	0	0	0	0
Tyrod Taylor	QB	1	224	2	1	38	0	0	0	0	0	0	0	0	0	0
Virgil Green	TE	1	0	0	0	0	0	44	0	1	0	0	0	0	0	0
Chris Hogan	WR	1	0	0	0	17	0	8	0	1	0	0	0	0	0	0
Andre Holmes	WR	1	0	0	0	0	0	1	1	1	0	0	0	0	0	0
Doug Baldwin	WR	1	0	0	0	-3	0	63	0	4	0	0	0	0	0	0
Kamar Aiken	WR	1	0	0	0	0	0	3	0	1	0	0	0	0	0	0
Patrick DiMarco	RB	1	0	0	0	0	0	5	0	1	0	0	0	0	0	0
Scott Tolzien	QB	1	128	0	2	2	0	0	0	0	0	0	0	0	0	0
Terrelle Pryor	WR	1	0	0	0	0	0	66	0	6	0	0	0	0	0	0
Cole Beasley	WR	1	0	0	0	0	0	32	0	3	0	0	0	0	0	0
Derek Carrier	TE	1	0	0	0	0	0	12	0	1	0	0	0	0	0	0
Alshon Jeffery	WR	1	0	0	0	0	0	38	0	3	0	0	0	0	0	1
Alfred Morris	RB	1	0	0	0	1	0	0	0	0	0	0	0	0	0	0
Jermaine Kearse	WR	1	0	0	0	0	0	59	0	7	0	0	0	0	0	0
Brandon Bolden	RB	1	0	0	0	0	0	0	0	0	0	0	0	0	0	0
Russell Wilson	QB	1	158	0	0	40	0	0	0	0	1	0	0	0	0	0
Travis Benjamin	WR	1	0	0	0	0	0	43	1	3	0	0	0	0	0	0
Robert Turbin	RB	1	0	0	0	7	0	-4	0	1	0	0	0	0	0	0
Marvin Jones	WR	1	0	0	0	0	0	37	1	2	0	0	0	0	0	0
Josh Bellamy	WR	1	0	0	0	0	0	27	0	3	0	0	0	0	0	0
Deonte Thompson	WR	1	0	0	0	0	0	15	0	1	0	0	0	0	0	0
Jarius Wright	WR	1	0	0	0	0	0	21	0	1	0	0	0	0	0	0
Rishard Matthews	WR	1	0	0	0	0	0	71	0	5	0	0	0	0	0	0
Rhett Ellison	TE	1	0	0	0	0	0	9	0	1	0	0	0	0	0	0
Kirk Cousins	QB	1	240	1	1	30	0	0	0	0	2	0	0	0	0	0
T.Y. Hilton	WR	1	0	0	0	0	0	57	0	3	0	0	1	0	0	0
Lamar Miller	RB	1	0	0	0	65	0	31	0	2	0	0	0	0	0	0
Mohamed Sanu	WR	1	0	0	0	0	0	47	0	6	0	0	0	0	0	0
Brian Quick	WR	1	0	0	0	0	0	11	0	1	0	0	0	0	0	0
Dwayne Allen	TE	1	0	0	0	0	0	0	0	0	0	0	0	0	0	0
Coby Fleener	TE	1	0	0	0	0	0	54	1	5	0	0	0	0	0	0
Kendall Wright	WR	1	0	0	0	0	0	34	0	3	0	0	0	0	0	0
Fozzy Whittaker	RB	1	0	0	0	1	0	0	0	0	0	0	0	0	0	0
Ifeanyi Momah	TE	1	0	0	0	0	0	0	0	0	0	0	0	0	0	0
Benny Cunningham	RB	1	0	0	0	0	0	0	0	0	0	0	0	0	0	0
C.J. Anderson	RB	1	0	0	0	81	0	7	0	1	0	0	0	0	0	0
Adam Thielen	WR	1	0	0	0	0	0	157	0	9	0	0	0	0	0	0
Zach Ertz	TE	1	0	0	0	0	0	93	0	8	0	0	0	0	0	0
Marquise Goodwin	WR	1	0	0	0	0	0	21	0	3	0	0	0	0	0	0
Luke Willson	TE	1	0	0	0	0	0	0	0	0	0	0	0	0	0	0
Theo Riddick	RB	1	0	0	0	-1	0	27	1	6	0	0	0	0	0	0
Ryan Griffin	TE	1	0	0	0	0	0	0	0	0	0	0	0	0	0	0
Kerwynn Williams	RB	1	0	0	0	10	1	2	0	1	0	0	0	0	0	0
Russell Shepard	WR	1	0	0	0	0	0	53	1	2	0	0	0	0	0	0
Demetrius Harris	TE	1	0	0	0	0	0	15	1	2	0	0	0	0	0	0
Jack Doyle	TE	1	0	0	0	0	0	41	0	2	0	0	0	0	0	0
Keenan Allen	WR	1	0	0	0	0	0	35	1	5	0	0	0	0	0	0
Andre Ellington	RB	1	0	0	0	0	0	35	0	2	0	0	0	0	0	0
Rex Burkhead	RB	1	0	0	0	15	0	8	0	1	0	0	0	0	0	0
Jaron Brown	WR	1	0	0	0	0	0	0	0	0	0	0	0	0	0	0
Chris Thompson	RB	1	0	0	0	4	0	52	1	4	0	0	0	0	0	0
Dion Sims	TE	1	0	0	0	0	0	31	0	2	0	0	0	0	0	0
Robert Woods	WR	1	0	0	0	0	0	53	0	3	0	0	0	0	0	0
Mike Gillislee	RB	1	0	0	0	45	3	0	0	0	0	0	0	0	0	0
Levine Toilolo	TE	1	0	0	0	0	0	0	0	0	0	0	0	0	0	0
Giovani Bernard	RB	1	0	0	0	40	0	39	0	1	0	0	0	0	0	0
Vance McDonald	TE	1	0	0	0	0	0	0	0	0	0	0	0	0	0	0
Jordan Reed	TE	1	0	0	0	0	0	36	0	5	0	0	0	0	0	0
Eddie Lacy	RB	1	0	0	0	3	0	0	0	0	0	0	0	0	0	0
Le'Veon Bell	RB	1	0	0	0	32	0	15	0	3	0	0	0	0	0	0
Travis Kelce	TE	1	0	0	0	4	0	40	0	5	0	0	0	0	0	0
Latavius Murray	RB	1	0	0	0	6	0	0	0	0	0	0	0	0	0	0
Brice Butler	WR	1	0	0	0	0	0	30	0	1	0	0	0	0	0	0
Mike Glennon	QB	1	213	1	0	0	0	0	0	0	0	0	0	0	0	0
Tavon Austin	WR	1	0	0	0	11	0	7	0	1	0	0	0	0	0	0
Terrance Williams	WR	1	0	0	0	0	0	68	0	6	0	0	0	0	0	0
Tyler Eifert	TE	1	0	0	0	0	0	4	0	1	0	0	0	0	0	0
DeAndre Hopkins	WR	1	0	0	0	0	0	55	1	7	0	0	0	0	0	0
Cordarrelle Patterson	RB	1	0	0	0	5	0	2	0	1	0	0	0	0	0	0
Isaiah Crowell	RB	1	0	0	0	33	0	33	0	2	0	0	0	0	1	0
Charcandrick West	RB	1	0	0	0	21	1	4	0	1	0	0	0	0	0	0
Albert Wilson	WR	1	0	0	0	0	0	37	0	5	0	0	0	0	0	0
Bennie Fowler	WR	1	0	0	0	0	0	21	2	3	0	0	0	0	0	0
Trey Burton	TE	1	0	0	0	0	0	0	0	0	0	0	0	0	0	0
Brandon Coleman	WR	1	0	0	0	0	0	13	0	2	0	0	0	0	0	0
Allen Hurns	WR	1	0	0	0	0	0	42	0	3	0	0	0	0	0	0
Orleans Darkwa	RB	1	0	0	0	14	0	-1	0	1	0	0	0	0	0	0
Michael Campanaro	WR	1	0	0	0	2	0	0	0	0	0	0	0	0	0	0
Troy Niklas	TE	1	0	0	0	0	0	0	0	0	0	0	0	0	0	0
Carlos Hyde	RB	1	0	0	0	45	0	32	0	6	0	0	0	0	0	0
John Brown	WR	1	0	0	0	10	0	32	0	4	0	0	0	0	0	0
De'Anthony Thomas	WR	1	0	0	0	4	0	-2	0	1	0	0	0	0	0	0
James White	RB	1	0	0	0	38	0	30	0	3	0	0	0	0	0	0
Tom Savage	QB	1	62	0	0	0	0	0	0	0	2	0	0	0	0	0
Ryan Grant	WR	1	0	0	0	0	0	61	0	4	0	0	0	0	0	0
Seth Roberts	WR	1	0	0	0	0	0	19	1	1	0	0	0	0	0	0
T.J. Jones	WR	1	0	0	0	0	0	32	0	2	0	0	0	0	0	0
Taylor Gabriel	WR	1	0	0	0	0	0	36	0	3	0	0	0	0	0	0
Brandin Cooks	WR	1	0	0	0	0	0	88	0	3	0	0	0	0	0	0
Paul Richardson	WR	1	0	0	0	0	0	59	0	4	0	0	0	0	0	0
Branden Oliver	RB	1	0	0	0	10	0	0	0	0	0	0	0	0	0	0
Derek Carr	QB	1	262	2	0	2	0	0	0	0	0	0	0	0	0	0
Devonta Freeman	RB	1	0	0	0	37	1	2	0	2	0	0	0	0	0	0
Jordan Matthews	TE	1	0	0	0	0	0	61	0	2	0	0	0	0	0	0
Jeremy Hill	RB	1	0	0	0	26	0	-2	0	1	0	0	0	0	0	0
C.J. Fiedorowicz	TE	1	0	0	0	0	0	46	0	4	0	0	0	0	0	0
Matt Hazel	WR	1	0	0	0	0	0	1	0	1	0	0	0	0	0	0
Sammy Watkins	WR	1	0	0	0	0	0	58	0	5	0	0	0	0	0	0
Bruce Ellington	WR	1	0	0	0	0	0	0	0	0	0	0	0	0	0	0
Donte Moncrief	WR	1	0	0	0	0	0	50	0	1	0	0	0	0	0	0
Cody Latimer	WR	1	0	0	0	0	0	0	0	0	0	0	0	0	0	0
Kelvin Benjamin	WR	1	0	0	0	0	0	25	0	1	0	0	0	0	0	0
Martavis Bryant	WR	1	0	0	0	0	0	14	0	2	0	0	0	0	0	0
Terrance West	RB	1	0	0	0	80	1	0	0	0	0	0	0	0	0	0
Jerick McKinnon	RB	1	0	0	0	5	0	32	0	3	0	0	0	0	0	0
Davante Adams	WR	1	0	0	0	0	0	47	0	3	0	0	0	0	0	0
Eric Ebron	TE	1	0	0	0	0	0	9	0	2	0	0	0	0	0	0
Blake Bortles	QB	1	125	1	0	13	0	0	0	0	0	0	0	0	0	0
Allen Robinson	WR	1	0	0	0	0	0	17	0	1	0	0	0	0	0	0
Marqise Lee	WR	1	0	0	0	0	0	0	0	0	0	0	0	0	0	0
Quan Bray	WR	1	0	0	0	0	0	0	0	0	0	0	0	0	0	0
Amari Cooper	WR	1	0	0	0	0	0	62	1	5	0	0	0	0	0	0
Kevin White	WR	1	0	0	0	0	0	6	0	2	0	0	0	0	0	0
Nelson Agholor	WR	1	0	0	0	0	0	86	1	6	0	0	0	0	0	0
Maxx Williams	TE	1	0	0	0	0	0	5	0	1	0	0	0	0	0	0
Javorius Allen	RB	1	0	0	0	71	0	0	0	0	0	0	0	0	0	0
Stefon Diggs	WR	1	0	0	0	-6	0	93	2	7	0	0	0	0	0	0
Nick Boyle	TE	1	0	0	0	0	0	14	0	1	0	0	0	0	0	0
A.J. Derby	TE	1	0	0	0	0	0	34	0	3	0	0	0	0	0	0
Raheem Mostert	RB	1	0	0	0	0	0	0	0	0	0	0	0	0	0	0
Eric Tomlinson	TE	1	0	0	0	0	0	25	0	2	0	0	0	0	0	0
Eli Rogers	WR	1	0	0	0	0	0	11	0	2	0	0	0	0	0	0
Malcolm Brown	RB	1	0	0	0	16	1	0	0	0	0	0	0	0	0	0
Damiere Byrd	WR	1	0	0	0	0	0	0	0	0	0	0	0	0	0	0
Jamison Crowder	WR	1	0	0	0	0	0	14	0	3	0	0	0	0	0	0
James O'Shaughnessy	TE	1	0	0	0	0	0	18	0	1	0	0	0	0	0	0
Will Tye	TE	1	0	0	0	0	0	34	0	3	0	0	0	0	0	0
Breshad Perriman	WR	1	0	0	0	0	0	5	0	1	0	0	0	0	0	0
Devin Funchess	WR	1	0	0	0	0	0	20	0	2	0	0	0	0	0	0
Tevin Coleman	RB	1	0	0	0	16	0	42	0	4	0	0	0	0	0	0
Ameer Abdullah	RB	1	0	0	0	30	0	11	0	3	0	0	0	0	0	0
J.J. Nelson	WR	1	0	0	0	0	0	43	1	5	0	0	0	0	0	0
Nick O'Leary	TE	1	0	0	0	0	0	22	0	1	0	0	0	0	0	0
Chris Conley	WR	1	0	0	0	0	0	43	0	2	0	0	0	0	0	0
Jesse James	TE	1	0	0	0	0	0	41	2	6	0	0	0	0	0	0
Melvin Gordon	RB	1	0	0	0	54	0	25	1	5	0	0	0	0	0	0
Trevor Siemian	QB	1	219	2	1	19	1	0	0	0	0	0	0	0	0	0
Tyrell Williams	WR	1	0	0	0	0	0	54	0	5	0	0	0	0	0	0
David Johnson	RB	1	0	0	0	23	0	67	0	6	0	1	0	0	0	0
Vince Mayle	TE	1	0	0	0	0	0	0	0	0	0	0	0	0	0	0
Ty Montgomery	WR	1	0	0	0	54	1	39	0	4	0	0	0	0	0	0
Phillip Dorsett	WR	1	0	0	0	0	0	0	0	0	0	0	0	0	0	0
Tyler Lockett	WR	1	0	0	0	0	0	8	0	1	0	0	0	0	0	0
Tyler Kroft	TE	1	0	0	0	0	0	5	0	1	0	0	0	0	0	0
Jeff Heuerman	TE	1	0	0	0	0	0	20	0	1	0	0	0	0	0	0
Todd Gurley	RB	1	0	0	0	40	1	56	0	5	0	0	0	0	0	0
Sean Mannion	QB	1	12	0	0	-7	0	0	0	0	0	0	0	0	0	0
Kasen Williams	WR	1	0	0	0	0	0	0	0	0	0	0	0	0	0	0
Duke Johnson	RB	1	0	0	0	0	0	20	0	2	0	0	0	0	0	0
Marcus Mariota	QB	1	256	0	0	26	1	0	0	0	0	0	0	0	0	0
Ross Travis	TE	1	0	0	0	0	0	0	0	0	0	0	0	0	0	0
Rob Kelley	RB	1	0	0	0	30	0	0	0	0	0	0	0	0	0	0
Sterling Shepard	WR	1	0	0	0	6	0	44	0	7	0	0	0	0	0	0
Austin Hooper	TE	1	0	0	0	0	0	128	1	2	0	0	0	0	0	0
C.J. Prosise	RB	1	0	0	0	11	0	0	0	0	0	0	0	0	0	0
Nick Vannett	TE	1	0	0	0	0	0	10	0	1	0	0	0	0	0	0
Chris Moore	WR	1	0	0	0	0	0	0	0	0	0	0	0	0	0	0
Tyler Ervin	RB	1	0	0	0	8	0	18	0	4	0	0	0	0	0	0
Paul Perkins	RB	1	0	0	0	16	0	9	0	2	0	0	0	0	0	0
Trevor Davis	WR	1	0	0	0	0	0	0	0	0	0	0	0	0	0	0
Jerell Adams	TE	1	0	0	0	0	0	0	0	0	0	0	0	0	0	0
David Morgan	TE	1	0	0	0	0	0	0	0	0	0	0	0	0	0	0
Jake Rudock	QB	1	0	0	0	0	0	0	0	0	0	0	0	0	0	0
Dwayne Washington	RB	1	0	0	0	22	0	0	0	0	0	0	0	0	0	0
Kalif Raymond	WR	1	0	0	0	0	0	0	0	0	0	0	0	0	0	0
Tanner McEvoy	WR	1	0	0	0	0	0	0	0	0	0	0	0	0	0	0
Alex Erickson	WR	1	0	0	0	0	0	0	0	0	0	0	0	0	0	0
Roger Lewis	WR	1	0	0	0	0	0	54	0	4	0	0	0	0	0	0
Robbie Chosen	WR	1	0	0	0	0	0	22	0	4	0	0	0	0	0	0
Stephen Anderson	TE	1	0	0	0	0	0	14	0	2	0	0	0	0	0	0
Derrick Henry	RB	1	0	0	0	25	0	0	0	0	0	0	0	0	0	0
Michael Thomas	WR	1	0	0	0	0	0	45	0	5	0	0	0	0	0	0
Jordan Howard	RB	1	0	0	0	52	1	14	0	3	0	0	0	0	0	0
Wendell Smallwood	RB	1	0	0	0	4	0	5	0	1	0	0	0	0	0	0
Cody Core	WR	1	0	0	0	0	0	0	0	0	0	0	0	0	0	0
Tommylee Lewis	WR	1	0	0	0	0	0	52	0	2	0	0	0	0	0	0
DeAndre Washington	RB	1	0	0	0	4	0	18	0	2	0	0	0	0	0	0
Carson Wentz	QB	1	307	2	1	6	0	0	0	0	0	1	0	1	0	0
Laquon Treadwell	WR	1	0	0	0	0	0	7	0	1	0	0	0	0	0	0
Corey Coleman	WR	1	0	0	0	0	0	53	1	5	0	0	0	0	0	0
Tyler Boyd	WR	1	0	0	0	0	0	11	0	1	0	0	0	0	0	0
Jalen Richard	RB	1	0	0	0	22	0	6	0	1	0	0	0	0	0	0
Tyreek Hill	WR	1	0	0	0	5	0	133	1	7	0	0	0	0	0	0
Ezekiel Elliott	RB	1	0	0	0	104	0	36	0	5	0	0	0	0	0	0
Braxton Miller	WR	1	0	0	0	0	0	0	0	0	0	0	0	0	0	0
Dak Prescott	QB	1	268	1	0	24	0	0	0	0	0	0	0	0	0	0
Ricardo Louis	WR	1	0	0	0	0	0	32	0	2	0	0	0	0	0	0
Seth DeValve	TE	1	0	0	0	0	0	42	0	4	0	0	0	0	0	0
Jared Goff	QB	1	306	1	0	2	0	0	0	0	0	0	0	0	0	0
Tyler Higbee	TE	1	0	0	0	0	0	17	0	2	0	0	0	0	0	0
Pharoh Cooper	WR	1	0	0	0	0	0	0	0	0	0	0	0	0	0	0
Jacoby Brissett	QB	1	51	0	0	0	0	0	0	0	0	0	0	0	0	0
Christian McCaffrey	RB	1	0	0	0	47	0	38	0	5	0	1	0	0	0	0
George Kittle	TE	1	0	0	0	0	0	27	0	5	0	0	0	0	0	0
Trent Taylor	WR	1	0	0	0	0	0	8	0	1	0	0	0	0	0	0
Matt Breida	RB	1	0	0	0	11	0	0	0	0	0	0	0	0	0	0
Patrick Ricard	RB	1	0	0	0	0	0	0	0	0	0	0	0	0	0	0
Isaiah McKenzie	WR	1	0	0	0	0	0	0	0	0	0	0	0	0	0	0
Deshaun Watson	QB	1	102	1	1	16	0	0	0	0	1	0	0	0	0	0
James Conner	RB	1	0	0	0	11	0	0	0	0	0	0	0	0	0	0
Mack Hollins	WR	1	0	0	0	0	0	0	0	0	0	0	0	0	0	0
Tarik Cohen	RB	1	0	0	0	66	0	47	1	8	0	0	0	0	0	0
Ryan Switzer	WR	1	0	0	0	0	0	0	0	0	0	0	0	0	0	0
Jamal Agnew	WR	1	0	0	0	0	0	0	0	0	0	0	0	0	0	0
Eric Saubert	TE	1	0	0	0	0	0	0	0	0	0	0	0	0	0	0
Chris Carson	RB	1	0	0	0	39	0	10	0	1	0	0	0	0	0	0
Matt Dayes	RB	1	0	0	0	7	0	9	0	2	0	0	0	0	0	0
Keelan Cole	WR	1	0	0	0	0	0	0	0	0	0	0	0	0	0	0
Austin Ekeler	RB	1	0	0	0	0	0	18	0	2	0	0	0	0	0	0
Corey Clement	RB	1	0	0	0	0	0	0	0	0	0	0	0	0	0	0
Justin Davis	RB	1	0	0	0	1	0	0	0	0	0	0	0	0	0	0
Trey Edmunds	RB	1	0	0	0	0	0	0	0	0	0	0	0	0	0	0
Chad Hansen	WR	1	0	0	0	0	0	0	0	0	0	0	0	0	0	0
Leonard Fournette	RB	1	0	0	0	100	1	24	0	3	0	0	0	0	0	0
JuJu Smith-Schuster	WR	1	0	0	0	0	0	0	0	0	0	0	0	0	0	0
Jonnu Smith	TE	1	0	0	0	0	0	0	0	0	0	0	0	0	0	0
Corey Davis	WR	1	0	0	0	0	0	69	0	6	0	0	0	0	0	0
Evan Engram	TE	1	0	0	0	0	0	44	0	4	0	0	0	0	0	0
David Njoku	TE	1	0	0	0	0	0	20	0	2	0	0	0	0	0	0
Zay Jones	WR	1	0	0	0	0	0	21	0	1	0	0	0	0	0	0
Dalvin Cook	RB	1	0	0	0	127	0	10	0	3	0	0	0	0	0	0
Gerald Everett	TE	1	0	0	0	0	0	39	0	1	0	0	0	0	0	0
Joe Mixon	RB	1	0	0	0	9	0	15	0	3	0	0	0	0	0	0
DeShone Kizer	QB	1	222	1	1	17	1	0	0	0	0	0	0	0	0	0
Alvin Kamara	RB	1	0	0	0	18	0	20	0	4	0	0	0	0	0	0
Cooper Kupp	WR	1	0	0	0	0	0	76	1	4	0	0	0	0	0	0
Taywan Taylor	WR	1	0	0	0	0	0	14	0	2	0	0	0	0	0	0
ArDarius Stewart	WR	1	0	0	0	0	0	10	0	2	0	0	0	0	0	0
Kareem Hunt	RB	1	0	0	0	148	1	98	2	5	0	1	0	0	0	0
D'Onta Foreman	RB	1	0	0	0	4	0	0	0	0	0	0	0	0	0	0
Kenny Golladay	WR	1	0	0	0	0	0	69	2	4	0	0	0	0	0	0
Amara Darboh	WR	1	0	0	0	0	0	0	0	0	0	0	0	0	0	0
Josh Reynolds	WR	1	0	0	0	0	0	0	0	0	0	0	0	0	0	0
Jamaal Williams	RB	1	0	0	0	9	0	0	0	0	0	0	0	0	0	0
Marlon Mack	RB	1	0	0	0	24	1	21	0	1	0	0	0	0	0	0
Tom Brady	QB	2	447	3	0	9	0	0	0	0	0	0	0	0	0	0
Drew Brees	QB	2	356	2	0	0	0	0	0	0	0	0	0	0	0	0
Josh McCown	QB	2	166	2	0	31	0	0	0	0	1	0	0	0	0	0
Carson Palmer	QB	2	332	1	1	6	0	0	0	0	0	0	0	0	0	0
Antonio Gates	TE	2	0	0	0	0	0	11	1	2	0	0	0	0	0	0
Jason Witten	TE	2	0	0	0	0	0	97	1	10	0	0	0	0	0	0
Eli Manning	QB	2	239	1	1	0	0	0	0	0	0	0	0	0	0	0
Larry Fitzgerald	WR	2	0	0	0	0	0	21	0	3	0	0	0	0	0	0
Ben Roethlisberger	QB	2	243	2	0	-2	0	0	0	0	0	0	0	0	0	0
Philip Rivers	QB	2	331	1	0	0	0	0	0	0	0	0	0	0	0	0
Benjamin Watson	TE	2	0	0	0	0	0	91	0	8	0	0	0	0	0	0
Alex Smith	QB	2	251	1	0	21	0	0	0	0	0	0	0	0	0	0
Aaron Rodgers	QB	2	343	2	1	8	0	0	0	0	1	0	0	0	0	0
Frank Gore	RB	2	0	0	0	46	1	0	0	0	0	0	0	0	0	0
Darren Sproles	RB	2	0	0	0	48	0	30	0	2	0	0	0	0	0	0
Ryan Fitzpatrick	QB	2	0	0	0	-2	0	0	0	0	0	0	0	0	0	0
Vernon Davis	TE	2	0	0	0	0	0	13	0	1	0	0	0	0	0	0
Jay Cutler	QB	2	230	1	0	-1	0	0	0	0	0	0	0	0	0	0
Marcedes Lewis	TE	2	0	0	0	0	0	0	0	0	0	0	0	0	0	0
Brandon Marshall	WR	2	0	0	0	0	0	17	0	1	0	0	0	0	0	0
Delanie Walker	TE	2	0	0	0	1	1	61	0	4	0	0	0	0	0	0
Eric Weems	WR	2	0	0	0	0	0	0	0	0	0	0	0	0	0	0
Adrian Peterson	RB	2	0	0	0	26	0	0	0	0	0	0	0	0	0	0
Ted Ginn	WR	2	0	0	0	0	0	24	0	3	0	0	0	0	0	0
Marshawn Lynch	RB	2	0	0	0	45	1	4	0	1	0	0	0	0	0	0
Greg Olsen	TE	2	0	0	0	0	0	10	0	1	0	0	0	0	0	0
Matt Ryan	QB	2	252	1	0	8	0	0	0	0	0	0	0	0	0	0
Jonathan Stewart	RB	2	0	0	0	40	0	0	0	0	0	0	0	0	0	0
Joe Flacco	QB	2	217	2	1	-1	0	0	0	0	0	0	0	0	0	0
Chris Johnson	RB	2	0	0	0	44	0	0	0	0	0	0	0	0	0	0
Matt Forte	RB	2	0	0	0	53	0	38	0	3	0	0	0	0	0	0
DeSean Jackson	WR	2	0	0	0	0	0	39	0	3	0	0	0	0	0	0
Martellus Bennett	TE	2	0	0	0	0	0	47	0	5	0	0	0	0	0	0
Jamaal Charles	RB	2	0	0	0	46	0	6	0	1	0	0	0	0	0	0
Pierre Garcon	WR	2	0	0	0	0	0	26	0	3	0	0	0	0	0	0
Matthew Stafford	QB	2	122	2	0	23	0	0	0	0	1	0	0	0	0	0
Brian Hoyer	QB	2	99	0	1	0	0	0	0	0	0	0	0	0	0	0
Mike Wallace	WR	2	0	0	0	0	0	7	0	1	0	0	0	0	0	0
Michael Crabtree	WR	2	0	0	0	0	0	80	3	6	0	0	0	0	0	0
Jeremy Maclin	WR	2	0	0	0	0	0	31	1	4	0	0	0	0	0	0
Kenny Britt	WR	2	0	0	0	0	0	2	0	1	0	0	0	0	0	0
LeSean McCoy	RB	2	0	0	0	9	0	34	0	6	0	0	0	0	0	0
Jared Cook	TE	2	0	0	0	0	0	25	0	4	0	0	0	0	0	0
Zach Miller	TE	2	0	0	0	0	0	42	0	6	0	0	0	0	0	0
LeGarrette Blount	RB	2	0	0	0	0	0	0	0	1	0	0	0	0	0	0
Chris Ivory	RB	2	0	0	0	17	0	31	0	3	0	0	0	0	0	0
Rob Gronkowski	TE	2	0	0	0	0	0	116	1	6	0	0	0	0	0	0
Ed Dickson	TE	2	0	0	0	0	0	26	0	2	0	0	0	0	0	0
Brandon LaFell	WR	2	0	0	0	0	0	30	0	4	0	0	0	0	0	0
Emmanuel Sanders	WR	2	0	0	0	0	0	62	2	6	0	0	0	0	0	0
Eric Decker	WR	2	0	0	0	0	0	32	0	3	0	0	0	0	0	0
Andre Roberts	WR	2	0	0	0	0	0	0	0	0	0	0	0	0	0	0
Jimmy Graham	TE	2	0	0	0	0	0	1	0	1	0	0	0	0	0	0
Michael Hoomanawanui	TE	2	0	0	0	0	0	8	0	1	0	0	0	0	0	0
Antonio Brown	WR	2	0	0	0	0	0	62	0	5	0	0	0	0	0	0
Demaryius Thomas	WR	2	0	0	0	0	0	71	0	6	0	0	0	0	0	0
Golden Tate	WR	2	0	0	0	0	0	25	0	4	0	0	0	0	0	0
Dez Bryant	WR	2	0	0	0	0	0	59	1	7	0	0	0	0	0	0
Cam Newton	QB	2	228	0	0	27	0	0	0	0	0	0	0	0	0	0
A.J. Green	WR	2	0	0	0	0	0	67	0	5	0	0	0	0	0	0
Julio Jones	WR	2	0	0	0	0	0	108	0	5	0	0	0	0	0	0
Mark Ingram	RB	2	0	0	0	52	0	24	0	4	0	0	0	0	0	0
Andy Dalton	QB	2	224	0	0	5	0	0	0	0	0	0	0	0	0	0
Kyle Rudolph	TE	2	0	0	0	0	0	45	0	4	0	0	0	0	0	0
Lance Kendricks	TE	2	0	0	0	0	0	0	0	0	0	0	0	0	0	0
Shane Vereen	RB	2	0	0	0	28	0	27	0	3	0	0	0	0	0	0
Torrey Smith	WR	2	0	0	0	0	0	66	0	4	0	0	0	0	0	0
Randall Cobb	WR	2	0	0	0	10	0	60	0	6	0	0	0	0	0	0
DeMarco Murray	RB	2	0	0	0	25	0	3	0	1	0	0	0	0	0	0
Bilal Powell	RB	2	0	0	0	13	0	0	0	0	0	0	0	0	0	0
Julius Thomas	TE	2	0	0	0	0	0	26	0	3	0	0	0	0	0	0
Jacquizz Rodgers	RB	2	0	0	0	67	1	0	0	0	0	0	0	0	0	0
Dion Lewis	RB	2	0	0	0	14	0	11	0	1	0	0	0	0	0	0
Jeremy Kerley	WR	2	0	0	0	0	0	14	0	3	0	0	0	0	0	0
Lee Smith	TE	2	0	0	0	0	0	9	0	1	0	0	0	0	0	0
Charles Clay	TE	2	0	0	0	0	0	23	0	3	0	0	0	0	0	0
Dwayne Harris	WR	2	0	0	0	0	0	0	0	0	0	0	0	0	0	0
Tyrod Taylor	QB	2	125	0	0	55	0	0	0	0	0	0	0	0	0	0
Jordan Todman	RB	2	0	0	0	0	0	0	0	0	0	0	0	0	0	0
Virgil Green	TE	2	0	0	0	0	0	11	1	2	0	0	0	0	0	0
Chris Hogan	WR	2	0	0	0	0	0	78	1	5	0	0	0	0	0	0
Andre Holmes	WR	2	0	0	0	0	0	18	0	2	0	0	0	0	0	0
Dontrelle Inman	WR	2	0	0	0	0	0	0	0	0	0	0	0	0	0	0
Doug Baldwin	WR	2	0	0	0	0	0	44	0	6	0	0	0	0	0	0
Kamar Aiken	WR	2	0	0	0	0	0	31	0	3	0	0	0	0	0	0
Patrick DiMarco	RB	2	0	0	0	0	0	0	0	0	0	0	0	0	0	0
Chris Matthews	WR	2	0	0	0	0	0	0	0	0	0	0	0	0	0	0
Terrelle Pryor	WR	2	0	0	0	0	0	31	0	2	0	0	0	0	0	0
Garrett Celek	TE	2	0	0	0	0	0	6	0	1	0	0	0	0	0	0
Case Keenum	QB	2	167	0	0	0	0	0	0	0	0	0	0	0	0	0
Phillip Supernaw	TE	2	0	0	0	0	0	0	0	0	0	0	0	0	0	0
Cole Beasley	WR	2	0	0	0	0	0	33	0	4	0	0	0	0	0	0
Derek Carrier	TE	2	0	0	0	0	0	9	0	1	0	0	0	0	0	0
Alshon Jeffery	WR	2	0	0	0	0	0	92	1	7	0	0	0	0	0	0
Jermaine Kearse	WR	2	0	0	0	0	0	64	2	4	0	0	0	0	0	0
Russell Wilson	QB	2	198	1	0	34	0	0	0	0	0	0	0	0	0	0
Travis Benjamin	WR	2	0	0	0	0	0	11	0	1	0	0	0	0	0	0
Robert Turbin	RB	2	0	0	0	11	0	8	0	1	0	0	0	0	0	0
Marvin Jones	WR	2	0	0	0	0	0	27	1	1	0	0	0	0	0	0
Josh Bellamy	WR	2	0	0	0	0	0	51	0	4	0	0	0	0	0	0
Brittan Golden	WR	2	0	0	0	0	0	29	0	1	0	0	0	0	0	0
Deonte Thompson	WR	2	0	0	0	0	0	57	1	4	0	0	0	0	0	0
Sean McGrath	TE	2	0	0	0	0	0	10	0	1	0	0	0	0	0	0
Jarius Wright	WR	2	0	0	0	0	0	9	0	1	0	0	0	0	0	0
Rishard Matthews	WR	2	0	0	0	0	0	43	0	3	0	0	0	0	0	0
Rhett Ellison	TE	2	0	0	0	0	0	21	0	2	0	0	0	0	0	0
Kirk Cousins	QB	2	179	1	0	7	0	0	0	0	0	0	0	0	0	0
T.Y. Hilton	WR	2	0	0	0	0	0	49	0	4	0	0	0	0	0	0
Lamar Miller	RB	2	0	0	0	61	0	26	0	3	0	0	0	0	0	0
Mohamed Sanu	WR	2	0	0	0	0	0	85	0	5	0	0	0	0	0	0
Dwayne Allen	TE	2	0	0	0	0	0	0	0	0	0	0	0	0	0	0
Coby Fleener	TE	2	0	0	0	0	0	33	1	3	0	0	0	0	0	0
Kendall Wright	WR	2	0	0	0	0	0	69	0	7	0	0	0	0	0	0
Darren Fells	TE	2	0	0	0	0	0	3	0	1	0	0	0	0	0	0
Ifeanyi Momah	TE	2	0	0	0	0	0	46	0	1	0	0	0	0	0	0
Brandon Williams	TE	2	0	0	0	0	0	20	0	1	0	0	0	0	0	0
C.J. Anderson	RB	2	0	0	0	118	1	36	1	3	0	0	0	0	0	0
Adam Thielen	WR	2	0	0	0	0	0	44	0	5	0	0	1	0	0	0
Zach Ertz	TE	2	0	0	0	0	0	97	0	5	0	0	0	0	0	0
Marquise Goodwin	WR	2	0	0	0	0	0	26	0	3	0	0	0	0	0	0
Kenny Stills	WR	2	0	0	0	0	0	37	1	2	0	0	0	0	0	0
Luke Willson	TE	2	0	0	0	0	0	25	0	3	0	0	0	0	0	0
Theo Riddick	RB	2	0	0	0	20	0	17	0	3	0	0	0	0	0	0
Kerwynn Williams	RB	2	0	0	0	22	0	0	0	0	0	0	0	0	0	0
Russell Shepard	WR	2	0	0	0	0	0	6	0	1	0	0	0	0	0	0
Jack Doyle	TE	2	0	0	0	0	0	79	0	8	0	0	0	0	0	0
Josh Hill	TE	2	0	0	0	0	0	29	0	3	0	0	0	0	0	0
Keenan Allen	WR	2	0	0	0	0	0	100	0	9	0	0	0	0	0	0
Andre Ellington	RB	2	0	0	0	11	0	12	0	3	0	0	0	0	0	0
Rex Burkhead	RB	2	0	0	0	3	0	41	1	3	0	0	0	0	0	0
Jaron Brown	WR	2	0	0	0	0	0	73	0	4	0	0	0	0	0	0
Chris Thompson	RB	2	0	0	0	77	2	29	0	3	0	0	0	0	0	0
Dion Sims	TE	2	0	0	0	0	0	0	0	0	0	0	0	0	0	0
Robert Woods	WR	2	0	0	0	0	0	8	0	1	0	0	0	0	0	0
Mike Gillislee	RB	2	0	0	0	69	1	0	0	0	0	0	0	0	0	0
Giovani Bernard	RB	2	0	0	0	10	0	16	0	2	0	0	0	0	0	0
Jordan Reed	TE	2	0	0	0	0	0	48	0	6	0	0	0	0	0	0
Le'Veon Bell	RB	2	0	0	0	87	0	4	0	4	0	0	0	0	0	0
Travis Kelce	TE	2	0	0	0	0	0	103	1	8	0	0	0	0	0	0
Latavius Murray	RB	2	0	0	0	6	0	0	0	0	0	0	0	0	0	0
Brice Butler	WR	2	0	0	0	0	0	18	0	1	0	0	0	0	0	0
Mike Glennon	QB	2	301	1	2	0	0	0	0	0	1	0	0	0	0	0
Tavon Austin	WR	2	0	0	0	8	0	0	0	0	0	0	0	0	0	0
Terrance Williams	WR	2	0	0	0	0	0	17	0	4	0	0	0	0	0	0
Tyler Eifert	TE	2	0	0	0	0	0	42	0	3	0	0	0	0	0	0
DeAndre Hopkins	WR	2	0	0	0	0	0	73	0	7	0	0	0	0	0	0
Cordarrelle Patterson	RB	2	0	0	0	57	1	6	0	1	0	0	0	0	0	0
Isaiah Crowell	RB	2	0	0	0	37	0	0	0	0	0	0	0	0	0	0
Albert Wilson	WR	2	0	0	0	4	0	22	0	2	0	0	0	0	0	0
Bennie Fowler	WR	2	0	0	0	0	0	8	0	1	0	0	0	0	0	0
Trey Burton	TE	2	0	0	0	0	0	10	0	1	0	0	0	0	0	0
David Fluellen	RB	2	0	0	0	18	0	0	0	0	0	0	0	0	0	0
Bernard Reedy	WR	2	0	0	0	0	0	0	0	0	0	0	0	0	0	0
Ryan Hewitt	TE	2	0	0	0	0	0	0	0	0	0	0	0	0	0	0
Brandon Coleman	WR	2	0	0	0	0	0	82	1	4	0	0	0	0	0	0
Allen Hurns	WR	2	0	0	0	0	0	82	1	6	0	0	0	0	0	0
Orleans Darkwa	RB	2	0	0	0	17	0	3	0	1	0	0	0	0	0	0
Jeff Janis	WR	2	0	0	0	0	0	0	0	0	0	0	0	0	0	0
Michael Campanaro	WR	2	0	0	0	5	0	0	0	0	0	0	0	0	0	0
Troy Niklas	TE	2	0	0	0	0	0	16	0	1	0	0	0	0	0	0
Carlos Hyde	RB	2	0	0	0	124	0	19	0	3	0	0	0	0	0	0
De'Anthony Thomas	WR	2	0	0	0	0	0	0	0	0	0	0	0	0	0	0
James White	RB	2	0	0	0	11	0	85	0	8	0	0	0	0	0	0
Ryan Grant	WR	2	0	0	0	0	0	11	1	1	0	0	0	0	0	0
Seth Roberts	WR	2	0	0	0	0	0	0	0	0	0	0	0	0	0	0
Taylor Gabriel	WR	2	0	0	0	7	0	14	0	2	0	0	0	0	0	0
Odell Beckham Jr.	WR	2	0	0	0	0	0	36	0	4	0	0	0	0	0	0
Brandin Cooks	WR	2	0	0	0	6	0	37	0	2	0	0	0	0	0	0
Paul Richardson	WR	2	0	0	0	0	0	19	1	2	0	0	0	0	0	0
Cameron Brate	TE	2	0	0	0	0	0	24	0	2	0	0	0	0	0	0
Branden Oliver	RB	2	0	0	0	31	0	0	0	0	0	0	0	0	0	0
Derek Carr	QB	2	230	3	0	0	0	0	0	0	0	0	0	0	0	0
Devonta Freeman	RB	2	0	0	0	84	2	16	0	2	0	0	0	0	0	0
Jordan Matthews	TE	2	0	0	0	0	0	30	0	3	0	0	0	0	0	0
Jeremy Hill	RB	2	0	0	0	17	0	2	0	1	0	0	0	0	0	0
Sammy Watkins	WR	2	0	0	0	0	0	30	0	2	0	0	0	0	0	0
Donte Moncrief	WR	2	0	0	0	0	0	18	0	2	0	0	0	0	0	0
Cody Latimer	WR	2	0	0	0	0	0	22	0	2	0	0	0	0	0	0
Kelvin Benjamin	WR	2	0	0	0	0	0	77	0	6	0	0	0	0	0	0
Martavis Bryant	WR	2	0	0	0	7	0	91	1	3	0	0	0	0	0	0
Terrance West	RB	2	0	0	0	22	1	23	0	2	0	0	0	0	0	0
Jerick McKinnon	RB	2	0	0	0	16	0	9	0	3	0	0	0	0	0	0
Davante Adams	WR	2	0	0	0	0	0	99	1	8	0	0	0	0	0	0
Jarvis Landry	WR	2	0	0	0	-7	0	78	0	13	0	0	0	0	0	0
Richard Rodgers	TE	2	0	0	0	0	0	22	0	2	0	0	0	0	0	0
Eric Ebron	TE	2	0	0	0	0	0	42	1	5	0	0	0	0	0	0
Charles Sims	RB	2	0	0	0	2	0	7	0	2	0	0	1	0	0	0
Blake Bortles	QB	2	223	1	2	29	0	0	0	0	1	0	0	0	0	0
Mike Evans	WR	2	0	0	0	0	0	93	1	7	0	0	0	0	0	0
Marqise Lee	WR	2	0	0	0	0	0	76	0	7	0	0	0	0	0	0
Jameis Winston	QB	2	204	1	0	3	0	0	0	0	0	0	0	0	0	0
Quan Bray	WR	2	0	0	0	0	0	0	0	0	0	0	0	0	0	0
Randall Telfer	TE	2	0	0	0	0	0	20	0	1	0	0	0	0	0	0
Amari Cooper	WR	2	0	0	0	0	0	33	0	4	0	0	0	0	0	0
DeVante Parker	WR	2	0	0	0	0	0	85	0	4	0	0	0	0	0	0
Nelson Agholor	WR	2	0	0	0	0	0	9	1	1	0	0	0	0	0	0
Maxx Williams	TE	2	0	0	0	2	0	21	0	4	0	0	0	0	0	0
Jaelen Strong	WR	2	0	0	0	0	0	0	0	0	0	0	0	0	0	0
Justin Hardy	WR	2	0	0	0	0	0	19	0	1	0	0	0	0	0	0
Javorius Allen	RB	2	0	0	0	66	0	35	1	5	0	0	0	0	0	0
Stefon Diggs	WR	2	0	0	0	4	0	27	0	2	0	0	0	0	0	0
Jay Ajayi	RB	2	0	0	0	122	0	4	0	2	0	0	0	0	0	0
Nick Boyle	TE	2	0	0	0	0	0	9	0	1	0	0	0	0	0	0
A.J. Derby	TE	2	0	0	0	0	0	0	0	0	0	0	0	0	0	0
Raheem Mostert	RB	2	0	0	0	0	0	0	0	0	0	0	0	0	0	0
Corey Grant	RB	2	0	0	0	13	0	0	0	0	0	0	0	0	0	0
Akeem Hunt	RB	2	0	0	0	0	0	0	0	0	0	0	0	0	0	0
Eli Rogers	WR	2	0	0	0	0	0	43	0	4	0	0	0	0	0	0
Terrell Watson	RB	2	0	0	0	1	0	0	0	0	0	0	0	0	0	0
Malcolm Brown	RB	2	0	0	0	0	0	-4	0	1	0	0	0	0	0	0
Damiere Byrd	WR	2	0	0	0	0	0	0	0	0	0	0	0	0	0	0
Thomas Rawls	RB	2	0	0	0	4	0	0	0	0	0	0	0	0	0	0
Rod Smith	RB	2	0	0	0	8	0	0	0	0	0	0	0	0	0	0
Jamison Crowder	WR	2	0	0	0	0	0	47	0	4	0	0	0	0	0	0
James O'Shaughnessy	TE	2	0	0	0	0	0	0	0	0	0	0	0	0	0	0
Will Tye	TE	2	0	0	0	0	0	4	0	1	0	0	0	0	0	0
Adam Humphries	WR	2	0	0	0	0	0	18	0	2	0	0	0	0	0	0
Breshad Perriman	WR	2	0	0	0	0	0	0	0	0	0	0	0	0	0	0
Devin Funchess	WR	2	0	0	0	0	0	68	0	4	0	0	0	0	0	0
Tevin Coleman	RB	2	0	0	0	42	0	3	1	2	0	0	0	0	0	0
Blake Bell	TE	2	0	0	0	0	0	0	0	0	0	0	0	0	0	0
Daniel Brown	TE	2	0	0	0	0	0	0	0	0	0	0	0	0	0	0
Ameer Abdullah	RB	2	0	0	0	86	0	0	0	0	0	0	0	0	0	0
J.J. Nelson	WR	2	0	0	0	0	0	120	1	5	0	0	0	0	0	0
Kaelin Clay	WR	2	0	0	0	0	0	0	0	0	0	0	0	0	0	0
Neal Sterling	TE	2	0	0	0	0	0	8	0	1	0	0	0	0	0	0
Chris Conley	WR	2	0	0	0	0	0	55	0	4	0	0	0	0	0	0
Jalston Fowler	RB	2	0	0	0	3	1	0	0	0	0	0	0	0	0	0
Jesse James	TE	2	0	0	0	0	0	27	0	4	0	0	0	0	0	0
Ben Koyack	TE	2	0	0	0	0	0	0	0	0	0	0	0	0	0	0
Melvin Gordon	RB	2	0	0	0	13	1	65	0	7	0	0	0	0	0	0
Trevor Siemian	QB	2	231	4	1	14	0	0	0	0	1	0	0	0	0	0
Tyrell Williams	WR	2	0	0	0	0	0	54	0	4	0	0	0	0	0	0
Sammie Coates	WR	2	0	0	0	0	0	0	0	0	0	0	0	0	0	0
Ty Montgomery	WR	2	0	0	0	35	1	75	1	6	0	0	0	0	0	0
Phillip Dorsett	WR	2	0	0	0	7	0	68	0	3	0	0	0	0	0	0
Tyler Lockett	WR	2	0	0	0	0	0	64	0	6	0	0	0	0	0	0
Tyler Kroft	TE	2	0	0	0	0	0	0	0	0	0	0	0	0	0	0
Jeff Heuerman	TE	2	0	0	0	0	0	15	0	1	0	0	0	0	0	0
Todd Gurley	RB	2	0	0	0	88	1	48	1	3	0	1	0	0	0	0
Clive Walford	TE	2	0	0	0	0	0	7	0	1	0	0	0	0	0	0
Duke Johnson	RB	2	0	0	0	21	0	59	0	3	0	0	0	0	0	0
Marcus Mariota	QB	2	215	1	1	24	0	0	0	0	0	0	0	0	0	0
Ross Travis	TE	2	0	0	0	0	0	0	0	0	0	0	0	0	0	0
Rob Kelley	RB	2	0	0	0	78	0	0	0	0	0	0	0	0	0	0
Sterling Shepard	WR	2	0	0	0	7	0	23	0	2	0	0	0	0	0	0
Austin Hooper	TE	2	0	0	0	0	0	7	0	2	0	0	0	0	0	0
C.J. Prosise	RB	2	0	0	0	0	0	22	0	3	0	0	0	0	0	0
Tyler Ervin	RB	2	0	0	0	0	0	16	0	3	0	0	0	0	0	0
Paul Perkins	RB	2	0	0	0	10	0	12	0	2	0	0	0	0	0	0
Trevor Davis	WR	2	0	0	0	0	0	9	0	1	0	0	0	0	0	0
Alex Collins	RB	2	0	0	0	42	0	0	0	0	0	1	0	0	0	0
Jerell Adams	TE	2	0	0	0	0	0	38	0	1	0	0	0	0	0	0
David Morgan	TE	2	0	0	0	0	0	0	0	0	0	0	0	0	0	0
Dwayne Washington	RB	2	0	0	0	9	0	0	0	0	0	0	0	0	0	0
Kalif Raymond	WR	2	0	0	0	0	0	0	0	0	0	0	0	0	0	0
Tanner McEvoy	WR	2	0	0	0	0	0	0	0	0	0	0	0	0	0	0
Alex Erickson	WR	2	0	0	0	2	0	62	0	4	0	0	0	0	0	0
Geronimo Allison	WR	2	0	0	0	0	0	24	0	3	0	0	0	0	0	0
Roger Lewis	WR	2	0	0	0	0	0	13	0	2	0	0	0	0	0	0
Robbie Chosen	WR	2	0	0	0	0	0	28	0	2	0	0	0	0	0	0
Peyton Barber	RB	2	0	0	0	47	0	0	0	0	0	0	0	0	0	0
Alan Cross	TE	2	0	0	0	0	0	6	0	1	0	0	0	0	0	0
Josh Doctson	WR	2	0	0	0	0	0	0	0	0	0	0	0	0	0	0
Derrick Henry	RB	2	0	0	0	92	1	0	0	0	0	0	0	0	0	0
Michael Thomas	WR	2	0	0	0	0	0	89	0	5	0	0	0	0	0	0
Jordan Howard	RB	2	0	0	0	7	0	0	0	0	0	0	0	0	0	0
Wendell Smallwood	RB	2	0	0	0	4	0	-3	0	1	0	0	0	0	0	0
Kevin Hogan	QB	2	118	1	1	5	0	0	0	0	0	0	0	0	0	0
Jakeem Grant	WR	2	0	0	0	0	0	0	0	0	0	0	0	0	0	0
Tommylee Lewis	WR	2	0	0	0	0	0	16	0	1	0	0	0	0	0	0
Johnny Holton	WR	2	0	0	0	0	0	0	0	0	0	0	0	0	0	0
DeAndre Washington	RB	2	0	0	0	20	0	15	0	3	0	0	0	0	0	0
Carson Wentz	QB	2	333	2	1	55	0	0	0	0	0	0	0	0	0	0
Laquon Treadwell	WR	2	0	0	0	0	0	33	0	3	0	0	0	0	0	0
Charone Peake	WR	2	0	0	0	0	0	3	0	1	0	0	0	0	0	0
Corey Coleman	WR	2	0	0	0	0	0	9	0	1	0	0	0	0	0	0
Rashard Higgins	WR	2	0	0	0	4	0	95	0	7	0	0	0	0	0	0
Jalen Richard	RB	2	0	0	0	58	1	51	0	2	0	0	0	0	0	0
Tyreek Hill	WR	2	0	0	0	6	0	43	0	4	0	0	0	0	0	0
Ezekiel Elliott	RB	2	0	0	0	8	0	14	0	4	0	0	0	0	0	0
Braxton Miller	WR	2	0	0	0	0	0	10	0	2	0	0	0	0	0	0
Dak Prescott	QB	2	238	2	2	24	0	0	0	0	0	0	0	0	0	0
Ricardo Louis	WR	2	0	0	0	0	0	27	0	2	0	0	0	0	0	0
Seth DeValve	TE	2	0	0	0	0	0	61	0	2	0	0	0	0	0	0
Hunter Henry	TE	2	0	0	0	0	0	80	0	7	0	0	0	0	0	0
Jared Goff	QB	2	219	1	1	1	0	0	0	0	0	0	0	0	0	0
Tyler Higbee	TE	2	0	0	0	0	0	0	0	0	0	0	0	0	0	0
Pharoh Cooper	WR	2	0	0	0	0	0	0	0	0	0	0	0	0	0	0
Kenyan Drake	RB	2	0	0	0	-3	0	0	0	0	0	0	0	0	0	0
Jacoby Brissett	QB	2	216	0	1	22	0	0	0	0	0	0	0	0	0	0
Darrell Daniels	TE	2	0	0	0	0	0	0	0	0	0	0	0	0	0	0
Christian McCaffrey	RB	2	0	0	0	10	0	34	0	4	0	0	0	0	0	0
Curtis Samuel	WR	2	0	0	0	0	0	7	0	2	0	0	0	0	0	0
George Kittle	TE	2	0	0	0	0	0	13	0	2	0	0	0	0	0	0
Trent Taylor	WR	2	0	0	0	0	0	6	0	2	0	0	0	0	0	0
Elijah McGuire	RB	2	0	0	0	29	0	7	0	1	0	0	0	0	0	0
Victor Bolden	WR	2	0	0	0	0	0	0	0	0	0	0	0	0	0	0
Matt Breida	RB	2	0	0	0	35	0	3	0	1	0	0	0	0	0	0
Jacob Hollister	TE	2	0	0	0	0	0	5	0	1	0	0	0	0	0	0
John Ross	WR	2	0	0	0	12	0	0	0	0	0	1	0	0	0	0
Isaiah McKenzie	WR	2	0	0	0	0	0	0	0	0	0	0	0	0	0	0
Samaje Perine	RB	2	0	0	0	67	0	0	0	1	0	0	0	0	0	0
Deshaun Watson	QB	2	125	0	0	67	1	0	0	0	0	0	0	0	0	0
James Conner	RB	2	0	0	0	9	0	0	0	0	0	0	0	0	0	0
Mack Hollins	WR	2	0	0	0	0	0	32	0	3	0	0	0	0	0	0
Tarik Cohen	RB	2	0	0	0	13	0	55	0	8	0	0	0	0	0	0
Michael Roberts	TE	2	0	0	0	0	0	0	0	0	0	0	0	0	0	0
Ryan Switzer	WR	2	0	0	0	0	0	0	0	0	0	0	0	0	0	0
Jamal Agnew	WR	2	0	0	0	0	0	0	0	0	0	0	0	0	0	0
Chris Carson	RB	2	0	0	0	93	0	7	0	1	0	0	0	0	0	0
Matt Dayes	RB	2	0	0	0	0	0	0	0	0	0	0	0	0	0	0
Tanner Gentry	WR	2	0	0	0	0	0	27	0	2	0	0	0	0	0	0
Keelan Cole	WR	2	0	0	0	0	0	13	0	2	0	0	0	0	0	0
Austin Ekeler	RB	2	0	0	0	0	0	0	0	0	0	0	0	0	0	0
Evan Baylis	TE	2	0	0	0	0	0	0	0	0	0	0	0	0	0	0
Trey Edmunds	RB	2	0	0	0	0	0	0	0	0	0	0	0	0	0	0
Leonard Fournette	RB	2	0	0	0	40	1	21	0	2	0	0	0	0	0	0
JuJu Smith-Schuster	WR	2	0	0	0	0	0	16	1	3	0	0	0	0	0	0
Jonnu Smith	TE	2	0	0	0	0	0	30	1	2	0	0	0	0	0	0
Corey Davis	WR	2	0	0	0	0	0	4	0	1	0	0	0	0	0	0
O.J. Howard	TE	2	0	0	0	0	0	17	0	1	0	0	0	0	0	0
Evan Engram	TE	2	0	0	0	0	0	49	1	4	0	0	0	0	0	0
David Njoku	TE	2	0	0	0	0	0	27	1	3	0	0	0	0	0	0
Zay Jones	WR	2	0	0	0	0	0	18	0	2	0	0	0	0	0	0
Dalvin Cook	RB	2	0	0	0	64	0	0	0	2	0	0	0	0	0	0
Gerald Everett	TE	2	0	0	0	0	0	95	0	3	0	0	0	0	0	0
Adam Shaheen	TE	2	0	0	0	0	0	0	0	0	0	0	0	0	0	0
Joe Mixon	RB	2	0	0	0	36	0	5	0	1	0	0	0	0	0	0
DeShone Kizer	QB	2	182	0	3	26	0	0	0	0	1	0	0	0	0	0
Alvin Kamara	RB	2	0	0	0	3	0	51	0	3	0	0	0	0	0	0
Cooper Kupp	WR	2	0	0	0	0	0	33	0	3	0	0	0	0	0	0
Taywan Taylor	WR	2	0	0	0	16	0	42	0	1	0	0	0	0	0	0
Chris Godwin Jr.	WR	2	0	0	0	0	0	0	0	0	0	0	0	0	0	0
Kareem Hunt	RB	2	0	0	0	81	2	28	0	3	0	0	0	0	0	0
D'Onta Foreman	RB	2	0	0	0	40	0	0	0	0	0	0	0	0	0	0
Kenny Golladay	WR	2	0	0	0	0	0	8	0	1	0	0	0	0	0	0
Chad Williams	WR	2	0	0	0	0	0	15	0	1	0	0	0	0	0	0
Amara Darboh	WR	2	0	0	0	0	0	16	0	1	0	0	0	0	0	0
Josh Reynolds	WR	2	0	0	0	0	0	28	0	1	0	0	0	0	0	0
Jamaal Williams	RB	2	0	0	0	6	0	5	0	1	0	0	0	0	0	0
Marlon Mack	RB	2	0	0	0	-3	0	11	0	1	0	0	0	0	0	0
Tom Brady	QB	3	378	5	0	6	0	0	0	0	1	0	0	1	0	0
Drew Brees	QB	3	220	3	0	0	0	0	0	0	0	0	0	0	0	0
Josh McCown	QB	3	249	1	0	7	0	0	0	0	0	0	0	0	0	0
Carson Palmer	QB	3	325	2	0	7	0	0	0	0	0	0	0	0	0	0
Antonio Gates	TE	3	0	0	0	0	0	30	0	2	0	0	0	0	0	0
Jason Witten	TE	3	0	0	0	0	0	3	0	1	0	0	0	0	0	0
Eli Manning	QB	3	366	3	2	0	0	0	0	0	0	0	0	0	0	0
Larry Fitzgerald	WR	3	0	0	0	0	0	149	1	13	0	0	0	0	0	0
Ben Roethlisberger	QB	3	235	1	0	6	0	0	0	0	1	0	0	0	0	0
Philip Rivers	QB	3	237	0	3	0	0	0	0	0	0	0	0	0	0	0
Benjamin Watson	TE	3	0	0	0	0	0	12	1	3	0	0	0	0	0	0
Alex Smith	QB	3	155	2	0	9	0	0	0	0	0	0	0	0	0	0
Aaron Rodgers	QB	3	313	3	1	23	0	0	0	0	0	0	0	0	0	0
Frank Gore	RB	3	0	0	0	57	1	0	0	1	0	0	0	0	0	0
Darren Sproles	RB	3	0	0	0	11	0	0	0	0	0	0	0	0	0	0
Derek Anderson	QB	3	17	0	0	0	0	0	0	0	0	0	0	0	0	0
Vernon Davis	TE	3	0	0	0	0	0	58	1	5	0	0	0	0	0	0
Jay Cutler	QB	3	220	1	1	9	0	0	0	0	0	0	0	0	0	0
Marcedes Lewis	TE	3	0	0	0	0	0	62	3	4	0	0	0	0	0	0
Brandon Marshall	WR	3	0	0	0	0	0	66	0	8	0	0	0	0	0	0
Delanie Walker	TE	3	0	0	0	0	0	31	0	4	0	0	0	0	0	0
Eric Weems	WR	3	0	0	0	0	0	0	0	0	0	0	0	0	0	0
Adrian Peterson	RB	3	0	0	0	33	0	4	0	2	0	0	0	0	0	0
Ted Ginn	WR	3	0	0	0	15	0	44	1	2	0	0	0	0	0	0
Marshawn Lynch	RB	3	0	0	0	18	0	8	0	1	0	0	0	0	0	0
Danny Amendola	WR	3	0	0	0	0	0	48	0	3	0	0	0	0	0	0
Matt Ryan	QB	3	294	2	3	-1	0	0	0	0	0	0	0	0	0	0
Jonathan Stewart	RB	3	0	0	0	57	0	4	0	1	0	0	0	0	0	0
Joe Flacco	QB	3	28	0	2	0	0	0	0	0	0	0	0	0	0	0
Chris Johnson	RB	3	0	0	0	17	0	4	0	1	0	0	0	0	0	0
Jordy Nelson	WR	3	0	0	0	0	0	52	2	6	0	0	0	0	0	0
Matt Forte	RB	3	0	0	0	25	0	0	0	0	0	0	0	0	0	0
DeSean Jackson	WR	3	0	0	0	0	0	84	1	4	0	0	0	0	0	0
Chad Henne	QB	3	0	0	0	-3	0	0	0	0	0	0	0	0	0	0
Martellus Bennett	TE	3	0	0	0	0	0	12	0	3	0	0	0	0	0	0
Jamaal Charles	RB	3	0	0	0	56	1	1	0	1	0	0	0	0	0	0
Pierre Garcon	WR	3	0	0	0	0	0	142	0	7	0	0	0	0	0	0
Matthew Stafford	QB	3	264	1	0	19	0	0	0	0	0	0	0	0	0	0
Brian Hoyer	QB	3	332	2	1	9	1	0	0	0	0	0	0	0	0	0
Mike Wallace	WR	3	0	0	0	4	0	6	0	1	0	0	0	0	0	0
Darrius Heyward-Bey	WR	3	0	0	0	0	0	0	0	0	0	0	0	0	0	0
Michael Crabtree	WR	3	0	0	0	0	0	7	0	1	0	0	0	0	0	0
Jeremy Maclin	WR	3	0	0	0	0	0	8	0	1	0	0	0	0	0	0
Kenny Britt	WR	3	0	0	0	0	0	54	1	3	0	0	0	0	0	0
LeSean McCoy	RB	3	0	0	0	21	0	48	0	7	0	0	0	0	0	0
Brandon Tate	WR	3	0	0	0	0	0	0	0	0	0	0	0	0	0	0
Jared Cook	TE	3	0	0	0	0	0	43	1	4	0	0	0	0	0	0
Zach Miller	TE	3	0	0	0	0	0	17	0	1	0	0	0	0	0	0
LeGarrette Blount	RB	3	0	0	0	67	1	0	0	0	0	0	0	0	0	0
Chris Ivory	RB	3	0	0	0	17	0	25	0	2	0	0	0	0	0	0
Rob Gronkowski	TE	3	0	0	0	0	0	89	1	8	0	0	0	0	0	0
Ed Dickson	TE	3	0	0	0	0	0	8	0	1	0	0	0	0	0	0
Brandon LaFell	WR	3	0	0	0	0	0	5	0	1	0	0	0	0	0	0
Emmanuel Sanders	WR	3	0	0	0	0	0	75	0	7	0	0	0	0	0	0
Eric Decker	WR	3	0	0	0	0	0	49	0	4	0	0	0	0	0	0
Andre Roberts	WR	3	0	0	0	0	0	12	0	1	0	0	0	0	0	0
Jimmy Graham	TE	3	0	0	0	0	0	72	0	7	0	0	0	0	0	0
Michael Hoomanawanui	TE	3	0	0	0	0	0	0	0	0	0	0	0	0	0	0
Antonio Brown	WR	3	0	0	0	0	0	110	1	10	0	0	0	0	0	0
Joe Webb	QB	3	0	0	0	0	0	0	0	0	0	0	0	0	0	0
Jermaine Gresham	TE	3	0	0	0	0	0	47	0	5	0	0	0	0	0	0
Demaryius Thomas	WR	3	0	0	0	0	0	98	0	6	0	0	0	0	0	0
Golden Tate	WR	3	0	0	0	0	0	58	1	7	0	0	0	0	0	0
Dez Bryant	WR	3	0	0	0	0	0	12	1	2	0	0	0	0	0	0
Cam Newton	QB	3	167	0	3	16	1	0	0	0	0	0	0	0	0	0
A.J. Green	WR	3	0	0	0	0	0	111	1	10	0	0	0	0	0	0
Julio Jones	WR	3	0	0	0	0	0	91	0	7	0	0	0	0	0	0
Mark Ingram	RB	3	0	0	0	56	0	30	0	2	0	0	0	0	0	0
Andy Dalton	QB	3	212	2	0	-2	0	0	0	0	0	0	0	0	0	0
Kyle Rudolph	TE	3	0	0	0	0	0	4	0	1	0	0	0	0	0	0
Lance Kendricks	TE	3	0	0	0	0	0	52	1	2	0	0	0	0	0	0
Shane Vereen	RB	3	0	0	0	5	0	18	0	2	0	0	0	0	0	0
Torrey Smith	WR	3	0	0	0	0	0	29	0	4	0	0	0	0	0	0
DeMarco Murray	RB	3	0	0	0	115	1	5	0	1	0	0	0	0	0	0
Ryan Mallett	QB	3	36	1	0	0	0	0	0	0	0	0	0	0	0	0
Bilal Powell	RB	3	0	0	0	37	1	0	0	0	0	0	0	0	0	0
Julius Thomas	TE	3	0	0	0	0	0	16	0	3	0	0	0	0	0	0
Jacquizz Rodgers	RB	3	0	0	0	15	0	0	0	0	0	0	0	0	0	0
Dion Lewis	RB	3	0	0	0	5	0	12	0	3	0	0	0	0	0	0
Jeremy Kerley	WR	3	0	0	0	0	0	42	0	5	0	0	0	0	0	0
Niles Paul	TE	3	0	0	0	0	0	-3	0	1	0	0	0	0	0	0
Lee Smith	TE	3	0	0	0	0	0	0	0	0	0	0	0	0	0	0
Charles Clay	TE	3	0	0	0	0	0	39	1	6	0	0	0	0	0	0
Dwayne Harris	WR	3	0	0	0	0	0	0	0	0	0	0	0	0	0	0
Aldrick Robinson	WR	3	0	0	0	0	0	23	0	2	0	0	0	0	0	0
Tyrod Taylor	QB	3	213	2	0	13	0	0	0	0	0	0	0	0	0	0
Jordan Todman	RB	3	0	0	0	0	0	0	0	0	0	0	0	0	0	0
Virgil Green	TE	3	0	0	0	0	0	18	0	3	0	0	0	0	0	0
Chris Hogan	WR	3	0	0	0	0	0	68	2	4	0	0	0	0	0	0
Andre Holmes	WR	3	0	0	0	0	0	6	1	2	0	0	0	0	0	0
Dontrelle Inman	WR	3	0	0	0	0	0	2	0	1	0	0	0	0	0	0
Doug Baldwin	WR	3	0	0	0	0	0	105	1	10	0	0	0	0	0	0
Kamar Aiken	WR	3	0	0	0	0	0	9	0	1	0	0	0	0	0	0
Chris Matthews	WR	3	0	0	0	0	0	8	0	1	0	0	0	0	0	0
Terrelle Pryor	WR	3	0	0	0	0	0	19	0	2	0	0	0	0	0	0
Garrett Celek	TE	3	0	0	0	0	0	1	1	1	0	0	0	0	0	0
Case Keenum	QB	3	369	3	0	18	0	0	0	0	0	0	0	0	0	0
Phillip Supernaw	TE	3	0	0	0	0	0	3	0	1	0	0	0	0	0	0
Cole Beasley	WR	3	0	0	0	0	0	4	0	1	0	0	0	0	0	0
Bradley Sowell	TE	3	0	0	0	0	0	0	0	0	0	0	0	0	0	0
Derek Carrier	TE	3	0	0	0	0	0	17	0	1	0	0	0	0	0	0
Alshon Jeffery	WR	3	0	0	0	0	0	56	0	4	0	0	0	0	0	0
Jermaine Kearse	WR	3	0	0	0	0	0	42	0	3	0	0	0	0	0	0
Brandon Bolden	RB	3	0	0	0	0	0	0	0	0	0	0	0	0	0	0
Russell Wilson	QB	3	373	4	0	26	0	0	0	0	0	0	0	0	0	0
Travis Benjamin	WR	3	0	0	0	9	0	105	0	5	0	0	0	0	0	0
Robert Turbin	RB	3	0	0	0	18	0	2	0	1	0	0	0	0	0	0
Marvin Jones	WR	3	0	0	0	0	0	24	0	3	0	0	0	0	0	0
Brittan Golden	WR	3	0	0	0	0	0	21	0	1	0	0	0	0	0	0
Deonte Thompson	WR	3	0	0	0	0	0	9	0	1	0	0	0	0	0	0
Jamize Olawale	RB	3	0	0	0	0	0	0	0	0	0	0	0	0	0	0
Jarius Wright	WR	3	0	0	0	0	0	9	1	2	0	0	0	0	0	0
Rishard Matthews	WR	3	0	0	0	0	0	87	1	6	0	0	0	0	0	0
Kirk Cousins	QB	3	365	3	0	2	0	0	0	0	0	0	0	0	0	0
T.Y. Hilton	WR	3	0	0	0	0	0	153	1	7	0	0	0	0	0	0
Lamar Miller	RB	3	0	0	0	56	0	7	0	1	0	0	0	0	0	0
Mohamed Sanu	WR	3	0	0	0	0	0	28	1	4	0	0	0	0	0	0
James Hanna	TE	3	0	0	0	0	0	0	0	0	0	0	0	0	0	0
Dwayne Allen	TE	3	0	0	0	0	0	0	0	0	0	0	0	0	0	0
Coby Fleener	TE	3	0	0	0	0	0	21	0	1	0	0	0	0	0	0
Kendall Wright	WR	3	0	0	0	0	0	0	0	0	0	0	0	0	0	0
Fozzy Whittaker	RB	3	0	0	0	12	0	0	0	0	0	0	0	0	0	0
Darren Fells	TE	3	0	0	0	0	0	8	0	1	0	0	0	0	0	0
Brandon Williams	TE	3	0	0	0	0	0	7	0	1	0	0	0	0	0	0
Benny Cunningham	RB	3	0	0	0	0	0	23	0	3	0	0	0	0	0	0
C.J. Anderson	RB	3	0	0	0	36	0	7	0	2	0	0	0	0	0	0
MarQueis Gray	TE	3	0	0	0	0	0	0	0	0	0	0	0	0	0	0
Adam Thielen	WR	3	0	0	0	0	0	98	0	5	0	0	0	0	0	0
Zach Ertz	TE	3	0	0	0	0	0	55	1	8	0	0	1	0	0	0
Marquise Goodwin	WR	3	0	0	0	0	0	62	0	2	0	0	0	0	0	0
Kenny Stills	WR	3	0	0	0	0	0	51	0	4	0	0	0	0	0	0
Luke Willson	TE	3	0	0	0	0	0	53	1	3	0	0	0	0	0	0
Theo Riddick	RB	3	0	0	0	0	0	38	0	4	0	0	0	0	0	0
Ryan Griffin	TE	3	0	0	0	0	0	61	1	5	0	0	0	0	0	0
Kerwynn Williams	RB	3	0	0	0	3	0	0	0	0	0	0	0	0	0	0
Russell Shepard	WR	3	0	0	0	0	0	0	0	0	0	0	0	0	0	0
Jack Doyle	TE	3	0	0	0	0	0	16	0	2	0	0	1	0	0	0
Josh Hill	TE	3	0	0	0	0	0	3	0	1	0	0	0	0	0	0
Keenan Allen	WR	3	0	0	0	0	0	61	0	5	0	0	0	0	0	0
Andre Ellington	RB	3	0	0	0	22	0	59	0	5	0	0	0	0	0	0
Jaron Brown	WR	3	0	0	0	0	0	27	1	2	0	0	0	0	0	0
Chris Thompson	RB	3	0	0	0	38	0	150	1	6	0	0	0	0	0	0
Robert Woods	WR	3	0	0	0	0	0	108	0	6	0	0	0	0	0	0
Mike Gillislee	RB	3	0	0	0	31	0	0	0	0	0	0	0	0	0	0
Giovani Bernard	RB	3	0	0	0	27	0	12	1	2	0	0	0	0	0	0
Markus Wheaton	WR	3	0	0	0	0	0	0	0	0	0	0	0	0	0	0
Vance McDonald	TE	3	0	0	0	0	0	0	0	0	0	0	0	0	0	0
Le'Veon Bell	RB	3	0	0	0	61	1	37	0	6	0	0	0	0	0	0
Travis Kelce	TE	3	0	0	0	0	0	1	0	1	0	0	0	0	0	0
Latavius Murray	RB	3	0	0	0	5	0	0	0	0	0	0	0	0	0	0
Brice Butler	WR	3	0	0	0	0	0	90	1	2	0	0	0	0	0	0
Mike Glennon	QB	3	101	1	1	4	0	0	0	0	0	0	0	0	0	0
Tavon Austin	WR	3	0	0	0	14	0	0	0	0	0	0	0	0	0	0
Terrance Williams	WR	3	0	0	0	0	0	47	0	3	0	0	0	0	0	0
DeAndre Hopkins	WR	3	0	0	0	0	0	76	0	7	0	0	0	0	0	0
Cordarrelle Patterson	RB	3	0	0	0	5	0	7	0	1	0	0	0	0	0	0
Isaiah Crowell	RB	3	0	0	0	44	0	10	0	2	0	0	0	0	0	0
Charcandrick West	RB	3	0	0	0	-1	0	14	0	2	0	0	0	0	0	0
Albert Wilson	WR	3	0	0	0	-4	0	18	1	3	0	0	0	0	0	0
Bennie Fowler	WR	3	0	0	0	0	0	55	0	4	0	0	0	0	0	0
Trey Burton	TE	3	0	0	0	0	0	7	0	2	0	0	0	0	0	0
David Fluellen	RB	3	0	0	0	0	0	0	0	0	0	0	0	0	0	0
Bernard Reedy	WR	3	0	0	0	3	0	6	0	1	0	0	0	0	0	0
Brandon Coleman	WR	3	0	0	0	0	0	11	1	1	0	0	0	0	0	0
Allen Hurns	WR	3	0	0	0	0	0	20	1	3	0	0	0	0	0	0
Orleans Darkwa	RB	3	0	0	0	22	0	11	0	1	0	0	0	0	0	0
Damien Williams	RB	3	0	0	0	5	0	6	0	1	0	0	0	0	0	0
Jeff Janis	WR	3	0	0	0	0	0	0	0	0	0	0	0	0	0	0
Jared Abbrederis	WR	3	0	0	0	0	0	0	0	0	0	0	0	0	0	0
Michael Campanaro	WR	3	0	0	0	7	0	3	0	1	0	0	0	0	0	0
Xavier Grimble	TE	3	0	0	0	0	0	0	0	0	0	0	0	0	0	0
Troy Niklas	TE	3	0	0	0	0	0	10	0	1	0	0	0	0	0	0
Carlos Hyde	RB	3	0	0	0	84	2	10	0	3	0	0	0	0	0	0
De'Anthony Thomas	WR	3	0	0	0	0	0	14	0	1	0	0	0	0	0	0
James White	RB	3	0	0	0	17	0	11	0	1	0	0	0	0	0	0
Ryan Grant	WR	3	0	0	0	0	0	31	0	3	0	0	0	0	0	0
Seth Roberts	WR	3	0	0	0	0	0	20	0	4	0	0	1	0	0	0
T.J. Jones	WR	3	0	0	0	0	0	63	0	3	0	0	0	0	0	0
Taylor Gabriel	WR	3	0	0	0	0	0	79	1	5	0	0	0	0	0	0
Odell Beckham Jr.	WR	3	0	0	0	0	0	79	2	9	0	0	0	0	0	0
Brandin Cooks	WR	3	0	0	0	0	0	131	2	5	0	0	0	0	0	1
Paul Richardson	WR	3	0	0	0	0	0	30	1	2	0	0	0	0	0	0
Cameron Brate	TE	3	0	0	0	0	0	33	1	4	0	0	0	0	0	0
Branden Oliver	RB	3	0	0	0	16	0	18	0	4	0	0	0	0	0	0
Derek Carr	QB	3	118	1	2	5	0	0	0	0	0	0	0	0	0	0
Devonta Freeman	RB	3	0	0	0	106	1	32	0	3	0	0	0	0	0	0
Jordan Matthews	TE	3	0	0	0	0	0	61	0	3	0	0	0	0	0	0
Jeremy Hill	RB	3	0	0	0	23	0	6	0	1	0	0	0	0	0	0
Matt Hazel	WR	3	0	0	0	0	0	0	0	0	0	0	0	0	0	0
Sammy Watkins	WR	3	0	0	0	0	0	106	2	6	0	0	0	0	0	0
Bruce Ellington	WR	3	0	0	0	-1	0	59	1	4	0	0	0	0	0	0
Donte Moncrief	WR	3	0	0	0	0	0	44	0	2	0	0	0	0	0	0
Cody Latimer	WR	3	0	0	0	0	0	0	0	0	0	0	0	0	0	0
Kelvin Benjamin	WR	3	0	0	0	0	0	8	0	2	0	0	0	0	0	0
Martavis Bryant	WR	3	0	0	0	0	0	30	0	2	0	0	0	0	0	0
Terrance West	RB	3	0	0	0	26	0	0	0	0	0	1	0	0	0	0
Jerick McKinnon	RB	3	0	0	0	5	0	-1	0	2	0	0	0	0	0	0
Davante Adams	WR	3	0	0	0	0	0	60	0	3	0	0	0	0	0	0
Jarvis Landry	WR	3	0	0	0	0	0	48	0	6	0	0	0	0	0	0
Eric Ebron	TE	3	0	0	0	0	0	9	0	2	0	0	0	0	0	0
Charles Sims	RB	3	0	0	0	4	0	9	0	1	0	0	0	0	0	0
Blake Bortles	QB	3	244	4	0	18	0	0	0	0	0	0	0	0	0	0
Mike Evans	WR	3	0	0	0	0	0	67	0	7	0	0	0	0	0	0
Austin Seferian-Jenkins	TE	3	0	0	0	0	0	31	0	5	0	0	0	0	0	0
Marqise Lee	WR	3	0	0	0	0	0	65	0	4	0	0	0	0	0	0
Jameis Winston	QB	3	328	2	3	4	0	0	0	0	0	0	0	0	0	0
Quan Bray	WR	3	0	0	0	0	0	22	0	1	0	0	0	0	0	0
Randall Telfer	TE	3	0	0	0	0	0	4	0	1	0	0	0	0	0	0
Amari Cooper	WR	3	0	0	0	0	0	6	0	1	0	0	0	0	0	0
DeVante Parker	WR	3	0	0	0	0	0	76	1	8	0	0	0	0	0	0
Nelson Agholor	WR	3	0	0	0	0	0	20	0	2	0	0	0	0	0	0
Javorius Allen	RB	3	0	0	0	15	0	13	0	5	0	0	0	0	0	0
Stefon Diggs	WR	3	0	0	0	0	0	173	2	8	0	0	0	0	0	0
Jay Ajayi	RB	3	0	0	0	16	0	9	0	2	0	0	0	0	0	0
Nick Boyle	TE	3	0	0	0	0	0	14	0	2	0	0	0	0	0	0
A.J. Derby	TE	3	0	0	0	0	0	5	0	1	0	0	0	0	0	0
Zach Zenner	RB	3	0	0	0	5	0	0	0	0	0	0	0	0	0	0
Raheem Mostert	RB	3	0	0	0	11	0	0	0	0	0	1	0	0	0	0
Corey Grant	RB	3	0	0	0	75	0	18	0	1	0	0	0	0	0	0
Akeem Hunt	RB	3	0	0	0	0	0	0	0	0	0	0	0	0	0	0
Eli Rogers	WR	3	0	0	0	0	0	0	0	0	0	0	0	0	0	0
Terrell Watson	RB	3	0	0	0	3	0	0	0	0	0	0	0	0	0	0
Jordan Leslie	WR	3	0	0	0	0	0	26	0	1	0	0	0	0	0	0
Damiere Byrd	WR	3	0	0	0	0	0	0	0	0	0	0	0	0	0	0
Rod Smith	RB	3	0	0	0	0	0	0	0	0	0	0	0	0	0	0
Matt Jones	RB	3	0	0	0	3	0	0	0	0	0	0	0	0	0	0
Jamison Crowder	WR	3	0	0	0	0	0	52	0	6	0	0	0	0	0	0
James O'Shaughnessy	TE	3	0	0	0	0	0	12	0	1	0	0	0	0	0	0
Adam Humphries	WR	3	0	0	0	0	0	68	0	6	0	0	0	0	0	0
Mack Brown	RB	3	0	0	0	27	0	0	0	0	0	0	0	0	0	0
Breshad Perriman	WR	3	0	0	0	0	0	0	0	0	0	0	0	0	0	0
Devin Funchess	WR	3	0	0	0	0	0	58	0	4	0	0	0	0	0	0
Tevin Coleman	RB	3	0	0	0	46	0	43	0	3	0	0	0	0	0	0
Ameer Abdullah	RB	3	0	0	0	47	0	39	0	3	0	0	0	0	0	0
J.J. Nelson	WR	3	0	0	0	0	0	0	0	0	0	0	0	0	0	0
Kaelin Clay	WR	3	0	0	0	0	0	28	0	1	0	0	0	0	0	0
Nick O'Leary	TE	3	0	0	0	0	0	31	0	1	0	0	0	0	0	0
Neal Sterling	TE	3	0	0	0	0	0	0	0	0	0	0	0	0	0	0
Chris Conley	WR	3	0	0	0	0	0	0	0	0	0	0	0	0	0	0
C.J. Uzomah	TE	3	0	0	0	0	0	0	0	0	0	0	0	0	0	0
Jesse James	TE	3	0	0	0	0	0	19	0	2	0	0	0	0	0	0
Melvin Gordon	RB	3	0	0	0	79	1	0	0	0	0	0	0	0	0	0
Trevor Siemian	QB	3	259	0	2	12	0	0	0	0	0	0	0	0	0	0
Tyrell Williams	WR	3	0	0	0	0	0	15	0	2	0	0	0	0	0	0
Vince Mayle	TE	3	0	0	0	0	0	0	0	0	0	0	0	0	0	0
Ty Montgomery	WR	3	0	0	0	35	0	15	0	8	0	0	0	0	0	0
Tyler Lockett	WR	3	0	0	0	0	0	30	0	2	0	0	0	0	0	0
Tyler Kroft	TE	3	0	0	0	0	0	28	0	3	0	0	0	0	0	0
Todd Gurley	RB	3	0	0	0	113	2	36	1	5	0	0	0	0	0	0
Kasen Williams	WR	3	0	0	0	0	0	10	0	1	0	0	0	0	0	0
Clive Walford	TE	3	0	0	0	0	0	-1	0	1	0	0	0	0	0	0
Duke Johnson	RB	3	0	0	0	23	1	81	0	6	0	0	0	0	0	0
Marcus Mariota	QB	3	225	2	0	27	0	0	0	0	0	0	0	0	0	0
Sterling Shepard	WR	3	0	0	0	0	0	133	1	7	0	0	0	0	0	0
Austin Hooper	TE	3	0	0	0	0	0	9	0	1	0	0	0	0	0	0
C.J. Prosise	RB	3	0	0	0	9	0	65	0	3	0	0	0	0	0	0
Chris Moore	WR	3	0	0	0	0	0	0	0	0	0	0	0	0	0	0
Tyler Ervin	RB	3	0	0	0	4	0	4	0	1	0	0	0	0	0	0
Paul Perkins	RB	3	0	0	0	22	0	8	0	2	0	0	0	0	0	0
Trevor Davis	WR	3	0	0	0	0	0	0	0	0	0	0	0	0	0	0
Alex Collins	RB	3	0	0	0	82	0	0	0	0	0	0	0	0	0	0
Alex Erickson	WR	3	0	0	0	0	0	0	0	0	0	0	0	0	0	0
Geronimo Allison	WR	3	0	0	0	0	0	122	0	6	0	0	0	0	0	0
Roger Lewis	WR	3	0	0	0	0	0	6	0	1	0	0	0	0	0	0
Robbie Chosen	WR	3	0	0	0	0	0	95	1	3	0	0	0	0	0	0
Stephen Anderson	TE	3	0	0	0	0	0	14	0	1	0	0	0	0	0	0
Alan Cross	TE	3	0	0	0	0	0	5	0	1	0	0	0	0	0	0
Josh Doctson	WR	3	0	0	0	0	0	52	1	1	0	0	0	0	0	0
Derrick Henry	RB	3	0	0	0	54	0	10	0	1	0	0	0	0	0	0
Michael Thomas	WR	3	0	0	0	0	0	87	1	7	0	0	0	0	0	0
Demarcus Robinson	WR	3	0	0	0	0	0	9	0	2	0	0	0	0	0	0
Jordan Howard	RB	3	0	0	0	140	2	26	0	5	0	1	0	0	0	0
Wendell Smallwood	RB	3	0	0	0	71	0	9	0	1	0	0	0	0	0	0
Jakeem Grant	WR	3	0	0	0	0	0	12	0	1	0	0	0	0	0	0
Tommylee Lewis	WR	3	0	0	0	8	0	15	0	3	0	0	0	0	0	0
Johnny Holton	WR	3	0	0	0	0	0	0	0	0	0	0	0	0	0	0
DeAndre Washington	RB	3	0	0	0	0	0	24	0	5	0	0	0	0	0	0
Carson Wentz	QB	3	176	1	0	22	0	0	0	0	0	0	0	0	0	0
Laquon Treadwell	WR	3	0	0	0	0	0	2	0	1	0	0	0	0	0	0
Rashard Higgins	WR	3	0	0	0	0	0	10	0	2	0	0	0	0	0	0
Tyler Boyd	WR	3	0	0	0	0	0	11	0	1	0	0	0	0	0	0
Jalen Richard	RB	3	0	0	0	4	0	4	0	1	0	0	0	0	0	0
Tyreek Hill	WR	3	0	0	0	13	0	77	1	5	0	0	0	0	0	0
Ezekiel Elliott	RB	3	0	0	0	80	1	14	0	3	0	0	0	0	0	0
Leonte Carroo	WR	3	0	0	0	0	0	0	0	0	0	0	0	0	0	0
Braxton Miller	WR	3	0	0	0	0	0	15	0	1	0	0	0	0	0	0
Dak Prescott	QB	3	183	2	0	16	1	0	0	0	0	0	0	0	0	0
Ricardo Louis	WR	3	0	0	0	0	0	10	0	1	0	0	0	0	0	0
Seth DeValve	TE	3	0	0	0	0	0	29	0	2	0	0	0	0	0	0
Jared Goff	QB	3	292	3	0	-1	0	0	0	0	0	0	0	0	0	0
Tyler Higbee	TE	3	0	0	0	0	0	4	0	1	0	0	0	0	0	0
Pharoh Cooper	WR	3	0	0	0	0	0	4	0	1	0	0	0	0	0	0
Kenyan Drake	RB	3	0	0	0	0	0	2	0	1	0	0	0	0	0	0
Jacoby Brissett	QB	3	259	1	0	14	2	0	0	0	0	0	0	0	0	0
Darrell Daniels	TE	3	0	0	0	0	0	6	0	1	0	0	0	0	0	0
Christian McCaffrey	RB	3	0	0	0	16	0	101	0	9	0	0	0	0	0	0
Curtis Samuel	WR	3	0	0	0	31	0	5	0	2	0	0	0	0	0	0
George Kittle	TE	3	0	0	0	0	0	8	0	1	0	0	0	0	0	0
Trent Taylor	WR	3	0	0	0	0	0	32	1	3	0	0	0	0	0	0
Elijah McGuire	RB	3	0	0	0	34	0	0	0	0	0	1	0	0	0	0
Victor Bolden	WR	3	0	0	0	0	0	0	0	0	0	0	0	0	0	0
Matt Breida	RB	3	0	0	0	9	0	20	0	3	0	0	0	0	0	0
Jacob Hollister	TE	3	0	0	0	0	0	19	0	1	0	0	0	0	0	0
Isaiah McKenzie	WR	3	0	0	0	4	0	0	0	0	0	0	0	0	0	0
Samaje Perine	RB	3	0	0	0	49	0	6	0	1	0	1	0	0	0	0
Deshaun Watson	QB	3	301	2	2	41	0	0	0	0	0	0	0	0	0	0
Tarik Cohen	RB	3	0	0	0	78	0	24	0	4	0	0	0	0	0	0
Ryan Switzer	WR	3	0	0	0	3	0	0	0	0	0	0	0	0	0	0
Jamal Agnew	WR	3	0	0	0	0	0	0	0	0	0	0	0	0	0	0
De'Angelo Henderson Sr.	RB	3	0	0	0	1	0	0	0	0	0	0	0	0	0	0
Noah Brown	WR	3	0	0	0	0	0	13	0	1	0	0	0	0	0	0
Chris Carson	RB	3	0	0	0	34	0	18	1	2	0	0	0	0	0	0
Keelan Cole	WR	3	0	0	0	0	0	13	0	1	0	0	0	0	0	0
Austin Ekeler	RB	3	0	0	0	0	0	6	0	1	0	0	0	0	0	0
Corey Clement	RB	3	0	0	0	22	1	0	0	0	0	0	0	0	0	0
Leonard Fournette	RB	3	0	0	0	59	1	21	0	3	0	0	0	0	0	0
JuJu Smith-Schuster	WR	3	0	0	0	0	0	39	0	2	0	0	0	0	0	0
Jonnu Smith	TE	3	0	0	0	0	0	24	1	1	0	0	0	0	0	0
O.J. Howard	TE	3	0	0	0	0	0	12	0	1	0	0	0	0	0	0
Evan Engram	TE	3	0	0	0	0	0	45	0	5	0	0	0	0	0	0
David Njoku	TE	3	0	0	0	0	0	12	1	2	0	0	0	0	0	0
Zay Jones	WR	3	0	0	0	0	0	0	0	0	0	0	0	0	0	0
Dalvin Cook	RB	3	0	0	0	97	1	72	0	5	0	0	0	0	0	0
Adam Shaheen	TE	3	0	0	0	0	0	2	1	1	0	0	0	0	0	0
Joe Mixon	RB	3	0	0	0	62	0	39	0	3	0	0	0	0	0	0
DeShone Kizer	QB	3	242	2	3	44	1	0	0	0	0	0	0	0	0	0
Alvin Kamara	RB	3	0	0	0	37	1	5	0	3	0	0	0	0	0	0
Cooper Kupp	WR	3	0	0	0	0	0	17	0	2	0	0	0	0	0	0
Taywan Taylor	WR	3	0	0	0	-1	0	16	0	2	0	0	0	0	0	0
ArDarius Stewart	WR	3	0	0	0	0	0	24	0	1	0	0	0	0	0	0
Chris Godwin Jr.	WR	3	0	0	0	0	0	44	0	3	0	0	0	0	0	0
Kareem Hunt	RB	3	0	0	0	172	1	11	0	1	0	0	0	0	0	0
D'Onta Foreman	RB	3	0	0	0	25	0	65	0	2	0	0	0	0	0	0
Kenny Golladay	WR	3	0	0	0	0	0	25	0	2	0	0	0	0	0	0
Chad Williams	WR	3	0	0	0	0	0	8	0	1	0	0	0	0	0	0
Amara Darboh	WR	3	0	0	0	0	0	0	0	0	0	0	0	0	0	0
Jamaal Williams	RB	3	0	0	0	6	0	0	0	0	0	0	0	0	0	0
Tom Brady	QB	4	307	2	0	2	0	0	0	0	0	0	0	0	0	0
Drew Brees	QB	4	268	2	0	3	0	0	0	0	0	0	0	0	0	0
Josh McCown	QB	4	224	0	1	0	0	0	0	0	0	1	0	0	0	0
Carson Palmer	QB	4	357	1	1	1	0	0	0	0	0	0	0	0	0	0
Antonio Gates	TE	4	0	0	0	0	0	18	0	3	0	0	0	0	0	0
Jason Witten	TE	4	0	0	0	0	0	9	0	1	0	0	0	0	0	0
Eli Manning	QB	4	288	2	0	22	1	0	0	0	0	0	0	0	0	0
Larry Fitzgerald	WR	4	0	0	0	0	0	32	1	4	0	0	0	0	0	0
Ben Roethlisberger	QB	4	216	1	1	-1	0	0	0	0	0	0	0	0	0	0
Philip Rivers	QB	4	347	2	0	0	0	0	0	0	1	0	0	0	0	0
Benjamin Watson	TE	4	0	0	0	0	0	43	0	5	0	0	0	0	0	0
Alex Smith	QB	4	293	1	0	56	1	0	0	0	0	0	0	0	0	0
Aaron Rodgers	QB	4	179	4	0	-1	0	0	0	0	0	0	0	0	0	0
Frank Gore	RB	4	0	0	0	46	0	34	0	3	0	0	0	0	0	0
Matt Cassel	QB	4	21	0	2	0	0	0	0	0	1	0	0	0	0	0
Vernon Davis	TE	4	0	0	0	0	0	89	0	2	0	0	0	0	0	0
Jay Cutler	QB	4	164	0	1	5	0	0	0	0	0	0	0	0	0	0
Marcedes Lewis	TE	4	0	0	0	0	0	0	0	0	0	0	0	0	0	0
Anthony Fasano	TE	4	0	0	0	0	0	0	0	0	0	0	0	0	0	0
Brandon Marshall	WR	4	0	0	0	0	0	46	0	6	0	0	0	0	0	0
Delanie Walker	TE	4	0	0	0	0	0	51	0	3	0	0	0	0	0	0
Adrian Peterson	RB	4	0	0	0	4	0	0	0	0	0	0	0	0	0	0
Ted Ginn	WR	4	0	0	0	9	0	25	0	2	0	0	0	0	0	0
Marshawn Lynch	RB	4	0	0	0	12	0	0	0	0	0	0	0	0	0	0
Brent Celek	TE	4	0	0	0	0	0	0	0	0	0	0	0	0	0	0
Danny Amendola	WR	4	0	0	0	0	0	42	1	6	0	0	0	0	0	0
Matt Ryan	QB	4	242	1	2	8	0	0	0	0	1	0	0	0	0	0
Jonathan Stewart	RB	4	0	0	0	68	0	0	0	0	0	1	0	0	0	0
Joe Flacco	QB	4	235	1	2	0	0	0	0	0	0	0	0	0	0	0
Chris Johnson	RB	4	0	0	0	32	0	31	0	3	0	0	0	0	0	0
Jordy Nelson	WR	4	0	0	0	0	0	75	2	4	0	0	0	0	0	0
DeSean Jackson	WR	4	0	0	0	0	0	20	0	2	0	0	0	0	0	0
Martellus Bennett	TE	4	0	0	0	0	0	39	0	6	0	0	0	0	0	0
Jamaal Charles	RB	4	0	0	0	33	0	14	0	1	0	0	0	0	0	0
Pierre Garcon	WR	4	0	0	0	0	0	36	0	4	0	0	0	0	0	0
Matthew Stafford	QB	4	209	0	0	-3	0	0	0	0	0	0	0	1	0	0
Brian Hoyer	QB	4	234	0	1	3	0	0	0	0	0	0	0	0	0	0
Mike Wallace	WR	4	0	0	0	0	0	55	1	6	0	0	0	0	0	0
Darrius Heyward-Bey	WR	4	0	0	0	3	0	0	0	0	0	0	0	0	0	0
Jeremy Maclin	WR	4	0	0	0	0	0	21	0	3	0	0	0	0	0	0
Kenny Britt	WR	4	0	0	0	0	0	52	0	3	0	0	0	0	0	0
LeSean McCoy	RB	4	0	0	0	76	0	32	0	3	0	0	0	0	0	0
Jared Cook	TE	4	0	0	0	0	0	46	0	3	0	0	0	0	0	0
Zach Miller	TE	4	0	0	0	0	0	45	0	2	0	0	0	0	0	0
Logan Paulsen	TE	4	0	0	0	0	0	0	0	0	0	0	0	0	0	0
LeGarrette Blount	RB	4	0	0	0	136	0	20	0	1	0	0	0	0	0	0
Chris Ivory	RB	4	0	0	0	42	0	2	0	1	0	0	0	0	0	0
Arrelious Benn	WR	4	0	0	0	0	0	0	0	0	0	0	0	0	0	0
Rob Gronkowski	TE	4	0	0	0	0	0	80	0	4	0	0	0	0	0	0
Ed Dickson	TE	4	0	0	0	0	0	62	0	3	0	0	0	0	0	0
Brandon LaFell	WR	4	0	0	0	0	0	17	0	2	0	0	0	0	0	0
Emmanuel Sanders	WR	4	0	0	0	0	0	27	0	4	0	0	0	0	0	0
Eric Decker	WR	4	0	0	0	0	0	13	0	2	0	0	0	0	0	0
Andre Roberts	WR	4	0	0	0	0	0	0	0	0	0	0	0	0	0	0
Jimmy Graham	TE	4	0	0	0	0	0	61	0	4	0	0	0	0	0	0
Michael Hoomanawanui	TE	4	0	0	0	0	0	13	0	1	0	0	0	0	0	0
Antonio Brown	WR	4	0	0	0	0	0	34	0	4	0	0	0	0	0	0
Joe Webb	QB	4	0	0	0	0	0	0	0	0	0	0	0	0	0	0
Jermaine Gresham	TE	4	0	0	0	0	0	12	0	2	0	0	0	0	0	0
Demaryius Thomas	WR	4	0	0	0	0	0	11	0	1	0	0	0	0	0	0
Golden Tate	WR	4	0	0	0	2	0	29	0	3	0	0	0	0	0	0
Dez Bryant	WR	4	0	0	0	0	0	98	0	5	0	0	0	0	0	0
Cam Newton	QB	4	316	3	1	44	1	0	0	0	0	0	0	0	0	0
A.J. Green	WR	4	0	0	0	0	0	63	1	5	0	0	0	0	0	0
Julio Jones	WR	4	0	0	0	0	0	30	0	3	0	0	0	0	0	0
Mark Ingram	RB	4	0	0	0	45	0	17	0	4	0	0	0	0	0	0
Andy Dalton	QB	4	286	4	0	29	0	0	0	0	1	0	0	0	0	0
Kyle Rudolph	TE	4	0	0	0	0	0	34	0	2	0	0	0	0	0	0
Lance Kendricks	TE	4	0	0	0	0	0	0	0	1	0	0	0	0	0	0
Shane Vereen	RB	4	0	0	0	14	0	11	0	1	0	0	0	0	0	0
Torrey Smith	WR	4	0	0	0	0	0	9	0	1	0	0	0	0	0	0
Randall Cobb	WR	4	0	0	0	0	0	44	1	4	0	0	0	0	0	0
DeMarco Murray	RB	4	0	0	0	31	0	4	0	2	0	0	0	0	0	0
Taiwan Jones	RB	4	0	0	0	0	0	0	0	0	0	0	0	0	0	0
Bilal Powell	RB	4	0	0	0	163	1	27	0	4	0	0	0	0	0	0
Julius Thomas	TE	4	0	0	0	0	0	29	0	2	0	0	0	0	0	0
Jacquizz Rodgers	RB	4	0	0	0	83	0	25	0	2	0	0	0	0	0	0
Dion Lewis	RB	4	0	0	0	18	1	9	0	1	0	0	0	0	0	0
Jeremy Kerley	WR	4	0	0	0	0	0	37	0	5	0	0	0	0	0	0
Niles Paul	TE	4	0	0	0	0	0	0	0	0	0	0	0	0	0	0
Lee Smith	TE	4	0	0	0	0	0	15	0	2	0	0	0	0	0	0
Charles Clay	TE	4	0	0	0	0	0	112	0	5	0	0	0	0	0	0
Dwayne Harris	WR	4	0	0	0	0	0	0	0	0	0	0	0	0	0	0
Aldrick Robinson	WR	4	0	0	0	0	0	52	0	3	0	0	0	0	0	0
Tyrod Taylor	QB	4	182	1	0	12	0	0	0	0	0	0	0	0	0	0
Jordan Todman	RB	4	0	0	0	0	0	0	0	0	0	0	0	0	0	0
Chris Hogan	WR	4	0	0	0	0	0	60	1	5	0	0	0	0	0	0
Andre Holmes	WR	4	0	0	0	0	0	10	0	1	0	0	0	0	0	0
Dontrelle Inman	WR	4	0	0	0	0	0	7	0	1	0	0	0	0	0	0
Doug Baldwin	WR	4	0	0	0	0	0	35	0	3	0	0	0	0	0	1
Kamar Aiken	WR	4	0	0	0	0	0	4	0	1	0	0	0	0	0	0
Patrick DiMarco	RB	4	0	0	0	-2	0	0	0	0	0	0	0	0	0	0
Chris Matthews	WR	4	0	0	0	0	0	12	0	1	0	0	0	0	0	0
Terrelle Pryor	WR	4	0	0	0	0	0	70	1	3	0	0	0	0	0	0
Garrett Celek	TE	4	0	0	0	0	0	0	0	0	0	0	0	0	0	0
Case Keenum	QB	4	219	0	0	0	0	0	0	0	0	0	0	0	0	0
Phillip Supernaw	TE	4	0	0	0	0	0	0	0	0	0	0	0	0	0	0
Cole Beasley	WR	4	0	0	0	0	0	17	0	3	0	0	0	0	0	0
Alshon Jeffery	WR	4	0	0	0	0	0	29	1	3	0	0	0	0	0	0
Alfred Morris	RB	4	0	0	0	76	0	0	0	0	0	0	0	0	0	0
Jermaine Kearse	WR	4	0	0	0	0	0	17	0	4	0	0	0	0	0	0
Brandon Bolden	RB	4	0	0	0	0	0	0	0	0	0	0	0	0	0	0
Russell Wilson	QB	4	295	2	2	38	1	0	0	0	0	0	0	1	0	0
Travis Benjamin	WR	4	0	0	0	0	0	21	0	2	0	0	0	0	0	0
Robert Turbin	RB	4	0	0	0	8	1	0	0	0	0	0	0	0	0	0
Marvin Jones	WR	4	0	0	0	0	0	42	0	2	0	0	0	0	0	0
Josh Bellamy	WR	4	0	0	0	0	0	36	0	3	0	0	0	0	0	0
Brittan Golden	WR	4	0	0	0	0	0	0	0	0	0	0	0	0	0	0
Deonte Thompson	WR	4	0	0	0	0	0	44	0	5	0	0	0	0	0	0
Jamize Olawale	RB	4	0	0	0	2	0	13	0	2	0	0	0	0	0	0
Rishard Matthews	WR	4	0	0	0	0	0	49	0	3	0	0	0	0	0	0
Rhett Ellison	TE	4	0	0	0	0	0	11	1	2	0	0	0	0	0	0
Kirk Cousins	QB	4	220	2	0	38	0	0	0	0	0	0	0	0	0	0
T.Y. Hilton	WR	4	0	0	0	0	0	30	0	3	0	0	0	0	0	0
Lamar Miller	RB	4	0	0	0	75	1	56	1	4	0	0	0	0	0	0
Mohamed Sanu	WR	4	0	0	0	4	0	3	0	1	0	0	0	0	0	0
James Hanna	TE	4	0	0	0	0	0	28	1	1	0	0	0	0	0	0
Dwayne Allen	TE	4	0	0	0	0	0	0	0	0	0	0	0	0	0	0
Coby Fleener	TE	4	0	0	0	0	0	21	0	2	0	0	0	0	0	0
Kendall Wright	WR	4	0	0	0	0	0	51	1	4	0	0	0	0	0	0
Fozzy Whittaker	RB	4	0	0	0	0	0	34	1	3	0	0	0	0	0	0
Darren Fells	TE	4	0	0	0	0	0	40	0	4	0	0	0	0	0	0
Ifeanyi Momah	TE	4	0	0	0	0	0	0	0	0	0	0	0	0	0	0
Brandon Williams	TE	4	0	0	0	0	0	32	0	1	0	0	0	0	0	0
Benny Cunningham	RB	4	0	0	0	26	0	0	0	0	0	0	0	0	0	0
Nick Williams	WR	4	0	0	0	0	0	30	0	3	0	0	0	0	0	0
C.J. Anderson	RB	4	0	0	0	95	0	17	0	4	0	0	0	0	0	0
Adam Thielen	WR	4	0	0	0	0	0	59	0	5	0	0	1	0	0	0
Zach Ertz	TE	4	0	0	0	0	0	81	0	5	0	0	0	0	0	0
Marquise Goodwin	WR	4	0	0	0	0	0	18	0	1	0	0	0	0	0	0
Kenny Stills	WR	4	0	0	0	0	0	13	0	3	0	0	0	0	0	0
Luke Willson	TE	4	0	0	0	0	0	6	1	1	0	0	0	0	0	0
Theo Riddick	RB	4	0	0	0	4	0	8	0	1	0	0	0	0	0	0
Ryan Griffin	TE	4	0	0	0	0	0	13	0	2	0	0	0	0	0	0
Kerwynn Williams	RB	4	0	0	0	-1	0	10	0	1	0	0	0	0	0	0
Russell Shepard	WR	4	0	0	0	0	0	13	0	1	0	0	0	0	0	0
Demetrius Harris	TE	4	0	0	0	0	0	0	0	0	0	0	0	0	0	0
Jack Doyle	TE	4	0	0	0	0	0	27	0	5	0	0	0	0	0	0
Keenan Allen	WR	4	0	0	0	0	0	138	0	5	0	0	0	0	0	0
Andre Ellington	RB	4	0	0	0	18	0	86	0	9	0	0	0	0	0	0
Jaron Brown	WR	4	0	0	0	0	0	105	0	8	0	0	0	0	0	0
Chris Thompson	RB	4	0	0	0	23	0	4	0	1	0	0	0	0	0	0
Dion Sims	TE	4	0	0	0	0	0	8	0	1	0	0	0	0	0	0
Robert Woods	WR	4	0	0	0	0	0	17	0	2	0	0	0	0	0	0
Mike Gillislee	RB	4	0	0	0	49	0	0	0	0	0	0	0	0	0	0
Levine Toilolo	TE	4	0	0	0	0	0	21	0	3	0	0	0	0	0	0
Giovani Bernard	RB	4	0	0	0	12	0	67	1	3	0	0	0	0	0	0
Markus Wheaton	WR	4	0	0	0	0	0	0	0	0	0	0	0	0	0	0
Kenjon Barner	RB	4	0	0	0	0	0	0	0	0	0	0	0	0	0	0
Vance McDonald	TE	4	0	0	0	0	0	0	0	0	0	0	0	0	0	0
Jordan Reed	TE	4	0	0	0	0	0	21	0	3	0	0	0	0	0	0
Eddie Lacy	RB	4	0	0	0	52	0	0	0	0	0	0	0	0	0	0
Le'Veon Bell	RB	4	0	0	0	144	2	42	0	4	0	0	0	0	0	0
Travis Kelce	TE	4	0	0	0	3	0	111	1	7	0	0	0	0	0	0
Latavius Murray	RB	4	0	0	0	21	0	8	0	2	0	0	0	0	0	0
Brice Butler	WR	4	0	0	0	0	0	12	1	2	0	0	0	0	0	0
Mike Glennon	QB	4	218	1	2	0	0	0	0	0	1	1	0	0	0	0
Justin Hunter	WR	4	0	0	0	0	0	5	0	1	0	0	0	0	0	0
Tavon Austin	WR	4	0	0	0	48	0	-2	0	1	0	0	0	0	0	0
EJ Manuel	QB	4	106	0	1	0	0	0	0	0	0	0	0	0	0	0
Terrance Williams	WR	4	0	0	0	0	0	34	0	4	0	0	0	0	0	0
DeAndre Hopkins	WR	4	0	0	0	0	0	107	1	10	0	0	0	0	0	0
Cordarrelle Patterson	RB	4	0	0	0	2	0	33	0	6	0	0	0	0	0	0
Isaiah Crowell	RB	4	0	0	0	20	0	7	0	1	0	0	0	0	0	0
Charcandrick West	RB	4	0	0	0	2	0	33	0	5	0	0	0	0	0	0
Albert Wilson	WR	4	0	0	0	6	0	63	0	4	0	0	0	0	0	0
Bennie Fowler	WR	4	0	0	0	0	0	35	0	2	0	0	0	0	0	0
David Fluellen	RB	4	0	0	0	3	0	0	0	0	0	0	0	0	0	0
Bernard Reedy	WR	4	0	0	0	0	0	0	0	0	0	0	0	0	0	0
Ryan Hewitt	TE	4	0	0	0	0	0	16	0	1	0	0	0	0	0	0
Brandon Coleman	WR	4	0	0	0	0	0	31	0	1	0	0	0	0	0	0
Allen Hurns	WR	4	0	0	0	0	0	42	0	4	0	0	0	0	0	0
Damien Williams	RB	4	0	0	0	1	0	0	0	0	0	0	0	0	0	0
Jared Abbrederis	WR	4	0	0	0	0	0	0	0	0	0	0	0	0	0	0
Michael Campanaro	WR	4	0	0	0	0	0	25	0	4	0	0	0	0	0	0
Carlos Hyde	RB	4	0	0	0	68	0	27	0	5	0	0	0	0	0	0
John Brown	WR	4	0	0	0	0	0	47	0	3	0	0	0	0	0	0
De'Anthony Thomas	WR	4	0	0	0	0	0	0	0	0	0	0	0	0	0	0
James White	RB	4	0	0	0	7	0	47	0	10	0	0	0	0	0	0
Tom Savage	QB	4	0	0	0	0	0	0	0	0	0	0	0	0	0	0
Ryan Grant	WR	4	0	0	0	0	0	16	1	2	0	0	0	0	0	0
Alfred Blue	RB	4	0	0	0	12	0	0	0	0	0	0	0	0	0	0
Seth Roberts	WR	4	0	0	0	0	0	49	0	4	0	0	0	0	0	0
T.J. Jones	WR	4	0	0	0	0	0	33	0	3	0	0	0	0	0	1
Taylor Gabriel	WR	4	0	0	0	0	0	0	0	0	0	0	0	0	0	0
Odell Beckham Jr.	WR	4	0	0	0	0	0	90	0	7	0	0	0	0	0	0
Brandin Cooks	WR	4	0	0	0	4	0	38	0	3	0	0	0	0	0	0
Paul Richardson	WR	4	0	0	0	0	0	65	0	3	0	0	0	0	0	0
Cameron Brate	TE	4	0	0	0	0	0	80	1	4	0	0	0	0	0	0
Branden Oliver	RB	4	0	0	0	1	0	2	0	1	0	0	0	0	0	0
Derek Carr	QB	4	143	1	0	0	0	0	0	0	0	0	0	0	0	0
Devonta Freeman	RB	4	0	0	0	58	1	20	0	2	0	0	0	0	0	0
Jordan Matthews	TE	4	0	0	0	0	0	10	1	2	0	0	0	0	0	0
Jeremy Hill	RB	4	0	0	0	16	0	10	0	1	0	0	0	0	0	0
Sammy Watkins	WR	4	0	0	0	0	0	17	0	1	0	0	0	0	0	0
Bruce Ellington	WR	4	0	0	0	13	0	44	0	3	0	0	0	0	0	0
Donte Moncrief	WR	4	0	0	0	0	0	30	1	3	0	0	0	0	0	0
Kelvin Benjamin	WR	4	0	0	0	0	0	104	0	4	0	0	0	0	0	0
Martavis Bryant	WR	4	0	0	0	0	0	48	0	3	0	0	0	0	0	0
Terrance West	RB	4	0	0	0	-7	0	0	0	0	0	0	0	0	0	0
Jerick McKinnon	RB	4	0	0	0	0	0	0	0	0	0	1	0	0	0	0
Davante Adams	WR	4	0	0	0	0	0	13	1	2	0	0	0	0	0	0
Jarvis Landry	WR	4	0	0	0	0	0	40	0	6	0	0	0	0	0	0
Eric Ebron	TE	4	0	0	0	0	0	27	0	2	0	0	0	0	0	0
Charles Sims	RB	4	0	0	0	14	0	7	0	1	0	0	0	0	0	0
Blake Bortles	QB	4	140	1	1	38	0	0	0	0	0	0	0	0	0	0
Mike Evans	WR	4	0	0	0	0	0	67	1	5	0	0	0	0	0	0
Austin Seferian-Jenkins	TE	4	0	0	0	0	0	46	0	4	0	0	0	0	0	0
Marqise Lee	WR	4	0	0	0	0	0	18	0	2	0	0	0	0	0	0
Jameis Winston	QB	4	332	3	0	12	0	0	0	0	0	0	0	0	0	0
Quan Bray	WR	4	0	0	0	0	0	0	0	0	0	0	0	0	0	0
Amari Cooper	WR	4	0	0	0	0	0	9	0	2	0	0	0	0	0	0
DeVante Parker	WR	4	0	0	0	0	0	69	0	6	0	0	0	0	0	0
Nelson Agholor	WR	4	0	0	0	0	0	58	0	3	0	0	0	0	0	0
Justin Hardy	WR	4	0	0	0	0	0	12	1	2	0	0	0	0	0	0
Javorius Allen	RB	4	0	0	0	7	0	37	0	6	0	0	0	0	0	0
Stefon Diggs	WR	4	0	0	0	0	0	98	0	5	0	0	0	0	0	0
Brett Hundley	QB	4	0	0	0	0	0	0	0	0	0	0	0	0	0	0
Jay Ajayi	RB	4	0	0	0	46	0	8	0	1	0	0	0	0	0	0
Nick Boyle	TE	4	0	0	0	0	0	36	0	5	0	0	0	0	0	0
A.J. Derby	TE	4	0	0	0	0	0	75	1	4	0	0	0	0	0	0
Zach Zenner	RB	4	0	0	0	0	0	0	0	0	0	0	0	0	0	0
Raheem Mostert	RB	4	0	0	0	0	0	0	0	0	0	0	0	0	0	0
Eric Tomlinson	TE	4	0	0	0	0	0	0	0	0	0	0	0	0	0	0
Jordan Taylor	WR	4	0	0	0	0	0	0	0	0	0	0	0	0	0	0
Corey Grant	RB	4	0	0	0	9	0	-5	0	1	0	0	0	0	0	0
Akeem Hunt	RB	4	0	0	0	0	0	0	0	0	0	0	0	0	0	0
Terrell Watson	RB	4	0	0	0	1	0	0	0	0	0	0	0	0	0	0
Malcolm Brown	RB	4	0	0	0	0	0	14	0	1	0	0	0	0	0	0
Damiere Byrd	WR	4	0	0	0	12	0	0	0	0	0	0	0	0	0	0
Rod Smith	RB	4	0	0	0	0	0	0	0	0	0	0	0	0	0	0
Matt Jones	RB	4	0	0	0	11	0	0	0	0	0	0	0	0	0	0
Jamison Crowder	WR	4	0	0	0	0	0	-7	0	1	0	0	0	0	0	0
James O'Shaughnessy	TE	4	0	0	0	0	0	0	0	0	0	0	0	0	0	0
Adam Humphries	WR	4	0	0	0	0	0	70	0	6	0	0	0	0	0	0
Breshad Perriman	WR	4	0	0	0	0	0	6	0	1	0	0	0	0	0	0
Devin Funchess	WR	4	0	0	0	0	0	70	2	7	0	0	0	0	0	0
Tevin Coleman	RB	4	0	0	0	77	0	65	0	4	0	0	0	0	0	0
Blake Bell	TE	4	0	0	0	0	0	12	0	1	0	0	0	0	0	0
Ameer Abdullah	RB	4	0	0	0	94	1	15	0	3	0	0	0	0	0	0
J.J. Nelson	WR	4	0	0	0	0	0	34	0	3	0	0	0	0	0	0
Kaelin Clay	WR	4	0	0	0	0	0	0	0	0	0	0	0	0	0	0
Chris Conley	WR	4	0	0	0	0	0	31	0	2	0	0	0	0	0	0
C.J. Uzomah	TE	4	0	0	0	0	0	11	0	1	0	0	0	0	0	0
Jesse James	TE	4	0	0	0	0	0	40	0	3	0	0	0	0	0	0
Melvin Gordon	RB	4	0	0	0	22	0	7	0	1	0	0	0	0	0	0
Trevor Siemian	QB	4	179	1	0	1	0	0	0	0	0	0	0	0	0	0
Tyrell Williams	WR	4	0	0	0	0	0	115	1	5	0	0	0	0	0	0
Vince Mayle	TE	4	0	0	0	0	0	0	0	0	0	0	0	0	0	0
Ty Montgomery	WR	4	0	0	0	28	0	0	0	0	0	0	0	0	0	0
Phillip Dorsett	WR	4	0	0	0	0	0	17	0	1	0	0	0	0	0	0
Tyler Lockett	WR	4	0	0	0	24	0	67	0	4	0	0	0	0	0	0
Tyler Kroft	TE	4	0	0	0	0	0	68	2	6	0	0	0	0	0	0
Todd Gurley	RB	4	0	0	0	121	0	94	1	7	0	0	0	0	0	0
Kasen Williams	WR	4	0	0	0	0	0	0	0	0	0	0	0	0	0	0
Duke Johnson	RB	4	0	0	0	13	1	47	0	9	0	0	0	0	0	0
Marcus Mariota	QB	4	96	0	2	39	2	0	0	0	0	0	0	0	0	0
Rob Kelley	RB	4	0	0	0	23	0	0	0	0	0	0	0	0	0	0
Sterling Shepard	WR	4	0	0	0	0	0	54	0	5	0	0	0	0	0	0
Austin Hooper	TE	4	0	0	0	0	0	50	0	5	0	0	0	0	0	0
Tyler Ervin	RB	4	0	0	0	0	0	0	0	0	0	0	0	0	0	0
Paul Perkins	RB	4	0	0	0	13	0	6	0	1	0	0	0	0	0	0
Trevor Davis	WR	4	0	0	0	0	0	0	0	0	0	0	0	0	0	0
Alex Collins	RB	4	0	0	0	82	0	0	0	0	0	1	0	0	0	0
David Morgan	TE	4	0	0	0	0	0	0	0	0	0	0	0	0	0	0
Tanner McEvoy	WR	4	0	0	0	0	0	0	0	0	0	0	0	0	0	0
Alex Erickson	WR	4	0	0	0	0	0	0	0	0	0	0	0	0	0	0
J.D. McKissic	RB	4	0	0	0	38	1	27	1	1	0	0	0	0	0	0
Roger Lewis	WR	4	0	0	0	0	0	0	0	0	0	0	0	0	0	0
Robbie Chosen	WR	4	0	0	0	0	0	59	0	3	0	0	0	0	0	0
Stephen Anderson	TE	4	0	0	0	0	0	28	0	2	0	0	0	0	0	0
Peyton Barber	RB	4	0	0	0	2	0	0	0	0	0	0	0	0	0	0
Josh Doctson	WR	4	0	0	0	0	0	27	0	2	0	0	0	0	0	0
Derrick Henry	RB	4	0	0	0	7	0	0	0	0	0	0	0	0	0	0
Michael Thomas	WR	4	0	0	0	0	0	89	1	8	0	0	0	0	0	0
Jordan Howard	RB	4	0	0	0	53	1	10	0	2	0	0	0	0	0	0
Wendell Smallwood	RB	4	0	0	0	34	1	45	0	4	0	0	0	0	0	0
Kevin Hogan	QB	4	65	0	0	0	0	0	0	0	0	0	0	0	0	0
Jakeem Grant	WR	4	0	0	0	0	0	0	0	0	0	0	0	0	0	0
Danny Vitale	RB	4	0	0	0	0	0	0	0	0	0	0	0	0	0	0
Tommylee Lewis	WR	4	0	0	0	0	0	1	0	1	0	0	0	0	0	0
Johnny Holton	WR	4	0	0	0	0	0	64	1	1	0	0	0	0	0	0
DeAndre Washington	RB	4	0	0	0	4	0	0	0	0	0	0	0	0	0	0
Carson Wentz	QB	4	242	1	0	14	0	0	0	0	0	0	0	0	0	0
Laquon Treadwell	WR	4	0	0	0	0	0	0	0	0	0	0	0	0	0	0
Devontae Booker	RB	4	0	0	0	14	0	0	0	0	0	0	0	0	0	0
Rashard Higgins	WR	4	0	0	0	0	0	0	0	0	0	0	0	0	0	0
Marcus Johnson	WR	4	0	0	0	0	0	0	0	0	0	0	0	0	0	0
Tyler Boyd	WR	4	0	0	0	0	0	15	0	2	0	0	0	0	0	0
Jalen Richard	RB	4	0	0	0	7	0	20	0	1	0	0	0	0	0	0
Tyreek Hill	WR	4	0	0	0	0	0	35	0	5	0	0	0	0	0	0
Ezekiel Elliott	RB	4	0	0	0	85	1	54	1	4	0	0	0	0	0	0
Dak Prescott	QB	4	252	3	1	25	0	0	0	0	0	0	0	0	0	0
Ricardo Louis	WR	4	0	0	0	0	0	64	0	5	0	0	0	0	0	0
Seth DeValve	TE	4	0	0	0	0	0	2	0	1	0	0	0	0	0	0
Hunter Henry	TE	4	0	0	0	0	0	16	1	2	0	0	0	0	0	0
Jared Goff	QB	4	255	2	0	-1	0	0	0	0	0	0	0	0	0	0
Tyler Higbee	TE	4	0	0	0	0	0	47	0	3	0	0	0	0	0	0
Pharoh Cooper	WR	4	0	0	0	0	0	0	0	0	0	0	0	0	0	0
Bronson Kaufusi	TE	4	0	0	0	0	0	0	0	0	0	0	0	0	0	0
Kenyan Drake	RB	4	0	0	0	6	0	5	0	2	0	0	0	0	0	0
Jacoby Brissett	QB	4	157	1	1	33	0	0	0	0	1	0	0	0	0	0
Will Fuller	WR	4	0	0	0	4	0	35	2	4	0	0	0	0	0	0
Darrell Daniels	TE	4	0	0	0	0	0	0	0	0	0	0	0	0	0	0
Christian McCaffrey	RB	4	0	0	0	16	0	33	0	4	0	0	0	0	0	0
George Kittle	TE	4	0	0	0	0	0	35	0	2	0	0	0	0	0	0
Trent Taylor	WR	4	0	0	0	0	0	47	0	5	0	0	0	0	0	0
Aaron Jones	RB	4	0	0	0	49	1	0	0	0	0	0	0	0	0	0
Elijah McGuire	RB	4	0	0	0	93	1	38	0	2	0	0	0	0	0	0
Alex Armah	RB	4	0	0	0	0	0	0	0	0	0	0	0	0	0	0
Victor Bolden	WR	4	0	0	0	0	0	0	0	0	0	0	0	0	0	0
Matt Breida	RB	4	0	0	0	16	0	4	0	1	0	0	0	0	0	0
Jacob Hollister	TE	4	0	0	0	0	0	0	0	0	0	0	0	0	0	0
Isaiah McKenzie	WR	4	0	0	0	0	0	0	0	0	0	0	0	0	0	0
Samaje Perine	RB	4	0	0	0	27	0	0	0	0	0	0	0	0	0	0
Deshaun Watson	QB	4	283	4	1	24	1	0	0	0	0	0	0	0	0	0
James Conner	RB	4	0	0	0	26	0	0	0	0	0	0	0	0	0	0
Tarik Cohen	RB	4	0	0	0	24	0	24	0	4	0	0	0	0	0	0
Michael Roberts	TE	4	0	0	0	0	0	15	0	1	0	0	0	0	0	0
Ryan Switzer	WR	4	0	0	0	3	0	0	0	0	0	0	0	0	0	0
Jamal Agnew	WR	4	0	0	0	0	0	0	0	0	0	0	0	0	0	0
Chris Carson	RB	4	0	0	0	42	0	24	0	3	0	0	0	0	0	0
Matt Dayes	RB	4	0	0	0	2	0	0	0	0	0	0	0	0	0	0
Krishawn Hogan	WR	4	0	0	0	0	0	0	0	0	0	0	0	0	0	0
Keelan Cole	WR	4	0	0	0	0	0	10	0	1	0	0	0	0	0	0
Austin Ekeler	RB	4	0	0	0	35	1	23	0	2	0	0	0	0	0	0
Corey Clement	RB	4	0	0	0	30	0	0	0	0	0	0	0	0	0	0
Trey Edmunds	RB	4	0	0	0	0	0	0	0	0	0	0	0	0	0	0
Chris Thompson	WR	4	0	0	0	0	0	0	0	0	0	0	0	0	0	0
Leonard Fournette	RB	4	0	0	0	86	0	59	1	4	0	0	0	0	0	0
JuJu Smith-Schuster	WR	4	0	0	0	0	0	47	1	3	0	0	0	0	0	0
O.J. Howard	TE	4	0	0	0	0	0	63	1	2	0	0	0	0	0	0
Evan Engram	TE	4	0	0	0	0	0	62	0	6	0	0	0	0	0	0
David Njoku	TE	4	0	0	0	0	0	11	0	2	0	0	0	0	0	0
Zay Jones	WR	4	0	0	0	0	0	18	0	1	0	0	0	0	0	0
Dalvin Cook	RB	4	0	0	0	66	1	8	0	1	0	1	0	0	0	0
Gerald Everett	TE	4	0	0	0	0	0	8	0	1	0	0	0	0	0	0
Joe Mixon	RB	4	0	0	0	29	0	19	0	4	0	0	0	0	0	0
DeShone Kizer	QB	4	118	0	1	10	0	0	0	0	0	0	0	0	0	0
Alvin Kamara	RB	4	0	0	0	25	0	71	1	10	0	0	0	0	0	0
Cooper Kupp	WR	4	0	0	0	0	0	60	1	5	0	0	0	0	0	0
Taywan Taylor	WR	4	0	0	0	6	0	0	0	0	0	0	0	0	0	0
ArDarius Stewart	WR	4	0	0	0	0	0	0	0	0	0	0	0	0	0	0
Kareem Hunt	RB	4	0	0	0	101	0	20	0	4	0	0	0	0	0	0
D'Onta Foreman	RB	4	0	0	0	45	0	0	0	0	0	0	0	0	0	0
Amara Darboh	WR	4	0	0	0	0	0	10	0	2	0	0	0	0	0	0
Jamaal Williams	RB	4	0	0	0	11	0	2	0	1	0	0	0	0	0	0
Wayne Gallman	RB	4	0	0	0	42	0	8	1	2	0	0	0	0	0	0
Tom Brady	QB	5	303	1	1	5	0	0	0	0	1	0	0	0	0	0
Josh McCown	QB	5	194	2	1	-3	0	0	0	0	0	0	0	0	0	0
Carson Palmer	QB	5	291	1	0	0	0	0	0	0	0	0	0	0	0	0
Antonio Gates	TE	5	0	0	0	0	0	23	0	2	0	0	0	0	0	0
Jason Witten	TE	5	0	0	0	0	0	61	0	8	0	0	0	0	0	0
Eli Manning	QB	5	225	2	1	0	0	0	0	0	1	0	0	0	0	0
Larry Fitzgerald	WR	5	0	0	0	0	0	51	0	6	0	0	0	0	0	0
Ben Roethlisberger	QB	5	312	0	5	1	0	0	0	0	0	0	0	0	0	0
Philip Rivers	QB	5	258	3	1	5	0	0	0	0	0	0	0	0	0	0
Benjamin Watson	TE	5	0	0	0	0	0	2	0	2	0	0	0	0	0	0
Alex Smith	QB	5	324	3	0	19	0	0	0	0	0	0	0	0	0	0
Aaron Rodgers	QB	5	221	3	0	32	0	0	0	0	0	0	0	0	0	0
Frank Gore	RB	5	0	0	0	48	0	38	0	3	0	0	0	0	0	0
Matt Cassel	QB	5	141	1	0	0	0	0	0	0	1	0	0	0	0	0
Jay Cutler	QB	5	92	1	1	8	0	0	0	0	0	0	0	0	0	0
Marcedes Lewis	TE	5	0	0	0	0	0	14	0	1	0	0	0	0	0	0
Anthony Fasano	TE	5	0	0	0	0	0	0	0	0	0	0	0	0	0	0
Brandon Marshall	WR	5	0	0	0	0	0	15	0	2	0	0	0	0	0	0
Delanie Walker	TE	5	0	0	0	0	0	25	0	3	0	0	0	0	0	0
Eric Weems	WR	5	0	0	0	0	0	0	0	0	0	0	0	0	0	0
Marshawn Lynch	RB	5	0	0	0	43	1	10	0	1	0	0	0	0	0	0
Brent Celek	TE	5	0	0	0	0	0	5	0	1	0	0	0	0	0	0
Danny Amendola	WR	5	0	0	0	0	0	77	0	8	0	0	0	0	0	0
Jonathan Stewart	RB	5	0	0	0	21	0	23	0	3	0	0	0	0	0	0
Joe Flacco	QB	5	222	0	0	-4	0	0	0	0	0	0	0	0	0	0
Chris Johnson	RB	5	0	0	0	21	0	8	0	1	0	0	0	0	0	0
Jordy Nelson	WR	5	0	0	0	0	0	24	1	2	0	0	0	0	0	0
DeSean Jackson	WR	5	0	0	0	0	0	106	0	5	0	0	0	0	0	0
Martellus Bennett	TE	5	0	0	0	0	0	53	0	3	0	0	0	0	0	0
Pierre Garcon	WR	5	0	0	0	0	0	94	0	8	0	0	0	0	0	0
Matthew Stafford	QB	5	229	2	0	0	0	0	0	0	1	0	0	0	0	0
Brian Hoyer	QB	5	353	2	0	0	0	0	0	0	0	0	0	0	0	0
Mike Wallace	WR	5	0	0	0	0	0	133	0	3	0	0	0	0	0	0
Michael Crabtree	WR	5	0	0	0	0	0	82	1	6	0	0	0	0	0	0
Jeremy Maclin	WR	5	0	0	0	0	0	43	0	6	0	0	0	0	0	0
LeSean McCoy	RB	5	0	0	0	63	0	26	0	6	0	0	0	0	0	0
Brandon Tate	WR	5	0	0	0	0	0	25	1	2	0	0	0	0	0	0
Jared Cook	TE	5	0	0	0	0	0	25	0	3	0	0	1	0	0	0
Zach Miller	TE	5	0	0	0	0	0	39	1	3	0	0	0	0	0	0
LeGarrette Blount	RB	5	0	0	0	74	0	0	0	0	0	0	0	0	0	0
Chris Ivory	RB	5	0	0	0	41	0	0	0	0	0	0	0	0	0	0
Ed Dickson	TE	5	0	0	0	0	0	175	0	5	0	0	0	0	0	0
Brandon LaFell	WR	5	0	0	0	0	0	32	0	5	0	0	0	0	0	0
Eric Decker	WR	5	0	0	0	0	0	34	0	4	0	0	0	0	0	0
Jimmy Graham	TE	5	0	0	0	0	0	37	1	6	0	0	0	0	0	0
Antonio Brown	WR	5	0	0	0	0	0	157	0	10	0	0	0	0	0	0
Joe Webb	QB	5	0	0	0	0	0	0	0	0	0	0	0	0	0	0
Sam Bradford	QB	5	36	0	0	0	0	0	0	0	0	0	0	0	0	0
Jermaine Gresham	TE	5	0	0	0	0	0	16	0	2	0	0	0	0	0	0
Golden Tate	WR	5	0	0	0	0	0	48	0	5	0	0	0	0	0	0
Dez Bryant	WR	5	0	0	0	0	0	52	1	5	0	0	0	0	0	0
Cam Newton	QB	5	355	3	0	0	0	0	0	0	0	0	0	0	0	0
A.J. Green	WR	5	0	0	0	0	0	189	1	7	0	0	1	0	0	0
Andy Dalton	QB	5	328	1	2	2	0	0	0	0	0	0	0	0	0	0
Kyle Rudolph	TE	5	0	0	0	0	0	45	1	6	0	0	0	0	0	0
Lance Kendricks	TE	5	0	0	0	0	0	24	0	1	0	0	0	0	0	0
Shane Vereen	RB	5	0	0	0	18	0	27	0	4	0	0	0	0	0	0
Torrey Smith	WR	5	0	0	0	-3	0	70	1	3	0	0	0	0	0	0
Randall Cobb	WR	5	0	0	0	0	0	29	0	4	0	0	0	0	0	0
DeMarco Murray	RB	5	0	0	0	58	0	11	0	4	0	1	0	0	0	0
Taiwan Jones	RB	5	0	0	0	0	0	0	0	0	0	0	0	0	0	0
Bilal Powell	RB	5	0	0	0	5	0	28	0	4	0	0	0	0	0	0
Julius Thomas	TE	5	0	0	0	0	0	15	0	1	0	0	0	0	0	0
Jacquizz Rodgers	RB	5	0	0	0	2	0	13	0	1	0	0	0	0	0	0
Dion Lewis	RB	5	0	0	0	53	0	10	0	2	0	0	0	0	0	0
Jeremy Kerley	WR	5	0	0	0	0	0	39	0	4	0	0	0	0	0	0
Charles Clay	TE	5	0	0	0	0	0	31	0	2	0	0	0	0	0	0
Dwayne Harris	WR	5	0	0	0	0	0	0	0	0	0	0	0	0	0	0
Aldrick Robinson	WR	5	0	0	0	0	0	5	0	1	0	0	0	0	0	0
Tyrod Taylor	QB	5	166	1	1	3	0	0	0	0	0	0	0	0	0	0
Chris Hogan	WR	5	0	0	0	0	0	74	1	8	0	0	0	0	0	0
Andre Holmes	WR	5	0	0	0	0	0	0	0	0	0	0	0	0	0	0
Doug Baldwin	WR	5	0	0	0	0	0	37	0	4	0	0	0	0	0	0
Kamar Aiken	WR	5	0	0	0	0	0	22	0	2	0	0	0	0	0	0
Garrett Celek	TE	5	0	0	0	0	0	6	0	1	0	0	0	0	0	0
Case Keenum	QB	5	140	1	0	22	0	0	0	0	0	0	0	0	0	0
Phillip Supernaw	TE	5	0	0	0	0	0	16	1	2	0	0	0	0	0	0
Cole Beasley	WR	5	0	0	0	0	0	23	2	4	0	0	0	0	0	0
Alshon Jeffery	WR	5	0	0	0	0	0	31	0	3	0	0	0	0	0	0
Alfred Morris	RB	5	0	0	0	10	0	0	0	0	0	0	0	0	0	0
Jermaine Kearse	WR	5	0	0	0	0	0	38	1	4	0	0	0	0	0	0
Brandon Bolden	RB	5	0	0	0	0	0	0	0	0	0	0	0	0	0	0
Russell Wilson	QB	5	198	1	1	16	0	0	0	0	0	0	0	0	0	0
Travis Benjamin	WR	5	0	0	0	14	0	18	0	2	0	0	0	0	0	0
Robert Turbin	RB	5	0	0	0	6	0	13	0	2	0	0	0	0	0	0
Marvin Jones	WR	5	0	0	0	0	0	54	0	6	0	0	0	0	0	0
Brittan Golden	WR	5	0	0	0	0	0	0	0	0	0	0	0	0	0	0
Deonte Thompson	WR	5	0	0	0	0	0	0	0	0	0	0	0	0	0	0
Sean McGrath	TE	5	0	0	0	0	0	0	0	0	0	0	0	0	0	0
Jamize Olawale	RB	5	0	0	0	13	0	0	0	0	0	0	0	0	0	0
Rishard Matthews	WR	5	0	0	0	-3	0	34	0	3	0	0	0	0	0	0
Rhett Ellison	TE	5	0	0	0	0	0	9	0	1	0	0	0	0	0	0
T.Y. Hilton	WR	5	0	0	0	0	0	177	0	7	0	0	0	0	0	0
Doug Martin	RB	5	0	0	0	74	1	8	0	1	0	0	0	0	0	0
Lamar Miller	RB	5	0	0	0	74	0	15	0	2	0	0	0	0	0	0
James Hanna	TE	5	0	0	0	0	0	0	0	0	0	0	0	0	0	0
Michael Floyd	WR	5	0	0	0	0	0	19	0	1	0	0	0	0	0	0
Kendall Wright	WR	5	0	0	0	0	0	46	0	4	0	0	0	0	0	0
Darren Fells	TE	5	0	0	0	0	0	24	2	2	0	0	0	0	0	0
Ifeanyi Momah	TE	5	0	0	0	0	0	0	0	0	0	0	0	0	0	0
Brandon Williams	TE	5	0	0	0	0	0	17	0	3	0	0	0	0	0	0
Benny Cunningham	RB	5	0	0	0	4	0	43	1	2	0	0	0	0	0	0
MarQueis Gray	TE	5	0	0	0	0	0	0	0	0	0	0	0	0	0	0
Adam Thielen	WR	5	0	0	0	11	0	34	0	5	0	0	0	0	0	0
Zach Ertz	TE	5	0	0	0	0	0	61	1	6	0	0	0	0	0	0
Marquise Goodwin	WR	5	0	0	0	0	0	116	0	5	0	0	0	0	0	0
Kenny Stills	WR	5	0	0	0	0	0	13	0	1	0	0	0	0	0	0
Luke Willson	TE	5	0	0	0	0	0	0	0	0	0	0	0	0	0	0
Theo Riddick	RB	5	0	0	0	8	0	45	0	4	0	0	0	0	0	0
Ryan Griffin	TE	5	0	0	0	0	0	22	0	2	0	0	0	0	0	0
Kerwynn Williams	RB	5	0	0	0	-2	0	0	0	0	0	0	0	0	0	0
Russell Shepard	WR	5	0	0	0	0	0	15	0	2	0	0	0	0	0	0
Demetrius Harris	TE	5	0	0	0	0	0	21	0	3	0	0	0	0	0	0
Keenan Allen	WR	5	0	0	0	0	0	67	0	4	0	0	0	0	0	0
Andre Ellington	RB	5	0	0	0	-2	0	65	0	9	0	0	0	0	0	0
Jaron Brown	WR	5	0	0	0	0	0	39	0	3	0	0	0	0	0	0
Dion Sims	TE	5	0	0	0	0	0	17	0	1	0	0	0	0	0	0
Robert Woods	WR	5	0	0	0	8	0	66	0	5	0	0	0	0	0	0
Mike Gillislee	RB	5	0	0	0	52	0	0	0	0	0	0	0	0	0	0
Giovani Bernard	RB	5	0	0	0	2	0	30	0	2	0	0	0	0	0	0
Markus Wheaton	WR	5	0	0	0	0	0	9	0	1	0	0	0	0	0	0
Kenjon Barner	RB	5	0	0	0	23	0	0	0	0	0	0	0	0	0	0
Vance McDonald	TE	5	0	0	0	0	0	0	0	0	0	0	0	0	0	0
Eddie Lacy	RB	5	0	0	0	19	0	9	0	1	0	0	0	0	0	0
Le'Veon Bell	RB	5	0	0	0	47	0	46	0	10	0	0	0	0	0	0
Travis Kelce	TE	5	0	0	0	0	0	98	0	8	0	0	0	0	0	0
Latavius Murray	RB	5	0	0	0	31	0	12	0	2	0	0	0	0	0	0
Brice Butler	WR	5	0	0	0	0	0	57	0	2	0	0	0	0	0	0
Justin Hunter	WR	5	0	0	0	0	0	6	0	1	0	0	0	0	0	0
Tavon Austin	WR	5	0	0	0	27	1	14	0	3	0	0	0	0	0	0
EJ Manuel	QB	5	159	1	0	15	0	0	0	0	0	0	0	0	0	0
Terrance Williams	WR	5	0	0	0	0	0	14	0	2	0	0	0	0	0	0
DeAndre Hopkins	WR	5	0	0	0	0	0	52	3	4	0	0	0	0	0	0
Cordarrelle Patterson	RB	5	0	0	0	0	0	0	0	0	0	0	0	0	0	0
Isaiah Crowell	RB	5	0	0	0	60	0	7	0	2	0	0	0	0	0	0
Charcandrick West	RB	5	0	0	0	1	0	12	2	2	0	0	0	0	0	0
Albert Wilson	WR	5	0	0	0	0	0	18	0	2	0	0	0	0	0	0
Trey Burton	TE	5	0	0	0	0	0	16	1	2	0	0	0	0	0	0
David Fluellen	RB	5	0	0	0	0	0	0	0	0	0	0	0	0	0	0
Bernard Reedy	WR	5	0	0	0	0	0	0	0	0	0	0	0	0	0	0
Allen Hurns	WR	5	0	0	0	0	0	21	0	2	0	0	0	0	0	0
Orleans Darkwa	RB	5	0	0	0	69	1	3	0	1	0	0	0	0	0	0
Damien Williams	RB	5	0	0	0	15	0	13	0	1	0	0	0	0	0	0
Jeff Janis	WR	5	0	0	0	0	0	0	0	0	0	0	0	0	0	0
Jared Abbrederis	WR	5	0	0	0	0	0	37	0	2	0	0	0	0	0	0
Michael Campanaro	WR	5	0	0	0	0	0	8	0	1	0	0	0	0	0	0
Carlos Hyde	RB	5	0	0	0	11	0	7	0	1	0	0	0	0	0	0
John Brown	WR	5	0	0	0	0	0	26	1	2	0	0	0	0	0	0
De'Anthony Thomas	WR	5	0	0	0	0	0	10	1	1	0	0	0	0	0	0
James White	RB	5	0	0	0	3	0	57	0	7	0	0	0	0	0	0
Seth Roberts	WR	5	0	0	0	0	0	34	0	2	0	0	0	0	0	0
T.J. Jones	WR	5	0	0	0	0	0	12	0	2	0	0	0	0	0	0
Senorise Perry	RB	5	0	0	0	0	0	0	0	0	0	0	0	0	0	0
Odell Beckham Jr.	WR	5	0	0	0	8	0	97	1	5	0	0	0	0	0	0
Brandin Cooks	WR	5	0	0	0	0	0	85	0	5	0	0	0	0	0	0
Paul Richardson	WR	5	0	0	0	0	0	35	0	3	0	0	0	0	0	0
Logan Thomas	TE	5	0	0	0	0	0	3	0	1	0	0	0	0	0	0
Cameron Brate	TE	5	0	0	0	0	0	68	1	5	0	0	0	0	0	0
Jeremy Hill	RB	5	0	0	0	16	0	0	0	0	0	0	0	0	0	0
Sammy Watkins	WR	5	0	0	0	0	0	0	0	0	0	0	0	0	0	0
Bruce Ellington	WR	5	0	0	0	0	0	30	0	2	0	0	0	0	0	0
Donte Moncrief	WR	5	0	0	0	0	0	32	0	3	0	0	0	0	0	0
Kelvin Benjamin	WR	5	0	0	0	0	0	58	1	4	0	0	0	0	0	0
Martavis Bryant	WR	5	0	0	0	13	0	21	0	5	0	0	0	0	0	0
Terrance West	RB	5	0	0	0	17	0	0	0	0	0	0	0	0	0	0
Jerick McKinnon	RB	5	0	0	0	95	1	51	0	6	0	0	0	0	0	0
Davante Adams	WR	5	0	0	0	0	0	66	2	7	0	0	0	0	0	0
Jarvis Landry	WR	5	0	0	0	0	0	44	1	5	0	0	0	0	0	0
Richard Rodgers	TE	5	0	0	0	0	0	16	0	1	0	0	0	0	0	0
Eric Ebron	TE	5	0	0	0	0	0	6	0	1	0	0	0	0	0	0
Charles Sims	RB	5	0	0	0	3	0	31	0	5	0	0	0	0	0	0
Blake Bortles	QB	5	95	0	1	9	0	0	0	0	0	0	0	0	0	0
Mike Evans	WR	5	0	0	0	0	0	49	0	5	0	0	0	0	0	0
Austin Seferian-Jenkins	TE	5	0	0	0	0	0	29	1	6	0	0	0	0	0	0
Marqise Lee	WR	5	0	0	0	0	0	49	0	2	0	0	0	0	0	0
Chris Manhertz	TE	5	0	0	0	0	0	0	0	0	0	0	0	0	0	0
Jameis Winston	QB	5	334	1	0	11	0	0	0	0	0	0	0	0	0	0
Quan Bray	WR	5	0	0	0	0	0	0	0	0	0	0	0	0	0	0
Amari Cooper	WR	5	0	0	0	0	0	8	0	1	0	0	0	0	0	0
DeVante Parker	WR	5	0	0	0	0	0	6	0	1	0	0	0	0	0	0
Nelson Agholor	WR	5	0	0	0	0	0	93	1	4	0	0	0	0	0	0
Javorius Allen	RB	5	0	0	0	73	1	12	0	4	0	0	0	0	0	0
Stefon Diggs	WR	5	0	0	0	0	0	4	0	1	0	0	0	0	0	0
Jay Ajayi	RB	5	0	0	0	77	0	2	0	2	0	1	0	0	0	0
Nick Boyle	TE	5	0	0	0	0	0	9	0	1	0	0	0	0	0	0
Cameron Artis-Payne	RB	5	0	0	0	0	0	0	0	0	0	0	0	0	0	0
Zach Zenner	RB	5	0	0	0	11	1	0	0	0	0	0	0	0	0	0
Raheem Mostert	RB	5	0	0	0	3	0	0	0	0	0	0	0	0	0	0
Eric Tomlinson	TE	5	0	0	0	0	0	34	0	1	0	0	0	0	0	0
Corey Grant	RB	5	0	0	0	0	0	0	0	0	0	0	0	0	0	0
Akeem Hunt	RB	5	0	0	0	0	0	0	0	0	0	0	0	0	0	0
Malcolm Brown	RB	5	0	0	0	0	0	29	0	2	0	0	0	0	0	0
Thomas Rawls	RB	5	0	0	0	20	0	15	0	2	0	0	0	0	0	0
Rod Smith	RB	5	0	0	0	0	0	18	0	1	0	0	0	0	0	0
James O'Shaughnessy	TE	5	0	0	0	0	0	0	0	0	0	0	0	0	0	0
Adam Humphries	WR	5	0	0	0	0	0	51	0	3	0	0	0	0	0	0
Breshad Perriman	WR	5	0	0	0	0	0	15	0	2	0	0	0	0	0	0
Devin Funchess	WR	5	0	0	0	0	0	53	1	7	0	0	0	0	0	0
Ameer Abdullah	RB	5	0	0	0	31	0	3	0	1	0	0	0	0	0	0
J.J. Nelson	WR	5	0	0	0	14	0	80	0	4	0	0	1	0	0	0
Kaelin Clay	WR	5	0	0	0	0	0	0	0	0	0	0	0	0	0	0
Nick O'Leary	TE	5	0	0	0	0	0	54	0	5	0	0	0	0	0	0
Tre McBride	WR	5	0	0	0	0	0	18	0	1	0	0	0	0	0	0
Chris Conley	WR	5	0	0	0	0	0	46	0	3	0	0	0	0	0	0
Jalston Fowler	RB	5	0	0	0	0	0	0	0	0	0	0	0	0	0	0
C.J. Uzomah	TE	5	0	0	0	0	0	21	0	1	0	0	0	0	0	0
Jesse James	TE	5	0	0	0	0	0	24	0	3	0	0	0	0	0	0
Geoff Swaim	TE	5	0	0	0	0	0	0	0	0	0	0	0	0	0	0
Melvin Gordon	RB	5	0	0	0	105	0	58	2	6	0	0	0	0	0	0
Tyrell Williams	WR	5	0	0	0	0	0	22	0	1	0	0	0	0	0	0
Vince Mayle	TE	5	0	0	0	2	1	0	0	0	0	0	0	0	0	0
Tyler Lockett	WR	5	0	0	0	7	0	26	0	3	0	0	0	0	0	0
Tyler Kroft	TE	5	0	0	0	0	0	38	0	4	0	0	0	0	0	0
Todd Gurley	RB	5	0	0	0	43	0	7	0	2	0	1	0	0	0	0
Kasen Williams	WR	5	0	0	0	0	0	33	0	4	0	0	0	0	0	0
Duke Johnson	RB	5	0	0	0	20	0	63	1	3	0	0	0	0	0	0
Ross Travis	TE	5	0	0	0	0	0	26	0	2	0	0	0	0	0	0
Sterling Shepard	WR	5	0	0	0	0	0	9	0	1	0	0	0	0	0	0
Nick Vannett	TE	5	0	0	0	0	0	3	0	2	0	0	0	0	0	0
Alex Collins	RB	5	0	0	0	55	0	0	0	0	0	0	0	0	0	0
Jerell Adams	TE	5	0	0	0	0	0	11	0	1	0	0	0	0	0	0
Tanner McEvoy	WR	5	0	0	1	0	0	0	0	0	0	0	0	0	0	0
Henry Krieger-Coble	TE	5	0	0	0	0	0	0	0	0	0	0	0	0	0	0
Alex Erickson	WR	5	0	0	0	-6	0	12	0	1	0	0	0	0	0	0
J.D. McKissic	RB	5	0	0	0	0	0	36	0	3	0	0	0	0	0	0
Geronimo Allison	WR	5	0	0	0	0	0	0	0	0	0	0	0	0	0	0
Roger Lewis	WR	5	0	0	0	0	0	29	1	1	0	0	0	0	0	0
Robbie Chosen	WR	5	0	0	0	0	0	16	0	2	0	0	0	0	0	0
Bryce Treggs	WR	5	0	0	0	0	0	28	0	2	0	0	0	0	0	0
Stephen Anderson	TE	5	0	0	0	0	0	63	0	2	0	0	0	0	0	0
Derrick Henry	RB	5	0	0	0	9	0	0	0	0	0	0	0	0	0	0
Demarcus Robinson	WR	5	0	0	0	0	0	16	0	1	0	0	0	0	0	0
Jordan Howard	RB	5	0	0	0	76	0	0	0	0	0	0	0	0	0	0
Kevin Hogan	QB	5	194	2	1	30	0	0	0	0	0	0	0	0	0	0
Jakeem Grant	WR	5	0	0	0	0	0	-1	0	1	0	0	0	0	0	0
Cody Core	WR	5	0	0	0	0	0	0	0	0	0	0	0	0	0	0
Max McCaffrey	WR	5	0	0	0	0	0	4	0	1	0	0	0	0	0	0
Carson Wentz	QB	5	304	4	1	11	0	0	0	0	0	0	0	0	0	0
Rashard Higgins	WR	5	0	0	0	0	0	7	0	2	0	0	0	0	0	0
Marcus Johnson	WR	5	0	0	0	0	0	6	0	1	0	0	0	0	0	0
Tyler Boyd	WR	5	0	0	0	0	0	6	0	2	0	0	0	0	0	0
Jalen Richard	RB	5	0	0	0	37	0	0	0	0	0	0	0	0	0	0
Tyreek Hill	WR	5	0	0	0	0	0	68	0	4	0	0	0	0	0	0
Ezekiel Elliott	RB	5	0	0	0	116	0	16	0	1	0	0	0	0	0	0
Dak Prescott	QB	5	251	3	1	37	1	0	0	0	0	0	0	0	0	0
Ricardo Louis	WR	5	0	0	0	0	0	71	0	5	0	0	0	0	0	0
Seth DeValve	TE	5	0	0	0	0	0	24	0	3	0	0	0	0	0	0
Hunter Henry	TE	5	0	0	0	0	0	42	1	3	0	0	0	0	0	0
Jared Goff	QB	5	288	0	2	22	0	0	0	0	1	0	0	0	0	0
Tyler Higbee	TE	5	0	0	0	0	0	98	0	4	0	0	0	0	0	0
Pharoh Cooper	WR	5	0	0	0	0	0	22	0	2	0	0	0	0	0	0
Kenyan Drake	RB	5	0	0	0	0	0	0	0	0	0	0	0	0	0	0
Jacoby Brissett	QB	5	314	0	1	14	1	0	0	0	0	0	0	0	0	0
Will Fuller	WR	5	0	0	0	5	0	57	2	2	0	0	0	0	0	0
Darrell Daniels	TE	5	0	0	0	0	0	13	0	1	0	0	0	0	0	0
Christian McCaffrey	RB	5	0	0	0	7	0	31	1	5	0	0	0	0	0	0
Curtis Samuel	WR	5	0	0	0	0	0	0	0	0	0	0	0	0	0	0
George Kittle	TE	5	0	0	0	0	0	83	1	7	0	0	0	0	0	0
Trent Taylor	WR	5	0	0	0	0	0	6	0	1	0	0	0	0	0	0
Aaron Jones	RB	5	0	0	0	125	1	9	0	1	0	0	0	0	0	0
Elijah McGuire	RB	5	0	0	0	20	0	10	0	2	0	0	0	0	0	0
Victor Bolden	WR	5	0	0	0	0	0	0	0	0	0	0	0	0	0	0
Matt Breida	RB	5	0	0	0	49	0	22	0	3	0	0	0	0	0	0
Cethan Carter	TE	5	0	0	0	0	0	0	0	0	0	0	0	0	0	0
Jacob Hollister	TE	5	0	0	0	0	0	0	0	0	0	0	0	0	0	0
Deshaun Watson	QB	5	261	5	0	31	0	0	0	0	0	0	0	0	1	0
James Conner	RB	5	0	0	0	9	0	0	0	0	0	0	0	0	0	0
Tarik Cohen	RB	5	0	0	0	13	0	-6	0	1	0	0	0	0	0	0
Ryan Switzer	WR	5	0	0	0	0	0	0	0	0	0	0	0	0	0	0
Jamal Agnew	WR	5	0	0	0	0	0	0	0	0	0	0	0	0	0	0
Krishawn Hogan	WR	5	0	0	0	0	0	0	0	0	0	0	0	0	0	0
Ricky Seals-Jones	TE	5	0	0	0	0	0	0	0	0	0	0	0	0	0	0
Keelan Cole	WR	5	0	0	0	0	0	4	0	1	0	0	0	0	0	0
Austin Ekeler	RB	5	0	0	0	0	0	28	0	3	0	0	0	0	0	0
Corey Clement	RB	5	0	0	0	17	0	22	0	1	0	0	0	0	0	0
Chris Thompson	WR	5	0	0	0	0	0	19	0	1	0	0	0	0	0	0
Leonard Fournette	RB	5	0	0	0	181	2	3	0	1	0	0	0	0	0	0
JuJu Smith-Schuster	WR	5	0	0	0	0	0	58	0	4	0	0	0	0	0	0
Jonnu Smith	TE	5	0	0	0	0	0	21	0	5	0	0	0	0	0	0
Mitchell Trubisky	QB	5	128	1	1	22	0	0	0	0	1	0	0	0	1	0
O.J. Howard	TE	5	0	0	0	0	0	0	0	0	0	0	0	0	0	0
Evan Engram	TE	5	0	0	0	0	0	0	0	0	0	0	0	0	0	0
David Njoku	TE	5	0	0	0	1	0	48	1	3	0	0	0	0	0	0
Zay Jones	WR	5	0	0	0	0	0	9	0	1	0	0	0	0	0	0
Gerald Everett	TE	5	0	0	0	0	0	8	0	1	0	0	0	0	0	0
Joe Mixon	RB	5	0	0	0	51	1	0	0	0	0	0	0	0	0	0
DeShone Kizer	QB	5	87	0	1	29	0	0	0	0	0	1	0	0	0	0
Cooper Kupp	WR	5	0	0	0	0	0	44	0	3	0	0	0	0	0	0
Taywan Taylor	WR	5	0	0	0	5	0	0	0	0	0	0	0	0	0	0
ArDarius Stewart	WR	5	0	0	0	12	0	0	0	0	0	0	0	0	0	0
Chris Godwin Jr.	WR	5	0	0	0	0	0	8	0	1	0	0	0	0	0	0
Kareem Hunt	RB	5	0	0	0	107	0	9	0	3	0	0	0	0	0	0
D'Onta Foreman	RB	5	0	0	0	34	0	3	0	1	0	1	0	0	0	0
Jamaal Williams	RB	5	0	0	0	1	0	0	0	0	0	0	0	0	0	0
Wayne Gallman	RB	5	0	0	0	57	0	25	0	5	0	0	0	0	0	0
Marlon Mack	RB	5	0	0	0	91	1	2	0	1	0	0	0	0	0	0
Tom Brady	QB	6	257	2	1	-1	0	0	0	0	0	0	0	0	0	0
Drew Brees	QB	6	186	2	2	1	0	0	0	0	0	0	0	0	0	0
Josh McCown	QB	6	354	2	2	21	0	0	0	0	0	0	0	0	0	0
Carson Palmer	QB	6	283	3	1	-4	0	0	0	0	0	0	0	0	0	0
Antonio Gates	TE	6	0	0	0	0	0	16	0	1	0	0	0	0	0	0
Eli Manning	QB	6	128	1	0	0	0	0	0	0	0	0	0	0	0	0
Larry Fitzgerald	WR	6	0	0	0	0	0	138	1	10	0	0	1	0	0	0
Ben Roethlisberger	QB	6	252	1	1	-2	0	0	0	0	0	0	0	0	0	0
Philip Rivers	QB	6	268	1	0	-4	0	0	0	0	0	0	0	0	0	0
Benjamin Watson	TE	6	0	0	0	0	0	28	0	6	0	0	0	0	0	0
Alex Smith	QB	6	246	1	0	13	0	0	0	0	0	0	0	0	0	0
Aaron Rodgers	QB	6	18	0	0	0	0	0	0	0	0	0	0	0	0	0
Frank Gore	RB	6	0	0	0	49	0	18	0	2	0	0	0	0	0	0
Ryan Fitzpatrick	QB	6	290	3	2	12	0	0	0	0	0	0	0	0	0	0
Vernon Davis	TE	6	0	0	0	0	0	65	0	3	0	0	1	0	0	0
Jay Cutler	QB	6	151	2	1	-1	0	0	0	0	0	0	0	0	0	0
Marcedes Lewis	TE	6	0	0	0	0	0	0	0	0	0	0	0	0	0	0
Delanie Walker	TE	6	0	0	0	-3	0	17	0	4	0	0	0	0	0	0
Eric Weems	WR	6	0	0	0	0	0	0	0	0	0	0	0	0	0	0
Adrian Peterson	RB	6	0	0	0	134	2	0	0	0	0	0	0	0	0	0
Ted Ginn	WR	6	0	0	0	3	0	66	1	4	0	0	0	0	0	0
Marshawn Lynch	RB	6	0	0	0	63	0	0	0	0	0	0	0	0	0	0
Danny Amendola	WR	6	0	0	0	0	0	40	0	3	0	0	0	0	0	0
Matt Ryan	QB	6	248	1	1	0	0	0	0	0	0	0	0	0	0	0
Jonathan Stewart	RB	6	0	0	0	-4	0	0	0	0	0	0	0	0	0	0
Joe Flacco	QB	6	180	0	2	2	0	0	0	0	0	0	0	1	0	0
Jordy Nelson	WR	6	0	0	0	0	0	60	0	6	0	0	0	0	0	0
Matt Forte	RB	6	0	0	0	22	0	59	0	8	0	0	0	0	0	0
DeSean Jackson	WR	6	0	0	0	0	0	38	1	3	0	0	0	0	0	0
Martellus Bennett	TE	6	0	0	0	0	0	22	0	2	0	0	0	0	0	0
Jamaal Charles	RB	6	0	0	0	19	0	2	0	1	0	0	0	0	0	0
Pierre Garcon	WR	6	0	0	0	0	0	55	0	5	0	0	0	0	0	0
Matthew Stafford	QB	6	312	3	3	4	0	0	0	0	2	0	0	0	0	0
Brian Hoyer	QB	6	34	0	0	0	0	0	0	0	0	0	0	0	0	0
Mike Wallace	WR	6	0	0	0	0	0	30	0	3	0	0	0	0	0	0
Michael Crabtree	WR	6	0	0	0	0	0	52	1	6	0	0	0	0	0	0
Jared Cook	TE	6	0	0	0	0	0	14	0	2	0	0	0	0	0	0
Zach Miller	TE	6	0	0	0	0	0	25	1	2	0	0	0	0	0	0
LeGarrette Blount	RB	6	0	0	0	67	0	0	0	0	0	0	0	0	1	0
Chris Ivory	RB	6	0	0	0	3	0	74	1	9	0	0	0	0	0	0
Arrelious Benn	WR	6	0	0	0	0	0	0	0	0	0	0	0	0	0	0
Rob Gronkowski	TE	6	0	0	0	0	0	83	2	6	0	0	0	0	0	0
Ed Dickson	TE	6	0	0	0	0	0	36	0	4	0	0	0	0	0	0
Emmanuel Sanders	WR	6	0	0	0	0	0	76	0	5	0	0	0	0	0	0
Eric Decker	WR	6	0	0	0	0	0	88	0	7	0	0	0	0	0	0
Andre Roberts	WR	6	0	0	0	0	0	0	0	0	0	0	0	0	0	0
Michael Hoomanawanui	TE	6	0	0	0	0	0	27	1	2	0	0	0	0	0	0
Antonio Brown	WR	6	0	0	0	0	0	155	1	8	0	0	0	0	0	0
Jermaine Gresham	TE	6	0	0	0	0	0	32	0	2	0	0	0	0	0	0
Demaryius Thomas	WR	6	0	0	0	0	0	133	0	10	0	0	1	0	0	0
Golden Tate	WR	6	0	0	0	0	0	96	1	7	0	0	0	0	0	0
Cam Newton	QB	6	239	1	3	71	1	0	0	0	0	0	0	0	0	0
Julio Jones	WR	6	0	0	0	0	0	72	0	6	0	0	0	0	0	0
Mark Ingram	RB	6	0	0	0	114	2	36	0	5	0	0	1	0	0	0
Kyle Rudolph	TE	6	0	0	0	0	0	47	0	5	0	0	0	0	0	0
Lance Kendricks	TE	6	0	0	0	0	0	0	0	0	0	0	0	0	0	0
Shane Vereen	RB	6	0	0	0	4	0	0	0	0	0	0	0	0	0	0
Torrey Smith	WR	6	0	0	0	0	0	6	0	1	0	0	0	0	0	0
Randall Cobb	WR	6	0	0	0	0	0	28	0	3	0	0	0	0	0	0
DeMarco Murray	RB	6	0	0	0	40	1	47	0	4	0	0	0	0	0	0
Luke Stocker	TE	6	0	0	0	0	0	5	0	1	0	0	0	0	0	0
Julius Thomas	TE	6	0	0	0	0	0	22	0	3	0	0	0	0	0	0
Jacquizz Rodgers	RB	6	0	0	0	1	0	6	0	1	0	0	0	0	0	0
Dion Lewis	RB	6	0	0	0	52	1	0	0	0	0	0	0	0	0	0
Jeremy Kerley	WR	6	0	0	0	0	0	61	1	2	0	0	0	0	0	0
Niles Paul	TE	6	0	0	0	-1	0	0	0	0	0	0	0	0	0	0
Aldrick Robinson	WR	6	0	0	0	0	0	66	1	2	0	0	0	0	0	0
Virgil Green	TE	6	0	0	0	0	0	24	0	1	0	0	0	0	0	0
Chris Hogan	WR	6	0	0	0	0	0	19	0	1	0	0	0	0	0	0
Kamar Aiken	WR	6	0	0	0	0	0	21	0	2	0	0	0	0	0	0
Chris Matthews	WR	6	0	0	0	0	0	5	0	1	0	0	0	0	0	0
Terrelle Pryor	WR	6	0	0	0	0	0	23	0	3	0	0	0	0	0	0
Garrett Celek	TE	6	0	0	0	0	0	13	0	1	0	0	0	0	0	0
Case Keenum	QB	6	239	1	1	15	0	0	0	0	0	0	0	0	0	0
Phillip Supernaw	TE	6	0	0	0	0	0	0	0	0	0	0	0	0	0	0
Alshon Jeffery	WR	6	0	0	0	0	0	71	0	4	0	0	0	0	0	0
Jermaine Kearse	WR	6	0	0	0	0	0	79	0	4	0	0	0	0	0	0
Travaris Cadet	RB	6	0	0	0	3	0	26	0	3	0	0	0	0	0	0
Brandon Bolden	RB	6	0	0	0	0	0	0	0	0	0	0	0	0	0	0
Travis Benjamin	WR	6	0	0	0	0	0	0	0	0	0	0	0	0	0	0
Robert Turbin	RB	6	0	0	0	3	0	37	0	4	0	0	0	0	0	0
Marvin Jones	WR	6	0	0	0	0	0	96	1	6	0	0	0	0	0	0
Josh Bellamy	WR	6	0	0	0	0	0	0	0	0	0	0	0	0	0	0
Bobby Rainey	RB	6	0	0	0	0	0	11	0	2	0	0	0	0	0	0
Rishard Matthews	WR	6	0	0	0	0	0	69	0	4	0	0	0	0	0	0
Rhett Ellison	TE	6	0	0	0	0	0	0	0	0	0	0	0	0	0	0
Kirk Cousins	QB	6	330	2	1	26	1	0	0	0	0	0	0	0	0	0
T.Y. Hilton	WR	6	0	0	0	0	0	19	0	1	0	0	0	0	0	0
Doug Martin	RB	6	0	0	0	53	1	11	0	1	0	0	0	0	1	0
Lamar Miller	RB	6	0	0	0	41	0	40	0	3	0	0	0	0	0	0
Michael Floyd	WR	6	0	0	0	0	0	5	0	1	0	0	0	0	0	0
Brock Osweiler	QB	6	18	0	0	-1	0	0	0	0	0	0	0	0	0	0
Coby Fleener	TE	6	0	0	0	0	0	0	0	0	0	0	0	0	0	0
Kendall Wright	WR	6	0	0	0	0	0	36	0	2	0	0	0	0	0	0
Fozzy Whittaker	RB	6	0	0	0	-3	0	0	0	0	0	0	0	0	0	0
Darren Fells	TE	6	0	0	0	0	0	26	1	2	0	0	0	0	0	0
Benny Cunningham	RB	6	0	0	0	0	0	0	0	0	0	0	0	0	0	0
C.J. Anderson	RB	6	0	0	0	17	0	0	0	0	0	0	0	0	0	0
Adam Thielen	WR	6	0	0	0	0	0	96	0	9	0	0	0	0	0	0
Zach Ertz	TE	6	0	0	0	0	0	18	2	2	0	0	0	0	0	0
Marquise Goodwin	WR	6	0	0	0	6	0	26	0	2	0	0	0	0	0	0
Kenny Stills	WR	6	0	0	0	0	0	49	1	4	0	0	0	0	0	0
Tavarres King	WR	6	0	0	0	0	0	7	0	1	0	0	0	0	0	0
Theo Riddick	RB	6	0	0	0	8	0	45	0	5	0	0	0	0	0	0
Ryan Griffin	TE	6	0	0	0	0	0	52	0	3	0	0	0	0	0	1
Kerwynn Williams	RB	6	0	0	0	14	0	0	0	0	0	0	0	0	0	0
Russell Shepard	WR	6	0	0	0	0	0	12	0	2	0	0	0	0	0	0
Demetrius Harris	TE	6	0	0	0	0	0	0	0	0	0	0	0	0	0	0
Jack Doyle	TE	6	0	0	0	0	0	50	1	7	0	0	1	0	0	0
Josh Hill	TE	6	0	0	0	0	0	0	0	0	0	0	0	0	0	0
Keenan Allen	WR	6	0	0	0	0	0	45	0	5	0	0	0	0	0	0
Andre Ellington	RB	6	0	0	0	0	0	0	0	0	0	0	0	0	0	0
Jaron Brown	WR	6	0	0	0	0	0	30	0	1	0	0	0	0	0	0
Chris Thompson	RB	6	0	0	0	33	0	105	0	4	0	0	0	0	0	0
Dion Sims	TE	6	0	0	0	0	0	42	1	2	0	0	0	0	0	0
Robert Woods	WR	6	0	0	0	0	0	70	0	5	0	0	1	0	0	0
Mike Gillislee	RB	6	0	0	0	44	0	0	0	0	0	1	0	0	0	0
Kenjon Barner	RB	6	0	0	0	7	0	9	0	1	0	0	0	0	0	0
Vance McDonald	TE	6	0	0	0	0	0	26	0	1	0	0	0	0	0	0
Jordan Reed	TE	6	0	0	0	0	0	37	0	4	0	0	0	0	0	0
Le'Veon Bell	RB	6	0	0	0	179	1	12	0	3	0	0	0	0	0	0
Travis Kelce	TE	6	0	0	0	0	0	37	0	4	0	0	0	0	0	0
Latavius Murray	RB	6	0	0	0	28	0	10	0	1	0	0	0	0	0	0
Tavon Austin	WR	6	0	0	0	0	0	0	0	0	0	0	0	0	0	0
DeAndre Hopkins	WR	6	0	0	0	0	0	19	1	2	0	0	0	0	0	0
Cordarrelle Patterson	RB	6	0	0	0	55	1	5	0	1	0	0	0	0	0	0
Isaiah Crowell	RB	6	0	0	0	58	0	15	0	2	0	0	0	0	0	0
Willie Snead	WR	6	0	0	0	0	0	11	0	1	0	0	0	0	0	0
Charcandrick West	RB	6	0	0	0	0	0	9	0	1	0	0	0	0	0	0
Bennie Fowler	WR	6	0	0	0	0	0	21	0	3	0	0	0	0	0	0
Trey Burton	TE	6	0	0	0	0	0	9	0	1	0	0	0	0	0	0
Bernard Reedy	WR	6	0	0	0	4	0	0	0	0	0	0	0	0	0	0
Brandon Coleman	WR	6	0	0	0	0	0	23	0	2	0	0	0	0	0	0
Allen Hurns	WR	6	0	0	0	0	0	37	0	3	0	0	0	0	0	0
Orleans Darkwa	RB	6	0	0	0	117	0	13	0	1	0	0	0	0	0	0
Damien Williams	RB	6	0	0	0	9	0	14	0	3	0	0	0	0	0	0
Jeff Janis	WR	6	0	0	0	0	0	0	0	0	0	0	0	0	0	0
Jared Abbrederis	WR	6	0	0	0	0	0	7	0	1	0	0	0	0	0	0
Michael Campanaro	WR	6	0	0	0	0	0	24	0	3	0	0	0	0	0	0
Troy Niklas	TE	6	0	0	0	0	0	20	1	2	0	0	0	0	0	0
Carlos Hyde	RB	6	0	0	0	28	2	47	0	5	0	0	0	0	0	0
John Brown	WR	6	0	0	0	0	0	63	1	3	0	0	0	0	0	0
De'Anthony Thomas	WR	6	0	0	0	0	0	61	1	3	0	0	0	0	0	0
James White	RB	6	0	0	0	23	0	22	0	4	0	0	0	0	0	0
Ryan Grant	WR	6	0	0	0	0	0	39	0	3	0	0	0	0	0	0
Alfred Blue	RB	6	0	0	0	0	0	0	0	0	0	0	0	0	0	0
Seth Roberts	WR	6	0	0	0	0	0	35	0	3	0	0	0	0	0	0
T.J. Jones	WR	6	0	0	0	0	0	33	0	3	0	0	0	0	0	0
Senorise Perry	RB	6	0	0	0	0	0	0	0	0	0	0	0	0	0	0
Taylor Gabriel	WR	6	0	0	0	0	0	39	0	4	0	0	0	0	0	0
Brandin Cooks	WR	6	0	0	0	0	0	93	0	6	0	0	0	0	0	0
Cameron Brate	TE	6	0	0	0	0	0	76	1	6	0	0	0	0	0	0
Derek Carr	QB	6	171	1	2	0	0	0	0	0	0	0	0	0	0	0
Devonta Freeman	RB	6	0	0	0	68	0	11	0	2	0	0	0	0	0	0
Sammy Watkins	WR	6	0	0	0	0	0	11	0	1	0	0	0	0	0	0
Bruce Ellington	WR	6	0	0	0	0	0	22	0	2	0	0	0	0	0	0
Donte Moncrief	WR	6	0	0	0	0	0	67	0	5	0	0	0	0	0	0
Kelvin Benjamin	WR	6	0	0	0	0	0	99	0	9	0	0	0	0	0	0
Martavis Bryant	WR	6	0	0	0	0	0	27	0	2	0	0	0	0	0	0
Jerick McKinnon	RB	6	0	0	0	69	1	30	1	5	0	1	0	0	0	0
Davante Adams	WR	6	0	0	0	0	0	54	1	5	0	0	0	0	0	0
Jarvis Landry	WR	6	0	0	0	0	0	62	1	8	0	0	0	0	0	0
Eric Ebron	TE	6	0	0	0	0	0	9	0	1	0	0	0	0	0	0
Charles Sims	RB	6	0	0	0	0	0	45	0	4	0	0	0	0	0	0
Blake Bortles	QB	6	241	1	1	19	0	0	0	0	0	0	0	0	0	0
Mike Evans	WR	6	0	0	0	0	0	95	1	3	0	0	0	0	0	0
Austin Seferian-Jenkins	TE	6	0	0	0	0	0	46	1	8	0	0	1	0	0	0
Marqise Lee	WR	6	0	0	0	17	0	83	0	5	0	0	0	0	0	0
Jameis Winston	QB	6	61	0	0	0	0	0	0	0	0	0	0	0	0	0
Quan Bray	WR	6	0	0	0	0	0	0	0	0	0	0	0	0	0	0
Randall Telfer	TE	6	0	0	0	0	0	0	0	0	0	0	0	0	0	0
Amari Cooper	WR	6	0	0	0	0	0	28	0	5	0	0	0	0	0	0
Nelson Agholor	WR	6	0	0	0	0	0	55	1	4	0	0	0	0	0	0
Maxx Williams	TE	6	0	0	0	0	0	6	0	1	0	0	1	0	0	0
Justin Hardy	WR	6	0	0	0	0	0	34	0	3	0	0	0	0	0	0
Javorius Allen	RB	6	0	0	0	49	0	17	0	3	0	0	0	0	0	0
Brett Hundley	QB	6	157	1	3	3	0	0	0	0	0	0	0	0	0	0
Jay Ajayi	RB	6	0	0	0	130	0	0	0	0	0	0	0	0	0	0
Nick Boyle	TE	6	0	0	0	0	0	15	0	2	0	0	0	0	0	1
A.J. Derby	TE	6	0	0	0	0	0	10	0	1	0	0	0	0	0	0
Zach Zenner	RB	6	0	0	0	0	0	0	0	0	0	0	0	0	0	0
Raheem Mostert	RB	6	0	0	0	16	0	0	0	0	0	0	0	0	0	0
Eric Tomlinson	TE	6	0	0	0	0	0	0	0	0	0	0	0	0	0	0
Jordan Taylor	WR	6	0	0	0	0	0	26	0	3	0	0	0	0	0	0
Akeem Hunt	RB	6	0	0	0	3	0	0	0	0	0	0	0	0	0	0
Matt LaCosse	TE	6	0	0	0	0	0	0	0	0	0	0	0	0	0	0
Terrell Watson	RB	6	0	0	0	3	0	0	0	0	0	0	0	0	0	0
Malcolm Brown	RB	6	0	0	0	17	0	0	0	0	0	0	0	0	0	0
Jamison Crowder	WR	6	0	0	0	11	0	15	0	3	0	0	0	0	0	0
James O'Shaughnessy	TE	6	0	0	0	0	0	11	0	2	0	0	0	0	0	0
Adam Humphries	WR	6	0	0	0	0	0	51	0	6	0	0	0	0	0	0
Mack Brown	RB	6	0	0	0	2	0	11	0	1	0	0	0	0	0	0
Breshad Perriman	WR	6	0	0	0	0	0	0	0	0	0	0	0	0	0	0
Devin Funchess	WR	6	0	0	0	0	0	36	0	3	0	0	0	0	0	0
Tevin Coleman	RB	6	0	0	0	32	1	4	0	1	0	0	0	0	0	0
Ameer Abdullah	RB	6	0	0	0	54	0	0	0	0	0	0	0	0	0	0
J.J. Nelson	WR	6	0	0	0	16	0	0	0	0	0	0	0	0	0	0
Tre McBride	WR	6	0	0	0	0	0	0	0	0	0	0	0	0	0	0
Ben Koyack	TE	6	0	0	0	0	0	21	0	1	0	0	0	0	0	0
Melvin Gordon	RB	6	0	0	0	83	1	67	1	9	0	0	0	0	0	0
Trevor Siemian	QB	6	376	1	2	9	0	0	0	0	0	0	0	0	0	0
Tyrell Williams	WR	6	0	0	0	0	0	27	0	3	0	0	1	0	0	0
Sammie Coates	WR	6	0	0	0	0	0	11	0	1	0	0	0	0	0	0
Vince Mayle	TE	6	0	0	0	0	0	0	0	0	0	0	0	0	0	0
Ty Montgomery	WR	6	0	0	0	28	0	3	0	1	0	0	0	0	0	0
Phillip Dorsett	WR	6	0	0	0	0	0	0	0	0	0	0	0	0	0	0
Jeff Heuerman	TE	6	0	0	0	0	0	24	1	2	0	0	0	0	0	0
Todd Gurley	RB	6	0	0	0	116	0	4	0	1	0	0	0	0	0	0
Kasen Williams	WR	6	0	0	0	0	0	41	0	4	0	0	0	0	0	0
Duke Johnson	RB	6	0	0	0	40	0	-1	0	3	0	0	0	0	0	0
Marcus Mariota	QB	6	306	1	1	0	0	0	0	0	0	0	0	0	0	0
Austin Hooper	TE	6	0	0	0	0	0	48	0	7	0	0	0	0	0	0
Chris Moore	WR	6	0	0	0	0	0	44	0	3	0	0	0	0	0	0
Trevor Davis	WR	6	0	0	0	0	0	0	0	0	0	0	0	0	0	0
Alex Collins	RB	6	0	0	0	74	0	0	0	0	0	0	0	0	0	0
Jerell Adams	TE	6	0	0	0	0	0	6	0	1	0	0	0	0	0	0
Geronimo Allison	WR	6	0	0	0	0	0	7	0	1	0	0	0	0	0	0
Roger Lewis	WR	6	0	0	0	0	0	15	0	1	0	0	0	0	0	0
Robbie Chosen	WR	6	0	0	0	0	0	76	0	4	0	0	0	0	0	0
Ed Eagan	WR	6	0	0	0	0	0	0	0	0	0	0	0	0	0	0
Bryce Treggs	WR	6	0	0	0	0	0	20	0	1	0	0	0	0	0	0
Stephen Anderson	TE	6	0	0	0	0	0	17	0	2	0	0	0	0	0	0
Peyton Barber	RB	6	0	0	0	0	0	0	0	0	0	0	0	0	0	0
Josh Doctson	WR	6	0	0	0	0	0	11	1	1	0	0	0	0	0	0
Derrick Henry	RB	6	0	0	0	131	1	14	0	1	0	0	0	0	0	0
Michael Thomas	WR	6	0	0	0	0	0	11	0	3	0	0	0	0	0	0
Demarcus Robinson	WR	6	0	0	0	0	0	16	0	1	0	0	0	0	0	0
Jordan Howard	RB	6	0	0	0	167	0	9	0	1	0	0	0	0	0	0
Kevin Hogan	QB	6	140	1	3	36	0	0	0	0	0	0	0	0	0	0
Jakeem Grant	WR	6	0	0	0	0	0	4	0	1	0	0	0	0	0	0
Danny Vitale	RB	6	0	0	0	0	0	7	0	1	0	0	0	0	0	0
Johnny Holton	WR	6	0	0	0	0	0	0	0	0	0	0	0	0	0	0
Max McCaffrey	WR	6	0	0	0	0	0	0	0	0	0	0	0	0	0	0
DeAndre Washington	RB	6	0	0	0	-8	0	10	0	1	0	0	0	0	0	0
Carson Wentz	QB	6	222	3	0	25	0	0	0	0	1	0	0	0	0	0
Laquon Treadwell	WR	6	0	0	0	0	0	51	0	3	0	0	0	0	0	0
Devontae Booker	RB	6	0	0	0	2	0	78	0	4	0	0	0	0	0	0
Rashard Higgins	WR	6	0	0	0	0	0	13	0	1	0	0	0	0	0	0
Marcus Johnson	WR	6	0	0	0	0	0	16	0	1	0	0	0	0	0	0
Jalen Richard	RB	6	0	0	0	-1	0	27	0	3	0	0	0	0	0	0
Tyreek Hill	WR	6	0	0	0	-9	0	34	0	5	0	0	0	0	0	0
Leonte Carroo	WR	6	0	0	0	0	0	0	0	0	0	0	0	0	0	0
Braxton Miller	WR	6	0	0	0	0	0	-5	1	2	0	0	0	0	0	0
Ricardo Louis	WR	6	0	0	0	0	0	25	0	3	0	0	0	0	0	0
Seth DeValve	TE	6	0	0	0	0	0	9	1	2	0	0	0	0	0	0
Hunter Henry	TE	6	0	0	0	0	0	90	0	5	0	0	0	0	0	0
Marvin Hall	WR	6	0	0	0	0	0	40	1	1	0	0	0	0	0	0
Jared Goff	QB	6	124	1	0	9	0	0	0	0	0	0	0	0	0	0
Tyler Higbee	TE	6	0	0	0	0	0	0	0	1	0	0	0	0	0	0
Pharoh Cooper	WR	6	0	0	0	0	0	0	0	0	0	0	0	0	0	0
Bronson Kaufusi	TE	6	0	0	0	0	0	0	0	0	0	0	0	0	0	0
Kenyan Drake	RB	6	0	0	0	0	0	0	0	0	0	0	0	0	0	0
Jacoby Brissett	QB	6	212	1	0	15	0	0	0	0	0	0	0	0	0	0
Will Fuller	WR	6	0	0	0	0	0	62	1	2	0	0	0	0	0	0
Christian McCaffrey	RB	6	0	0	0	8	0	56	1	10	0	0	0	0	0	0
Curtis Samuel	WR	6	0	0	0	8	0	0	0	0	0	0	0	0	0	0
George Kittle	TE	6	0	0	0	0	0	46	0	4	0	0	0	0	0	0
Trent Taylor	WR	6	0	0	0	0	0	11	0	2	0	0	0	0	0	0
Aaron Jones	RB	6	0	0	0	41	0	1	0	1	0	0	0	0	0	0
Elijah McGuire	RB	6	0	0	0	22	0	0	0	0	0	0	0	0	0	0
Matt Breida	RB	6	0	0	0	21	0	15	0	2	0	0	0	0	0	0
Patrick Ricard	RB	6	0	0	0	0	0	0	0	0	0	0	0	0	0	0
Jehu Chesson	WR	6	0	0	0	0	0	0	0	0	0	0	0	0	0	0
Isaiah McKenzie	WR	6	0	0	0	0	0	0	0	1	0	0	0	0	0	0
Samaje Perine	RB	6	0	0	0	23	0	24	1	3	0	0	0	0	0	0
Mike Williams	WR	6	0	0	0	0	0	15	0	1	0	0	0	0	0	0
Deshaun Watson	QB	6	225	3	1	23	0	0	0	0	0	0	0	1	0	0
Brendan Langley	WR	6	0	0	0	0	0	0	0	0	0	0	0	0	0	0
James Conner	RB	6	0	0	0	14	0	0	0	0	0	0	0	0	0	0
Mack Hollins	WR	6	0	0	0	0	0	38	0	2	0	0	0	0	0	0
Tarik Cohen	RB	6	21	1	0	32	0	14	0	1	0	1	0	0	0	0
Jamal Agnew	WR	6	0	0	0	0	0	0	0	0	0	0	0	0	0	0
Matt Dayes	RB	6	0	0	0	0	0	0	0	0	0	0	0	0	0	0
Tanner Gentry	WR	6	0	0	0	0	0	0	0	0	0	0	0	0	0	0
Keelan Cole	WR	6	0	0	0	0	0	7	0	1	0	0	0	0	0	0
Austin Ekeler	RB	6	0	0	0	1	0	8	0	1	0	0	0	0	0	0
Travis Rudolph	WR	6	0	0	0	0	0	0	0	0	0	0	0	0	0	0
Corey Clement	RB	6	0	0	0	2	0	0	0	0	0	0	0	0	0	0
Trey Edmunds	RB	6	0	0	0	0	0	0	0	0	0	0	0	0	0	0
Chris Thompson	WR	6	0	0	0	0	0	0	0	0	0	0	0	0	0	0
Leonard Fournette	RB	6	0	0	0	130	1	8	0	2	0	0	0	0	0	0
JuJu Smith-Schuster	WR	6	0	0	0	0	0	32	0	3	0	0	0	0	0	0
Jonnu Smith	TE	6	0	0	0	0	0	10	0	1	0	0	0	0	0	0
Mitchell Trubisky	QB	6	113	1	0	32	0	0	0	0	1	0	0	0	0	0
O.J. Howard	TE	6	0	0	0	0	0	15	0	1	0	0	0	0	0	0
Evan Engram	TE	6	0	0	0	0	0	82	1	5	0	0	0	0	0	0
David Njoku	TE	6	0	0	0	0	0	0	0	2	0	0	0	0	0	0
Gerald Everett	TE	6	0	0	0	0	0	4	1	1	0	0	0	0	0	0
Alvin Kamara	RB	6	0	0	0	75	0	12	0	3	0	0	0	0	0	0
Cooper Kupp	WR	6	0	0	0	0	0	35	0	2	0	0	0	0	0	0
Taywan Taylor	WR	6	0	0	0	0	0	61	1	2	0	0	0	0	0	0
ArDarius Stewart	WR	6	0	0	0	6	0	2	0	1	0	0	0	0	0	0
Chris Godwin Jr.	WR	6	0	0	0	0	0	9	0	1	0	0	0	0	0	0
Kareem Hunt	RB	6	0	0	0	21	0	89	0	5	0	0	0	0	0	0
D'Onta Foreman	RB	6	0	0	0	59	0	0	0	0	0	0	0	0	0	0
C.J. Beathard	QB	6	245	1	1	14	0	0	0	0	0	0	0	0	0	0
Wayne Gallman	RB	6	0	0	0	27	0	5	0	2	0	0	0	0	0	0
Marlon Mack	RB	6	0	0	0	18	0	0	0	0	0	0	0	0	0	0
Stacy Coley	WR	6	0	0	0	0	0	0	0	0	0	0	0	0	0	0
Tom Brady	QB	7	249	2	0	5	0	0	0	0	0	0	0	0	0	0
Drew Brees	QB	7	331	1	2	-1	1	0	0	0	0	0	0	0	0	0
Josh McCown	QB	7	209	3	1	1	1	0	0	0	0	0	0	0	0	0
Carson Palmer	QB	7	122	0	1	0	0	0	0	0	0	0	0	0	0	0
Antonio Gates	TE	7	0	0	0	0	0	4	0	1	0	0	0	0	0	0
Jason Witten	TE	7	0	0	0	0	0	54	1	4	0	0	0	0	0	0
Eli Manning	QB	7	134	1	0	0	0	0	0	0	1	0	0	0	0	0
Larry Fitzgerald	WR	7	0	0	0	0	0	29	0	3	0	0	0	0	0	0
Ben Roethlisberger	QB	7	224	2	0	-3	0	0	0	0	0	0	0	0	0	0
Philip Rivers	QB	7	183	2	0	0	0	0	0	0	0	0	0	0	0	0
Benjamin Watson	TE	7	0	0	0	0	0	38	0	5	0	0	0	0	0	0
Alex Smith	QB	7	342	3	0	0	0	0	0	0	0	0	0	0	0	0
Frank Gore	RB	7	0	0	0	34	0	0	0	0	0	0	0	0	0	0
Vernon Davis	TE	7	0	0	0	0	0	67	0	4	0	0	0	0	0	0
Jay Cutler	QB	7	138	2	1	0	0	0	0	0	0	0	0	0	0	0
Marcedes Lewis	TE	7	0	0	0	0	0	29	1	2	0	0	0	0	0	0
Anthony Fasano	TE	7	0	0	0	0	0	25	1	3	0	0	0	0	0	0
Delanie Walker	TE	7	0	0	0	0	0	63	0	7	0	0	1	0	0	0
Eric Weems	WR	7	0	0	0	0	0	5	0	1	0	0	0	0	0	0
Adrian Peterson	RB	7	0	0	0	21	0	12	0	1	0	0	0	0	0	0
Ted Ginn	WR	7	0	0	0	0	0	141	0	7	0	0	0	0	0	0
Marshawn Lynch	RB	7	0	0	0	9	0	0	0	0	0	0	0	0	0	0
Drew Stanton	QB	7	66	0	1	4	0	0	0	0	0	0	0	0	0	0
Brent Celek	TE	7	0	0	0	0	0	3	0	1	0	0	0	0	0	0
Matt Moore	QB	7	188	2	1	0	0	0	0	0	0	0	0	0	0	0
Danny Amendola	WR	7	0	0	0	0	0	17	0	3	0	0	0	0	0	0
Matt Ryan	QB	7	233	1	0	37	0	0	0	0	0	0	0	0	0	0
Jonathan Stewart	RB	7	0	0	0	48	0	0	0	0	0	0	0	0	0	0
Joe Flacco	QB	7	186	1	0	0	0	0	0	0	0	0	0	0	0	0
Jordy Nelson	WR	7	0	0	0	0	0	13	0	1	0	0	0	0	0	0
Matt Forte	RB	7	0	0	0	41	0	41	0	5	0	0	0	0	0	0
DeSean Jackson	WR	7	0	0	0	0	0	73	0	5	0	0	0	0	0	0
Martellus Bennett	TE	7	0	0	0	0	0	17	0	2	0	0	0	0	0	0
Jamaal Charles	RB	7	0	0	0	2	0	20	0	4	0	0	0	0	0	0
Matthew Slater	WR	7	0	0	0	0	0	0	0	0	0	0	0	0	0	0
Pierre Garcon	WR	7	0	0	0	0	0	49	0	5	0	0	0	0	0	0
Mike Wallace	WR	7	0	0	0	0	0	9	0	1	0	0	0	0	0	0
Darrius Heyward-Bey	WR	7	0	0	0	0	0	44	0	1	0	0	0	0	0	0
Michael Crabtree	WR	7	0	0	0	0	0	24	1	3	0	0	0	0	0	0
Kenny Britt	WR	7	0	0	0	0	0	7	0	2	0	0	0	0	0	0
LeSean McCoy	RB	7	0	0	0	91	2	31	0	5	0	1	0	0	0	0
Brandon Tate	WR	7	0	0	0	0	0	0	0	0	0	0	0	0	0	0
Jared Cook	TE	7	0	0	0	0	0	107	0	6	0	0	0	0	0	0
Zach Miller	TE	7	0	0	0	0	0	29	0	2	0	0	0	0	0	0
LeGarrette Blount	RB	7	0	0	0	29	0	0	0	0	0	0	0	0	0	0
Chris Ivory	RB	7	0	0	0	47	1	0	0	0	0	1	0	0	0	0
Arrelious Benn	WR	7	0	0	0	0	0	0	0	0	0	0	0	0	0	0
Rob Gronkowski	TE	7	0	0	0	0	0	51	0	3	0	0	0	0	0	0
Ed Dickson	TE	7	0	0	0	0	0	18	0	3	0	0	0	0	0	0
Brandon LaFell	WR	7	0	0	0	0	0	28	1	4	0	0	0	0	0	0
Eric Decker	WR	7	0	0	0	0	0	0	0	0	0	0	0	0	0	0
Andre Roberts	WR	7	0	0	0	0	0	0	0	0	0	0	0	0	0	0
Jimmy Graham	TE	7	0	0	0	0	0	51	1	3	0	0	0	0	0	0
Antonio Brown	WR	7	0	0	0	0	0	65	1	4	0	0	0	0	0	0
C.J. Spiller	RB	7	0	0	0	0	0	0	0	0	0	0	0	0	0	0
Jermaine Gresham	TE	7	0	0	0	0	0	18	0	1	0	0	0	0	0	0
Demaryius Thomas	WR	7	0	0	0	0	0	9	0	2	0	0	0	0	0	0
Dez Bryant	WR	7	0	0	0	0	0	63	1	7	0	0	0	0	0	0
Cam Newton	QB	7	211	0	2	50	0	0	0	0	0	1	0	0	0	0
A.J. Green	WR	7	0	0	0	0	0	41	0	3	0	0	0	0	0	0
Julio Jones	WR	7	0	0	0	0	0	99	1	9	0	0	0	0	0	0
Mark Ingram	RB	7	0	0	0	105	1	5	0	4	0	0	0	0	0	0
Andy Dalton	QB	7	140	2	2	8	0	0	0	0	0	0	0	0	0	0
Kyle Rudolph	TE	7	0	0	0	0	0	43	0	5	0	0	0	0	0	0
Shane Vereen	RB	7	0	0	0	4	0	2	0	3	0	0	0	0	0	0
Torrey Smith	WR	7	0	0	0	0	0	0	0	0	0	0	0	0	0	0
Randall Cobb	WR	7	0	0	0	0	0	15	0	2	0	0	0	0	0	0
DeMarco Murray	RB	7	0	0	0	59	0	17	0	3	0	0	0	0	0	0
Taiwan Jones	RB	7	0	0	0	0	0	11	0	1	0	0	0	0	0	0
Bilal Powell	RB	7	0	0	0	43	0	40	0	2	0	0	0	0	0	0
Julius Thomas	TE	7	0	0	0	0	0	58	0	3	0	0	0	0	0	0
Jacquizz Rodgers	RB	7	0	0	0	2	0	9	0	1	0	0	0	0	0	0
Dion Lewis	RB	7	0	0	0	76	0	6	0	1	0	0	0	0	0	0
Jeremy Kerley	WR	7	0	0	0	0	0	17	0	2	0	0	0	0	0	0
Niles Paul	TE	7	0	0	0	0	0	32	0	1	0	0	0	0	0	0
Lee Smith	TE	7	0	0	0	0	0	0	0	0	0	0	0	0	0	0
Aldrick Robinson	WR	7	0	0	0	0	0	15	0	1	0	0	0	0	0	0
Tyrod Taylor	QB	7	268	1	0	53	0	0	0	0	0	0	0	0	0	0
Virgil Green	TE	7	0	0	0	0	0	7	0	1	0	0	0	0	0	0
Chris Hogan	WR	7	0	0	0	0	0	71	0	4	0	0	0	0	0	0
Andre Holmes	WR	7	0	0	0	0	0	11	0	2	0	0	0	0	0	0
Doug Baldwin	WR	7	0	0	0	0	0	92	1	9	0	0	0	0	0	0
Kamar Aiken	WR	7	0	0	0	0	0	8	0	2	0	0	0	0	0	0
Terrelle Pryor	WR	7	0	0	0	0	0	14	0	2	0	0	0	0	0	0
Garrett Celek	TE	7	0	0	0	0	0	11	0	1	0	0	0	0	0	0
Austin Davis	QB	7	0	0	0	-1	0	0	0	0	0	0	0	0	0	0
Case Keenum	QB	7	188	0	1	9	0	0	0	0	0	0	0	0	0	0
Cole Beasley	WR	7	0	0	0	0	0	24	0	1	0	0	0	0	0	0
Griff Whalen	WR	7	0	0	0	0	0	23	0	4	0	0	0	0	0	0
Derek Carrier	TE	7	0	0	0	0	0	0	0	0	0	0	0	0	0	0
Alshon Jeffery	WR	7	0	0	0	0	0	37	0	2	0	0	0	0	0	0
Alfred Morris	RB	7	0	0	0	15	0	9	0	1	0	0	0	0	0	0
Jermaine Kearse	WR	7	0	0	0	0	0	29	1	1	0	0	0	0	0	0
Brandon Bolden	RB	7	0	0	0	0	0	0	0	0	0	0	0	0	0	0
Russell Wilson	QB	7	334	3	0	10	0	0	0	0	0	0	0	0	0	0
Travis Benjamin	WR	7	0	0	0	4	0	42	1	1	0	0	0	0	0	0
Brittan Golden	WR	7	0	0	0	0	0	20	0	3	0	0	0	0	0	0
Bobby Rainey	RB	7	0	0	0	0	0	8	0	2	0	0	0	0	0	0
Deonte Thompson	WR	7	0	0	0	0	0	107	0	4	0	0	0	0	0	0
Jamize Olawale	RB	7	0	0	0	0	0	0	0	0	0	0	0	0	0	0
Jarius Wright	WR	7	0	0	0	0	0	54	0	3	0	0	0	0	0	0
Rishard Matthews	WR	7	0	0	0	0	0	40	0	3	0	0	0	0	0	0
Rhett Ellison	TE	7	0	0	0	0	0	0	0	0	0	0	0	0	0	0
Kirk Cousins	QB	7	303	3	1	18	0	0	0	0	0	0	0	0	0	0
T.Y. Hilton	WR	7	0	0	0	0	0	27	0	2	0	0	0	0	0	0
Doug Martin	RB	7	0	0	0	49	0	31	0	2	0	0	0	0	0	0
Mohamed Sanu	WR	7	0	0	0	0	0	65	0	6	0	0	0	0	0	0
James Hanna	TE	7	0	0	0	0	0	0	0	0	0	0	0	0	0	0
Coby Fleener	TE	7	0	0	0	0	0	22	0	2	0	0	0	0	0	0
Brandon Williams	TE	7	0	0	0	0	0	6	0	1	0	0	0	0	0	0
C.J. Anderson	RB	7	0	0	0	44	0	17	0	1	0	0	0	0	0	0
Adam Thielen	WR	7	0	0	0	0	0	41	0	5	0	0	0	0	0	0
Zach Ertz	TE	7	0	0	0	0	0	89	1	5	0	0	0	0	0	0
Marquise Goodwin	WR	7	0	0	0	0	0	80	0	4	0	0	0	0	0	0
Kenny Stills	WR	7	0	0	0	0	0	85	2	6	0	0	0	0	0	0
Luke Willson	TE	7	0	0	0	0	0	13	0	1	0	0	0	0	0	0
Tavarres King	WR	7	0	0	0	-8	0	1	0	1	0	0	0	0	0	0
Kerwynn Williams	RB	7	0	0	0	0	0	27	0	2	0	0	0	0	0	0
Russell Shepard	WR	7	0	0	0	0	0	20	0	2	0	0	0	0	0	0
Demetrius Harris	TE	7	0	0	0	0	0	16	0	2	0	0	0	0	0	0
Jack Doyle	TE	7	0	0	0	0	0	44	0	6	0	0	0	0	0	0
Josh Hill	TE	7	0	0	0	0	0	0	0	0	0	0	0	0	0	0
Keenan Allen	WR	7	0	0	0	0	0	41	0	3	0	0	0	0	0	0
Rex Burkhead	RB	7	0	0	0	31	0	11	0	1	0	0	0	0	0	0
Jaron Brown	WR	7	0	0	0	0	0	37	0	2	0	0	0	0	0	0
Chris Thompson	RB	7	0	0	0	38	0	26	1	5	0	0	0	0	0	0
Robert Woods	WR	7	0	0	0	4	0	59	0	5	0	0	0	0	0	0
Mike Gillislee	RB	7	0	0	0	31	0	0	0	0	0	0	0	0	0	0
Giovani Bernard	RB	7	0	0	0	8	0	-1	0	1	0	0	0	0	0	0
Kenjon Barner	RB	7	0	0	0	4	0	0	0	0	0	0	0	0	0	0
Vance McDonald	TE	7	0	0	0	0	0	37	0	2	0	0	0	0	0	0
Jordan Reed	TE	7	0	0	0	0	0	64	2	8	0	0	0	0	0	0
Eddie Lacy	RB	7	0	0	0	34	0	9	0	1	0	0	0	0	0	0
Le'Veon Bell	RB	7	0	0	0	134	0	58	0	3	0	0	0	0	0	0
Travis Kelce	TE	7	0	0	0	0	0	33	1	4	0	0	0	0	0	0
Latavius Murray	RB	7	0	0	0	113	1	0	0	0	0	0	0	0	0	0
Brice Butler	WR	7	0	0	0	0	0	0	0	0	0	0	0	0	0	0
Tavon Austin	WR	7	0	0	0	27	0	15	0	2	0	0	0	0	0	0
Terrance Williams	WR	7	0	0	0	0	0	0	0	0	0	0	0	0	0	0
Cordarrelle Patterson	RB	7	0	0	0	0	0	9	0	1	0	0	0	0	0	0
Isaiah Crowell	RB	7	0	0	0	35	0	36	0	4	0	0	0	0	0	0
Albert Wilson	WR	7	0	0	0	0	0	63	1	1	0	0	0	0	0	0
Bennie Fowler	WR	7	0	0	0	0	0	45	0	5	0	0	0	0	0	0
Trey Burton	TE	7	0	0	0	0	0	7	0	1	0	0	0	0	0	0
David Fluellen	RB	7	0	0	0	0	0	0	0	0	0	0	0	0	0	0
Bernard Reedy	WR	7	0	0	0	10	0	0	0	0	0	0	0	0	0	0
Brandon Coleman	WR	7	0	0	0	0	0	31	1	2	0	0	0	0	0	0
Allen Hurns	WR	7	0	0	0	0	0	101	0	5	0	0	0	0	0	0
Orleans Darkwa	RB	7	0	0	0	35	0	13	0	3	0	0	0	0	0	0
Damien Williams	RB	7	0	0	0	2	0	18	0	2	0	0	0	0	0	0
Jeff Janis	WR	7	0	0	0	0	0	0	0	0	0	0	0	0	0	0
Michael Campanaro	WR	7	0	0	0	19	0	31	0	3	0	0	0	0	0	0
Xavier Grimble	TE	7	0	0	0	0	0	12	0	1	0	0	0	0	0	0
Troy Niklas	TE	7	0	0	0	0	0	0	0	0	0	0	0	0	0	0
Carlos Hyde	RB	7	0	0	0	68	0	20	0	4	0	0	0	0	0	0
John Brown	WR	7	0	0	0	0	0	6	0	1	0	0	0	0	0	0
De'Anthony Thomas	WR	7	0	0	0	0	0	2	0	1	0	0	0	0	0	0
James White	RB	7	0	0	0	19	0	28	1	5	0	0	0	0	0	0
Ryan Grant	WR	7	0	0	0	0	0	19	0	3	0	0	0	0	0	0
Seth Roberts	WR	7	0	0	0	0	0	15	0	1	0	0	0	0	0	0
Taylor Gabriel	WR	7	0	0	0	-5	0	24	0	2	0	0	0	0	0	0
Brandin Cooks	WR	7	0	0	0	0	0	65	1	4	0	0	0	0	0	0
Paul Richardson	WR	7	0	0	0	0	0	61	1	2	0	0	0	0	0	0
Logan Thomas	TE	7	0	0	0	0	0	22	1	1	0	0	0	0	0	0
Cameron Brate	TE	7	0	0	0	0	0	60	0	6	0	0	0	0	0	0
Derek Carr	QB	7	417	3	0	15	0	0	0	0	0	0	0	0	0	0
Devonta Freeman	RB	7	0	0	0	72	0	18	0	3	0	0	0	0	0	0
Jordan Matthews	TE	7	0	0	0	0	0	10	0	2	0	0	0	0	0	0
Jeremy Hill	RB	7	0	0	0	7	0	0	0	0	0	0	0	0	0	0
Sammy Watkins	WR	7	0	0	0	0	0	42	0	3	0	0	0	0	0	0
Donte Moncrief	WR	7	0	0	0	0	0	30	0	2	0	0	0	0	0	0
Kelvin Benjamin	WR	7	0	0	0	0	0	65	0	3	0	0	0	0	0	0
Martavis Bryant	WR	7	0	0	0	2	0	3	0	1	0	0	0	0	0	0
Jerick McKinnon	RB	7	0	0	0	47	0	10	0	3	0	0	0	0	0	0
Davante Adams	WR	7	0	0	0	0	0	12	0	2	0	0	0	0	0	0
Jarvis Landry	WR	7	0	0	0	0	0	93	1	7	0	0	0	0	0	0
Richard Rodgers	TE	7	0	0	0	0	0	0	0	0	0	0	0	0	0	0
Charles Sims	RB	7	0	0	0	8	0	7	0	2	0	0	0	0	0	0
Blake Bortles	QB	7	330	1	0	11	0	0	0	0	1	0	0	0	0	0
Mike Evans	WR	7	0	0	0	0	0	88	1	7	0	0	0	0	0	0
Austin Seferian-Jenkins	TE	7	0	0	0	0	0	21	1	3	0	0	0	0	0	0
Marqise Lee	WR	7	0	0	0	0	0	72	0	4	0	0	0	0	0	0
Chris Manhertz	TE	7	0	0	0	0	0	11	0	1	0	0	0	0	0	0
Jameis Winston	QB	7	384	3	1	0	0	0	0	0	1	0	0	0	0	0
Quan Bray	WR	7	0	0	0	0	0	17	0	2	0	0	0	0	0	0
Amari Cooper	WR	7	0	0	0	0	0	210	2	11	0	0	0	0	0	0
Nelson Agholor	WR	7	0	0	0	0	0	45	1	4	0	0	0	0	0	0
Justin Hardy	WR	7	0	0	0	0	0	21	0	2	0	0	0	0	0	0
Javorius Allen	RB	7	0	0	0	20	0	29	0	8	0	0	0	0	0	0
Brett Hundley	QB	7	87	0	1	44	1	0	0	0	0	0	0	0	0	0
Jay Ajayi	RB	7	0	0	0	51	0	26	0	3	0	0	0	0	0	0
Nick Boyle	TE	7	0	0	0	0	0	12	0	2	0	0	0	0	0	0
A.J. Derby	TE	7	0	0	0	0	0	66	0	6	0	0	1	0	0	0
Terron Ward	RB	7	0	0	0	0	0	0	0	0	0	0	0	0	0	0
Raheem Mostert	RB	7	0	0	0	0	0	0	0	0	0	0	0	0	0	0
Eric Tomlinson	TE	7	0	0	0	0	0	26	0	1	0	0	0	0	0	0
Jordan Taylor	WR	7	0	0	0	0	0	7	0	1	0	0	0	0	0	0
Corey Grant	RB	7	0	0	0	8	0	28	0	1	0	0	0	0	0	0
Akeem Hunt	RB	7	0	0	0	0	0	1	0	1	0	0	0	0	0	0
Eli Rogers	WR	7	0	0	0	0	0	10	0	1	0	0	0	0	0	0
Terrell Watson	RB	7	0	0	0	0	0	0	0	0	0	0	0	0	0	0
Malcolm Brown	RB	7	0	0	0	48	0	7	0	1	0	0	0	0	0	0
Thomas Rawls	RB	7	0	0	0	36	0	16	0	1	0	1	0	0	0	0
Rod Smith	RB	7	0	0	0	61	0	5	0	1	0	0	0	0	0	0
Jamison Crowder	WR	7	0	0	0	3	0	28	0	2	0	0	0	0	0	0
James O'Shaughnessy	TE	7	0	0	0	0	0	0	0	0	0	0	0	0	0	0
Adam Humphries	WR	7	0	0	0	0	0	13	0	2	0	0	1	0	0	0
Devin Funchess	WR	7	0	0	0	0	0	41	0	4	0	0	0	0	0	0
Tevin Coleman	RB	7	0	0	0	16	0	0	0	0	0	0	0	0	0	0
J.J. Nelson	WR	7	0	0	0	0	0	39	0	2	0	0	0	0	0	0
Nick O'Leary	TE	7	0	0	0	0	0	58	0	2	0	0	0	0	0	0
C.J. Uzomah	TE	7	0	0	0	0	0	7	0	1	0	0	0	0	0	0
Ben Koyack	TE	7	0	0	0	0	0	7	0	1	0	0	0	0	0	0
Geoff Swaim	TE	7	0	0	0	0	0	7	0	1	0	0	0	0	0	0
Melvin Gordon	RB	7	0	0	0	38	0	6	0	1	0	0	0	0	0	0
Trevor Siemian	QB	7	207	0	1	14	0	0	0	0	1	0	0	0	0	0
Tyrell Williams	WR	7	0	0	0	0	0	11	0	1	0	0	0	0	0	0
Sammie Coates	WR	7	0	0	0	0	0	0	0	0	0	0	0	0	0	0
Vince Mayle	TE	7	0	0	0	0	0	0	0	0	0	0	0	0	0	0
Ty Montgomery	WR	7	0	0	0	6	0	9	0	1	0	0	0	0	0	0
Phillip Dorsett	WR	7	0	0	0	0	0	0	0	0	0	0	0	0	0	0
T.J. Yeldon	RB	7	0	0	0	122	1	15	0	2	0	0	0	0	0	0
Tyler Lockett	WR	7	0	0	0	15	0	29	0	4	0	0	0	0	0	0
Tyler Kroft	TE	7	0	0	0	0	0	23	1	4	0	0	0	0	0	0
Todd Gurley	RB	7	0	0	0	106	1	48	0	4	0	0	0	0	0	0
Sean Mannion	QB	7	0	0	0	-1	0	0	0	0	0	0	0	0	0	0
Kasen Williams	WR	7	0	0	0	0	0	0	0	0	0	0	0	0	0	0
Clive Walford	TE	7	0	0	0	0	0	0	0	0	0	0	0	0	0	0
Duke Johnson	RB	7	0	0	0	26	0	45	0	6	0	0	0	0	0	0
Marcus Mariota	QB	7	203	0	0	8	0	0	0	0	0	0	0	0	0	0
Ross Travis	TE	7	0	0	0	0	0	3	0	1	0	0	0	0	0	0
Chester Rogers	WR	7	0	0	0	0	0	21	0	2	0	0	0	0	0	0
Rob Kelley	RB	7	0	0	0	16	0	14	0	2	0	0	0	0	0	0
Josh Ferguson	RB	7	0	0	0	5	0	0	0	0	0	0	0	0	0	0
Austin Hooper	TE	7	0	0	0	0	0	6	0	1	0	0	0	0	0	0
Nick Vannett	TE	7	0	0	0	0	0	12	0	1	0	0	0	0	0	0
Chris Moore	WR	7	0	0	0	-5	0	36	1	2	0	0	0	0	0	0
Trevor Davis	WR	7	0	0	0	0	0	0	0	0	0	0	0	0	0	0
Alex Collins	RB	7	0	0	0	30	0	0	0	0	0	0	0	0	0	0
Tanner McEvoy	WR	7	0	0	0	0	0	0	0	0	0	0	0	0	0	0
Alex Erickson	WR	7	0	0	0	0	0	22	0	1	0	0	0	0	0	0
J.D. McKissic	RB	7	0	0	0	10	0	23	0	2	0	0	0	0	0	0
Geronimo Allison	WR	7	0	0	0	0	0	14	0	1	0	0	0	0	0	0
Roger Lewis	WR	7	0	0	0	0	0	12	0	1	0	0	0	0	0	0
Robbie Chosen	WR	7	0	0	0	0	0	35	1	3	0	0	0	0	0	0
Ed Eagan	WR	7	0	0	0	0	0	0	0	0	0	0	0	0	0	0
Bryce Treggs	WR	7	0	0	0	6	0	19	0	1	0	0	0	0	0	0
Peyton Barber	RB	7	0	0	0	0	0	0	0	0	0	0	0	0	0	0
Josh Doctson	WR	7	0	0	0	0	0	39	0	3	0	0	0	0	0	0
Derrick Henry	RB	7	0	0	0	13	0	11	0	2	0	0	0	0	0	0
Michael Thomas	WR	7	0	0	0	0	0	82	0	7	0	0	0	0	0	0
Demarcus Robinson	WR	7	0	0	0	0	0	69	0	5	0	0	0	0	0	0
Jordan Howard	RB	7	0	0	0	65	0	0	0	0	0	0	0	0	0	0
Wendell Smallwood	RB	7	0	0	0	25	0	14	0	2	0	0	0	0	0	0
Jakeem Grant	WR	7	0	0	0	0	0	0	0	0	0	0	0	0	0	0
Danny Vitale	RB	7	0	0	0	0	0	11	0	1	0	0	0	0	0	0
Cody Core	WR	7	0	0	0	0	0	0	0	0	0	0	0	0	0	0
Hunter Sharp	WR	7	0	0	0	0	0	0	0	0	0	0	0	0	0	0
Tommylee Lewis	WR	7	0	0	0	0	0	0	0	0	0	0	0	0	0	0
Johnny Holton	WR	7	0	0	0	0	0	0	0	0	0	0	0	0	0	0
DeAndre Washington	RB	7	0	0	0	33	1	7	0	3	0	0	0	0	0	0
Carson Wentz	QB	7	268	4	1	63	0	0	0	0	0	0	0	0	0	0
Laquon Treadwell	WR	7	0	0	0	0	0	28	0	3	0	0	0	0	0	0
Devontae Booker	RB	7	0	0	0	6	0	22	0	3	0	0	0	0	0	0
Rashard Higgins	WR	7	0	0	0	0	0	11	0	1	0	0	0	0	0	0
Marcus Johnson	WR	7	0	0	0	0	0	0	0	0	0	0	0	0	0	0
Jaydon Mickens	WR	7	0	0	0	0	0	0	0	0	0	0	0	0	0	0
Jalen Richard	RB	7	0	0	0	31	0	45	0	4	0	0	0	0	0	0
Tyreek Hill	WR	7	0	0	0	7	0	125	1	6	0	0	0	0	0	0
Ezekiel Elliott	RB	7	0	0	0	147	2	72	1	1	0	0	0	0	0	0
Leonte Carroo	WR	7	0	0	0	0	0	21	0	1	0	0	0	0	0	0
Dak Prescott	QB	7	234	3	0	26	1	0	0	0	0	0	0	0	0	0
Ricardo Louis	WR	7	0	0	0	0	0	21	0	3	0	0	0	0	0	0
Seth DeValve	TE	7	0	0	0	0	0	27	0	2	0	0	0	0	0	0
Hunter Henry	TE	7	0	0	0	0	0	73	0	4	0	0	0	0	0	0
Cody Kessler	QB	7	121	0	1	-1	0	0	0	0	0	0	0	0	0	0
Jared Goff	QB	7	235	1	1	13	1	0	0	0	0	0	0	0	0	0
Tyler Higbee	TE	7	0	0	0	0	0	13	0	3	0	0	0	0	0	0
Pharoh Cooper	WR	7	0	0	0	0	0	0	0	0	0	0	0	0	0	0
Bronson Kaufusi	TE	7	0	0	0	0	0	0	0	0	0	0	0	0	0	0
Kenyan Drake	RB	7	0	0	0	0	0	0	0	0	0	0	0	0	0	0
Jacoby Brissett	QB	7	200	0	0	31	0	0	0	0	0	0	0	0	0	0
Darrell Daniels	TE	7	0	0	0	0	0	7	0	1	0	0	0	0	0	0
Christian McCaffrey	RB	7	0	0	0	10	0	36	0	7	0	0	0	0	0	0
Curtis Samuel	WR	7	0	0	0	0	0	20	0	1	0	0	0	0	0	0
George Kittle	TE	7	0	0	0	0	0	16	0	1	0	0	0	0	0	0
Trent Taylor	WR	7	0	0	0	0	0	39	0	5	0	0	0	0	0	0
Aaron Jones	RB	7	0	0	0	131	1	7	0	3	0	0	0	0	0	0
Elijah McGuire	RB	7	0	0	0	7	0	0	0	0	0	0	0	0	0	0
Kendrick Bourne	WR	7	0	0	0	0	0	0	0	0	0	0	0	0	0	0
Matt Breida	RB	7	0	0	0	5	0	0	0	0	0	0	0	0	0	0
Cole Hikutini	TE	7	0	0	0	0	0	5	0	1	0	0	0	0	0	0
Jehu Chesson	WR	7	0	0	0	0	0	0	0	0	0	0	0	0	0	0
Mike Williams	WR	7	0	0	0	0	0	0	0	0	0	0	0	0	0	0
Brendan Langley	WR	7	0	0	0	0	0	0	0	0	0	0	0	0	0	0
James Conner	RB	7	0	0	0	19	0	0	0	0	0	0	0	0	0	0
Mack Hollins	WR	7	0	0	0	0	0	64	1	1	0	0	0	0	0	0
Tarik Cohen	RB	7	0	0	0	0	0	70	0	1	0	0	0	0	0	0
Ryan Switzer	WR	7	0	0	0	3	0	2	0	1	0	0	0	0	0	0
Matt Dayes	RB	7	0	0	0	0	0	0	0	0	0	0	0	0	0	0
Tanner Gentry	WR	7	0	0	0	0	0	8	0	1	0	0	0	0	0	0
Cooper Rush	QB	7	2	0	0	13	0	0	0	0	0	0	0	0	0	0
Keelan Cole	WR	7	0	0	0	0	0	64	0	2	0	0	0	0	0	0
Austin Ekeler	RB	7	0	0	0	38	0	6	1	4	0	0	0	0	0	0
Travis Rudolph	WR	7	0	0	0	0	0	32	0	3	0	0	0	0	0	0
Corey Clement	RB	7	0	0	0	6	0	9	1	1	0	0	0	0	0	0
JuJu Smith-Schuster	WR	7	0	0	0	0	0	39	1	2	0	0	0	0	0	0
Jonnu Smith	TE	7	0	0	0	0	0	22	0	2	0	0	0	0	0	0
Josh Malone	WR	7	0	0	0	0	0	0	0	0	0	0	0	0	0	0
Mitchell Trubisky	QB	7	107	0	0	3	0	0	0	0	0	0	0	0	0	0
O.J. Howard	TE	7	0	0	0	0	0	98	2	6	0	0	0	0	0	0
Evan Engram	TE	7	0	0	0	0	0	60	1	6	0	0	0	0	0	0
David Njoku	TE	7	0	0	0	0	0	58	0	2	0	0	0	0	0	0
Zay Jones	WR	7	0	0	0	0	0	17	0	2	0	0	0	0	0	0
Gerald Everett	TE	7	0	0	0	0	0	0	0	0	0	0	0	0	0	0
Joe Mixon	RB	7	0	0	0	48	0	20	0	3	0	0	0	0	0	0
DeShone Kizer	QB	7	114	0	2	0	0	0	0	0	0	0	0	0	0	0
Alvin Kamara	RB	7	0	0	0	57	0	50	0	5	0	0	0	0	0	0
Cooper Kupp	WR	7	0	0	0	0	0	51	1	4	0	0	0	0	0	0
Taywan Taylor	WR	7	0	0	0	0	0	45	0	3	0	0	0	0	0	0
ArDarius Stewart	WR	7	0	0	0	0	0	0	0	0	0	0	0	0	0	0
Chris Godwin Jr.	WR	7	0	0	0	0	0	5	0	1	0	0	0	0	0	0
Kareem Hunt	RB	7	0	0	0	87	0	30	0	4	0	0	0	0	0	0
C.J. Beathard	QB	7	235	0	0	30	1	0	0	0	2	0	0	0	0	0
Amara Darboh	WR	7	0	0	0	0	0	29	0	2	0	0	0	0	0	0
Josh Reynolds	WR	7	0	0	0	0	0	0	0	0	0	0	0	0	0	0
Jamaal Williams	RB	7	0	0	0	0	0	0	0	0	0	0	0	0	0	0
Wayne Gallman	RB	7	0	0	0	15	0	14	0	2	0	0	0	0	0	0
Marlon Mack	RB	7	0	0	0	26	0	40	0	4	0	0	0	0	0	0
Tom Brady	QB	8	333	1	0	2	0	0	0	0	0	0	0	0	0	0
Drew Brees	QB	8	299	0	0	-2	0	0	0	0	0	0	0	0	0	0
Josh McCown	QB	8	257	2	0	0	0	0	0	0	0	0	0	0	0	0
Antonio Gates	TE	8	0	0	0	0	0	25	0	2	0	0	0	0	0	0
Jason Witten	TE	8	0	0	0	0	0	31	0	3	0	0	0	0	0	0
Ben Roethlisberger	QB	8	317	1	1	-2	0	0	0	0	0	0	0	0	0	0
Philip Rivers	QB	8	212	1	1	0	0	0	0	0	0	0	0	0	0	0
Benjamin Watson	TE	8	0	0	0	0	0	6	1	2	0	0	0	0	0	0
Alex Smith	QB	8	202	1	0	33	0	0	0	0	1	0	0	0	0	0
Frank Gore	RB	8	0	0	0	82	0	19	0	4	0	0	0	0	0	0
Vernon Davis	TE	8	0	0	0	0	0	20	0	2	0	0	0	0	0	0
Anthony Fasano	TE	8	0	0	0	0	0	11	0	2	0	0	0	0	0	0
Ted Ginn	WR	8	0	0	0	0	0	68	0	2	0	0	0	0	0	0
Brent Celek	TE	8	0	0	0	0	0	14	0	1	0	0	0	0	0	0
Matt Moore	QB	8	176	0	2	0	0	0	0	0	0	0	0	0	0	0
Danny Amendola	WR	8	0	0	0	0	0	14	0	2	0	0	0	0	0	0
Matt Ryan	QB	8	254	2	0	17	0	0	0	0	0	2	0	0	0	0
Jonathan Stewart	RB	8	0	0	0	34	1	0	0	0	0	0	0	0	0	0
Joe Flacco	QB	8	101	1	0	9	0	0	0	0	0	0	0	0	0	0
Matt Forte	RB	8	0	0	0	7	0	45	0	6	0	0	0	0	0	0
DeSean Jackson	WR	8	0	0	0	0	0	37	0	3	0	0	0	0	0	0
Jamaal Charles	RB	8	0	0	0	39	0	5	0	1	0	1	0	0	0	0
Matthew Slater	WR	8	0	0	0	0	0	0	0	0	0	0	0	0	0	0
Pierre Garcon	WR	8	0	0	0	0	0	17	0	2	0	0	0	0	0	0
Matthew Stafford	QB	8	423	0	0	11	0	0	0	0	0	0	0	0	0	0
Darrius Heyward-Bey	WR	8	0	0	0	0	0	0	0	0	0	0	0	0	0	0
Michael Crabtree	WR	8	0	0	0	0	0	83	0	5	0	0	0	0	0	0
Jeremy Maclin	WR	8	0	0	0	0	0	53	1	3	0	0	0	0	0	0
LeSean McCoy	RB	8	0	0	0	151	1	22	0	6	0	0	0	0	0	0
Brandon Tate	WR	8	0	0	0	0	0	24	0	1	0	0	0	0	0	0
Jared Cook	TE	8	0	0	0	0	0	57	0	4	0	0	0	0	0	0
Zach Miller	TE	8	0	0	0	0	0	0	0	0	0	0	0	0	0	0
LeGarrette Blount	RB	8	0	0	0	48	1	4	0	1	0	0	0	0	0	0
Rob Gronkowski	TE	8	0	0	0	0	0	57	1	5	0	0	0	0	0	0
Ed Dickson	TE	8	0	0	0	0	0	24	0	4	0	0	0	0	0	0
Brandon LaFell	WR	8	0	0	0	0	0	44	0	4	0	0	0	0	0	0
Andre Roberts	WR	8	0	0	0	0	0	0	0	0	0	0	0	0	0	0
Jimmy Graham	TE	8	0	0	0	0	0	39	2	4	0	0	0	0	0	0
Antonio Brown	WR	8	0	0	0	0	0	70	0	5	0	0	0	0	0	0
Joe Webb	QB	8	0	0	0	0	0	0	0	0	0	0	0	0	0	0
Demaryius Thomas	WR	8	0	0	0	0	0	66	0	5	0	0	0	0	0	0
Golden Tate	WR	8	0	0	0	0	0	86	0	7	0	0	1	0	0	0
Dez Bryant	WR	8	0	0	0	0	0	39	0	4	0	0	0	0	0	0
Cam Newton	QB	8	154	1	1	44	0	0	0	0	0	0	0	0	0	0
A.J. Green	WR	8	0	0	0	0	0	27	1	3	0	0	0	0	0	0
Julio Jones	WR	8	0	0	0	0	0	74	0	3	0	0	0	0	0	0
Mark Ingram	RB	8	0	0	0	75	1	24	0	6	0	2	0	0	0	0
Andy Dalton	QB	8	243	2	0	10	0	0	0	0	0	0	0	0	0	0
Kyle Rudolph	TE	8	0	0	0	0	0	27	1	6	0	0	0	0	0	0
Torrey Smith	WR	8	0	0	0	0	0	0	0	0	0	0	0	0	0	0
Ryan Mallett	QB	8	20	1	0	-3	0	0	0	0	0	0	0	0	0	0
Bilal Powell	RB	8	0	0	0	33	0	28	0	3	0	0	0	0	0	0
Julius Thomas	TE	8	0	0	0	0	0	2	0	2	0	0	0	0	0	0
Jacquizz Rodgers	RB	8	0	0	0	1	0	-5	0	1	0	0	0	0	0	0
Dion Lewis	RB	8	0	0	0	44	0	10	0	2	0	0	0	0	0	0
Jeremy Kerley	WR	8	0	0	0	0	0	7	0	1	0	0	0	0	0	0
Lee Smith	TE	8	0	0	0	0	0	21	0	1	0	0	0	0	0	0
Aldrick Robinson	WR	8	0	0	0	0	0	0	0	0	0	0	0	0	0	0
Tyrod Taylor	QB	8	165	1	0	1	1	0	0	0	0	0	0	0	0	0
Jordan Todman	RB	8	0	0	0	0	0	0	0	0	0	0	0	0	0	0
Virgil Green	TE	8	0	0	0	0	0	16	0	1	0	0	0	0	0	0
Chris Hogan	WR	8	0	0	0	0	0	60	0	5	0	0	0	0	0	0
Andre Holmes	WR	8	0	0	0	0	0	51	1	3	0	0	0	0	0	0
Doug Baldwin	WR	8	0	0	0	0	0	54	0	6	0	0	0	0	0	0
Kamar Aiken	WR	8	0	0	0	0	0	33	0	2	0	0	0	0	0	0
Terrelle Pryor	WR	8	0	0	0	0	0	0	0	0	0	0	0	0	0	0
Garrett Celek	TE	8	0	0	0	0	0	24	0	1	0	0	0	0	0	0
Case Keenum	QB	8	288	2	1	0	0	0	0	0	0	0	0	0	0	0
Cole Beasley	WR	8	0	0	0	0	0	8	0	2	0	0	0	0	0	0
Griff Whalen	WR	8	0	0	0	0	0	0	0	0	0	0	0	0	0	0
Alshon Jeffery	WR	8	0	0	0	0	0	62	1	2	0	0	0	0	0	1
Alfred Morris	RB	8	0	0	0	3	0	0	0	0	0	0	0	0	0	0
Jermaine Kearse	WR	8	0	0	0	0	0	14	0	2	0	0	0	0	0	0
Brandon Bolden	RB	8	0	0	0	0	0	0	0	0	0	0	0	0	0	0
Russell Wilson	QB	8	452	4	1	30	0	0	0	0	0	0	0	0	0	0
Travis Benjamin	WR	8	0	0	0	14	0	64	1	5	0	0	0	0	0	0
Marvin Jones	WR	8	0	0	0	0	0	128	0	6	0	0	0	0	0	0
Josh Bellamy	WR	8	0	0	0	0	0	0	0	0	0	0	0	0	0	0
Bobby Rainey	RB	8	0	0	0	0	0	0	0	0	0	0	0	0	0	0
Deonte Thompson	WR	8	0	0	0	0	0	5	0	1	0	0	0	0	0	0
Jamize Olawale	RB	8	0	0	0	3	1	0	0	0	0	0	0	0	0	0
Nick Foles	QB	8	0	0	0	-2	0	0	0	0	0	0	0	0	0	0
Jarius Wright	WR	8	0	0	0	0	0	0	0	0	0	0	0	0	0	0
Kirk Cousins	QB	8	263	1	1	0	0	0	0	0	1	0	0	0	0	0
T.Y. Hilton	WR	8	0	0	0	0	0	15	0	2	0	0	0	0	0	0
Doug Martin	RB	8	0	0	0	71	0	4	0	1	0	0	0	0	0	0
Lamar Miller	RB	8	0	0	0	54	1	19	1	3	0	0	0	0	0	0
Mohamed Sanu	WR	8	0	0	0	0	0	74	1	6	0	0	0	0	0	0
Michael Floyd	WR	8	0	0	0	0	0	7	0	1	0	0	0	0	0	0
Coby Fleener	TE	8	0	0	0	0	0	-1	0	1	0	0	0	0	0	0
Kendall Wright	WR	8	0	0	0	0	0	23	0	2	0	0	0	0	0	0
Darren Fells	TE	8	0	0	0	0	0	12	0	1	0	0	0	0	0	0
Benny Cunningham	RB	8	0	0	0	0	0	0	0	1	0	0	0	0	0	0
C.J. Anderson	RB	8	0	0	0	78	0	7	0	1	0	0	0	0	0	0
Adam Thielen	WR	8	0	0	0	0	0	98	1	5	0	0	0	0	0	0
Zach Ertz	TE	8	0	0	0	0	0	34	1	4	0	0	0	0	0	0
Marquise Goodwin	WR	8	0	0	0	0	0	0	0	0	0	0	0	0	0	0
Kenny Stills	WR	8	0	0	0	0	0	65	0	5	0	0	0	0	0	0
Luke Willson	TE	8	0	0	0	0	0	0	0	0	0	0	0	0	0	0
Theo Riddick	RB	8	0	0	0	21	0	24	0	2	0	0	0	0	0	0
Ryan Griffin	TE	8	0	0	0	0	0	10	0	1	0	0	0	0	0	0
Russell Shepard	WR	8	0	0	0	0	0	14	0	1	0	0	0	0	0	0
Demetrius Harris	TE	8	0	0	0	0	0	0	0	0	0	0	0	0	0	0
Jack Doyle	TE	8	0	0	0	0	0	121	1	12	0	0	0	0	0	0
Josh Hill	TE	8	0	0	0	0	0	29	0	3	0	0	0	0	0	0
Keenan Allen	WR	8	0	0	0	0	0	61	0	4	0	0	0	0	0	0
Rex Burkhead	RB	8	0	0	0	15	0	68	0	7	0	0	0	0	0	0
Chris Thompson	RB	8	0	0	0	18	0	76	0	8	0	0	0	0	0	0
Dion Sims	TE	8	0	0	0	0	0	15	0	3	0	0	0	0	0	0
Mike Gillislee	RB	8	0	0	0	34	0	0	0	0	0	0	0	0	0	0
Levine Toilolo	TE	8	0	0	0	0	0	20	0	2	0	0	0	0	0	0
Giovani Bernard	RB	8	0	0	0	5	0	0	0	0	0	0	0	0	0	0
Kenjon Barner	RB	8	0	0	0	0	0	11	0	2	0	0	0	0	0	0
Jordan Reed	TE	8	0	0	0	0	0	5	0	1	0	0	0	0	0	0
Eddie Lacy	RB	8	0	0	0	0	0	0	0	0	0	0	0	0	0	0
Le'Veon Bell	RB	8	0	0	0	76	1	5	0	2	0	1	0	0	0	0
Travis Kelce	TE	8	0	0	0	0	0	133	1	7	0	0	0	0	0	0
Latavius Murray	RB	8	0	0	0	39	0	8	0	1	0	0	0	0	0	0
Brice Butler	WR	8	0	0	0	0	0	0	0	0	0	0	0	0	0	0
Justin Hunter	WR	8	0	0	0	0	0	7	0	1	0	0	0	0	0	0
Terrance Williams	WR	8	0	0	0	0	0	36	0	2	0	0	0	0	0	0
DeAndre Hopkins	WR	8	0	0	0	0	0	224	1	8	0	0	0	0	0	0
Cordarrelle Patterson	RB	8	0	0	0	0	0	7	0	3	0	0	0	0	0	0
Isaiah Crowell	RB	8	0	0	0	64	1	54	0	4	0	1	0	0	0	0
Charcandrick West	RB	8	0	0	0	0	0	4	0	1	0	0	0	0	0	0
Albert Wilson	WR	8	0	0	0	0	0	0	0	0	0	0	0	0	0	0
Bennie Fowler	WR	8	0	0	0	0	0	35	0	2	0	0	0	0	0	0
Trey Burton	TE	8	0	0	0	0	0	21	0	2	0	0	0	0	0	0
Bernard Reedy	WR	8	0	0	0	0	0	0	0	0	0	0	0	0	0	0
Brandon Coleman	WR	8	0	0	0	0	0	54	0	1	0	0	0	0	0	0
Damien Williams	RB	8	0	0	0	0	0	-1	0	1	0	0	0	0	0	0
Carlos Hyde	RB	8	0	0	0	25	0	22	0	4	0	0	0	0	0	0
De'Anthony Thomas	WR	8	0	0	0	0	0	0	0	0	0	0	0	0	0	0
James White	RB	8	0	0	0	2	0	85	0	5	0	0	0	0	0	0
Ryan Grant	WR	8	0	0	0	0	0	38	0	5	0	0	0	0	0	0
Alfred Blue	RB	8	0	0	0	21	0	0	0	0	0	0	0	0	0	0
T.J. Jones	WR	8	0	0	0	0	0	88	0	4	0	0	0	0	0	0
Taylor Gabriel	WR	8	0	0	0	0	0	-3	0	1	0	0	0	0	0	0
Brandin Cooks	WR	8	0	0	0	0	0	26	0	5	0	0	0	0	0	0
Paul Richardson	WR	8	0	0	0	0	0	105	2	6	0	0	0	0	0	0
Logan Thomas	TE	8	0	0	0	0	0	7	0	1	0	0	0	0	0	0
Cameron Brate	TE	8	0	0	0	0	0	64	0	4	0	0	0	0	0	0
Branden Oliver	RB	8	0	0	0	3	0	0	0	0	0	0	0	0	0	0
Derek Carr	QB	8	313	1	2	0	0	0	0	0	0	0	0	0	0	0
Devonta Freeman	RB	8	0	0	0	41	0	20	0	1	0	0	0	0	0	0
Jordan Matthews	TE	8	0	0	0	0	0	21	0	3	0	0	0	0	0	0
Jeremy Hill	RB	8	0	0	0	11	0	0	0	0	0	0	0	0	0	0
Bruce Ellington	WR	8	0	0	0	0	0	13	0	1	0	0	0	0	0	0
Donte Moncrief	WR	8	0	0	0	0	0	0	0	0	0	0	0	0	0	0
Cody Latimer	WR	8	0	0	0	0	0	15	0	2	0	0	0	0	0	0
Kelvin Benjamin	WR	8	0	0	0	0	0	39	1	3	0	0	0	0	0	0
Jerick McKinnon	RB	8	0	0	0	50	1	72	0	6	0	0	0	0	1	0
Jarvis Landry	WR	8	0	0	0	0	0	33	0	5	0	0	0	0	0	0
Eric Ebron	TE	8	0	0	0	0	0	58	0	2	0	0	0	0	0	0
Mike Evans	WR	8	0	0	0	0	0	60	0	5	0	0	0	0	0	0
Austin Seferian-Jenkins	TE	8	0	0	0	0	0	28	0	5	0	0	0	0	0	0
Jameis Winston	QB	8	210	0	2	13	0	0	0	0	1	0	0	0	0	0
Quan Bray	WR	8	0	0	0	0	0	0	0	0	0	0	0	0	0	0
Amari Cooper	WR	8	0	0	0	4	0	48	0	5	0	0	0	0	0	0
Nelson Agholor	WR	8	0	0	0	0	0	26	0	3	0	0	0	0	0	0
Javorius Allen	RB	8	0	0	0	55	0	2	0	1	0	0	0	0	0	0
Stefon Diggs	WR	8	0	0	0	-1	0	27	0	4	0	0	0	0	0	0
Jay Ajayi	RB	8	0	0	0	23	0	18	0	4	0	0	0	0	0	0
Nick Boyle	TE	8	0	0	0	0	0	29	0	4	0	0	0	0	0	0
Cameron Artis-Payne	RB	8	0	0	0	8	0	2	0	1	0	0	0	0	0	0
A.J. Derby	TE	8	0	0	0	0	0	21	1	2	0	0	0	0	0	0
Eric Tomlinson	TE	8	0	0	0	0	0	20	1	1	0	0	0	0	0	0
Jordan Taylor	WR	8	0	0	0	0	0	8	0	1	0	0	0	0	0	0
Akeem Hunt	RB	8	0	0	0	0	0	0	0	0	0	0	0	0	0	0
Eli Rogers	WR	8	0	0	0	0	0	0	0	0	0	0	0	0	0	0
Thomas Rawls	RB	8	0	0	0	-1	0	0	0	0	0	0	0	0	0	0
Jamison Crowder	WR	8	0	0	0	12	0	123	0	9	0	0	0	0	0	0
Adam Humphries	WR	8	0	0	0	0	0	26	0	4	0	0	0	0	0	0
Breshad Perriman	WR	8	0	0	0	0	0	0	0	0	0	0	0	0	0	0
Devin Funchess	WR	8	0	0	0	0	0	11	0	2	0	0	0	0	0	0
Tevin Coleman	RB	8	0	0	0	82	0	22	0	1	0	0	0	0	0	0
Daniel Brown	TE	8	0	0	0	0	0	9	0	1	0	0	0	0	0	0
Ameer Abdullah	RB	8	0	0	0	27	0	11	0	3	0	0	0	0	0	0
Kaelin Clay	WR	8	0	0	0	0	0	0	0	0	0	0	0	0	0	0
Nick O'Leary	TE	8	0	0	0	0	0	5	0	1	0	0	0	0	0	0
Tre McBride	WR	8	0	0	0	0	0	92	0	3	0	0	0	0	0	0
C.J. Uzomah	TE	8	0	0	0	0	0	0	0	0	0	0	0	0	0	0
Jesse James	TE	8	0	0	0	0	0	42	0	2	0	0	0	0	0	0
Geoff Swaim	TE	8	0	0	0	0	0	18	0	1	0	0	0	0	0	0
Melvin Gordon	RB	8	0	0	0	132	1	7	0	1	0	0	0	0	0	0
Trevor Siemian	QB	8	198	1	3	20	0	0	0	0	0	0	0	0	0	0
Tyrell Williams	WR	8	0	0	0	0	0	24	0	1	0	0	0	0	0	0
Sammie Coates	WR	8	0	0	0	0	0	13	0	2	0	0	0	0	0	0
Vince Mayle	TE	8	0	0	0	0	0	0	0	0	0	0	0	0	0	0
Tyler Lockett	WR	8	0	0	0	-2	0	121	0	6	0	0	0	0	0	0
Tyler Kroft	TE	8	0	0	0	0	0	46	0	5	0	0	0	0	0	0
Jeff Heuerman	TE	8	0	0	0	0	0	11	0	1	0	0	0	0	0	0
Duke Johnson	RB	8	0	0	0	33	0	10	0	4	0	0	0	0	0	0
Ross Travis	TE	8	0	0	0	0	0	0	0	0	0	0	0	0	0	0
Chester Rogers	WR	8	0	0	0	0	0	9	0	2	0	0	0	0	0	0
Rob Kelley	RB	8	0	0	0	19	1	0	0	0	0	0	0	0	0	0
Austin Hooper	TE	8	0	0	0	0	0	47	1	4	0	0	0	0	0	0
Nick Vannett	TE	8	0	0	0	0	0	8	0	1	0	0	0	0	0	0
Chris Moore	WR	8	0	0	0	0	0	0	0	0	0	0	0	0	0	0
Alex Collins	RB	8	0	0	0	113	0	30	0	2	0	0	0	0	0	0
David Morgan	TE	8	0	0	0	0	0	28	0	3	0	0	0	0	0	0
Dwayne Washington	RB	8	0	0	0	12	0	4	0	1	0	0	0	0	0	0
Tanner McEvoy	WR	8	0	0	0	0	0	53	0	1	0	0	0	0	0	0
Alex Erickson	WR	8	0	0	0	14	0	0	0	0	0	0	0	0	0	0
J.D. McKissic	RB	8	0	0	0	6	0	6	0	1	0	0	0	0	0	0
Robbie Chosen	WR	8	0	0	0	1	0	104	1	6	0	0	0	0	0	0
Bryce Treggs	WR	8	0	0	0	0	0	12	0	1	0	0	0	0	0	0
Stephen Anderson	TE	8	0	0	0	0	0	11	0	1	0	0	0	0	0	0
Peyton Barber	RB	8	0	0	0	0	0	0	0	0	0	0	0	0	0	0
Josh Doctson	WR	8	0	0	0	0	0	1	1	1	0	0	0	0	0	0
Michael Thomas	WR	8	0	0	0	0	0	77	0	7	0	0	0	0	0	0
Demarcus Robinson	WR	8	0	0	0	0	0	5	0	1	0	0	0	0	0	0
Jordan Howard	RB	8	0	0	0	102	0	19	0	3	0	0	0	0	0	0
Wendell Smallwood	RB	8	0	0	0	5	0	9	0	1	0	0	0	0	0	0
Jakeem Grant	WR	8	0	0	0	0	0	0	0	0	0	0	0	0	0	0
Danny Vitale	RB	8	0	0	0	0	0	0	0	0	0	0	0	0	0	0
Tommylee Lewis	WR	8	0	0	0	0	0	0	0	0	0	0	0	0	0	0
Johnny Holton	WR	8	0	0	0	0	0	0	0	0	0	0	0	0	0	0
DeAndre Washington	RB	8	0	0	0	26	0	62	1	8	0	0	1	0	0	0
Carson Wentz	QB	8	211	2	1	7	0	0	0	0	0	0	0	1	0	0
Laquon Treadwell	WR	8	0	0	0	0	0	21	0	1	0	0	0	0	0	0
Devontae Booker	RB	8	0	0	0	40	1	14	0	3	0	0	0	0	0	0
Rashard Higgins	WR	8	0	0	0	0	0	14	0	1	0	0	0	0	0	0
Jalen Richard	RB	8	0	0	0	21	0	35	0	5	0	0	0	0	0	0
Tyreek Hill	WR	8	0	0	1	0	0	38	0	2	0	0	0	0	0	0
Ezekiel Elliott	RB	8	0	0	0	150	2	4	0	1	0	1	0	0	0	0
Leonte Carroo	WR	8	0	0	0	0	0	48	0	6	0	0	0	0	0	0
Dak Prescott	QB	8	143	0	0	16	0	0	0	0	0	0	0	0	0	0
Ricardo Louis	WR	8	0	0	0	0	0	42	0	2	0	0	0	0	0	0
Seth DeValve	TE	8	0	0	0	0	0	0	0	1	0	0	0	0	0	0
Hunter Henry	TE	8	0	0	0	0	0	11	0	2	0	0	0	0	0	0
Kenyan Drake	RB	8	0	0	0	22	0	0	0	0	0	0	0	0	0	0
Jacoby Brissett	QB	8	233	2	1	6	0	0	0	0	0	0	0	0	0	0
Will Fuller	WR	8	0	0	0	0	0	125	2	5	0	0	0	0	0	0
Christian McCaffrey	RB	8	0	0	0	3	0	49	0	5	0	0	0	0	0	0
Curtis Samuel	WR	8	0	0	0	11	0	15	0	2	0	0	0	0	0	0
George Kittle	TE	8	0	0	0	0	0	22	0	2	0	0	0	0	0	0
Trent Taylor	WR	8	0	0	0	0	0	33	0	3	0	0	0	0	0	0
Elijah McGuire	RB	8	0	0	0	2	0	0	0	0	0	0	0	0	0	0
Kendrick Bourne	WR	8	0	0	0	0	0	0	0	0	0	0	0	0	0	0
Matt Breida	RB	8	0	0	0	17	0	39	1	4	0	0	0	0	0	0
Cole Hikutini	TE	8	0	0	0	0	0	10	0	1	0	0	0	0	0	0
Patrick Ricard	RB	8	0	0	0	0	0	1	0	1	0	0	0	0	0	0
Jacob Hollister	TE	8	0	0	0	0	0	13	0	1	0	0	0	0	0	0
John Ross	WR	8	0	0	0	0	0	0	0	0	0	0	0	0	0	0
Jehu Chesson	WR	8	0	0	0	0	0	0	0	0	0	0	0	0	0	0
Isaiah McKenzie	WR	8	0	0	0	0	0	0	0	0	0	0	0	0	0	0
Mike Williams	WR	8	0	0	0	0	0	7	0	1	0	0	0	0	0	0
Deshaun Watson	QB	8	402	4	3	67	0	0	0	0	0	0	0	0	0	0
James Conner	RB	8	0	0	0	1	0	0	0	0	0	0	0	0	0	0
Mack Hollins	WR	8	0	0	0	0	0	30	0	2	0	0	0	0	0	0
Tarik Cohen	RB	8	0	0	0	2	1	6	0	1	0	0	0	0	0	0
Michael Roberts	TE	8	0	0	0	0	0	0	0	0	0	0	0	0	0	0
Ryan Switzer	WR	8	0	0	0	0	0	7	0	1	0	0	0	0	0	0
Jamal Agnew	WR	8	0	0	0	0	0	12	0	1	0	0	0	0	0	0
Matt Dayes	RB	8	0	0	0	0	0	15	0	1	0	0	0	0	0	0
Tanner Gentry	WR	8	0	0	0	0	0	0	0	0	0	0	0	0	0	0
Austin Ekeler	RB	8	0	0	0	8	0	13	0	1	0	0	0	0	0	0
Corey Clement	RB	8	0	0	0	54	0	0	0	0	0	0	0	0	0	0
Chad Hansen	WR	8	0	0	0	0	0	0	0	0	0	0	0	0	0	0
Chris Thompson	WR	8	0	0	0	0	0	0	0	0	0	0	0	0	0	0
JuJu Smith-Schuster	WR	8	0	0	0	0	0	193	1	7	0	0	0	0	0	0
Josh Malone	WR	8	0	0	0	0	0	35	1	2	0	0	0	0	0	0
Mitchell Trubisky	QB	8	164	0	1	53	0	0	0	0	0	0	0	0	0	0
O.J. Howard	TE	8	0	0	0	0	0	16	0	2	0	0	0	0	0	0
David Njoku	TE	8	0	0	0	0	0	19	0	2	0	0	0	0	0	0
Zay Jones	WR	8	0	0	0	0	0	32	0	3	0	0	0	0	0	0
Adam Shaheen	TE	8	0	0	0	0	0	0	0	0	0	0	0	0	0	0
Joe Mixon	RB	8	0	0	0	18	0	91	0	3	0	0	1	0	0	0
DeShone Kizer	QB	8	179	0	0	18	1	0	0	0	0	0	0	0	0	0
Alvin Kamara	RB	8	0	0	0	28	1	48	0	3	0	0	0	0	0	0
Chris Godwin Jr.	WR	8	0	0	0	0	0	8	0	1	0	0	0	0	0	0
Kareem Hunt	RB	8	0	0	0	46	0	22	0	3	0	0	0	0	0	0
C.J. Beathard	QB	8	167	1	2	40	0	0	0	0	0	0	0	0	0	0
Marlon Mack	RB	8	0	0	0	27	0	36	1	3	0	0	0	0	0	0
Stacy Coley	WR	8	0	0	0	0	0	0	0	0	0	0	0	0	0	0
Drew Brees	QB	9	263	2	0	2	0	0	0	0	0	0	0	0	0	0
Josh McCown	QB	9	140	1	0	13	1	0	0	0	0	0	0	0	0	0
Jason Witten	TE	9	0	0	0	0	0	5	0	1	0	0	0	0	0	0
Eli Manning	QB	9	220	2	1	0	0	0	0	0	1	0	0	0	0	0
Larry Fitzgerald	WR	9	0	0	0	0	0	70	0	5	0	0	0	0	0	0
Benjamin Watson	TE	9	0	0	0	0	0	41	0	7	0	0	0	0	0	0
Alex Smith	QB	9	263	2	1	19	0	0	0	0	0	0	0	0	0	0
Frank Gore	RB	9	0	0	0	51	0	26	0	3	0	0	0	0	0	0
Ryan Fitzpatrick	QB	9	68	1	0	30	0	0	0	0	0	0	0	0	0	0
Vernon Davis	TE	9	0	0	0	0	0	72	0	6	0	0	0	0	0	0
Jay Cutler	QB	9	311	3	0	0	0	0	0	0	0	0	0	0	0	0
Marcedes Lewis	TE	9	0	0	0	0	0	49	0	3	0	0	0	0	0	0
Anthony Fasano	TE	9	0	0	0	0	0	9	0	2	0	0	0	0	0	0
Delanie Walker	TE	9	0	0	0	0	0	71	0	5	0	0	0	0	0	0
Adrian Peterson	RB	9	0	0	0	159	0	8	0	2	0	1	0	0	0	0
Ted Ginn	WR	9	0	0	0	0	0	59	1	4	0	0	0	0	0	0
Marshawn Lynch	RB	9	0	0	0	57	2	6	0	2	0	0	0	0	0	0
Drew Stanton	QB	9	201	2	1	2	0	0	0	0	0	0	0	0	0	0
Brent Celek	TE	9	0	0	0	0	0	39	0	3	0	0	0	0	0	0
Matt Ryan	QB	9	313	2	1	-1	0	0	0	0	0	0	0	0	0	0
Jonathan Stewart	RB	9	0	0	0	21	0	0	0	0	0	2	0	0	0	0
Joe Flacco	QB	9	261	2	2	7	0	0	0	0	0	0	0	0	0	0
Jordy Nelson	WR	9	0	0	0	0	0	35	0	4	0	0	0	0	0	0
Matt Forte	RB	9	0	0	0	77	2	19	0	4	0	0	0	0	0	0
DeSean Jackson	WR	9	0	0	0	8	0	25	0	2	0	0	0	0	0	0
Jamaal Charles	RB	9	0	0	0	1	0	23	0	4	0	0	0	0	0	0
Matthew Stafford	QB	9	361	2	0	0	0	0	0	0	0	0	0	0	0	0
Mike Wallace	WR	9	0	0	0	0	0	19	1	4	0	0	0	0	0	0
Michael Crabtree	WR	9	0	0	0	0	0	40	0	3	0	0	0	0	0	0
Jeremy Maclin	WR	9	0	0	0	0	0	98	0	8	0	0	0	0	0	0
LeSean McCoy	RB	9	0	0	0	25	0	0	0	0	0	0	0	0	0	0
Jared Cook	TE	9	0	0	0	0	0	126	0	8	0	0	0	0	0	0
LeGarrette Blount	RB	9	0	0	0	37	0	0	0	0	0	0	0	0	0	0
Chris Ivory	RB	9	0	0	0	70	0	34	0	3	0	0	0	0	0	0
Arrelious Benn	WR	9	0	0	0	0	0	0	0	0	0	0	0	0	0	0
Ed Dickson	TE	9	0	0	0	0	0	0	0	0	0	0	0	0	0	0
Brandon LaFell	WR	9	0	0	0	0	0	28	0	2	0	0	0	0	0	0
Emmanuel Sanders	WR	9	0	0	0	0	0	30	0	1	0	0	0	0	0	0
Eric Decker	WR	9	0	0	0	0	0	21	1	3	0	0	0	0	0	0
Andre Roberts	WR	9	0	0	0	0	0	0	0	0	0	0	0	0	0	0
Jimmy Graham	TE	9	0	0	0	0	0	59	0	5	0	0	0	0	0	0
Joe Webb	QB	9	0	0	0	0	0	0	0	0	0	0	0	0	0	0
Jermaine Gresham	TE	9	0	0	0	0	0	23	1	2	0	0	0	0	0	0
Demaryius Thomas	WR	9	0	0	0	0	0	70	1	8	0	0	0	0	0	0
Golden Tate	WR	9	0	0	0	0	0	113	0	7	0	0	0	0	0	0
Dez Bryant	WR	9	0	0	0	0	0	73	0	6	0	0	0	0	0	0
Cam Newton	QB	9	137	0	0	86	1	0	0	0	0	0	0	0	0	0
A.J. Green	WR	9	0	0	0	0	0	6	0	1	0	0	0	0	0	0
Julio Jones	WR	9	0	0	0	0	0	118	0	6	0	0	0	0	0	0
Mark Ingram	RB	9	0	0	0	77	0	2	0	1	0	0	0	0	0	0
Andy Dalton	QB	9	136	0	0	-1	0	0	0	0	0	0	0	0	0	0
Lance Kendricks	TE	9	0	0	0	0	0	32	0	2	0	0	0	0	0	0
Shane Vereen	RB	9	0	0	0	0	0	14	0	3	0	0	0	0	0	0
Torrey Smith	WR	9	0	0	0	0	0	11	0	1	0	0	0	0	0	0
Randall Cobb	WR	9	0	0	0	1	0	58	0	5	0	0	0	0	0	0
DeMarco Murray	RB	9	0	0	0	19	0	22	0	2	0	0	0	0	0	0
Luke Stocker	TE	9	0	0	0	0	0	13	1	2	0	0	0	0	0	0
Taiwan Jones	RB	9	0	0	0	0	0	0	0	0	0	0	0	0	0	0
Bilal Powell	RB	9	0	0	0	74	0	0	0	0	0	0	0	0	0	0
Julius Thomas	TE	9	0	0	0	0	0	84	1	6	0	0	0	0	0	0
Jacquizz Rodgers	RB	9	0	0	0	0	0	0	0	0	0	0	0	0	0	0
Jeremy Kerley	WR	9	0	0	0	0	0	0	0	0	0	0	0	0	0	0
Lee Smith	TE	9	0	0	0	0	0	0	0	0	0	0	0	0	0	0
Aldrick Robinson	WR	9	0	0	0	0	0	18	0	2	0	0	0	0	0	0
Tyrod Taylor	QB	9	285	2	0	35	1	0	0	0	1	0	0	0	0	0
Andre Holmes	WR	9	0	0	0	0	0	16	0	1	0	0	0	0	0	0
Doug Baldwin	WR	9	0	0	0	0	0	108	1	7	0	0	0	0	0	0
Kamar Aiken	WR	9	0	0	0	0	0	0	0	0	0	0	0	0	0	0
Patrick DiMarco	RB	9	0	0	0	0	0	0	0	0	0	0	0	0	0	0
Terrelle Pryor	WR	9	0	0	0	0	0	17	0	2	0	0	0	0	0	0
Garrett Celek	TE	9	0	0	0	0	0	13	0	1	0	0	0	0	0	0
Cole Beasley	WR	9	0	0	0	0	0	24	2	4	0	0	0	0	0	0
Derek Carrier	TE	9	0	0	0	0	0	5	0	1	0	0	0	0	0	0
Alshon Jeffery	WR	9	0	0	0	0	0	84	2	6	0	0	0	0	0	0
Alfred Morris	RB	9	0	0	0	11	0	0	0	0	0	0	0	0	0	0
Jermaine Kearse	WR	9	0	0	0	0	0	38	0	2	0	0	0	0	0	0
Russell Wilson	QB	9	297	2	2	77	0	0	0	0	0	0	0	0	0	0
Marvin Jones	WR	9	0	0	0	0	0	107	2	7	0	0	0	0	0	0
Bobby Rainey	RB	9	0	0	0	2	0	-1	0	1	0	0	0	0	0	0
Deonte Thompson	WR	9	0	0	0	0	0	81	1	7	0	0	0	0	0	0
Nick Foles	QB	9	35	0	0	-1	0	0	0	0	1	0	0	0	0	0
Rishard Matthews	WR	9	0	0	0	0	0	70	1	4	0	0	0	0	0	0
Rhett Ellison	TE	9	0	0	0	0	0	21	0	2	0	0	0	0	0	0
Kirk Cousins	QB	9	247	0	0	4	0	0	0	0	0	1	0	0	0	0
T.Y. Hilton	WR	9	0	0	0	0	0	175	2	5	0	0	0	0	0	0
Doug Martin	RB	9	0	0	0	7	0	0	0	0	0	0	0	0	0	0
Lamar Miller	RB	9	0	0	0	57	0	34	0	3	0	0	0	0	0	0
Mohamed Sanu	WR	9	0	0	0	0	0	23	1	3	0	0	0	0	0	0
James Hanna	TE	9	0	0	0	0	0	0	0	0	0	0	0	0	0	0
Brian Quick	WR	9	0	0	0	0	0	49	0	3	0	0	0	0	0	0
Brock Osweiler	QB	9	208	1	2	0	0	0	0	0	0	0	0	0	0	0
Coby Fleener	TE	9	0	0	0	0	0	46	0	2	0	0	0	0	0	0
Darren Fells	TE	9	0	0	0	0	0	10	0	1	0	0	0	0	0	0
Ifeanyi Momah	TE	9	0	0	0	0	0	0	0	0	0	0	0	0	0	0
Brandon Williams	TE	9	0	0	0	0	0	20	0	2	0	0	0	0	0	0
C.J. Anderson	RB	9	0	0	0	13	0	0	0	0	0	0	0	0	0	0
MarQueis Gray	TE	9	0	0	0	3	0	0	0	0	0	0	0	0	0	0
Marquise Goodwin	WR	9	0	0	0	0	0	68	0	2	0	0	0	0	0	0
Kenny Stills	WR	9	0	0	0	0	0	28	0	3	0	0	0	0	0	0
Luke Willson	TE	9	0	0	0	0	0	10	1	1	0	0	0	0	0	0
Tavarres King	WR	9	0	0	0	0	0	33	1	3	0	0	0	0	0	0
Theo Riddick	RB	9	0	0	0	11	0	62	0	4	0	0	0	0	0	0
Kerwynn Williams	RB	9	0	0	0	6	0	0	0	0	0	0	0	0	0	0
Russell Shepard	WR	9	0	0	0	11	0	0	0	0	0	0	0	0	0	0
Demetrius Harris	TE	9	0	0	0	0	0	0	0	0	0	0	0	0	0	0
Jack Doyle	TE	9	0	0	0	0	0	63	0	8	0	0	0	0	0	0
Andre Ellington	RB	9	0	0	0	0	0	14	0	2	0	0	0	0	0	0
Jaron Brown	WR	9	0	0	0	0	0	3	1	1	0	0	0	0	0	0
Chris Thompson	RB	9	0	0	0	20	0	11	0	4	0	0	0	0	0	0
Robert Woods	WR	9	0	0	0	0	0	70	2	4	0	0	0	0	0	0
Levine Toilolo	TE	9	0	0	0	0	0	8	0	1	0	0	0	0	0	0
Giovani Bernard	RB	9	0	0	0	-1	0	-5	0	1	0	0	0	0	0	0
Kenjon Barner	RB	9	0	0	0	0	0	0	0	0	0	0	0	0	0	0
Eddie Lacy	RB	9	0	0	0	20	0	14	0	1	0	0	0	0	0	0
Travis Kelce	TE	9	0	0	0	0	0	73	1	7	0	0	0	0	0	0
Brice Butler	WR	9	0	0	0	0	0	6	0	1	0	0	0	0	0	0
Tavon Austin	WR	9	0	0	0	34	0	9	0	0	0	0	0	0	0	0
Terrance Williams	WR	9	0	0	0	0	0	141	0	9	0	0	0	0	0	0
DeAndre Hopkins	WR	9	0	0	0	0	0	86	1	6	0	0	0	0	0	0
Geno Smith	QB	9	0	0	0	-1	0	0	0	0	0	0	0	0	0	0
Cordarrelle Patterson	RB	9	0	0	0	0	0	0	0	0	0	0	0	0	0	0
Willie Snead	WR	9	0	0	0	0	0	0	0	0	0	0	0	0	0	0
Charcandrick West	RB	9	0	0	0	3	0	30	0	5	0	0	0	0	0	0
Bennie Fowler	WR	9	0	0	0	0	0	0	0	0	0	0	0	0	0	0
Trey Burton	TE	9	0	0	0	0	0	41	1	2	0	0	0	0	0	0
David Fluellen	RB	9	0	0	0	0	0	0	0	0	0	0	0	0	0	0
Bernard Reedy	WR	9	0	0	0	0	0	15	0	1	0	0	0	0	0	0
Brandon Coleman	WR	9	0	0	0	0	0	7	0	1	0	0	0	0	0	0
Allen Hurns	WR	9	0	0	0	0	0	31	0	3	0	0	0	0	0	0
Orleans Darkwa	RB	9	0	0	0	71	0	8	0	2	0	0	0	0	0	0
Damien Williams	RB	9	0	0	0	14	0	47	1	6	0	0	0	0	0	0
Troy Niklas	TE	9	0	0	0	0	0	16	0	1	0	0	0	0	0	0
Carlos Hyde	RB	9	0	0	0	41	0	84	0	9	0	0	0	0	0	0
John Brown	WR	9	0	0	0	0	0	52	0	1	0	0	0	0	0	0
De'Anthony Thomas	WR	9	0	0	0	0	0	41	0	3	0	0	0	0	0	0
Tom Savage	QB	9	219	1	0	0	0	0	0	0	1	0	0	0	0	0
Ryan Grant	WR	9	0	0	0	0	0	39	0	3	0	0	0	0	0	0
Seth Roberts	WR	9	0	0	0	0	0	28	0	2	0	0	0	0	0	0
T.J. Jones	WR	9	0	0	0	0	0	29	0	2	0	0	0	0	0	0
Senorise Perry	RB	9	0	0	0	0	0	0	0	0	0	0	0	0	0	0
Taylor Gabriel	WR	9	0	0	0	3	0	56	0	3	0	0	0	0	0	0
Paul Richardson	WR	9	0	0	0	0	0	41	0	3	0	0	0	0	0	0
Logan Thomas	TE	9	0	0	0	0	0	25	0	2	0	0	0	0	0	0
Cameron Brate	TE	9	0	0	0	0	0	9	0	1	0	0	0	0	0	0
Derek Carr	QB	9	300	1	1	-3	0	0	0	0	0	0	0	0	0	0
Devonta Freeman	RB	9	0	0	0	46	0	18	0	4	0	0	0	0	0	0
Jordan Matthews	TE	9	0	0	0	0	0	46	0	6	0	0	1	0	0	0
Sammy Watkins	WR	9	0	0	0	0	0	67	1	1	0	0	0	0	0	0
Bruce Ellington	WR	9	0	0	0	0	0	22	0	3	0	0	0	0	0	0
Donte Moncrief	WR	9	0	0	0	0	0	7	0	1	0	0	0	0	0	0
Cody Latimer	WR	9	0	0	0	0	0	51	0	2	0	0	0	0	0	0
Davante Adams	WR	9	0	0	0	0	0	53	0	7	0	0	0	0	0	0
Jarvis Landry	WR	9	0	0	0	0	0	32	1	6	0	0	0	0	0	0
Richard Rodgers	TE	9	0	0	0	0	0	5	0	1	0	0	0	0	0	0
Eric Ebron	TE	9	0	0	0	0	0	35	0	3	0	0	0	0	0	0
Charles Sims	RB	9	0	0	0	0	0	11	0	2	0	0	0	0	0	0
Blake Bortles	QB	9	259	1	0	20	0	0	0	0	0	0	0	0	0	0
Mike Evans	WR	9	0	0	0	0	0	13	0	1	0	0	0	0	0	0
Austin Seferian-Jenkins	TE	9	0	0	0	0	0	20	0	2	0	0	0	0	0	0
Marqise Lee	WR	9	0	0	0	0	0	75	1	8	0	0	0	0	0	0
Jameis Winston	QB	9	67	0	0	8	0	0	0	0	0	0	0	0	0	0
Quan Bray	WR	9	0	0	0	0	0	0	0	0	0	0	0	0	0	0
Amari Cooper	WR	9	0	0	0	0	0	58	0	4	0	0	0	0	0	0
DeVante Parker	WR	9	0	0	0	0	0	76	0	5	0	0	0	0	0	0
Nelson Agholor	WR	9	0	0	0	0	0	36	0	2	0	0	0	0	0	0
Maxx Williams	TE	9	0	0	0	0	0	29	0	3	0	0	0	0	0	0
Justin Hardy	WR	9	0	0	0	0	0	26	0	2	0	0	0	0	0	0
Javorius Allen	RB	9	0	0	0	21	0	44	1	7	0	0	0	0	0	0
Brett Hundley	QB	9	245	0	0	22	1	0	0	0	0	0	0	0	0	0
Jay Ajayi	RB	9	0	0	0	77	1	0	0	0	0	0	0	0	0	0
Cameron Artis-Payne	RB	9	0	0	0	3	0	0	0	0	0	0	0	0	0	0
A.J. Derby	TE	9	0	0	0	0	0	11	0	1	0	0	0	0	0	0
Terron Ward	RB	9	0	0	0	0	0	0	0	0	0	0	0	0	0	0
Raheem Mostert	RB	9	0	0	0	0	0	0	0	0	0	0	0	0	0	0
Eric Tomlinson	TE	9	0	0	0	0	0	6	0	1	0	0	0	0	0	0
Corey Grant	RB	9	0	0	0	18	0	0	0	0	0	0	0	0	0	0
Akeem Hunt	RB	9	0	0	0	0	0	0	0	0	0	0	0	0	0	0
Malcolm Brown	RB	9	0	0	0	57	0	0	0	0	0	0	0	0	0	0
Thomas Rawls	RB	9	0	0	0	39	0	31	0	2	0	0	0	0	0	0
Rod Smith	RB	9	0	0	0	0	0	0	0	0	0	0	0	0	0	0
James O'Shaughnessy	TE	9	0	0	0	0	0	6	0	1	0	0	0	0	0	0
Adam Humphries	WR	9	0	0	0	0	0	14	0	2	0	0	0	0	0	0
Breshad Perriman	WR	9	0	0	0	0	0	28	0	3	0	0	0	0	0	0
Devin Funchess	WR	9	0	0	0	0	0	86	0	5	0	0	0	0	0	0
Tevin Coleman	RB	9	0	0	0	5	0	19	1	1	0	0	0	0	0	0
Ameer Abdullah	RB	9	0	0	0	48	1	9	0	1	0	1	0	0	0	0
J.J. Nelson	WR	9	0	0	0	0	0	15	0	1	0	0	0	0	0	0
Kaelin Clay	WR	9	0	0	0	0	0	0	0	0	0	0	0	0	0	0
Nick O'Leary	TE	9	0	0	0	0	0	51	0	4	0	0	1	0	0	0
C.J. Uzomah	TE	9	0	0	0	0	0	0	0	0	0	0	0	0	0	0
Ty Montgomery	WR	9	0	0	0	33	0	18	0	1	0	0	0	0	0	0
T.J. Yeldon	RB	9	0	0	0	41	0	11	0	2	0	1	0	0	0	0
Tyler Lockett	WR	9	0	0	0	0	0	10	0	2	0	0	0	0	0	0
Tyler Kroft	TE	9	0	0	0	0	0	79	0	2	0	0	0	0	0	0
Jeff Heuerman	TE	9	0	0	0	0	0	0	0	0	0	0	0	0	0	0
Todd Gurley	RB	9	0	0	0	59	2	45	0	2	0	0	0	0	0	0
Sean Mannion	QB	9	0	0	0	-1	0	0	0	0	0	0	0	0	0	0
Marcus Mariota	QB	9	218	2	1	6	0	0	0	0	0	0	0	0	0	0
Ross Travis	TE	9	0	0	0	0	0	3	0	1	0	0	0	0	0	0
Chester Rogers	WR	9	0	0	0	0	0	17	0	1	0	0	0	0	0	0
Rob Kelley	RB	9	0	0	0	18	2	0	0	0	0	0	0	0	0	0
Sterling Shepard	WR	9	0	0	0	0	0	70	0	5	0	0	0	0	0	0
Austin Hooper	TE	9	0	0	0	0	0	36	0	3	0	0	0	0	0	0
Chris Moore	WR	9	0	0	0	0	0	16	0	1	0	0	0	0	0	0
Trevor Davis	WR	9	0	0	0	9	0	5	0	1	0	0	0	0	0	0
Alex Collins	RB	9	0	0	0	43	0	3	0	1	0	0	0	0	0	0
Dwayne Washington	RB	9	0	0	0	1	0	0	0	0	0	0	0	0	0	0
Tanner McEvoy	WR	9	0	0	0	0	0	10	0	1	0	0	0	0	0	0
Alex Erickson	WR	9	0	0	0	0	0	0	0	0	0	0	0	0	0	0
Jace Billingsley	WR	9	0	0	0	0	0	0	0	0	0	0	0	0	0	0
J.D. McKissic	RB	9	0	0	0	12	0	14	0	2	0	0	0	0	0	0
Geronimo Allison	WR	9	0	0	0	0	0	0	0	0	0	0	0	0	0	0
Roger Lewis	WR	9	0	0	0	0	0	4	0	1	0	0	0	0	0	0
Robbie Chosen	WR	9	0	0	0	0	0	48	1	4	0	0	0	0	0	0
Ed Eagan	WR	9	0	0	0	0	0	0	0	0	0	0	0	0	0	0
Stephen Anderson	TE	9	0	0	0	0	0	44	0	4	0	0	0	0	0	0
Peyton Barber	RB	9	0	0	0	34	0	20	0	2	0	0	0	0	0	0
Josh Doctson	WR	9	0	0	0	0	0	59	0	3	0	0	0	0	0	0
Derrick Henry	RB	9	0	0	0	26	1	10	0	2	0	0	0	0	0	0
Michael Thomas	WR	9	0	0	0	0	0	65	0	8	0	0	0	0	0	0
Demarcus Robinson	WR	9	0	0	0	0	0	18	0	2	0	0	0	0	0	0
Wendell Smallwood	RB	9	0	0	0	25	0	0	0	0	0	0	0	0	0	0
Jakeem Grant	WR	9	0	0	0	0	0	0	0	0	0	0	0	0	0	0
Tommylee Lewis	WR	9	0	0	0	0	0	0	0	0	0	0	0	0	0	0
Johnny Holton	WR	9	0	0	0	0	0	44	1	1	0	0	0	0	0	0
DeAndre Washington	RB	9	0	0	0	16	0	-2	0	1	0	0	0	0	0	0
Carson Wentz	QB	9	199	4	0	8	0	0	0	0	0	0	0	0	0	0
Devontae Booker	RB	9	0	0	0	21	0	9	0	2	0	0	0	0	0	0
Marcus Johnson	WR	9	0	0	0	0	0	0	0	0	0	0	0	0	0	0
Jaydon Mickens	WR	9	0	0	0	0	0	0	0	0	0	0	0	0	0	0
Jalen Richard	RB	9	0	0	0	14	0	0	0	0	0	0	0	0	0	0
Tyreek Hill	WR	9	0	0	0	9	0	64	1	2	0	0	0	0	0	0
Ezekiel Elliott	RB	9	0	0	0	93	1	0	0	0	0	0	0	0	0	0
Dak Prescott	QB	9	249	2	0	27	1	0	0	0	0	0	0	0	0	0
Jared Goff	QB	9	311	4	0	0	0	0	0	0	0	0	0	0	0	0
Tyler Higbee	TE	9	0	0	0	0	0	8	1	1	0	0	0	0	0	0
Pharoh Cooper	WR	9	0	0	0	0	0	9	0	1	0	0	0	0	0	0
Kenyan Drake	RB	9	0	0	0	69	0	35	0	6	0	1	0	0	1	0
Jacoby Brissett	QB	9	308	2	0	12	0	0	0	0	1	0	0	0	0	0
Will Fuller	WR	9	0	0	0	0	0	32	0	2	0	0	0	0	0	0
Christian McCaffrey	RB	9	0	0	0	66	1	28	0	5	0	0	0	0	0	0
Curtis Samuel	WR	9	0	0	0	14	0	23	0	3	0	0	0	0	0	0
George Kittle	TE	9	0	0	0	0	0	27	0	3	0	0	0	0	0	0
Trent Taylor	WR	9	0	0	0	0	0	22	0	2	0	0	0	0	0	0
Aaron Jones	RB	9	0	0	0	12	0	-1	0	2	0	0	0	0	0	0
Elijah McGuire	RB	9	0	0	0	30	0	9	0	1	0	0	0	0	0	0
Alex Armah	RB	9	0	0	0	0	0	0	0	0	0	0	0	0	0	0
Victor Bolden	WR	9	0	0	0	0	0	0	0	0	0	0	0	0	0	0
Kendrick Bourne	WR	9	0	0	0	0	0	39	0	2	0	0	0	0	0	0
Matt Breida	RB	9	0	0	0	1	0	18	0	2	0	0	0	0	0	0
Jehu Chesson	WR	9	0	0	0	0	0	10	0	1	0	0	0	0	0	0
Isaiah McKenzie	WR	9	0	0	0	0	0	14	0	1	0	0	0	0	0	0
Samaje Perine	RB	9	0	0	0	9	0	0	0	0	0	0	0	0	0	0
Jeremy Sprinkle	TE	9	0	0	0	0	0	0	0	0	0	0	0	0	0	0
Mack Hollins	WR	9	0	0	0	0	0	8	0	1	0	0	0	0	0	0
Ryan Switzer	WR	9	0	0	0	0	0	0	0	0	0	0	0	0	0	0
Jamal Agnew	WR	9	0	0	0	4	0	0	0	0	0	0	0	0	0	0
Keelan Cole	WR	9	0	0	0	0	0	47	0	3	0	0	0	0	0	0
Corey Clement	RB	9	0	0	0	51	2	15	1	1	0	0	0	0	0	0
Chris Thompson	WR	9	0	0	0	0	0	0	0	0	0	0	0	0	0	0
Jonnu Smith	TE	9	0	0	0	0	0	0	0	0	0	0	0	0	0	0
Josh Malone	WR	9	0	0	0	0	0	13	0	1	0	0	0	0	0	0
Corey Davis	WR	9	0	0	0	0	0	28	0	2	0	0	0	0	0	0
O.J. Howard	TE	9	0	0	0	0	0	6	0	1	0	0	1	0	0	0
Evan Engram	TE	9	0	0	0	0	0	70	1	4	0	0	0	0	0	0
Zay Jones	WR	9	0	0	0	0	0	53	1	6	0	0	0	0	0	0
Gerald Everett	TE	9	0	0	0	13	0	44	0	1	0	0	0	0	0	0
Joe Mixon	RB	9	0	0	0	31	1	15	0	3	0	0	0	0	0	0
Alvin Kamara	RB	9	0	0	0	68	1	84	1	6	0	1	0	0	0	0
Cooper Kupp	WR	9	0	0	0	0	0	54	0	3	0	0	0	0	0	0
Taywan Taylor	WR	9	0	0	0	0	0	-4	0	1	0	0	0	0	0	0
ArDarius Stewart	WR	9	0	0	0	0	0	0	0	0	0	0	0	0	0	0
Chris Godwin Jr.	WR	9	0	0	0	0	0	9	0	1	0	0	0	0	0	0
Kareem Hunt	RB	9	0	0	0	37	0	24	0	4	0	0	0	0	0	0
D'Onta Foreman	RB	9	0	0	0	37	0	0	0	0	0	0	0	0	0	0
C.J. Beathard	QB	9	294	0	1	16	1	0	0	0	0	0	0	0	0	0
Josh Reynolds	WR	9	0	0	0	0	0	0	0	0	0	0	0	0	0	0
Jamaal Williams	RB	9	0	0	0	1	1	31	0	2	0	0	0	0	0	0
Wayne Gallman	RB	9	0	0	0	41	0	0	0	0	0	1	0	0	0	0
Marlon Mack	RB	9	0	0	0	29	0	0	0	0	0	0	0	0	0	0
Tom Brady	QB	10	266	3	0	0	0	0	0	0	0	0	0	0	0	0
Drew Brees	QB	10	184	0	0	6	1	0	0	0	0	0	0	0	0	0
Josh McCown	QB	10	262	1	1	0	0	0	0	0	0	0	0	0	0	0
Antonio Gates	TE	10	0	0	0	0	0	3	0	1	0	0	0	0	0	0
Jason Witten	TE	10	0	0	0	0	0	59	0	7	0	0	0	0	0	0
Eli Manning	QB	10	273	2	0	0	0	0	0	0	1	0	0	0	0	0
Larry Fitzgerald	WR	10	0	0	0	0	0	113	0	10	0	0	0	0	0	0
Ben Roethlisberger	QB	10	236	2	1	5	0	0	0	0	0	0	0	1	0	0
Philip Rivers	QB	10	235	2	1	-1	0	0	0	0	0	0	0	0	0	0
Frank Gore	RB	10	0	0	0	54	0	7	0	1	0	0	0	0	0	0
Derek Anderson	QB	10	0	0	0	-2	0	0	0	0	0	0	0	0	0	0
Ryan Fitzpatrick	QB	10	187	1	1	9	0	0	0	0	0	0	0	0	0	0
Vernon Davis	TE	10	0	0	0	0	0	76	0	7	0	0	0	0	0	0
Jay Cutler	QB	10	213	2	1	-1	0	0	0	0	0	0	0	0	0	0
Marcedes Lewis	TE	10	0	0	0	0	0	29	0	2	0	0	0	0	0	0
Delanie Walker	TE	10	0	0	0	0	0	63	0	6	0	0	0	0	0	0
Eric Weems	WR	10	0	0	0	0	0	0	0	0	0	0	0	0	0	0
Adrian Peterson	RB	10	0	0	0	29	0	13	0	1	0	1	0	0	0	0
Ted Ginn	WR	10	0	0	0	0	0	3	0	1	0	0	0	0	0	0
Drew Stanton	QB	10	273	1	0	1	0	0	0	0	0	0	0	0	0	0
Danny Amendola	WR	10	0	0	0	0	0	36	0	4	0	0	0	0	0	0
Matt Ryan	QB	10	215	2	1	0	0	0	0	0	0	0	0	0	0	0
Darren McFadden	RB	10	0	0	0	-2	0	0	0	0	0	0	0	0	0	0
Jonathan Stewart	RB	10	0	0	0	110	0	0	0	0	0	0	0	0	0	0
Jordy Nelson	WR	10	0	0	0	0	0	20	0	3	0	0	0	0	0	0
DeSean Jackson	WR	10	0	0	0	0	0	82	0	6	0	0	0	0	0	0
Martellus Bennett	TE	10	0	0	0	0	0	38	0	3	0	0	0	0	0	0
Jamaal Charles	RB	10	0	0	0	38	0	0	0	0	0	0	0	0	0	0
Matthew Slater	WR	10	0	0	0	0	0	0	0	0	0	0	0	0	0	0
Matthew Stafford	QB	10	249	3	1	17	0	0	0	0	0	0	0	0	0	0
Chase Daniel	QB	10	0	0	0	-2	0	0	0	0	0	0	0	0	0	0
Brian Hoyer	QB	10	37	0	0	0	0	0	0	0	0	0	0	0	0	0
Kenny Britt	WR	10	0	0	0	0	0	38	1	2	0	0	0	0	0	0
LeSean McCoy	RB	10	0	0	0	49	0	11	0	3	0	0	0	0	0	0
Brandon Tate	WR	10	0	0	0	0	0	0	0	0	0	0	0	0	0	0
Louis Murphy	WR	10	0	0	0	0	0	48	0	2	0	0	0	0	0	0
Logan Paulsen	TE	10	0	0	0	0	0	0	0	0	0	0	0	0	0	0
Chris Ivory	RB	10	0	0	0	1	0	-5	0	1	0	0	0	0	0	0
Rob Gronkowski	TE	10	0	0	0	0	0	74	0	4	0	0	0	0	0	0
Ed Dickson	TE	10	0	0	0	0	0	33	1	3	0	0	0	0	0	0
Brandon LaFell	WR	10	0	0	0	0	0	95	1	6	0	0	0	0	0	0
Emmanuel Sanders	WR	10	0	0	0	0	0	137	0	6	0	0	0	0	0	0
Eric Decker	WR	10	0	0	0	0	0	19	0	2	0	0	0	0	0	0
Andre Roberts	WR	10	0	0	0	0	0	0	0	0	0	0	0	0	0	0
Jimmy Graham	TE	10	0	0	0	0	0	27	2	6	0	0	0	0	0	0
Michael Hoomanawanui	TE	10	0	0	0	0	0	4	0	1	0	0	0	0	0	0
Antonio Brown	WR	10	0	0	0	0	0	47	0	3	0	0	0	0	0	0
Joe Webb	QB	10	0	0	0	0	0	0	0	0	0	0	0	0	0	0
Jermaine Gresham	TE	10	0	0	0	0	0	64	1	5	0	0	0	0	0	0
Demaryius Thomas	WR	10	0	0	0	0	0	44	1	5	0	0	0	0	0	0
Golden Tate	WR	10	0	0	0	0	0	97	1	6	0	0	0	0	0	0
Dez Bryant	WR	10	0	0	0	0	0	39	0	4	0	0	0	0	0	0
Cam Newton	QB	10	254	4	0	95	0	0	0	0	0	0	0	0	0	0
A.J. Green	WR	10	0	0	0	0	0	115	1	5	0	0	0	0	0	0
Julio Jones	WR	10	0	0	0	0	0	57	0	6	0	0	0	0	0	0
Mark Ingram	RB	10	0	0	0	131	3	0	0	0	0	0	0	0	0	0
Andy Dalton	QB	10	265	2	0	0	0	0	0	0	1	1	0	0	0	0
Kyle Rudolph	TE	10	0	0	0	0	0	37	0	5	0	0	0	0	0	0
Lance Kendricks	TE	10	0	0	0	0	0	9	0	1	0	0	0	0	0	0
Shane Vereen	RB	10	0	0	0	11	0	27	0	4	0	0	0	0	0	0
Randall Cobb	WR	10	0	0	0	8	0	52	0	3	0	0	0	0	0	0
DeMarco Murray	RB	10	0	0	0	42	2	30	1	4	0	0	0	0	0	0
Bilal Powell	RB	10	0	0	0	30	0	6	0	1	0	0	1	0	0	0
Julius Thomas	TE	10	0	0	0	0	0	8	1	2	0	0	0	0	0	0
Jacquizz Rodgers	RB	10	0	0	0	12	0	0	0	0	0	0	0	0	0	0
Dion Lewis	RB	10	0	0	0	55	1	0	0	0	0	0	0	0	0	0
Charles Clay	TE	10	0	0	0	0	0	13	0	2	0	0	0	0	0	0
Aldrick Robinson	WR	10	0	0	0	0	0	12	0	1	0	0	0	0	0	0
Tyrod Taylor	QB	10	56	0	1	27	0	0	0	0	0	0	0	0	0	0
Dontrelle Inman	WR	10	0	0	0	0	0	88	0	6	0	0	0	0	0	0
Doug Baldwin	WR	10	0	0	0	0	0	95	0	5	0	0	0	0	0	0
Patrick DiMarco	RB	10	0	0	0	0	0	21	0	3	0	0	0	0	0	0
Garrett Celek	TE	10	0	0	0	0	0	67	1	4	0	0	0	0	0	0
Case Keenum	QB	10	304	4	2	-1	0	0	0	0	0	0	0	0	0	0
Cole Beasley	WR	10	0	0	0	0	0	23	0	2	0	0	0	0	0	0
Lance Dunbar	RB	10	0	0	0	31	0	0	0	0	0	0	0	0	0	0
Bradley Sowell	TE	10	0	0	0	0	0	0	0	0	0	0	0	0	0	0
Alfred Morris	RB	10	0	0	0	53	0	0	0	0	0	0	0	0	0	0
Jermaine Kearse	WR	10	0	0	0	0	0	35	0	4	0	0	0	0	0	0
Brandon Bolden	RB	10	0	0	0	1	0	0	0	0	0	0	0	0	0	0
Russell Wilson	QB	10	238	2	0	19	0	0	0	0	0	0	0	0	0	0
Travis Benjamin	WR	10	0	0	0	13	0	0	0	0	0	0	0	0	0	0
Marvin Jones	WR	10	0	0	0	0	0	22	0	1	0	0	0	0	0	0
Josh Bellamy	WR	10	0	0	0	0	0	57	1	2	0	0	0	0	0	0
Deonte Thompson	WR	10	0	0	0	-5	0	10	0	1	0	0	0	0	0	0
Brenton Bersin	WR	10	0	0	0	0	0	12	0	1	0	0	0	0	0	0
Jarius Wright	WR	10	0	0	0	0	0	7	1	1	0	0	0	0	0	0
Rishard Matthews	WR	10	0	0	0	0	0	50	0	5	0	0	0	0	0	0
Rhett Ellison	TE	10	0	0	0	0	0	0	0	0	0	0	0	0	0	0
Kirk Cousins	QB	10	327	1	1	5	2	0	0	0	0	0	0	0	0	0
T.Y. Hilton	WR	10	0	0	0	0	0	23	0	2	0	0	0	0	0	0
Doug Martin	RB	10	0	0	0	51	0	0	0	0	0	0	0	0	0	0
Lamar Miller	RB	10	0	0	0	60	0	14	0	1	0	0	0	0	0	0
Mohamed Sanu	WR	10	0	0	0	0	0	29	0	3	0	0	0	0	0	0
Brock Osweiler	QB	10	221	1	1	-1	0	0	0	0	0	0	0	0	0	0
Dwayne Allen	TE	10	0	0	0	0	0	11	1	1	0	0	0	0	0	0
Coby Fleener	TE	10	0	0	0	0	0	0	0	0	0	0	0	0	0	0
Kendall Wright	WR	10	0	0	0	0	0	46	0	5	0	0	0	0	0	0
Darren Fells	TE	10	0	0	0	0	0	0	0	0	0	0	0	0	0	0
Ifeanyi Momah	TE	10	0	0	0	0	0	0	0	0	0	0	0	0	0	0
Brandon Williams	TE	10	0	0	0	0	0	0	0	0	0	0	0	0	0	0
Benny Cunningham	RB	10	0	0	0	0	0	32	0	3	0	0	1	0	0	0
C.J. Anderson	RB	10	0	0	0	54	0	1	0	1	0	0	0	0	0	0
Adam Thielen	WR	10	0	0	0	0	0	166	1	8	0	0	0	0	0	0
Marquise Goodwin	WR	10	0	0	0	18	0	83	1	1	0	0	0	0	0	0
Kenny Stills	WR	10	0	0	0	0	0	67	0	5	0	0	0	0	0	0
Luke Willson	TE	10	0	0	0	0	0	0	0	0	0	0	0	0	0	0
Tavarres King	WR	10	0	0	0	11	0	22	0	2	0	0	0	0	0	0
Theo Riddick	RB	10	0	0	0	35	0	12	1	3	0	0	0	0	0	0
Kerwynn Williams	RB	10	0	0	0	0	0	0	0	0	0	0	0	0	0	0
Russell Shepard	WR	10	0	0	0	0	0	40	0	3	0	0	0	0	0	0
Jack Doyle	TE	10	0	0	0	0	0	9	0	2	0	0	0	0	0	0
Josh Hill	TE	10	0	0	0	0	0	-2	0	1	0	0	1	0	0	0
Keenan Allen	WR	10	0	0	0	6	0	48	0	4	0	0	0	0	0	0
Andre Ellington	RB	10	0	0	0	4	1	26	0	3	0	0	0	0	0	0
Rex Burkhead	RB	10	0	0	0	36	0	27	1	3	0	0	0	0	0	0
Jaron Brown	WR	10	0	0	0	0	0	13	0	2	0	0	0	0	0	0
Chris Thompson	RB	10	0	0	0	26	0	41	0	3	0	0	0	0	0	0
Robert Woods	WR	10	0	0	0	0	0	171	2	8	0	0	0	0	0	0
Levine Toilolo	TE	10	0	0	0	0	0	10	0	1	0	0	0	0	0	0
Giovani Bernard	RB	10	0	0	0	10	0	38	0	5	0	0	0	0	0	0
Vance McDonald	TE	10	0	0	0	0	0	16	1	2	0	0	0	0	0	0
Le'Veon Bell	RB	10	0	0	0	80	0	32	0	5	0	0	0	0	0	0
Latavius Murray	RB	10	0	0	0	68	1	0	0	0	0	0	0	0	0	0
Brice Butler	WR	10	0	0	0	0	0	30	0	1	0	0	0	0	0	0
Tavon Austin	WR	10	0	0	0	2	0	0	0	0	0	0	0	0	0	0
Terrance Williams	WR	10	0	0	0	0	0	9	0	1	0	0	0	0	0	0
DeAndre Hopkins	WR	10	0	0	0	0	0	111	0	7	0	0	0	0	0	0
Isaiah Crowell	RB	10	0	0	0	90	1	5	0	1	0	0	0	0	0	0
Bennie Fowler	WR	10	0	0	0	0	0	0	0	0	0	0	0	0	0	0
Freddie Martino	WR	10	0	0	0	0	0	0	0	0	0	0	0	0	0	0
Bernard Reedy	WR	10	0	0	0	0	0	0	0	0	0	0	0	0	0	0
Brandon Coleman	WR	10	0	0	0	0	0	30	0	1	0	0	0	0	0	0
Allen Hurns	WR	10	0	0	0	0	0	70	0	7	0	0	0	0	0	0
Orleans Darkwa	RB	10	0	0	0	70	0	18	0	2	0	0	0	0	1	0
Damien Williams	RB	10	0	0	0	19	0	20	0	2	0	0	0	0	0	0
Troy Niklas	TE	10	0	0	0	0	0	0	0	0	0	0	0	0	0	0
Carlos Hyde	RB	10	0	0	0	98	0	6	0	2	0	0	0	0	0	0
John Brown	WR	10	0	0	0	0	0	27	0	2	0	0	0	0	0	0
James White	RB	10	0	0	0	7	0	11	1	3	0	0	0	0	0	0
Tom Savage	QB	10	221	1	2	0	0	0	0	0	2	0	0	0	0	0
Ryan Grant	WR	10	0	0	0	0	0	25	0	3	0	0	0	0	0	0
Alfred Blue	RB	10	0	0	0	10	0	0	0	0	0	0	0	0	0	0
T.J. Jones	WR	10	0	0	0	0	0	2	0	1	0	0	0	0	0	0
Senorise Perry	RB	10	0	0	0	0	0	0	0	0	0	0	0	0	0	0
Taylor Gabriel	WR	10	0	0	0	15	0	58	0	3	0	0	0	0	0	0
Brandin Cooks	WR	10	0	0	0	0	0	74	0	6	0	0	0	0	0	0
Paul Richardson	WR	10	0	0	0	0	0	43	0	1	0	0	0	0	0	0
Cameron Brate	TE	10	0	0	0	0	0	10	0	1	0	0	0	0	0	0
Devonta Freeman	RB	10	0	0	0	3	0	0	0	0	0	0	0	0	0	0
Jordan Matthews	TE	10	0	0	0	0	0	14	0	1	0	0	0	0	0	0
C.J. Fiedorowicz	TE	10	0	0	0	0	0	10	0	2	0	0	0	0	0	0
Sammy Watkins	WR	10	0	0	0	0	0	41	1	2	0	0	0	0	0	0
Bruce Ellington	WR	10	0	0	0	0	0	41	1	4	0	0	0	0	0	0
Donte Moncrief	WR	10	0	0	0	0	0	60	1	1	0	0	0	0	0	0
Cody Latimer	WR	10	0	0	0	0	0	28	0	3	0	0	0	0	0	0
Kelvin Benjamin	WR	10	0	0	0	0	0	42	0	3	0	0	0	0	0	0
Martavis Bryant	WR	10	0	0	0	-9	0	42	0	3	0	0	0	0	0	1
Jerick McKinnon	RB	10	0	0	0	32	0	15	0	2	0	0	0	0	0	0
Davante Adams	WR	10	0	0	0	0	0	90	1	5	0	0	0	0	0	0
Jarvis Landry	WR	10	0	0	0	0	0	42	1	5	0	0	0	0	0	0
Richard Rodgers	TE	10	0	0	0	0	0	8	0	1	0	0	0	0	0	0
Eric Ebron	TE	10	0	0	0	0	0	39	1	2	0	0	0	0	0	0
Charles Sims	RB	10	0	0	0	20	0	10	1	3	0	0	0	0	0	0
Blake Bortles	QB	10	273	1	2	34	0	0	0	0	0	0	0	1	0	0
Austin Seferian-Jenkins	TE	10	0	0	0	0	0	67	0	6	0	0	0	0	0	0
Marqise Lee	WR	10	0	0	0	0	0	55	1	6	0	0	0	0	0	1
DeVante Parker	WR	10	0	0	0	0	0	66	0	6	0	0	0	0	0	0
Justin Hardy	WR	10	0	0	0	0	0	7	1	2	0	0	0	0	0	0
Stefon Diggs	WR	10	0	0	0	0	0	78	1	4	0	0	0	0	0	0
Brett Hundley	QB	10	212	1	0	16	0	0	0	0	0	0	0	0	0	0
Cameron Artis-Payne	RB	10	0	0	0	68	1	0	0	0	0	0	0	0	0	0
A.J. Derby	TE	10	0	0	0	0	0	2	0	1	0	0	0	0	0	0
Terron Ward	RB	10	0	0	0	23	0	0	0	0	0	0	0	0	0	0
Corey Grant	RB	10	0	0	0	56	1	0	0	0	0	0	0	0	0	0
Eli Rogers	WR	10	0	0	0	0	0	2	0	1	0	0	0	0	0	0
Terrell Watson	RB	10	0	0	0	0	0	0	0	0	0	0	0	0	0	0
Thomas Rawls	RB	10	0	0	0	27	0	12	0	2	0	0	0	0	0	0
Rod Smith	RB	10	0	0	0	14	0	15	0	4	0	0	0	0	0	0
Jamison Crowder	WR	10	0	0	0	5	0	76	0	4	0	0	0	0	0	0
James O'Shaughnessy	TE	10	0	0	0	0	0	0	0	0	0	0	0	0	0	0
Adam Humphries	WR	10	0	0	0	0	0	17	0	2	0	0	0	0	0	0
Devin Funchess	WR	10	0	0	0	0	0	92	2	5	0	0	0	0	0	0
Tevin Coleman	RB	10	0	0	0	83	1	5	0	1	0	0	0	0	0	0
Daniel Brown	TE	10	0	0	0	0	0	23	0	2	0	0	0	0	0	0
Ameer Abdullah	RB	10	0	0	0	52	1	3	0	1	0	0	0	0	0	0
J.J. Nelson	WR	10	0	0	0	0	0	17	0	1	0	0	0	0	0	0
Kaelin Clay	WR	10	0	0	0	0	0	5	0	1	0	0	0	0	0	0
Nick O'Leary	TE	10	0	0	0	0	0	7	1	1	0	0	0	0	0	0
Neal Sterling	TE	10	0	0	0	0	0	0	0	0	0	0	0	0	0	0
Tre McBride	WR	10	0	0	0	0	0	0	0	0	0	0	0	0	0	0
Jalston Fowler	RB	10	0	0	0	1	0	0	0	0	0	0	0	0	0	0
Jesse James	TE	10	0	0	0	0	0	0	0	0	0	0	0	0	0	0
Ben Koyack	TE	10	0	0	0	0	0	0	0	0	0	0	0	0	0	0
Melvin Gordon	RB	10	0	0	0	27	0	15	0	5	0	0	0	0	0	0
Tyrell Williams	WR	10	0	0	0	0	0	49	0	2	0	0	0	0	0	0
Sammie Coates	WR	10	0	0	0	0	0	38	0	2	0	0	0	0	0	0
Ty Montgomery	WR	10	0	0	0	54	1	14	0	2	0	0	0	0	0	0
Phillip Dorsett	WR	10	0	0	0	0	0	16	0	2	0	0	0	0	0	0
T.J. Yeldon	RB	10	0	0	0	11	0	39	0	6	0	0	0	0	0	0
Tyler Lockett	WR	10	0	0	0	0	0	16	0	1	0	0	0	0	0	0
Tyler Kroft	TE	10	0	0	0	0	0	4	0	1	0	0	0	0	0	0
Jeff Heuerman	TE	10	0	0	0	0	0	4	0	1	0	0	0	0	0	0
Todd Gurley	RB	10	0	0	0	68	0	68	0	6	0	0	0	0	0	0
Duke Johnson	RB	10	0	0	0	54	0	34	0	6	0	0	0	0	0	0
Marcus Mariota	QB	10	264	1	1	51	0	0	0	0	0	0	0	0	0	0
Chester Rogers	WR	10	0	0	0	3	0	104	1	6	0	0	0	0	0	0
Maurice Harris	WR	10	0	0	0	0	0	50	1	2	0	0	0	0	0	0
Rob Kelley	RB	10	0	0	0	10	0	4	0	2	0	0	0	0	0	0
Josh Ferguson	RB	10	0	0	0	0	0	0	0	0	0	0	0	0	0	0
Sterling Shepard	WR	10	0	0	0	0	0	142	0	11	0	0	0	0	0	0
Austin Hooper	TE	10	0	0	0	0	0	49	1	6	0	0	0	0	0	0
C.J. Prosise	RB	10	0	0	0	3	0	0	0	0	0	0	0	0	0	0
Nick Vannett	TE	10	0	0	0	0	0	22	0	2	0	0	0	0	0	0
Trevor Davis	WR	10	0	0	0	0	0	0	0	0	0	0	0	0	0	0
Jerell Adams	TE	10	0	0	0	0	0	0	0	0	0	0	0	0	0	0
David Morgan	TE	10	0	0	0	0	0	1	1	1	0	0	0	0	0	0
Dwayne Washington	RB	10	0	0	0	0	0	10	0	1	0	0	0	0	0	0
Alex Erickson	WR	10	0	0	0	6	0	4	0	1	0	0	0	0	0	0
J.D. McKissic	RB	10	0	0	0	26	0	20	0	4	0	0	0	0	0	0
Roger Lewis	WR	10	0	0	0	0	0	33	1	3	0	0	0	0	0	0
Ben Braunecker	TE	10	0	0	0	0	0	0	0	0	0	0	0	0	0	0
Robbie Chosen	WR	10	0	0	0	0	0	85	1	4	0	0	0	0	0	0
Ed Eagan	WR	10	0	0	0	0	0	0	0	0	0	0	0	0	0	0
Bryce Treggs	WR	10	0	0	0	0	0	0	0	0	0	0	0	0	0	0
Stephen Anderson	TE	10	0	0	0	0	0	30	0	2	0	0	0	0	0	0
Peyton Barber	RB	10	0	0	0	-2	0	0	0	0	0	0	0	0	0	0
Josh Doctson	WR	10	0	0	0	0	0	30	0	4	0	0	0	0	0	0
Derrick Henry	RB	10	0	0	0	52	0	0	0	0	0	0	0	0	0	0
Michael Thomas	WR	10	0	0	0	0	0	117	0	9	0	0	0	0	0	0
Jordan Howard	RB	10	0	0	0	54	0	0	0	0	0	0	0	0	0	0
Danny Vitale	RB	10	0	0	0	0	0	0	0	0	0	0	0	0	0	0
Cody Core	WR	10	0	0	0	0	0	0	0	0	0	0	0	0	0	0
Daniel Lasco	RB	10	0	0	0	0	0	0	0	0	0	0	0	0	0	0
Laquon Treadwell	WR	10	0	0	0	0	0	0	0	0	0	0	0	0	0	0
Devontae Booker	RB	10	0	0	0	24	0	5	0	1	0	0	0	0	0	0
Rashard Higgins	WR	10	0	0	0	0	0	34	0	4	0	0	0	0	0	0
Jaydon Mickens	WR	10	0	0	0	0	0	11	0	1	0	0	0	0	0	0
Braxton Miller	WR	10	0	0	0	1	0	0	0	0	0	0	0	0	0	0
Dak Prescott	QB	10	176	0	0	42	1	0	0	0	2	0	0	0	0	0
Ricardo Louis	WR	10	0	0	0	0	0	15	0	2	0	0	0	0	0	0
Seth DeValve	TE	10	0	0	0	0	0	70	0	4	0	0	1	0	0	0
Hunter Henry	TE	10	0	0	0	0	0	7	0	1	0	0	0	0	0	0
Marvin Hall	WR	10	0	0	0	0	0	0	0	0	0	0	0	0	0	0
Cody Kessler	QB	10	5	0	0	0	0	0	0	0	0	0	0	0	0	0
Jared Goff	QB	10	355	3	0	3	0	0	0	0	0	0	0	0	0	0
Tyler Higbee	TE	10	0	0	0	0	0	22	0	2	0	0	0	0	0	0
Pharoh Cooper	WR	10	0	0	0	0	0	12	0	2	0	0	0	0	0	0
Kenyan Drake	RB	10	0	0	0	82	1	10	0	2	0	0	0	0	0	0
Jacoby Brissett	QB	10	222	2	1	7	0	0	0	0	0	0	0	0	0	0
Will Fuller	WR	10	0	0	0	0	0	15	0	2	0	0	0	0	0	0
Darrell Daniels	TE	10	0	0	0	0	0	0	0	0	0	0	0	0	0	0
JoJo Natson	WR	10	0	0	0	0	0	0	0	0	0	0	0	0	0	0
Christian McCaffrey	RB	10	0	0	0	23	1	27	1	3	0	0	0	0	0	0
Curtis Samuel	WR	10	0	0	0	0	0	45	0	5	0	0	0	0	0	0
Aaron Jones	RB	10	0	0	0	12	0	0	0	1	0	0	0	0	0	0
Elijah McGuire	RB	10	0	0	0	22	0	36	0	4	0	0	0	0	0	0
Alex Armah	RB	10	0	0	0	0	0	0	0	0	0	0	0	0	0	0
Victor Bolden	WR	10	0	0	0	0	0	0	0	0	0	0	0	0	0	0
Kendrick Bourne	WR	10	0	0	0	0	0	42	0	3	0	0	0	0	0	0
Matt Breida	RB	10	0	0	0	55	1	3	0	1	0	0	0	0	0	0
Cethan Carter	TE	10	0	0	0	0	0	0	0	0	0	0	0	0	0	0
Jacob Hollister	TE	10	0	0	0	0	0	0	0	0	0	0	0	0	0	0
John Ross	WR	10	0	0	0	0	0	0	0	0	0	0	0	0	0	0
Isaiah McKenzie	WR	10	0	0	0	0	0	0	0	0	0	0	0	0	0	0
Samaje Perine	RB	10	0	0	0	35	0	25	0	1	0	0	0	0	0	0
Mike Williams	WR	10	0	0	0	0	0	24	0	2	0	0	0	0	0	0
James Conner	RB	10	0	0	0	12	0	0	0	0	0	0	0	0	0	0
Tarik Cohen	RB	10	0	0	0	1	0	10	0	1	0	0	0	0	0	0
Ryan Switzer	WR	10	0	0	0	0	0	0	0	0	0	0	0	0	0	0
Jamal Agnew	WR	10	0	0	0	0	0	0	0	0	0	0	0	0	0	0
Eric Saubert	TE	10	0	0	0	0	0	0	0	0	0	0	0	0	0	0
Matt Dayes	RB	10	0	0	0	0	0	0	0	0	0	0	0	0	0	0
Keelan Cole	WR	10	0	0	0	0	0	61	0	3	0	0	0	0	0	0
Austin Ekeler	RB	10	0	0	0	42	0	77	2	5	0	1	0	0	0	0
Trey Edmunds	RB	10	0	0	0	48	1	0	0	0	0	0	0	0	0	0
Chad Hansen	WR	10	0	0	0	0	0	33	0	3	0	0	0	0	0	0
Chris Thompson	WR	10	0	0	0	0	0	0	0	0	0	0	0	0	0	0
Leonard Fournette	RB	10	0	0	0	33	0	13	0	2	0	0	0	0	0	0
JuJu Smith-Schuster	WR	10	0	0	0	0	0	97	1	5	0	0	0	0	0	0
Jonnu Smith	TE	10	0	0	0	0	0	20	0	2	0	0	0	0	0	0
Josh Malone	WR	10	0	0	0	0	0	6	0	1	0	0	0	0	0	0
Mitchell Trubisky	QB	10	297	1	0	0	0	0	0	0	0	0	0	0	0	0
Corey Davis	WR	10	0	0	0	0	0	48	0	4	0	0	1	0	0	0
Evan Engram	TE	10	0	0	0	0	0	31	1	6	0	0	0	0	0	0
David Njoku	TE	10	0	0	0	0	0	3	0	1	0	0	0	0	0	0
Gerald Everett	TE	10	0	0	0	0	0	0	0	0	0	0	0	0	0	0
Adam Shaheen	TE	10	0	0	0	0	0	39	0	2	0	0	0	0	0	0
Joe Mixon	RB	10	0	0	0	37	1	3	0	1	0	0	0	0	0	0
DeShone Kizer	QB	10	232	1	1	57	1	0	0	0	0	0	0	0	0	0
Alvin Kamara	RB	10	0	0	0	106	1	32	0	5	0	0	0	0	0	0
Cooper Kupp	WR	10	0	0	0	0	0	47	0	6	0	0	0	0	0	0
Taywan Taylor	WR	10	0	0	0	4	0	34	0	2	0	0	0	0	0	0
ArDarius Stewart	WR	10	0	0	0	4	0	0	0	1	0	0	0	0	0	0
Chris Godwin Jr.	WR	10	0	0	0	0	0	68	0	5	0	0	0	0	0	0
D'Onta Foreman	RB	10	0	0	0	18	0	0	0	0	0	0	0	0	0	0
Kenny Golladay	WR	10	0	0	0	0	0	64	0	2	0	0	0	0	0	0
C.J. Beathard	QB	10	288	2	1	15	1	0	0	0	0	0	0	0	0	0
Amara Darboh	WR	10	0	0	0	0	0	3	0	1	0	0	0	0	0	0
Jamaal Williams	RB	10	0	0	0	67	0	7	0	1	0	0	0	0	0	0
Wayne Gallman	RB	10	0	0	0	22	0	0	0	0	0	0	0	0	0	0
Marlon Mack	RB	10	0	0	0	7	0	19	0	2	0	0	0	0	0	0
Nathan Peterman	QB	10	79	1	0	0	0	0	0	0	0	0	0	0	0	0
Tom Brady	QB	11	340	3	0	0	0	0	0	0	0	0	0	0	0	0
Drew Brees	QB	11	385	2	1	2	0	0	0	0	0	0	0	0	0	0
Antonio Gates	TE	11	0	0	0	0	0	0	0	0	0	0	0	0	0	0
Jason Witten	TE	11	0	0	0	0	0	7	0	1	0	0	0	0	0	0
Eli Manning	QB	11	205	0	0	5	0	0	0	0	0	0	0	0	0	0
Larry Fitzgerald	WR	11	0	0	0	0	0	91	1	9	0	0	0	0	0	0
Ben Roethlisberger	QB	11	307	4	0	10	0	0	0	0	0	0	0	0	0	0
Philip Rivers	QB	11	251	2	0	0	0	0	0	0	0	0	0	0	0	0
Benjamin Watson	TE	11	0	0	0	0	0	33	0	1	0	0	0	0	0	0
Alex Smith	QB	11	230	0	2	27	0	0	0	0	0	0	0	0	0	0
Ryan Fitzpatrick	QB	11	275	2	0	9	0	0	0	0	0	0	0	0	0	0
Vernon Davis	TE	11	0	0	0	0	0	67	0	3	0	0	0	0	0	0
Jay Cutler	QB	11	83	1	3	1	0	0	0	0	0	0	0	0	0	0
Marcedes Lewis	TE	11	0	0	0	0	0	26	1	2	0	0	0	0	0	0
Kellen Clemens	QB	11	33	0	0	-3	0	0	0	0	0	0	0	0	0	0
Anthony Fasano	TE	11	0	0	0	0	0	0	0	0	0	0	0	0	0	0
Delanie Walker	TE	11	0	0	0	0	0	92	0	6	0	0	0	0	0	0
Eric Weems	WR	11	0	0	0	0	0	0	0	0	0	0	0	0	0	0
Adrian Peterson	RB	11	0	0	0	26	0	13	0	1	0	0	0	0	0	0
Ted Ginn	WR	11	0	0	0	-12	0	87	0	6	0	0	0	0	0	0
Marshawn Lynch	RB	11	0	0	0	67	0	10	0	1	0	0	0	0	0	0
Brent Celek	TE	11	0	0	0	0	0	28	0	1	0	0	0	0	0	0
Matt Moore	QB	11	282	1	0	0	0	0	0	0	0	0	0	0	0	0
Danny Woodhead	RB	11	0	0	0	2	0	21	0	5	0	0	0	0	0	0
Danny Amendola	WR	11	0	0	0	0	0	66	1	8	0	0	0	0	0	0
Matt Ryan	QB	11	195	2	0	12	0	0	0	0	0	0	0	0	0	0
Joe Flacco	QB	11	183	1	1	-1	0	0	0	0	0	0	0	0	0	0
Jordy Nelson	WR	11	0	0	0	0	0	24	0	2	0	0	0	0	0	0
DeSean Jackson	WR	11	0	0	0	0	0	28	1	2	0	0	0	0	0	0
Martellus Bennett	TE	11	0	0	0	0	0	15	0	3	0	0	0	0	0	0
Jamaal Charles	RB	11	0	0	0	7	0	0	0	0	0	0	0	0	0	0
Matthew Stafford	QB	11	299	2	0	3	0	0	0	0	1	0	0	0	0	0
Mike Wallace	WR	11	0	0	0	0	0	56	1	4	0	0	0	0	0	0
Michael Crabtree	WR	11	0	0	0	0	0	51	0	6	0	0	0	0	0	1
Jeremy Maclin	WR	11	0	0	0	0	0	34	0	4	0	0	0	0	0	0
Kenny Britt	WR	11	0	0	0	0	0	5	0	2	0	0	0	0	0	0
LeSean McCoy	RB	11	0	0	0	114	1	12	1	1	0	0	0	0	0	0
Brandon Tate	WR	11	0	0	0	0	0	7	0	1	0	0	0	0	0	0
Jared Cook	TE	11	0	0	0	0	0	36	0	2	0	0	0	0	0	0
Jeff Cumberland	TE	11	0	0	0	0	0	2	0	1	0	0	0	0	0	0
LeGarrette Blount	RB	11	0	0	0	57	0	0	0	0	0	0	0	0	0	0
Chris Ivory	RB	11	0	0	0	6	0	0	0	0	0	0	0	0	0	0
Rob Gronkowski	TE	11	0	0	0	0	0	37	0	3	0	0	0	0	0	0
Brandon LaFell	WR	11	0	0	0	0	0	37	0	3	0	0	0	0	0	0
Emmanuel Sanders	WR	11	0	0	0	0	0	15	0	2	0	0	0	0	0	0
Eric Decker	WR	11	0	0	0	0	0	37	0	3	0	0	0	0	0	0
Andre Roberts	WR	11	0	0	0	0	0	0	0	0	0	0	0	0	0	0
Jimmy Graham	TE	11	0	0	0	0	0	58	1	7	0	0	0	0	0	1
Michael Hoomanawanui	TE	11	0	0	0	0	0	0	0	0	0	0	0	0	0	0
Antonio Brown	WR	11	0	0	0	0	0	144	3	10	0	0	0	0	0	0
Jermaine Gresham	TE	11	0	0	0	0	0	10	0	1	0	0	0	0	0	0
Demaryius Thomas	WR	11	0	0	0	0	0	64	1	5	0	0	0	0	0	0
Golden Tate	WR	11	0	0	0	0	0	32	0	3	0	0	0	0	0	0
Dez Bryant	WR	11	0	0	0	0	0	63	0	8	0	0	0	0	0	0
A.J. Green	WR	11	0	0	0	0	0	50	1	4	0	0	0	0	0	0
Julio Jones	WR	11	0	0	0	0	0	71	0	5	0	0	0	0	0	0
Blaine Gabbert	QB	11	257	3	2	13	0	0	0	0	0	0	0	0	0	0
Mark Ingram	RB	11	0	0	0	134	1	21	0	3	0	0	0	0	0	0
Andy Dalton	QB	11	154	3	0	4	0	0	0	0	0	0	0	0	0	0
Kyle Rudolph	TE	11	0	0	0	0	0	58	0	5	0	0	0	0	0	0
Lance Kendricks	TE	11	0	0	0	0	0	5	0	1	0	0	0	0	0	0
Shane Vereen	RB	11	0	0	1	13	0	15	0	3	0	0	0	0	0	0
Torrey Smith	WR	11	0	0	0	0	0	28	1	3	0	0	0	0	0	0
Randall Cobb	WR	11	0	0	0	0	0	34	0	3	0	0	0	0	0	0
DeMarco Murray	RB	11	0	0	0	10	0	37	0	5	0	0	0	0	0	0
Julius Thomas	TE	11	0	0	0	0	0	30	0	4	0	0	0	0	0	0
Jacquizz Rodgers	RB	11	0	0	0	3	0	0	0	0	0	0	0	0	0	0
Dion Lewis	RB	11	0	0	0	60	0	28	1	4	0	0	0	0	0	0
Niles Paul	TE	11	0	0	0	5	0	11	0	2	0	0	0	0	0	0
Charles Clay	TE	11	0	0	0	0	0	27	0	3	0	0	0	0	0	0
Tyrod Taylor	QB	11	158	1	0	38	1	0	0	0	1	0	0	0	0	0
Virgil Green	TE	11	0	0	0	0	0	13	0	2	0	0	0	0	0	0
Andre Holmes	WR	11	0	0	0	0	0	7	0	1	0	0	0	0	0	0
Dontrelle Inman	WR	11	0	0	0	0	0	43	0	3	0	0	0	0	0	0
Doug Baldwin	WR	11	0	0	0	0	0	40	1	2	0	0	0	0	0	0
Patrick DiMarco	RB	11	0	0	0	0	0	0	0	0	0	0	0	0	0	0
Case Keenum	QB	11	280	1	0	20	0	0	0	0	0	0	0	0	0	0
Phillip Supernaw	TE	11	0	0	0	0	0	0	0	0	0	0	0	0	0	0
Cole Beasley	WR	11	0	0	0	0	0	7	0	2	0	0	0	0	0	0
Alshon Jeffery	WR	11	0	0	0	0	0	67	1	4	0	0	0	0	0	1
Alfred Morris	RB	11	0	0	0	91	0	0	0	0	0	0	0	0	0	0
Travaris Cadet	RB	11	0	0	0	17	0	39	0	6	0	0	0	0	0	0
Russell Wilson	QB	11	258	2	1	86	1	0	0	0	1	0	0	1	0	0
Travis Benjamin	WR	11	0	0	0	7	0	21	0	1	0	0	0	0	0	0
Marvin Jones	WR	11	0	0	0	0	0	85	1	4	0	0	0	0	0	0
Brittan Golden	WR	11	0	0	0	0	0	0	0	0	0	0	0	0	0	0
Deonte Thompson	WR	11	0	0	0	0	0	36	0	3	0	0	0	0	0	0
Sean McGrath	TE	11	0	0	0	0	0	10	0	1	0	0	0	0	0	0
Jamize Olawale	RB	11	0	0	0	16	0	6	0	2	0	0	0	0	0	0
Jarius Wright	WR	11	0	0	0	0	0	23	0	1	0	0	0	0	0	0
Rishard Matthews	WR	11	0	0	0	0	0	113	1	5	0	0	0	0	0	0
Rhett Ellison	TE	11	0	0	0	0	0	7	0	1	0	0	0	0	0	0
Kirk Cousins	QB	11	322	3	0	11	0	0	0	0	0	0	0	0	0	0
Doug Martin	RB	11	0	0	0	38	0	6	0	2	0	0	0	0	0	0
Lamar Miller	RB	11	0	0	0	61	0	22	1	4	0	0	0	0	0	0
Mohamed Sanu	WR	11	0	0	0	3	0	34	1	3	0	0	0	0	0	0
James Hanna	TE	11	0	0	0	0	0	0	0	0	0	0	0	0	0	0
Michael Floyd	WR	11	0	0	0	0	0	16	0	2	0	0	0	0	0	0
Brock Osweiler	QB	11	254	1	1	24	0	0	0	0	0	0	0	0	0	0
Dwayne Allen	TE	11	0	0	0	0	0	24	0	2	0	0	0	0	0	0
Coby Fleener	TE	11	0	0	0	0	0	91	0	5	0	0	0	0	0	0
Kendall Wright	WR	11	0	0	0	0	0	25	0	2	0	0	0	0	0	0
Darren Fells	TE	11	0	0	0	0	0	9	0	1	0	0	0	0	0	0
Benny Cunningham	RB	11	0	0	0	0	0	18	0	1	0	0	0	0	0	0
C.J. Anderson	RB	11	0	0	0	37	1	19	0	2	0	1	0	0	0	0
MarQueis Gray	TE	11	0	0	0	0	0	0	0	0	0	0	0	0	0	0
Adam Thielen	WR	11	0	0	0	0	0	123	1	6	0	0	0	0	0	0
Zach Ertz	TE	11	0	0	0	0	0	8	0	2	0	0	0	0	0	0
Kenny Stills	WR	11	0	0	0	0	0	180	1	7	0	0	0	0	0	0
Luke Willson	TE	11	0	0	0	0	0	-1	0	2	0	0	0	0	0	0
Tavarres King	WR	11	0	0	0	0	0	48	0	3	0	0	0	0	0	0
Theo Riddick	RB	11	0	0	0	35	0	4	0	1	0	0	0	0	0	0
Kerwynn Williams	RB	11	0	0	0	9	0	9	0	1	0	0	0	0	0	0
Demetrius Harris	TE	11	0	0	0	0	0	0	0	0	0	0	0	0	0	0
Josh Hill	TE	11	0	0	0	-8	0	3	1	1	0	0	0	0	0	0
Keenan Allen	WR	11	0	0	0	3	0	159	2	12	0	0	0	0	0	0
Rex Burkhead	RB	11	0	0	0	16	0	21	0	4	0	0	0	0	0	0
Jaron Brown	WR	11	0	0	0	0	0	22	0	1	0	0	0	0	0	0
Chris Thompson	RB	11	0	0	0	17	0	16	1	1	0	0	0	0	0	0
Robert Woods	WR	11	0	0	0	0	0	81	0	8	0	0	0	0	0	0
Levine Toilolo	TE	11	0	0	0	0	0	31	1	2	0	0	0	0	0	0
Giovani Bernard	RB	11	0	0	0	-4	0	8	0	1	0	0	0	0	0	0
Markus Wheaton	WR	11	0	0	0	0	0	0	0	0	0	0	0	0	0	0
Kenjon Barner	RB	11	0	0	0	4	1	22	0	1	0	0	0	0	0	0
Eddie Lacy	RB	11	0	0	0	2	0	0	0	0	0	0	0	0	0	0
Le'Veon Bell	RB	11	0	0	0	46	0	65	0	10	0	0	0	0	0	0
Travis Kelce	TE	11	0	0	1	0	0	109	0	8	0	0	0	0	0	0
Latavius Murray	RB	11	0	0	0	95	2	1	0	1	0	0	0	0	0	0
Brice Butler	WR	11	0	0	0	0	0	19	0	2	0	0	0	0	0	0
Landry Jones	QB	11	0	0	0	-3	0	0	0	0	0	0	0	0	0	0
Terrance Williams	WR	11	0	0	0	0	0	35	0	4	0	0	0	0	0	0
DeAndre Hopkins	WR	11	0	0	0	0	0	76	1	4	0	0	0	0	0	0
Cordarrelle Patterson	RB	11	0	0	0	0	0	45	0	4	0	0	0	0	0	0
Isaiah Crowell	RB	11	0	0	0	18	0	0	0	0	0	0	0	0	0	0
Willie Snead	WR	11	0	0	0	0	0	12	0	1	0	0	0	0	0	0
Charcandrick West	RB	11	0	0	0	15	0	9	0	4	0	0	0	0	0	0
Bennie Fowler	WR	11	0	0	0	0	0	18	0	1	0	0	0	0	0	0
Trey Burton	TE	11	0	0	0	0	0	0	0	0	0	0	0	0	0	1
Freddie Martino	WR	11	0	0	0	0	0	0	0	0	0	0	0	0	0	0
Brandon Coleman	WR	11	0	0	0	0	0	6	0	1	0	0	0	0	0	0
Orleans Darkwa	RB	11	0	0	0	74	1	16	0	2	0	0	0	0	0	0
Damien Williams	RB	11	0	0	0	78	0	24	0	1	0	0	0	0	0	0
Michael Campanaro	WR	11	0	0	0	0	0	0	0	0	0	0	0	0	0	0
John Brown	WR	11	0	0	0	0	0	18	0	3	0	0	0	0	0	0
Andre Williams	RB	11	0	0	0	2	0	0	0	0	0	0	0	0	0	0
De'Anthony Thomas	WR	11	0	0	0	0	0	11	0	2	0	0	0	0	0	0
James White	RB	11	0	0	0	13	0	0	0	0	0	0	0	0	0	0
Tom Savage	QB	11	230	2	1	3	0	0	0	0	1	0	0	0	0	0
Ryan Grant	WR	11	0	0	0	0	0	59	1	3	0	0	0	0	0	0
Seth Roberts	WR	11	0	0	0	0	0	36	0	5	0	0	1	0	0	0
T.J. Jones	WR	11	0	0	0	0	0	55	0	4	0	0	0	0	0	0
Taylor Gabriel	WR	11	0	0	0	0	0	7	0	2	0	0	0	0	0	0
Brandin Cooks	WR	11	0	0	0	0	0	149	1	6	0	0	0	0	0	0
Paul Richardson	WR	11	0	0	0	0	0	56	0	5	0	0	0	0	0	0
Cameron Brate	TE	11	0	0	0	0	0	12	0	1	0	0	0	0	0	0
Derek Carr	QB	11	237	1	1	0	0	0	0	0	0	0	0	1	0	0
C.J. Fiedorowicz	TE	11	0	0	0	0	0	18	0	2	0	0	0	0	0	0
Sammy Watkins	WR	11	0	0	0	0	0	36	0	3	0	0	0	0	0	0
Bruce Ellington	WR	11	0	0	0	5	0	63	0	6	0	0	0	0	0	0
Cody Latimer	WR	11	0	0	0	0	0	21	0	1	0	0	0	0	0	0
Kelvin Benjamin	WR	11	0	0	0	0	0	20	0	1	0	0	0	0	0	0
Martavis Bryant	WR	11	0	0	0	0	0	30	0	2	0	0	0	0	0	0
Jerick McKinnon	RB	11	0	0	0	48	0	12	0	5	0	0	0	0	0	0
Davante Adams	WR	11	0	0	0	0	0	126	0	8	0	0	0	0	0	0
Jarvis Landry	WR	11	0	0	0	0	0	95	1	6	0	0	1	0	0	0
Richard Rodgers	TE	11	0	0	0	0	0	3	0	1	0	0	0	0	0	0
Eric Ebron	TE	11	0	0	0	0	0	49	0	4	0	0	0	0	0	0
Charles Sims	RB	11	0	0	0	3	0	25	0	3	0	0	0	0	0	0
Blake Bortles	QB	11	154	1	0	4	0	0	0	0	1	0	0	0	0	0
Mike Evans	WR	11	0	0	0	0	0	92	0	5	0	0	0	0	0	0
Marqise Lee	WR	11	0	0	0	0	0	45	0	5	0	0	0	0	0	0
Amari Cooper	WR	11	0	0	0	0	0	28	1	3	0	0	0	0	0	0
DeVante Parker	WR	11	0	0	0	0	0	26	0	4	0	0	0	0	0	0
Nelson Agholor	WR	11	0	0	0	0	0	-2	0	1	0	0	0	0	0	0
Maxx Williams	TE	11	0	0	0	0	0	6	0	2	0	0	0	0	0	0
Justin Hardy	WR	11	0	0	0	0	0	27	0	3	0	0	0	0	0	0
Javorius Allen	RB	11	0	0	0	8	0	9	0	1	0	0	0	0	0	0
Stefon Diggs	WR	11	0	0	0	0	0	32	0	4	0	0	0	0	0	0
Brett Hundley	QB	11	239	0	3	19	0	0	0	0	1	0	0	0	0	0
Jay Ajayi	RB	11	0	0	0	91	0	10	0	1	0	0	0	0	0	0
Nick Boyle	TE	11	0	0	0	0	0	2	0	1	0	0	0	0	0	0
Terron Ward	RB	11	0	0	0	31	0	11	0	1	0	0	0	0	0	0
Jordan Taylor	WR	11	0	0	0	0	0	14	0	1	0	0	0	0	0	0
Corey Grant	RB	11	0	0	0	0	0	0	0	0	0	0	0	0	0	0
Akeem Hunt	RB	11	0	0	0	3	0	0	0	0	0	0	0	0	0	0
Terrell Watson	RB	11	0	0	0	0	0	0	0	0	0	0	0	0	0	0
Larry Pinkard	WR	11	0	0	0	0	0	0	0	0	0	0	0	0	0	0
Rod Smith	RB	11	0	0	0	11	0	0	0	0	0	0	0	0	0	0
Jamison Crowder	WR	11	0	0	0	4	0	72	0	7	0	0	0	0	0	0
James O'Shaughnessy	TE	11	0	0	0	0	0	12	0	1	0	0	0	0	0	0
Adam Humphries	WR	11	0	0	0	0	0	11	0	2	0	0	0	0	0	0
Tevin Coleman	RB	11	0	0	0	43	1	15	0	1	0	0	0	0	0	0
Mike Davis	RB	11	0	0	0	18	0	41	0	2	0	0	0	0	0	0
Daniel Brown	TE	11	0	0	0	0	0	23	0	2	0	0	0	0	0	0
Ameer Abdullah	RB	11	0	0	0	22	0	13	1	2	0	0	0	0	0	0
J.J. Nelson	WR	11	0	0	0	0	0	14	0	1	0	0	0	0	0	0
Nick O'Leary	TE	11	0	0	0	0	0	8	0	1	0	0	0	0	0	0
Tre McBride	WR	11	0	0	0	0	0	14	0	2	0	0	0	0	0	0
Jesse James	TE	11	0	0	0	0	0	21	1	5	0	0	0	0	0	0
Melvin Gordon	RB	11	0	0	0	80	1	0	0	0	0	0	0	0	0	0
Tyrell Williams	WR	11	0	0	0	0	0	11	0	1	0	0	0	0	0	0
Vince Mayle	TE	11	0	0	0	0	0	0	0	0	0	0	0	0	0	0
T.J. Yeldon	RB	11	0	0	0	15	0	5	0	1	0	0	0	0	0	0
Tyler Lockett	WR	11	0	0	0	0	0	37	0	4	0	0	0	0	0	0
Tyler Kroft	TE	11	0	0	0	0	0	12	1	2	0	0	0	0	0	0
Todd Gurley	RB	11	0	0	0	37	1	19	0	3	0	0	0	0	0	0
Clive Walford	TE	11	0	0	0	0	0	4	0	1	0	0	0	0	0	0
Duke Johnson	RB	11	0	0	0	10	0	56	1	4	0	0	0	0	0	0
Marcus Mariota	QB	11	306	1	4	5	1	0	0	0	0	0	0	0	0	0
Ross Travis	TE	11	0	0	0	0	0	11	0	1	0	0	0	0	0	0
Austin Hooper	TE	11	0	0	0	0	0	-1	0	2	0	0	0	0	0	0
Chris Moore	WR	11	0	0	0	0	0	0	0	0	0	0	0	0	0	0
Trevor Davis	WR	11	0	0	0	0	0	0	0	0	0	0	0	0	0	0
Alex Collins	RB	11	0	0	0	49	1	22	0	4	0	0	0	0	0	0
Jerell Adams	TE	11	0	0	0	0	0	6	0	1	0	0	0	0	0	0
David Morgan	TE	11	0	0	0	0	0	5	0	1	0	0	0	0	0	0
Kalif Raymond	WR	11	0	0	0	-1	0	12	0	1	0	0	0	0	0	0
Alex Erickson	WR	11	0	0	0	0	0	42	1	2	0	0	0	0	0	0
D.J. Foster	RB	11	0	0	0	0	0	26	0	2	0	0	0	0	0	0
J.D. McKissic	RB	11	0	0	0	30	0	23	0	5	0	0	0	0	0	0
Rashawn Scott	WR	11	0	0	0	0	0	0	0	0	0	0	0	0	0	0
Geronimo Allison	WR	11	0	0	0	0	0	0	0	0	0	0	0	0	0	0
Roger Lewis	WR	11	0	0	0	0	0	55	0	3	0	0	0	0	0	0
Ben Braunecker	TE	11	0	0	0	0	0	0	0	0	0	0	0	0	0	0
Stephen Anderson	TE	11	0	0	0	0	0	22	0	1	0	0	0	0	0	0
Peyton Barber	RB	11	0	0	0	0	0	11	0	2	0	0	0	0	0	0
Josh Doctson	WR	11	0	0	0	0	0	81	0	4	0	0	0	0	0	0
Derrick Henry	RB	11	0	0	0	32	0	0	0	0	0	0	0	0	0	0
Michael Thomas	WR	11	0	0	0	0	0	91	0	6	0	0	0	0	0	0
Demarcus Robinson	WR	11	0	0	0	0	0	7	0	1	0	0	0	0	0	0
Jordan Howard	RB	11	0	0	0	125	1	0	0	0	0	0	0	0	0	0
Jakeem Grant	WR	11	0	0	0	0	0	0	0	0	0	0	0	0	0	0
Danny Vitale	RB	11	0	0	0	0	0	0	0	0	0	0	0	0	0	0
Tommylee Lewis	WR	11	0	0	0	0	0	0	0	0	0	0	0	0	0	0
Johnny Holton	WR	11	0	0	0	0	0	0	0	0	0	0	0	0	0	0
DeAndre Washington	RB	11	0	0	0	7	0	12	0	2	0	0	0	0	0	0
Carson Wentz	QB	11	168	2	0	13	0	0	0	0	0	0	0	2	0	0
Laquon Treadwell	WR	11	0	0	0	0	0	10	0	2	0	0	0	0	0	0
Byron Marshall	RB	11	0	0	0	2	0	0	0	0	0	0	0	0	0	0
Corey Coleman	WR	11	0	0	0	0	0	80	0	6	0	0	0	0	0	0
Devontae Booker	RB	11	0	0	0	44	0	54	0	5	0	0	0	0	0	0
Rashard Higgins	WR	11	0	0	0	0	0	0	0	0	0	0	0	0	0	0
Jaydon Mickens	WR	11	0	0	0	0	0	0	0	0	0	0	0	0	0	0
Tyler Boyd	WR	11	0	0	0	0	0	5	0	1	0	0	0	0	0	0
Jalen Richard	RB	11	0	0	0	19	0	9	0	2	0	0	0	0	0	0
Tyreek Hill	WR	11	0	0	0	16	0	68	0	7	0	0	0	0	0	0
Austin Traylor	TE	11	0	0	0	0	0	36	0	4	0	0	0	0	0	0
Braxton Miller	WR	11	0	0	0	0	0	14	0	2	0	0	0	0	0	0
Dak Prescott	QB	11	145	0	3	10	0	0	0	0	1	0	0	0	0	0
Ricardo Louis	WR	11	0	0	0	0	0	15	0	1	0	0	0	0	0	0
Seth DeValve	TE	11	0	0	0	0	0	5	0	1	0	0	0	0	0	0
Hunter Henry	TE	11	0	0	0	0	0	25	0	2	0	0	0	0	0	0
Marvin Hall	WR	11	0	0	0	0	0	0	0	0	0	0	0	0	0	0
Jared Goff	QB	11	225	0	0	8	0	0	0	0	0	0	0	0	0	0
Tyler Higbee	TE	11	0	0	0	0	0	5	0	1	0	0	0	0	0	0
Pharoh Cooper	WR	11	0	0	0	0	0	0	0	0	0	0	0	0	0	0
Mike Thomas	WR	11	0	0	0	0	0	12	0	1	0	0	0	0	0	0
Kenyan Drake	RB	11	0	0	0	4	0	10	0	1	0	0	0	0	0	0
Devante Mays	RB	11	0	0	0	-1	0	0	0	0	0	1	0	0	0	0
Jacob Hollister	TE	11	0	0	0	0	0	0	0	0	0	0	0	0	0	0
Samaje Perine	RB	11	0	0	0	117	1	9	0	1	0	0	0	0	0	0
Jeremy Sprinkle	TE	11	0	0	0	0	0	7	1	1	0	0	0	0	0	0
Mike Williams	WR	11	0	0	0	0	0	38	0	5	0	0	0	0	0	0
James Conner	RB	11	0	0	0	12	0	0	0	0	0	0	0	0	0	0
Mack Hollins	WR	11	0	0	0	0	0	7	0	1	0	0	0	0	0	0
Tarik Cohen	RB	11	0	0	0	44	1	15	0	4	0	0	0	0	0	0
Ryan Switzer	WR	11	0	0	0	0	0	0	0	0	0	0	0	0	0	0
Jamal Agnew	WR	11	0	0	0	5	0	0	0	0	0	0	0	0	0	0
Eric Saubert	TE	11	0	0	0	0	0	0	0	0	0	0	0	0	0	0
Noah Brown	WR	11	0	0	0	0	0	14	0	1	0	0	0	0	0	0
Matt Dayes	RB	11	0	0	0	0	0	5	0	1	0	0	0	0	0	0
Ricky Seals-Jones	TE	11	0	0	0	0	0	54	2	3	0	0	0	0	0	0
Cooper Rush	QB	11	0	0	0	0	0	0	0	0	0	0	0	0	0	0
Keelan Cole	WR	11	0	0	0	0	0	24	0	3	0	0	0	0	0	0
Austin Ekeler	RB	11	0	0	0	40	1	18	0	2	0	0	0	0	0	0
Travis Rudolph	WR	11	0	0	0	0	0	34	0	3	0	0	0	0	0	0
Corey Clement	RB	11	0	0	0	50	1	0	0	0	0	0	0	0	1	0
Dede Westbrook	WR	11	0	0	0	0	0	35	0	3	0	0	0	0	0	0
Chris Thompson	WR	11	0	0	0	0	0	0	0	0	0	0	0	0	0	0
Leonard Fournette	RB	11	0	0	0	111	0	7	0	2	0	0	0	0	0	0
JuJu Smith-Schuster	WR	11	0	0	0	0	0	47	0	4	0	0	0	0	0	0
Jonnu Smith	TE	11	0	0	0	0	0	0	0	0	0	0	0	0	0	0
Mitchell Trubisky	QB	11	179	1	0	53	0	0	0	0	0	1	0	0	0	0
Corey Davis	WR	11	0	0	0	0	0	27	0	3	0	0	0	0	0	0
O.J. Howard	TE	11	0	0	0	0	0	52	1	3	0	0	0	0	0	0
Evan Engram	TE	11	0	0	0	0	0	9	0	1	0	0	0	0	0	0
David Njoku	TE	11	0	0	0	0	0	13	0	1	0	0	0	0	0	0
Zay Jones	WR	11	0	0	0	0	0	68	0	4	0	0	0	0	0	0
Gerald Everett	TE	11	0	0	0	0	0	8	0	1	0	0	0	0	0	0
Adam Shaheen	TE	11	0	0	0	0	0	41	1	4	0	0	0	0	0	0
Joe Mixon	RB	11	0	0	0	49	0	0	0	2	0	0	0	0	0	0
DeShone Kizer	QB	11	179	1	2	22	0	0	0	0	2	0	0	0	0	0
Alvin Kamara	RB	11	0	0	0	42	0	74	1	6	0	0	0	0	1	0
Cooper Kupp	WR	11	0	0	0	0	0	64	0	6	0	0	1	0	0	0
Taywan Taylor	WR	11	0	0	0	0	0	0	0	0	0	0	0	0	0	0
Chris Godwin Jr.	WR	11	0	0	0	0	0	38	0	2	0	0	0	0	0	0
Kareem Hunt	RB	11	0	0	0	73	0	4	0	3	0	0	0	0	0	0
D'Onta Foreman	RB	11	0	0	0	65	2	15	0	3	0	0	0	0	0	0
Kenny Golladay	WR	11	0	0	0	0	0	52	0	2	0	0	0	0	0	0
Josh Reynolds	WR	11	0	0	0	0	0	0	0	0	0	0	0	0	0	0
Jamaal Williams	RB	11	0	0	0	57	0	38	0	4	0	0	0	0	0	0
Wayne Gallman	RB	11	0	0	0	19	0	3	0	1	0	0	0	0	0	0
Nathan Peterman	QB	11	66	0	5	4	0	0	0	0	0	0	0	0	0	0
Tom Brady	QB	12	227	4	1	-4	0	0	0	0	0	1	0	0	0	0
Drew Brees	QB	12	246	1	0	5	0	0	0	0	0	0	0	0	0	0
Josh McCown	QB	12	307	3	0	28	0	0	0	0	1	0	0	0	0	0
Antonio Gates	TE	12	0	0	0	0	0	0	0	0	0	0	0	0	0	0
Jason Witten	TE	12	0	0	0	0	0	44	0	7	0	0	0	0	0	0
Eli Manning	QB	12	113	0	1	-1	0	0	0	0	0	0	0	0	0	0
Larry Fitzgerald	WR	12	0	0	0	0	0	12	0	3	0	0	0	0	0	1
Ben Roethlisberger	QB	12	351	4	2	25	0	0	0	0	0	0	0	1	0	0
Philip Rivers	QB	12	434	3	0	-5	0	0	0	0	0	0	0	0	0	0
Benjamin Watson	TE	12	0	0	0	0	0	29	0	3	0	0	0	0	0	0
Alex Smith	QB	12	199	1	1	35	0	0	0	0	0	0	0	0	0	0
Frank Gore	RB	12	0	0	0	62	1	17	0	2	0	0	0	0	0	0
Ryan Fitzpatrick	QB	12	283	0	0	20	0	0	0	0	0	0	0	0	0	0
Vernon Davis	TE	12	0	0	0	0	0	0	0	0	0	0	0	0	0	0
Marcedes Lewis	TE	12	0	0	0	0	0	10	0	1	0	0	0	0	0	0
Delanie Walker	TE	12	0	0	0	0	0	63	1	4	0	0	0	0	0	0
Adrian Peterson	RB	12	0	0	0	79	0	20	0	4	0	0	0	0	0	0
Ted Ginn	WR	12	0	0	0	0	0	71	0	7	0	0	0	0	0	0
Marshawn Lynch	RB	12	0	0	0	67	1	43	0	3	0	0	0	0	0	0
Greg Olsen	TE	12	0	0	0	0	0	10	0	1	0	0	0	0	0	0
Brent Celek	TE	12	0	0	0	0	0	0	0	0	0	0	0	0	0	0
Matt Moore	QB	12	215	1	2	9	0	0	0	0	0	0	0	0	0	0
Danny Woodhead	RB	12	0	0	0	22	0	23	0	4	0	0	0	0	0	0
Danny Amendola	WR	12	0	0	0	0	0	15	0	1	0	0	0	0	0	0
Matt Ryan	QB	12	317	1	0	1	0	0	0	0	0	0	0	0	0	0
Jonathan Stewart	RB	12	0	0	0	26	1	0	0	0	0	0	0	0	0	0
Joe Flacco	QB	12	141	0	0	42	0	0	0	0	0	0	0	0	0	0
Jordy Nelson	WR	12	0	0	0	0	0	11	0	3	0	0	0	0	0	0
Matt Forte	RB	12	0	0	0	26	0	0	0	0	0	0	0	0	0	0
DeSean Jackson	WR	12	0	0	0	0	0	60	0	8	0	0	0	0	0	0
Jamaal Charles	RB	12	0	0	0	3	0	7	0	2	0	0	0	0	0	0
Harry Douglas	WR	12	0	0	0	0	0	8	0	1	0	0	0	0	0	0
Matthew Stafford	QB	12	250	2	1	0	0	0	0	0	0	1	0	0	0	0
Mike Wallace	WR	12	0	0	0	0	0	48	0	5	0	0	0	0	0	0
Jeremy Maclin	WR	12	0	0	0	0	0	6	0	1	0	0	0	0	0	0
Kenny Britt	WR	12	0	0	0	0	0	52	0	2	0	0	0	0	0	0
LeSean McCoy	RB	12	0	0	0	49	0	30	0	4	0	0	0	0	0	0
Brandon Tate	WR	12	0	0	0	0	0	0	0	0	0	0	0	0	0	0
Jared Cook	TE	12	0	0	0	0	0	2	0	1	0	0	0	0	0	0
Louis Murphy	WR	12	0	0	0	0	0	14	1	2	0	0	0	0	0	0
Jeff Cumberland	TE	12	0	0	0	0	0	0	0	0	0	0	0	0	0	0
LeGarrette Blount	RB	12	0	0	0	97	0	0	0	0	0	1	0	0	0	0
Chris Ivory	RB	12	0	0	0	-6	0	0	0	0	0	1	0	0	0	0
Rob Gronkowski	TE	12	0	0	0	0	0	82	2	5	0	0	0	0	0	0
Ed Dickson	TE	12	0	0	0	0	0	15	0	1	0	0	0	0	0	0
Brandon LaFell	WR	12	0	0	0	0	0	33	0	3	0	0	0	0	0	0
Emmanuel Sanders	WR	12	0	0	0	0	0	12	0	3	0	0	0	0	0	0
Eric Decker	WR	12	0	0	0	0	0	23	0	3	0	0	0	0	0	0
Andre Roberts	WR	12	0	0	0	0	0	0	0	0	0	0	0	0	0	0
Jimmy Graham	TE	12	0	0	0	0	0	34	1	3	0	0	0	0	0	0
Michael Hoomanawanui	TE	12	0	0	0	0	0	0	0	0	0	0	0	0	0	0
Antonio Brown	WR	12	0	0	0	0	0	169	2	10	0	0	0	0	0	1
Joe Webb	QB	12	0	0	0	0	0	0	0	0	0	0	0	0	0	0
Jermaine Gresham	TE	12	0	0	0	0	0	13	0	2	0	0	0	0	0	0
Demaryius Thomas	WR	12	0	0	0	0	0	18	0	5	0	0	0	0	0	0
Golden Tate	WR	12	0	0	0	13	0	7	0	4	0	0	0	0	0	0
Dez Bryant	WR	12	0	0	0	0	0	37	0	3	0	0	0	0	0	0
Cam Newton	QB	12	168	0	0	28	1	0	0	0	0	0	0	0	1	0
A.J. Green	WR	12	0	0	0	0	0	66	0	5	0	0	0	0	0	0
Julio Jones	WR	12	0	0	0	15	0	253	2	12	0	0	0	0	0	0
Blaine Gabbert	QB	12	241	2	1	17	0	0	0	0	1	0	0	1	0	0
Mark Ingram	RB	12	0	0	0	31	0	5	0	2	0	0	0	0	0	0
Andy Dalton	QB	12	214	2	0	26	0	0	0	0	0	0	0	0	0	0
Kyle Rudolph	TE	12	0	0	0	0	0	63	2	4	0	0	0	0	0	0
Shane Vereen	RB	12	0	0	0	18	0	9	0	1	0	0	0	0	0	0
Torrey Smith	WR	12	0	0	0	0	0	30	0	4	0	0	0	0	0	0
Randall Cobb	WR	12	0	0	0	0	0	58	1	4	0	0	0	0	0	0
DeMarco Murray	RB	12	0	0	0	9	1	33	0	3	0	0	0	0	0	0
Bilal Powell	RB	12	0	0	0	34	0	12	0	1	0	0	0	0	0	0
Julius Thomas	TE	12	0	0	0	0	0	52	0	5	0	0	0	0	0	0
Jacquizz Rodgers	RB	12	0	0	0	31	0	6	0	1	0	0	0	0	0	0
Dion Lewis	RB	12	0	0	0	112	0	1	0	1	0	0	0	0	0	0
Niles Paul	TE	12	0	0	0	0	0	16	0	3	0	0	0	0	0	0
Lee Smith	TE	12	0	0	0	0	0	12	0	1	0	0	0	0	0	0
Charles Clay	TE	12	0	0	0	0	0	60	0	4	0	0	0	0	0	0
Aldrick Robinson	WR	12	0	0	0	0	0	8	0	1	0	0	0	0	0	0
Tyrod Taylor	QB	12	183	1	0	27	0	0	0	0	0	0	0	0	0	0
Jordan Todman	RB	12	0	0	0	0	0	0	0	0	0	0	0	0	0	0
Virgil Green	TE	12	0	0	0	0	0	16	0	1	0	0	0	0	0	0
Dontrelle Inman	WR	12	0	0	0	0	0	64	0	4	0	0	0	0	0	0
Doug Baldwin	WR	12	0	0	0	-5	0	25	0	2	0	0	0	0	0	0
Garrett Celek	TE	12	0	0	0	0	0	7	0	2	0	0	0	0	0	0
Case Keenum	QB	12	282	2	0	20	1	0	0	0	0	0	0	0	0	0
Cole Beasley	WR	12	0	0	0	0	0	19	0	2	0	0	0	0	0	0
Alshon Jeffery	WR	12	0	0	0	0	0	52	1	5	0	0	0	0	0	0
Alfred Morris	RB	12	0	0	0	36	0	13	0	1	0	0	0	0	0	0
Jermaine Kearse	WR	12	0	0	0	0	0	105	1	7	0	0	0	0	0	0
Travaris Cadet	RB	12	0	0	0	28	0	21	0	3	0	0	0	0	0	0
Russell Wilson	QB	12	228	2	1	25	1	0	0	0	0	0	0	0	0	0
Travis Benjamin	WR	12	0	0	0	6	0	50	0	3	0	0	0	0	0	0
Marvin Jones	WR	12	0	0	0	0	0	109	2	6	0	0	0	0	0	0
Deonte Thompson	WR	12	0	0	0	0	0	6	0	1	0	0	0	0	0	0
Brenton Bersin	WR	12	0	0	0	0	0	0	0	0	0	0	0	0	0	0
Nick Foles	QB	12	21	0	0	-3	0	0	0	0	0	1	0	0	0	0
Jarius Wright	WR	12	0	0	0	0	0	25	0	2	0	0	0	0	0	0
Rhett Ellison	TE	12	0	0	0	0	0	9	0	1	0	0	0	0	0	0
Kirk Cousins	QB	12	242	2	1	4	0	0	0	0	0	0	0	0	0	0
T.Y. Hilton	WR	12	0	0	0	0	0	15	0	2	0	0	0	0	0	0
Doug Martin	RB	12	0	0	0	33	0	0	0	0	0	0	0	0	0	0
Lamar Miller	RB	12	0	0	0	51	1	7	0	1	0	0	0	0	0	0
Mohamed Sanu	WR	12	51	1	0	0	0	64	0	8	0	0	0	0	0	0
Michael Floyd	WR	12	0	0	0	0	0	8	0	1	0	0	0	0	0	0
Dwayne Allen	TE	12	0	0	0	0	0	2	0	1	0	0	0	0	0	0
Coby Fleener	TE	12	0	0	0	0	0	8	0	1	0	0	0	0	0	0
Kendall Wright	WR	12	0	0	0	0	0	15	0	2	0	0	0	0	0	0
Fozzy Whittaker	RB	12	0	0	0	0	0	0	0	0	0	0	0	0	0	0
Darren Fells	TE	12	0	0	0	0	0	0	0	0	0	0	0	0	0	0
Benny Cunningham	RB	12	0	0	0	-1	0	9	0	1	0	0	0	0	0	0
C.J. Anderson	RB	12	0	0	0	12	0	0	0	0	0	0	0	0	0	0
Adam Thielen	WR	12	0	0	0	0	0	89	0	8	0	0	0	0	0	0
Zach Ertz	TE	12	0	0	0	0	0	103	1	10	0	0	0	0	0	0
Marquise Goodwin	WR	12	0	0	0	0	0	78	0	4	0	0	0	0	0	0
Kenny Stills	WR	12	0	0	0	0	0	47	0	3	0	0	0	0	0	0
Tavarres King	WR	12	0	0	0	0	0	36	0	2	0	0	0	0	0	0
Theo Riddick	RB	12	0	0	0	20	0	10	0	1	0	0	0	0	0	0
Kerwynn Williams	RB	12	0	0	0	8	0	10	0	1	0	0	0	0	0	0
Russell Shepard	WR	12	0	0	0	0	0	0	0	0	0	0	0	0	0	0
Demetrius Harris	TE	12	0	0	0	0	0	33	0	2	0	0	0	0	0	0
Jack Doyle	TE	12	0	0	0	0	0	94	0	7	0	0	0	0	0	0
Keenan Allen	WR	12	0	0	0	0	0	172	1	11	0	0	0	0	0	0
Rex Burkhead	RB	12	0	0	0	50	1	3	1	2	0	0	0	0	0	0
Jaron Brown	WR	12	0	0	0	0	0	52	1	1	0	0	0	0	0	0
Dion Sims	TE	12	0	0	0	0	0	-3	0	1	0	0	0	0	0	0
Giovani Bernard	RB	12	0	0	0	12	0	15	0	1	0	0	0	0	0	0
Markus Wheaton	WR	12	0	0	0	0	0	0	0	0	0	0	0	0	0	0
Kenjon Barner	RB	12	0	0	0	0	0	0	0	0	0	0	0	0	0	0
Eddie Lacy	RB	12	0	0	0	46	0	15	0	3	0	0	0	0	0	0
Le'Veon Bell	RB	12	0	0	0	95	0	88	0	12	0	1	0	0	0	0
Travis Kelce	TE	12	0	0	0	0	0	39	0	3	0	0	0	0	0	0
Latavius Murray	RB	12	0	0	0	84	1	0	0	0	0	0	0	0	0	0
Brice Butler	WR	12	0	0	0	0	0	5	0	1	0	0	0	0	0	0
Justin Hunter	WR	12	0	0	0	0	0	0	0	0	0	0	0	0	0	0
Tavon Austin	WR	12	0	0	0	17	0	-1	0	3	0	0	0	0	0	0
Terrance Williams	WR	12	0	0	0	6	0	54	0	4	0	0	0	0	0	0
DeAndre Hopkins	WR	12	0	0	0	0	0	125	0	7	0	0	0	0	0	0
Cordarrelle Patterson	RB	12	0	0	0	0	0	72	0	3	0	0	0	0	0	0
Isaiah Crowell	RB	12	0	0	0	95	0	10	0	1	0	0	0	0	0	0
Willie Snead	WR	12	0	0	0	0	0	9	0	1	0	0	0	0	0	0
Charcandrick West	RB	12	0	0	0	0	0	7	0	3	0	0	0	0	0	0
Albert Wilson	WR	12	0	0	0	0	0	36	1	3	0	0	0	0	0	0
Bennie Fowler	WR	12	0	0	0	0	0	33	1	3	0	0	0	0	0	0
Orleans Darkwa	RB	12	0	0	0	30	0	9	0	1	0	0	0	0	0	0
Damien Williams	RB	12	0	0	0	38	0	14	0	3	0	0	0	0	0	0
Xavier Grimble	TE	12	0	0	0	0	0	1	1	1	0	0	0	0	0	0
Troy Niklas	TE	12	0	0	0	0	0	22	0	2	0	0	0	0	0	0
Carlos Hyde	RB	12	0	0	0	47	0	21	0	7	0	0	0	0	0	0
James White	RB	12	0	0	0	13	0	2	0	1	0	0	0	0	0	0
Tom Savage	QB	12	252	0	2	0	0	0	0	0	1	0	0	0	0	0
Ryan Grant	WR	12	0	0	0	0	0	3	0	1	0	0	0	0	0	0
Alfred Blue	RB	12	0	0	0	15	0	11	0	2	0	0	0	0	0	0
Seth Roberts	WR	12	0	0	0	0	0	26	0	2	0	0	0	0	0	0
T.J. Jones	WR	12	0	0	0	0	0	0	0	0	0	0	0	0	0	0
Taylor Gabriel	WR	12	0	0	0	0	0	16	0	3	0	0	0	0	0	0
Brandin Cooks	WR	12	0	0	0	11	0	83	1	6	0	0	0	0	0	0
Paul Richardson	WR	12	0	0	0	0	0	70	0	4	0	0	0	0	0	0
Cameron Brate	TE	12	0	0	0	0	0	6	0	1	0	0	0	0	0	0
Derek Carr	QB	12	253	2	0	-3	0	0	0	0	1	0	0	0	0	0
Jordan Matthews	TE	12	0	0	0	0	0	15	0	2	0	0	0	0	0	0
C.J. Fiedorowicz	TE	12	0	0	0	0	0	37	0	4	0	0	0	0	0	0
Sammy Watkins	WR	12	0	0	0	0	0	82	1	4	0	0	0	0	0	0
Bruce Ellington	WR	12	0	0	0	0	0	29	0	3	0	0	0	0	0	0
Donte Moncrief	WR	12	0	0	0	0	0	16	0	1	0	0	0	0	0	0
Cody Latimer	WR	12	0	0	0	0	0	48	1	3	0	0	0	0	0	0
Jimmy Garoppolo	QB	12	18	1	0	4	0	0	0	0	0	0	0	0	0	0
Martavis Bryant	WR	12	0	0	0	1	0	40	1	4	0	0	0	0	0	0
Jerick McKinnon	RB	12	0	0	0	23	0	31	0	1	0	0	0	0	0	0
Davante Adams	WR	12	0	0	0	0	0	82	1	5	0	0	0	0	0	0
Jarvis Landry	WR	12	0	0	0	0	0	70	0	8	0	0	0	0	0	0
Richard Rodgers	TE	12	0	0	0	0	0	25	0	1	0	0	0	0	0	0
Eric Ebron	TE	12	0	0	0	0	0	34	0	4	0	0	0	0	0	0
Charles Sims	RB	12	0	0	0	3	0	26	0	3	0	0	0	0	0	0
Blake Bortles	QB	12	160	0	1	62	2	0	0	0	0	0	0	0	0	0
Mike Evans	WR	12	0	0	0	0	0	78	0	6	0	0	0	0	0	0
Austin Seferian-Jenkins	TE	12	0	0	0	0	0	27	0	2	0	0	0	0	0	0
Marqise Lee	WR	12	0	0	0	0	0	13	0	1	0	0	0	0	0	0
Chris Manhertz	TE	12	0	0	0	0	0	0	0	0	0	0	0	0	0	0
Amari Cooper	WR	12	0	0	0	0	0	9	1	1	0	0	0	0	0	0
DeVante Parker	WR	12	0	0	0	0	0	5	0	1	0	0	0	0	0	0
Nelson Agholor	WR	12	0	0	0	0	0	32	1	3	0	0	0	0	0	0
Maxx Williams	TE	12	0	0	0	0	0	12	0	1	0	0	0	0	0	0
Javorius Allen	RB	12	0	0	0	15	1	2	0	1	0	0	0	0	0	0
Stefon Diggs	WR	12	0	0	0	9	0	66	0	5	0	0	0	0	0	0
Brett Hundley	QB	12	245	3	0	6	0	0	0	0	0	0	0	0	0	0
Jay Ajayi	RB	12	0	0	0	26	0	7	0	1	0	0	0	0	0	0
Nick Boyle	TE	12	0	0	0	0	0	9	0	1	0	0	0	0	0	0
Cameron Artis-Payne	RB	12	0	0	0	0	0	0	0	0	0	0	0	0	0	0
Zach Zenner	RB	12	0	0	0	6	0	0	0	0	0	0	0	0	0	0
Terron Ward	RB	12	0	0	0	35	0	-3	0	1	0	1	0	0	0	0
Raheem Mostert	RB	12	0	0	0	0	0	0	0	0	0	0	0	0	0	0
Eric Tomlinson	TE	12	0	0	0	0	0	0	0	0	0	0	0	0	0	0
Jordan Taylor	WR	12	0	0	0	0	0	0	0	0	0	0	0	0	0	0
Corey Grant	RB	12	0	0	0	0	0	0	0	0	0	0	0	0	0	0
Akeem Hunt	RB	12	0	0	0	-10	0	6	0	1	0	0	0	0	0	0
Eli Rogers	WR	12	0	0	0	0	0	21	0	3	0	0	0	0	0	0
Rod Smith	RB	12	0	0	0	41	1	7	0	2	0	0	0	0	0	0
Jamison Crowder	WR	12	0	0	0	0	0	141	1	7	0	0	0	0	0	0
James O'Shaughnessy	TE	12	0	0	0	0	0	7	0	1	0	0	0	0	0	0
Adam Humphries	WR	12	0	0	0	0	0	38	0	4	0	0	0	0	0	0
Breshad Perriman	WR	12	0	0	0	0	0	0	0	0	0	0	0	0	0	0
Devin Funchess	WR	12	0	0	0	0	0	108	0	7	0	0	0	0	0	0
Tevin Coleman	RB	12	0	0	0	97	2	0	0	0	0	0	0	0	0	0
Daniel Brown	TE	12	0	0	0	0	0	20	0	2	0	0	0	0	0	0
Ameer Abdullah	RB	12	0	0	0	14	0	29	0	3	0	0	0	0	0	0
J.J. Nelson	WR	12	0	0	0	0	0	14	0	1	0	0	0	0	0	0
Kaelin Clay	WR	12	0	0	0	29	0	0	0	0	0	0	0	0	0	0
Nick O'Leary	TE	12	0	0	0	0	0	18	0	2	0	0	0	0	0	0
Tre McBride	WR	12	0	0	0	0	0	20	0	2	0	0	0	0	0	0
C.J. Uzomah	TE	12	0	0	0	0	0	0	0	0	0	0	0	0	0	0
Jesse James	TE	12	0	0	0	0	0	32	0	3	0	0	0	0	0	0
Melvin Gordon	RB	12	0	0	0	65	0	23	0	3	0	0	0	0	0	0
Trevor Siemian	QB	12	149	2	0	9	0	0	0	0	0	0	0	0	0	0
Tyrell Williams	WR	12	0	0	0	0	0	58	1	2	0	0	0	0	0	0
Vince Mayle	TE	12	0	0	0	0	0	0	0	0	0	0	0	0	0	0
Phillip Dorsett	WR	12	0	0	0	0	0	39	0	1	0	0	0	0	0	0
T.J. Yeldon	RB	12	0	0	0	10	0	42	0	5	0	0	0	0	0	0
Tyler Lockett	WR	12	0	0	0	2	0	0	0	0	0	0	0	0	0	0
Tyler Kroft	TE	12	0	0	0	0	0	14	1	3	0	0	0	0	0	0
Todd Gurley	RB	12	0	0	0	74	0	54	0	4	0	0	0	0	0	0
Duke Johnson	RB	12	0	0	0	35	0	32	0	4	0	0	0	0	0	0
Marcus Mariota	QB	12	184	1	2	4	0	0	0	0	0	0	0	0	0	0
Ross Travis	TE	12	0	0	0	0	0	0	0	0	0	0	0	0	0	0
Chester Rogers	WR	12	0	0	0	0	0	34	0	3	0	0	0	0	0	0
Maurice Harris	WR	12	0	0	0	0	0	12	0	2	0	0	0	0	0	0
Austin Hooper	TE	12	0	0	0	0	0	38	0	3	0	0	0	0	0	0
Nick Vannett	TE	12	0	0	0	0	0	29	1	2	0	0	0	0	0	0
Chris Moore	WR	12	0	0	0	0	0	37	0	3	0	0	0	0	0	0
Paul Perkins	RB	12	0	0	0	0	0	0	0	0	0	0	0	0	0	0
Trevor Davis	WR	12	0	0	0	4	0	0	0	0	0	0	0	0	0	0
Alex Collins	RB	12	0	0	0	60	1	-3	0	2	0	0	0	0	0	0
Jake Rudock	QB	12	0	0	0	0	0	0	0	0	0	0	0	0	0	0
Kalif Raymond	WR	12	0	0	0	0	0	0	0	0	0	0	0	0	0	0
Tanner McEvoy	WR	12	0	0	0	0	0	31	0	2	0	0	0	0	0	0
Alex Erickson	WR	12	0	0	0	0	0	18	0	1	0	0	0	0	0	0
D.J. Foster	RB	12	0	0	0	4	0	18	0	3	0	0	0	0	0	0
J.D. McKissic	RB	12	0	0	0	22	0	24	0	4	0	0	0	0	0	0
Roger Lewis	WR	12	0	0	0	0	0	26	0	3	0	0	0	0	0	0
Robbie Chosen	WR	12	0	0	0	0	0	146	2	6	0	0	0	0	0	0
Bryce Treggs	WR	12	0	0	0	0	0	0	0	0	0	0	0	0	0	0
Peyton Barber	RB	12	0	0	0	7	2	0	0	0	0	0	0	0	0	0
Josh Doctson	WR	12	0	0	0	0	0	28	1	2	0	0	0	0	0	0
Derrick Henry	RB	12	0	0	0	79	0	10	0	1	0	0	0	0	0	0
Michael Thomas	WR	12	0	0	0	0	0	52	0	5	0	0	0	0	0	0
Demarcus Robinson	WR	12	0	0	0	0	0	24	0	2	0	0	0	0	0	0
Jordan Howard	RB	12	0	0	0	6	0	13	0	2	0	0	0	0	0	0
Jakeem Grant	WR	12	0	0	0	0	0	0	0	0	0	0	0	0	0	0
Danny Vitale	RB	12	0	0	0	0	0	0	0	0	0	0	0	0	0	0
Cody Core	WR	12	0	0	0	0	0	0	0	0	0	0	0	0	0	0
Tommylee Lewis	WR	12	0	0	0	0	0	0	0	0	0	0	0	0	0	0
Johnny Holton	WR	12	0	0	0	0	0	53	0	2	0	0	0	0	0	0
DeAndre Washington	RB	12	0	0	0	23	0	23	0	3	0	0	0	0	0	0
Carson Wentz	QB	12	227	3	0	29	0	0	0	0	0	0	0	0	0	0
Byron Marshall	RB	12	0	0	0	18	0	12	0	1	0	0	0	0	0	0
Corey Coleman	WR	12	0	0	0	0	0	64	0	3	0	0	0	0	0	0
Devontae Booker	RB	12	0	0	0	11	0	22	0	2	0	0	0	0	0	0
Rashard Higgins	WR	12	0	0	0	0	0	30	0	2	0	0	0	0	0	0
Jaydon Mickens	WR	12	0	0	0	0	0	0	0	0	0	0	0	0	0	0
Tyler Boyd	WR	12	0	0	0	0	0	17	1	2	0	0	0	0	0	0
Jalen Richard	RB	12	0	0	0	17	0	13	1	2	0	0	0	0	0	0
Tyreek Hill	WR	12	0	0	0	13	0	41	0	7	0	0	0	0	0	0
Austin Traylor	TE	12	0	0	0	0	0	34	0	1	0	0	0	0	0	0
Braxton Miller	WR	12	0	0	0	0	0	43	0	5	0	0	0	0	0	0
Dak Prescott	QB	12	179	0	2	0	0	0	0	0	0	0	0	0	0	0
Ricardo Louis	WR	12	0	0	0	0	0	0	0	0	0	0	0	0	0	0
Seth DeValve	TE	12	0	0	0	0	0	33	0	2	0	0	0	0	0	0
Hunter Henry	TE	12	0	0	0	0	0	76	1	5	0	0	0	0	0	0
Cody Kessler	QB	12	0	0	0	0	0	0	0	0	0	0	0	0	0	0
Jared Goff	QB	12	354	2	1	-3	0	0	0	0	0	0	0	0	0	0
Paxton Lynch	QB	12	41	0	1	17	0	0	0	0	0	0	0	0	0	0
Tyler Higbee	TE	12	0	0	0	0	0	48	0	3	0	0	0	0	0	0
Pharoh Cooper	WR	12	0	0	0	0	0	9	0	1	0	0	0	0	0	0
Kenyan Drake	RB	12	0	0	0	20	0	27	1	3	0	1	0	0	0	0
Jacoby Brissett	QB	12	196	0	0	16	0	0	0	0	0	1	0	0	0	0
JoJo Natson	WR	12	0	0	0	0	0	-1	0	1	0	0	0	0	0	0
Christian McCaffrey	RB	12	0	0	0	62	0	35	0	2	0	0	0	0	0	0
George Kittle	TE	12	0	0	0	0	0	14	0	1	0	0	0	0	0	0
Trent Taylor	WR	12	0	0	0	0	0	35	0	2	0	0	0	0	0	0
Elijah McGuire	RB	12	0	0	0	21	0	13	0	1	0	0	0	0	0	0
Kendrick Bourne	WR	12	0	0	0	0	0	22	0	2	0	0	0	0	0	0
Matt Breida	RB	12	0	0	0	12	0	12	0	1	0	0	0	0	0	0
Cethan Carter	TE	12	0	0	0	0	0	0	0	0	0	0	0	0	0	0
Jacob Hollister	TE	12	0	0	0	0	0	0	0	0	0	0	0	0	0	0
Jehu Chesson	WR	12	0	0	0	0	0	0	0	0	0	0	0	0	0	0
Samaje Perine	RB	12	0	0	0	100	0	30	0	3	0	0	0	0	0	0
Brendan Langley	WR	12	0	0	0	0	0	0	0	0	0	0	0	0	0	0
Mack Hollins	WR	12	0	0	0	0	0	12	0	2	0	0	0	0	0	0
Tarik Cohen	RB	12	0	0	0	-11	0	8	0	2	0	0	0	0	0	0
Ryan Switzer	WR	12	0	0	0	-4	0	0	0	0	0	0	0	0	0	0
Matt Dayes	RB	12	0	0	0	0	0	0	0	0	0	0	0	0	0	0
Ricky Seals-Jones	TE	12	0	0	0	0	0	72	1	4	0	0	0	0	0	0
Keelan Cole	WR	12	0	0	0	0	0	30	0	2	0	0	0	0	0	0
Austin Ekeler	RB	12	0	0	0	15	0	55	0	3	0	0	0	0	0	0
Travis Rudolph	WR	12	0	0	0	0	0	0	0	0	0	0	0	0	0	0
Corey Clement	RB	12	0	0	0	27	0	12	0	1	0	0	0	0	0	0
Trey Edmunds	RB	12	0	0	0	0	0	0	0	0	0	0	0	0	0	0
Dede Westbrook	WR	12	0	0	0	0	0	41	0	6	0	0	0	0	0	0
Chad Hansen	WR	12	0	0	0	0	0	0	0	0	0	0	0	0	0	0
Chris Thompson	WR	12	0	0	0	0	0	0	0	0	0	0	0	0	0	0
Leonard Fournette	RB	12	0	0	0	25	0	17	0	3	0	0	0	0	0	0
Josh Malone	WR	12	0	0	0	0	0	0	0	0	0	0	0	0	0	0
Mitchell Trubisky	QB	12	147	0	2	12	0	0	0	0	0	0	0	0	0	0
Corey Davis	WR	12	0	0	0	0	0	39	0	4	0	0	0	0	0	0
O.J. Howard	TE	12	0	0	0	0	0	52	0	3	0	0	0	0	0	0
Evan Engram	TE	12	0	0	0	0	0	18	0	3	0	0	0	0	0	0
David Njoku	TE	12	0	0	0	0	0	47	0	4	0	0	0	0	0	0
Zay Jones	WR	12	0	0	0	0	0	33	1	3	0	0	0	0	0	0
Gerald Everett	TE	12	0	0	0	0	0	9	0	1	0	0	0	0	0	0
Adam Shaheen	TE	12	0	0	0	0	0	1	0	1	0	0	0	0	0	0
Joe Mixon	RB	12	0	0	0	114	1	51	0	3	0	0	0	0	0	0
DeShone Kizer	QB	12	268	0	0	39	1	0	0	0	0	0	0	0	0	0
Alvin Kamara	RB	12	0	0	0	87	1	101	1	6	0	0	0	0	0	0
Cooper Kupp	WR	12	0	0	0	0	0	116	0	8	0	0	0	0	0	0
Taywan Taylor	WR	12	0	0	0	0	0	8	0	1	0	0	0	0	0	0
Chris Godwin Jr.	WR	12	0	0	0	0	0	17	0	1	0	0	0	0	0	0
Kareem Hunt	RB	12	0	0	0	17	0	9	0	1	0	0	0	0	0	0
Kenny Golladay	WR	12	0	0	0	0	0	61	0	2	0	0	0	0	0	0
Chad Williams	WR	12	0	0	0	0	0	8	0	1	0	0	0	0	0	0
C.J. Beathard	QB	12	201	0	1	21	0	0	0	0	0	0	0	0	0	0
Josh Reynolds	WR	12	0	0	0	0	0	37	1	4	0	0	0	0	0	0
Jamaal Williams	RB	12	0	0	0	66	1	69	1	4	0	0	0	0	0	0
Wayne Gallman	RB	12	0	0	0	37	0	6	0	2	0	0	0	0	0	0
Marlon Mack	RB	12	0	0	0	11	0	20	0	2	0	0	0	0	0	0
Tom Brady	QB	13	258	0	1	0	0	0	0	0	0	0	0	0	0	0
Drew Brees	QB	13	269	1	0	-3	0	0	0	0	0	0	0	0	0	0
Josh McCown	QB	13	331	1	0	19	2	0	0	0	0	0	0	0	0	0
Antonio Gates	TE	13	0	0	0	0	0	32	0	3	0	0	0	0	0	0
Jason Witten	TE	13	0	0	0	0	0	8	1	1	0	0	0	0	0	0
Larry Fitzgerald	WR	13	0	0	0	0	0	98	1	10	0	0	0	0	0	0
Ben Roethlisberger	QB	13	290	2	1	4	0	0	0	0	0	0	0	0	0	0
Philip Rivers	QB	13	344	1	0	-2	0	0	0	0	0	0	0	0	0	0
Benjamin Watson	TE	13	0	0	0	0	0	24	1	3	0	0	0	0	0	0
Alex Smith	QB	13	366	4	0	70	0	0	0	0	0	0	0	0	0	0
Frank Gore	RB	13	0	0	0	61	0	0	0	0	0	0	0	0	0	0
Vernon Davis	TE	13	0	0	0	0	0	15	0	2	0	0	0	0	0	0
Jay Cutler	QB	13	235	2	2	1	0	0	0	0	0	0	0	0	0	0
Marcedes Lewis	TE	13	0	0	0	0	0	46	0	4	0	0	0	0	0	1
Anthony Fasano	TE	13	0	0	0	0	0	29	0	1	0	0	0	0	0	0
Delanie Walker	TE	13	0	0	0	0	0	63	1	5	0	0	0	0	0	0
Eric Weems	WR	13	0	0	0	0	0	0	0	0	0	0	0	0	0	0
Ted Ginn	WR	13	0	0	0	6	0	27	0	2	0	0	0	0	0	0
Marshawn Lynch	RB	13	0	0	0	101	1	20	0	2	0	0	0	0	0	0
Brent Celek	TE	13	0	0	0	0	0	0	0	0	0	0	0	0	0	0
Danny Woodhead	RB	13	0	0	0	9	0	14	0	2	0	0	0	0	0	0
Danny Amendola	WR	13	0	0	0	0	0	34	0	2	0	0	0	0	0	0
Matt Ryan	QB	13	173	0	0	1	0	0	0	0	0	0	0	0	0	0
Jonathan Stewart	RB	13	0	0	0	45	1	0	0	0	0	0	0	0	0	0
Joe Flacco	QB	13	269	2	0	-1	0	0	0	0	0	0	0	0	0	0
Jordy Nelson	WR	13	0	0	0	0	0	17	0	5	0	0	0	0	0	0
Matt Forte	RB	13	0	0	0	58	0	33	1	3	0	0	0	0	0	0
DeSean Jackson	WR	13	0	0	0	0	0	24	0	2	0	0	0	0	0	0
Jamaal Charles	RB	13	0	0	0	12	0	39	0	5	0	0	0	0	0	0
Matthew Stafford	QB	13	292	1	1	2	0	0	0	0	1	0	0	0	0	0
Brian Hoyer	QB	13	0	0	0	-2	0	0	0	0	0	0	0	0	0	0
Mike Wallace	WR	13	0	0	0	0	0	116	0	5	0	0	0	0	0	0
Darrius Heyward-Bey	WR	13	0	0	0	0	0	0	0	0	0	0	0	0	0	0
Jeremy Maclin	WR	13	0	0	0	0	0	41	0	4	0	0	0	0	0	0
Kenny Britt	WR	13	0	0	0	0	0	10	0	2	0	0	0	0	0	0
LeSean McCoy	RB	13	0	0	0	93	0	9	0	2	0	0	0	0	0	0
Brandon Tate	WR	13	0	0	0	0	0	0	0	0	0	0	0	0	0	0
Jared Cook	TE	13	0	0	0	0	0	9	0	1	0	0	0	0	0	0
Louis Murphy	WR	13	0	0	0	0	0	16	0	1	0	0	0	0	0	0
LeGarrette Blount	RB	13	0	0	0	26	0	0	0	0	0	0	0	0	0	0
Chris Ivory	RB	13	0	0	0	12	0	3	0	1	0	0	0	0	0	0
Rob Gronkowski	TE	13	0	0	0	0	0	147	0	9	0	0	0	0	0	0
Ed Dickson	TE	13	0	0	0	0	0	18	0	2	0	0	0	0	0	0
Brandon LaFell	WR	13	0	0	0	0	0	55	0	4	0	0	0	0	0	0
Emmanuel Sanders	WR	13	0	0	0	0	0	11	0	2	0	0	0	0	0	0
Eric Decker	WR	13	0	0	0	0	0	27	0	3	0	0	0	0	0	0
Andre Roberts	WR	13	0	0	0	0	0	0	0	0	0	0	0	0	0	0
Jimmy Graham	TE	13	0	0	0	0	0	26	1	3	0	0	0	0	0	0
Michael Hoomanawanui	TE	13	0	0	0	0	0	0	0	1	0	0	0	0	0	0
Antonio Brown	WR	13	0	0	0	0	0	101	1	8	0	0	0	0	0	0
Joe Webb	QB	13	0	0	0	27	0	0	0	0	0	0	0	0	0	0
Jermaine Gresham	TE	13	0	0	0	0	0	17	0	2	0	0	0	0	0	0
Demaryius Thomas	WR	13	0	0	0	0	0	27	0	2	0	0	0	0	0	0
Golden Tate	WR	13	0	0	0	0	0	69	0	8	0	0	0	0	0	0
Dez Bryant	WR	13	0	0	0	0	0	61	1	5	0	0	0	0	0	0
Cam Newton	QB	13	183	2	0	51	0	0	0	0	0	0	0	0	0	0
A.J. Green	WR	13	0	0	0	0	0	77	2	7	0	0	0	0	0	0
Julio Jones	WR	13	0	0	0	0	0	24	0	2	0	0	0	0	0	0
Blaine Gabbert	QB	13	221	1	2	12	0	0	0	0	0	0	0	0	0	0
Mark Ingram	RB	13	0	0	0	85	1	37	0	6	0	0	0	0	0	0
Andy Dalton	QB	13	234	2	0	19	0	0	0	0	0	0	0	0	0	0
Kyle Rudolph	TE	13	0	0	0	0	0	36	1	4	0	0	0	0	0	0
Lance Kendricks	TE	13	0	0	0	0	0	11	0	1	0	0	0	0	0	0
Shane Vereen	RB	13	0	0	0	-3	0	13	0	3	0	0	0	0	0	0
Torrey Smith	WR	13	0	0	0	0	0	29	0	5	0	0	0	0	0	0
DeMarco Murray	RB	13	0	0	0	66	0	13	0	2	0	0	0	0	0	0
Bilal Powell	RB	13	0	0	0	48	1	2	0	2	0	0	0	0	0	0
Julius Thomas	TE	13	0	0	0	0	0	20	1	3	0	0	0	0	0	0
Jacquizz Rodgers	RB	13	0	0	0	25	0	0	0	0	0	0	0	0	0	0
Dion Lewis	RB	13	0	0	0	92	0	0	0	0	0	0	0	0	0	0
Niles Paul	TE	13	0	0	0	0	0	12	0	3	0	0	0	0	0	0
Charles Clay	TE	13	0	0	0	0	0	20	0	3	0	0	0	0	0	0
Tyrod Taylor	QB	13	65	0	1	32	0	0	0	0	0	0	0	0	0	0
Jordan Todman	RB	13	0	0	0	0	0	0	0	0	0	0	0	0	0	0
Virgil Green	TE	13	0	0	0	0	0	36	0	1	0	0	0	0	0	0
Andre Holmes	WR	13	0	0	0	0	0	0	0	0	0	0	0	0	0	0
Dontrelle Inman	WR	13	0	0	0	0	0	21	1	2	0	0	0	0	0	0
Doug Baldwin	WR	13	0	0	0	0	0	84	0	5	0	0	0	0	0	0
Kamar Aiken	WR	13	0	0	0	0	0	0	0	0	0	0	0	0	0	0
Garrett Celek	TE	13	0	0	0	0	0	30	0	2	0	0	0	0	0	0
Case Keenum	QB	13	227	2	0	-1	0	0	0	0	0	0	0	0	0	0
Phillip Supernaw	TE	13	0	0	0	0	0	20	0	1	0	0	0	0	0	0
Cole Beasley	WR	13	0	0	0	0	0	14	0	2	0	0	0	0	0	0
Derek Carrier	TE	13	0	0	0	0	0	14	0	1	0	0	0	0	0	0
Alshon Jeffery	WR	13	0	0	0	0	0	61	0	4	0	0	0	0	0	0
Alfred Morris	RB	13	0	0	0	127	1	0	0	0	0	0	0	0	0	0
Jermaine Kearse	WR	13	0	0	0	0	0	157	0	9	0	0	0	0	0	0
Travaris Cadet	RB	13	0	0	0	22	0	19	0	3	0	0	0	0	0	0
Russell Wilson	QB	13	227	3	0	31	0	0	0	0	0	0	0	0	0	0
Travis Benjamin	WR	13	0	0	0	0	0	68	0	4	0	0	0	0	0	0
Marvin Jones	WR	13	0	0	0	0	0	90	0	4	0	0	0	0	0	0
Josh Bellamy	WR	13	0	0	0	0	0	4	0	1	0	0	0	0	0	0
Brittan Golden	WR	13	0	0	0	0	0	0	0	0	0	0	0	0	0	0
Deonte Thompson	WR	13	0	0	0	0	0	21	0	2	0	0	0	0	0	0
Brenton Bersin	WR	13	0	0	0	0	0	18	0	1	0	0	0	0	0	0
Jamize Olawale	RB	13	0	0	0	9	0	14	0	2	0	0	0	0	0	0
Jarius Wright	WR	13	0	0	0	0	0	18	0	3	0	0	0	0	0	0
Rhett Ellison	TE	13	0	0	0	0	0	5	0	1	0	0	0	0	0	0
Kirk Cousins	QB	13	251	2	2	6	0	0	0	0	1	0	0	0	0	0
T.Y. Hilton	WR	13	0	0	0	0	0	51	1	3	0	0	0	0	0	0
Lamar Miller	RB	13	0	0	0	56	0	38	0	4	0	0	0	0	0	0
Mohamed Sanu	WR	13	0	0	0	0	0	43	0	3	0	0	0	0	0	0
Michael Floyd	WR	13	0	0	0	0	0	20	0	2	0	0	0	0	0	0
Josh Gordon	WR	13	0	0	0	0	0	85	0	4	0	0	0	0	0	0
Dwayne Allen	TE	13	0	0	0	0	0	3	0	1	0	0	0	0	0	0
Kendall Wright	WR	13	0	0	0	0	0	25	0	2	0	0	0	0	0	0
Fozzy Whittaker	RB	13	0	0	0	0	0	0	0	0	0	0	0	0	0	0
Darren Fells	TE	13	0	0	0	0	0	10	0	2	0	0	0	0	0	0
Brandon Williams	TE	13	0	0	0	0	0	11	0	2	0	0	0	0	0	0
Benny Cunningham	RB	13	0	0	0	0	0	0	0	0	0	0	0	0	0	0
C.J. Anderson	RB	13	0	0	0	67	0	43	0	4	0	0	0	0	0	0
Adam Thielen	WR	13	0	0	0	0	0	51	0	4	0	0	0	0	0	0
Zach Ertz	TE	13	0	0	0	0	0	24	0	2	0	0	0	0	0	0
Marquise Goodwin	WR	13	0	0	0	0	0	99	0	8	0	0	0	0	0	0
Kenny Stills	WR	13	0	0	0	0	0	98	1	5	0	0	1	0	0	0
Tavarres King	WR	13	0	0	0	0	0	23	0	4	0	0	0	0	0	0
Theo Riddick	RB	13	0	0	0	21	1	41	0	5	0	0	0	0	0	0
Kerwynn Williams	RB	13	0	0	0	97	0	0	0	0	0	0	0	0	0	0
Russell Shepard	WR	13	0	0	0	0	0	29	0	3	0	0	0	0	0	0
Jack Doyle	TE	13	0	0	0	0	0	16	0	3	0	0	0	0	0	0
Josh Hill	TE	13	0	0	0	0	0	8	0	1	0	0	1	0	0	0
Keenan Allen	WR	13	0	0	0	0	0	105	1	10	0	0	0	0	0	0
Andre Ellington	RB	13	0	0	0	-4	0	56	0	5	0	0	0	0	0	0
Rex Burkhead	RB	13	0	0	0	78	2	25	0	3	0	0	0	0	0	0
Jaron Brown	WR	13	0	0	0	0	0	0	0	0	0	0	0	0	0	0
Dion Sims	TE	13	0	0	0	0	0	5	0	1	0	0	0	0	0	0
Levine Toilolo	TE	13	0	0	0	0	0	25	0	2	0	0	0	0	0	0
Giovani Bernard	RB	13	0	0	0	77	0	19	0	2	0	0	0	0	0	0
Kenjon Barner	RB	13	0	0	0	0	0	0	0	0	0	0	0	0	0	0
Eddie Lacy	RB	13	0	0	0	3	0	0	0	0	0	0	0	0	0	0
Le'Veon Bell	RB	13	0	0	0	76	0	106	1	5	0	0	0	0	0	0
Travis Kelce	TE	13	0	0	0	0	0	94	2	4	0	0	0	0	0	0
Latavius Murray	RB	13	0	0	0	76	0	21	0	3	0	0	0	0	0	0
Brice Butler	WR	13	0	0	0	0	0	0	0	0	0	0	0	0	0	0
Tavon Austin	WR	13	0	0	0	8	0	0	0	0	0	0	0	0	0	0
Terrance Williams	WR	13	0	0	0	0	0	21	0	2	0	0	0	0	0	0
DeAndre Hopkins	WR	13	0	0	0	0	0	80	0	8	0	0	0	0	0	0
Geno Smith	QB	13	212	1	0	13	0	0	0	0	2	0	0	0	0	0
Cordarrelle Patterson	RB	13	0	0	0	1	0	97	0	4	0	0	0	0	0	0
Isaiah Crowell	RB	13	0	0	0	41	0	3	0	1	0	0	0	0	0	0
Willie Snead	WR	13	0	0	0	0	0	31	0	2	0	0	0	0	0	0
Albert Wilson	WR	13	0	0	0	0	0	27	0	3	0	0	0	0	0	0
Bennie Fowler	WR	13	0	0	0	0	0	23	0	1	0	0	0	0	0	0
Trey Burton	TE	13	0	0	0	0	0	42	0	4	0	0	0	0	0	0
Freddie Martino	WR	13	0	0	0	0	0	0	0	0	0	0	0	0	0	0
Bernard Reedy	WR	13	0	0	0	0	0	0	0	0	0	0	0	0	0	0
Brandon Coleman	WR	13	0	0	0	0	0	28	0	2	0	0	0	0	0	0
Orleans Darkwa	RB	13	0	0	0	32	1	-1	0	1	0	0	0	0	0	0
Jeff Janis	WR	13	0	0	0	0	0	0	0	0	0	0	0	0	0	0
Michael Campanaro	WR	13	0	0	0	0	0	0	0	0	0	0	0	0	0	0
Xavier Grimble	TE	13	0	0	0	0	0	9	0	1	0	0	0	0	0	0
Carlos Hyde	RB	13	0	0	0	54	0	12	0	3	0	0	0	0	0	0
De'Anthony Thomas	WR	13	0	0	0	0	0	0	0	0	0	0	0	0	0	0
James White	RB	13	0	0	0	18	0	32	0	4	0	0	0	0	0	0
Tom Savage	QB	13	365	1	1	-1	0	0	0	0	0	0	0	0	0	0
Ryan Grant	WR	13	0	0	0	0	0	76	1	5	0	0	0	0	0	0
Alfred Blue	RB	13	0	0	0	2	0	7	0	1	0	0	0	0	0	0
David Fales	QB	13	0	0	0	0	0	0	0	0	0	0	0	0	0	0
Seth Roberts	WR	13	0	0	0	0	0	46	0	5	0	0	0	0	0	0
T.J. Jones	WR	13	0	0	0	0	0	0	0	0	0	0	0	0	0	0
Senorise Perry	RB	13	0	0	0	22	0	0	0	0	0	0	0	0	0	0
Taylor Gabriel	WR	13	0	0	0	5	0	6	0	1	0	0	0	0	0	0
Brandin Cooks	WR	13	0	0	0	5	0	17	0	2	0	0	0	0	0	0
Paul Richardson	WR	13	0	0	0	0	0	8	0	2	0	0	0	0	0	0
Logan Thomas	TE	13	0	0	0	0	0	10	0	2	0	0	0	0	0	0
Cameron Brate	TE	13	0	0	0	0	0	39	2	2	0	0	0	0	0	0
Derek Carr	QB	13	287	1	0	-1	0	0	0	0	0	0	0	0	0	0
Devonta Freeman	RB	13	0	0	0	74	0	7	0	1	0	0	0	0	0	0
Jordan Matthews	TE	13	0	0	0	0	0	14	0	1	0	0	0	0	0	0
C.J. Fiedorowicz	TE	13	0	0	0	0	0	16	0	2	0	0	0	0	0	0
Sammy Watkins	WR	13	0	0	0	0	0	38	1	3	0	0	0	0	0	0
Bruce Ellington	WR	13	0	0	0	0	0	7	0	1	0	0	0	0	0	0
Donte Moncrief	WR	13	0	0	0	0	0	37	0	5	0	0	0	0	0	0
Cody Latimer	WR	13	0	0	0	0	0	5	0	1	0	0	0	0	0	0
Jimmy Garoppolo	QB	13	293	0	1	8	0	0	0	0	0	0	0	0	0	0
Martavis Bryant	WR	13	0	0	0	0	0	40	0	4	0	0	0	0	0	0
Jerick McKinnon	RB	13	0	0	0	24	0	28	1	5	0	0	0	0	0	0
Davante Adams	WR	13	0	0	0	0	0	42	0	4	0	0	0	0	0	0
Jarvis Landry	WR	13	0	0	0	0	0	62	0	5	0	0	0	0	0	0
Richard Rodgers	TE	13	0	0	0	0	0	4	0	1	0	0	0	0	0	0
Eric Ebron	TE	13	0	0	0	0	0	38	0	4	0	0	0	0	0	0
Charles Sims	RB	13	0	0	0	16	0	35	0	2	0	0	0	0	0	0
Blake Bortles	QB	13	309	2	0	27	0	0	0	0	0	0	0	1	0	0
Mike Evans	WR	13	0	0	0	0	0	33	0	2	0	0	0	0	0	0
Austin Seferian-Jenkins	TE	13	0	0	0	0	0	7	0	2	0	0	0	0	0	0
Marqise Lee	WR	13	0	0	0	0	0	86	1	7	0	0	0	0	0	0
Chris Manhertz	TE	13	0	0	0	0	0	0	0	0	0	0	0	0	0	0
Jameis Winston	QB	13	270	2	0	18	0	0	0	0	1	0	0	0	0	0
DeVante Parker	WR	13	0	0	0	0	0	5	0	1	0	0	0	0	0	0
Nelson Agholor	WR	13	0	0	0	0	0	141	1	7	0	0	0	0	0	0
Maxx Williams	TE	13	0	0	0	0	0	1	0	1	0	0	0	0	0	0
Javorius Allen	RB	13	0	0	0	22	0	4	0	1	0	0	0	0	0	0
Stefon Diggs	WR	13	0	0	0	5	0	32	0	2	0	0	0	0	0	0
Brett Hundley	QB	13	84	0	1	66	0	0	0	0	0	0	0	0	0	0
Jay Ajayi	RB	13	0	0	0	35	0	11	0	3	0	0	0	0	0	0
Nick Boyle	TE	13	0	0	0	0	0	11	0	1	0	0	0	0	0	0
Zach Zenner	RB	13	0	0	0	4	0	0	0	0	0	0	0	0	0	0
Corey Grant	RB	13	0	0	0	0	0	0	0	0	0	0	0	0	0	0
Akeem Hunt	RB	13	0	0	0	2	0	20	0	1	0	0	0	0	0	0
Eli Rogers	WR	13	0	0	0	0	0	4	0	1	0	0	0	0	0	0
Damiere Byrd	WR	13	0	0	0	0	0	12	0	1	0	0	0	0	0	0
Thomas Rawls	RB	13	0	0	0	4	0	0	0	0	0	0	0	0	0	0
Rod Smith	RB	13	0	0	0	27	1	0	0	0	0	0	0	0	0	0
Jamison Crowder	WR	13	0	0	0	0	0	67	0	5	0	0	0	0	0	0
James O'Shaughnessy	TE	13	0	0	0	0	0	29	0	1	0	0	0	0	0	0
Adam Humphries	WR	13	0	0	0	0	0	33	0	4	0	0	0	0	0	0
Devin Funchess	WR	13	0	0	0	0	0	60	1	4	0	0	0	0	0	0
Tevin Coleman	RB	13	0	0	0	22	0	27	0	3	0	0	0	0	0	0
Mike Davis	RB	13	0	0	0	64	0	37	0	4	0	0	0	0	0	0
Daniel Brown	TE	13	0	0	0	0	0	13	0	1	0	0	0	0	0	0
J.J. Nelson	WR	13	0	0	0	0	0	42	0	2	0	0	0	0	0	0
Kaelin Clay	WR	13	0	0	0	0	0	13	0	1	0	0	0	0	0	0
C.J. Uzomah	TE	13	0	0	0	0	0	21	0	1	0	0	0	0	0	0
Jesse James	TE	13	0	0	0	0	0	13	0	1	0	0	0	0	0	0
Melvin Gordon	RB	13	0	0	0	77	0	29	0	4	0	0	0	0	0	0
Trevor Siemian	QB	13	200	0	3	16	0	0	0	0	0	0	0	0	0	0
Tyrell Williams	WR	13	0	0	0	0	0	8	0	1	0	0	0	0	0	0
Vince Mayle	TE	13	0	0	0	0	0	0	0	0	0	0	0	0	0	0
Phillip Dorsett	WR	13	0	0	0	0	0	0	0	0	0	0	0	0	0	0
T.J. Yeldon	RB	13	0	0	0	0	0	25	0	2	0	0	0	0	0	0
Tyler Lockett	WR	13	0	0	0	0	0	17	1	2	0	0	0	0	0	0
Tyler Kroft	TE	13	0	0	0	0	0	30	0	2	0	0	0	0	0	0
Todd Gurley	RB	13	0	0	0	74	0	84	0	6	0	0	0	0	0	0
Clive Walford	TE	13	0	0	0	0	0	57	0	4	0	0	0	0	0	0
Duke Johnson	RB	13	0	0	0	2	0	10	0	2	0	0	0	0	0	0
Marcus Mariota	QB	13	150	1	0	23	1	0	0	0	0	0	0	0	0	0
Chester Rogers	WR	13	0	0	0	-2	0	35	0	4	0	0	0	0	0	0
Maurice Harris	WR	13	0	0	0	0	0	0	0	0	0	0	0	0	0	0
Josh Ferguson	RB	13	0	0	0	0	0	16	0	3	0	0	0	0	0	0
Sterling Shepard	WR	13	0	0	0	0	0	56	0	3	0	0	0	0	0	0
Austin Hooper	TE	13	0	0	0	0	0	21	0	3	0	0	0	0	0	0
Nick Vannett	TE	13	0	0	0	0	0	40	0	3	0	0	0	0	0	0
Chris Moore	WR	13	0	0	0	-4	0	32	0	3	0	0	0	0	0	0
Paul Perkins	RB	13	0	0	0	12	0	0	0	0	0	0	0	0	0	0
Trevor Davis	WR	13	0	0	0	0	0	0	0	0	0	0	0	0	0	0
Alex Collins	RB	13	0	0	0	75	2	23	0	2	0	0	0	0	0	0
Jake Rudock	QB	13	24	0	1	0	0	0	0	0	0	0	0	0	0	0
Kalif Raymond	WR	13	0	0	0	0	0	0	0	0	0	0	0	0	0	0
Tanner McEvoy	WR	13	0	0	0	0	0	0	0	0	0	0	0	0	0	0
Alex Erickson	WR	13	0	0	0	0	0	0	0	0	0	0	0	0	0	0
D.J. Foster	RB	13	0	0	0	5	0	20	0	2	0	0	0	0	0	0
J.D. McKissic	RB	13	0	0	0	-1	0	15	1	1	0	0	0	0	0	0
Geronimo Allison	WR	13	0	0	0	0	0	0	0	0	0	0	0	0	0	0
Roger Lewis	WR	13	0	0	0	0	0	9	0	1	0	0	0	0	0	0
Ben Braunecker	TE	13	0	0	0	0	0	0	0	0	0	0	0	0	0	0
Robbie Chosen	WR	13	0	0	0	7	0	107	0	8	0	0	0	0	0	0
Jason Vander Laan	TE	13	0	0	0	0	0	0	0	0	0	0	0	0	0	0
Stephen Anderson	TE	13	0	0	0	0	0	79	1	5	0	0	0	0	0	0
Peyton Barber	RB	13	0	0	0	102	0	41	0	4	0	0	0	0	0	0
Alan Cross	TE	13	0	0	0	0	0	13	0	1	0	0	0	0	0	0
Josh Doctson	WR	13	0	0	0	0	0	26	1	3	0	0	0	0	0	0
Derrick Henry	RB	13	0	0	0	109	1	0	0	0	0	0	0	0	0	0
Michael Thomas	WR	13	0	0	0	0	0	70	1	5	0	0	0	0	0	0
Demarcus Robinson	WR	13	0	0	0	0	0	17	0	2	0	0	0	0	0	0
Jordan Howard	RB	13	0	0	0	38	0	-5	0	1	0	0	0	0	0	0
Jakeem Grant	WR	13	0	0	0	2	0	0	0	0	0	0	0	0	0	0
Danny Vitale	RB	13	0	0	0	0	0	0	0	0	0	0	0	0	0	0
Cody Core	WR	13	0	0	0	0	0	0	0	0	0	0	0	0	0	0
Tommylee Lewis	WR	13	0	0	0	0	0	2	0	1	0	0	0	0	0	0
Johnny Holton	WR	13	0	0	0	0	0	39	1	3	0	0	1	0	0	0
DeAndre Washington	RB	13	0	0	0	16	1	0	0	0	0	0	0	0	0	0
Carson Wentz	QB	13	348	1	1	30	0	0	0	0	0	1	0	0	0	0
Laquon Treadwell	WR	13	0	0	0	0	0	9	0	1	0	0	0	0	0	0
Byron Marshall	RB	13	0	0	0	12	0	24	0	5	0	0	0	0	0	0
Corey Coleman	WR	13	0	0	0	0	0	0	0	0	0	0	0	0	0	0
Devontae Booker	RB	13	0	0	0	8	0	0	0	1	0	0	0	0	0	0
Jaydon Mickens	WR	13	0	0	0	0	0	0	0	0	0	0	0	0	0	0
Tyler Boyd	WR	13	0	0	0	0	0	15	0	2	0	0	0	0	0	0
Jalen Richard	RB	13	0	0	0	4	0	5	0	1	0	0	0	0	0	0
Tyreek Hill	WR	13	0	0	0	0	0	185	2	6	0	0	0	0	0	0
Austin Traylor	TE	13	0	0	0	0	0	16	0	2	0	0	0	0	0	0
Braxton Miller	WR	13	0	0	0	0	0	71	0	4	0	0	0	0	0	0
Dak Prescott	QB	13	102	2	0	28	0	0	0	0	0	0	0	0	0	0
Seth DeValve	TE	13	0	0	0	0	0	33	0	2	0	0	0	0	0	0
Hunter Henry	TE	13	0	0	0	0	0	81	0	7	0	0	0	0	0	0
Marvin Hall	WR	13	0	0	0	0	0	20	0	1	0	0	0	0	0	0
Jared Goff	QB	13	220	2	1	2	0	0	0	0	0	0	0	0	0	0
Tyler Higbee	TE	13	0	0	0	0	0	6	0	1	0	0	0	0	0	0
Pharoh Cooper	WR	13	0	0	0	6	0	-3	0	1	0	0	0	0	0	0
Mike Thomas	WR	13	0	0	0	0	0	0	0	0	0	0	0	0	0	0
Kenyan Drake	RB	13	0	0	0	120	1	21	0	3	0	0	0	0	0	0
Jacoby Brissett	QB	13	174	1	2	36	0	0	0	0	0	0	0	0	0	0
JoJo Natson	WR	13	0	0	0	0	0	0	0	0	0	0	0	0	0	0
Christian McCaffrey	RB	13	0	0	0	16	0	33	1	5	0	0	0	0	0	0
George Kittle	TE	13	0	0	0	0	0	20	0	2	0	0	0	0	0	0
Trent Taylor	WR	13	0	0	0	0	0	92	0	6	0	0	0	0	0	0
Aaron Jones	RB	13	0	0	0	20	1	0	0	0	0	0	0	0	0	0
Elijah McGuire	RB	13	0	0	0	20	0	0	0	0	0	0	0	0	1	0
Victor Bolden	WR	13	0	0	0	0	0	0	0	0	0	0	0	0	0	0
Kendrick Bourne	WR	13	0	0	0	0	0	0	0	0	0	0	0	0	0	0
Matt Breida	RB	13	0	0	0	45	0	4	0	1	0	0	0	0	0	0
Cethan Carter	TE	13	0	0	0	0	0	0	0	0	0	0	0	0	0	0
Taysom Hill	TE	13	0	0	0	0	0	0	0	0	0	0	0	0	0	0
Patrick Ricard	RB	13	0	0	0	0	0	3	1	1	0	0	0	0	0	0
Jacob Hollister	TE	13	0	0	0	0	0	0	0	0	0	0	0	0	0	0
Antony Auclair	TE	13	0	0	0	0	0	11	0	1	0	0	0	0	0	0
Bobo Wilson	WR	13	0	0	0	4	0	0	0	0	0	0	0	0	0	0
Isaac Whitney	WR	13	0	0	0	0	0	0	0	0	0	0	0	0	0	0
Isaiah McKenzie	WR	13	0	0	0	0	0	0	0	0	0	0	0	0	0	0
Samaje Perine	RB	13	0	0	0	38	0	31	0	3	0	0	0	0	0	0
Brendan Langley	WR	13	0	0	0	0	0	0	0	0	0	0	0	0	0	0
James Conner	RB	13	0	0	0	12	0	0	0	0	0	0	0	0	0	0
Mack Hollins	WR	13	0	0	0	0	0	10	0	1	0	0	0	0	0	0
Tarik Cohen	RB	13	0	0	0	5	0	39	0	4	0	0	0	0	0	0
Michael Roberts	TE	13	0	0	0	0	0	23	0	1	0	0	0	0	0	0
Ryan Switzer	WR	13	0	0	0	0	0	0	0	0	0	0	0	0	0	0
Noah Brown	WR	13	0	0	0	0	0	-2	0	1	0	0	0	0	0	0
Matt Dayes	RB	13	0	0	0	0	0	0	0	0	0	0	0	0	0	0
Ricky Seals-Jones	TE	13	0	0	0	0	0	44	0	2	0	0	0	0	0	0
Keelan Cole	WR	13	0	0	0	0	0	49	1	3	0	0	0	0	0	0
Austin Ekeler	RB	13	0	0	0	19	0	21	0	2	0	0	0	0	0	0
Corey Clement	RB	13	0	0	0	7	0	30	0	3	0	0	0	0	0	0
Tion Green	RB	13	0	0	0	51	1	0	0	0	0	0	0	0	0	0
Dede Westbrook	WR	13	0	0	0	0	0	78	0	6	0	0	0	0	0	0
Chad Hansen	WR	13	0	0	0	0	0	25	0	2	0	0	0	0	0	0
Chris Thompson	WR	13	0	0	0	0	0	11	0	1	0	0	0	0	0	0
Leonard Fournette	RB	13	0	0	0	57	1	22	0	3	0	0	0	0	0	0
JuJu Smith-Schuster	WR	13	0	0	0	0	0	17	0	4	0	0	0	0	0	0
Jonnu Smith	TE	13	0	0	0	0	0	0	0	0	0	0	0	0	0	0
Josh Malone	WR	13	0	0	0	0	0	9	0	2	0	0	0	0	0	0
Mitchell Trubisky	QB	13	102	1	0	19	0	0	0	0	0	0	0	0	0	0
Corey Davis	WR	13	0	0	0	0	0	12	0	2	0	0	0	0	0	0
O.J. Howard	TE	13	0	0	0	0	0	17	0	1	0	0	0	0	0	0
Evan Engram	TE	13	0	0	0	0	0	99	1	7	0	0	0	0	0	0
David Njoku	TE	13	0	0	0	0	0	74	1	4	0	0	0	0	0	0
Zay Jones	WR	13	0	0	0	0	0	22	0	2	0	0	0	0	0	0
Gerald Everett	TE	13	0	0	0	0	0	7	1	2	0	0	0	0	0	0
Joe Mixon	RB	13	0	0	0	34	0	8	0	1	0	0	0	0	0	0
DeShone Kizer	QB	13	215	1	1	46	0	0	0	0	1	0	0	0	0	0
Alvin Kamara	RB	13	0	0	0	60	2	66	0	5	0	0	0	0	0	0
Cooper Kupp	WR	13	0	0	0	0	0	68	0	5	0	0	0	0	0	0
Taywan Taylor	WR	13	0	0	0	0	0	15	0	2	0	0	0	0	0	0
ArDarius Stewart	WR	13	0	0	0	5	0	0	0	0	0	0	0	0	0	0
Chris Godwin Jr.	WR	13	0	0	0	0	0	24	0	2	0	0	0	0	0	0
Kareem Hunt	RB	13	0	0	0	40	0	23	0	3	0	0	0	0	0	0
Kenny Golladay	WR	13	0	0	0	0	0	44	0	2	0	0	0	0	0	0
Chad Williams	WR	13	0	0	0	0	0	0	0	0	0	0	0	0	0	0
Josh Reynolds	WR	13	0	0	0	0	0	6	0	2	0	0	0	0	0	0
Jamaal Williams	RB	13	0	0	0	113	1	10	0	2	0	0	0	0	0	0
Wayne Gallman	RB	13	0	0	0	11	0	8	0	1	0	0	0	0	0	0
Marlon Mack	RB	13	0	0	0	46	0	8	0	1	0	0	0	0	0	0
Nathan Peterman	QB	13	50	0	0	9	0	0	0	0	0	0	0	0	0	0
Tom Brady	QB	14	233	1	2	0	0	0	0	0	0	0	0	0	0	0
Drew Brees	QB	14	271	2	1	2	0	0	0	0	0	0	0	0	0	0
Josh McCown	QB	14	46	0	1	7	0	0	0	0	1	0	0	0	0	0
Antonio Gates	TE	14	0	0	0	0	0	0	0	0	0	0	0	0	0	0
Jason Witten	TE	14	0	0	0	0	0	20	1	1	0	0	0	0	0	0
Eli Manning	QB	14	228	1	2	0	0	0	0	0	0	0	0	0	0	0
Larry Fitzgerald	WR	14	0	0	0	0	0	44	0	5	0	0	0	0	0	0
Ben Roethlisberger	QB	14	506	2	0	5	0	0	0	0	0	0	0	0	0	0
Philip Rivers	QB	14	319	2	0	0	0	0	0	0	0	0	0	0	0	0
Benjamin Watson	TE	14	0	0	0	0	0	0	0	0	0	0	0	0	0	0
Alex Smith	QB	14	268	0	1	24	0	0	0	0	0	0	0	0	0	0
Frank Gore	RB	14	0	0	0	130	0	10	0	1	0	0	0	0	0	0
Vernon Davis	TE	14	0	0	0	0	0	26	1	2	0	0	0	0	0	0
Jay Cutler	QB	14	263	3	0	4	0	0	0	0	0	0	0	0	0	0
Marcedes Lewis	TE	14	0	0	0	0	0	0	0	0	0	0	0	0	0	0
Kellen Clemens	QB	14	3	0	1	0	0	0	0	0	0	0	0	0	0	0
Anthony Fasano	TE	14	0	0	0	0	0	17	0	1	0	0	0	0	0	0
Delanie Walker	TE	14	0	0	0	0	0	42	0	5	0	0	0	0	0	0
Eric Weems	WR	14	0	0	0	0	0	0	0	0	0	0	0	0	0	0
Ted Ginn	WR	14	0	0	0	-3	0	10	0	2	0	0	0	0	0	0
Marshawn Lynch	RB	14	0	0	0	61	1	3	0	1	0	0	0	0	0	0
Greg Olsen	TE	14	0	0	0	0	0	0	0	0	0	0	0	0	0	0
Brent Celek	TE	14	0	0	0	0	0	5	1	1	0	0	0	0	0	0
Danny Woodhead	RB	14	0	0	0	7	0	29	0	4	0	0	0	0	0	0
Danny Amendola	WR	14	0	0	0	0	0	76	0	6	0	0	0	0	0	0
Matt Ryan	QB	14	221	1	3	0	0	0	0	0	0	0	0	0	0	0
Jonathan Stewart	RB	14	0	0	0	103	3	0	0	0	0	0	0	0	0	0
Joe Flacco	QB	14	269	2	1	0	0	0	0	0	0	0	0	0	0	0
Jordy Nelson	WR	14	0	0	0	0	0	33	0	4	0	0	0	0	0	0
Matt Forte	RB	14	0	0	0	13	0	21	0	2	0	0	0	0	0	0
DeSean Jackson	WR	14	0	0	0	23	0	41	0	4	0	0	0	0	0	0
Jamaal Charles	RB	14	0	0	0	0	0	12	0	3	0	0	0	0	0	0
Matthew Slater	WR	14	0	0	0	0	0	0	0	0	0	0	0	0	0	0
Matthew Stafford	QB	14	381	1	2	0	0	0	0	0	0	0	0	0	0	0
Mike Wallace	WR	14	0	0	0	0	0	72	0	3	0	0	0	0	0	0
Darrius Heyward-Bey	WR	14	0	0	0	0	0	0	0	0	0	0	0	0	0	0
Michael Crabtree	WR	14	0	0	0	0	0	60	0	7	0	0	0	0	0	1
Jeremy Maclin	WR	14	0	0	0	0	0	27	0	3	0	0	0	0	0	0
LeSean McCoy	RB	14	0	0	0	156	1	0	0	0	0	0	0	0	0	0
Brandon Tate	WR	14	0	0	0	0	0	0	0	0	0	0	0	0	0	0
Jared Cook	TE	14	0	0	0	0	0	75	1	5	0	0	0	0	0	0
Louis Murphy	WR	14	0	0	0	0	0	20	0	1	0	0	0	0	0	0
Jeff Cumberland	TE	14	0	0	0	0	0	0	0	1	0	0	0	0	0	0
LeGarrette Blount	RB	14	0	0	0	12	0	11	0	2	0	0	0	0	0	0
Chris Ivory	RB	14	0	0	0	48	0	0	0	0	0	0	0	0	0	0
Ed Dickson	TE	14	0	0	0	0	0	0	0	0	0	0	0	0	0	0
Brandon LaFell	WR	14	0	0	0	0	0	24	1	3	0	0	0	0	0	0
Emmanuel Sanders	WR	14	0	0	0	0	0	16	0	1	0	0	0	0	0	0
Eric Decker	WR	14	0	0	0	0	0	56	0	3	0	0	0	0	0	0
Andre Roberts	WR	14	0	0	0	0	0	0	0	0	0	0	0	0	0	0
Jimmy Graham	TE	14	0	0	0	0	0	0	0	0	0	0	0	0	0	0
Michael Hoomanawanui	TE	14	0	0	0	0	0	0	0	0	0	0	0	0	0	0
Antonio Brown	WR	14	0	0	0	0	0	213	0	11	0	0	0	0	0	0
Joe Webb	QB	14	35	0	1	27	0	0	0	0	0	0	0	0	0	0
Jermaine Gresham	TE	14	0	0	0	0	0	27	0	2	0	0	0	0	0	0
Demaryius Thomas	WR	14	0	0	0	0	0	93	1	8	0	0	0	0	0	0
Golden Tate	WR	14	0	0	0	0	0	85	1	8	0	0	0	0	0	0
Dez Bryant	WR	14	0	0	0	0	0	73	1	3	0	0	0	0	0	0
Cam Newton	QB	14	137	1	1	70	0	0	0	0	0	0	0	0	0	0
A.J. Green	WR	14	0	0	0	0	0	64	0	5	0	0	1	0	0	0
Julio Jones	WR	14	0	0	0	0	0	98	0	5	0	0	0	0	0	0
Blaine Gabbert	QB	14	178	0	0	12	0	0	0	0	0	0	0	0	0	0
Mark Ingram	RB	14	0	0	0	49	0	43	0	4	0	0	0	0	0	0
Andy Dalton	QB	14	141	1	1	0	0	0	0	0	0	0	0	0	0	0
Kyle Rudolph	TE	14	0	0	0	0	0	41	1	3	0	0	0	0	0	0
Lance Kendricks	TE	14	0	0	0	0	0	11	0	2	0	0	0	0	0	0
Shane Vereen	RB	14	0	0	0	23	0	24	0	3	0	0	0	0	0	0
Torrey Smith	WR	14	0	0	0	0	0	100	0	6	0	0	0	0	0	0
Randall Cobb	WR	14	0	0	0	0	0	39	0	8	0	0	0	0	0	0
DeMarco Murray	RB	14	0	0	0	34	0	13	0	2	0	0	0	0	0	0
Bilal Powell	RB	14	0	0	0	35	0	0	0	0	0	0	0	0	0	0
Julius Thomas	TE	14	0	0	0	0	0	11	0	2	0	0	0	0	0	0
Jacquizz Rodgers	RB	14	0	0	0	0	0	0	0	0	0	0	0	0	0	0
Dion Lewis	RB	14	0	0	0	17	0	50	0	5	0	0	0	0	0	0
T.J. Yates	QB	14	175	2	0	31	0	0	0	0	0	0	0	0	0	0
Niles Paul	TE	14	0	0	0	0	0	15	0	1	0	0	0	0	0	0
Charles Clay	TE	14	0	0	0	0	0	11	0	2	0	0	0	0	0	0
Aldrick Robinson	WR	14	0	0	0	0	0	27	0	2	0	0	0	0	0	0
Jordan Todman	RB	14	0	0	0	0	0	0	0	0	0	0	0	0	0	0
Chris Hogan	WR	14	0	0	0	0	0	1	0	1	0	0	0	0	0	0
Doug Baldwin	WR	14	0	0	0	0	0	78	1	3	0	0	0	0	0	0
Kamar Aiken	WR	14	0	0	0	0	0	0	0	0	0	0	0	0	0	0
Garrett Celek	TE	14	0	0	0	0	0	67	1	2	0	0	0	0	0	0
Case Keenum	QB	14	280	2	2	40	0	0	0	0	1	0	0	1	0	0
Phillip Supernaw	TE	14	0	0	0	0	0	0	0	0	0	0	0	0	0	0
Cole Beasley	WR	14	0	0	0	0	0	59	0	3	0	0	0	0	0	0
Derek Carrier	TE	14	0	0	0	0	0	0	0	0	0	0	0	0	0	0
Alshon Jeffery	WR	14	0	0	0	0	0	52	1	5	0	0	0	0	0	0
Alfred Morris	RB	14	0	0	0	62	0	23	0	3	0	0	0	0	0	0
Jermaine Kearse	WR	14	0	0	0	0	0	4	0	1	0	0	0	0	0	0
Travaris Cadet	RB	14	0	0	0	2	0	0	0	0	0	0	0	0	0	0
Brandon Bolden	RB	14	0	0	0	0	0	0	0	0	0	0	0	0	0	0
Russell Wilson	QB	14	271	3	3	50	0	0	0	0	0	0	0	0	0	0
Travis Benjamin	WR	14	0	0	0	22	0	21	0	2	0	0	0	0	0	0
Marvin Jones	WR	14	0	0	0	0	0	64	0	3	0	0	0	0	0	0
Josh Bellamy	WR	14	0	0	0	0	0	52	0	2	0	0	0	0	0	0
Brittan Golden	WR	14	0	0	0	0	0	0	0	0	0	0	0	0	0	0
Deonte Thompson	WR	14	0	0	0	0	0	34	0	1	0	0	0	0	0	0
Brenton Bersin	WR	14	0	0	0	0	0	17	0	1	0	0	0	0	0	0
Nick Foles	QB	14	42	0	0	9	0	0	0	0	0	0	0	0	0	0
Jarius Wright	WR	14	0	0	0	0	0	13	0	2	0	0	0	0	0	0
Rishard Matthews	WR	14	0	0	0	0	0	19	0	3	0	0	0	0	0	0
Rhett Ellison	TE	14	0	0	0	0	0	20	1	4	0	0	0	0	0	0
Kirk Cousins	QB	14	151	1	1	8	0	0	0	0	0	0	0	0	0	0
T.Y. Hilton	WR	14	0	0	0	0	0	20	0	2	0	0	0	0	0	0
Doug Martin	RB	14	0	0	0	26	1	24	0	2	0	1	0	0	0	0
Lamar Miller	RB	14	0	0	0	53	0	7	0	2	0	0	0	0	0	0
Mohamed Sanu	WR	14	0	0	0	0	0	83	1	6	0	0	0	0	0	0
James Hanna	TE	14	0	0	0	0	0	16	0	1	0	0	0	0	0	0
Michael Floyd	WR	14	0	0	0	0	0	3	0	1	0	0	0	0	0	0
Brian Quick	WR	14	0	0	0	0	0	7	0	1	0	0	0	0	0	0
Josh Gordon	WR	14	0	0	0	0	0	69	1	3	0	0	0	0	0	0
Dwayne Allen	TE	14	0	0	0	0	0	10	0	2	0	0	0	0	0	0
Kendall Wright	WR	14	0	0	0	0	0	107	0	10	0	0	0	0	0	0
Fozzy Whittaker	RB	14	0	0	0	0	0	0	0	0	0	0	0	0	0	0
Darren Fells	TE	14	0	0	0	0	0	23	0	1	0	0	0	0	0	0
Brandon Williams	TE	14	0	0	0	0	0	8	0	2	0	0	0	0	0	0
Benny Cunningham	RB	14	0	0	0	0	0	14	0	2	0	0	0	0	0	0
C.J. Anderson	RB	14	0	0	0	48	0	25	0	2	0	0	0	0	0	0
MarQueis Gray	TE	14	0	0	0	2	0	10	0	1	0	0	0	0	0	0
Adam Thielen	WR	14	0	0	0	0	0	105	1	6	0	0	0	0	0	0
Marquise Goodwin	WR	14	0	0	0	0	0	106	0	6	0	0	0	0	0	0
Kenny Stills	WR	14	0	0	0	0	0	18	0	2	0	0	0	0	0	0
Luke Willson	TE	14	0	0	0	0	0	12	0	1	0	0	0	0	0	0
Theo Riddick	RB	14	0	0	0	29	2	64	0	6	0	0	0	0	0	0
Kerwynn Williams	RB	14	0	0	0	73	0	15	0	1	0	0	0	0	0	0
Russell Shepard	WR	14	0	0	0	8	0	0	0	0	0	0	0	0	0	0
Demetrius Harris	TE	14	0	0	0	0	0	25	0	1	0	0	0	0	0	0
Jack Doyle	TE	14	0	0	0	0	0	4	1	2	0	0	0	0	0	0
Josh Hill	TE	14	0	0	0	0	0	14	0	2	0	0	0	0	0	0
Keenan Allen	WR	14	0	0	0	0	0	111	0	6	0	0	0	0	0	0
Andre Ellington	RB	14	0	0	0	6	0	16	0	1	0	0	0	0	0	0
Rex Burkhead	RB	14	0	0	0	8	1	45	0	5	0	0	0	0	0	0
Jaron Brown	WR	14	0	0	0	0	0	15	0	2	0	0	0	0	0	0
Dion Sims	TE	14	0	0	0	0	0	32	0	2	0	0	0	0	0	0
Levine Toilolo	TE	14	0	0	0	0	0	7	0	1	0	0	0	0	0	0
Giovani Bernard	RB	14	0	0	0	62	0	68	0	6	0	0	0	0	0	0
Kenjon Barner	RB	14	0	0	0	0	0	0	0	0	0	0	0	0	0	0
Vance McDonald	TE	14	0	0	0	0	0	52	0	4	0	0	0	0	0	0
Le'Veon Bell	RB	14	0	0	0	48	2	77	1	9	0	0	0	0	0	0
Travis Kelce	TE	14	0	0	0	0	0	74	0	7	0	0	0	0	0	0
Latavius Murray	RB	14	0	0	0	14	0	6	0	2	0	0	0	0	0	0
Tavon Austin	WR	14	0	0	0	6	0	-9	0	0	0	0	0	0	0	0
Terrance Williams	WR	14	0	0	0	0	0	25	0	3	0	0	0	0	0	0
DeAndre Hopkins	WR	14	0	0	0	0	0	149	2	11	0	0	1	0	0	0
Cordarrelle Patterson	RB	14	0	0	0	0	0	8	0	3	0	0	0	0	0	0
Isaiah Crowell	RB	14	0	0	0	121	0	10	0	3	0	0	0	0	0	0
Willie Snead	WR	14	0	0	0	0	0	0	0	1	0	0	0	0	0	0
Charcandrick West	RB	14	0	0	0	25	1	0	0	0	0	0	0	0	0	0
Albert Wilson	WR	14	0	0	0	0	0	72	0	5	0	0	0	0	0	0
Bennie Fowler	WR	14	0	0	0	0	0	0	0	0	0	0	0	0	0	0
Trey Burton	TE	14	0	0	0	0	0	71	2	5	0	0	0	0	0	0
Freddie Martino	WR	14	0	0	0	0	0	19	0	1	0	0	0	0	0	0
Bernard Reedy	WR	14	0	0	0	0	0	0	0	0	0	0	0	0	0	0
Ryan Hewitt	TE	14	0	0	0	0	0	6	0	1	0	0	0	0	0	0
Brandon Coleman	WR	14	0	0	0	0	0	32	0	2	0	0	0	0	0	0
Orleans Darkwa	RB	14	0	0	0	29	0	15	0	2	0	0	0	0	0	0
Michael Campanaro	WR	14	0	0	0	0	0	8	0	1	0	0	0	0	0	0
Xavier Grimble	TE	14	0	0	0	0	0	0	0	0	0	0	0	0	0	0
Troy Niklas	TE	14	0	0	0	0	0	7	0	1	0	0	0	0	0	0
Carlos Hyde	RB	14	0	0	0	78	1	0	0	0	0	0	0	0	0	0
Andre Williams	RB	14	0	0	0	23	0	0	0	0	0	0	0	0	0	0
De'Anthony Thomas	WR	14	0	0	0	0	0	0	0	0	0	0	0	0	0	0
James White	RB	14	0	0	0	0	0	11	1	3	0	0	0	0	0	0
Tom Savage	QB	14	63	0	0	0	0	0	0	0	0	0	0	0	0	0
Ryan Grant	WR	14	0	0	0	0	0	28	0	1	0	0	0	0	0	0
Seth Roberts	WR	14	0	0	0	0	0	24	0	3	0	0	0	0	0	0
T.J. Jones	WR	14	0	0	0	0	0	26	0	3	0	0	0	0	0	0
Senorise Perry	RB	14	0	0	0	0	0	0	0	0	0	0	0	0	0	0
Taylor Gabriel	WR	14	0	0	0	9	0	10	0	1	0	0	0	0	0	0
Brandin Cooks	WR	14	0	0	0	0	0	38	0	1	0	0	0	0	0	0
Paul Richardson	WR	14	0	0	0	0	0	72	1	3	0	0	0	0	0	0
Cameron Brate	TE	14	0	0	0	0	0	11	0	1	0	0	0	0	0	0
Derek Carr	QB	14	211	1	2	0	0	0	0	0	0	0	0	1	0	0
Devonta Freeman	RB	14	0	0	0	91	1	0	0	0	0	0	0	0	0	0
AJ McCarron	QB	14	47	0	0	0	0	0	0	0	0	0	0	0	0	0
Sammy Watkins	WR	14	0	0	0	0	0	21	1	3	0	0	0	0	0	0
Fitzgerald Toussaint	RB	14	0	0	0	0	0	0	0	0	0	0	0	0	0	0
Cody Latimer	WR	14	0	0	0	0	0	37	0	2	0	0	0	0	0	0
Jimmy Garoppolo	QB	14	334	1	1	-3	0	0	0	0	0	0	0	0	0	0
Kelvin Benjamin	WR	14	0	0	0	0	0	17	1	2	0	0	0	0	0	0
Martavis Bryant	WR	14	0	0	0	0	0	33	0	6	0	0	0	0	0	0
Jerick McKinnon	RB	14	0	0	0	46	0	9	0	2	0	0	0	0	0	0
Davante Adams	WR	14	0	0	0	0	0	84	2	10	0	0	0	0	0	0
Jarvis Landry	WR	14	0	0	0	0	0	46	2	8	0	0	0	0	0	0
Richard Rodgers	TE	14	0	0	0	0	0	0	0	0	0	0	0	0	0	0
Eric Ebron	TE	14	0	0	0	0	0	94	0	10	0	0	1	0	0	0
Charles Sims	RB	14	0	0	0	16	0	11	0	2	0	0	0	0	0	0
Blake Bortles	QB	14	268	2	0	-2	0	0	0	0	0	0	0	0	0	0
Mike Evans	WR	14	0	0	0	0	0	25	0	2	0	0	0	0	0	0
Austin Seferian-Jenkins	TE	14	0	0	0	0	0	1	0	1	0	0	0	0	0	0
Marqise Lee	WR	14	0	0	0	0	0	65	0	5	0	0	0	0	0	0
Chris Manhertz	TE	14	0	0	0	0	0	6	0	1	0	0	0	0	0	0
Jameis Winston	QB	14	285	2	2	10	0	0	0	0	1	0	0	0	0	0
DeAndrew White	WR	14	0	0	0	0	0	24	0	1	0	0	0	0	0	0
Randall Telfer	TE	14	0	0	0	0	0	12	0	1	0	0	0	0	0	0
Amari Cooper	WR	14	0	0	0	0	0	0	0	0	0	0	0	0	0	0
DeVante Parker	WR	14	0	0	0	0	0	40	0	4	0	0	0	0	0	0
Nelson Agholor	WR	14	0	0	0	0	0	64	0	8	0	0	0	0	0	0
Bryce Petty	QB	14	14	0	0	7	0	0	0	0	0	0	0	0	0	0
Javorius Allen	RB	14	0	0	0	25	2	32	0	2	0	0	0	0	0	0
Stefon Diggs	WR	14	0	0	0	0	0	64	0	6	0	0	0	0	0	0
Brett Hundley	QB	14	265	3	0	31	0	0	0	0	0	0	0	0	0	0
Jay Ajayi	RB	14	0	0	0	78	0	2	0	1	0	0	0	0	0	0
Nick Boyle	TE	14	0	0	0	0	0	1	0	1	0	0	0	0	0	0
Cameron Artis-Payne	RB	14	0	0	0	0	0	0	0	0	0	0	0	0	0	0
Zach Zenner	RB	14	0	0	0	0	0	0	0	0	0	0	0	0	0	0
Jordan Taylor	WR	14	0	0	0	0	0	0	0	0	0	0	0	0	0	0
Corey Grant	RB	14	0	0	0	0	0	0	0	0	0	0	0	0	0	0
Eli Rogers	WR	14	0	0	0	0	0	33	0	3	0	0	0	0	0	0
Malcolm Brown	RB	14	0	0	0	5	0	0	0	0	0	0	0	0	0	0
Larry Pinkard	WR	14	0	0	0	0	0	5	0	1	0	0	0	0	0	0
Damiere Byrd	WR	14	0	0	0	0	0	37	0	5	0	0	0	0	0	0
Rod Smith	RB	14	0	0	0	47	1	113	1	5	0	0	0	0	0	0
Jamison Crowder	WR	14	0	0	0	0	0	34	0	3	0	0	0	0	0	0
James O'Shaughnessy	TE	14	0	0	0	0	0	0	0	0	0	0	0	0	0	0
Adam Humphries	WR	14	0	0	0	0	0	25	0	3	0	0	0	0	0	0
Mack Brown	RB	14	0	0	0	0	0	0	0	0	0	0	0	0	0	0
Devin Funchess	WR	14	0	0	0	0	0	59	1	3	0	0	0	0	0	0
Tevin Coleman	RB	14	0	0	0	32	0	0	0	0	0	0	0	0	0	0
Blake Bell	TE	14	0	0	0	0	0	7	0	2	0	0	0	0	0	1
Mike Davis	RB	14	0	0	0	66	0	-1	0	1	0	0	0	0	0	0
Daniel Brown	TE	14	0	0	0	0	0	9	0	2	0	0	0	0	0	0
J.J. Nelson	WR	14	0	0	0	0	0	26	0	2	0	0	0	0	0	0
Kaelin Clay	WR	14	0	0	0	0	0	0	0	0	0	0	0	0	0	0
Nick O'Leary	TE	14	0	0	0	0	0	9	0	1	0	0	0	0	0	0
C.J. Uzomah	TE	14	0	0	0	0	0	0	0	0	0	0	0	0	0	0
Jesse James	TE	14	0	0	0	0	0	97	0	10	0	0	0	0	0	0
Melvin Gordon	RB	14	0	0	0	78	1	5	0	1	0	0	0	0	0	0
Trevor Siemian	QB	14	200	1	0	13	0	0	0	0	0	0	0	0	0	0
Tyrell Williams	WR	14	0	0	0	0	0	132	1	4	0	0	0	0	0	0
Vince Mayle	TE	14	0	0	0	0	0	0	0	0	0	0	0	0	0	0
T.J. Yeldon	RB	14	0	0	0	9	0	0	0	0	0	0	0	0	0	0
Tyler Lockett	WR	14	0	0	0	10	0	90	1	4	0	0	0	0	0	0
Tyler Kroft	TE	14	0	0	0	0	0	0	0	0	0	0	0	0	0	0
Jeff Heuerman	TE	14	0	0	0	0	0	5	0	1	0	0	0	0	0	0
Todd Gurley	RB	14	0	0	0	96	2	39	0	3	0	0	0	0	0	0
Clive Walford	TE	14	0	0	0	0	0	13	0	2	0	0	0	0	0	0
Duke Johnson	RB	14	0	0	0	8	0	41	1	4	0	0	0	0	0	0
Marcus Mariota	QB	14	159	0	2	11	0	0	0	0	0	0	0	0	0	0
Ross Travis	TE	14	0	0	0	0	0	0	0	0	0	0	0	0	0	0
Chester Rogers	WR	14	0	0	0	0	0	6	0	2	0	0	0	0	0	0
Josh Ferguson	RB	14	0	0	0	0	0	0	0	0	0	0	0	0	0	0
Sterling Shepard	WR	14	0	0	0	-9	0	16	0	2	0	0	0	0	0	0
Austin Hooper	TE	14	0	0	0	0	0	23	0	2	0	0	0	0	0	0
Nick Vannett	TE	14	0	0	0	0	0	0	0	0	0	0	0	0	0	0
Chris Moore	WR	14	0	0	0	0	0	48	1	3	0	0	0	0	0	0
Trevor Davis	WR	14	0	0	0	0	0	0	0	0	0	0	0	0	0	0
Alex Collins	RB	14	0	0	0	120	1	46	0	2	0	0	0	0	0	0
Jerell Adams	TE	14	0	0	0	0	0	0	0	0	0	0	0	0	0	0
Kalif Raymond	WR	14	0	0	0	0	0	0	0	0	0	0	0	0	0	0
Alex Erickson	WR	14	0	0	0	0	0	9	0	1	0	0	0	0	0	0
D.J. Foster	RB	14	0	0	0	7	0	6	0	2	0	0	0	0	0	0
J.D. McKissic	RB	14	0	0	0	15	0	20	0	5	0	0	0	0	0	0
Geronimo Allison	WR	14	0	0	0	0	0	29	0	4	0	0	0	0	0	0
Darius Powe	WR	14	0	0	0	0	0	13	0	2	0	0	0	0	0	0
Roger Lewis	WR	14	0	0	0	0	0	46	0	7	0	0	0	0	0	0
Ben Braunecker	TE	14	0	0	0	0	0	0	0	0	0	0	0	0	0	0
Robbie Chosen	WR	14	0	0	0	0	0	27	0	3	0	0	0	0	0	0
Jason Vander Laan	TE	14	0	0	0	0	0	0	0	0	0	0	0	0	0	0
Stephen Anderson	TE	14	0	0	0	0	0	16	0	2	0	0	0	0	0	0
Peyton Barber	RB	14	0	0	0	58	0	5	0	1	0	0	0	0	0	0
Josh Doctson	WR	14	0	0	0	0	0	34	0	3	0	0	0	0	0	0
Derrick Henry	RB	14	0	0	0	20	1	0	0	0	0	0	0	0	0	0
Michael Thomas	WR	14	0	0	0	0	0	117	1	10	0	0	0	0	0	0
Jordan Howard	RB	14	0	0	0	147	2	8	0	1	0	0	0	0	0	0
Jakeem Grant	WR	14	0	0	0	0	0	42	1	2	0	0	0	0	0	0
Danny Vitale	RB	14	0	0	0	0	0	1	0	1	0	0	0	0	0	0
Cody Core	WR	14	0	0	0	0	0	0	0	0	0	0	0	0	0	0
Tommylee Lewis	WR	14	0	0	0	0	0	30	1	2	0	0	0	0	0	0
Johnny Holton	WR	14	0	0	0	0	0	18	0	2	0	0	1	0	0	0
DeAndre Washington	RB	14	0	0	0	9	0	10	0	1	0	0	0	0	0	0
Carson Wentz	QB	14	291	4	1	16	0	0	0	0	0	0	0	0	0	0
Laquon Treadwell	WR	14	0	0	0	0	0	23	0	2	0	0	0	0	0	0
Byron Marshall	RB	14	0	0	0	0	0	0	0	0	0	0	0	0	0	0
Corey Coleman	WR	14	0	0	0	0	0	62	1	5	0	0	0	0	0	0
Devontae Booker	RB	14	0	0	0	22	0	12	0	2	0	0	0	0	0	0
Rashard Higgins	WR	14	0	0	0	0	0	0	0	0	0	0	0	0	0	0
Jaydon Mickens	WR	14	0	0	0	0	0	0	0	0	0	0	0	0	0	0
Tyler Boyd	WR	14	0	0	0	0	0	15	0	1	0	0	0	0	0	0
Jalen Richard	RB	14	0	0	0	0	0	0	0	0	0	0	0	0	0	0
Tyreek Hill	WR	14	0	0	0	0	0	75	0	4	0	0	0	0	0	0
Dak Prescott	QB	14	332	3	0	13	0	0	0	0	0	0	0	0	0	0
Seth DeValve	TE	14	0	0	0	0	0	16	0	2	0	0	0	0	0	0
Hunter Henry	TE	14	0	0	0	0	0	50	1	4	0	0	0	0	0	0
Marvin Hall	WR	14	0	0	0	0	0	0	0	0	0	0	0	0	0	0
Jared Goff	QB	14	199	2	0	2	0	0	0	0	1	0	0	0	0	0
Pharoh Cooper	WR	14	0	0	0	0	0	1	0	1	0	0	0	0	0	0
Mike Thomas	WR	14	0	0	0	0	0	6	0	1	0	0	0	0	0	0
Kenyan Drake	RB	14	0	0	0	114	0	79	0	5	0	0	0	0	0	0
Jacoby Brissett	QB	14	69	1	0	10	0	0	0	0	0	0	0	0	0	0
Will Fuller	WR	14	0	0	0	0	0	26	0	3	0	0	0	0	0	0
JoJo Natson	WR	14	0	0	0	0	0	0	0	0	0	0	0	0	0	0
Christian McCaffrey	RB	14	0	0	0	35	0	18	0	3	0	0	0	0	0	0
George Kittle	TE	14	0	0	0	0	0	10	0	2	0	0	0	0	0	0
Trent Taylor	WR	14	0	0	0	0	0	11	0	2	0	0	0	0	0	0
Aaron Jones	RB	14	0	0	0	-2	0	0	0	0	0	0	0	0	0	0
Elijah McGuire	RB	14	0	0	0	-3	0	0	0	0	0	0	0	0	0	0
Victor Bolden	WR	14	0	0	0	0	0	0	0	0	0	0	0	0	0	0
Kendrick Bourne	WR	14	0	0	0	0	0	29	0	2	0	0	0	0	0	0
Matt Breida	RB	14	0	0	0	27	0	0	0	0	0	0	0	0	0	0
Patrick Ricard	RB	14	0	0	0	0	0	6	1	1	0	0	0	0	0	0
LeShun Daniels	RB	14	0	0	0	12	0	0	0	0	0	0	0	0	0	0
Jacob Hollister	TE	14	0	0	0	0	0	0	0	0	0	0	0	0	0	0
Antony Auclair	TE	14	0	0	0	0	0	0	0	0	0	0	0	0	0	0
Samaje Perine	RB	14	0	0	0	45	0	7	0	4	0	0	0	0	0	0
Mike Williams	WR	14	0	0	0	0	0	3	0	1	0	0	0	0	0	0
James Conner	RB	14	0	0	0	6	0	0	0	0	0	0	0	0	0	0
Mack Hollins	WR	14	0	0	0	0	0	0	0	0	0	0	0	0	0	0
Tarik Cohen	RB	14	0	0	0	80	0	5	0	2	0	0	0	0	0	0
Michael Roberts	TE	14	0	0	0	0	0	8	0	2	0	0	0	0	0	0
Ryan Switzer	WR	14	0	0	0	0	0	0	0	0	0	0	0	0	0	0
Brian Hill	RB	14	0	0	0	8	0	2	0	1	0	0	0	0	0	0
Shelton Gibson	WR	14	0	0	0	0	0	0	0	0	0	0	0	0	0	0
Noah Brown	WR	14	0	0	0	0	0	0	0	0	0	0	0	0	0	0
Matt Dayes	RB	14	0	0	0	0	0	0	0	0	0	0	0	0	0	0
Ricky Seals-Jones	TE	14	0	0	0	0	0	20	0	1	0	0	0	0	0	0
Keelan Cole	WR	14	0	0	0	0	0	99	1	3	0	0	0	0	0	0
Austin Ekeler	RB	14	0	0	0	49	0	0	0	0	0	0	0	0	0	0
Corey Clement	RB	14	0	0	0	24	0	28	0	1	0	0	0	0	0	0
Tion Green	RB	14	0	0	0	15	0	0	0	0	0	0	0	0	0	0
Trey Edmunds	RB	14	0	0	0	0	0	0	0	0	0	0	0	0	0	0
Dede Westbrook	WR	14	0	0	0	0	0	81	1	5	0	0	0	0	0	0
Leonard Fournette	RB	14	0	0	0	101	1	18	0	4	0	0	0	0	0	0
Jonnu Smith	TE	14	0	0	0	0	0	0	0	0	0	0	0	0	0	0
Josh Malone	WR	14	0	0	0	0	0	0	0	0	0	0	0	0	0	0
Mitchell Trubisky	QB	14	271	1	0	5	1	0	0	0	0	0	0	0	0	0
Corey Davis	WR	14	0	0	0	0	0	29	0	3	0	0	0	0	0	0
O.J. Howard	TE	14	0	0	0	0	0	54	1	4	0	0	1	0	0	0
Evan Engram	TE	14	0	0	0	0	0	54	0	4	0	0	0	0	0	0
David Njoku	TE	14	0	0	0	0	0	3	0	1	0	0	0	0	0	0
Gerald Everett	TE	14	0	0	0	0	0	6	0	1	0	0	0	0	0	0
Adam Shaheen	TE	14	0	0	0	0	0	44	1	4	0	0	0	0	0	0
DeShone Kizer	QB	14	214	3	2	7	0	0	0	0	0	0	0	0	0	0
Alvin Kamara	RB	14	0	0	0	2	0	25	0	3	0	0	0	0	0	0
Cooper Kupp	WR	14	0	0	0	0	0	118	1	5	0	0	0	0	0	0
Taywan Taylor	WR	14	0	0	0	0	0	0	0	0	0	0	0	0	0	0
ArDarius Stewart	WR	14	0	0	0	0	0	0	0	0	0	0	0	0	0	0
Chris Godwin Jr.	WR	14	0	0	0	0	0	68	0	5	0	0	0	0	0	0
Kareem Hunt	RB	14	0	0	0	116	1	22	0	3	0	0	0	0	0	0
Kenny Golladay	WR	14	0	0	0	9	0	17	0	3	0	0	0	0	0	0
Chad Williams	WR	14	0	0	0	33	0	0	0	0	0	0	0	0	0	0
Josh Reynolds	WR	14	0	0	0	0	0	17	0	2	0	0	0	0	0	0
Jamaal Williams	RB	14	0	0	0	49	1	69	1	7	0	0	0	0	0	0
Wayne Gallman	RB	14	0	0	0	59	0	40	0	7	0	0	0	0	0	0
Marlon Mack	RB	14	0	0	0	23	0	21	0	2	0	0	0	0	0	0
Nathan Peterman	QB	14	36	1	0	10	0	0	0	0	0	0	0	0	0	0
