player_display_name	position	week	passing_yards	passing_tds	passing_interceptions	rushing_yards	rushing_tds	receiving_yards	receiving_tds	receptions	sack_fumbles_lost	rushing_fumbles_lost	receiving_fumbles_lost	passing_2pt_conversions	rushing_2pt_conversions	receiving_2pt_conversions	fg_made_list	pat_made
Tom Brady	QB	1	239	2	2	9	1	0	0	0	0	0	0	0	0	0		0
Drew Brees	QB	1	160	2	0	0	0	0	0	0	0	0	0	0	0	0		0
Jason Witten	TE	1	0	0	0	0	0	2	0	1	0	0	0	0	0	0		0
Larry Fitzgerald	WR	1	0	0	0	0	0	34	0	4	0	0	0	0	0	0		0
Ben Roethlisberger	QB	1	229	3	0	9	0	0	0	0	0	0	0	0	0	0		0
Philip Rivers	QB	1	363	1	2	3	0	0	0	0	0	0	0	0	0	0		0
Robbie Gould	PK	1	0	0	0	0	0	0	0	0	0	0	0	0	0	0	52;24	2
Aaron Rodgers	QB	1	364	4	0	2	0	0	0	0	0	0	0	0	0	0		0
Frank Gore	RB	1	0	0	0	24	0	0	0	0	0	0	0	0	0	0		0
Ryan Fitzpatrick	QB	1	191	0	3	18	0	0	0	0	0	0	0	0	1	0		0
Matt Prater	PK	1	0	0	0	0	0	0	0	0	0	0	0	0	0	0	27;32;44	2
Stephen Gostkowski	PK	1	0	0	0	0	0	0	0	0	0	0	0	0	0	0	25	1
Adrian Peterson	RB	1	0	0	0	93	0	21	0	3	0	0	0	0	0	0		0
Ted Ginn	WR	1	0	0	0	0	0	0	0	0	0	0	0	0	0	0		0
Greg Olsen	TE	1	0	0	0	0	0	24	1	4	0	0	0	0	0	0		0
Nick Folk	PK	1	0	0	0	0	0	0	0	0	0	0	0	0	0	0		3
Mason Crosby	PK	1	0	0	0	0	0	0	0	0	0	0	0	0	0	0	31;43	5
Danny Amendola	WR	1	0	0	0	0	0	81	0	5	0	0	0	0	0	0		0
Matt Ryan	QB	1	450	2	1	-1	0	0	0	0	0	0	0	0	0	0		0
DeSean Jackson	WR	1	0	0	0	0	0	46	0	2	0	0	0	0	0	0		0
Matthew Stafford	QB	1	297	1	1	23	0	0	0	0	0	0	0	0	0	0		0
Graham Gano	PK	1	0	0	0	0	0	0	0	0	0	0	0	0	0	0	21	1
Ryan Succop	PK	1	0	0	0	0	0	0	0	0	0	0	0	0	0	0	38	2
LeSean McCoy	RB	1	0	0	0	0	0	2	0	1	0	0	0	0	0	0		0
Jared Cook	TE	1	0	0	0	0	0	80	0	5	0	0	0	0	0	0		0
Julian Edelman	WR	1	0	0	0	23	0	57	0	5	0	0	0	0	0	0		0
Rob Gronkowski	TE	1	0	0	0	0	0	11	0	2	0	0	0	0	0	0		0
Emmanuel Sanders	WR	1	0	0	0	0	0	15	1	3	0	0	0	0	0	0		0
Andre Roberts	WR	1	0	0	0	0	0	0	0	0	0	0	0	0	0	0		0
Jimmy Graham	TE	1	0	0	0	0	0	25	1	3	0	0	0	0	0	0		0
Cam Newton	QB	1	155	0	0	75	2	0	0	0	0	0	0	0	0	0		0
A.J. Green	WR	1	0	0	0	0	0	51	0	5	0	0	0	0	0	0		0
Julio Jones	WR	1	0	0	0	0	0	157	0	9	0	0	0	0	0	0		0
Mark Ingram	RB	1	0	0	0	29	0	0	0	0	0	0	0	0	0	0		0
Kyle Rudolph	TE	1	0	0	0	0	0	28	0	2	0	0	0	0	0	0		0
Randall Cobb	WR	1	0	0	0	0	0	23	0	2	0	0	0	0	0	0		0
Luke Stocker	TE	1	0	0	0	0	0	0	0	0	0	0	0	0	0	0		0
Dion Lewis	RB	1	0	0	0	1	0	0	0	0	0	0	0	0	0	0		0
Tyrod Taylor	QB	1	208	0	0	7	0	0	0	0	0	0	0	0	0	0		0
Virgil Green	TE	1	0	0	0	0	0	10	0	1	0	0	0	0	0	0		0
Chris Hogan	WR	1	0	0	0	0	0	0	0	1	0	0	0	0	0	0		0
Dontrelle Inman	WR	1	0	0	0	0	0	21	0	2	0	0	0	0	0	0		0
Dan Bailey	PK	1	0	0	0	0	0	0	0	0	0	0	0	0	0	0	35	1
Cole Beasley	WR	1	0	0	0	0	0	58	0	4	0	0	0	0	0	0		0
Derek Carrier	TE	1	0	0	0	0	0	0	0	0	0	0	0	0	0	0		0
Russell Wilson	QB	1	322	4	0	29	0	0	0	0	0	0	0	0	0	0		0
Marvin Jones	WR	1	0	0	0	0	0	55	0	4	0	0	0	0	0	0		0
Randy Bullock	PK	1	0	0	0	0	0	0	0	0	0	0	0	0	0	0	50;43	1
Justin Tucker	PK	1	0	0	0	0	0	0	0	0	0	0	0	0	0	0	41	5
Kirk Cousins	QB	1	259	2	1	34	0	0	0	0	0	0	0	1	0	0		0
T.Y. Hilton	WR	1	0	0	0	0	0	53	0	4	0	0	0	0	0	0		0
Greg Zuerlein	PK	1	0	0	0	0	0	0	0	0	0	0	0	0	0	0	33	2
Robert Griffin III	QB	1	9	0	0	-1	0	0	0	0	0	0	0	0	0	0		0
Ryan Tannehill	QB	1	249	2	0	14	0	0	0	0	0	0	0	0	0	0		0
Darren Fells	TE	1	0	0	0	0	0	19	0	2	0	0	0	0	0	0		0
Brandon McManus	PK	1	0	0	0	0	0	0	0	0	0	0	0	0	0	0		2
Adam Thielen	WR	1	0	0	0	0	0	110	2	6	0	0	0	0	0	1		0
Zach Ertz	TE	1	0	0	0	0	0	18	1	3	0	0	0	0	0	0		0
Kenny Stills	WR	1	0	0	0	0	0	0	0	0	0	0	0	0	0	0		0
Dustin Hopkins	PK	1	0	0	0	0	0	0	0	0	0	0	0	0	0	0	38;40	3
Ryan Griffin	TE	1	0	0	0	0	0	0	0	0	0	0	0	0	0	0		0
Demetrius Harris	TE	1	0	0	0	0	0	0	0	0	0	0	0	0	0	0		0
Jack Doyle	TE	1	0	0	0	0	0	49	0	3	0	0	0	0	0	0		0
Josh Hill	TE	1	0	0	0	0	0	0	0	0	0	0	0	0	0	0		0
Keenan Allen	WR	1	0	0	0	0	0	37	0	4	0	0	0	0	0	0		0
Rex Burkhead	RB	1	0	0	0	32	0	0	0	0	0	0	0	0	0	0		0
Chris Thompson	RB	1	0	0	0	0	0	6	0	2	0	0	0	0	0	0		0
Robert Woods	WR	1	0	0	0	14	0	105	0	6	0	0	0	0	0	0		0
Levine Toilolo	TE	1	0	0	0	0	0	13	0	1	0	0	0	0	0	0		0
Giovani Bernard	RB	1	0	0	0	7	0	21	0	4	0	0	0	0	0	0		0
Vance McDonald	TE	1	0	0	0	0	0	3	0	1	0	0	0	0	0	0		0
Jordan Reed	TE	1	0	0	0	0	0	12	0	2	0	0	0	0	0	0		0
Le'Veon Bell	RB	1	0	0	0	14	0	32	0	2	0	0	0	0	0	0		0
Travis Kelce	TE	1	0	0	0	0	0	50	1	6	0	0	0	0	0	0		0
Latavius Murray	RB	1	0	0	0	48	0	0	0	0	0	0	0	0	0	0		0
Tyler Eifert	TE	1	0	0	0	0	0	8	0	1	0	0	0	0	0	0		0
DeAndre Hopkins	WR	1	0	0	0	0	0	151	0	14	0	0	0	0	0	0		0
Cordarrelle Patterson	RB	1	0	0	0	19	0	12	0	1	0	0	0	0	0	0		0
Willie Snead	WR	1	0	0	0	0	0	64	1	4	0	0	0	0	0	0		0
Bennie Fowler	WR	1	0	0	0	0	0	0	0	0	0	0	0	0	0	0		0
Carlos Hyde	RB	1	0	0	0	23	1	0	0	0	0	0	0	0	0	0		0
John Brown	WR	1	0	0	0	0	0	70	1	6	0	0	0	0	0	0		0
James White	RB	1	0	0	0	22	0	30	0	3	0	0	0	0	0	0		0
Chris Boswell	PK	1	0	0	0	0	0	0	0	0	0	0	0	0	0	0	41;36	2
Seth Roberts	WR	1	0	0	0	0	0	5	0	1	0	0	0	0	0	0		0
Cairo Santos	PK	1	0	0	0	0	0	0	0	0	0	0	0	0	0	0	35;28	3
Senorise Perry	RB	1	0	0	0	0	0	0	0	0	0	0	0	0	0	0		0
Odell Beckham Jr.	WR	1	0	0	0	0	0	22	0	3	0	0	0	0	0	0		0
Brandin Cooks	WR	1	0	0	0	0	0	20	0	2	0	0	0	0	0	0		0
Teddy Bridgewater	QB	1	269	1	0	26	0	0	0	0	0	0	0	1	0	0		0
Logan Thomas	TE	1	0	0	0	0	0	37	1	4	0	0	0	0	0	0		0
Cameron Brate	TE	1	0	0	0	0	0	0	0	0	0	0	0	0	0	0		0
Derek Carr	QB	1	239	1	0	0	0	0	0	0	0	0	0	0	0	0		0
Diontae Spencer	WR	1	0	0	0	0	0	0	0	0	0	0	0	0	0	0		0
Sammy Watkins	WR	1	0	0	0	3	0	82	1	7	0	0	0	0	0	0		0
Jimmy Garoppolo	QB	1	259	2	0	9	0	0	0	0	0	0	0	0	0	0		0
Jerick McKinnon	RB	1	0	0	0	24	0	20	1	3	0	0	0	0	0	0		0
Davante Adams	WR	1	0	0	0	0	0	156	2	14	0	0	0	0	0	0		0
Jarvis Landry	WR	1	0	0	0	0	0	61	0	5	0	0	0	0	0	0		0
Eric Ebron	TE	1	0	0	0	0	0	18	0	1	0	0	0	0	0	0		0
Mike Evans	WR	1	0	0	0	0	0	2	1	1	0	0	0	0	0	0		0
Allen Robinson	WR	1	0	0	0	-1	0	74	0	5	0	0	0	0	0	0		0
Chris Manhertz	TE	1	0	0	0	0	0	4	0	1	0	0	0	0	0	0		0
Jason Myers	PK	1	0	0	0	0	0	0	0	0	0	0	0	0	0	0	42	5
Amari Cooper	WR	1	0	0	0	0	0	81	0	10	0	0	0	0	0	0		0
DeVante Parker	WR	1	0	0	0	0	0	47	0	4	0	0	0	0	0	0		0
Nelson Agholor	WR	1	0	0	0	0	0	23	1	1	0	0	0	0	0	0		0
Maxx Williams	TE	1	0	0	0	0	0	0	0	0	0	0	0	0	0	0		0
MyCole Pruitt	TE	1	0	0	0	0	0	1	1	1	0	0	0	0	0	0		0
Stefon Diggs	WR	1	0	0	0	0	0	86	0	8	0	0	0	0	0	0		0
Nick Boyle	TE	1	0	0	0	0	0	3	0	2	0	0	0	0	0	0		0
Darren Waller	TE	1	0	0	0	0	0	45	0	6	0	0	0	0	0	0		0
Raheem Mostert	RB	1	0	0	0	56	0	95	1	4	0	0	0	0	0	0		0
Eric Tomlinson	TE	1	0	0	0	0	0	0	0	0	0	0	0	0	0	0		0
DeAndre Carter	WR	1	0	0	0	0	0	8	0	1	0	0	0	0	0	0		0
Malcolm Brown	RB	1	0	0	0	79	2	31	0	3	0	0	0	0	0	0		0
Damiere Byrd	WR	1	0	0	0	0	0	0	0	0	0	0	0	0	0	0		0
Jamison Crowder	WR	1	0	0	0	0	0	115	1	7	0	0	0	0	0	0		0
James O'Shaughnessy	TE	1	0	0	0	0	0	0	0	1	0	0	0	0	0	0		0
Adam Humphries	WR	1	0	0	0	0	0	47	0	6	0	0	0	0	0	0		0
Breshad Perriman	WR	1	0	0	0	0	0	17	0	3	0	0	0	0	0	0		0
Tevin Coleman	RB	1	0	0	0	18	0	6	0	1	0	0	0	0	0	0		0
Mike Davis	RB	1	0	0	0	0	0	0	0	0	0	0	0	0	0	0		0
Josh Lambo	PK	1	0	0	0	0	0	0	0	0	0	0	0	0	0	0	50;46	3
Daniel Brown	TE	1	0	0	0	0	0	0	0	0	0	0	0	0	0	0		0
Chris Conley	WR	1	0	0	0	0	0	6	0	1	0	0	0	0	0	0		0
C.J. Uzomah	TE	1	0	0	0	0	0	45	0	4	0	0	0	0	0	0		0
Melvin Gordon	RB	1	0	0	0	78	1	8	0	3	0	0	1	0	0	0		0
David Johnson	RB	1	0	0	0	77	1	32	0	3	0	0	0	0	0	0		0
Ty Montgomery	WR	1	0	0	0	-4	0	0	0	0	0	0	0	0	0	0		0
Tyler Lockett	WR	1	0	0	0	0	0	92	0	8	0	0	0	0	0	0		0
Todd Gurley	RB	1	0	0	0	56	1	1	0	2	0	0	0	0	0	0		0
Duke Johnson	RB	1	0	0	0	14	0	0	0	0	0	0	0	0	0	0		0
Sterling Shepard	WR	1	0	0	0	0	0	47	0	6	0	0	0	0	0	0		0
Austin Hooper	TE	1	0	0	0	0	0	15	0	2	0	0	0	0	0	0		0
Nick Vannett	TE	1	0	0	0	0	0	-6	0	1	0	0	0	0	0	0		0
Tyler Ervin	RB	1	0	0	0	38	0	6	0	1	0	0	0	0	0	0		0
Kalif Raymond	WR	1	0	0	0	0	0	0	0	0	0	0	0	0	0	0		0
Alex Erickson	WR	1	0	0	0	0	0	0	0	0	0	0	0	0	0	0		0
Wil Lutz	PK	1	0	0	0	0	0	0	0	0	0	0	0	0	0	0	29;21	4
J.D. McKissic	RB	1	0	0	0	-2	0	1	0	1	0	0	0	0	0	0		0
Robbie Chosen	WR	1	0	0	0	0	0	114	1	6	0	0	0	0	0	1		0
Ka'imi Fairbairn	PK	1	0	0	0	0	0	0	0	0	0	0	0	0	0	0		2
Peyton Barber	RB	1	0	0	0	29	2	0	0	0	0	0	0	0	0	0		0
Derrick Henry	RB	1	0	0	0	116	0	15	0	3	0	0	0	0	0	0		0
Michael Thomas	WR	1	0	0	0	0	0	17	0	3	0	0	0	0	0	0		0
Demarcus Robinson	WR	1	0	0	0	0	0	20	0	3	0	0	0	0	0	0		0
Tajae Sharpe	WR	1	0	0	0	0	0	0	0	0	0	0	0	0	0	0		0
Jordan Howard	RB	1	0	0	0	7	1	0	0	0	0	0	0	0	0	0		0
Jakeem Grant	WR	1	0	0	0	0	0	25	0	3	0	0	0	0	0	0		0
Carson Wentz	QB	1	270	2	2	2	0	0	0	0	1	0	0	0	0	0		0
Devontae Booker	RB	1	0	0	0	29	0	23	0	3	0	0	0	0	0	0		0
Rashard Higgins	WR	1	0	0	0	0	0	9	0	1	0	0	0	0	0	0		0
Jaydon Mickens	WR	1	0	0	0	0	0	0	0	0	0	0	0	0	0	0		0
Tyler Boyd	WR	1	0	0	0	0	0	33	0	4	0	0	0	0	0	0		0
Jalen Richard	RB	1	0	0	0	0	0	15	0	1	0	0	0	0	0	0		0
Tyreek Hill	WR	1	0	0	0	0	0	46	1	5	0	0	0	0	0	0		0
Ezekiel Elliott	RB	1	0	0	0	96	1	31	1	3	0	0	0	0	0	0		0
Dak Prescott	QB	1	266	1	0	30	0	0	0	0	0	0	0	0	0	0		0
Hunter Henry	TE	1	0	0	0	0	0	73	0	5	0	0	0	0	0	0		0
Marvin Hall	WR	1	0	0	0	0	0	26	0	1	0	0	0	0	0	0		0
Jared Goff	QB	1	275	0	1	15	0	0	0	0	0	0	0	0	0	0		0
Tyler Higbee	TE	1	0	0	0	0	0	40	0	3	0	0	0	0	0	0		0
Pharoh Cooper	WR	1	0	0	0	0	0	0	0	0	0	0	0	0	0	0		0
Mike Thomas	WR	1	0	0	0	0	0	17	0	2	0	0	0	0	0	0		0
Kenyan Drake	RB	1	0	0	0	60	1	5	0	2	0	0	0	0	0	0		0
Jacoby Brissett	QB	1	0	0	0	0	0	0	0	0	0	0	0	0	0	0		0
Will Fuller	WR	1	0	0	0	0	0	112	0	8	0	0	0	0	0	0		0
Sam Ficken	PK	1	0	0	0	0	0	0	0	0	0	0	0	0	0	0	31	2
Mo Alie-Cox	TE	1	0	0	0	0	0	20	0	2	0	0	0	0	0	0		0
Zach Pascal	WR	1	0	0	0	0	0	18	0	2	0	0	0	0	0	0		0
Darrell Daniels	TE	1	0	0	0	0	0	0	0	0	0	0	0	0	0	0		0
JoJo Natson	WR	1	0	0	0	0	0	0	0	0	0	0	0	0	0	0		0
Christian McCaffrey	RB	1	0	0	0	97	2	38	0	3	0	0	0	0	0	0		0
Curtis Samuel	WR	1	0	0	0	5	0	38	0	5	0	0	0	0	0	0		0
George Kittle	TE	1	0	0	0	9	0	44	0	4	0	0	0	0	0	0		0
Trent Taylor	WR	1	0	0	0	0	0	7	0	2	0	0	0	0	0	0		0
Aaron Jones	RB	1	0	0	0	66	1	10	0	4	0	0	0	0	0	0		0
Alex Armah	RB	1	0	0	0	1	0	0	0	0	0	0	0	0	0	0		0
Harrison Butker	PK	1	0	0	0	0	0	0	0	0	0	0	0	0	0	0	29;19	4
Kendrick Bourne	WR	1	0	0	0	0	0	34	0	2	0	0	0	0	0	0		0
Matt Breida	RB	1	0	0	0	22	0	0	0	0	0	0	0	0	0	0		0
Cethan Carter	TE	1	0	0	0	0	0	0	0	0	0	0	0	0	0	0		0
Taysom Hill	TE	1	38	0	0	13	0	14	0	1	0	0	0	0	0	0		0
C.J. Board	WR	1	0	0	0	0	0	17	0	2	0	0	0	0	0	0		0
Tim Patrick	WR	1	0	0	0	0	0	29	0	4	0	0	0	0	0	0		0
Patrick Ricard	RB	1	0	0	0	-1	0	9	0	1	0	1	0	0	0	0		0
Jacob Hollister	TE	1	0	0	0	0	0	9	0	1	0	0	0	0	0	0		0
Anthony Firkser	TE	1	0	0	0	0	0	5	0	2	0	0	0	0	0	0		0
John Ross	WR	1	0	0	0	0	0	17	0	2	0	0	0	0	0	0		0
Isaiah McKenzie	WR	1	0	0	0	0	0	17	0	3	0	0	0	0	0	0		0
Isaiah Ford	WR	1	0	0	0	0	0	13	0	2	0	0	0	0	0	0		0
Marcus Kemp	WR	1	0	0	0	0	0	0	0	0	0	0	0	0	0	0		0
Samaje Perine	RB	1	0	0	0	0	0	0	0	0	0	0	0	0	0	0		0
Mike Williams	WR	1	0	0	0	0	0	69	0	4	0	0	0	0	0	0		0
Deshaun Watson	QB	1	253	1	1	27	1	0	0	0	0	0	0	0	0	0		0
James Conner	RB	1	0	0	0	9	0	8	0	2	0	0	0	0	0	0		0
Tarik Cohen	RB	1	0	0	0	41	0	6	0	2	0	0	0	0	0	0		0
Jake Butt	TE	1	0	0	0	0	0	0	0	1	0	0	0	0	0	0		0
Brian Hill	RB	1	0	0	0	12	0	8	0	2	0	0	0	0	0	0		0
Jamal Agnew	WR	1	0	0	0	0	0	0	0	0	0	0	0	0	0	0		0
David Moore	WR	1	0	0	0	12	0	28	0	3	0	0	0	0	0	0		0
Chris Carson	RB	1	0	0	0	21	0	45	2	6	0	0	0	0	0	0		0
Blake Jarwin	TE	1	0	0	0	0	0	12	0	1	0	0	0	0	0	0		0
Keelan Cole	WR	1	0	0	0	0	0	47	1	5	0	0	0	0	0	0		0
Austin Ekeler	RB	1	0	0	0	84	0	3	0	1	0	0	0	0	0	0		0
Younghoe Koo	PK	1	0	0	0	0	0	0	0	0	0	0	0	0	0	0	49;49	1
Corey Clement	RB	1	0	0	0	19	0	2	0	2	0	0	0	0	0	0		0
Greg Ward	WR	1	0	0	0	0	0	31	0	5	0	0	0	0	0	0		0
Jake Elliott	PK	1	0	0	0	0	0	0	0	0	0	0	0	0	0	0	38	2
Leonard Fournette	RB	1	0	0	0	5	0	14	0	1	0	0	0	0	0	0		0
JuJu Smith-Schuster	WR	1	0	0	0	0	0	69	2	6	0	0	0	0	0	0		0
Jonnu Smith	TE	1	0	0	0	0	0	36	1	4	0	0	0	0	0	0		0
Josh Malone	WR	1	0	0	0	0	0	0	0	0	0	0	0	0	0	0		0
Zane Gonzalez	PK	1	0	0	0	0	0	0	0	0	0	0	0	0	0	0	56	3
Mitchell Trubisky	QB	1	242	3	0	26	0	0	0	0	0	0	0	0	0	0		0
Corey Davis	WR	1	0	0	0	0	0	101	0	7	0	0	0	0	0	0		0
Patrick Mahomes	QB	1	211	3	0	0	0	0	0	0	0	0	0	0	0	0		0
O.J. Howard	TE	1	0	0	0	0	0	36	1	4	0	0	0	0	0	0		0
Evan Engram	TE	1	0	0	0	0	0	9	0	2	0	0	0	0	0	0		0
David Njoku	TE	1	0	0	0	0	0	50	1	3	0	0	0	0	0	0		0
Dalvin Cook	RB	1	0	0	0	50	2	-2	0	1	0	0	0	0	2	0		0
Gerald Everett	TE	1	0	0	0	0	0	7	0	1	0	0	0	0	0	0		0
Joe Mixon	RB	1	0	0	0	69	0	2	0	1	0	1	0	0	0	0		0
Alvin Kamara	RB	1	0	0	0	16	1	51	1	5	0	0	0	0	0	0		0
Cooper Kupp	WR	1	0	0	0	0	0	40	0	4	0	0	0	0	0	0		0
Chris Godwin Jr.	WR	1	0	0	0	0	0	79	0	6	0	0	0	0	0	0		0
Kareem Hunt	RB	1	0	0	0	72	0	9	0	4	0	0	0	0	0	0		0
Josh Reynolds	WR	1	0	0	0	0	0	17	0	1	0	0	0	0	0	0		0
Jamaal Williams	RB	1	0	0	0	21	0	21	0	4	0	0	0	0	0	0		0
Wayne Gallman	RB	1	0	0	0	0	0	14	0	1	0	0	0	0	0	0		0
Marlon Mack	RB	1	0	0	0	26	0	30	0	3	0	0	0	0	0	0		0
Jeremy McNichols	RB	1	0	0	0	0	0	0	0	0	0	0	0	0	0	0		0
Dan Arnold	TE	1	0	0	0	0	0	21	0	2	0	0	0	0	0	0		0
Ross Dwelley	TE	1	0	0	0	0	0	0	0	0	0	0	0	0	0	0		0
Mike Badgley	PK	1	0	0	0	0	0	0	0	0	0	0	0	0	0	0	24;43;22	1
Phillip Lindsay	RB	1	0	0	0	24	0	11	0	1	0	0	0	0	0	0		0
Christian Blake	WR	1	0	0	0	0	0	0	0	0	0	0	0	0	0	0		0
Will Dissly	TE	1	0	0	0	0	0	8	0	2	0	0	0	0	0	0		0
Daniel Carlson	PK	1	0	0	0	0	0	0	0	0	0	0	0	0	0	0	20;54	4
Trenton Cannon	RB	1	0	0	0	0	0	0	0	0	0	0	0	0	0	0		0
Tim Boyle	QB	1	0	0	0	-2	0	0	0	0	0	0	0	0	0	0		0
Gus Edwards	RB	1	0	0	0	17	0	0	0	0	0	0	0	0	0	0		0
Nick Keizer	TE	1	0	0	0	0	0	0	0	0	0	0	0	0	0	0		0
Mike Boone	RB	1	0	0	0	0	0	0	0	0	0	0	0	0	0	0		0
Marquez Valdes-Scantling	WR	1	0	0	0	0	0	96	1	4	0	0	0	0	0	0		0
Damion Ratley	WR	1	0	0	0	0	0	0	0	0	0	0	0	0	0	0		0
Darrel Williams	RB	1	0	0	0	23	0	7	0	2	0	0	0	0	0	0		0
Jaylen Samuels	RB	1	0	0	0	2	0	1	0	1	0	0	0	0	0	0		0
Kerryon Johnson	RB	1	0	0	0	14	0	0	0	0	0	0	0	0	0	0		0
Dallas Goedert	TE	1	0	0	0	0	0	101	1	8	0	0	0	0	0	0		0
Anthony Miller	WR	1	0	0	0	0	0	76	1	4	0	0	0	0	0	0		0
Jordan Akins	TE	1	0	0	0	0	0	39	1	2	0	0	0	0	0	0		0
Ian Thomas	TE	1	0	0	0	0	0	16	0	2	0	0	0	0	0	0		0
Nyheim Hines	RB	1	0	0	0	28	1	45	1	8	0	0	0	0	0	0		0
DaeSean Hamilton	WR	1	0	0	0	0	0	18	0	1	0	0	0	0	0	0		0
Ito Smith	RB	1	0	0	0	4	0	2	0	3	0	0	0	0	0	0		0
Dalton Schultz	TE	1	0	0	0	0	0	11	0	1	0	0	0	0	0	0		0
Justin Watson	WR	1	0	0	0	0	0	6	0	1	0	0	0	0	0	0		0
Ray-Ray McCloud	WR	1	0	0	0	0	0	0	0	0	0	0	0	0	0	0		0
Russell Gage	WR	1	0	0	0	0	0	114	0	9	0	0	0	0	0	0		0
Boston Scott	RB	1	0	0	0	35	0	19	0	2	0	0	0	0	0	0		0
Cedrick Wilson Jr.	WR	1	0	0	0	0	0	0	0	0	0	0	0	0	0	0		0
Braxton Berrios	WR	1	0	0	0	0	0	0	0	0	0	0	0	0	0	0		0
Javon Wims	WR	1	0	0	0	0	0	1	1	1	0	0	0	0	0	0		0
Ryan Izzo	TE	1	0	0	0	0	0	25	0	1	0	0	0	0	0	0		0
Justin Jackson	RB	1	0	0	0	4	0	0	0	0	0	0	0	0	0	0		0
Josh Adams	RB	1	0	0	0	8	1	14	0	2	0	0	0	0	0	0		0
Allen Lazard	WR	1	0	0	0	19	0	63	1	4	0	0	0	0	0	0		0
Brandon Powell	WR	1	0	0	0	0	0	0	0	0	0	0	0	0	0	0		0
James Washington	WR	1	0	0	0	0	0	34	1	2	0	0	0	0	0	0		0
Chase Edmonds	RB	1	0	0	0	26	0	19	1	3	0	0	0	0	0	0		0
Mark Andrews	TE	1	0	0	0	0	0	58	2	5	0	0	0	0	0	0		0
Michael Gallup	WR	1	0	0	0	0	0	50	0	3	0	0	0	0	0	0		0
Tre'Quan Smith	WR	1	0	0	0	0	0	4	0	1	0	0	0	0	0	0		0
Chris Herndon	TE	1	0	0	0	0	0	37	0	6	0	0	1	0	0	0		0
Christian Kirk	WR	1	0	0	0	0	0	0	0	1	0	0	0	0	0	0		0
DJ Chark	WR	1	0	0	0	0	0	25	1	3	0	0	0	0	0	0		0
Nick Chubb	RB	1	0	0	0	60	0	6	0	1	0	1	0	0	0	0		0
Jason Sanders	PK	1	0	0	0	0	0	0	0	0	0	0	0	0	0	0	46	0
Lamar Jackson	QB	1	275	3	0	45	0	0	0	0	0	0	0	0	0	0		0
Ronald Jones	RB	1	0	0	0	66	0	16	0	2	0	0	0	0	0	0		0
DJ Moore	WR	1	0	0	0	0	0	54	0	4	0	0	0	0	0	0		0
Mike Gesicki	TE	1	0	0	0	0	0	30	0	3	0	0	0	0	0	0		0
Hayden Hurst	TE	1	0	0	0	0	0	38	0	3	0	0	0	0	0	0		0
Calvin Ridley	WR	1	0	0	0	-1	0	130	2	9	0	0	0	0	0	0		0
Royce Freeman	RB	1	0	0	0	0	0	12	0	1	0	0	0	0	0	0		0
Saquon Barkley	RB	1	0	0	0	6	0	60	0	6	0	0	0	0	0	0		0
Sony Michel	RB	1	0	0	0	37	1	0	0	0	0	0	0	0	0	0		0
KhaDarel Hodge	WR	1	0	0	0	0	0	12	0	1	0	0	0	0	0	0		0
Baker Mayfield	QB	1	189	1	1	3	0	0	0	0	0	0	0	0	0	0		0
Josh Allen	QB	1	312	2	0	57	1	0	0	0	0	2	0	0	0	0		0
Dante Pettis	WR	1	0	0	0	0	0	0	0	0	0	0	0	0	0	0		0
Sam Darnold	QB	1	215	1	1	6	0	0	0	0	0	0	0	0	0	0		0
Steven Sims	WR	1	0	0	0	0	0	50	0	3	0	0	0	0	0	0		0
Irv Smith	TE	1	0	0	0	0	0	11	0	1	0	0	0	0	0	0		0
Alexander Mattison	RB	1	0	0	0	50	0	30	0	4	0	0	0	0	0	0		0
Hunter Renfrow	WR	1	0	0	0	0	0	21	0	2	0	0	0	0	0	0		0
Kaden Smith	TE	1	0	0	0	0	0	17	0	2	0	0	0	0	0	0		0
Bisi Johnson	WR	1	0	0	0	0	0	56	0	3	0	0	0	0	0	0		0
Ashton Dulin	WR	1	0	0	0	0	0	0	0	0	0	0	0	0	0	0		0
Stephen Carlson	TE	1	0	0	0	0	0	0	0	0	0	0	0	0	0	0		0
Mecole Hardman	WR	1	0	0	0	0	0	6	0	1	0	0	0	0	0	0		0
Austin Seibert	PK	1	0	0	0	0	0	0	0	0	0	0	0	0	0	0		0
Joey Slye	PK	1	0	0	0	0	0	0	0	0	0	0	0	0	0	0	47;46;31	1
Olamide Zaccheaus	WR	1	0	0	0	0	0	0	0	0	0	0	0	0	0	0		0
Deonte Harty	WR	1	0	0	0	9	0	17	0	1	0	0	0	0	0	0		0
Diontae Johnson	WR	1	0	0	0	0	0	57	0	6	0	0	0	0	0	0		0
Benny Snell	RB	1	0	0	0	113	0	0	0	0	0	0	0	0	0	0		0
Kyler Murray	QB	1	230	1	1	91	1	0	0	0	0	0	0	0	0	0		0
T.J. Hockenson	TE	1	0	0	0	0	0	56	1	5	0	0	0	0	0	0		0
Dwayne Haskins	QB	1	178	1	0	17	0	0	0	0	0	0	0	0	0	0		0
Devin Singletary	RB	1	0	0	0	30	0	23	0	5	0	0	0	0	0	0		0
Tony Pollard	RB	1	0	0	0	10	0	22	0	2	0	0	0	0	0	0		0
Gardner Minshew	QB	1	173	3	0	19	0	0	0	0	0	0	0	0	0	0		0
Scott Miller	WR	1	0	0	0	6	0	73	0	5	0	0	0	0	0	0		0
Myles Gaskin	RB	1	0	0	0	40	0	26	0	4	0	0	0	0	0	0		0
Patrick Laird	RB	1	0	0	0	0	0	9	0	2	0	0	0	0	0	0		0
Preston Williams	WR	1	0	0	0	0	0	41	0	2	0	0	0	0	0	0		0
Jalen Guyton	WR	1	0	0	0	0	0	16	0	1	0	0	0	0	0	0		0
Darius Slayton	WR	1	0	0	0	0	0	102	2	6	0	0	0	0	0	0		0
Travis Homer	RB	1	0	0	0	-1	0	4	0	2	0	0	0	0	0	0		0
Nsimba Webster	WR	1	0	0	0	0	0	0	0	0	0	0	0	0	0	0		0
N'Keal Harry	TE	1	0	0	0	0	0	39	0	5	0	0	1	0	0	0		0
D'Ernest Johnson	RB	1	0	0	0	5	0	0	0	0	0	0	0	0	0	0		0
Drew Sample	TE	1	0	0	0	0	0	7	0	1	0	0	0	0	0	0		0
Parris Campbell	WR	1	0	0	0	9	0	71	0	6	0	0	0	0	0	0		0
DK Metcalf	WR	1	0	0	0	0	0	95	1	4	0	0	0	0	0	0		0
Noah Fant	TE	1	0	0	0	0	0	81	1	5	0	0	0	0	0	0		0
Terry McLaurin	WR	1	0	0	0	0	0	61	0	5	0	0	0	0	0	0		0
Marquise Brown	WR	1	0	0	0	0	0	101	0	5	0	0	0	0	0	0		0
Darrell Henderson	RB	1	0	0	0	6	0	0	0	0	0	0	0	0	0	0		0
Jace Sternberger	TE	1	0	0	0	0	0	0	0	0	0	0	0	0	0	0		0
A.J. Brown	WR	1	0	0	0	0	0	39	0	5	0	0	0	0	0	0		0
David Montgomery	RB	1	0	0	0	64	0	10	0	1	0	0	0	0	0	0		0
Dawson Knox	TE	1	0	0	0	0	0	26	0	2	0	0	0	0	0	0		0
Josh Jacobs	RB	1	0	0	0	93	3	46	0	4	0	0	0	0	0	0		0
Miles Boykin	WR	1	0	0	0	0	0	37	0	3	0	0	0	0	0	0		0
Drew Lock	QB	1	216	1	0	5	0	0	0	0	0	0	0	0	0	0		0
Daniel Jones	QB	1	279	2	2	22	0	0	0	0	0	0	0	0	0	0		0
Chris Streveler	QB	1	0	0	0	3	0	0	0	0	0	0	0	0	0	0		0
James Robinson	RB	1	0	0	0	62	0	28	0	1	0	0	0	0	0	0		0
Rodrigo Blankenship	PK	1	0	0	0	0	0	0	0	0	0	0	0	0	0	0	38;25	2
Xavier Jones	RB	1	0	0	0	0	0	0	0	0	0	0	0	0	0	0		0
J.J. Taylor	RB	1	0	0	0	28	0	4	0	1	0	0	0	0	0	0		0
James Proche	WR	1	0	0	0	0	0	0	0	0	0	0	0	0	0	0		0
J.K. Dobbins	RB	1	0	0	0	22	2	0	0	0	0	0	0	0	0	0		0
Tyler Bass	PK	1	0	0	0	0	0	0	0	0	0	0	0	0	0	0	22;19	3
Gabe Davis	WR	1	0	0	0	0	0	16	0	2	0	0	0	0	0	0		0
Jonathan Taylor	RB	1	0	0	0	22	0	67	0	6	0	0	0	0	0	0		0
Harrison Bryant	TE	1	0	0	0	0	0	5	0	1	0	0	0	0	0	0		0
Freddie Swain	WR	1	0	0	0	0	0	17	0	1	0	0	0	0	0	0		0
Zack Moss	RB	1	0	0	0	11	0	16	1	3	0	0	0	0	0	0		0
Michael Pittman	WR	1	0	0	0	0	0	10	0	2	0	0	0	0	0	0		0
Collin Johnson	WR	1	0	0	0	0	0	14	0	1	0	0	0	0	0	0		0
AJ Dillon	RB	1	0	0	0	14	0	0	0	0	0	0	0	0	0	0		0
Laviska Shenault Jr.	WR	1	0	0	0	10	0	37	1	3	0	0	0	0	0	0		0
D'Andre Swift	RB	1	0	0	0	8	1	15	0	3	0	0	0	0	0	0		0
Quintez Cephus	WR	1	0	0	0	0	0	43	0	3	0	0	0	0	0	0		0
Jason Huntley	RB	1	0	0	0	1	0	0	0	0	0	0	0	0	0	0		0
Cole Kmet	TE	1	0	0	0	0	0	0	0	0	0	0	0	0	0	0		0
Darnell Mooney	WR	1	0	0	0	0	0	38	0	3	0	0	0	0	0	0		0
Justin Jefferson	WR	1	0	0	0	0	0	26	0	2	0	0	0	0	0	0		0
Chase Claypool	WR	1	0	0	0	8	0	39	0	2	0	0	0	0	0	0		0
Antonio Gibson	RB	1	0	0	0	36	0	8	0	2	0	0	0	0	0	0		0
Devin Duvernay	WR	1	0	0	0	0	0	12	0	1	0	0	0	0	0	0		0
Josiah Deguara	TE	1	0	0	0	0	0	12	0	1	0	0	0	0	0	0		0
K.J. Osborn	WR	1	0	0	0	0	0	0	0	0	0	0	0	0	0	0		0
Henry Ruggs III	WR	1	0	0	0	11	0	55	0	3	0	0	0	0	0	0		0
CeeDee Lamb	WR	1	0	0	0	0	0	59	0	5	0	0	0	0	0	0		0
Clyde Edwards-Helaire	RB	1	0	0	0	138	1	0	0	0	0	0	0	0	0	0		0
Bryan Edwards	WR	1	0	0	0	0	0	9	0	1	0	0	0	0	0	0		0
Joshua Kelley	RB	1	0	0	0	60	1	0	0	0	0	0	0	0	0	0		0
Joe Reed	WR	1	0	0	0	0	0	0	0	0	0	0	0	0	0	0		0
Jalen Reagor	WR	1	0	0	0	0	0	55	0	1	0	0	0	0	0	0		0
John Hightower	WR	1	0	0	0	0	0	-2	0	1	0	0	0	0	0	0		0
Jerry Jeudy	WR	1	0	0	0	0	0	56	0	4	0	0	0	0	0	0		0
Cam Akers	RB	1	0	0	0	39	0	4	0	1	0	0	0	0	0	0		0
Van Jefferson	WR	1	0	0	0	0	0	31	0	1	0	0	0	0	0	0		0
Sam Sloman	PK	1	0	0	0	0	0	0	0	0	0	0	0	0	0	0	35;31	2
Tyrie Cleveland	WR	1	0	0	0	0	0	7	0	1	0	0	0	0	0	0		0
Joe Burrow	QB	1	193	0	1	46	1	0	0	0	0	0	0	0	0	0		0
Tom Brady	QB	2	217	1	1	0	0	0	0	0	0	1	0	0	0	0		0
Drew Brees	QB	2	312	1	1	0	0	0	0	0	0	0	0	0	0	0		0
Jason Witten	TE	2	0	0	0	0	0	3	0	1	0	0	0	0	0	0		0
Larry Fitzgerald	WR	2	0	0	0	0	0	50	0	7	0	0	0	0	0	0		0
Ben Roethlisberger	QB	2	311	2	1	-2	0	0	0	0	0	0	0	0	0	0		0
Philip Rivers	QB	2	214	1	1	3	0	0	0	0	0	0	0	0	0	0		0
Robbie Gould	PK	2	0	0	0	0	0	0	0	0	0	0	0	0	0	0	46	4
Aaron Rodgers	QB	2	240	2	0	12	0	-6	0	1	0	0	0	0	0	0		0
Frank Gore	RB	2	0	0	0	63	0	0	0	0	0	0	0	0	0	0		0
Ryan Fitzpatrick	QB	2	328	2	0	12	0	0	0	0	0	0	0	1	0	0		0
Matt Prater	PK	2	0	0	0	0	0	0	0	0	0	0	0	0	0	0		3
Marcedes Lewis	TE	2	0	0	0	0	0	4	0	1	0	0	0	0	0	0		0
Stephen Gostkowski	PK	2	0	0	0	0	0	0	0	0	0	0	0	0	0	0	51;49	3
Adrian Peterson	RB	2	0	0	0	41	0	0	0	0	0	0	0	0	0	0		0
Greg Olsen	TE	2	0	0	0	0	0	0	0	0	0	0	0	0	0	0		0
Nick Folk	PK	2	0	0	0	0	0	0	0	0	0	0	0	0	0	0	25	3
Mason Crosby	PK	2	0	0	0	0	0	0	0	0	0	0	0	0	0	0	43;35	4
Danny Amendola	WR	2	0	0	0	0	0	21	0	2	0	0	0	0	0	0		0
Matt Ryan	QB	2	273	4	0	16	0	0	0	0	0	0	0	0	0	0		0
DeSean Jackson	WR	2	0	0	0	0	0	64	0	6	0	0	0	0	0	0		0
Matthew Slater	WR	2	0	0	0	0	0	0	0	0	0	0	0	0	0	0		0
Matthew Stafford	QB	2	244	2	1	4	0	0	0	0	0	0	0	0	0	0		0
Graham Gano	PK	2	0	0	0	0	0	0	0	0	0	0	0	0	0	0	39;37	1
Ryan Succop	PK	2	0	0	0	0	0	0	0	0	0	0	0	0	0	0	33	4
LeSean McCoy	RB	2	0	0	0	-5	0	26	0	5	0	0	0	0	0	0		0
Jared Cook	TE	2	0	0	0	0	0	13	1	2	0	0	0	0	0	0		0
Julian Edelman	WR	2	0	0	0	0	0	179	0	8	0	0	0	0	0	0		0
Rob Gronkowski	TE	2	0	0	0	0	0	0	0	0	0	0	0	0	0	0		0
Emmanuel Sanders	WR	2	0	0	0	0	0	18	0	1	0	0	0	0	0	0		0
Andre Roberts	WR	2	0	0	0	0	0	0	0	0	0	0	0	0	0	0		0
Jimmy Graham	TE	2	0	0	0	0	0	18	0	1	0	0	0	0	0	0		0
Golden Tate	WR	2	0	0	0	0	0	47	0	5	0	0	0	0	0	0		0
Cam Newton	QB	2	397	1	1	47	2	0	0	0	0	0	0	0	0	0		0
A.J. Green	WR	2	0	0	0	0	0	29	0	3	0	0	0	0	0	0		0
Julio Jones	WR	2	0	0	0	0	0	24	0	2	0	0	0	0	0	0		0
Mark Ingram	RB	2	0	0	0	55	1	22	0	2	0	0	0	0	0	0		0
Andy Dalton	QB	2	0	0	0	0	0	0	0	0	0	0	0	0	0	0		0
Kyle Rudolph	TE	2	0	0	0	0	0	0	0	0	0	0	0	0	0	0		0
Randall Cobb	WR	2	0	0	0	0	0	59	0	5	0	0	0	0	0	0		0
Luke Stocker	TE	2	0	0	0	0	0	0	0	0	0	0	0	0	0	0		0
Taiwan Jones	RB	2	0	0	0	0	0	0	0	0	0	0	0	0	0	0		0
Dion Lewis	RB	2	0	0	0	20	1	36	0	4	0	0	0	0	0	0		0
Chris Hogan	WR	2	0	0	0	0	0	75	0	6	0	0	0	0	0	0		0
Dontrelle Inman	WR	2	0	0	0	0	0	17	0	2	0	0	0	0	0	0		0
Dan Bailey	PK	2	0	0	0	0	0	0	0	0	0	0	0	0	0	0	21	0
Cole Beasley	WR	2	0	0	0	0	0	70	0	5	0	0	0	0	0	0		0
Russell Wilson	QB	2	288	5	1	39	0	0	0	0	0	0	0	0	0	0		0
Marvin Jones	WR	2	0	0	0	0	0	23	1	4	0	0	0	0	0	0		0
Randy Bullock	PK	2	0	0	0	0	0	0	0	0	0	0	0	0	0	0	38;43;27	3
Justin Tucker	PK	2	0	0	0	0	0	0	0	0	0	0	0	0	0	0	32;39;47;20	3
Kirk Cousins	QB	2	113	0	3	0	0	0	0	0	0	0	0	0	0	0		0
T.Y. Hilton	WR	2	0	0	0	0	0	28	0	3	0	0	0	0	0	0		0
Greg Zuerlein	PK	2	0	0	0	0	0	0	0	0	0	0	0	0	0	0	33;46	4
Ryan Tannehill	QB	2	239	4	0	12	0	0	0	0	0	0	0	0	0	0		0
Darren Fells	TE	2	0	0	0	0	0	23	1	2	0	0	0	0	0	0		0
Brandon McManus	PK	2	0	0	0	0	0	0	0	0	0	0	0	0	0	0	49;28	1
Adam Thielen	WR	2	0	0	0	0	0	31	0	3	0	0	0	0	0	0		0
Zach Ertz	TE	2	0	0	0	0	0	42	0	5	0	0	0	0	0	0		0
Kenny Stills	WR	2	0	0	0	0	0	16	0	2	0	0	0	0	0	0		0
Dustin Hopkins	PK	2	0	0	0	0	0	0	0	0	0	0	0	0	0	0	24	0
Ryan Griffin	TE	2	0	0	0	0	0	0	0	0	0	0	0	0	0	0		0
Demetrius Harris	TE	2	0	0	0	0	0	0	0	0	0	0	0	0	0	0		0
Josh Hill	TE	2	0	0	0	0	0	16	0	1	0	0	0	0	0	0		0
Keenan Allen	WR	2	0	0	0	0	0	96	0	7	0	0	0	0	0	0		0
Rex Burkhead	RB	2	0	0	0	2	0	47	0	4	0	0	0	0	0	0		0
Chris Thompson	RB	2	0	0	0	7	0	20	1	3	0	0	0	0	0	0		0
Robert Woods	WR	2	0	0	0	19	1	14	0	2	0	0	0	0	0	0		0
Giovani Bernard	RB	2	0	0	0	3	0	22	0	5	0	0	0	0	0	0		0
Vance McDonald	TE	2	0	0	0	0	0	3	0	1	0	0	0	0	0	0		0
Jordan Reed	TE	2	0	0	0	0	0	50	2	7	0	0	0	0	0	0		0
Travis Kelce	TE	2	0	0	0	0	0	90	1	9	0	0	0	0	0	0		0
Latavius Murray	RB	2	0	0	0	14	0	19	0	2	0	0	0	0	0	0		0
Tyler Eifert	TE	2	0	0	0	0	0	36	1	3	0	0	0	0	0	0		0
DeAndre Hopkins	WR	2	0	0	0	0	0	68	1	8	0	0	0	0	0	0		0
Cordarrelle Patterson	RB	2	0	0	0	25	0	8	0	2	0	0	0	0	0	0		0
Willie Snead	WR	2	0	0	0	0	0	29	0	2	0	0	0	0	0	0		0
Cody Parkey	PK	2	0	0	0	0	0	0	0	0	0	0	0	0	0	0		5
Carlos Hyde	RB	2	0	0	0	22	0	15	0	2	0	0	0	0	0	0		0
John Brown	WR	2	0	0	0	0	0	82	1	4	0	0	0	0	0	0		0
Chris Boswell	PK	2	0	0	0	0	0	0	0	0	0	0	0	0	0	0	21	3
Cairo Santos	PK	2	0	0	0	0	0	0	0	0	0	0	0	0	0	0	34	2
Senorise Perry	RB	2	0	0	0	9	0	0	0	0	0	0	0	0	0	0		0
Odell Beckham Jr.	WR	2	0	0	0	0	0	74	1	4	0	0	0	0	0	0		0
Brandin Cooks	WR	2	0	0	0	0	0	95	0	5	0	0	0	0	0	0		0
Teddy Bridgewater	QB	2	367	0	2	0	0	0	0	0	1	0	0	0	0	0		0
Logan Thomas	TE	2	0	0	0	0	0	26	0	4	0	0	0	0	0	0		0
Derek Carr	QB	2	284	3	0	3	0	0	0	0	0	1	0	0	0	0		0
Diontae Spencer	WR	2	0	0	0	0	0	0	0	0	0	0	0	0	0	0		0
Sammy Watkins	WR	2	0	0	0	0	0	11	0	1	0	0	0	0	0	0		0
Jimmy Garoppolo	QB	2	131	2	0	0	0	0	0	0	0	0	0	0	0	0		0
Jerick McKinnon	RB	2	0	0	0	77	1	0	0	0	0	0	0	0	0	0		0
Davante Adams	WR	2	0	0	0	0	0	36	0	3	0	0	0	0	0	0		0
Jarvis Landry	WR	2	0	0	0	0	0	46	0	3	0	0	0	0	0	0		0
Eric Ebron	TE	2	0	0	0	0	0	43	0	3	0	0	0	0	0	0		0
Mike Evans	WR	2	0	0	0	0	0	104	1	7	0	0	0	0	0	0		0
Allen Robinson	WR	2	0	0	0	0	0	33	0	3	0	0	0	0	0	0		0
Chris Manhertz	TE	2	0	0	0	0	0	8	0	1	0	0	0	0	0	0		0
Jason Myers	PK	2	0	0	0	0	0	0	0	0	0	0	0	0	0	0		5
Amari Cooper	WR	2	0	0	0	0	0	100	0	6	0	0	0	0	0	0		0
DeVante Parker	WR	2	0	0	0	0	0	53	1	5	0	0	0	0	0	0		0
Nelson Agholor	WR	2	0	0	0	0	0	19	0	1	0	0	0	0	0	0		0
Stefon Diggs	WR	2	0	0	0	0	0	153	1	8	0	0	0	0	0	0		0
Nick Boyle	TE	2	0	0	0	0	0	11	0	1	0	0	0	0	0	0		0
Darren Waller	TE	2	0	0	0	0	0	105	1	12	0	0	0	0	0	0		0
Raheem Mostert	RB	2	0	0	0	92	1	15	0	2	0	0	0	0	0	0		0
DeAndre Carter	WR	2	0	0	0	0	0	0	0	0	0	0	0	0	0	0		0
Malcolm Brown	RB	2	0	0	0	47	0	0	0	0	0	0	0	0	0	0		0
Damiere Byrd	WR	2	0	0	0	0	0	72	0	6	0	0	0	0	0	0		0
James O'Shaughnessy	TE	2	0	0	0	0	0	40	0	4	0	0	0	0	0	0		0
Adam Humphries	WR	2	0	0	0	0	0	48	1	5	0	0	0	0	0	0		0
Breshad Perriman	WR	2	0	0	0	0	0	12	0	2	0	0	0	0	0	0		0
Tevin Coleman	RB	2	0	0	0	12	0	28	0	2	0	0	0	0	0	0		0
Blake Bell	TE	2	0	0	0	0	0	34	0	2	0	0	0	0	0	0		0
Mike Davis	RB	2	0	0	0	1	0	74	0	8	0	0	0	0	0	0		0
Josh Lambo	PK	2	0	0	0	0	0	0	0	0	0	0	0	0	0	0	35	3
Chris Conley	WR	2	0	0	0	0	0	48	0	4	0	0	0	0	0	0		0
C.J. Uzomah	TE	2	0	0	0	0	0	42	1	4	0	0	0	0	0	0		0
Melvin Gordon	RB	2	0	0	0	70	0	14	1	2	0	0	0	0	0	0		0
David Johnson	RB	2	0	0	0	34	0	16	0	2	0	0	0	0	0	0		0
Ty Montgomery	WR	2	0	0	0	0	0	25	0	2	0	0	0	0	0	0		0
Tyler Lockett	WR	2	0	0	0	0	0	67	1	7	0	0	0	0	0	0		0
Todd Gurley	RB	2	0	0	0	61	0	0	0	0	0	0	0	0	0	0		0
Sterling Shepard	WR	2	0	0	0	6	0	29	0	2	0	0	0	0	0	0		0
Austin Hooper	TE	2	0	0	0	0	0	22	0	2	0	0	0	0	0	0		0
Nick Vannett	TE	2	0	0	0	0	0	0	0	0	0	0	0	0	0	0		0
Tyler Ervin	RB	2	0	0	0	0	0	4	0	1	0	0	0	0	0	0		0
Jeff Driskel	QB	2	256	2	1	5	0	0	0	0	0	0	0	1	0	0		0
Kalif Raymond	WR	2	0	0	0	0	0	0	0	0	0	0	0	0	0	0		0
Alex Erickson	WR	2	0	0	0	0	0	0	0	0	0	0	0	0	0	0		0
Wil Lutz	PK	2	0	0	0	0	0	0	0	0	0	0	0	0	0	0	31	3
J.D. McKissic	RB	2	0	0	0	53	0	0	0	0	0	0	0	0	0	0		0
Robbie Chosen	WR	2	0	0	0	0	0	109	0	9	0	0	1	0	0	0		0
Stephen Anderson	TE	2	0	0	0	0	0	0	0	0	0	0	0	0	0	0		0
Ka'imi Fairbairn	PK	2	0	0	0	0	0	0	0	0	0	0	0	0	0	0	44;35;45	1
Peyton Barber	RB	2	0	0	0	1	0	0	0	0	0	0	0	0	0	0		0
Derrick Henry	RB	2	0	0	0	84	0	0	0	0	0	0	0	0	0	0		0
Demarcus Robinson	WR	2	0	0	0	0	0	28	0	3	0	0	0	0	0	0		0
Jordan Howard	RB	2	0	0	0	4	1	0	0	0	0	0	0	0	0	0		0
Jakeem Grant	WR	2	0	0	0	0	0	2	0	1	0	0	0	0	0	0		0
Carson Wentz	QB	2	242	0	2	7	1	0	0	0	0	0	0	0	0	0		0
Devontae Booker	RB	2	0	0	0	-1	0	6	0	1	0	0	0	0	0	0		0
Jaydon Mickens	WR	2	0	0	0	0	0	0	0	0	0	0	0	0	0	0		0
Tyler Boyd	WR	2	0	0	0	0	0	72	1	7	0	0	0	0	0	0		0
Jalen Richard	RB	2	0	0	0	26	1	0	0	0	0	0	0	0	0	0		0
Tyreek Hill	WR	2	0	0	0	9	0	99	1	5	0	0	0	0	0	0		0
Ezekiel Elliott	RB	2	0	0	0	89	1	33	0	6	0	1	0	0	0	0		0
Dak Prescott	QB	2	450	1	0	18	3	0	0	0	1	0	0	0	0	0		0
Hunter Henry	TE	2	0	0	0	0	0	83	0	6	0	0	0	0	0	0		0
Marvin Hall	WR	2	0	0	0	0	0	24	1	1	0	0	0	0	0	0		0
Jared Goff	QB	2	267	3	0	13	0	0	0	0	0	0	0	0	0	0		0
Tyler Higbee	TE	2	0	0	0	0	0	54	3	5	0	0	0	0	0	0		0
Pharoh Cooper	WR	2	0	0	0	0	0	0	0	0	0	0	0	0	0	0		0
Mike Thomas	WR	2	0	0	0	0	0	31	1	4	0	0	0	0	0	0		0
Kenyan Drake	RB	2	0	0	0	86	0	9	0	2	0	0	0	0	0	0		0
Will Fuller	WR	2	0	0	0	0	0	0	0	0	0	0	0	0	0	0		0
Sam Ficken	PK	2	0	0	0	0	0	0	0	0	0	0	0	0	0	0	41;25	1
Cyril Grayson	WR	2	0	0	0	0	0	0	0	0	0	0	0	0	0	0		0
Mo Alie-Cox	TE	2	0	0	0	0	0	111	0	5	0	0	0	0	0	0		0
Zach Pascal	WR	2	0	0	0	0	0	19	1	3	0	0	0	0	0	0		0
Darrell Daniels	TE	2	0	0	0	0	0	0	0	0	0	0	0	0	0	0		0
JoJo Natson	WR	2	0	0	0	0	0	0	0	0	0	0	0	0	0	0		0
Christian McCaffrey	RB	2	0	0	0	59	2	29	0	4	0	0	0	0	0	0		0
Curtis Samuel	WR	2	0	0	0	26	0	13	0	2	0	0	0	0	0	0		0
Trent Taylor	WR	2	0	0	0	0	0	10	0	2	0	0	0	0	0	0		0
Aaron Jones	RB	2	0	0	0	168	2	68	1	4	0	0	0	0	0	0		0
Alex Armah	RB	2	0	0	0	0	0	14	0	1	0	0	0	0	0	0		0
Harrison Butker	PK	2	0	0	0	0	0	0	0	0	0	0	0	0	0	0	58;30;58	0
Kendrick Bourne	WR	2	0	0	0	0	0	67	0	4	0	0	0	0	0	0		0
Matt Breida	RB	2	0	0	0	37	0	2	0	1	0	0	0	0	0	0		0
Nick Mullens	QB	2	71	0	1	-2	0	0	0	0	0	0	0	0	0	0		0
Cethan Carter	TE	2	0	0	0	0	0	0	0	0	0	0	0	0	0	0		0
Taysom Hill	TE	2	0	0	0	8	0	0	0	0	0	0	0	0	0	0		0
C.J. Board	WR	2	0	0	0	0	0	32	0	3	0	0	0	0	0	0		0
Tim Patrick	WR	2	0	0	0	0	0	24	0	2	0	0	0	0	0	0		0
Patrick Ricard	RB	2	0	0	0	0	0	1	1	1	0	0	0	0	0	0		0
Anthony Firkser	TE	2	0	0	0	0	0	45	0	4	0	0	0	0	0	0		0
John Ross	WR	2	0	0	0	0	0	0	0	0	0	0	0	0	0	0		0
Isaiah McKenzie	WR	2	0	0	0	0	0	47	0	2	0	0	0	0	0	0		0
Isaiah Ford	WR	2	0	0	0	0	0	76	0	7	0	0	0	0	0	0		0
Marcus Kemp	WR	2	0	0	0	0	0	0	0	0	0	0	0	0	0	0		0
Mike Williams	WR	2	0	0	0	0	0	14	0	2	0	0	0	0	0	0		0
Deshaun Watson	QB	2	275	1	1	17	0	0	0	0	0	0	0	0	0	0		0
James Conner	RB	2	0	0	0	106	1	15	0	2	0	0	0	0	0	0		0
Tarik Cohen	RB	2	0	0	0	12	0	15	0	1	0	0	0	0	0	0		0
Jake Butt	TE	2	0	0	0	0	0	0	0	0	0	0	0	0	0	0		0
Brian Hill	RB	2	0	0	0	14	0	11	0	2	0	0	0	0	0	0		0
Jamal Agnew	WR	2	0	0	0	0	0	0	0	1	0	0	0	0	0	0		0
David Moore	WR	2	0	0	0	0	0	48	1	3	0	0	0	0	0	0		0
Noah Brown	WR	2	0	0	0	0	0	28	0	2	0	0	0	0	0	0		0
Chris Carson	RB	2	0	0	0	72	0	36	1	3	0	0	0	0	0	0		0
Keelan Cole	WR	2	0	0	0	0	0	58	1	6	0	0	0	0	0	0		0
Austin Ekeler	RB	2	0	0	0	93	0	55	0	4	0	0	0	0	0	0		0
Younghoe Koo	PK	2	0	0	0	0	0	0	0	0	0	0	0	0	0	0	42;27;41;32	3
Greg Ward	WR	2	0	0	0	0	0	5	0	1	0	0	0	0	0	0		0
Robert Tonyan	TE	2	0	0	0	0	0	25	1	2	0	0	0	0	0	0		0
Jake Elliott	PK	2	0	0	0	0	0	0	0	0	0	0	0	0	0	0	38;33	1
Leonard Fournette	RB	2	0	0	0	103	2	13	0	4	0	0	0	0	0	0		0
JuJu Smith-Schuster	WR	2	0	0	0	0	0	48	0	7	0	0	0	0	0	0		0
Jonnu Smith	TE	2	0	0	0	0	0	84	2	4	0	0	0	0	0	0		0
Josh Malone	WR	2	0	0	0	12	0	16	0	4	0	0	0	0	0	0		0
Zane Gonzalez	PK	2	0	0	0	0	0	0	0	0	0	0	0	0	0	0	49;33;28	3
Mitchell Trubisky	QB	2	190	2	2	16	0	0	0	0	0	0	0	0	0	0		0
Corey Davis	WR	2	0	0	0	0	0	36	1	3	0	0	0	0	0	0		0
Patrick Mahomes	QB	2	302	2	0	54	0	0	0	0	0	0	0	1	0	0		0
O.J. Howard	TE	2	0	0	0	0	0	11	0	1	0	0	0	0	0	0		0
Evan Engram	TE	2	0	0	0	0	0	65	0	6	0	0	0	0	0	0		0
Zay Jones	WR	2	0	0	0	0	0	15	1	1	0	0	0	0	0	0		0
Dalvin Cook	RB	2	0	0	0	63	1	8	0	2	0	0	0	0	1	0		0
Adam Shaheen	TE	2	0	0	0	0	0	4	0	1	0	0	0	0	0	0		0
Joe Mixon	RB	2	0	0	0	46	0	40	0	4	0	0	0	0	0	0		0
Alvin Kamara	RB	2	0	0	0	79	2	95	0	9	0	0	0	0	0	0		0
Cooper Kupp	WR	2	0	0	0	19	0	81	0	5	0	0	0	0	0	0		0
Kareem Hunt	RB	2	0	0	0	86	1	15	1	2	0	0	0	0	0	0		0
Josh Reynolds	WR	2	0	0	0	0	0	33	0	2	0	0	0	0	0	0		0
Jamaal Williams	RB	2	0	0	0	63	0	0	0	0	0	0	0	0	1	0		0
Jeremy McNichols	RB	2	0	0	0	7	0	0	0	0	0	0	0	0	0	0		0
Dan Arnold	TE	2	0	0	0	0	0	26	0	2	0	0	0	0	0	0		0
Ross Dwelley	TE	2	0	0	0	0	0	5	0	1	0	0	0	0	0	0		0
Mike Badgley	PK	2	0	0	0	0	0	0	0	0	0	0	0	0	0	0	41;23	2
Cam Sims	WR	2	0	0	0	0	0	0	0	0	0	0	0	0	0	0		0
Jeff Wilson	RB	2	0	0	0	3	0	0	0	0	0	0	0	0	0	0		0
Will Dissly	TE	2	0	0	0	0	0	9	0	1	0	0	0	0	0	0		0
Daniel Carlson	PK	2	0	0	0	0	0	0	0	0	0	0	0	0	0	0	28;54	4
Trenton Cannon	RB	2	0	0	0	0	0	0	0	0	0	0	0	0	0	0		0
Marcus Baugh	TE	2	0	0	0	0	0	2	0	1	0	0	0	0	0	0		0
Tim Boyle	QB	2	0	0	0	-1	0	0	0	0	0	0	0	0	0	0		0
Gus Edwards	RB	2	0	0	0	73	0	0	0	0	0	0	0	0	0	0		0
Nick Keizer	TE	2	0	0	0	0	0	0	0	0	0	0	0	0	0	0		0
Mike Boone	RB	2	0	0	0	0	0	0	0	0	0	0	0	0	0	0		0
Tyler Conklin	TE	2	0	0	0	0	0	0	0	0	0	0	0	0	0	0		0
Marquez Valdes-Scantling	WR	2	0	0	0	0	0	64	0	3	0	0	0	0	0	0		0
Damion Ratley	WR	2	0	0	0	0	0	0	0	0	0	0	0	0	0	0		0
Darrel Williams	RB	2	0	0	0	0	0	12	0	1	0	0	0	0	0	0		0
Jaylen Samuels	RB	2	0	0	0	0	0	4	0	1	0	0	0	0	0	0		0
Courtland Sutton	WR	2	0	0	0	0	0	66	0	3	0	0	0	0	0	0		0
Kerryon Johnson	RB	2	0	0	0	32	1	0	0	0	0	0	0	0	0	0		0
Dallas Goedert	TE	2	0	0	0	0	0	30	0	4	0	0	0	0	0	0		0
Anthony Miller	WR	2	0	0	0	0	0	0	0	0	0	0	0	0	0	0		0
Jordan Akins	TE	2	0	0	0	0	0	55	0	7	0	0	0	0	0	0		0
Keke Coutee	WR	2	0	0	0	0	0	11	0	2	0	0	1	0	0	0		0
Nyheim Hines	RB	2	0	0	0	0	0	4	0	1	0	0	0	0	0	0		0
DaeSean Hamilton	WR	2	0	0	0	0	0	5	0	1	0	0	0	0	0	0		0
Ito Smith	RB	2	0	0	0	20	0	0	0	0	0	0	0	0	0	0		0
Dalton Schultz	TE	2	0	0	0	0	0	88	1	9	0	0	1	0	0	0		0
Justin Watson	WR	2	0	0	0	0	0	48	0	2	0	0	0	0	0	0		0
Jordan Wilkins	RB	2	0	0	0	40	0	0	0	0	0	0	0	0	0	0		0
Ray-Ray McCloud	WR	2	0	0	0	0	0	0	0	0	0	0	0	0	0	0		0
Russell Gage	WR	2	0	0	0	0	0	46	1	6	0	0	0	0	0	0		0
Boston Scott	RB	2	0	0	0	19	0	24	0	3	0	0	0	0	0	0		0
Cedrick Wilson Jr.	WR	2	0	0	0	0	0	0	0	0	0	0	0	0	0	0		0
Braxton Berrios	WR	2	0	0	0	0	0	59	1	6	0	0	0	0	0	0		0
Javon Wims	WR	2	0	0	0	0	0	17	0	2	0	0	0	0	0	0		0
Ryan Izzo	TE	2	0	0	0	0	0	19	0	2	0	0	0	0	0	0		0
Josh Adams	RB	2	0	0	0	0	0	0	0	0	0	0	0	0	0	0		0
Trent Sherfield	WR	2	0	0	0	0	0	0	0	0	0	0	0	0	0	0		0
Allen Lazard	WR	2	0	0	0	0	0	45	0	3	0	0	0	0	0	0		0
Ryan Nall	RB	2	0	0	0	0	0	2	0	1	0	0	0	0	0	0		0
Brandon Powell	WR	2	0	0	0	0	0	0	0	0	0	0	0	0	0	0		0
Cameron Batson	WR	2	0	0	0	11	0	26	0	2	0	0	0	0	0	0		0
James Washington	WR	2	0	0	0	0	0	22	0	3	0	0	0	0	0	0		0
Chase Edmonds	RB	2	0	0	0	4	0	9	0	3	0	0	0	0	0	0		0
Mark Andrews	TE	2	0	0	0	0	0	29	0	1	0	0	0	0	0	0		0
Michael Gallup	WR	2	0	0	0	0	0	58	0	2	0	0	0	0	0	0		0
Tre'Quan Smith	WR	2	0	0	0	0	0	86	0	5	0	0	0	0	0	0		0
Chris Herndon	TE	2	0	0	0	0	0	5	0	1	0	0	0	0	0	0		0
Christian Kirk	WR	2	0	0	0	3	0	57	0	2	0	0	0	0	0	0		0
DJ Chark	WR	2	0	0	0	0	0	84	0	4	0	0	0	0	0	0		0
Nick Chubb	RB	2	0	0	0	124	2	9	0	1	0	0	0	0	0	0		0
Jason Sanders	PK	2	0	0	0	0	0	0	0	0	0	0	0	0	0	0	52;45	2
Lamar Jackson	QB	2	204	1	0	54	0	0	0	0	0	0	0	0	0	0		0
Kalen Ballage	RB	2	0	0	0	5	0	12	0	2	0	0	0	0	0	0		0
Ronald Jones	RB	2	0	0	0	23	1	4	0	2	0	0	0	0	0	0		0
DJ Moore	WR	2	0	0	0	0	0	120	0	8	0	0	0	0	0	0		0
Mike Gesicki	TE	2	0	0	0	0	0	130	1	8	0	0	0	0	0	0		0
Hayden Hurst	TE	2	0	0	0	0	0	72	1	5	0	0	0	0	0	0		0
Calvin Ridley	WR	2	0	0	0	0	0	109	2	7	0	0	0	0	0	0		0
Royce Freeman	RB	2	0	0	0	20	0	0	0	0	0	0	0	0	0	0		0
Saquon Barkley	RB	2	0	0	0	28	0	0	0	0	0	0	0	0	0	0		0
Sony Michel	RB	2	0	0	0	19	0	0	0	0	0	0	0	0	0	0		0
KhaDarel Hodge	WR	2	0	0	0	0	0	39	0	2	0	0	0	0	0	0		0
Baker Mayfield	QB	2	219	2	1	5	0	0	0	0	0	0	0	0	0	0		0
Josh Allen	QB	2	415	4	0	19	0	0	0	0	0	0	0	0	0	0		0
Dante Pettis	WR	2	0	0	0	0	0	0	0	0	0	0	0	0	0	0		0
Malik Turner	WR	2	0	0	0	0	0	0	0	0	0	0	0	0	0	0		0
Sam Darnold	QB	2	179	1	0	7	0	0	0	0	0	0	0	0	0	0		0
Steven Sims	WR	2	0	0	0	0	0	53	0	3	0	0	0	0	0	0		0
Jakobi Meyers	WR	2	0	0	0	0	0	7	0	1	0	0	0	0	0	0		0
Irv Smith	TE	2	0	0	0	0	0	3	0	1	0	0	0	0	0	0		0
Alexander Mattison	RB	2	0	0	0	13	0	3	0	1	0	0	0	0	0	0		0
Foster Moreau	TE	2	0	0	0	0	0	31	0	1	0	0	0	0	0	0		0
Hunter Renfrow	WR	2	0	0	0	0	0	37	0	3	0	0	0	0	0	0		0
Kaden Smith	TE	2	0	0	0	0	0	-1	0	2	0	0	0	0	0	0		0
Bisi Johnson	WR	2	0	0	0	0	0	24	0	1	0	0	0	0	0	0		0
Ashton Dulin	WR	2	0	0	0	0	0	6	0	1	0	0	0	0	0	0		0
Mecole Hardman	WR	2	0	0	0	3	0	30	0	2	0	0	0	0	0	1		0
Darwin Thompson	RB	2	0	0	0	21	0	0	0	0	0	0	0	0	0	0		0
Joey Slye	PK	2	0	0	0	0	0	0	0	0	0	0	0	0	0	0	23	2
Olamide Zaccheaus	WR	2	0	0	0	0	0	10	0	1	0	0	0	0	0	0		0
Deonte Harty	WR	2	0	0	0	11	0	23	0	3	0	0	0	0	0	0		0
Diontae Johnson	WR	2	0	0	0	0	0	92	1	8	0	0	0	0	0	0		0
Benny Snell	RB	2	0	0	0	5	0	-4	0	1	0	1	0	0	0	0		0
Kyler Murray	QB	2	286	1	1	67	2	0	0	0	0	0	0	0	0	0		0
T.J. Hockenson	TE	2	0	0	0	0	0	62	0	4	0	0	0	0	0	0		0
Dwayne Haskins	QB	2	223	1	0	8	0	0	0	0	1	0	0	0	0	0		0
Miles Sanders	RB	2	0	0	0	95	1	36	0	3	0	1	0	0	0	0		0
J.J. Arcega-Whiteside	WR	2	0	0	0	0	0	0	0	0	0	0	0	0	0	0		0
Devin Singletary	RB	2	0	0	0	56	0	20	0	2	0	0	0	0	0	0		0
Tony Pollard	RB	2	0	0	0	6	0	3	0	1	0	0	0	0	0	0		0
Gardner Minshew	QB	2	339	3	2	19	0	0	0	0	0	0	0	0	0	0		0
Scott Miller	WR	2	0	0	0	1	0	11	0	2	0	0	0	0	0	0		0
Myles Gaskin	RB	2	0	0	0	46	0	36	0	6	0	0	0	0	0	0		0
Preston Williams	WR	2	0	0	0	0	0	26	0	1	0	0	0	0	0	1		0
Jalen Guyton	WR	2	0	0	0	0	0	14	1	1	0	0	0	0	0	0		0
Andy Isabella	WR	2	0	0	0	0	0	67	0	2	0	0	0	0	0	0		0
Darius Slayton	WR	2	0	0	0	0	0	33	0	3	0	0	0	0	0	0		0
Ty Johnson	RB	2	0	0	0	0	0	0	0	0	0	0	0	0	0	0		0
Travis Homer	RB	2	0	0	0	21	0	0	0	0	0	0	0	0	0	0		0
Nsimba Webster	WR	2	0	0	0	0	0	0	0	0	0	0	0	0	0	0		0
N'Keal Harry	TE	2	0	0	0	0	0	72	0	8	0	0	0	0	0	0		0
Drew Sample	TE	2	0	0	0	0	0	45	0	7	0	0	0	0	0	0		0
Parris Campbell	WR	2	0	0	0	7	0	0	0	0	0	0	0	0	0	0		0
DK Metcalf	WR	2	0	0	0	0	0	92	1	4	0	0	0	0	0	0		0
Noah Fant	TE	2	0	0	0	0	0	57	1	4	0	0	0	0	0	1		0
Terry McLaurin	WR	2	0	0	0	0	0	125	1	7	0	0	0	0	0	0		0
Marquise Brown	WR	2	0	0	0	0	0	42	0	5	0	0	0	0	0	0		0
Darrell Henderson	RB	2	0	0	0	81	1	40	0	2	0	0	0	0	0	0		0
Jace Sternberger	TE	2	0	0	0	0	0	0	0	0	0	0	0	0	0	0		0
David Montgomery	RB	2	0	0	0	82	0	45	1	3	0	0	0	0	0	0		0
Dawson Knox	TE	2	0	0	0	0	0	36	0	1	0	0	1	0	0	0		0
Josh Jacobs	RB	2	0	0	0	88	0	17	0	3	0	0	0	0	0	0		0
Miles Boykin	WR	2	0	0	0	0	0	38	0	4	0	0	0	0	0	0		0
Drew Lock	QB	2	20	0	0	0	0	0	0	0	1	0	0	0	0	0		0
Daniel Jones	QB	2	241	0	1	21	0	0	0	0	1	0	0	0	0	0		0
Jakob Johnson	RB	2	0	0	0	0	0	1	1	1	0	0	0	0	0	0		0
James Robinson	RB	2	0	0	0	102	1	18	0	3	0	0	0	0	0	0		0
Rodrigo Blankenship	PK	2	0	0	0	0	0	0	0	0	0	0	0	0	0	0	28;38;38;44	2
Dan Chisena	WR	2	0	0	0	0	0	0	0	0	0	0	0	0	0	0		0
J.J. Taylor	RB	2	0	0	0	-1	0	0	0	0	0	0	0	0	0	0		0
James Proche	WR	2	0	0	0	0	0	0	0	0	0	0	0	0	0	0		0
J.K. Dobbins	RB	2	0	0	0	48	0	13	0	1	0	0	0	0	0	0		0
Tyler Bass	PK	2	0	0	0	0	0	0	0	0	0	0	0	0	0	0	39	4
Reggie Gilliam	RB	2	0	0	0	0	0	1	1	1	0	0	0	0	0	0		0
Gabe Davis	WR	2	0	0	0	0	0	6	1	1	0	0	0	0	0	0		0
Jonathan Taylor	RB	2	0	0	0	101	1	9	0	2	0	0	0	0	0	0		0
Harrison Bryant	TE	2	0	0	0	0	0	14	0	1	0	0	0	0	0	0		0
Freddie Swain	WR	2	0	0	0	0	0	21	1	1	0	0	0	0	0	0		0
Zack Moss	RB	2	0	0	0	37	0	0	0	0	0	0	0	0	0	0		0
Michael Pittman	WR	2	0	0	0	0	0	37	0	4	0	0	0	0	0	0		0
Collin Johnson	WR	2	0	0	0	0	0	0	0	0	0	0	0	0	0	0		0
Brandon Aiyuk	WR	2	0	0	0	0	0	21	0	2	0	0	0	0	0	0		0
AJ Dillon	RB	2	0	0	0	17	0	0	0	0	0	0	0	0	0	0		0
Laviska Shenault Jr.	WR	2	0	0	0	37	0	35	0	3	0	0	0	0	0	0		0
La'Mical Perine	RB	2	0	0	0	17	0	0	0	0	0	0	0	0	0	0		0
D'Andre Swift	RB	2	0	0	0	12	0	60	0	5	0	0	0	0	0	0		0
Quintez Cephus	WR	2	0	0	0	0	0	54	0	3	0	0	0	0	0	0		0
Cole Kmet	TE	2	0	0	0	0	0	12	0	1	0	0	0	0	0	0		0
Darnell Mooney	WR	2	0	0	0	0	0	36	1	3	0	0	0	0	0	0		0
Justin Jefferson	WR	2	0	0	0	0	0	44	0	3	0	0	0	0	0	0		0
Chase Claypool	WR	2	0	0	0	0	0	88	1	3	0	0	0	0	0	0		0
Antonio Gibson	RB	2	0	0	0	55	1	-3	0	1	0	0	0	0	0	0		0
Devin Duvernay	WR	2	0	0	0	0	0	19	0	1	0	0	0	0	0	0		0
Antonio Gandy-Golden	WR	2	0	0	0	0	0	3	0	1	0	0	0	0	0	0		0
K.J. Osborn	WR	2	0	0	0	0	0	0	0	0	0	0	0	0	0	0		0
Justin Herbert	QB	2	311	1	1	18	1	0	0	0	0	0	0	0	0	0		0
Henry Ruggs III	WR	2	0	0	0	0	0	4	0	1	0	0	0	0	0	0		0
CeeDee Lamb	WR	2	0	0	0	9	0	106	0	6	0	0	0	0	0	0		0
Clyde Edwards-Helaire	RB	2	0	0	0	38	0	32	0	6	0	0	0	0	0	0		0
Lynn Bowden	WR	2	0	0	0	0	0	-1	0	1	0	0	0	0	0	0		0
Bryan Edwards	WR	2	0	0	0	0	0	42	0	2	0	0	0	0	0	0		0
Joshua Kelley	RB	2	0	0	0	64	0	49	0	2	0	0	0	0	0	0		0
Joe Reed	WR	2	0	0	0	8	0	0	0	0	0	0	0	0	0	0		0
Jalen Reagor	WR	2	0	0	0	0	0	41	0	4	0	0	0	0	0	0		0
Jerry Jeudy	WR	2	0	0	0	0	0	62	0	4	0	0	0	0	0	0		0
Tee Higgins	WR	2	0	0	0	0	0	35	0	3	0	0	0	0	0	0		0
KJ Hamler	WR	2	0	0	0	9	0	48	0	3	0	0	0	0	0	0		0
Cam Akers	RB	2	0	0	0	13	0	0	0	0	0	0	0	0	0	0		0
Van Jefferson	WR	2	0	0	0	-1	0	45	0	4	0	0	0	0	0	0		0
Adam Trautman	TE	2	0	0	0	0	0	17	0	1	0	0	0	0	0	0		0
Sam Sloman	PK	2	0	0	0	0	0	0	0	0	0	0	0	0	0	0	30	4
Joe Burrow	QB	2	316	3	0	19	0	0	0	0	1	0	0	0	0	0		0
Tom Brady	QB	3	297	3	0	0	0	0	0	0	0	0	0	0	0	0		0
Drew Brees	QB	3	288	3	0	0	0	0	0	0	0	0	0	0	0	0		0
Larry Fitzgerald	WR	3	0	0	0	0	0	0	0	1	0	0	0	0	0	0		0
Ben Roethlisberger	QB	3	237	2	0	-3	0	0	0	0	0	0	0	1	0	0		0
Philip Rivers	QB	3	217	1	0	0	0	0	0	0	0	0	0	0	0	0		0
Robbie Gould	PK	3	0	0	0	0	0	0	0	0	0	0	0	0	0	0	52;32;26	3
Aaron Rodgers	QB	3	283	3	0	12	0	0	0	0	0	0	0	0	0	0		0
Frank Gore	RB	3	0	0	0	57	0	5	0	1	0	0	0	0	0	0		0
Ryan Fitzpatrick	QB	3	160	2	0	38	1	0	0	1	0	0	0	0	0	0		0
Matt Prater	PK	3	0	0	0	0	0	0	0	0	0	0	0	0	0	0	37;24;35;39	2
Marcedes Lewis	TE	3	0	0	0	0	0	18	1	1	0	0	0	0	0	0		0
Stephen Gostkowski	PK	3	0	0	0	0	0	0	0	0	0	0	0	0	0	0	39;31;30;51;54;55	1
Adrian Peterson	RB	3	0	0	0	75	0	10	0	1	0	0	0	0	0	0		0
Ted Ginn	WR	3	0	0	0	0	0	29	0	1	0	0	0	0	0	0		0
Greg Olsen	TE	3	0	0	0	0	0	61	0	5	0	0	0	0	0	0		0
Nick Folk	PK	3	0	0	0	0	0	0	0	0	0	0	0	0	0	0	33;23;32	3
Mason Crosby	PK	3	0	0	0	0	0	0	0	0	0	0	0	0	0	0	52;33;49	4
Danny Amendola	WR	3	0	0	0	0	0	18	0	1	0	0	0	0	0	0		0
Matt Ryan	QB	3	238	1	1	-1	0	0	0	0	0	0	0	0	0	0		0
DeSean Jackson	WR	3	0	0	0	0	0	11	0	2	0	0	0	0	0	0		0
Matthew Stafford	QB	3	270	2	0	-3	0	0	0	0	0	0	0	0	0	0		0
Graham Gano	PK	3	0	0	0	0	0	0	0	0	0	0	0	0	0	0	52;42;47	0
Ryan Succop	PK	3	0	0	0	0	0	0	0	0	0	0	0	0	0	0	43;35	2
LeSean McCoy	RB	3	0	0	0	0	0	24	0	2	0	0	0	0	0	0		0
Jared Cook	TE	3	0	0	0	0	0	21	0	2	0	0	0	0	0	0		0
Julian Edelman	WR	3	0	0	0	-1	0	23	0	2	0	0	0	0	0	0		0
Rob Gronkowski	TE	3	0	0	0	0	0	48	0	6	0	0	0	0	0	0		0
Emmanuel Sanders	WR	3	0	0	0	0	0	56	1	4	0	0	0	0	0	0		0
Andre Roberts	WR	3	0	0	0	0	0	0	0	0	0	0	0	0	0	0		0
Jimmy Graham	TE	3	0	0	0	0	0	60	2	6	0	0	0	0	0	0		0
Golden Tate	WR	3	0	0	0	0	0	36	0	5	0	0	0	0	0	0		0
Cam Newton	QB	3	162	1	1	27	0	0	0	0	0	0	0	0	0	0		0
A.J. Green	WR	3	0	0	0	0	0	36	0	5	0	0	0	0	0	0		0
Mark Ingram	RB	3	0	0	0	30	0	0	0	0	0	0	0	0	0	0		0
Kyle Rudolph	TE	3	0	0	0	0	0	11	1	2	0	0	0	0	0	0		0
Randall Cobb	WR	3	0	0	0	0	0	95	1	4	0	0	0	0	0	0		0
Luke Stocker	TE	3	0	0	0	0	0	6	0	1	0	0	0	0	0	0		0
Dion Lewis	RB	3	0	0	0	0	0	10	0	1	0	0	0	0	0	0		0
Lee Smith	TE	3	0	0	0	0	0	1	1	1	0	0	0	0	0	0		0
Virgil Green	TE	3	0	0	0	0	0	0	0	0	0	0	0	0	0	0		0
Chris Hogan	WR	3	0	0	0	0	0	0	0	0	0	0	0	0	0	0		0
Dontrelle Inman	WR	3	0	0	0	0	0	38	2	3	0	0	0	0	0	0		0
Dan Bailey	PK	3	0	0	0	0	0	0	0	0	0	0	0	0	0	0	41	3
Cole Beasley	WR	3	0	0	0	0	0	100	0	6	0	0	0	0	0	0		0
Russell Wilson	QB	3	315	5	0	22	0	0	0	0	0	0	0	1	0	0		0
Marvin Jones	WR	3	0	0	0	0	0	51	0	3	0	0	0	0	0	0		0
Randy Bullock	PK	3	0	0	0	0	0	0	0	0	0	0	0	0	0	0	48;31;25	2
Nick Foles	QB	3	188	3	1	-3	0	0	0	0	0	0	0	0	0	0		0
Justin Tucker	PK	3	0	0	0	0	0	0	0	0	0	0	0	0	0	0	26;42	2
Kirk Cousins	QB	3	251	3	2	14	0	0	0	0	0	0	0	0	0	0		0
T.Y. Hilton	WR	3	0	0	0	0	0	52	0	3	0	0	0	0	0	0		0
Greg Zuerlein	PK	3	0	0	0	0	0	0	0	0	0	0	0	0	0	0	43;42	1
Mohamed Sanu	WR	3	0	0	0	0	0	9	0	1	0	0	0	0	0	0		0
Ryan Tannehill	QB	3	321	0	1	9	0	0	0	1	0	0	0	0	0	0		0
Darren Fells	TE	3	0	0	0	0	0	0	0	0	0	0	0	0	0	0		0
Brandon McManus	PK	3	0	0	0	0	0	0	0	0	0	0	0	0	0	0	56	1
Adam Thielen	WR	3	0	0	0	4	0	29	1	3	0	0	0	0	0	0		0
Zach Ertz	TE	3	0	0	0	0	0	70	0	7	0	0	0	0	0	0		0
Kenny Stills	WR	3	0	0	0	0	0	35	0	3	0	0	0	0	0	0		0
Dustin Hopkins	PK	3	0	0	0	0	0	0	0	0	0	0	0	0	0	0		2
Ryan Griffin	TE	3	0	0	0	0	0	0	0	0	0	0	0	0	0	0		0
Demetrius Harris	TE	3	0	0	0	0	0	15	0	3	0	0	0	0	0	0		0
Keenan Allen	WR	3	0	0	0	0	0	132	1	13	0	0	1	0	0	0		0
Rex Burkhead	RB	3	0	0	0	49	2	49	1	7	0	0	0	0	0	0		0
Chris Thompson	RB	3	0	0	0	3	0	35	0	5	0	0	0	0	0	0		0
Robert Woods	WR	3	0	0	0	30	0	74	1	5	0	0	0	0	0	0		0
Giovani Bernard	RB	3	0	0	0	0	0	55	0	3	0	0	0	0	0	0		0
Vance McDonald	TE	3	0	0	0	0	0	35	0	3	0	0	0	0	0	0		0
Jordan Reed	TE	3	0	0	0	0	0	23	0	2	0	0	0	0	0	0		0
Travis Kelce	TE	3	0	0	0	0	0	87	0	6	0	0	0	0	0	0		0
Latavius Murray	RB	3	0	0	0	58	0	7	0	1	0	0	0	0	0	0		0
Tyler Eifert	TE	3	0	0	0	0	0	11	0	2	0	0	0	0	0	0		0
DeAndre Hopkins	WR	3	0	0	0	0	0	137	0	10	0	0	0	0	0	0		0
Cordarrelle Patterson	RB	3	0	0	0	13	0	0	0	0	0	0	0	0	0	0		0
Willie Snead	WR	3	0	0	0	0	0	4	0	2	0	0	0	0	0	0		0
Cody Parkey	PK	3	0	0	0	0	0	0	0	0	0	0	0	0	0	0	42;30	4
Carlos Hyde	RB	3	0	0	0	12	0	11	0	1	0	0	0	0	0	0		0
John Brown	WR	3	0	0	0	0	0	0	0	0	0	0	0	0	0	0		0
Chris Boswell	PK	3	0	0	0	0	0	0	0	0	0	0	0	0	0	0	33;26	2
Seth Roberts	WR	3	0	0	0	0	0	16	0	2	0	0	0	0	0	0		0
Cairo Santos	PK	3	0	0	0	0	0	0	0	0	0	0	0	0	0	0	35	3
Odell Beckham Jr.	WR	3	0	0	0	0	0	59	0	4	0	0	0	0	0	0		0
Brandin Cooks	WR	3	0	0	0	0	0	23	0	3	0	0	0	0	0	0		0
Teddy Bridgewater	QB	3	235	1	0	12	0	0	0	0	0	0	0	0	0	0		0
Logan Thomas	TE	3	0	0	0	0	0	31	0	4	0	0	0	0	0	0		0
Derek Carr	QB	3	261	2	0	10	0	0	0	0	2	0	0	0	0	0		0
Devonta Freeman	RB	3	0	0	0	10	0	0	0	0	0	0	0	0	0	0		0
Diontae Spencer	WR	3	0	0	0	0	0	7	0	1	0	0	0	0	0	0		0
Sammy Watkins	WR	3	0	0	0	0	0	62	0	7	0	0	0	0	0	0		0
Jerick McKinnon	RB	3	0	0	0	38	1	39	0	3	0	0	0	0	0	0		0
Jarvis Landry	WR	3	0	0	0	0	0	36	0	4	0	0	0	0	0	0		0
Richard Rodgers	TE	3	0	0	0	0	0	15	0	2	0	0	0	0	0	0		0
Eric Ebron	TE	3	0	0	0	0	0	52	1	5	0	0	0	0	0	0		0
Mike Evans	WR	3	0	0	0	0	0	2	2	2	0	0	0	0	0	0		0
Allen Robinson	WR	3	0	0	0	0	0	123	1	10	0	0	0	0	0	0		0
Jason Myers	PK	3	0	0	0	0	0	0	0	0	0	0	0	0	0	0		4
Amari Cooper	WR	3	0	0	0	0	0	86	0	9	0	0	0	0	0	0		0
DeVante Parker	WR	3	0	0	0	0	0	69	0	5	0	0	0	0	0	0		0
Nelson Agholor	WR	3	0	0	0	0	0	32	0	2	0	0	0	0	0	0		0
MyCole Pruitt	TE	3	0	0	0	0	0	16	0	2	0	0	0	0	0	0		0
Stefon Diggs	WR	3	0	0	0	0	0	49	1	4	0	0	0	0	0	0		0
Nick Boyle	TE	3	0	0	0	0	0	5	1	1	0	0	0	0	0	0		0
Darren Waller	TE	3	0	0	0	0	0	9	0	2	0	0	0	0	0	0		0
DeAndre Carter	WR	3	0	0	0	0	0	0	0	0	0	0	0	0	0	0		0
Malcolm Brown	RB	3	0	0	0	19	0	0	0	0	0	0	0	0	0	0		0
Damiere Byrd	WR	3	0	0	0	0	0	27	0	3	0	0	0	0	0	0		0
James O'Shaughnessy	TE	3	0	0	0	0	0	29	0	3	0	0	0	0	0	0		0
Adam Humphries	WR	3	0	0	0	0	0	41	0	4	0	0	0	0	0	0		0
Blake Bell	TE	3	0	0	0	0	0	0	0	0	0	0	0	0	0	0		0
Mike Davis	RB	3	0	0	0	46	0	45	1	8	0	0	0	0	0	0		0
Ameer Abdullah	RB	3	0	0	0	0	0	0	0	0	0	0	0	0	0	0		0
Chris Conley	WR	3	0	0	0	0	0	34	0	3	0	0	0	0	0	0		0
Jesse James	TE	3	0	0	0	0	0	28	1	3	0	0	0	0	0	0		0
Melvin Gordon	RB	3	0	0	0	26	0	12	0	4	0	0	0	0	0	0		0
David Johnson	RB	3	0	0	0	23	1	23	0	2	0	0	0	0	0	0		0
T.J. Yeldon	RB	3	0	0	0	18	0	0	0	0	0	0	0	0	0	0		0
Tyler Lockett	WR	3	0	0	0	0	0	100	3	9	0	0	0	0	0	0		0
Tyler Kroft	TE	3	0	0	0	0	0	24	2	4	0	0	0	0	0	0		0
Todd Gurley	RB	3	0	0	0	80	1	2	0	1	0	0	0	0	0	0		0
Austin Hooper	TE	3	0	0	0	0	0	25	0	3	0	0	0	0	0	0		0
C.J. Prosise	RB	3	0	0	0	1	0	0	0	0	0	0	0	0	0	0		0
Tyler Ervin	RB	3	0	0	0	5	0	8	0	2	0	0	0	0	0	0		0
Jeff Driskel	QB	3	176	1	1	14	0	0	0	0	0	0	0	0	0	0		0
Kalif Raymond	WR	3	0	0	0	-3	0	118	0	3	0	0	0	0	0	0		0
Alex Erickson	WR	3	0	0	0	0	0	0	0	0	0	0	0	0	0	0		0
Wil Lutz	PK	3	0	0	0	0	0	0	0	0	0	0	0	0	0	0	45;35;34	3
J.D. McKissic	RB	3	0	0	0	15	0	37	0	3	0	0	0	0	0	0		0
Robbie Chosen	WR	3	0	0	0	0	0	55	0	5	0	0	0	0	0	0		0
Ka'imi Fairbairn	PK	3	0	0	0	0	0	0	0	0	0	0	0	0	0	0		3
Peyton Barber	RB	3	0	0	0	6	0	0	0	0	0	0	0	0	0	0		0
Derrick Henry	RB	3	0	0	0	119	2	11	0	2	0	0	0	0	0	0		0
Demarcus Robinson	WR	3	0	0	0	0	0	0	0	0	0	0	0	0	0	0		0
Jordan Howard	RB	3	0	0	0	1	1	0	0	0	0	0	0	0	0	0		0
Jakeem Grant	WR	3	0	0	0	29	0	19	0	1	0	0	0	0	0	0		0
Carson Wentz	QB	3	225	1	2	65	1	0	0	0	0	0	0	0	0	0		0
Devontae Booker	RB	3	0	0	0	31	0	0	0	0	0	0	0	0	0	0		0
J.P. Holtz	TE	3	0	0	0	0	0	0	0	0	0	0	0	0	0	0		0
Jaydon Mickens	WR	3	0	0	0	0	0	0	0	0	0	0	0	0	0	0		0
Tyler Boyd	WR	3	0	0	0	0	0	125	0	10	0	0	0	0	0	0		0
Jalen Richard	RB	3	0	0	0	14	0	8	0	3	0	0	0	0	0	0		0
Tyreek Hill	WR	3	0	0	0	25	0	77	1	5	0	0	0	0	0	0		0
Ezekiel Elliott	RB	3	0	0	0	34	1	24	0	6	0	0	0	0	0	0		0
Dak Prescott	QB	3	472	3	2	26	0	0	0	0	1	0	0	0	0	0		0
Hunter Henry	TE	3	0	0	0	0	0	50	0	5	0	0	0	0	0	0		0
Jared Goff	QB	3	321	2	1	4	1	0	0	0	0	0	0	1	0	0		0
Tyler Higbee	TE	3	0	0	0	0	0	40	0	2	0	0	0	0	0	1		0
Pharoh Cooper	WR	3	0	0	0	0	0	0	0	0	0	0	0	0	0	0		0
Mike Thomas	WR	3	0	0	0	0	0	9	0	2	0	0	0	0	0	0		0
Kenyan Drake	RB	3	0	0	0	73	0	6	0	1	0	0	0	0	0	0		0
Jacoby Brissett	QB	3	17	0	0	0	0	0	0	0	0	0	0	0	0	0		0
Will Fuller	WR	3	0	0	0	0	0	54	1	4	0	0	0	0	0	0		0
Sam Ficken	PK	3	0	0	0	0	0	0	0	0	0	0	0	0	0	0		1
Mo Alie-Cox	TE	3	0	0	0	0	0	50	1	3	0	0	0	0	0	0		0
Zach Pascal	WR	3	0	0	0	0	0	34	0	2	0	0	0	0	0	0		0
Darrell Daniels	TE	3	0	0	0	0	0	24	0	2	0	0	0	0	0	0		0
JoJo Natson	WR	3	0	0	0	3	0	0	0	0	0	0	0	0	0	0		0
Curtis Samuel	WR	3	0	0	0	7	0	45	0	4	0	0	0	0	0	0		0
Trent Taylor	WR	3	0	0	0	0	0	20	0	1	0	0	0	0	0	0		0
Aaron Jones	RB	3	0	0	0	69	1	17	0	2	0	0	0	0	0	0		0
Harrison Butker	PK	3	0	0	0	0	0	0	0	0	0	0	0	0	0	0		4
Kendrick Bourne	WR	3	0	0	0	0	0	63	0	4	0	0	0	0	0	0		0
Matt Breida	RB	3	0	0	0	4	0	0	0	0	0	0	0	0	0	0		0
Nick Mullens	QB	3	343	1	0	0	0	0	0	0	0	0	0	0	0	0		0
Cethan Carter	TE	3	0	0	0	0	0	1	0	1	0	0	0	0	0	0		0
Taysom Hill	TE	3	0	0	0	6	0	1	0	1	0	1	0	0	0	0		0
C.J. Board	WR	3	0	0	0	0	0	9	0	1	0	0	0	0	0	0		0
Tim Patrick	WR	3	0	0	0	0	0	43	1	4	0	0	0	0	0	0		0
Jacob Hollister	TE	3	0	0	0	0	0	1	1	1	0	0	0	0	0	1		0
Isaiah McKenzie	WR	3	0	0	0	4	0	6	0	1	0	0	0	0	0	0		0
Isaiah Ford	WR	3	0	0	0	0	0	14	0	2	0	0	0	0	0	0		0
Mike Williams	WR	3	0	0	0	0	0	17	0	1	0	0	0	0	0	0		0
Deshaun Watson	QB	3	264	2	1	5	0	0	0	0	0	0	0	0	0	0		0
James Conner	RB	3	0	0	0	109	1	40	0	4	0	0	0	0	0	0		0
Tarik Cohen	RB	3	0	0	0	21	0	20	0	3	0	0	0	0	0	0		0
Jake Butt	TE	3	0	0	0	0	0	5	0	1	0	0	0	0	0	0		0
Brian Hill	RB	3	0	0	0	58	1	22	0	1	0	0	0	0	0	0		0
Jamal Agnew	WR	3	0	0	0	2	0	20	0	2	0	0	0	0	0	0		0
David Moore	WR	3	0	0	0	0	0	2	0	1	0	0	0	0	0	0		0
Noah Brown	WR	3	0	0	0	0	0	9	0	1	0	0	0	0	0	0		0
Chris Carson	RB	3	0	0	0	64	0	12	0	3	0	0	0	0	0	0		0
Keelan Cole	WR	3	0	0	0	0	0	43	0	4	0	0	0	0	0	0		0
Austin Ekeler	RB	3	0	0	0	59	1	84	0	11	0	0	0	0	0	0		0
Younghoe Koo	PK	3	0	0	0	0	0	0	0	0	0	0	0	0	0	0	29;36	2
Corey Clement	RB	3	0	0	0	8	0	0	0	0	0	0	0	0	0	0		0
Greg Ward	WR	3	0	0	0	-6	0	72	1	8	0	0	0	0	0	0		0
Robert Tonyan	TE	3	0	0	0	0	0	50	1	5	0	0	0	0	0	0		0
Jake Elliott	PK	3	0	0	0	0	0	0	0	0	0	0	0	0	0	0	27;42;54	2
Dede Westbrook	WR	3	0	0	0	0	0	4	0	1	0	0	0	0	0	0		0
Dare Ogunbowale	RB	3	0	0	0	0	0	0	0	0	0	0	0	0	0	0		0
Leonard Fournette	RB	3	0	0	0	15	0	7	0	2	0	0	0	0	0	0		0
JuJu Smith-Schuster	WR	3	0	0	0	0	0	43	1	4	0	0	0	0	0	1		0
Jonnu Smith	TE	3	0	0	0	0	0	61	0	5	0	0	0	0	0	0		0
Josh Malone	WR	3	0	0	0	0	0	0	0	0	0	0	0	0	0	0		0
Zane Gonzalez	PK	3	0	0	0	0	0	0	0	0	0	0	0	0	0	0	54	2
Mitchell Trubisky	QB	3	128	1	1	45	0	0	0	0	0	0	0	0	0	0		0
Corey Davis	WR	3	0	0	0	0	0	69	0	5	0	0	0	0	0	0		0
Patrick Mahomes	QB	3	385	4	0	26	1	0	0	0	0	0	0	0	0	0		0
O.J. Howard	TE	3	0	0	0	0	0	49	0	3	0	0	0	0	0	0		0
Evan Engram	TE	3	0	0	0	0	0	22	0	3	0	0	0	0	0	0		0
Zay Jones	WR	3	0	0	0	0	0	32	0	3	0	0	0	0	0	0		0
Dalvin Cook	RB	3	0	0	0	181	1	18	0	2	0	1	0	0	0	0		0
Gerald Everett	TE	3	0	0	0	0	0	34	0	2	0	0	0	0	0	0		0
Joe Mixon	RB	3	0	0	0	49	0	16	0	2	0	0	0	0	0	0		0
Alvin Kamara	RB	3	0	0	0	58	0	139	2	13	0	0	0	0	0	0		0
Cooper Kupp	WR	3	0	0	0	0	0	107	1	9	0	0	0	0	0	0		0
Chris Godwin Jr.	WR	3	0	0	0	0	0	64	1	5	0	0	0	0	0	0		0
Kareem Hunt	RB	3	0	0	0	46	0	18	1	2	0	0	0	0	0	0		0
Kenny Golladay	WR	3	0	0	0	0	0	57	1	6	0	0	0	0	0	0		0
Josh Reynolds	WR	3	0	0	0	0	0	60	0	4	0	0	0	0	0	0		0
Jamaal Williams	RB	3	0	0	0	14	0	3	0	1	0	0	0	0	0	0		0
Wayne Gallman	RB	3	0	0	0	7	0	7	0	2	0	0	0	0	0	0		0
Jeremy McNichols	RB	3	0	0	0	0	0	5	0	1	0	0	0	0	0	0		0
Dan Arnold	TE	3	0	0	0	0	0	11	0	1	0	0	0	0	0	0		0
Ross Dwelley	TE	3	0	0	0	0	0	49	0	4	0	0	0	0	0	0		0
Mike Badgley	PK	3	0	0	0	0	0	0	0	0	0	0	0	0	0	0	41	1
Jeff Wilson	RB	3	0	0	0	15	1	54	1	3	0	0	0	0	0	0		0
Will Dissly	TE	3	0	0	0	0	0	5	0	2	0	0	0	0	0	0		0
Daniel Carlson	PK	3	0	0	0	0	0	0	0	0	0	0	0	0	0	0	29;25	2
Gus Edwards	RB	3	0	0	0	39	0	0	0	0	0	0	0	0	0	0		0
Nick Keizer	TE	3	0	0	0	0	0	0	0	0	0	0	0	0	0	0		0
Marquez Valdes-Scantling	WR	3	0	0	0	0	0	5	0	1	0	0	0	0	0	0		0
Damion Ratley	WR	3	0	0	0	0	0	29	0	1	0	0	0	0	0	0		0
Darrel Williams	RB	3	0	0	0	6	0	1	0	2	0	0	0	0	0	0		0
Chad Beebe	WR	3	0	0	0	0	0	7	0	1	0	0	0	0	0	0		0
Jaylen Samuels	RB	3	0	0	0	1	0	0	0	0	0	0	0	0	0	0		0
Kerryon Johnson	RB	3	0	0	0	16	0	14	0	1	0	0	0	0	0	0		0
Dallas Goedert	TE	3	0	0	0	0	0	7	0	1	0	0	0	0	0	0		0
Anthony Miller	WR	3	0	0	0	9	0	41	1	2	0	0	0	0	0	0		0
Jordan Akins	TE	3	0	0	0	0	0	28	0	2	0	0	0	0	0	0		0
Ian Thomas	TE	3	0	0	0	0	0	9	0	1	0	0	0	0	0	0		0
Nyheim Hines	RB	3	0	0	0	21	0	40	0	4	0	0	0	0	0	0		0
Ito Smith	RB	3	0	0	0	0	0	0	0	0	0	0	0	0	0	0		0
Dalton Schultz	TE	3	0	0	0	0	0	48	0	4	0	0	0	0	0	0		0
Daurice Fountain	WR	3	0	0	0	0	0	23	0	2	0	0	0	0	0	0		0
Jordan Wilkins	RB	3	0	0	0	39	0	6	0	1	0	0	0	0	0	0		0
Ray-Ray McCloud	WR	3	0	0	0	0	0	0	0	0	0	0	0	0	0	0		0
Russell Gage	WR	3	0	0	0	0	0	26	0	2	0	0	0	0	0	0		0
Boston Scott	RB	3	0	0	0	5	0	0	0	0	0	0	0	0	0	0		0
Cedrick Wilson Jr.	WR	3	0	0	0	0	0	107	2	5	0	0	0	0	0	0		0
Braxton Berrios	WR	3	0	0	0	0	0	64	1	4	0	0	0	0	0	0		0
Javon Wims	WR	3	0	0	0	0	0	0	0	0	0	0	0	0	0	0		0
Ryan Izzo	TE	3	0	0	0	0	0	0	0	0	0	0	0	0	0	0		0
Trent Sherfield	WR	3	0	0	0	0	0	0	0	0	0	0	0	0	0	0		0
Allen Lazard	WR	3	0	0	0	-2	0	146	1	6	0	0	0	0	0	0		0
Reggie Bonnafon	RB	3	0	0	0	16	0	0	0	0	0	0	0	0	0	0		0
Brandon Powell	WR	3	0	0	0	0	0	27	0	3	0	0	0	0	0	0		0
Cameron Batson	WR	3	0	0	0	0	0	0	0	0	0	0	0	0	0	0		0
Deontay Burnett	WR	3	0	0	0	0	0	19	0	3	0	0	0	0	0	0		0
Rico Gafford	WR	3	0	0	0	0	0	0	0	0	0	0	0	0	0	0		0
James Washington	WR	3	0	0	0	0	0	36	0	5	0	0	0	0	0	0		0
Chase Edmonds	RB	3	0	0	0	13	0	21	0	2	0	0	0	0	0	0		0
Auden Tate	WR	3	0	0	0	0	0	29	0	2	0	0	0	0	0	0		0
Mark Andrews	TE	3	0	0	0	0	0	22	0	3	0	0	0	0	0	0		0
Michael Gallup	WR	3	0	0	0	0	0	138	1	6	0	0	0	0	0	0		0
Tre'Quan Smith	WR	3	0	0	0	0	0	42	0	4	0	0	0	0	0	0		0
Chris Herndon	TE	3	0	0	0	0	0	21	0	3	0	0	0	0	0	0		0
Nick Chubb	RB	3	0	0	0	108	2	2	0	1	0	0	0	0	0	0		0
Jason Sanders	PK	3	0	0	0	0	0	0	0	0	0	0	0	0	0	0	30	4
Lamar Jackson	QB	3	97	1	0	83	0	0	0	0	1	0	0	0	0	0		0
Durham Smythe	TE	3	0	0	0	0	0	7	0	1	0	0	0	0	0	0		0
Kalen Ballage	RB	3	0	0	0	8	0	44	0	5	0	0	0	0	0	0		0
Ronald Jones	RB	3	0	0	0	53	0	20	0	2	0	0	0	0	0	0		0
DJ Moore	WR	3	0	0	0	0	0	65	0	2	0	0	0	0	0	0		0
Mike Gesicki	TE	3	0	0	0	0	0	15	1	1	0	0	0	0	0	0		0
Hayden Hurst	TE	3	0	0	0	0	0	1	1	1	0	0	0	0	0	0		0
Calvin Ridley	WR	3	0	0	0	7	0	110	0	5	0	0	0	0	0	0		0
Royce Freeman	RB	3	0	0	0	4	0	31	0	2	0	0	0	0	0	0		0
Sony Michel	RB	3	0	0	0	117	0	23	0	2	0	0	0	0	0	0		0
KhaDarel Hodge	WR	3	0	0	0	0	0	0	0	0	0	0	0	0	0	0		0
Baker Mayfield	QB	3	156	2	0	1	0	0	0	0	0	0	0	0	0	0		0
Josh Allen	QB	3	311	4	1	8	1	0	0	0	1	0	0	0	0	0		0
Sam Darnold	QB	3	168	1	3	20	0	0	0	0	0	0	0	0	0	0		0
Steven Sims	WR	3	0	0	0	0	0	0	0	0	0	0	0	0	0	0		0
Brett Rypien	QB	3	53	0	1	0	0	0	0	0	0	0	0	0	0	0		0
Irv Smith	TE	3	0	0	0	0	0	0	0	0	0	0	0	0	0	0		0
Alexander Mattison	RB	3	0	0	0	27	0	0	0	0	0	0	0	0	0	0		0
Foster Moreau	TE	3	0	0	0	0	0	25	1	2	0	0	0	0	0	0		0
Hunter Renfrow	WR	3	0	0	0	0	0	84	1	6	0	0	0	0	0	0		0
Kaden Smith	TE	3	0	0	0	0	0	13	0	1	0	0	0	0	0	0		0
Ashton Dulin	WR	3	0	0	0	0	0	0	0	0	0	0	0	0	0	0		0
Mecole Hardman	WR	3	0	0	0	0	0	81	1	4	0	0	0	0	0	0		0
Darwin Thompson	RB	3	0	0	0	11	0	0	0	0	0	1	0	0	0	0		0
Darrius Shepherd	WR	3	0	0	0	0	0	0	0	0	0	0	0	0	0	0		0
Joey Slye	PK	3	0	0	0	0	0	0	0	0	0	0	0	0	0	0	29;24;30;22;31	0
Olamide Zaccheaus	WR	3	0	0	0	0	0	41	0	4	0	0	0	0	0	0		0
Deonte Harty	WR	3	0	0	0	0	0	5	0	2	0	0	0	0	0	0		0
Diontae Johnson	WR	3	0	0	0	9	0	0	0	0	0	0	0	0	0	0		0
Benny Snell	RB	3	0	0	0	11	0	0	0	0	0	0	0	0	0	0		0
Kyler Murray	QB	3	270	2	3	29	1	0	0	0	0	0	0	0	0	0		0
T.J. Hockenson	TE	3	0	0	0	0	0	53	0	4	0	0	0	0	0	0		0
Dwayne Haskins	QB	3	224	2	3	2	0	0	0	0	1	0	0	0	0	0		0
Miles Sanders	RB	3	0	0	0	95	0	12	0	4	0	0	0	0	0	0		0
Devin Singletary	RB	3	0	0	0	71	0	50	0	4	0	0	0	0	0	0		0
Tony Pollard	RB	3	0	0	0	0	0	-5	0	1	0	0	0	0	0	0		0
KeeSean Johnson	WR	3	0	0	0	0	0	24	0	2	0	0	0	0	0	0		0
Gardner Minshew	QB	3	275	0	1	22	0	0	0	0	1	0	0	0	0	0		0
Scott Miller	WR	3	0	0	0	0	0	83	0	3	0	0	0	0	0	0		0
Cullen Gillaspia	RB	3	0	0	0	0	0	6	0	1	0	0	0	0	0	0		0
Myles Gaskin	RB	3	0	0	0	66	0	29	0	5	0	0	0	0	0	0		0
Preston Williams	WR	3	0	0	0	0	0	7	1	2	0	0	0	0	0	0		0
Jalen Guyton	WR	3	0	0	0	0	0	23	0	2	0	0	0	0	0	0		0
Andy Isabella	WR	3	0	0	0	-6	0	47	2	4	0	0	0	0	0	0		0
Darius Slayton	WR	3	0	0	0	0	0	53	0	3	0	0	1	0	0	0		0
Travis Homer	RB	3	0	0	0	19	0	0	0	0	0	0	0	0	0	0		0
Nsimba Webster	WR	3	0	0	0	0	0	0	0	0	0	0	0	0	0	0		0
N'Keal Harry	TE	3	0	0	0	2	0	34	0	2	0	0	0	0	0	0		0
D'Ernest Johnson	RB	3	0	0	0	0	0	0	0	0	0	0	0	0	0	0		0
Drew Sample	TE	3	0	0	0	0	0	1	0	1	0	0	0	0	0	0		0
DK Metcalf	WR	3	0	0	0	0	0	110	1	4	0	0	1	0	0	0		0
Noah Fant	TE	3	0	0	0	0	0	46	0	5	0	0	0	0	0	0		0
Terry McLaurin	WR	3	0	0	0	3	0	83	0	4	0	0	0	0	0	0		0
Marquise Brown	WR	3	0	0	0	0	0	13	0	2	0	0	0	0	0	0		0
Darrell Henderson	RB	3	0	0	0	114	1	6	0	1	0	0	0	0	0	0		0
Jace Sternberger	TE	3	0	0	0	0	0	36	0	3	0	0	0	0	0	0		0
David Montgomery	RB	3	0	0	0	45	0	9	0	2	0	0	0	0	0	0		0
Josh Jacobs	RB	3	0	0	0	71	0	12	0	3	0	1	0	0	0	0		0
Miles Boykin	WR	3	0	0	0	0	0	8	0	1	0	0	0	0	0	0		0
Daniel Jones	QB	3	179	0	1	49	0	0	0	0	0	1	0	0	0	0		0
Jakob Johnson	RB	3	0	0	0	0	0	6	0	1	0	0	0	0	0	0		0
JaMycal Hasty	RB	3	0	0	0	9	0	9	0	1	0	0	0	0	0	0		0
James Robinson	RB	3	0	0	0	46	2	83	0	6	0	0	0	0	0	0		0
Rodrigo Blankenship	PK	3	0	0	0	0	0	0	0	0	0	0	0	0	0	0	42;41	4
Levante Bellamy	RB	3	0	0	0	0	0	0	0	0	0	0	0	0	0	0		0
Noah Togiai	TE	3	0	0	0	0	0	0	0	0	0	0	0	0	0	0		0
J.J. Taylor	RB	3	0	0	0	43	0	0	0	0	0	0	0	0	0	0		0
Isaiah Zuber	WR	3	0	0	0	13	0	0	0	0	0	0	0	0	0	0		0
James Proche	WR	3	0	0	0	0	0	0	0	0	0	0	0	0	0	0		0
Isaiah Wright	WR	3	0	0	0	6	0	24	0	4	0	0	0	0	0	0		0
Lawrence Cager	TE	3	0	0	0	0	0	35	0	2	0	0	0	0	0	0		0
J.K. Dobbins	RB	3	0	0	0	6	0	38	0	4	0	0	0	0	0	0		0
Tyler Bass	PK	3	0	0	0	0	0	0	0	0	0	0	0	0	0	0		5
Nick Westbrook-Ikhine	WR	3	0	0	0	0	0	0	0	0	0	0	0	0	0	0		0
Gabe Davis	WR	3	0	0	0	0	0	81	0	4	0	0	0	0	0	0		0
Jonathan Taylor	RB	3	0	0	0	59	1	3	0	1	0	0	0	0	0	0		0
Harrison Bryant	TE	3	0	0	0	0	0	3	1	1	0	0	0	0	0	0		0
Freddie Swain	WR	3	0	0	0	0	0	13	0	1	0	0	0	0	0	0		0
Michael Pittman	WR	3	0	0	0	0	0	26	0	3	0	0	0	0	0	0		0
Collin Johnson	WR	3	0	0	0	0	0	3	0	1	0	0	0	0	0	0		0
Brandon Aiyuk	WR	3	0	0	0	31	1	70	0	5	0	0	0	0	0	0		0
Laviska Shenault Jr.	WR	3	0	0	0	1	0	33	0	5	0	0	0	0	0	0		0
La'Mical Perine	RB	3	0	0	0	24	0	-1	0	2	0	0	0	0	0	0		0
D'Andre Swift	RB	3	0	0	0	0	0	19	0	1	0	0	0	0	0	0		0
Quintez Cephus	WR	3	0	0	0	0	0	0	0	0	0	0	0	0	0	0		0
Cole Kmet	TE	3	0	0	0	0	0	0	0	0	0	0	0	0	0	0		0
Darrynton Evans	RB	3	0	0	0	9	0	0	0	0	0	0	0	0	0	0		0
Darnell Mooney	WR	3	0	0	0	0	0	19	0	2	0	0	0	0	0	0		0
Justin Jefferson	WR	3	0	0	0	0	0	175	1	7	0	0	0	0	0	0		0
Chase Claypool	WR	3	0	0	0	0	0	24	0	1	0	0	0	0	0	0		0
Antonio Gibson	RB	3	0	0	0	49	1	11	0	3	0	0	1	0	0	0		0
Devin Duvernay	WR	3	0	0	0	0	0	7	0	2	0	0	0	0	0	0		0
Anthony McFarland	RB	3	0	0	0	42	0	7	0	1	0	0	0	0	0	0		0
Antonio Gandy-Golden	WR	3	0	0	0	22	0	0	0	0	0	0	0	0	0	0		0
Justin Herbert	QB	3	330	1	1	15	0	0	0	0	1	0	0	0	0	0		0
CeeDee Lamb	WR	3	0	0	0	1	0	65	0	5	0	0	0	0	0	0		0
Clyde Edwards-Helaire	RB	3	0	0	0	64	0	70	0	5	0	0	0	0	0	0		0
Bryan Edwards	WR	3	0	0	0	0	0	48	0	2	0	0	0	0	0	0		0
Joshua Kelley	RB	3	0	0	0	43	0	9	0	2	0	1	0	0	0	0		0
Joe Reed	WR	3	0	0	0	0	0	0	0	0	0	0	0	0	0	0		0
K.J. Hill	WR	3	0	0	0	0	0	15	0	1	0	0	0	0	0	0		0
Jalen Hurts	QB	3	0	0	0	5	0	0	0	0	0	0	0	0	0	0		0
John Hightower	WR	3	0	0	0	0	0	19	0	2	0	0	0	0	0	0		0
Jerry Jeudy	WR	3	0	0	0	0	0	55	0	5	0	0	0	0	0	0		0
Tee Higgins	WR	3	0	0	0	0	0	40	2	5	0	0	0	0	0	0		0
KJ Hamler	WR	3	0	0	0	-2	0	30	0	3	0	0	0	0	0	0		0
Van Jefferson	WR	3	0	0	0	0	0	0	0	0	0	0	0	0	0	0		0
Adam Trautman	TE	3	0	0	0	0	0	17	0	2	0	0	0	0	0	0		0
Raymond Calais	RB	3	0	0	0	0	0	0	0	0	0	0	0	0	0	0		0
Sam Sloman	PK	3	0	0	0	0	0	0	0	0	0	0	0	0	0	0	30	3
Joe Burrow	QB	3	312	2	0	-1	0	0	0	0	0	0	0	0	0	0		0
Tom Brady	QB	4	369	5	1	-3	0	0	0	0	0	0	0	0	0	0		0
Drew Brees	QB	4	246	2	1	-3	0	0	0	0	0	0	0	0	0	0		0
Jason Witten	TE	4	0	0	0	0	0	18	1	2	0	0	0	0	0	0		0
Larry Fitzgerald	WR	4	0	0	0	0	0	4	0	2	0	0	0	0	0	0		0
Philip Rivers	QB	4	190	1	0	-4	0	0	0	0	0	0	0	0	0	0		0
Robbie Gould	PK	4	0	0	0	0	0	0	0	0	0	0	0	0	0	0		2
Aaron Rodgers	QB	4	327	4	0	5	0	0	0	0	0	0	0	0	0	0		0
Frank Gore	RB	4	0	0	0	30	0	6	0	1	0	0	0	0	0	0		0
Ryan Fitzpatrick	QB	4	315	0	2	47	1	0	0	0	0	0	0	1	0	0		0
Matt Prater	PK	4	0	0	0	0	0	0	0	0	0	0	0	0	0	0		3
Adrian Peterson	RB	4	0	0	0	36	1	0	0	0	0	0	0	0	0	0		0
Ted Ginn	WR	4	0	0	0	0	0	11	0	2	0	0	0	0	0	0		0
Greg Olsen	TE	4	0	0	0	0	0	35	0	5	0	0	0	0	0	0		0
Nick Folk	PK	4	0	0	0	0	0	0	0	0	0	0	0	0	0	0	43	1
Mason Crosby	PK	4	0	0	0	0	0	0	0	0	0	0	0	0	0	0	48	3
Danny Amendola	WR	4	0	0	0	0	0	57	0	2	0	0	0	0	0	0		0
Matt Ryan	QB	4	285	0	0	10	0	0	0	0	0	0	0	0	0	0		0
Joe Flacco	QB	4	16	0	0	0	0	0	0	0	0	0	0	0	0	0		0
Matthew Stafford	QB	4	206	3	1	21	0	0	0	0	0	0	0	1	0	0		0
Brian Hoyer	QB	4	130	0	1	8	0	0	0	0	1	0	0	0	0	0		0
Graham Gano	PK	4	0	0	0	0	0	0	0	0	0	0	0	0	0	0	35;37;27	0
Ryan Succop	PK	4	0	0	0	0	0	0	0	0	0	0	0	0	0	0	26	5
LeSean McCoy	RB	4	0	0	0	3	0	3	0	1	0	0	0	0	0	0		0
Julian Edelman	WR	4	0	0	0	0	0	35	0	3	0	0	0	0	0	0		0
Rob Gronkowski	TE	4	0	0	0	0	0	29	0	1	0	0	0	0	0	0		0
Emmanuel Sanders	WR	4	0	0	0	0	0	93	0	6	0	0	0	0	0	0		0
Andre Roberts	WR	4	0	0	0	-3	0	6	0	1	0	0	0	0	0	0		0
Jimmy Graham	TE	4	0	0	0	0	0	33	0	4	0	0	0	0	0	0		0
Golden Tate	WR	4	0	0	0	0	0	20	0	4	0	0	0	0	0	0		0
A.J. Green	WR	4	0	0	0	0	0	3	0	1	0	0	0	0	0	0		0
Julio Jones	WR	4	0	0	0	0	0	32	0	4	0	0	0	0	0	0		0
Mark Ingram	RB	4	0	0	0	34	1	3	0	1	0	0	0	0	0	0		0
Kyle Rudolph	TE	4	0	0	0	0	0	27	0	2	0	0	0	0	0	0		0
Randall Cobb	WR	4	0	0	0	0	0	36	0	2	0	0	0	0	0	0		0
Taiwan Jones	RB	4	0	0	0	0	0	0	0	0	0	0	0	0	0	0		0
Dion Lewis	RB	4	0	0	0	10	0	8	0	2	0	0	0	0	0	0		0
Virgil Green	TE	4	0	0	0	0	0	0	0	0	0	0	0	0	0	0		0
Chris Hogan	WR	4	0	0	0	0	0	23	0	4	0	0	0	0	0	0		0
Dontrelle Inman	WR	4	0	0	0	0	0	29	0	4	0	0	0	0	0	0		0
Dan Bailey	PK	4	0	0	0	0	0	0	0	0	0	0	0	0	0	0	31	4
Cole Beasley	WR	4	0	0	0	0	0	32	1	3	0	0	0	0	0	0		0
Russell Wilson	QB	4	360	2	1	5	0	0	0	0	0	0	0	0	0	0		0
Marvin Jones	WR	4	0	0	0	0	0	9	0	1	0	0	0	0	0	0		0
Randy Bullock	PK	4	0	0	0	0	0	0	0	0	0	0	0	0	0	0	35;40;46;30	3
Nick Foles	QB	4	249	1	1	-1	0	0	0	0	0	0	0	0	0	0		0
Justin Tucker	PK	4	0	0	0	0	0	0	0	0	0	0	0	0	0	0	46	4
Kirk Cousins	QB	4	260	1	0	5	0	0	0	0	0	0	0	0	0	0		0
T.Y. Hilton	WR	4	0	0	0	0	0	29	0	3	0	0	0	0	0	0		0
Greg Zuerlein	PK	4	0	0	0	0	0	0	0	0	0	0	0	0	0	0		2
Robert Griffin III	QB	4	0	0	1	3	0	0	0	0	0	0	0	0	0	0		0
Darren Fells	TE	4	0	0	0	0	0	21	0	2	0	0	0	0	0	0		0
Brandon McManus	PK	4	0	0	0	0	0	0	0	0	0	0	0	0	0	0	40;54;53	4
Adam Thielen	WR	4	0	0	0	8	0	114	1	8	0	0	0	0	0	0		0
Zach Ertz	TE	4	0	0	0	0	0	9	0	4	0	0	0	0	0	1		0
Kenny Stills	WR	4	0	0	0	0	0	39	1	2	0	0	0	0	0	0		0
Dustin Hopkins	PK	4	0	0	0	0	0	0	0	0	0	0	0	0	0	0	43	2
Theo Riddick	RB	4	0	0	0	13	0	0	0	0	0	0	0	0	0	0		0
Ryan Griffin	TE	4	0	0	0	0	0	10	0	3	0	0	0	0	0	0		0
Demetrius Harris	TE	4	0	0	0	0	0	6	0	1	0	0	0	0	0	0		0
Jack Doyle	TE	4	0	0	0	0	0	12	0	1	0	0	0	0	0	0		0
Josh Hill	TE	4	0	0	0	0	0	7	0	1	0	0	0	0	0	0		0
Keenan Allen	WR	4	0	0	0	0	0	62	0	8	0	0	0	0	0	0		0
Rex Burkhead	RB	4	0	0	0	45	0	5	0	1	0	0	0	0	0	0		0
Robert Woods	WR	4	0	0	0	2	0	36	0	6	0	0	0	0	0	0		0
Giovani Bernard	RB	4	0	0	0	19	0	0	0	0	0	0	0	0	0	0		0
Kenjon Barner	RB	4	0	0	0	0	0	0	0	0	0	0	0	0	0	0		0
Travis Kelce	TE	4	0	0	0	0	0	70	0	3	0	0	0	0	0	0		0
Latavius Murray	RB	4	0	0	0	64	2	19	0	1	0	0	0	0	0	0		0
Tyler Eifert	TE	4	0	0	0	0	0	22	0	2	0	0	0	0	0	0		0
DeAndre Hopkins	WR	4	0	0	0	0	0	41	0	7	0	0	0	0	0	0		0
Cordarrelle Patterson	RB	4	0	0	0	5	0	0	0	1	0	0	0	0	0	0		0
Willie Snead	WR	4	0	0	0	0	0	20	0	2	0	0	0	0	0	0		0
Trey Burton	TE	4	0	0	0	0	0	16	0	2	0	0	0	0	0	0		0
Cody Parkey	PK	4	0	0	0	0	0	0	0	0	0	0	0	0	0	0	37;44	5
John Brown	WR	4	0	0	0	0	0	42	0	4	0	0	0	0	0	0		0
James White	RB	4	0	0	0	21	0	38	0	7	0	0	0	0	0	0		0
Seth Roberts	WR	4	0	0	0	0	0	10	0	1	0	0	0	0	0	0		0
Cairo Santos	PK	4	0	0	0	0	0	0	0	0	0	0	0	0	0	0	27	0
Odell Beckham Jr.	WR	4	0	0	0	73	1	81	2	5	0	0	0	0	0	0		0
Brandin Cooks	WR	4	0	0	0	0	0	0	0	0	0	0	0	0	0	0		0
Teddy Bridgewater	QB	4	276	2	1	32	1	0	0	0	0	0	0	0	0	0		0
Logan Thomas	TE	4	0	0	0	0	0	8	0	1	0	0	0	0	0	0		0
Cameron Brate	TE	4	0	0	0	0	0	3	1	1	0	0	0	0	0	0		0
Derek Carr	QB	4	311	2	0	20	0	0	0	0	1	0	0	0	0	0		0
Devonta Freeman	RB	4	0	0	0	33	0	35	0	4	0	0	0	0	0	0		0
Diontae Spencer	WR	4	0	0	0	0	0	0	0	0	0	0	0	0	0	0		0
Sammy Watkins	WR	4	0	0	0	0	0	43	0	4	0	0	1	0	0	0		0
Jerick McKinnon	RB	4	0	0	0	54	1	43	0	7	0	0	0	0	0	0		0
Jarvis Landry	WR	4	37	1	0	0	0	48	0	5	0	0	0	0	0	0		0
Richard Rodgers	TE	4	0	0	0	0	0	35	0	3	0	0	0	0	0	0		0
Mike Evans	WR	4	0	0	0	0	0	122	1	7	0	0	0	0	0	0		0
Allen Robinson	WR	4	0	0	0	0	0	101	1	7	0	0	0	0	0	0		0
Chris Manhertz	TE	4	0	0	0	0	0	17	0	1	0	0	0	0	0	0		0
Jason Myers	PK	4	0	0	0	0	0	0	0	0	0	0	0	0	0	0	55	4
Amari Cooper	WR	4	0	0	0	0	0	134	1	12	0	0	0	0	1	0		0
DeVante Parker	WR	4	0	0	0	0	0	110	0	10	0	0	0	0	0	0		0
Nelson Agholor	WR	4	0	0	0	0	0	44	1	4	0	0	0	0	0	0		0
Stefon Diggs	WR	4	0	0	0	0	0	115	0	6	0	0	0	0	0	0		0
Nick Boyle	TE	4	0	0	0	0	0	9	0	1	0	0	0	0	0	0		0
Darren Waller	TE	4	0	0	0	0	0	88	0	9	0	0	1	0	0	0		0
DeAndre Carter	WR	4	0	0	0	0	0	0	0	0	0	0	0	0	0	0		0
Malcolm Brown	RB	4	0	0	0	38	0	19	0	5	0	0	0	0	0	0		0
Damiere Byrd	WR	4	0	0	0	0	0	80	0	5	0	0	0	0	0	0		0
Jamison Crowder	WR	4	0	0	0	0	0	104	0	7	0	0	0	0	0	0		0
James O'Shaughnessy	TE	4	0	0	0	0	0	26	0	1	0	0	0	0	0	0		0
Blake Bell	TE	4	0	0	0	0	0	24	0	2	0	0	0	0	0	0		0
Mike Davis	RB	4	0	0	0	84	1	27	0	5	0	0	0	0	0	0		0
Daniel Brown	TE	4	0	0	0	0	0	0	0	0	0	0	0	0	0	0		0
Chris Conley	WR	4	0	0	0	0	0	44	0	3	0	0	0	0	0	0		0
Jesse James	TE	4	0	0	0	0	0	31	0	1	0	0	0	0	0	0		0
Melvin Gordon	RB	4	0	0	0	107	2	11	0	2	0	0	0	0	0	0		0
David Johnson	RB	4	0	0	0	63	0	29	0	2	0	0	0	0	0	0		0
T.J. Yeldon	RB	4	0	0	0	0	0	0	0	0	0	0	0	0	0	0		0
Tyler Lockett	WR	4	0	0	0	0	0	39	0	2	0	0	0	0	0	0		0
Tyler Kroft	TE	4	0	0	0	0	0	12	0	1	0	0	0	0	0	0		0
Todd Gurley	RB	4	0	0	0	57	2	6	0	1	0	0	0	0	0	0		0
Duke Johnson	RB	4	0	0	0	24	0	21	0	3	0	0	0	0	0	0		0
Austin Hooper	TE	4	0	0	0	0	0	34	1	5	0	0	0	0	0	0		0
Nick Vannett	TE	4	0	0	0	0	0	7	0	1	0	0	0	0	0	0		0
Tyler Ervin	RB	4	0	0	0	0	0	8	0	1	0	0	0	0	0	0		0
Jeff Driskel	QB	4	0	0	0	9	0	0	0	0	0	0	0	0	0	0		0
Alex Erickson	WR	4	0	0	0	7	0	9	0	1	0	0	0	0	0	0		0
Wil Lutz	PK	4	0	0	0	0	0	0	0	0	0	0	0	0	0	0		5
J.D. McKissic	RB	4	0	0	0	6	0	40	0	7	0	0	1	0	0	0		0
Robbie Chosen	WR	4	0	0	0	0	0	99	0	8	0	0	0	0	0	0		0
Ka'imi Fairbairn	PK	4	0	0	0	0	0	0	0	0	0	0	0	0	0	0	50;28;25	2
Peyton Barber	RB	4	0	0	0	5	0	0	0	0	0	0	0	0	0	0		0
Jordan Howard	RB	4	0	0	0	2	0	-3	0	1	0	0	0	0	0	0		0
Jakeem Grant	WR	4	0	0	0	0	0	36	0	3	0	0	0	0	0	0		0
Aldrick Rosas	PK	4	0	0	0	0	0	0	0	0	0	0	0	0	0	0	32;20;50;30	1
Carson Wentz	QB	4	193	1	1	37	1	0	0	0	0	0	0	1	0	0		0
Marcus Johnson	WR	4	0	0	0	0	0	27	0	1	0	0	0	0	0	0		0
J.P. Holtz	TE	4	0	0	0	0	0	0	0	0	0	0	0	0	0	0		0
Jaydon Mickens	WR	4	0	0	0	0	0	0	0	0	0	0	0	0	0	0		0
Tyler Boyd	WR	4	0	0	0	4	0	90	0	7	0	0	0	0	0	0		0
Jalen Richard	RB	4	0	0	0	6	0	10	0	2	0	0	0	0	0	0		0
Tyreek Hill	WR	4	0	0	0	0	0	64	1	4	0	0	0	0	0	0		0
Ezekiel Elliott	RB	4	0	0	0	54	0	71	0	8	0	1	0	0	0	1		0
Dak Prescott	QB	4	502	4	1	12	0	0	0	0	1	0	0	1	1	0		0
Hunter Henry	TE	4	0	0	0	0	0	39	0	2	0	0	0	0	0	0		0
Marvin Hall	WR	4	0	0	0	0	0	0	0	0	0	0	0	0	0	0		0
Jared Goff	QB	4	200	1	0	-3	0	0	0	0	0	0	0	0	0	0		0
Tyler Higbee	TE	4	0	0	0	0	0	20	0	3	0	0	0	0	0	0		0
Pharoh Cooper	WR	4	0	0	0	0	0	0	0	0	0	0	0	0	0	0		0
Mike Thomas	WR	4	0	0	0	0	0	5	0	1	0	0	0	0	0	0		0
Kenyan Drake	RB	4	0	0	0	35	0	0	0	0	0	0	0	0	0	0		0
Will Fuller	WR	4	0	0	0	0	0	108	1	6	0	0	0	0	0	0		0
Sam Ficken	PK	4	0	0	0	0	0	0	0	0	0	0	0	0	0	0	26;38;32;54;36	1
Mo Alie-Cox	TE	4	0	0	0	0	0	13	1	1	0	0	0	0	0	0		0
Johnny Mundt	TE	4	0	0	0	0	0	5	0	1	0	0	0	0	0	0		0
Zach Pascal	WR	4	0	0	0	0	0	58	0	3	0	0	0	0	0	0		0
Curtis Samuel	WR	4	0	0	0	-3	0	51	0	3	0	0	0	0	0	0		0
George Kittle	TE	4	0	0	0	8	0	183	1	15	0	0	0	0	0	0		0
Trent Taylor	WR	4	0	0	0	0	0	0	0	0	0	0	0	0	0	0		0
Aaron Jones	RB	4	0	0	0	71	0	40	1	5	0	0	0	0	0	0		0
Alex Armah	RB	4	0	0	0	2	0	0	0	0	0	0	0	0	0	0		0
Harrison Butker	PK	4	0	0	0	0	0	0	0	0	0	0	0	0	0	0	23;39	2
Kendrick Bourne	WR	4	0	0	0	0	0	33	0	3	0	0	0	0	0	0		0
Matt Breida	RB	4	0	0	0	9	0	39	0	3	0	0	0	0	0	0		0
Nick Mullens	QB	4	200	1	2	0	0	0	0	0	1	0	0	0	0	0		0
Cethan Carter	TE	4	0	0	0	0	0	24	0	1	0	0	0	0	0	0		0
Taysom Hill	TE	4	0	0	0	6	0	8	0	1	0	0	0	0	0	0		0
C.J. Board	WR	4	0	0	0	3	0	0	0	0	0	0	0	0	0	0		0
Tim Patrick	WR	4	0	0	0	0	0	113	1	6	0	0	0	0	0	0		0
Pharaoh Brown	TE	4	0	0	0	0	0	0	0	0	0	0	0	0	0	0		0
Isaiah McKenzie	WR	4	0	0	0	11	0	18	0	1	0	0	0	0	0	0		0
Isaiah Ford	WR	4	0	0	0	0	0	48	0	4	0	0	0	0	0	0		0
Jeremy Sprinkle	TE	4	0	0	0	0	0	0	0	0	0	0	0	0	0	0		0
Deshaun Watson	QB	4	300	2	0	9	0	0	0	0	0	0	0	0	0	0		0
Jake Butt	TE	4	0	0	0	0	0	0	0	0	0	0	0	0	0	0		0
Brian Hill	RB	4	0	0	0	10	0	13	0	2	0	0	0	0	0	0		0
Jamal Agnew	WR	4	0	0	0	2	0	1	0	1	0	0	0	0	0	0		0
David Moore	WR	4	0	0	0	0	0	95	1	3	0	0	0	0	0	0		0
Noah Brown	WR	4	0	0	0	0	0	43	0	4	0	0	0	0	0	0		0
Chris Carson	RB	4	0	0	0	80	2	20	0	3	0	0	0	0	0	0		0
Keelan Cole	WR	4	0	0	0	0	0	46	0	4	0	0	0	0	0	0		0
Austin Ekeler	RB	4	0	0	0	12	0	2	0	1	0	0	0	0	0	0		0
Corey Clement	RB	4	0	0	0	3	0	0	0	0	0	0	0	0	0	0		0
Greg Ward	WR	4	0	0	0	0	0	38	0	4	0	0	0	0	0	0		0
Robert Tonyan	TE	4	0	0	0	0	0	98	3	6	0	0	0	0	0	0		0
Jake Elliott	PK	4	0	0	0	0	0	0	0	0	0	0	0	0	0	0	35	2
Zane Gonzalez	PK	4	0	0	0	0	0	0	0	0	0	0	0	0	0	0		3
Patrick Mahomes	QB	4	236	2	0	28	0	0	0	0	0	0	0	0	0	0		0
O.J. Howard	TE	4	0	0	0	0	0	50	1	3	0	0	0	0	0	0		0
Evan Engram	TE	4	0	0	0	0	0	35	0	6	0	0	0	0	0	0		0
Zay Jones	WR	4	0	0	0	0	0	32	0	4	0	0	0	0	0	0		0
Dalvin Cook	RB	4	0	0	0	130	2	16	0	2	0	0	0	0	0	0		0
Gerald Everett	TE	4	0	0	0	2	1	10	0	1	0	0	1	0	0	0		0
Adam Shaheen	TE	4	0	0	0	0	0	0	0	0	0	0	0	0	0	0		0
Joe Mixon	RB	4	0	0	0	151	2	30	1	6	0	0	0	0	0	0		0
Alvin Kamara	RB	4	0	0	0	83	1	36	0	3	0	0	0	0	0	0		0
Cooper Kupp	WR	4	0	0	0	-2	0	69	1	5	0	0	0	0	0	0		0
Kareem Hunt	RB	4	0	0	0	71	2	0	0	0	0	0	0	0	0	0		0
Kenny Golladay	WR	4	0	0	0	0	0	62	1	4	0	0	0	0	0	0		0
C.J. Beathard	QB	4	138	0	0	0	0	0	0	0	0	0	0	0	0	0		0
Josh Reynolds	WR	4	0	0	0	0	0	25	0	3	0	0	0	0	0	0		0
Jamaal Williams	RB	4	0	0	0	10	0	95	0	8	0	0	0	0	0	0		0
Wayne Gallman	RB	4	0	0	0	45	0	0	0	0	0	0	0	0	0	0		0
Dan Arnold	TE	4	0	0	0	0	0	39	0	4	0	0	0	0	0	0		0
Mike Badgley	PK	4	0	0	0	0	0	0	0	0	0	0	0	0	0	0	53	4
Cam Sims	WR	4	0	0	0	0	0	17	0	2	0	0	0	0	0	0		0
Jeff Wilson	RB	4	0	0	0	6	0	13	0	1	0	0	0	0	0	0		0
Christian Blake	WR	4	0	0	0	0	0	47	0	3	0	0	0	0	0	0		0
Will Dissly	TE	4	0	0	0	0	0	15	0	2	0	0	0	0	0	0		0
Daniel Carlson	PK	4	0	0	0	0	0	0	0	0	0	0	0	0	0	0	54;39;25	2
Tim Boyle	QB	4	0	0	0	-1	0	0	0	0	0	0	0	0	0	0		0
Gus Edwards	RB	4	0	0	0	38	0	0	0	0	0	0	0	0	0	0		0
Mike Boone	RB	4	0	0	0	0	0	0	0	0	0	0	0	0	0	0		0
Dontrell Hilliard	RB	4	0	0	0	19	0	2	0	1	0	0	0	0	0	0		0
Marquez Valdes-Scantling	WR	4	0	0	0	0	0	45	0	4	0	0	0	0	0	0		0
Damion Ratley	WR	4	0	0	0	0	0	34	0	3	0	0	0	0	0	0		0
Darrel Williams	RB	4	0	0	0	2	0	0	0	0	0	0	0	0	0	0		0
Deon Yelder	TE	4	0	0	0	0	0	5	0	1	0	0	0	0	0	0		0
Kerryon Johnson	RB	4	0	0	0	9	0	3	0	1	0	0	0	0	0	0		0
Anthony Miller	WR	4	0	0	0	0	0	16	0	3	0	0	0	0	0	0		0
Jordan Akins	TE	4	0	0	0	0	0	46	0	3	0	0	0	0	0	0		0
Ian Thomas	TE	4	0	0	0	0	0	5	1	2	0	0	0	0	0	0		0
Nyheim Hines	RB	4	0	0	0	24	0	8	0	3	0	0	0	0	0	0		0
DaeSean Hamilton	WR	4	0	0	0	0	0	9	0	1	0	0	0	0	0	0		0
Ito Smith	RB	4	0	0	0	3	0	24	0	3	0	0	0	0	0	0		0
Dalton Schultz	TE	4	0	0	0	0	0	72	1	4	0	0	0	0	0	0		0
Justin Watson	WR	4	0	0	0	0	0	40	0	4	0	0	0	0	0	0		0
Daurice Fountain	WR	4	0	0	0	0	0	0	0	0	0	0	0	0	0	0		0
Jordan Wilkins	RB	4	0	0	0	15	0	16	0	1	0	0	0	0	0	0		0
Russell Gage	WR	4	0	0	0	-2	0	22	0	2	0	0	0	0	0	0		0
Boston Scott	RB	4	0	0	0	1	0	0	0	0	0	0	0	0	0	0		0
Cedrick Wilson Jr.	WR	4	0	0	0	0	0	34	0	3	0	0	0	0	0	0		0
Braxton Berrios	WR	4	0	0	0	0	0	0	0	0	0	0	0	0	0	0		0
Ryan Izzo	TE	4	0	0	0	0	0	0	0	0	0	0	0	0	0	0		0
Justin Jackson	RB	4	0	0	0	9	0	12	0	2	0	0	0	0	0	0		0
Reggie Bonnafon	RB	4	0	0	0	53	0	18	1	2	0	0	0	0	0	0		0
Ryan Nall	RB	4	0	0	0	0	0	0	0	0	0	0	0	0	0	0		0
Brandon Powell	WR	4	0	0	0	0	0	0	0	0	0	0	0	0	0	0		0
Chase Edmonds	RB	4	0	0	0	16	0	24	1	5	0	0	0	0	0	0		0
Auden Tate	WR	4	0	0	0	0	0	15	0	1	0	0	0	0	0	0		0
Mark Andrews	TE	4	0	0	0	0	0	57	2	3	0	0	0	0	0	0		0
Michael Gallup	WR	4	0	0	0	0	0	29	0	2	0	0	0	0	0	0		0
Tre'Quan Smith	WR	4	0	0	0	0	0	54	2	4	0	0	0	0	0	0		0
Chris Herndon	TE	4	0	0	0	0	0	11	0	1	0	0	0	0	0	0		0
Christian Kirk	WR	4	0	0	0	0	0	19	1	3	0	0	0	0	0	0		0
DJ Chark	WR	4	0	0	0	0	0	95	2	8	0	0	0	0	0	0		0
Jaeden Graham	TE	4	0	0	0	0	0	0	0	0	0	0	0	0	0	0		0
Nick Chubb	RB	4	0	0	0	43	0	0	0	0	0	0	0	0	0	0		0
Jason Sanders	PK	4	0	0	0	0	0	0	0	0	0	0	0	0	0	0	41;29;45;43;29	0
Lamar Jackson	QB	4	193	2	1	53	1	0	0	0	0	0	0	0	0	0		0
Durham Smythe	TE	4	0	0	0	0	0	30	0	2	0	0	0	0	0	0		0
Kalen Ballage	RB	4	0	0	0	0	0	11	0	2	0	0	0	0	0	0		0
Ronald Jones	RB	4	0	0	0	111	0	17	0	6	0	0	0	0	0	0		0
DJ Moore	WR	4	0	0	0	0	0	49	0	4	0	0	0	0	0	0		0
Mike Gesicki	TE	4	0	0	0	0	0	15	0	1	0	0	0	0	0	0		0
Hayden Hurst	TE	4	0	0	0	0	0	51	0	4	0	0	0	0	0	0		0
Calvin Ridley	WR	4	0	0	0	0	0	0	0	0	0	0	0	0	0	0		0
Royce Freeman	RB	4	0	0	0	6	0	6	0	2	0	0	0	0	0	0		0
Baker Mayfield	QB	4	165	2	0	6	0	0	0	0	0	0	0	0	0	0		0
Josh Allen	QB	4	288	2	0	-1	1	0	0	0	0	0	0	0	0	0		0
Dante Pettis	WR	4	0	0	0	0	0	0	0	0	0	0	0	0	0	0		0
Sam Darnold	QB	4	230	0	0	84	1	0	0	0	0	0	0	0	0	0		0
Elliott Fry	PK	4	0	0	0	0	0	0	0	0	0	0	0	0	0	0	23	1
Brett Rypien	QB	4	242	2	3	-5	0	0	0	0	0	0	0	0	0	0		0
Irv Smith	TE	4	0	0	0	0	0	0	0	0	0	0	0	0	0	0		0
Alexander Mattison	RB	4	0	0	0	17	1	0	0	0	0	0	0	0	0	0		0
Justice Hill	RB	4	0	0	0	0	0	0	0	0	0	0	0	0	0	0		0
Foster Moreau	TE	4	0	0	0	0	0	8	0	1	0	0	0	0	0	0		0
Hunter Renfrow	WR	4	0	0	0	0	0	57	0	5	0	0	0	0	0	0		0
Kaden Smith	TE	4	0	0	0	0	0	10	0	1	0	0	0	0	0	0		0
Bisi Johnson	WR	4	0	0	0	0	0	0	0	0	0	0	0	0	0	0		0
Stephen Carlson	TE	4	0	0	0	0	0	0	0	0	0	0	0	0	1	0		0
Mecole Hardman	WR	4	0	0	0	0	0	27	1	4	0	0	0	0	0	0		0
Darrius Shepherd	WR	4	0	0	0	0	0	21	0	2	0	0	0	0	0	0		0
Joey Slye	PK	4	0	0	0	0	0	0	0	0	0	0	0	0	0	0	27	4
Olamide Zaccheaus	WR	4	0	0	0	0	0	86	0	8	0	0	0	0	0	0		0
Deonte Harty	WR	4	0	0	0	10	0	10	0	1	0	0	0	0	0	0		0
Kyler Murray	QB	4	133	3	0	78	0	0	0	0	1	0	0	0	0	0		0
T.J. Hockenson	TE	4	0	0	0	0	0	9	1	2	0	0	0	0	0	1		0
Dwayne Haskins	QB	4	314	0	0	3	1	0	0	0	0	0	0	0	0	0		0
Miles Sanders	RB	4	0	0	0	46	0	30	0	2	0	0	0	0	0	0		0
Devin Singletary	RB	4	0	0	0	56	1	21	0	5	0	0	0	0	0	0		0
Tony Pollard	RB	4	0	0	0	16	1	16	0	1	0	0	0	0	0	0		0
Jarrett Stidham	QB	4	60	1	2	3	0	0	0	0	0	0	0	0	0	0		0
Gardner Minshew	QB	4	351	2	1	9	0	0	0	0	0	0	0	0	0	0		0
Scott Miller	WR	4	0	0	0	0	0	83	1	5	0	0	0	0	0	0		0
Myles Gaskin	RB	4	0	0	0	40	0	22	0	3	0	0	0	0	0	0		0
Donald Parham	TE	4	0	0	0	0	0	19	1	1	0	0	0	0	0	0		0
Preston Williams	WR	4	0	0	0	0	0	15	0	1	0	0	0	0	0	1		0
Jalen Guyton	WR	4	0	0	0	0	0	72	1	1	0	0	0	0	0	0		0
Tyron Johnson	WR	4	0	0	0	0	0	53	1	1	0	0	0	0	0	0		0
Malik Taylor	WR	4	0	0	0	0	0	20	0	1	0	0	0	0	0	0		0
Jeff Smith	WR	4	0	0	0	0	0	81	0	7	0	0	0	0	0	0		0
Andy Isabella	WR	4	0	0	0	0	0	3	0	2	0	0	0	0	0	0		0
Darius Slayton	WR	4	0	0	0	0	0	48	0	3	0	0	0	0	0	0		0
Travis Fulgham	WR	4	0	0	0	0	0	57	1	2	0	0	0	0	0	0		0
Travis Homer	RB	4	0	0	0	5	0	3	1	1	0	0	0	0	0	0		0
Nsimba Webster	WR	4	0	0	0	0	0	0	0	0	0	0	0	0	0	0		0
N'Keal Harry	TE	4	0	0	0	0	0	21	1	3	0	0	0	0	0	0		0
D'Ernest Johnson	RB	4	0	0	0	95	0	0	0	0	0	0	0	0	0	0		0
Drew Sample	TE	4	0	0	0	0	0	47	0	3	0	0	0	0	0	0		0
DK Metcalf	WR	4	0	0	0	0	0	106	0	4	0	0	0	0	0	0		0
Noah Fant	TE	4	0	0	0	0	0	35	0	5	0	0	0	0	0	0		0
Gunner Olszewski	WR	4	0	0	0	0	0	11	0	1	0	0	0	0	0	0		0
Damien Harris	RB	4	0	0	0	100	0	0	0	0	0	0	0	0	0	0		0
Terry McLaurin	WR	4	0	0	0	0	0	118	0	10	0	0	0	0	0	0		0
Marquise Brown	WR	4	0	0	0	0	0	86	0	4	0	0	0	0	0	0		0
Darrell Henderson	RB	4	0	0	0	21	0	16	0	1	0	0	0	0	0	0		0
David Montgomery	RB	4	0	0	0	27	0	30	0	3	0	0	0	0	1	0		0
Dawson Knox	TE	4	0	0	0	0	0	16	0	2	0	0	0	0	0	0		0
Josh Jacobs	RB	4	0	0	0	48	0	25	0	3	0	0	0	0	0	0		0
Miles Boykin	WR	4	0	0	0	0	0	28	0	2	0	0	0	0	0	0		0
Daniel Jones	QB	4	190	0	1	45	0	0	0	0	0	0	0	0	0	0		0
Deebo Samuel Sr.	WR	4	0	0	0	10	0	35	0	3	0	0	0	0	0	0		0
Jakob Johnson	RB	4	0	0	0	0	0	0	0	0	0	0	0	0	0	0		0
James Robinson	RB	4	0	0	0	75	0	32	0	4	0	0	0	0	0	0		0
Rodrigo Blankenship	PK	4	0	0	0	0	0	0	0	0	0	0	0	0	0	0	21;30;44;30	1
Levante Bellamy	RB	4	0	0	0	0	0	0	0	0	0	0	0	0	0	0		0
Jonathan Ward	RB	4	0	0	0	0	0	0	0	0	0	0	0	0	0	0		0
Dan Chisena	WR	4	0	0	0	0	0	0	0	0	0	0	0	0	0	0		0
Adrian Killins Jr.	RB	4	0	0	0	-12	0	2	0	1	0	0	0	0	0	0		0
Isaiah Zuber	WR	4	0	0	0	8	0	0	0	0	0	0	0	0	0	0		0
James Proche	WR	4	0	0	0	0	0	0	0	0	0	0	0	0	0	0		0
Isaiah Wright	WR	4	0	0	0	9	0	20	0	4	0	0	0	0	0	0		0
Lawrence Cager	TE	4	0	0	0	0	0	0	0	0	0	0	0	0	0	0		0
J.K. Dobbins	RB	4	0	0	0	16	0	1	0	1	0	0	0	0	0	0		0
Tyler Bass	PK	4	0	0	0	0	0	0	0	0	0	0	0	0	0	0	34	3
Reggie Gilliam	RB	4	0	0	0	0	0	0	0	0	0	0	0	0	0	0		0
Gabe Davis	WR	4	0	0	0	0	0	26	1	1	0	0	0	0	0	0		0
Marquez Callaway	WR	4	0	0	0	0	0	16	0	1	0	0	0	0	0	0		0
Jonathan Taylor	RB	4	0	0	0	68	0	11	0	1	0	0	0	0	0	0		0
Harrison Bryant	TE	4	0	0	0	0	0	37	0	4	0	0	0	0	0	0		0
Donovan Peoples-Jones	WR	4	0	0	0	0	0	0	0	0	0	0	0	0	0	0		0
Freddie Swain	WR	4	0	0	0	0	0	32	0	2	0	0	0	0	0	0		0
Collin Johnson	WR	4	0	0	0	0	0	0	0	0	0	0	0	0	0	0		0
Brandon Aiyuk	WR	4	0	0	0	38	1	18	0	2	0	0	0	0	0	0		0
AJ Dillon	RB	4	0	0	0	3	0	0	0	0	0	0	0	0	0	0		0
Laviska Shenault Jr.	WR	4	0	0	0	5	0	86	0	5	0	0	0	0	0	0		0
La'Mical Perine	RB	4	0	0	0	15	0	0	0	0	0	0	0	0	0	0		0
D'Andre Swift	RB	4	0	0	0	22	0	30	1	4	0	0	0	0	0	0		0
Cole Kmet	TE	4	0	0	0	0	0	0	0	0	0	0	0	0	0	0		0
Darnell Mooney	WR	4	0	0	0	-3	0	52	0	5	0	0	0	0	0	0		0
Justin Jefferson	WR	4	0	0	0	0	0	103	0	4	0	0	0	0	0	0		0
Antonio Gibson	RB	4	0	0	0	46	1	82	0	4	0	0	0	0	0	0		0
Devin Duvernay	WR	4	0	0	0	0	0	4	0	1	0	0	0	0	0	0		0
K.J. Osborn	WR	4	0	0	0	0	0	0	0	0	0	0	0	0	0	0		0
Justin Herbert	QB	4	290	3	1	14	0	0	0	0	0	0	0	0	0	0		0
CeeDee Lamb	WR	4	0	0	0	3	0	79	2	5	0	0	0	0	0	0		0
Clyde Edwards-Helaire	RB	4	0	0	0	64	0	27	0	3	0	0	0	0	0	0		0
Lynn Bowden	WR	4	0	0	0	5	0	0	0	0	0	0	0	0	0	0		0
Joshua Kelley	RB	4	0	0	0	7	0	26	0	3	0	1	0	0	0	0		0
K.J. Hill	WR	4	0	0	0	0	0	0	0	0	0	0	0	0	0	0		0
Jalen Hurts	QB	4	0	0	0	18	0	0	0	0	0	0	0	0	0	0		0
John Hightower	WR	4	0	0	0	0	0	22	0	2	0	0	0	0	0	0		0
Jerry Jeudy	WR	4	0	0	0	0	0	61	1	2	0	0	0	0	0	0		0
Tee Higgins	WR	4	0	0	0	13	0	77	0	4	0	0	0	0	0	0		0
Van Jefferson	WR	4	0	0	0	0	0	0	0	0	0	0	0	0	0	0		0
DeeJay Dallas	RB	4	0	0	0	8	0	15	0	2	0	0	0	0	0	0		0
Raymond Calais	RB	4	0	0	0	0	0	0	0	0	0	0	0	0	0	0		0
Sam Sloman	PK	4	0	0	0	0	0	0	0	0	0	0	0	0	0	0	32	2
Joe Burrow	QB	4	300	1	1	11	0	0	0	0	0	0	0	0	0	0		0
Ke'Shawn Vaughn	RB	4	0	0	0	4	0	22	1	2	0	0	0	0	0	0		0
Tom Brady	QB	5	253	1	0	0	0	0	0	0	0	0	0	0	0	0		0
Drew Brees	QB	5	325	1	1	1	1	0	0	0	0	0	0	0	0	0		0
Jason Witten	TE	5	0	0	0	0	0	6	0	2	0	0	0	0	0	0		0
Larry Fitzgerald	WR	5	0	0	0	0	0	35	0	4	0	0	0	0	0	0		0
Ben Roethlisberger	QB	5	239	3	0	-2	0	0	0	0	0	0	0	0	0	0		0
Philip Rivers	QB	5	243	0	2	-1	0	0	0	0	0	0	0	0	0	0		0
Robbie Gould	PK	5	0	0	0	0	0	0	0	0	0	0	0	0	0	0	37	2
Alex Smith	QB	5	37	0	0	1	0	0	0	0	0	0	0	0	0	0		0
Frank Gore	RB	5	0	0	0	30	0	0	0	0	0	0	0	0	0	0		0
Ryan Fitzpatrick	QB	5	350	3	0	16	0	0	0	0	0	0	0	0	0	0		0
Stephen Gostkowski	PK	5	0	0	0	0	0	0	0	0	0	0	0	0	0	0		6
Ted Ginn	WR	5	0	0	0	0	0	0	0	0	0	0	0	0	0	0		0
Greg Olsen	TE	5	0	0	0	0	0	20	0	1	0	0	0	0	0	0		0
Steven Hauschka	PK	5	0	0	0	0	0	0	0	0	0	0	0	0	0	0		2
Matt Ryan	QB	5	226	0	1	-1	0	0	0	0	0	0	0	0	0	0		0
Joe Flacco	QB	5	195	1	0	20	0	0	0	0	0	0	0	0	0	0		0
Graham Gano	PK	5	0	0	0	0	0	0	0	0	0	0	0	0	0	0	55;50;54;28	2
Ryan Succop	PK	5	0	0	0	0	0	0	0	0	0	0	0	0	0	0	39;35;46;25	1
Jared Cook	TE	5	0	0	0	0	0	52	1	2	0	0	0	0	0	0		0
Rob Gronkowski	TE	5	0	0	0	0	0	52	0	3	0	0	0	0	0	0		0
Emmanuel Sanders	WR	5	0	0	0	0	0	122	0	12	0	0	0	0	0	0		0
Andre Roberts	WR	5	0	0	0	0	0	16	0	1	0	0	0	0	0	0		0
Jimmy Graham	TE	5	0	0	0	0	0	33	1	3	0	0	0	0	0	0		0
Golden Tate	WR	5	0	0	0	0	0	42	0	4	0	0	0	0	0	0		0
A.J. Green	WR	5	0	0	0	0	0	0	0	0	0	0	0	0	0	0		0
Mark Ingram	RB	5	0	0	0	57	0	0	0	0	0	0	0	0	0	0		0
Andy Dalton	QB	5	111	0	0	0	0	0	0	0	0	1	0	0	0	0		0
Kyle Rudolph	TE	5	0	0	0	0	0	10	0	1	0	0	0	0	0	0		0
Randall Cobb	WR	5	0	0	0	0	0	47	0	6	0	0	0	0	0	0		0
Luke Stocker	TE	5	0	0	0	0	0	2	0	1	0	0	0	0	0	0		0
Taiwan Jones	RB	5	0	0	0	0	0	0	0	0	0	0	0	0	0	0		0
Dion Lewis	RB	5	0	0	0	0	0	1	0	2	0	0	0	0	0	0		0
Virgil Green	TE	5	0	0	0	0	0	14	0	1	0	0	0	0	0	0		0
Chris Hogan	WR	5	0	0	0	0	0	20	0	3	0	0	0	0	0	0		0
Dontrelle Inman	WR	5	0	0	0	0	0	-2	0	1	0	0	0	0	0	0		0
Dan Bailey	PK	5	0	0	0	0	0	0	0	0	0	0	0	0	0	0	52;46	2
Cole Beasley	WR	5	0	0	0	0	0	53	0	6	0	0	0	0	0	0		0
Russell Wilson	QB	5	217	3	1	58	0	0	0	0	0	0	0	0	0	0		0
Randy Bullock	PK	5	0	0	0	0	0	0	0	0	0	0	0	0	0	0	38	0
Nick Foles	QB	5	243	1	1	-1	0	0	0	0	0	0	0	0	0	0		0
Justin Tucker	PK	5	0	0	0	0	0	0	0	0	0	0	0	0	0	0	46;39	3
Kirk Cousins	QB	5	249	2	1	2	0	0	0	0	1	0	0	0	0	0		0
T.Y. Hilton	WR	5	0	0	0	0	0	69	0	6	0	0	0	0	0	0		0
Greg Zuerlein	PK	5	0	0	0	0	0	0	0	0	0	0	0	0	0	0	24;40;34	4
Robert Griffin III	QB	5	0	0	0	-1	0	0	0	0	0	0	0	0	0	0		0
Ryan Tannehill	QB	5	195	3	0	42	1	0	0	0	0	0	0	0	0	0		0
Darren Fells	TE	5	0	0	0	0	0	57	1	2	0	0	0	0	0	0		0
Adam Thielen	WR	5	0	0	0	3	0	80	2	9	0	0	0	0	0	0		0
Zach Ertz	TE	5	0	0	0	0	0	6	0	1	0	0	0	0	0	0		0
Kenny Stills	WR	5	0	0	0	0	0	14	0	1	0	0	0	0	0	0		0
Dustin Hopkins	PK	5	0	0	0	0	0	0	0	0	0	0	0	0	0	0	48	1
Demetrius Harris	TE	5	0	0	0	0	0	9	0	1	0	0	0	0	0	0		0
Jack Doyle	TE	5	0	0	0	0	0	0	0	0	0	0	0	0	0	0		0
Josh Hill	TE	5	0	0	0	0	0	1	0	1	0	0	0	0	0	0		0
Keenan Allen	WR	5	0	0	0	0	0	29	1	2	0	0	0	0	0	0		0
Chris Thompson	RB	5	0	0	0	7	0	35	0	3	0	0	0	0	0	0		0
Robert Woods	WR	5	0	0	0	0	0	71	1	4	0	0	0	0	0	0		0
Giovani Bernard	RB	5	0	0	0	0	0	4	0	1	0	0	0	0	0	0		0
Vance McDonald	TE	5	0	0	0	0	0	4	0	1	0	0	0	0	0	0		0
Le'Veon Bell	RB	5	0	0	0	60	0	7	0	1	0	0	0	0	0	0		0
Travis Kelce	TE	5	0	0	0	0	0	108	1	8	0	0	0	0	0	0		0
Latavius Murray	RB	5	0	0	0	34	0	23	0	2	0	0	0	0	0	0		0
Matt Barkley	QB	5	22	0	0	0	0	0	0	0	0	0	0	0	0	0		0
Tyler Eifert	TE	5	0	0	0	0	0	16	0	3	0	0	0	0	0	0		0
DeAndre Hopkins	WR	5	0	0	0	0	0	131	1	6	0	0	0	0	0	0		0
Cordarrelle Patterson	RB	5	0	0	0	7	0	38	0	3	0	0	0	0	0	0		0
Willie Snead	WR	5	0	0	0	0	0	0	0	0	0	0	0	0	0	0		0
Bennie Fowler	WR	5	0	0	0	0	0	11	0	2	0	0	0	0	0	0		0
Trey Burton	TE	5	0	0	0	0	0	33	0	5	0	0	0	0	0	0		0
Cody Parkey	PK	5	0	0	0	0	0	0	0	0	0	0	0	0	0	0	24;36;46	3
Chris Boswell	PK	5	0	0	0	0	0	0	0	0	0	0	0	0	0	0	41	5
Cairo Santos	PK	5	0	0	0	0	0	0	0	0	0	0	0	0	0	0	47;38	2
Odell Beckham Jr.	WR	5	18	0	0	-1	0	58	0	5	0	0	0	0	0	0		0
Brandin Cooks	WR	5	0	0	0	0	0	161	1	8	0	0	0	0	0	0		0
Teddy Bridgewater	QB	5	313	2	0	3	0	0	0	0	0	0	0	0	0	0		0
Logan Thomas	TE	5	0	0	0	0	0	4	0	1	0	0	0	0	0	0		0
Cameron Brate	TE	5	0	0	0	0	0	44	0	5	0	0	0	0	0	0		0
Derek Carr	QB	5	347	3	1	1	0	0	0	0	0	0	0	0	0	0		0
Devonta Freeman	RB	5	0	0	0	60	1	27	0	2	0	0	0	0	0	0		0
Sammy Watkins	WR	5	0	0	0	0	0	24	1	2	0	0	0	0	0	0		0
Jimmy Garoppolo	QB	5	77	0	2	0	0	0	0	0	0	0	0	0	0	0		0
Jerick McKinnon	RB	5	0	0	0	0	0	5	0	2	0	0	0	0	0	0		0
Jarvis Landry	WR	5	0	0	0	0	0	88	0	4	0	0	0	0	0	0		0
Richard Rodgers	TE	5	0	0	0	0	0	18	0	1	0	0	0	0	0	0		0
Eric Ebron	TE	5	0	0	0	0	0	43	0	5	0	0	1	0	0	0		0
Mike Evans	WR	5	0	0	0	0	0	41	1	5	0	0	0	0	0	0		0
Allen Robinson	WR	5	0	0	0	0	0	90	0	10	0	0	0	0	0	0		0
Jason Myers	PK	5	0	0	0	0	0	0	0	0	0	0	0	0	0	0		3
Amari Cooper	WR	5	0	0	0	-2	0	23	0	2	0	0	0	0	0	0		0
Kevin White	WR	5	0	0	0	0	0	0	0	0	0	0	0	0	0	0		0
DeVante Parker	WR	5	0	0	0	0	0	50	1	2	0	0	0	0	0	0		0
Nelson Agholor	WR	5	0	0	0	0	0	67	1	2	0	0	0	0	0	0		0
Stefon Diggs	WR	5	0	0	0	0	0	106	0	10	0	0	0	0	0	0		0
Nick Boyle	TE	5	0	0	0	0	0	2	0	1	0	0	0	0	0	0		0
Darren Waller	TE	5	0	0	0	0	0	48	1	5	0	0	0	0	0	0		0
Raheem Mostert	RB	5	0	0	0	90	0	29	0	3	0	0	0	0	0	0		0
DeAndre Carter	WR	5	0	0	0	0	0	0	0	0	0	0	0	0	0	0		0
Malcolm Brown	RB	5	0	0	0	30	0	-6	0	1	0	0	0	0	0	0		0
Jamison Crowder	WR	5	0	0	0	0	0	116	1	8	0	0	0	0	0	0		0
James O'Shaughnessy	TE	5	0	0	0	0	0	20	0	3	0	0	0	0	0	0		0
Blake Bell	TE	5	0	0	0	0	0	13	0	1	0	0	0	0	0	0		0
Mike Davis	RB	5	0	0	0	89	0	60	1	9	0	0	0	0	0	0		0
Ameer Abdullah	RB	5	0	0	0	0	0	0	0	0	0	0	0	0	0	0		0
Chris Conley	WR	5	0	0	0	0	0	58	0	2	0	0	0	0	0	0		0
Geoff Swaim	TE	5	0	0	0	0	0	0	0	0	0	0	0	0	0	0		0
David Johnson	RB	5	0	0	0	96	0	7	0	2	0	0	0	0	0	0		0
T.J. Yeldon	RB	5	0	0	0	52	0	22	1	1	0	0	0	0	0	0		0
Tyler Lockett	WR	5	0	0	0	0	0	44	0	4	0	0	0	0	0	0		0
Tyler Kroft	TE	5	0	0	0	0	0	0	0	0	0	0	0	0	0	0		0
Todd Gurley	RB	5	0	0	0	121	1	29	0	4	0	0	0	0	0	0		0
Duke Johnson	RB	5	0	0	0	8	0	11	0	1	0	0	0	0	0	0		0
Austin Hooper	TE	5	0	0	0	0	0	57	0	5	0	0	0	0	0	0		0
Dwayne Washington	RB	5	0	0	0	0	0	0	0	0	0	0	0	0	0	0		0
Kalif Raymond	WR	5	0	0	0	0	0	26	0	2	0	0	0	0	0	0		0
Alex Erickson	WR	5	0	0	0	0	0	0	0	0	0	0	0	0	0	0		0
Wil Lutz	PK	5	0	0	0	0	0	0	0	0	0	0	0	0	0	0	48;53;36	3
J.D. McKissic	RB	5	0	0	0	3	0	46	0	6	0	0	0	0	0	0		0
Robbie Chosen	WR	5	0	0	0	3	0	112	0	8	0	0	0	0	0	0		0
Ka'imi Fairbairn	PK	5	0	0	0	0	0	0	0	0	0	0	0	0	0	0	36;33;46	3
Derrick Henry	RB	5	0	0	0	57	2	6	0	1	0	0	0	0	0	0		0
Demarcus Robinson	WR	5	0	0	0	0	0	2	0	2	0	0	0	0	0	0		0
Jakeem Grant	WR	5	0	0	0	-12	0	6	0	1	0	0	0	0	0	0		0
Carson Wentz	QB	5	258	2	2	11	0	0	0	0	0	0	0	1	0	0		0
Devontae Booker	RB	5	0	0	0	62	0	5	0	1	0	0	0	0	0	0		0
Rashard Higgins	WR	5	0	0	0	0	0	31	1	3	0	0	0	0	0	0		0
Marcus Johnson	WR	5	0	0	0	0	0	53	0	3	0	0	0	0	0	0		0
Jaydon Mickens	WR	5	0	0	0	0	0	22	0	2	0	0	0	0	0	0		0
Tyler Boyd	WR	5	0	0	0	0	0	42	0	4	0	0	0	0	0	0		0
Jalen Richard	RB	5	0	0	0	4	0	26	0	4	0	0	0	0	0	0		0
Tyreek Hill	WR	5	0	0	0	15	1	78	0	3	0	0	0	0	0	0		0
Ezekiel Elliott	RB	5	0	0	0	91	2	14	0	1	0	0	0	0	0	0		0
Dak Prescott	QB	5	166	0	1	7	0	11	1	1	0	0	0	0	0	0		0
Hunter Henry	TE	5	0	0	0	0	0	23	1	4	0	0	0	0	0	0		0
Jared Goff	QB	5	309	2	1	0	1	0	0	0	0	0	0	0	0	0		0
Tyler Higbee	TE	5	0	0	0	0	0	12	0	2	0	0	0	0	0	0		0
Pharoh Cooper	WR	5	0	0	0	0	0	12	0	1	0	0	0	0	0	0		0
Temarrick Hemingway	TE	5	0	0	0	0	0	10	0	1	0	0	0	0	0	0		0
Mike Thomas	WR	5	0	0	0	1	0	6	0	1	0	0	1	0	0	0		0
Kenyan Drake	RB	5	0	0	0	60	1	2	0	1	0	0	0	0	0	0		0
Will Fuller	WR	5	0	0	0	0	0	58	1	4	0	0	0	0	0	0		0
Sam Ficken	PK	5	0	0	0	0	0	0	0	0	0	0	0	0	0	0	26	1
Mo Alie-Cox	TE	5	0	0	0	0	0	0	0	0	0	0	0	0	0	0		0
Zach Pascal	WR	5	0	0	0	0	0	15	0	2	0	0	0	0	0	0		0
Darrell Daniels	TE	5	0	0	0	0	0	37	0	2	0	0	0	0	0	0		0
Curtis Samuel	WR	5	0	0	0	28	0	36	0	5	0	0	0	0	0	0		0
George Kittle	TE	5	0	0	0	0	0	44	0	4	0	0	0	0	0	0		0
Trent Taylor	WR	5	0	0	0	0	0	0	0	0	0	0	0	0	0	0		0
Alex Armah	RB	5	0	0	0	2	0	0	0	0	0	0	0	0	0	0		0
Harrison Butker	PK	5	0	0	0	0	0	0	0	0	0	0	0	0	0	0	32	3
Kendrick Bourne	WR	5	0	0	0	0	0	30	1	2	0	0	0	0	0	0		0
Matt Breida	RB	5	0	0	0	28	0	31	0	1	0	0	0	0	0	0		0
Cethan Carter	TE	5	0	0	0	0	0	0	0	0	0	0	0	0	0	0		0
Taysom Hill	TE	5	0	0	0	13	1	0	0	0	0	0	0	0	0	0		0
Patrick Ricard	RB	5	0	0	0	0	0	7	0	1	0	0	0	0	0	0		0
Cody Hollister	WR	5	0	0	0	0	0	12	0	1	0	0	0	0	0	0		0
Pharaoh Brown	TE	5	0	0	0	0	0	4	0	1	0	0	0	0	0	0		0
Anthony Firkser	TE	5	0	0	0	0	0	19	0	3	0	0	0	0	0	0		0
Isaiah McKenzie	WR	5	0	0	0	0	0	7	1	4	0	0	0	0	0	0		0
Isaiah Ford	WR	5	0	0	0	0	0	23	0	2	0	0	0	0	0	0		0
Jeremy Sprinkle	TE	5	0	0	0	0	0	0	0	0	0	0	0	0	0	0		0
Mike Williams	WR	5	0	0	0	0	0	109	2	5	0	0	0	0	0	0		0
Deshaun Watson	QB	5	359	3	2	25	0	0	0	0	0	0	0	0	0	0		0
James Conner	RB	5	0	0	0	44	1	19	0	3	0	0	0	0	0	0		0
Mack Hollins	WR	5	0	0	0	0	0	0	0	0	0	0	0	0	0	0		0
Brian Hill	RB	5	0	0	0	39	0	15	0	2	0	0	0	0	0	0		0
David Moore	WR	5	0	0	0	0	0	0	0	0	0	0	0	0	0	0		0
Chris Carson	RB	5	0	0	0	52	1	27	0	6	0	0	0	0	0	0		0
Keelan Cole	WR	5	0	0	0	2	0	25	1	2	0	0	0	0	0	0		0
Younghoe Koo	PK	5	0	0	0	0	0	0	0	0	0	0	0	0	0	0	46;31;54	1
Greg Ward	WR	5	0	0	0	0	0	26	1	4	0	0	0	0	0	0		0
Jake Elliott	PK	5	0	0	0	0	0	0	0	0	0	0	0	0	0	0		3
Dare Ogunbowale	RB	5	0	0	0	0	0	0	0	0	0	0	0	0	0	0		0
JuJu Smith-Schuster	WR	5	0	0	0	0	0	28	0	4	0	0	0	0	0	0		0
Jonnu Smith	TE	5	0	0	0	0	0	40	2	5	0	0	0	0	0	0		0
Zane Gonzalez	PK	5	0	0	0	0	0	0	0	0	0	0	0	0	0	0	47	3
Patrick Mahomes	QB	5	340	2	1	21	1	0	0	0	0	0	0	1	0	0		0
Evan Engram	TE	5	0	0	0	9	1	16	0	1	0	0	0	0	0	0		0
David Njoku	TE	5	0	0	0	0	0	6	0	1	0	0	0	0	0	0		0
Zay Jones	WR	5	0	0	0	0	0	2	0	1	0	0	0	0	0	0		0
Dalvin Cook	RB	5	0	0	0	65	1	24	0	5	0	0	0	0	0	0		0
Gerald Everett	TE	5	0	0	0	0	0	90	0	4	0	0	0	0	0	0		0
Adam Shaheen	TE	5	0	0	0	0	0	3	1	1	0	0	0	0	0	0		0
Joe Mixon	RB	5	0	0	0	59	0	35	0	6	0	0	0	0	0	0		0
Alvin Kamara	RB	5	0	0	0	45	0	74	0	8	0	0	0	0	0	0		0
Cooper Kupp	WR	5	0	0	0	0	0	66	0	5	0	0	0	0	0	0		0
Kareem Hunt	RB	5	0	0	0	72	0	21	1	3	0	0	0	0	0	0		0
C.J. Beathard	QB	5	94	1	0	0	0	0	0	0	1	0	0	0	0	0		0
Josh Reynolds	WR	5	0	0	0	0	0	46	0	2	0	0	0	0	0	0		0
Wayne Gallman	RB	5	0	0	0	24	0	0	0	2	0	0	0	0	0	0		0
Jeremy McNichols	RB	5	0	0	0	28	0	3	0	1	0	0	0	0	0	0		0
Ross Dwelley	TE	5	0	0	0	0	0	0	0	0	0	0	0	0	0	0		0
Mike Badgley	PK	5	0	0	0	0	0	0	0	0	0	0	0	0	0	0		3
Cam Sims	WR	5	0	0	0	0	0	0	0	0	0	0	0	0	0	0		0
Jeff Wilson	RB	5	0	0	0	27	0	0	0	0	0	0	0	0	0	0		0
Christian Blake	WR	5	0	0	0	0	0	0	0	0	0	0	0	0	0	0		0
Will Dissly	TE	5	0	0	0	0	0	19	1	1	0	0	0	0	0	0		0
Daniel Carlson	PK	5	0	0	0	0	0	0	0	0	0	0	0	0	0	0	38;43	4
Trenton Cannon	RB	5	0	0	0	-1	0	0	0	0	0	0	0	0	0	0		0
Gus Edwards	RB	5	0	0	0	25	0	0	0	0	0	0	0	0	0	0		0
Nick Keizer	TE	5	0	0	0	0	0	0	0	0	0	0	0	0	0	0		0
Mike Boone	RB	5	0	0	0	19	0	0	0	0	0	0	0	0	0	0		0
Damion Ratley	WR	5	0	0	0	0	0	0	0	0	0	0	0	0	0	0		0
Byron Pringle	WR	5	0	0	0	0	0	23	0	1	0	0	0	0	0	0		0
Darrel Williams	RB	5	0	0	0	4	0	15	0	1	0	0	0	0	0	1		0
Chad Beebe	WR	5	0	0	0	0	0	11	0	1	0	0	0	0	0	0		0
Anthony Miller	WR	5	0	0	0	0	0	28	0	4	0	0	0	0	0	0		0
Ian Thomas	TE	5	0	0	0	0	0	0	0	0	0	0	0	0	0	0		0
Nyheim Hines	RB	5	0	0	0	8	0	22	0	2	0	0	0	0	0	0		0
Ito Smith	RB	5	0	0	0	6	0	0	0	0	0	0	0	0	0	0		0
Dalton Schultz	TE	5	0	0	0	0	0	6	0	1	0	0	0	0	0	0		0
Jordan Wilkins	RB	5	0	0	0	1	0	0	0	0	0	0	0	0	0	0		0
Ray-Ray McCloud	WR	5	0	0	0	63	0	12	0	3	0	0	0	0	0	0		0
Russell Gage	WR	5	0	0	0	0	0	16	0	2	0	0	0	0	0	0		0
Boston Scott	RB	5	0	0	0	3	0	0	0	0	0	0	0	0	0	0		0
Cedrick Wilson Jr.	WR	5	11	1	0	0	0	22	0	4	0	0	0	0	0	0		0
Braxton Berrios	WR	5	0	0	0	13	0	0	0	0	0	0	0	0	0	0		0
Javon Wims	WR	5	0	0	0	0	0	0	0	0	0	0	0	0	0	0		0
Justin Jackson	RB	5	0	0	0	71	0	23	0	5	0	0	0	0	0	0		0
Trent Sherfield	WR	5	0	0	0	0	0	6	0	1	0	0	0	0	0	0		0
Kyle Allen	QB	5	74	0	0	7	1	0	0	0	0	0	0	0	0	0		0
Ryan Nall	RB	5	0	0	0	0	0	0	0	0	0	0	0	0	0	0		0
Tanner Hudson	TE	5	0	0	0	0	0	9	0	1	0	0	0	0	0	0		0
Brandon Powell	WR	5	0	0	0	0	0	0	0	0	0	0	0	0	0	0		0
Rico Gafford	WR	5	0	0	0	0	0	0	0	0	0	0	0	0	0	0		0
James Washington	WR	5	0	0	0	0	0	25	0	3	0	0	0	0	0	0		0
Chase Edmonds	RB	5	0	0	0	36	1	56	0	5	0	0	0	0	0	0		0
Auden Tate	WR	5	0	0	0	0	0	12	0	1	0	0	0	0	0	0		0
Mark Andrews	TE	5	0	0	0	0	0	56	1	6	0	0	0	0	0	0		0
Michael Gallup	WR	5	0	0	0	0	0	73	0	4	0	0	0	0	0	0		0
Tre'Quan Smith	WR	5	0	0	0	0	0	8	0	2	0	0	0	0	0	0		0
Chris Herndon	TE	5	0	0	0	0	0	24	0	2	0	0	0	0	0	0		0
Christian Kirk	WR	5	0	0	0	0	0	78	0	5	0	0	0	0	0	0		0
DJ Chark	WR	5	0	0	0	0	0	16	0	3	0	0	0	0	0	0		0
Jaeden Graham	TE	5	0	0	0	0	0	7	0	1	0	0	0	0	0	0		0
Jason Sanders	PK	5	0	0	0	0	0	0	0	0	0	0	0	0	0	0	26;50;29;31;49	4
Lamar Jackson	QB	5	180	2	1	3	0	0	0	0	0	0	0	0	0	0		0
Ronald Jones	RB	5	0	0	0	106	0	19	0	3	0	0	0	0	0	0		0
DJ Moore	WR	5	0	0	0	0	0	93	1	4	0	0	0	0	0	0		0
Mike Gesicki	TE	5	0	0	0	0	0	91	0	5	0	0	0	0	0	0		0
Hayden Hurst	TE	5	0	0	0	0	0	8	0	2	0	0	0	0	0	0		0
Calvin Ridley	WR	5	0	0	0	0	0	136	0	8	0	0	0	0	0	0		0
Baker Mayfield	QB	5	247	2	2	17	0	0	0	0	0	0	0	0	0	0		0
Josh Allen	QB	5	263	2	2	18	0	0	0	0	0	0	0	0	0	0		0
Irv Smith	TE	5	0	0	0	0	0	64	0	4	0	0	0	0	0	0		0
Alexander Mattison	RB	5	0	0	0	112	0	24	0	3	0	0	0	0	0	0		0
Hunter Renfrow	WR	5	0	0	0	0	0	42	0	1	0	0	0	0	0	0		0
Kaden Smith	TE	5	0	0	0	0	0	7	0	1	0	0	0	0	0	0		0
Bisi Johnson	WR	5	0	0	0	0	0	13	0	1	0	0	0	0	0	0		0
Ashton Dulin	WR	5	0	0	0	3	0	34	0	1	0	0	0	0	0	0		0
Penny Hart	WR	5	0	0	0	0	0	0	0	0	0	0	0	0	0	0		0
Stephen Carlson	TE	5	0	0	0	0	0	0	0	0	0	0	0	0	0	0		0
Mecole Hardman	WR	5	0	0	0	0	0	50	0	2	0	0	0	0	0	0		0
Joey Slye	PK	5	0	0	0	0	0	0	0	0	0	0	0	0	0	0	38;39;22	2
Olamide Zaccheaus	WR	5	0	0	0	0	0	13	0	1	0	0	0	0	0	0		0
Diontae Johnson	WR	5	0	0	0	0	0	-2	0	1	0	0	0	0	0	0		0
Benny Snell	RB	5	0	0	0	19	0	0	0	0	0	0	0	0	0	0		0
Kyler Murray	QB	5	380	1	1	31	1	0	0	0	0	0	0	0	0	0		0
Miles Sanders	RB	5	0	0	0	80	2	19	0	2	0	0	0	0	0	0		0
J.J. Arcega-Whiteside	WR	5	0	0	0	0	0	37	0	1	0	0	0	0	0	0		0
Devin Singletary	RB	5	0	0	0	25	0	8	0	1	0	0	0	0	0	0		0
Trevon Wesco	TE	5	0	0	0	0	0	5	0	1	0	0	0	0	0	0		0
Tony Pollard	RB	5	0	0	0	30	0	2	0	2	0	0	0	0	0	0		0
KeeSean Johnson	WR	5	0	0	0	0	0	5	0	1	0	0	0	0	0	0		0
Gardner Minshew	QB	5	301	2	0	18	0	0	0	0	1	0	0	0	0	0		0
Myles Gaskin	RB	5	0	0	0	57	1	34	0	5	0	0	0	0	0	0		0
Donald Parham	TE	5	0	0	0	0	0	0	0	0	0	0	0	0	0	0		0
Preston Williams	WR	5	0	0	0	0	0	106	1	4	0	0	0	0	0	0		0
Jalen Guyton	WR	5	0	0	0	-4	0	49	0	1	0	0	0	0	0	0		0
Tyron Johnson	WR	5	0	0	0	7	0	0	0	0	0	0	0	0	0	0		0
Jeff Smith	WR	5	0	0	0	0	0	23	0	3	0	0	0	0	0	0		0
Andy Isabella	WR	5	0	0	0	0	0	30	0	2	0	0	0	0	0	0		0
Darius Slayton	WR	5	0	0	0	0	0	129	0	8	0	0	0	0	0	0		0
Travis Fulgham	WR	5	0	0	0	0	0	152	1	10	0	0	0	0	0	0		0
Travis Homer	RB	5	0	0	0	14	0	0	0	0	0	0	0	0	0	0		0
Nsimba Webster	WR	5	0	0	0	0	0	0	0	0	0	0	0	0	0	0		0
D'Ernest Johnson	RB	5	0	0	0	32	0	4	0	1	0	0	0	0	0	0		0
Drew Sample	TE	5	0	0	0	0	0	22	0	2	0	0	0	0	0	0		0
DK Metcalf	WR	5	0	0	0	0	0	93	2	6	0	0	0	0	0	0		0
Terry McLaurin	WR	5	0	0	0	0	0	26	0	3	0	0	0	0	0	0		0
Marquise Brown	WR	5	0	0	0	1	0	77	1	6	0	0	0	0	0	0		0
Darrell Henderson	RB	5	0	0	0	38	1	30	1	3	0	0	0	0	0	0		0
A.J. Brown	WR	5	0	0	0	0	0	82	1	7	0	0	0	0	0	0		0
David Montgomery	RB	5	0	0	0	29	1	30	0	7	0	0	0	0	0	0		0
Dawson Knox	TE	5	0	0	0	0	0	15	0	1	0	0	0	0	0	0		0
Josh Jacobs	RB	5	0	0	0	77	2	8	0	2	0	0	0	0	0	0		0
Miles Boykin	WR	5	0	0	0	0	0	0	0	0	0	0	0	0	0	0		0
Daniel Jones	QB	5	222	0	0	-7	0	0	0	0	1	0	0	1	0	0		0
Deebo Samuel Sr.	WR	5	0	0	0	3	0	19	0	2	0	0	0	0	0	0		0
James Robinson	RB	5	0	0	0	48	0	22	0	5	1	0	0	0	0	0		0
Rodrigo Blankenship	PK	5	0	0	0	0	0	0	0	0	0	0	0	0	0	0	32;37;25	2
Jonathan Ward	RB	5	0	0	0	0	0	0	0	0	0	0	0	0	0	0		0
Xavier Jones	RB	5	0	0	0	0	0	0	0	0	0	0	0	0	0	0		0
James Proche	WR	5	0	0	0	0	0	0	0	0	0	0	0	0	0	0		0
Isaiah Wright	WR	5	0	0	0	0	0	3	0	1	0	0	0	0	0	0		0
J.K. Dobbins	RB	5	0	0	0	34	0	21	0	3	0	0	0	0	0	0		0
Tyler Bass	PK	5	0	0	0	0	0	0	0	0	0	0	0	0	0	0	43	1
Nick Westbrook-Ikhine	WR	5	0	0	0	0	0	7	0	1	0	0	0	0	0	0		0
Gabe Davis	WR	5	0	0	0	0	0	58	0	5	0	0	0	0	0	0		0
Marquez Callaway	WR	5	0	0	0	0	0	34	0	4	0	0	0	0	0	0		0
Jonathan Taylor	RB	5	0	0	0	57	1	17	0	2	0	0	0	0	0	0		0
Harrison Bryant	TE	5	0	0	0	0	0	0	0	0	0	0	0	0	0	0		0
Donovan Peoples-Jones	WR	5	0	0	0	0	0	0	0	0	0	0	0	0	0	0		0
Freddie Swain	WR	5	0	0	0	0	0	14	0	2	0	0	0	0	0	0		0
Collin Johnson	WR	5	0	0	0	0	0	30	1	3	0	0	0	0	0	0		0
Brandon Aiyuk	WR	5	0	0	0	0	0	44	0	3	0	0	0	0	0	0		0
Laviska Shenault Jr.	WR	5	0	0	0	0	0	79	0	7	0	0	0	0	0	0		0
La'Mical Perine	RB	5	0	0	0	0	0	0	0	0	0	0	0	0	0	0		0
Cole Kmet	TE	5	0	0	0	0	0	0	0	0	0	0	0	0	0	0		0
Darrynton Evans	RB	5	0	0	0	12	0	0	0	0	0	0	0	0	0	0		0
Darnell Mooney	WR	5	0	0	0	0	0	15	0	2	0	0	0	0	0	0		0
Justin Jefferson	WR	5	0	0	0	0	0	23	0	3	0	0	0	0	0	0		0
Chase Claypool	WR	5	0	0	0	6	1	110	3	7	0	0	0	0	0	0		0
Antonio Gibson	RB	5	0	0	0	27	0	24	0	5	0	0	0	0	0	0		0
Devin Duvernay	WR	5	0	0	0	42	0	17	0	2	0	0	0	0	0	0		0
Anthony McFarland	RB	5	0	0	0	6	0	0	0	0	0	0	0	0	0	0		0
Justin Herbert	QB	5	264	4	0	8	0	0	0	0	0	0	0	0	0	0		0
Henry Ruggs III	WR	5	0	0	0	0	0	118	1	2	0	0	0	0	0	0		0
CeeDee Lamb	WR	5	0	0	0	0	0	124	0	8	0	0	0	0	0	0		0
Clyde Edwards-Helaire	RB	5	0	0	0	40	0	40	0	3	0	0	0	0	0	0		0
Lynn Bowden	WR	5	0	0	0	4	0	0	0	0	0	0	0	0	0	0		0
Joshua Kelley	RB	5	0	0	0	29	0	9	0	1	0	0	0	0	0	0		0
K.J. Hill	WR	5	0	0	0	0	0	8	0	1	0	0	0	0	0	0		0
Jalen Hurts	QB	5	18	0	0	0	0	0	0	0	0	0	0	0	0	0		0
John Hightower	WR	5	0	0	0	0	0	18	0	2	0	0	0	0	0	1		0
Tee Higgins	WR	5	0	0	0	0	0	62	0	4	0	0	0	0	0	0		0
Cam Akers	RB	5	0	0	0	61	0	0	0	0	0	0	0	0	0	0		0
DeeJay Dallas	RB	5	0	0	0	0	0	0	0	0	0	0	0	0	0	0		0
Tyler Johnson	WR	5	0	0	0	0	0	61	0	4	0	0	0	0	0	0		0
Sam Sloman	PK	5	0	0	0	0	0	0	0	0	0	0	0	0	0	0	28	3
Joe Burrow	QB	5	183	0	1	10	0	0	0	0	1	0	0	0	0	0		0
Ke'Shawn Vaughn	RB	5	0	0	0	0	0	5	0	2	0	0	1	0	0	0		0
Tom Brady	QB	6	166	2	0	0	0	0	0	0	0	0	0	0	0	0		0
Larry Fitzgerald	WR	6	0	0	0	0	0	22	0	3	0	0	0	0	0	0		0
Ben Roethlisberger	QB	6	162	1	0	5	0	0	0	0	0	0	0	0	0	0		0
Philip Rivers	QB	6	371	3	1	-1	0	0	0	0	0	0	0	0	0	0		0
Robbie Gould	PK	6	0	0	0	0	0	0	0	0	0	0	0	0	0	0	49	3
Aaron Rodgers	QB	6	160	0	2	14	0	0	0	0	0	0	0	0	0	0		0
Frank Gore	RB	6	0	0	0	46	0	24	0	4	0	0	0	0	0	0		0
Ryan Fitzpatrick	QB	6	191	3	2	4	0	0	0	0	0	0	0	0	0	0		0
Matt Prater	PK	6	0	0	0	0	0	0	0	0	0	0	0	0	0	0	31;41	4
Marcedes Lewis	TE	6	0	0	0	0	0	0	0	0	0	0	0	0	0	0		0
Stephen Gostkowski	PK	6	0	0	0	0	0	0	0	0	0	0	0	0	0	0		4
Adrian Peterson	RB	6	0	0	0	40	1	18	0	1	0	0	0	0	0	0		0
Ted Ginn	WR	6	0	0	0	0	0	0	0	0	0	0	0	0	0	0		0
Nick Folk	PK	6	0	0	0	0	0	0	0	0	0	0	0	0	0	0	41;38	0
Mason Crosby	PK	6	0	0	0	0	0	0	0	0	0	0	0	0	0	0	39	1
Danny Amendola	WR	6	0	0	0	0	0	31	0	2	0	0	0	0	0	0		0
Matt Ryan	QB	6	371	4	0	8	0	0	0	0	0	0	0	0	0	0		0
Joe Flacco	QB	6	186	0	1	0	0	0	0	0	0	0	0	0	0	0		0
Matthew Stafford	QB	6	223	1	1	14	0	0	0	0	0	0	0	0	0	0		0
Graham Gano	PK	6	0	0	0	0	0	0	0	0	0	0	0	0	0	0	33;20	2
Ryan Succop	PK	6	0	0	0	0	0	0	0	0	0	0	0	0	0	0	50	5
LeSean McCoy	RB	6	0	0	0	1	0	6	0	1	0	0	0	0	0	0		0
Julian Edelman	WR	6	38	0	0	0	0	8	0	2	0	0	0	0	0	0		0
Rob Gronkowski	TE	6	0	0	0	0	0	78	1	5	0	0	0	0	0	0		0
Andre Roberts	WR	6	0	0	0	0	0	0	0	0	0	0	0	0	0	0		0
Jimmy Graham	TE	6	0	0	0	0	0	34	0	5	0	0	0	0	0	0		0
Golden Tate	WR	6	0	0	0	0	0	11	0	1	0	0	0	0	0	0		0
Cam Newton	QB	6	157	0	2	76	1	16	0	1	0	0	0	0	0	0		0
A.J. Green	WR	6	0	0	0	0	0	96	0	8	0	0	0	0	0	0		0
Julio Jones	WR	6	0	0	0	0	0	137	2	8	0	0	0	0	0	0		0
Blaine Gabbert	QB	6	0	0	0	2	0	0	0	0	0	0	0	0	0	0		0
Mark Ingram	RB	6	0	0	0	20	0	0	0	0	0	0	0	0	0	0		0
Andy Dalton	QB	6	266	1	2	4	0	0	0	0	0	0	0	0	0	0		0
Kyle Rudolph	TE	6	0	0	0	0	0	47	0	3	0	0	0	0	0	0		0
Randall Cobb	WR	6	0	0	0	0	0	17	1	3	0	0	0	0	0	0		0
Taiwan Jones	RB	6	0	0	0	0	0	0	0	0	0	0	0	0	0	0		0
Dion Lewis	RB	6	0	0	0	0	0	10	0	1	0	0	0	0	0	0		0
Dontrelle Inman	WR	6	0	0	0	0	0	45	0	5	0	0	0	0	0	0		0
Dan Bailey	PK	6	0	0	0	0	0	0	0	0	0	0	0	0	0	0		1
Case Keenum	QB	6	46	0	0	0	0	0	0	0	0	0	0	0	0	0		0
Cole Beasley	WR	6	0	0	0	0	0	45	1	4	0	0	0	0	0	0		0
Marvin Jones	WR	6	0	0	0	0	0	8	0	2	0	0	0	0	0	0		0
Randy Bullock	PK	6	0	0	0	0	0	0	0	0	0	0	0	0	0	0	47;55	3
Nick Foles	QB	6	198	1	1	4	1	0	0	0	0	0	0	0	0	0		0
Justin Tucker	PK	6	0	0	0	0	0	0	0	0	0	0	0	0	0	0	46;55;46	3
Kirk Cousins	QB	6	343	3	3	0	0	0	0	0	0	0	0	2	0	0		0
T.Y. Hilton	WR	6	0	0	0	0	0	11	0	1	0	0	0	0	0	0		0
Greg Zuerlein	PK	6	0	0	0	0	0	0	0	0	0	0	0	0	0	0	34	1
Ryan Tannehill	QB	6	366	4	1	0	0	0	0	0	1	0	0	1	0	0		0
Darren Fells	TE	6	0	0	0	0	0	85	1	6	0	0	0	0	0	0		0
Brandon McManus	PK	6	0	0	0	0	0	0	0	0	0	0	0	0	0	0	45;44;27;52;20;54	0
Adam Thielen	WR	6	0	0	0	0	0	51	1	3	0	0	0	0	0	0		0
Zach Ertz	TE	6	0	0	0	0	0	33	0	4	0	0	0	0	0	0		0
Dustin Hopkins	PK	6	0	0	0	0	0	0	0	0	0	0	0	0	0	0	35;28	1
Ryan Griffin	TE	6	0	0	0	0	0	17	0	2	0	0	0	0	0	0		0
Demetrius Harris	TE	6	0	0	0	0	0	0	0	0	0	0	0	0	0	0		0
Jack Doyle	TE	6	0	0	0	0	0	29	1	3	0	0	1	0	0	0		0
Rex Burkhead	RB	6	0	0	0	14	0	0	0	0	0	0	0	0	0	0		0
Chris Thompson	RB	6	0	0	0	0	0	15	0	3	0	0	0	0	0	0		0
Robert Woods	WR	6	0	0	0	11	0	29	1	4	0	0	0	0	0	0		0
Giovani Bernard	RB	6	0	0	0	15	1	13	0	3	0	0	0	0	0	0		0
Travis Kelce	TE	6	0	0	0	0	0	65	2	5	0	0	1	0	0	0		0
Tyler Eifert	TE	6	0	0	0	0	0	0	0	0	0	0	0	0	0	0		0
DeAndre Hopkins	WR	6	0	0	0	0	0	73	0	2	0	0	0	0	0	0		0
Cordarrelle Patterson	RB	6	0	0	0	1	0	8	0	1	0	0	0	0	0	0		0
Willie Snead	WR	6	0	0	0	0	0	32	0	1	0	0	0	0	0	0		0
Trey Burton	TE	6	0	0	0	1	1	58	1	4	0	0	0	0	0	0		0
Cody Parkey	PK	6	0	0	0	0	0	0	0	0	0	0	0	0	0	0		1
John Brown	WR	6	0	0	0	0	0	0	0	0	0	0	0	0	0	0		0
James White	RB	6	0	0	0	8	0	65	0	8	0	0	0	0	0	0		0
Chris Boswell	PK	6	0	0	0	0	0	0	0	0	0	0	0	0	0	0	35	5
Cairo Santos	PK	6	0	0	0	0	0	0	0	0	0	0	0	0	0	0	31;55;31	2
Odell Beckham Jr.	WR	6	0	0	0	0	0	25	0	2	0	0	0	0	0	0		0
Brandin Cooks	WR	6	0	0	0	0	0	68	1	9	0	0	0	0	0	0		0
Teddy Bridgewater	QB	6	216	0	2	48	0	0	0	0	0	0	0	0	0	0		0
Logan Thomas	TE	6	0	0	0	0	0	42	1	3	0	0	0	0	0	0		0
Cameron Brate	TE	6	0	0	0	0	0	3	0	1	0	0	0	0	0	0		0
Devonta Freeman	RB	6	0	0	0	61	0	-4	0	1	0	0	0	0	0	0		0
Diontae Spencer	WR	6	0	0	0	9	0	0	0	0	0	0	0	0	0	0		0
Jimmy Garoppolo	QB	6	268	3	0	8	0	0	0	0	0	0	0	0	0	0		0
Jerick McKinnon	RB	6	0	0	0	18	0	10	0	2	0	0	0	0	0	0		0
Davante Adams	WR	6	0	0	0	0	0	61	0	6	0	0	0	0	0	0		0
Jarvis Landry	WR	6	0	0	0	0	0	40	0	3	0	0	0	0	0	0		0
Richard Rodgers	TE	6	0	0	0	0	0	31	0	3	0	0	0	0	0	0		0
Eric Ebron	TE	6	0	0	0	0	0	9	0	2	0	0	0	0	0	0		0
Mike Evans	WR	6	0	0	0	0	0	10	0	1	0	0	0	0	0	0		0
Allen Robinson	WR	6	0	0	0	0	0	53	0	5	0	0	0	0	0	0		0
Chris Manhertz	TE	6	0	0	0	0	0	6	0	1	0	0	0	0	0	0		0
Amari Cooper	WR	6	0	0	0	0	0	79	1	7	0	0	0	0	0	0		0
DeVante Parker	WR	6	0	0	0	0	0	35	0	3	0	0	0	0	0	0		0
Stefon Diggs	WR	6	0	0	0	0	0	46	1	6	0	0	0	0	0	0		0
Nick Boyle	TE	6	0	0	0	0	0	33	1	3	0	0	0	0	0	0		0
Raheem Mostert	RB	6	0	0	0	65	0	11	0	2	0	0	0	0	0	0		0
DeAndre Carter	WR	6	0	0	0	0	0	0	0	0	0	0	0	0	0	0		0
Malcolm Brown	RB	6	0	0	0	4	0	18	0	3	0	0	0	0	0	0		0
Damiere Byrd	WR	6	0	0	0	0	0	38	0	3	0	0	0	0	0	0		0
Jamison Crowder	WR	6	0	0	0	0	0	48	0	7	0	0	0	0	0	0		0
James O'Shaughnessy	TE	6	0	0	0	0	0	0	0	0	0	0	0	0	0	0		0
Adam Humphries	WR	6	0	0	0	0	0	64	1	6	0	0	0	0	0	0		0
Breshad Perriman	WR	6	0	0	0	0	0	62	0	4	0	0	0	0	0	0		0
Blake Bell	TE	6	0	0	0	0	0	0	0	0	0	0	0	0	0	0		0
Mike Davis	RB	6	0	0	0	52	1	3	0	2	0	1	0	0	0	0		0
Daniel Brown	TE	6	0	0	0	0	0	0	0	0	0	0	0	0	0	0		0
Ameer Abdullah	RB	6	0	0	0	7	0	1	0	1	0	0	0	0	0	0		0
Chris Conley	WR	6	0	0	0	0	0	6	0	1	0	0	0	0	0	0		0
Jesse James	TE	6	0	0	0	0	0	3	0	1	0	0	0	0	0	0		0
Geoff Swaim	TE	6	0	0	0	0	0	10	0	2	0	0	0	0	0	0		0
David Johnson	RB	6	0	0	0	57	1	12	0	1	0	0	0	0	0	0		0
Tyler Kroft	TE	6	0	0	0	0	0	7	0	1	0	0	0	0	0	0		0
Todd Gurley	RB	6	0	0	0	47	0	20	0	3	0	0	0	0	0	0		0
Duke Johnson	RB	6	0	0	0	9	0	2	0	1	0	0	0	0	0	0		0
Austin Hooper	TE	6	0	0	0	0	0	52	0	5	0	0	0	0	0	0		0
Nick Vannett	TE	6	0	0	0	0	0	7	0	1	0	0	0	0	0	0		0
Kalif Raymond	WR	6	0	0	0	0	0	32	0	3	0	0	0	0	0	0		0
Alex Erickson	WR	6	0	0	0	0	0	0	0	0	0	0	0	0	0	0		0
J.D. McKissic	RB	6	0	0	0	41	0	43	0	6	0	0	0	0	0	0		0
Robbie Chosen	WR	6	0	0	0	0	0	77	0	4	0	0	0	0	0	0		0
Ka'imi Fairbairn	PK	6	0	0	0	0	0	0	0	0	0	0	0	0	0	0	38	3
Peyton Barber	RB	6	0	0	0	6	0	4	0	1	0	0	0	0	0	0		0
Derrick Henry	RB	6	0	0	0	212	2	52	0	2	0	0	0	0	0	0		0
Demarcus Robinson	WR	6	0	0	0	0	0	69	0	5	0	0	0	0	0	0		0
Jakeem Grant	WR	6	0	0	0	0	0	48	0	4	0	0	0	0	0	0		0
Jon Brown	PK	6	0	0	0	0	0	0	0	0	0	0	0	0	0	0	31	1
Carson Wentz	QB	6	213	2	0	49	1	0	0	0	0	1	0	2	0	0		0
Rashard Higgins	WR	6	0	0	0	0	0	13	1	1	0	0	0	0	0	0		0
Marcus Johnson	WR	6	0	0	0	0	0	108	0	5	0	0	0	0	0	0		0
Jaydon Mickens	WR	6	0	0	0	0	0	0	0	0	0	0	0	0	0	0		0
Tyler Boyd	WR	6	0	0	0	25	0	54	0	5	0	0	0	0	0	0		0
Tyreek Hill	WR	6	0	0	0	5	0	20	0	3	0	0	0	0	0	0		0
Ezekiel Elliott	RB	6	0	0	0	49	0	31	0	8	0	1	1	0	0	0		0
Marvin Hall	WR	6	0	0	0	1	0	6	0	1	0	0	0	0	0	0		0
Jared Goff	QB	6	198	2	1	10	0	0	0	0	0	0	0	0	0	0		0
Tyler Higbee	TE	6	0	0	0	0	0	56	0	3	0	0	0	0	0	0		0
Pharoh Cooper	WR	6	0	0	0	0	0	0	0	0	0	0	0	0	0	0		0
Mike Thomas	WR	6	0	0	0	0	0	10	0	1	0	0	0	0	0	0		0
Kenyan Drake	RB	6	0	0	0	164	2	0	0	0	0	0	0	0	0	0		0
Will Fuller	WR	6	0	0	0	0	0	123	1	6	0	0	0	0	0	0		0
Sam Ficken	PK	6	0	0	0	0	0	0	0	0	0	0	0	0	0	0		0
Cyril Grayson	WR	6	0	0	0	0	0	0	0	0	0	0	0	0	0	0		0
Zach Pascal	WR	6	0	0	0	0	0	54	1	4	0	0	0	0	0	0		0
Darrell Daniels	TE	6	0	0	0	0	0	1	0	1	0	0	0	0	0	0		0
George Kittle	TE	6	0	0	0	0	0	109	1	7	0	0	0	0	0	0		0
Trent Taylor	WR	6	0	0	0	0	0	8	0	1	0	0	0	0	0	0		0
Aaron Jones	RB	6	0	0	0	15	1	26	0	3	0	0	0	0	0	0		0
Alex Armah	RB	6	0	0	0	0	0	0	0	0	0	0	0	0	0	0		0
Harrison Butker	PK	6	0	0	0	0	0	0	0	0	0	0	0	0	0	0	37;30	2
Kendrick Bourne	WR	6	0	0	0	0	0	44	0	2	0	0	0	0	0	0		0
Matt Breida	RB	6	0	0	0	15	0	7	0	2	0	0	0	0	0	0		0
Cethan Carter	TE	6	0	0	0	0	0	0	0	0	0	0	0	0	0	0		0
C.J. Board	WR	6	0	0	0	0	0	8	0	1	0	0	0	0	0	0		0
Tim Patrick	WR	6	0	0	0	0	0	101	0	4	0	0	0	0	0	0		0
Patrick Ricard	RB	6	0	0	0	0	0	0	0	0	0	0	0	0	0	0		0
Pharaoh Brown	TE	6	0	0	0	0	0	28	0	2	0	0	0	0	0	0		0
Anthony Firkser	TE	6	0	0	0	0	0	113	1	8	0	0	0	0	0	0		0
Isaiah McKenzie	WR	6	0	0	0	0	0	4	0	1	0	0	0	0	0	0		0
Samaje Perine	RB	6	0	0	0	0	0	0	0	0	0	0	0	0	0	0		0
Deshaun Watson	QB	6	335	4	0	26	0	0	0	0	0	0	0	0	0	0		0
James Conner	RB	6	0	0	0	101	1	1	0	1	0	0	0	0	0	0		0
Brian Hill	RB	6	0	0	0	28	0	6	0	2	0	1	0	0	0	0		0
Jamal Agnew	WR	6	0	0	0	0	0	17	0	2	0	0	0	0	0	0		0
Noah Brown	WR	6	0	0	0	0	0	15	0	2	0	0	0	0	0	0		0
Ricky Seals-Jones	TE	6	0	0	0	0	0	0	0	0	0	0	0	0	0	0		0
Jason Croom	TE	6	0	0	0	0	0	3	1	1	0	0	0	0	0	0		0
Keelan Cole	WR	6	0	0	0	0	0	143	0	6	0	0	0	0	0	0		0
Younghoe Koo	PK	6	0	0	0	0	0	0	0	0	0	0	0	0	0	0	50;21;47;43	4
Corey Clement	RB	6	0	0	0	0	0	0	0	0	0	0	0	0	0	0		0
Greg Ward	WR	6	0	0	0	0	0	19	0	2	0	0	0	0	0	1		0
Robert Tonyan	TE	6	0	0	0	0	0	25	0	3	0	0	0	0	0	0		0
Jake Elliott	PK	6	0	0	0	0	0	0	0	0	0	0	0	0	0	0		0
JuJu Smith-Schuster	WR	6	0	0	0	0	0	6	0	2	0	0	0	0	0	0		0
Jonnu Smith	TE	6	0	0	0	0	0	13	0	1	0	0	0	0	0	0		0
Zane Gonzalez	PK	6	0	0	0	0	0	0	0	0	0	0	0	0	0	0	26	5
Patrick Mahomes	QB	6	225	2	0	36	0	0	0	0	0	0	0	0	0	0		0
Evan Engram	TE	6	0	0	0	0	0	30	0	2	0	0	0	0	0	0		0
David Njoku	TE	6	0	0	0	0	0	7	0	1	0	0	0	0	0	0		0
Gerald Everett	TE	6	0	0	0	0	0	27	0	3	0	0	0	0	0	0		0
Adam Shaheen	TE	6	0	0	0	0	0	51	1	3	0	0	0	0	0	0		0
Joe Mixon	RB	6	0	0	0	54	1	15	0	2	0	0	0	0	0	0		0
Cooper Kupp	WR	6	0	0	0	0	0	11	0	3	0	0	0	0	0	0		0
Chris Godwin Jr.	WR	6	0	0	0	0	0	48	0	5	0	0	0	0	0	0		0
Kareem Hunt	RB	6	0	0	0	40	0	17	0	2	0	0	0	0	0	0		0
Kenny Golladay	WR	6	0	0	0	0	0	105	0	4	0	0	0	0	0	0		0
Josh Reynolds	WR	6	0	0	0	0	0	45	1	2	0	0	0	0	0	0		0
Jamaal Williams	RB	6	0	0	0	34	0	0	0	0	0	0	0	0	0	0		0
Jeremy McNichols	RB	6	0	0	0	51	0	11	0	2	0	0	0	0	0	0		0
Dan Arnold	TE	6	0	0	0	0	0	0	0	0	0	0	0	0	0	0		0
Cam Sims	WR	6	0	0	0	0	0	22	1	1	0	0	0	0	0	0		0
Phillip Lindsay	RB	6	0	0	0	101	0	0	0	0	0	0	0	0	0	0		0
Christian Blake	WR	6	0	0	0	0	0	5	0	1	0	0	0	0	0	0		0
Trenton Cannon	RB	6	0	0	0	12	0	15	0	2	0	0	0	0	0	0		0
Tim Boyle	QB	6	0	0	0	0	0	0	0	0	0	0	0	0	0	0		0
Gus Edwards	RB	6	0	0	0	26	1	0	0	0	0	0	0	0	0	0		0
Nick Keizer	TE	6	0	0	0	0	0	2	0	1	0	0	0	0	0	0		0
Mike Boone	RB	6	0	0	0	-1	0	6	0	1	0	0	0	0	0	0		0
Dontrell Hilliard	RB	6	0	0	0	29	0	0	0	0	0	0	0	0	0	0		0
Marquez Valdes-Scantling	WR	6	0	0	0	0	0	32	0	3	0	0	0	0	0	0		0
Equanimeous St. Brown	WR	6	0	0	0	0	0	0	0	0	0	0	0	0	0	0		0
Richie James	WR	6	0	0	0	0	0	0	0	0	0	0	0	0	0	0		0
Byron Pringle	WR	6	0	0	0	0	0	46	0	2	0	0	0	0	0	0		0
Darrel Williams	RB	6	0	0	0	26	1	15	0	1	0	0	0	0	0	0		0
Chad Beebe	WR	6	0	0	0	0	0	13	0	2	0	0	0	0	0	0		0
Keith Kirkwood	WR	6	0	0	0	0	0	13	0	1	0	0	0	0	0	0		0
Kerryon Johnson	RB	6	0	0	0	9	0	11	0	1	0	0	0	0	0	0		0
Anthony Miller	WR	6	0	0	0	0	0	8	0	3	0	0	0	0	0	0		0
Ian Thomas	TE	6	0	0	0	0	0	9	0	1	0	0	0	0	0	0		0
Nyheim Hines	RB	6	0	0	0	0	0	27	0	5	0	0	0	0	0	0		0
DaeSean Hamilton	WR	6	0	0	0	0	0	0	0	0	0	0	0	0	0	0		0
Ito Smith	RB	6	0	0	0	8	0	17	0	1	0	0	0	0	0	0		0
Dalton Schultz	TE	6	0	0	0	0	0	35	0	4	0	0	0	0	0	0		0
Jordan Wilkins	RB	6	0	0	0	-1	0	0	0	0	0	0	0	0	0	0		0
Ray-Ray McCloud	WR	6	0	0	0	0	0	0	0	0	0	0	0	0	0	0		0
Russell Gage	WR	6	0	0	0	0	0	65	0	4	0	0	0	0	0	0		0
Boston Scott	RB	6	0	0	0	4	0	5	0	2	0	0	0	0	0	0		0
Cedrick Wilson Jr.	WR	6	0	0	0	0	0	10	0	2	0	0	0	0	0	0		0
Braxton Berrios	WR	6	0	0	0	0	0	18	0	1	0	0	0	0	0	0		0
Ryan Izzo	TE	6	0	0	0	0	0	38	0	3	0	0	1	0	0	0		0
Trent Sherfield	WR	6	0	0	0	0	0	0	0	0	0	0	0	0	0	0		0
Kyle Allen	QB	6	280	2	1	8	0	0	0	0	1	0	0	0	0	0		0
Vyncint Smith	WR	6	0	0	0	0	0	0	0	0	0	0	0	0	0	0		0
Brandon Powell	WR	6	0	0	0	0	0	0	0	0	0	0	0	0	0	0		0
Cameron Batson	WR	6	0	0	0	0	0	13	0	1	0	0	0	0	0	0		0
James Washington	WR	6	0	0	0	0	0	68	1	4	0	0	0	0	0	0		0
Chase Edmonds	RB	6	0	0	0	23	0	6	0	1	0	0	0	0	0	0		0
Mark Andrews	TE	6	0	0	0	0	0	21	0	2	0	0	0	0	0	0		0
Michael Gallup	WR	6	0	0	0	0	0	23	0	2	0	0	0	0	0	0		0
Mason Rudolph	QB	6	6	0	0	-3	0	0	0	0	0	0	0	0	0	0		0
Christian Kirk	WR	6	0	0	0	0	0	86	2	2	0	0	0	0	0	0		0
DJ Chark	WR	6	0	0	0	0	0	45	0	7	0	0	0	0	0	0		0
Jason Sanders	PK	6	0	0	0	0	0	0	0	0	0	0	0	0	0	0	24	3
Lamar Jackson	QB	6	186	1	0	108	1	0	0	0	0	0	0	0	0	0		0
Durham Smythe	TE	6	0	0	0	0	0	4	1	1	0	0	0	0	0	0		0
Ronald Jones	RB	6	0	0	0	113	2	8	0	2	0	0	0	0	0	0		0
DJ Moore	WR	6	0	0	0	0	0	93	0	5	0	0	0	0	0	0		0
Mike Gesicki	TE	6	0	0	0	0	0	0	0	0	0	0	0	0	0	0		0
Hayden Hurst	TE	6	0	0	0	0	0	57	1	4	0	0	0	0	0	0		0
Calvin Ridley	WR	6	0	0	0	8	0	61	1	6	0	0	0	0	0	0		0
Royce Freeman	RB	6	0	0	0	26	0	4	0	1	0	0	0	0	0	0		0
Baker Mayfield	QB	6	119	1	2	5	0	0	0	0	0	0	0	0	0	0		0
Josh Allen	QB	6	122	2	1	42	0	0	0	0	0	0	0	0	0	0		0
Irv Smith	TE	6	0	0	0	0	0	55	0	4	0	0	0	0	0	1		0
Alexander Mattison	RB	6	0	0	0	26	0	4	0	1	0	0	0	0	0	0		0
Justice Hill	RB	6	0	0	0	0	0	0	0	0	0	0	0	0	0	0		0
Kaden Smith	TE	6	0	0	0	0	0	15	0	3	0	0	0	0	0	0		0
Ashton Dulin	WR	6	0	0	0	0	0	0	0	0	0	0	0	0	0	0		0
Mecole Hardman	WR	6	0	0	0	0	0	0	0	0	0	0	0	0	0	0		0
Darwin Thompson	RB	6	0	0	0	17	0	0	0	0	0	0	0	0	0	0		0
Darrius Shepherd	WR	6	0	0	0	0	0	16	0	1	0	0	0	0	0	0		0
Joey Slye	PK	6	0	0	0	0	0	0	0	0	0	0	0	0	0	0	21;20;48	1
Olamide Zaccheaus	WR	6	0	0	0	0	0	0	0	0	0	0	0	0	0	0		0
Benny Snell	RB	6	0	0	0	17	1	4	0	1	0	0	0	0	0	0		0
Kyler Murray	QB	6	188	2	0	74	1	0	0	0	0	0	0	0	0	0		0
T.J. Hockenson	TE	6	0	0	0	0	0	17	1	2	0	0	0	0	0	0		0
Miles Sanders	RB	6	0	0	0	118	0	-6	0	1	0	0	0	0	0	0		0
J.J. Arcega-Whiteside	WR	6	0	0	0	0	0	0	0	0	0	0	0	0	0	1		0
Devin Singletary	RB	6	0	0	0	32	0	13	0	1	0	0	0	0	0	0		0
Tony Pollard	RB	6	0	0	0	31	0	9	0	2	0	0	0	0	0	0		0
Gardner Minshew	QB	6	243	1	1	14	1	0	0	1	1	0	0	0	0	0		0
Scott Miller	WR	6	0	0	0	0	0	6	0	1	0	0	0	0	0	0		0
Myles Gaskin	RB	6	0	0	0	91	0	35	0	4	0	0	0	0	0	0		0
Patrick Laird	RB	6	0	0	0	0	0	2	0	1	0	0	0	0	0	0		0
Preston Williams	WR	6	0	0	0	0	0	18	1	2	0	0	0	0	0	0		0
Malik Taylor	WR	6	0	0	0	0	0	0	0	0	0	0	0	0	0	0		0
Jeff Smith	WR	6	0	0	0	0	0	8	0	1	0	0	0	0	0	0		0
Andy Isabella	WR	6	0	0	0	0	0	0	0	0	0	0	0	0	0	0		0
Darius Slayton	WR	6	0	0	0	-3	0	41	1	2	0	0	0	0	0	0		0
Ty Johnson	RB	6	0	0	0	42	0	0	0	0	0	0	0	0	0	0		0
Travis Fulgham	WR	6	0	0	0	0	0	75	1	6	0	0	0	0	0	0		0
Nsimba Webster	WR	6	0	0	0	0	0	0	0	0	0	0	0	0	0	0		0
N'Keal Harry	TE	6	0	0	0	0	0	0	0	0	0	0	0	0	0	0		0
D'Ernest Johnson	RB	6	0	0	0	1	0	0	0	0	0	0	0	0	0	0		0
Drew Sample	TE	6	0	0	0	0	0	0	0	0	0	0	0	0	0	0		0
Gunner Olszewski	WR	6	0	0	0	0	0	0	0	0	0	0	0	0	0	0		0
Damien Harris	RB	6	0	0	0	19	0	14	0	1	0	0	0	0	0	0		0
Terry McLaurin	WR	6	0	0	0	0	0	74	0	7	0	0	0	0	0	0		0
Marquise Brown	WR	6	0	0	0	0	0	57	0	4	0	0	0	0	0	0		0
Darrell Henderson	RB	6	0	0	0	88	0	4	0	0	0	0	0	0	0	0		0
A.J. Brown	WR	6	0	0	0	0	0	58	2	5	0	0	0	0	0	0		0
David Montgomery	RB	6	0	0	0	58	0	39	0	4	0	0	0	0	0	0		0
Miles Boykin	WR	6	0	0	0	0	0	11	0	1	0	0	0	0	0	0		0
Drew Lock	QB	6	189	0	2	-1	0	0	0	0	0	0	0	0	0	0		0
Daniel Jones	QB	6	112	1	1	74	0	0	0	0	0	0	0	0	0	0		0
Deebo Samuel Sr.	WR	6	0	0	0	-6	0	66	1	6	0	0	0	0	0	0		0
JaMycal Hasty	RB	6	0	0	0	37	0	0	0	0	0	0	0	0	0	0		0
James Robinson	RB	6	0	0	0	29	0	24	1	4	0	0	0	0	0	0		0
De'Michael Harris	WR	6	0	0	0	0	0	29	0	3	0	0	0	0	0	0		0
Rodrigo Blankenship	PK	6	0	0	0	0	0	0	0	0	0	0	0	0	0	0	40	4
Austin Mack	WR	6	0	0	0	0	0	1	0	1	0	0	0	0	0	0		0
Isaiah Zuber	WR	6	0	0	0	0	0	16	0	1	0	0	0	0	0	0		0
James Proche	WR	6	0	0	0	0	0	0	0	0	0	0	0	0	0	0		0
Rico Dowdle	RB	6	0	0	0	13	0	0	0	0	0	0	0	0	0	0		0
Isaiah Wright	WR	6	0	0	0	1	0	25	0	4	0	0	0	0	0	0		0
J.K. Dobbins	RB	6	0	0	0	28	0	1	0	2	0	0	0	0	0	0		0
Tyler Bass	PK	6	0	0	0	0	0	0	0	0	0	0	0	0	0	0	48	2
Nick Westbrook-Ikhine	WR	6	0	0	0	0	0	0	0	0	0	0	0	0	0	1		0
Gabe Davis	WR	6	0	0	0	0	0	7	0	1	0	0	0	0	0	0		0
Artavis Pierce	RB	6	0	0	0	0	0	0	0	0	0	0	0	0	0	0		0
Tua Tagovailoa	QB	6	9	0	0	0	0	0	0	0	0	0	0	0	0	0		0
Jonathan Taylor	RB	6	0	0	0	60	0	55	0	4	0	0	0	0	0	0		0
Harrison Bryant	TE	6	0	0	0	0	0	11	0	1	0	0	0	0	0	0		0
Donovan Peoples-Jones	WR	6	0	0	0	0	0	0	0	0	0	0	0	0	0	0		0
Tyler Davis	TE	6	0	0	0	0	0	0	0	0	0	0	0	0	0	0		0
Zack Moss	RB	6	0	0	0	10	0	0	0	0	0	0	0	0	0	0		0
Brandon Aiyuk	WR	6	0	0	0	0	0	12	1	2	0	0	0	0	0	0		0
AJ Dillon	RB	6	0	0	0	31	0	0	0	0	0	0	0	0	0	0		0
Laviska Shenault Jr.	WR	6	0	0	0	1	0	10	0	3	0	0	0	0	0	0		0
La'Mical Perine	RB	6	0	0	0	27	0	9	0	2	0	0	0	0	0	0		0
D'Andre Swift	RB	6	0	0	0	116	2	7	0	3	0	0	0	0	0	0		0
Cole Kmet	TE	6	0	0	0	0	0	20	1	2	0	0	0	0	0	0		0
Darnell Mooney	WR	6	0	0	0	0	0	36	0	3	0	0	0	0	0	0		0
Justin Jefferson	WR	6	0	0	0	0	0	166	2	9	0	0	0	0	0	1		0
Chase Claypool	WR	6	0	0	0	7	1	74	0	4	0	0	0	0	0	0		0
Antonio Gibson	RB	6	0	0	0	30	0	25	0	4	0	0	0	0	0	0		0
Devin Duvernay	WR	6	0	0	0	0	0	31	0	3	0	0	0	0	0	0		0
Anthony McFarland	RB	6	0	0	0	2	0	6	0	1	0	0	0	0	0	0		0
Antonio Gandy-Golden	WR	6	0	0	0	0	0	0	0	0	0	0	0	0	0	0		0
CeeDee Lamb	WR	6	0	0	0	0	0	64	0	7	0	0	0	0	0	0		0
Clyde Edwards-Helaire	RB	6	0	0	0	161	0	8	0	4	0	0	0	0	0	0		0
Jalen Hurts	QB	6	0	0	0	23	0	3	0	1	0	0	0	0	0	0		0
John Hightower	WR	6	0	0	0	0	0	50	0	1	0	0	0	0	0	0		0
Jerry Jeudy	WR	6	0	0	0	0	0	32	0	2	0	0	0	0	0	0		0
Tee Higgins	WR	6	0	0	0	2	0	125	0	6	0	0	0	0	0	0		0
Van Jefferson	WR	6	0	0	0	0	0	8	0	1	0	0	0	0	0	0		0
Albert Okwuegbunam	TE	6	0	0	0	0	0	45	0	2	0	0	0	0	0	0		0
Tyler Johnson	WR	6	0	0	0	0	0	7	1	1	0	0	0	0	0	0		0
Sam Sloman	PK	6	0	0	0	0	0	0	0	0	0	0	0	0	0	0	42	1
Tyrie Cleveland	WR	6	0	0	0	0	0	0	0	0	0	0	0	0	0	0		0
Joe Burrow	QB	6	313	0	1	2	1	0	0	0	0	0	0	0	0	0		0
Ke'Shawn Vaughn	RB	6	0	0	0	42	0	0	0	0	0	0	0	0	0	0		0
Tom Brady	QB	7	369	4	0	1	1	0	0	0	0	0	0	0	0	0		0
Drew Brees	QB	7	287	2	0	2	1	0	0	0	1	0	0	0	0	0		0
Jason Witten	TE	7	0	0	0	0	0	6	0	1	0	0	0	0	0	0		0
Larry Fitzgerald	WR	7	0	0	0	0	0	62	0	8	0	0	0	0	0	0		0
Ben Roethlisberger	QB	7	268	2	3	-1	0	0	0	0	0	0	0	0	0	0		0
Robbie Gould	PK	7	0	0	0	0	0	0	0	0	0	0	0	0	0	0	41;32	3
Aaron Rodgers	QB	7	283	4	0	0	0	0	0	0	0	0	0	0	0	0		0
Frank Gore	RB	7	0	0	0	60	0	0	0	0	0	0	0	0	0	0		0
Matt Prater	PK	7	0	0	0	0	0	0	0	0	0	0	0	0	0	0	50;51;49	2
Marcedes Lewis	TE	7	0	0	0	0	0	9	0	1	0	0	0	0	0	0		0
Stephen Gostkowski	PK	7	0	0	0	0	0	0	0	0	0	0	0	0	0	0	51	3
Adrian Peterson	RB	7	0	0	0	29	0	1	0	1	0	0	0	0	0	0		0
Greg Olsen	TE	7	0	0	0	0	0	18	0	2	0	0	0	0	0	0		0
Nick Folk	PK	7	0	0	0	0	0	0	0	0	0	0	0	0	0	0	40;41	0
Mason Crosby	PK	7	0	0	0	0	0	0	0	0	0	0	0	0	0	0		5
Danny Amendola	WR	7	0	0	0	0	0	62	0	3	0	0	0	0	0	0		0
Matt Ryan	QB	7	338	1	0	0	0	0	0	0	1	0	0	1	0	0		0
DeSean Jackson	WR	7	0	0	0	12	0	34	0	3	0	0	0	0	0	0		0
Chad Henne	QB	7	13	0	0	-2	1	0	0	0	0	0	0	0	0	0		0
Matthew Stafford	QB	7	340	1	0	8	0	0	0	0	0	0	0	0	0	0		0
Graham Gano	PK	7	0	0	0	0	0	0	0	0	0	0	0	0	0	0		3
Ryan Succop	PK	7	0	0	0	0	0	0	0	0	0	0	0	0	0	0	29	6
Jared Cook	TE	7	0	0	0	0	0	32	1	3	0	0	0	0	0	0		0
Julian Edelman	WR	7	0	0	0	0	0	13	0	1	0	0	0	0	0	0		0
Rob Gronkowski	TE	7	0	0	0	0	0	62	1	5	0	0	0	0	0	0		0
Andre Roberts	WR	7	0	0	0	0	0	0	0	0	0	0	0	0	0	0		0
Jimmy Graham	TE	7	0	0	0	0	0	31	0	5	0	0	0	0	0	0		0
Golden Tate	WR	7	0	0	0	0	0	39	1	1	0	0	0	0	0	0		0
Cam Newton	QB	7	98	0	3	19	0	0	0	0	0	0	0	0	0	0		0
A.J. Green	WR	7	0	0	0	0	0	82	0	7	0	0	0	0	0	0		0
Julio Jones	WR	7	0	0	0	0	0	97	0	8	0	0	0	0	0	0		0
Andy Dalton	QB	7	75	0	1	16	0	0	0	0	0	0	0	0	0	0		0
Randall Cobb	WR	7	0	0	0	0	0	95	0	8	0	0	0	0	0	0		0
Luke Stocker	TE	7	0	0	0	0	0	0	0	0	0	0	0	0	0	0		0
Taiwan Jones	RB	7	0	0	0	0	0	0	0	0	0	0	0	0	0	0		0
Dion Lewis	RB	7	0	0	0	23	0	0	0	0	0	1	0	0	0	0		0
Virgil Green	TE	7	0	0	0	0	0	26	1	1	0	0	0	0	0	0		0
Cole Beasley	WR	7	0	0	0	0	0	112	0	11	0	0	0	0	0	0		0
Derek Carrier	TE	7	0	0	0	0	0	0	0	0	0	0	0	0	0	0		0
Russell Wilson	QB	7	388	3	3	84	0	0	0	0	0	0	0	0	0	0		0
Marvin Jones	WR	7	0	0	0	0	0	80	0	5	0	0	0	0	0	0		0
Randy Bullock	PK	7	0	0	0	0	0	0	0	0	0	0	0	0	0	0	37;23	4
Nick Foles	QB	7	261	0	2	0	0	0	0	0	0	0	0	0	0	0		0
Greg Zuerlein	PK	7	0	0	0	0	0	0	0	0	0	0	0	0	0	0	45	0
Ryan Tannehill	QB	7	220	2	0	5	0	0	0	0	0	0	0	0	0	0		0
Brandon McManus	PK	7	0	0	0	0	0	0	0	0	0	0	0	0	0	0	43	1
Kenny Stills	WR	7	0	0	0	0	0	34	0	2	0	0	0	0	0	0		0
Dustin Hopkins	PK	7	0	0	0	0	0	0	0	0	0	0	0	0	0	0	30	2
Demetrius Harris	TE	7	0	0	0	0	0	15	0	2	0	0	0	0	0	0		0
Josh Hill	TE	7	0	0	0	0	0	0	0	1	0	0	0	0	0	0		0
Keenan Allen	WR	7	0	0	0	0	0	125	0	10	0	0	0	0	0	0		0
Rex Burkhead	RB	7	0	0	0	12	0	35	0	3	0	0	0	0	0	0		0
Robert Woods	WR	7	0	0	0	23	0	22	0	3	0	1	0	0	0	0		0
Giovani Bernard	RB	7	0	0	0	37	0	59	1	5	0	0	0	0	0	0		0
Vance McDonald	TE	7	0	0	0	0	0	14	0	2	0	0	0	0	0	0		0
Le'Veon Bell	RB	7	0	0	0	39	0	0	0	0	0	0	0	0	0	0		0
Travis Kelce	TE	7	0	0	0	0	0	31	0	3	0	0	0	0	0	0		0
Latavius Murray	RB	7	0	0	0	47	0	9	0	1	0	0	0	0	0	0		0
DeAndre Hopkins	WR	7	0	0	0	0	0	103	1	10	0	0	1	0	0	0		0
Cordarrelle Patterson	RB	7	0	0	0	1	0	11	0	3	0	0	0	0	0	0		0
Cody Parkey	PK	7	0	0	0	0	0	0	0	0	0	0	0	0	0	0	43	4
Carlos Hyde	RB	7	0	0	0	68	1	8	0	3	0	0	0	0	0	0		0
James White	RB	7	0	0	0	0	0	3	0	1	0	0	0	0	0	0		0
Chris Boswell	PK	7	0	0	0	0	0	0	0	0	0	0	0	0	0	0	38;30	3
Cairo Santos	PK	7	0	0	0	0	0	0	0	0	0	0	0	0	0	0	42	1
Odell Beckham Jr.	WR	7	0	0	0	0	0	0	0	0	0	0	0	0	0	0		0
Brandin Cooks	WR	7	0	0	0	0	0	60	0	7	0	0	0	0	0	0		0
Teddy Bridgewater	QB	7	254	2	0	10	0	0	0	0	0	0	0	0	0	0		0
Logan Thomas	TE	7	0	0	0	0	0	60	1	4	0	0	0	0	0	0		0
Cameron Brate	TE	7	0	0	0	0	0	8	0	1	0	0	0	0	0	0		0
Derek Carr	QB	7	284	2	1	19	0	0	0	0	0	0	0	0	0	0		0
Devonta Freeman	RB	7	0	0	0	8	0	0	0	0	0	0	0	0	0	0		0
Jimmy Garoppolo	QB	7	277	0	2	4	0	0	0	0	0	0	0	0	0	0		0
Jerick McKinnon	RB	7	0	0	0	-1	0	0	0	0	0	0	0	0	0	0		0
Davante Adams	WR	7	0	0	0	0	0	196	2	13	0	0	0	0	0	0		0
Jarvis Landry	WR	7	19	0	0	4	0	48	0	5	0	0	0	0	0	0		0
Richard Rodgers	TE	7	0	0	0	0	0	85	0	6	0	0	0	0	0	0		0
Sergio Castillo	PK	7	0	0	0	0	0	0	0	0	0	0	0	0	0	0	29	1
Eric Ebron	TE	7	0	0	0	0	0	50	0	6	0	0	0	0	0	0		0
Mike Evans	WR	7	0	0	0	0	0	37	0	2	0	0	0	0	0	0		0
Allen Robinson	WR	7	0	0	0	0	0	70	0	4	0	0	0	0	0	0		0
Jason Myers	PK	7	0	0	0	0	0	0	0	0	0	0	0	0	0	0	41;44	4
Amari Cooper	WR	7	0	0	0	5	0	80	0	7	0	0	0	0	0	0		0
Nelson Agholor	WR	7	0	0	0	0	0	107	1	5	0	0	0	0	0	0		0
Stefon Diggs	WR	7	0	0	0	0	0	48	0	6	0	0	0	0	0	0		0
Darren Waller	TE	7	0	0	0	0	0	50	1	6	0	0	0	0	0	0		0
DeAndre Carter	WR	7	0	0	0	0	0	0	0	0	0	0	0	0	0	0		0
Malcolm Brown	RB	7	0	0	0	57	1	0	0	0	0	0	0	0	0	0		0
Damiere Byrd	WR	7	0	0	0	0	0	16	0	1	0	0	0	0	0	0		0
James O'Shaughnessy	TE	7	0	0	0	0	0	32	0	3	0	0	0	0	0	0		0
Adam Humphries	WR	7	0	0	0	0	0	19	0	1	0	0	0	0	0	0		0
Breshad Perriman	WR	7	0	0	0	0	0	27	0	2	0	0	0	0	0	0		0
Mike Davis	RB	7	0	0	0	12	0	24	0	5	0	0	0	0	0	0		0
Josh Lambo	PK	7	0	0	0	0	0	0	0	0	0	0	0	0	0	0		1
Chris Conley	WR	7	0	0	0	0	0	28	1	1	0	0	0	0	0	0		0
Jesse James	TE	7	0	0	0	0	0	0	0	0	0	0	0	0	0	0		0
Geoff Swaim	TE	7	0	0	0	0	0	0	0	0	0	0	0	0	0	0		0
Melvin Gordon	RB	7	0	0	0	68	1	12	0	2	0	1	1	0	0	0		0
David Johnson	RB	7	0	0	0	42	0	42	1	4	0	0	1	0	0	0		0
Tyler Lockett	WR	7	0	0	0	0	0	200	3	15	0	0	0	0	0	0		0
Tyler Kroft	TE	7	0	0	0	0	0	64	0	4	0	0	0	0	0	0		0
Todd Gurley	RB	7	0	0	0	63	2	19	0	2	0	0	0	0	0	0		0
Duke Johnson	RB	7	0	0	0	-1	0	43	0	5	0	0	0	0	0	0		0
Sterling Shepard	WR	7	0	0	0	0	0	59	1	6	0	0	0	0	0	0		0
Nick Vannett	TE	7	0	0	0	0	0	25	0	2	0	0	0	0	0	0		0
Kalif Raymond	WR	7	0	0	0	0	0	0	0	0	0	0	0	0	0	0		0
Alex Erickson	WR	7	0	0	0	0	0	0	0	0	0	0	0	0	0	0		0
Wil Lutz	PK	7	0	0	0	0	0	0	0	0	0	0	0	0	0	0	41;43	3
J.D. McKissic	RB	7	0	0	0	35	0	16	0	2	0	0	0	0	0	0		0
Robbie Chosen	WR	7	0	0	0	0	0	74	0	6	0	0	0	0	0	0		0
Stephen Anderson	TE	7	0	0	0	0	0	0	0	0	0	0	0	0	0	0		0
Ka'imi Fairbairn	PK	7	0	0	0	0	0	0	0	0	0	0	0	0	0	0	38;29	2
Peyton Barber	RB	7	0	0	0	34	0	0	0	0	0	0	0	0	0	0		0
Derrick Henry	RB	7	0	0	0	75	1	-3	0	2	0	0	0	0	0	0		0
Demarcus Robinson	WR	7	0	0	0	0	0	4	0	1	0	0	0	0	0	0		0
DeAndre Washington	RB	7	0	0	0	5	0	2	0	1	0	0	0	0	0	0		0
Carson Wentz	QB	7	359	2	1	14	1	0	0	0	0	0	0	0	0	0		0
Devontae Booker	RB	7	0	0	0	5	0	9	0	2	0	0	0	0	0	0		0
Rashard Higgins	WR	7	0	0	0	0	0	110	0	6	0	0	0	0	0	0		0
J.P. Holtz	TE	7	0	0	0	0	0	0	0	0	0	0	0	0	0	0		0
Jaydon Mickens	WR	7	0	0	0	0	0	0	0	0	0	0	0	0	0	0		0
Tyler Boyd	WR	7	16	0	0	0	0	101	1	11	0	0	0	0	0	0		0
Jalen Richard	RB	7	0	0	0	24	0	0	0	0	0	0	0	0	0	0		0
Tyreek Hill	WR	7	0	0	0	0	0	55	1	6	0	0	0	0	0	0		0
Ezekiel Elliott	RB	7	0	0	0	45	0	6	0	1	0	0	0	0	0	0		0
Hunter Henry	TE	7	0	0	0	0	0	23	0	3	0	0	0	0	0	0		0
Marvin Hall	WR	7	0	0	0	0	0	0	0	0	0	0	0	0	0	0		0
Jared Goff	QB	7	220	2	0	1	0	0	0	0	0	0	0	0	0	0		0
Pharoh Cooper	WR	7	0	0	0	0	0	0	0	0	0	0	0	0	0	0		0
Temarrick Hemingway	TE	7	0	0	0	0	0	0	0	0	0	0	0	0	0	0		0
Mike Thomas	WR	7	0	0	0	0	0	54	0	2	0	0	0	0	0	0		0
Kenyan Drake	RB	7	0	0	0	34	0	7	0	1	0	0	0	0	0	0		0
Will Fuller	WR	7	0	0	0	0	0	35	1	3	0	0	0	0	0	0		0
Troymaine Pope	RB	7	0	0	0	6	0	0	0	0	0	0	0	0	0	0		0
Johnny Mundt	TE	7	0	0	0	0	0	48	0	3	0	0	0	0	0	0		0
Darrell Daniels	TE	7	0	0	0	0	0	0	0	0	0	0	0	0	0	0		0
Curtis Samuel	WR	7	0	0	0	5	1	48	0	6	0	0	0	0	0	0		0
George Kittle	TE	7	0	0	0	0	0	55	0	5	0	0	0	0	0	0		0
Trent Taylor	WR	7	0	0	0	0	0	0	0	0	0	0	0	0	0	0		0
Alex Armah	RB	7	0	0	0	1	0	0	0	0	0	0	0	0	0	0		0
Harrison Butker	PK	7	0	0	0	0	0	0	0	0	0	0	0	0	0	0	40;31;26	4
Kendrick Bourne	WR	7	0	0	0	0	0	0	0	0	0	0	0	0	0	0		0
Taysom Hill	TE	7	0	0	0	6	0	0	0	0	0	0	0	0	0	0		0
Tim Patrick	WR	7	0	0	0	0	0	44	0	3	0	0	0	0	0	0		0
Austin Carr	WR	7	0	0	0	0	0	6	0	1	0	0	0	0	0	0		0
Jacob Hollister	TE	7	0	0	0	0	0	22	0	3	0	0	0	0	0	0		0
Anthony Firkser	TE	7	0	0	0	0	0	7	0	2	0	0	0	0	0	0		0
Isaiah McKenzie	WR	7	0	0	0	-11	0	14	0	2	0	0	0	0	0	0		0
Marcus Kemp	WR	7	0	0	0	0	0	11	0	1	0	0	0	0	0	0		0
Samaje Perine	RB	7	0	0	0	3	0	3	0	1	0	0	0	0	0	0		0
Jeremy Sprinkle	TE	7	0	0	0	0	0	6	0	1	0	0	0	0	0	0		0
Mike Williams	WR	7	0	0	0	0	0	4	0	1	0	0	0	0	0	0		0
Deshaun Watson	QB	7	309	2	0	38	0	0	0	0	0	0	0	0	0	0		0
James Conner	RB	7	0	0	0	82	0	29	0	3	0	0	0	0	0	0		0
Brian Hill	RB	7	0	0	0	3	0	27	0	3	0	0	0	0	0	0		0
Jamal Agnew	WR	7	0	0	0	0	0	0	0	0	0	0	0	0	0	0		0
David Moore	WR	7	0	0	0	4	0	54	0	3	0	0	0	0	0	0		0
Noah Brown	WR	7	0	0	0	0	0	0	0	0	0	0	0	0	0	0		0
Chris Carson	RB	7	0	0	0	34	0	7	0	1	0	0	0	0	0	0		0
Keelan Cole	WR	7	0	0	0	0	0	12	0	1	0	0	0	0	0	0		0
Younghoe Koo	PK	7	0	0	0	0	0	0	0	0	0	0	0	0	0	0		2
Corey Clement	RB	7	0	0	0	9	0	12	0	1	0	0	0	0	0	0		0
Greg Ward	WR	7	0	0	0	0	0	42	1	5	0	0	0	0	0	0		0
Robert Tonyan	TE	7	0	0	0	0	0	32	0	2	0	0	0	0	0	0		0
Jake Elliott	PK	7	0	0	0	0	0	0	0	0	0	0	0	0	0	0	31	1
Dede Westbrook	WR	7	0	0	0	0	0	0	0	0	0	0	0	0	0	0		0
Dare Ogunbowale	RB	7	0	0	0	0	0	0	0	0	0	0	0	0	0	0		0
Leonard Fournette	RB	7	0	0	0	50	0	47	0	6	0	0	0	0	0	0		0
JuJu Smith-Schuster	WR	7	0	0	0	0	0	85	0	9	0	0	0	0	0	0		0
Jonnu Smith	TE	7	0	0	0	0	0	9	0	1	0	0	0	0	0	0		0
Zane Gonzalez	PK	7	0	0	0	0	0	0	0	0	0	0	0	0	0	0	49;44;48	4
Corey Davis	WR	7	0	0	0	0	0	35	1	6	0	0	0	0	0	0		0
Patrick Mahomes	QB	7	200	1	0	0	0	0	0	0	0	0	0	0	0	0		0
Evan Engram	TE	7	0	0	0	3	0	46	0	6	0	0	0	0	0	0		0
David Njoku	TE	7	0	0	0	0	0	20	1	2	0	0	0	0	0	0		0
Gerald Everett	TE	7	0	0	0	0	0	28	1	4	0	0	0	0	0	0		0
Alvin Kamara	RB	7	0	0	0	83	0	65	0	8	0	0	0	0	0	0		0
Cooper Kupp	WR	7	0	0	0	16	0	43	0	6	0	0	0	0	0	0		0
Chris Godwin Jr.	WR	7	0	0	0	0	0	88	1	9	0	0	0	0	0	0		0
Kareem Hunt	RB	7	0	0	0	76	0	26	1	3	0	0	0	0	0	0		0
Kenny Golladay	WR	7	0	0	0	0	0	114	0	6	0	0	0	0	0	0		0
Josh Reynolds	WR	7	0	0	0	0	0	52	1	4	0	0	0	0	0	0		0
Jamaal Williams	RB	7	0	0	0	77	1	37	0	4	0	0	0	0	0	0		0
Wayne Gallman	RB	7	0	0	0	34	1	20	0	5	0	0	0	0	0	0		0
Jeremy McNichols	RB	7	0	0	0	2	0	0	0	0	0	0	0	0	0	0		0
Dan Arnold	TE	7	0	0	0	0	0	57	0	2	0	0	0	0	0	0		0
Brandon Zylstra	WR	7	0	0	0	0	0	4	0	1	0	0	0	0	0	0		0
Mike Badgley	PK	7	0	0	0	0	0	0	0	0	0	0	0	0	0	0	35;35	3
Cam Sims	WR	7	0	0	0	0	0	22	0	1	0	0	0	0	0	0		0
Phillip Lindsay	RB	7	0	0	0	79	0	0	0	0	0	0	0	0	0	0		0
Jeff Wilson	RB	7	0	0	0	112	3	8	0	2	0	0	0	0	0	0		0
Will Dissly	TE	7	0	0	0	0	0	38	0	2	0	0	0	0	0	0		0
Daniel Carlson	PK	7	0	0	0	0	0	0	0	0	0	0	0	0	0	0	42;36	2
Trenton Cannon	RB	7	0	0	0	7	0	0	0	0	0	0	0	0	0	0		0
Tim Boyle	QB	7	0	0	0	-1	0	0	0	0	0	0	0	0	0	0		0
Nick Keizer	TE	7	0	0	0	0	0	36	0	2	0	0	1	0	0	0		0
Dontrell Hilliard	RB	7	0	0	0	0	0	0	0	0	0	0	0	0	0	0		0
Marquez Valdes-Scantling	WR	7	0	0	0	9	0	0	0	0	0	0	0	0	0	0		0
Richie James	WR	7	0	0	0	0	0	0	0	0	0	0	0	0	0	0		0
Byron Pringle	WR	7	0	0	0	0	0	0	0	0	0	0	0	0	0	0		0
Jaylen Samuels	RB	7	0	0	0	5	0	0	0	0	0	0	0	0	0	0		0
Anthony Miller	WR	7	0	0	0	0	0	20	0	3	0	0	0	0	0	0		0
Ian Thomas	TE	7	0	0	0	0	0	11	0	1	0	0	0	0	0	0		0
DaeSean Hamilton	WR	7	0	0	0	0	0	26	0	2	0	0	0	0	0	0		0
Ito Smith	RB	7	0	0	0	0	0	0	0	0	0	0	0	0	0	0		0
Dalton Schultz	TE	7	0	0	0	0	0	22	0	2	0	0	0	0	0	0		0
Ray-Ray McCloud	WR	7	0	0	0	0	0	12	0	2	0	0	0	0	0	0		0
Russell Gage	WR	7	0	0	0	0	0	54	0	6	0	0	0	0	0	0		0
Boston Scott	RB	7	0	0	0	46	0	46	1	3	0	0	0	0	0	0		0
Braxton Berrios	WR	7	0	0	0	0	0	35	0	4	0	0	0	0	0	0		0
Javon Wims	WR	7	0	0	0	0	0	8	0	1	0	0	0	0	0	0		0
Ryan Izzo	TE	7	0	0	0	0	0	8	0	1	0	0	0	0	0	0		0
Justin Jackson	RB	7	0	0	0	12	0	43	0	5	0	0	0	0	0	0		0
Buddy Howell	RB	7	0	0	0	0	0	0	0	0	0	0	0	0	0	0		0
Kyle Allen	QB	7	194	2	0	11	0	0	0	0	0	0	0	0	0	0		0
Tanner Hudson	TE	7	0	0	0	0	0	12	0	1	0	0	0	0	0	0		0
Vyncint Smith	WR	7	0	0	0	0	0	0	0	0	0	0	0	0	0	0		0
Brandon Powell	WR	7	0	0	0	0	0	4	0	1	0	0	0	0	0	0		0
Rico Gafford	WR	7	0	0	0	0	0	0	0	0	0	0	0	0	0	0		0
James Washington	WR	7	0	0	0	0	0	0	0	0	0	0	0	0	0	0		0
Chase Edmonds	RB	7	0	0	0	58	0	87	0	7	0	0	0	0	0	0		0
Auden Tate	WR	7	0	0	0	0	0	0	0	0	0	0	0	0	0	0		0
Michael Gallup	WR	7	0	0	0	0	0	0	0	0	0	0	0	0	0	0		0
Tre'Quan Smith	WR	7	0	0	0	0	0	54	0	4	0	0	0	0	0	0		0
Christian Kirk	WR	7	0	0	0	0	0	37	2	5	0	0	0	0	0	0		0
DJ Chark	WR	7	0	0	0	0	0	26	0	1	0	0	0	0	0	0		0
Jaeden Graham	TE	7	0	0	0	0	0	0	0	0	0	0	0	0	0	0		0
Ronald Jones	RB	7	0	0	0	34	1	2	0	1	0	0	0	0	0	0		0
DJ Moore	WR	7	0	0	0	0	0	93	2	4	0	0	0	0	0	0		0
Hayden Hurst	TE	7	0	0	0	0	0	68	0	6	0	0	0	0	0	0		0
Calvin Ridley	WR	7	0	0	0	0	0	69	1	5	0	0	0	0	0	1		0
Royce Freeman	RB	7	0	0	0	12	0	5	0	1	0	0	0	0	0	0		0
Baker Mayfield	QB	7	297	5	1	-1	0	0	0	0	0	0	0	0	0	0		0
Josh Allen	QB	7	307	0	0	61	0	0	0	0	1	0	0	0	0	0		0
Sam Darnold	QB	7	120	0	2	0	0	0	0	0	0	0	0	0	0	0		0
Jakobi Meyers	WR	7	0	0	0	2	0	60	0	4	0	0	0	0	0	0		0
Hunter Renfrow	WR	7	0	0	0	0	0	42	0	4	0	0	0	0	0	0		0
Kaden Smith	TE	7	0	0	0	0	0	0	0	0	0	0	0	0	0	0		0
Stephen Carlson	TE	7	0	0	0	0	0	0	0	0	0	0	0	0	0	0		0
Mecole Hardman	WR	7	0	0	0	13	0	57	0	2	0	0	0	0	0	0		0
Darrius Shepherd	WR	7	0	0	0	0	0	0	0	0	0	0	0	0	0	0		0
Devine Ozigbo	RB	7	0	0	0	0	0	0	0	0	0	0	0	0	0	0		0
Joey Slye	PK	7	0	0	0	0	0	0	0	0	0	0	0	0	0	0	43	3
Olamide Zaccheaus	WR	7	0	0	0	0	0	0	0	0	0	0	0	0	0	0		0
Deonte Harty	WR	7	0	0	0	0	0	46	1	4	0	0	0	0	0	0		0
Diontae Johnson	WR	7	0	0	0	0	0	80	2	9	0	0	0	0	0	0		0
Benny Snell	RB	7	0	0	0	2	1	0	0	0	0	0	0	0	0	0		0
Kyler Murray	QB	7	360	3	1	67	1	0	0	0	0	0	0	0	0	0		0
T.J. Hockenson	TE	7	0	0	0	0	0	59	1	5	0	0	0	0	0	0		0
J.J. Arcega-Whiteside	WR	7	0	0	0	0	0	8	0	1	0	0	0	0	0	0		0
Devin Singletary	RB	7	0	0	0	29	0	18	0	2	0	0	0	0	0	0		0
Trevon Wesco	TE	7	0	0	0	0	0	0	0	0	0	0	0	0	0	0		0
Tony Pollard	RB	7	0	0	0	16	0	6	0	1	0	0	0	0	0	0		0
Jarrett Stidham	QB	7	64	0	1	3	0	0	0	0	0	0	0	0	0	0		0
Easton Stick	QB	7	4	0	0	-2	0	0	0	0	0	0	0	0	0	0		0
Gardner Minshew	QB	7	173	2	0	21	0	0	0	0	0	0	0	1	0	0		0
Scott Miller	WR	7	0	0	0	0	0	109	1	6	0	0	0	0	0	0		0
Cullen Gillaspia	RB	7	0	0	0	0	0	0	0	0	0	0	0	0	0	0		0
Donald Parham	TE	7	0	0	0	0	0	22	1	1	0	0	0	0	0	0		0
Jalen Guyton	WR	7	0	0	0	0	0	84	1	2	0	0	0	0	0	0		0
Tyron Johnson	WR	7	0	0	0	10	0	0	0	0	0	0	0	0	0	0		0
Malik Taylor	WR	7	0	0	0	0	0	6	1	2	0	0	0	0	0	0		0
Jeff Smith	WR	7	0	0	0	0	0	0	0	0	0	0	0	0	0	0		0
Andy Isabella	WR	7	0	0	0	0	0	7	0	1	0	0	0	0	0	0		0
Hakeem Butler	WR	7	0	0	0	0	0	0	0	0	0	0	0	0	0	0		0
Darius Slayton	WR	7	0	0	0	0	0	23	0	2	0	0	0	0	0	0		0
Ty Johnson	RB	7	0	0	0	0	0	0	0	0	0	0	0	0	0	0		0
Isaac Nauta	TE	7	0	0	0	0	0	3	0	1	0	0	0	0	0	0		0
Travis Fulgham	WR	7	0	0	0	0	0	73	0	5	0	0	0	0	0	0		0
Travis Homer	RB	7	0	0	0	10	0	0	0	0	0	0	0	0	0	0		0
Nsimba Webster	WR	7	0	0	0	0	0	0	0	0	0	0	0	0	0	0		0
N'Keal Harry	TE	7	0	0	0	0	0	6	0	1	0	0	0	0	0	0		0
D'Ernest Johnson	RB	7	0	0	0	3	0	0	0	0	0	0	0	0	0	0		0
Drew Sample	TE	7	0	0	0	0	0	52	0	5	0	0	0	0	0	0		0
DK Metcalf	WR	7	0	0	0	0	0	23	0	2	0	0	0	0	0	0		0
Noah Fant	TE	7	0	0	0	0	0	38	0	3	0	0	0	0	0	0		0
Gunner Olszewski	WR	7	0	0	0	0	0	0	0	0	0	0	0	0	0	0		0
Damien Harris	RB	7	0	0	0	58	0	12	0	1	0	0	0	0	0	0		0
Terry McLaurin	WR	7	0	0	0	0	0	90	1	7	0	0	0	0	0	0		0
Darrell Henderson	RB	7	0	0	0	63	0	13	0	2	0	0	0	0	0	0		0
Jace Sternberger	TE	7	0	0	0	0	0	3	1	1	0	0	0	0	0	0		0
A.J. Brown	WR	7	0	0	0	0	0	153	1	6	0	0	0	0	0	0		0
David Montgomery	RB	7	0	0	0	48	0	21	0	5	0	0	0	0	0	0		0
Josh Jacobs	RB	7	0	0	0	17	0	14	0	3	0	0	0	0	0	0		0
Drew Lock	QB	7	254	0	2	8	1	0	0	0	0	0	0	0	0	0		0
Daniel Jones	QB	7	187	2	1	92	0	0	0	0	1	0	0	0	0	0		0
Deebo Samuel Sr.	WR	7	0	0	0	7	0	65	0	5	0	0	0	0	0	0		0
Jakob Johnson	RB	7	0	0	0	0	0	1	0	1	0	0	0	0	0	0		0
JaMycal Hasty	RB	7	0	0	0	57	0	16	0	1	0	0	0	0	0	0		0
Ben Ellefson	TE	7	0	0	0	0	0	0	0	0	0	0	0	0	0	1		0
James Robinson	RB	7	0	0	0	119	1	18	1	4	0	0	0	0	1	0		0
Tyler Bass	PK	7	0	0	0	0	0	0	0	0	0	0	0	0	0	0	53;48;46;37;29;40	0
Reggie Gilliam	RB	7	0	0	0	0	0	15	0	1	0	0	0	0	0	0		0
Gabe Davis	WR	7	0	0	0	0	0	11	0	1	0	0	0	0	0	0		0
Marquez Callaway	WR	7	0	0	0	0	0	75	0	8	0	0	0	0	0	0		0
Dalton Keene	TE	7	0	0	0	0	0	8	0	1	0	0	0	0	0	0		0
Harrison Bryant	TE	7	0	0	0	0	0	56	2	4	0	0	0	0	0	0		0
Donovan Peoples-Jones	WR	7	0	0	0	0	0	56	1	3	0	0	0	0	0	0		0
Freddie Swain	WR	7	0	0	0	0	0	0	0	0	0	0	0	0	0	0		0
Zack Moss	RB	7	0	0	0	47	0	25	0	3	0	0	0	0	0	0		0
Collin Johnson	WR	7	0	0	0	0	0	13	0	1	0	0	0	0	0	0		0
Denzel Mims	WR	7	0	0	0	0	0	42	0	4	0	0	0	0	0	0		0
Brandon Aiyuk	WR	7	0	0	0	0	0	115	0	6	0	0	0	0	0	0		0
AJ Dillon	RB	7	0	0	0	11	0	0	0	0	0	0	0	0	0	0		0
Laviska Shenault Jr.	WR	7	0	0	0	0	0	44	0	3	0	0	0	0	0	0		0
La'Mical Perine	RB	7	0	0	0	40	1	16	0	2	0	0	0	0	0	0		0
D'Andre Swift	RB	7	0	0	0	27	1	21	0	4	0	0	0	0	0	0		0
Jason Huntley	RB	7	0	0	0	13	0	0	0	0	0	0	0	0	0	0		0
Cole Kmet	TE	7	0	0	0	0	0	45	0	2	0	0	0	0	0	0		0
Darnell Mooney	WR	7	0	0	0	0	0	40	0	3	0	0	0	0	0	0		0
Chase Claypool	WR	7	0	0	0	0	0	-2	0	1	0	0	0	0	0	0		0
Antonio Gibson	RB	7	0	0	0	128	1	0	0	0	0	0	0	0	0	0		0
Anthony McFarland	RB	7	0	0	0	6	0	0	0	0	0	0	0	0	0	0		0
Justin Herbert	QB	7	347	3	0	66	1	0	0	0	0	0	0	0	0	0		0
Henry Ruggs III	WR	7	0	0	0	10	0	35	0	2	0	0	0	0	0	0		0
CeeDee Lamb	WR	7	0	0	0	1	0	0	0	0	0	0	0	0	0	0		0
Clyde Edwards-Helaire	RB	7	0	0	0	46	1	17	0	1	0	0	0	0	0	0		0
Joshua Kelley	RB	7	0	0	0	29	0	24	0	5	0	0	0	0	0	0		0
Joe Reed	WR	7	0	0	0	14	1	0	0	0	0	0	0	0	0	0		0
Ben DiNucci	QB	7	39	0	0	0	0	0	0	0	0	0	0	0	0	0		0
Jalen Hurts	QB	7	0	0	0	2	0	0	0	0	0	0	0	0	0	0		0
John Hightower	WR	7	0	0	0	0	0	59	0	1	0	0	0	0	0	0		0
Jerry Jeudy	WR	7	0	0	0	0	0	20	0	2	0	0	0	0	0	0		0
Tee Higgins	WR	7	0	0	0	7	0	71	1	5	0	0	0	0	0	0		0
KJ Hamler	WR	7	0	0	0	10	0	24	0	2	0	0	0	0	0	0		0
Van Jefferson	WR	7	0	0	0	0	0	14	0	1	0	0	0	0	0	0		0
Adam Trautman	TE	7	0	0	0	0	0	0	0	0	0	0	0	0	0	0		0
Albert Okwuegbunam	TE	7	0	0	0	0	0	60	0	7	0	0	0	0	0	0		0
DeeJay Dallas	RB	7	0	0	0	0	0	18	0	2	0	0	0	0	0	0		0
Tyler Johnson	WR	7	0	0	0	0	0	4	1	2	0	0	0	0	0	0		0
Raymond Calais	RB	7	0	0	0	0	0	0	0	0	0	0	0	0	0	0		0
Sam Sloman	PK	7	0	0	0	0	0	0	0	0	0	0	0	0	0	0	22	3
Tyrie Cleveland	WR	7	0	0	0	0	0	0	0	0	0	0	0	0	0	0		0
Joe Burrow	QB	7	406	3	1	34	1	0	0	0	1	0	0	0	0	0		0
Tom Brady	QB	8	279	2	0	-1	0	0	0	0	0	0	0	0	0	0		0
Drew Brees	QB	8	280	2	0	4	0	0	0	0	0	0	0	0	0	0		0
Jason Witten	TE	8	0	0	0	0	0	21	0	2	0	0	0	0	0	0		0
Ben Roethlisberger	QB	8	182	2	0	0	0	0	0	0	0	0	0	0	0	0		0
Philip Rivers	QB	8	262	3	0	-2	0	0	0	0	0	0	0	0	0	0		0
Robbie Gould	PK	8	0	0	0	0	0	0	0	0	0	0	0	0	0	0		3
Aaron Rodgers	QB	8	291	3	0	9	0	0	0	0	1	0	0	0	0	0		0
Frank Gore	RB	8	0	0	0	30	0	0	0	0	0	0	0	0	0	0		0
Matt Prater	PK	8	0	0	0	0	0	0	0	0	0	0	0	0	0	0		3
Marcedes Lewis	TE	8	0	0	0	0	0	0	0	0	0	0	0	0	0	0		0
Stephen Gostkowski	PK	8	0	0	0	0	0	0	0	0	0	0	0	0	0	0		2
Adrian Peterson	RB	8	0	0	0	7	0	5	0	1	0	0	0	0	0	0		0
Greg Olsen	TE	8	0	0	0	0	0	0	0	0	0	0	0	0	0	0		0
Nick Folk	PK	8	0	0	0	0	0	0	0	0	0	0	0	0	0	0	43;33	1
Mason Crosby	PK	8	0	0	0	0	0	0	0	0	0	0	0	0	0	0		2
Danny Amendola	WR	8	0	0	0	0	0	54	0	3	0	0	0	0	0	0		0
Matt Ryan	QB	8	281	0	1	27	1	0	0	0	0	0	0	0	0	0		0
Chad Henne	QB	8	17	0	0	0	0	0	0	0	0	0	0	0	0	0		0
Matthew Slater	WR	8	0	0	0	0	0	0	0	0	0	0	0	0	0	0		0
Matthew Stafford	QB	8	336	3	1	10	0	0	0	0	1	0	0	0	0	0		0
Graham Gano	PK	8	0	0	0	0	0	0	0	0	0	0	0	0	0	0	33	2
Ryan Succop	PK	8	0	0	0	0	0	0	0	0	0	0	0	0	0	0	37;40;43;38	1
Jared Cook	TE	8	0	0	0	0	0	51	1	5	0	0	0	0	0	0		0
Rob Gronkowski	TE	8	0	0	0	0	0	41	1	4	0	0	0	0	0	0		0
Andre Roberts	WR	8	0	0	0	0	0	0	0	0	0	0	0	0	0	0		0
Jimmy Graham	TE	8	0	0	0	0	0	13	0	2	0	0	0	0	0	0		0
Golden Tate	WR	8	18	0	0	0	0	31	1	2	0	0	0	0	0	0		0
Cam Newton	QB	8	174	0	0	54	1	0	0	0	0	1	0	1	0	0		0
A.J. Green	WR	8	0	0	0	0	0	19	0	2	0	0	0	0	0	0		0
Julio Jones	WR	8	0	0	0	0	0	137	0	7	0	0	0	0	0	0		0
Kyle Rudolph	TE	8	0	0	0	0	0	12	0	1	0	0	0	0	0	0		0
Dion Lewis	RB	8	0	0	0	0	0	8	1	2	0	0	0	0	0	0		0
Dwayne Harris	WR	8	0	0	0	0	0	0	0	0	0	0	0	0	0	0		0
Dan Bailey	PK	8	0	0	0	0	0	0	0	0	0	0	0	0	0	0		4
Kai Forbath	PK	8	0	0	0	0	0	0	0	0	0	0	0	0	0	0	23	2
Cole Beasley	WR	8	0	0	0	0	0	24	0	2	0	0	0	0	0	0		0
Alfred Morris	RB	8	0	0	0	28	0	0	0	0	0	0	0	0	0	0		0
Russell Wilson	QB	8	261	4	0	23	0	0	0	0	0	0	0	0	0	0		0
Marvin Jones	WR	8	0	0	0	0	0	39	2	3	0	0	0	0	0	0		0
Randy Bullock	PK	8	0	0	0	0	0	0	0	0	0	0	0	0	0	0	33	4
Nick Foles	QB	8	272	2	1	0	0	0	0	0	0	0	0	0	0	0		0
Justin Tucker	PK	8	0	0	0	0	0	0	0	0	0	0	0	0	0	0	51	3
Kirk Cousins	QB	8	160	1	0	0	0	0	0	0	0	0	0	0	0	0		0
T.Y. Hilton	WR	8	0	0	0	0	0	9	0	2	0	0	0	0	0	0		0
Greg Zuerlein	PK	8	0	0	0	0	0	0	0	0	0	0	0	0	0	0	49;49;59	0
Ryan Tannehill	QB	8	233	2	1	20	0	0	0	0	0	0	0	0	0	0		0
Brandon McManus	PK	8	0	0	0	0	0	0	0	0	0	0	0	0	0	0	35	4
Adam Thielen	WR	8	0	0	0	0	0	27	0	3	0	0	0	0	0	0		0
Ryan Griffin	TE	8	0	0	0	0	0	0	0	0	0	0	0	0	0	0		0
Demetrius Harris	TE	8	0	0	0	0	0	0	0	0	0	0	0	0	0	0		0
Jack Doyle	TE	8	0	0	0	0	0	18	1	2	0	0	0	0	0	0		0
Josh Hill	TE	8	0	0	0	0	0	7	0	1	0	0	0	0	0	0		0
Keenan Allen	WR	8	0	0	0	0	0	67	1	9	0	0	0	0	0	0		0
Rex Burkhead	RB	8	0	0	0	26	0	5	0	1	0	0	0	0	0	0		0
Robert Woods	WR	8	0	0	0	9	1	85	1	7	0	0	0	0	0	0		0
Levine Toilolo	TE	8	0	0	0	0	0	9	0	1	0	0	0	0	0	0		0
Giovani Bernard	RB	8	0	0	0	62	1	16	1	3	0	0	0	0	0	0		0
Le'Veon Bell	RB	8	0	0	0	7	0	31	0	3	0	0	0	0	0	0		0
Travis Kelce	TE	8	0	0	0	0	0	109	1	8	0	0	0	0	0	0		0
Latavius Murray	RB	8	0	0	0	17	0	14	0	3	0	0	0	0	0	0		0
Cordarrelle Patterson	RB	8	0	0	0	4	0	1	0	2	0	0	0	0	0	0		0
Willie Snead	WR	8	0	0	0	0	0	106	0	5	0	0	0	0	0	0		0
Trey Burton	TE	8	0	0	0	2	1	9	0	3	0	0	0	0	0	0		0
Cody Parkey	PK	8	0	0	0	0	0	0	0	0	0	0	0	0	0	0	41;38	0
John Brown	WR	8	0	0	0	0	0	21	0	1	0	0	0	0	0	0		0
James White	RB	8	0	0	0	0	0	35	0	2	0	0	0	0	0	0		0
Chris Boswell	PK	8	0	0	0	0	0	0	0	0	0	0	0	0	0	0		4
Cairo Santos	PK	8	0	0	0	0	0	0	0	0	0	0	0	0	0	0	44;29;51	2
Teddy Bridgewater	QB	8	176	1	1	30	0	0	0	0	0	0	0	0	0	0		0
Cameron Brate	TE	8	0	0	0	0	0	35	0	2	0	0	0	0	0	0		0
Derek Carr	QB	8	111	1	0	41	0	0	0	0	0	0	0	0	0	0		0
Jimmy Garoppolo	QB	8	84	0	1	4	0	0	0	0	0	0	0	0	0	0		0
Jerick McKinnon	RB	8	0	0	0	-1	1	40	0	4	0	0	0	0	0	0		0
Davante Adams	WR	8	0	0	0	0	0	53	3	7	0	0	0	0	0	0		0
Jarvis Landry	WR	8	0	0	0	0	0	52	0	4	0	0	0	0	0	0		0
Sergio Castillo	PK	8	0	0	0	0	0	0	0	0	0	0	0	0	0	0	39;55;48	0
Eric Ebron	TE	8	0	0	0	0	0	48	1	4	0	0	0	0	0	0		0
Mike Evans	WR	8	0	0	0	0	0	55	1	5	0	0	0	0	0	0		0
Allen Robinson	WR	8	0	0	0	0	0	87	1	6	0	0	0	0	0	0		0
Chris Manhertz	TE	8	0	0	0	0	0	6	0	1	0	0	0	0	0	0		0
Jason Myers	PK	8	0	0	0	0	0	0	0	0	0	0	0	0	0	0	48	4
Amari Cooper	WR	8	0	0	0	0	0	5	0	1	0	0	0	0	0	0		0
DeVante Parker	WR	8	0	0	0	0	0	3	1	1	0	0	0	0	0	0		0
Nelson Agholor	WR	8	0	0	0	0	0	0	0	0	0	0	0	0	0	0		0
MyCole Pruitt	TE	8	0	0	0	0	0	0	0	0	0	0	0	0	0	0		0
Stefon Diggs	WR	8	0	0	0	0	0	92	0	6	0	0	0	0	0	0		0
Nick Boyle	TE	8	0	0	0	0	0	0	0	0	0	0	0	0	0	0		0
Darren Waller	TE	8	0	0	0	0	0	27	0	5	0	0	0	0	0	0		0
Malcolm Brown	RB	8	0	0	0	40	0	17	0	2	0	0	0	0	0	0		0
Damiere Byrd	WR	8	0	0	0	0	0	39	0	3	0	0	0	0	0	0		0
Adam Humphries	WR	8	0	0	0	0	0	0	0	0	0	0	0	0	0	0		0
Tevin Coleman	RB	8	0	0	0	20	0	0	0	0	0	0	0	0	0	0		0
Mike Davis	RB	8	0	0	0	66	0	11	0	1	0	0	0	0	0	0		0
Ameer Abdullah	RB	8	0	0	0	0	0	0	0	0	0	0	0	0	0	0		0
Jesse James	TE	8	0	0	0	0	0	23	0	1	0	0	0	0	0	0		0
Melvin Gordon	RB	8	0	0	0	26	0	21	0	6	0	0	0	0	0	0		0
Tyler Lockett	WR	8	0	0	0	0	0	33	0	4	0	0	0	0	0	0		0
Tyler Kroft	TE	8	0	0	0	0	0	11	0	1	0	0	0	0	0	0		0
Todd Gurley	RB	8	0	0	0	46	1	0	0	0	0	0	0	0	0	0		0
Sterling Shepard	WR	8	0	0	0	0	0	74	0	8	0	0	0	0	0	0		0
Chris Moore	WR	8	0	0	0	0	0	0	0	0	0	0	0	0	0	0		0
Tyler Ervin	RB	8	0	0	0	0	0	7	0	1	0	0	0	0	0	0		0
Dwayne Washington	RB	8	0	0	0	0	0	0	0	0	0	0	0	0	0	0		0
Kalif Raymond	WR	8	0	0	0	0	0	11	0	1	0	0	0	0	0	0		0
Alex Erickson	WR	8	0	0	0	0	0	0	0	0	0	0	0	0	0	0		0
Wil Lutz	PK	8	0	0	0	0	0	0	0	0	0	0	0	0	0	0	38;27;39;35	2
Robbie Chosen	WR	8	0	0	0	0	0	48	0	5	0	0	0	0	0	0		0
Derrick Henry	RB	8	0	0	0	112	1	0	0	0	0	0	0	0	0	0		0
Demarcus Robinson	WR	8	0	0	0	0	0	63	1	4	0	0	0	0	0	0		0
Jakeem Grant	WR	8	0	0	0	0	0	15	0	1	0	0	0	0	0	0		0
Tommylee Lewis	WR	8	0	0	0	0	0	5	0	1	0	0	0	0	0	0		0
Carson Wentz	QB	8	123	2	2	17	0	0	0	0	2	0	0	1	0	0		0
Devontae Booker	RB	8	0	0	0	29	0	17	0	1	0	0	0	0	0	0		0
Rashard Higgins	WR	8	0	0	0	0	0	14	0	1	0	0	0	0	0	0		0
Marcus Johnson	WR	8	0	0	0	0	0	39	0	2	0	0	0	0	0	0		0
J.P. Holtz	TE	8	0	0	0	0	0	0	0	0	0	0	0	0	0	0		0
Jaydon Mickens	WR	8	0	0	0	0	0	36	0	5	0	0	0	0	0	0		0
Tyler Boyd	WR	8	0	0	0	9	0	67	1	6	0	0	0	0	0	0		0
Jalen Richard	RB	8	0	0	0	6	0	12	0	1	0	0	0	0	0	0		0
Tyreek Hill	WR	8	0	0	0	0	0	98	2	4	0	0	0	0	0	0		0
Ezekiel Elliott	RB	8	0	0	0	63	0	10	0	1	0	0	0	0	0	0		0
Hunter Henry	TE	8	0	0	0	0	0	33	0	4	0	0	0	0	0	0		0
Marvin Hall	WR	8	0	0	0	0	0	113	0	4	0	0	0	0	0	0		0
Jared Goff	QB	8	355	1	2	0	0	0	0	0	2	0	0	0	0	0		0
Tyler Higbee	TE	8	0	0	0	0	0	14	0	2	0	0	0	0	0	0		0
Pharoh Cooper	WR	8	0	0	0	0	0	0	0	0	0	0	0	0	0	0		0
Troymaine Pope	RB	8	0	0	0	67	0	28	0	5	0	0	0	0	0	0		0
Mo Alie-Cox	TE	8	0	0	0	0	0	37	0	3	0	0	0	0	0	0		0
Zach Pascal	WR	8	0	0	0	0	0	44	0	3	0	0	0	0	0	0		0
PJ Walker	QB	8	3	0	0	0	0	0	0	0	0	0	0	0	0	0		0
Curtis Samuel	WR	8	0	0	0	23	1	31	1	4	0	0	0	0	0	0		0
George Kittle	TE	8	0	0	0	0	0	39	0	2	0	0	0	0	0	0		0
Trent Taylor	WR	8	0	0	0	0	0	32	0	3	0	0	0	0	0	0		0
Harrison Butker	PK	8	0	0	0	0	0	0	0	0	0	0	0	0	0	0		5
Kendrick Bourne	WR	8	0	0	0	0	0	81	0	8	0	0	0	0	0	0		0
Matt Breida	RB	8	0	0	0	13	0	0	0	0	0	0	0	0	0	0		0
Nick Mullens	QB	8	238	2	0	0	0	0	0	0	0	0	0	0	0	0		0
Cethan Carter	TE	8	0	0	0	0	0	2	0	1	0	0	0	0	0	0		0
Taysom Hill	TE	8	0	0	0	35	0	30	1	2	0	0	0	0	0	0		0
Patrick Ricard	RB	8	0	0	0	0	0	0	0	0	0	0	0	0	0	0		0
Austin Carr	WR	8	0	0	0	0	0	10	0	1	0	0	0	0	0	0		0
Jacob Hollister	TE	8	0	0	0	0	0	6	0	1	0	0	0	0	0	0		0
Anthony Firkser	TE	8	0	0	0	0	0	36	0	2	0	0	0	0	0	0		0
Isaiah Ford	WR	8	0	0	0	0	0	10	0	1	0	0	0	0	0	0		0
Samaje Perine	RB	8	0	0	0	32	1	2	0	1	0	0	0	0	0	0		0
Mike Williams	WR	8	0	0	0	1	0	99	1	5	0	0	0	0	0	0		0
James Conner	RB	8	0	0	0	47	1	13	0	3	0	0	0	0	0	0		0
Mack Hollins	WR	8	0	0	0	0	0	0	0	0	0	0	0	0	0	0		0
Brian Hill	RB	8	0	0	0	55	0	9	0	2	0	0	0	0	0	0		0
Jamal Agnew	WR	8	0	0	0	11	0	0	0	0	0	0	0	0	0	0		0
David Moore	WR	8	0	0	0	28	0	18	1	3	0	0	0	0	0	0		0
Noah Brown	WR	8	0	0	0	0	0	0	0	0	0	0	0	0	0	0		0
Younghoe Koo	PK	8	0	0	0	0	0	0	0	0	0	0	0	0	0	0	20;37;36;29	1
Colin Thompson	TE	8	0	0	0	0	0	0	0	0	0	0	0	0	0	0		0
Corey Clement	RB	8	0	0	0	24	0	4	0	1	0	0	0	0	0	0		0
Greg Ward	WR	8	0	0	0	2	0	10	0	3	0	0	0	0	0	0		0
Robert Tonyan	TE	8	0	0	0	0	0	79	0	5	0	0	0	0	0	0		0
Jake Elliott	PK	8	0	0	0	0	0	0	0	0	0	0	0	0	0	0		1
Trey Edmunds	RB	8	0	0	0	0	0	0	0	0	0	0	0	0	0	0		0
Leonard Fournette	RB	8	0	0	0	52	0	19	0	3	0	0	0	0	0	0		0
JuJu Smith-Schuster	WR	8	0	0	0	0	0	67	0	7	0	0	0	0	0	0		0
Jonnu Smith	TE	8	0	0	0	0	0	29	0	2	0	0	0	0	0	0		0
Mitchell Trubisky	QB	8	0	0	0	3	0	0	0	0	0	0	0	0	0	0		0
Corey Davis	WR	8	0	0	0	0	0	128	1	8	0	0	0	0	0	0		0
Patrick Mahomes	QB	8	416	5	0	0	0	0	0	0	0	0	0	0	0	0		0
Evan Engram	TE	8	0	0	0	9	0	61	0	5	0	0	0	0	0	0		0
David Njoku	TE	8	0	0	0	0	0	19	0	1	0	0	0	0	0	0		0
Dalvin Cook	RB	8	0	0	0	163	3	63	1	2	0	0	0	0	0	0		0
Gerald Everett	TE	8	0	0	0	0	0	32	0	5	0	0	0	0	0	0		0
Adam Shaheen	TE	8	0	0	0	0	0	0	0	0	0	0	0	0	0	0		0
Alvin Kamara	RB	8	0	0	0	67	0	96	0	9	0	0	0	0	0	0		0
Cooper Kupp	WR	8	0	0	0	0	0	110	0	11	0	0	0	0	0	0		0
Kareem Hunt	RB	8	0	0	0	66	0	7	0	2	0	0	0	0	0	0		0
D'Onta Foreman	RB	8	0	0	0	37	0	0	0	0	0	0	0	0	0	0		0
Kenny Golladay	WR	8	0	0	0	0	0	0	0	0	0	0	0	0	0	0		0
Josh Reynolds	WR	8	0	0	0	0	0	44	0	4	0	0	0	0	0	0		0
Jamaal Williams	RB	8	0	0	0	75	0	27	0	6	0	0	0	0	1	0		0
Wayne Gallman	RB	8	0	0	0	44	1	18	0	1	0	0	0	0	0	0		0
Jeremy McNichols	RB	8	0	0	0	49	0	0	0	0	0	0	0	0	0	0		0
River Cracraft	WR	8	0	0	0	0	0	0	0	0	0	0	0	0	0	0		0
Ross Dwelley	TE	8	0	0	0	0	0	16	1	1	0	0	0	0	0	0		0
Mike Badgley	PK	8	0	0	0	0	0	0	0	0	0	0	0	0	0	0	52;47;33	3
Phillip Lindsay	RB	8	0	0	0	83	1	3	0	1	0	0	0	0	0	0		0
Christian Blake	WR	8	0	0	0	0	0	14	0	2	0	0	0	0	0	0		0
Will Dissly	TE	8	0	0	0	0	0	17	0	1	0	0	0	0	0	0		0
Daniel Carlson	PK	8	0	0	0	0	0	0	0	0	0	0	0	0	0	0	29;33;24	1
Gus Edwards	RB	8	0	0	0	87	1	0	0	0	0	0	0	0	0	0		0
Nick Keizer	TE	8	0	0	0	0	0	5	0	1	0	0	0	0	0	0		0
Mike Boone	RB	8	0	0	0	0	0	0	0	0	0	0	0	0	0	0		0
Marquez Valdes-Scantling	WR	8	0	0	0	4	0	19	0	1	0	0	0	0	0	0		0
Equanimeous St. Brown	WR	8	0	0	0	0	0	12	0	1	0	0	0	0	0	0		0
Byron Pringle	WR	8	0	0	0	0	0	22	0	3	0	0	0	0	0	0		0
Darrel Williams	RB	8	0	0	0	19	0	7	0	1	0	0	0	0	0	0		0
Chad Beebe	WR	8	0	0	0	0	0	16	0	1	0	0	0	0	0	0		0
Deon Yelder	TE	8	0	0	0	0	0	5	0	1	0	0	0	0	0	0		0
Jaylen Samuels	RB	8	0	0	0	0	0	0	0	0	0	0	0	0	0	0		0
Kerryon Johnson	RB	8	0	0	0	0	0	15	1	2	0	0	0	0	0	0		0
Dallas Goedert	TE	8	0	0	0	0	0	15	0	1	0	0	0	0	0	0		0
Anthony Miller	WR	8	0	0	0	0	0	73	0	8	0	0	0	0	0	0		0
Ian Thomas	TE	8	0	0	0	0	0	28	0	3	0	0	0	0	0	0		0
Nyheim Hines	RB	8	0	0	0	8	0	54	2	3	0	0	0	0	0	0		0
DaeSean Hamilton	WR	8	0	0	0	0	0	82	1	4	0	0	0	0	0	0		0
Dalton Schultz	TE	8	0	0	0	0	0	53	0	6	0	0	0	0	0	0		0
Justin Watson	WR	8	0	0	0	0	0	0	0	0	0	0	0	0	0	0		0
Jordan Wilkins	RB	8	0	0	0	89	1	24	0	1	0	0	0	0	1	0		0
Ray-Ray McCloud	WR	8	0	0	0	0	0	6	0	1	0	0	0	0	0	0		0
Russell Gage	WR	8	0	0	0	0	0	25	0	2	0	0	0	0	0	0		0
Boston Scott	RB	8	0	0	0	70	0	9	0	2	0	0	0	0	0	0		0
Cedrick Wilson Jr.	WR	8	0	0	0	-11	0	0	0	0	0	0	0	0	0	0		0
Braxton Berrios	WR	8	0	0	0	0	0	34	0	8	0	0	0	0	0	0		0
Javon Wims	WR	8	0	0	0	0	0	9	0	1	0	0	0	0	0	0		0
Ryan Izzo	TE	8	0	0	0	0	0	24	0	2	0	0	0	0	0	0		0
Justin Jackson	RB	8	0	0	0	89	0	53	0	3	0	0	0	0	0	0		0
Ryan Nall	RB	8	0	0	0	0	0	2	0	1	0	0	0	0	0	0		0
Tanner Hudson	TE	8	0	0	0	0	0	0	0	0	0	0	0	0	0	0		0
Vyncint Smith	WR	8	0	0	0	0	0	13	0	1	0	0	0	0	0	0		0
Brandon Powell	WR	8	0	0	0	0	0	0	0	0	0	0	0	0	0	0		0
James Washington	WR	8	0	0	0	0	0	0	0	0	0	0	0	0	0	0		0
Auden Tate	WR	8	0	0	0	0	0	65	0	7	0	0	0	0	0	0		0
Mark Andrews	TE	8	0	0	0	0	0	32	0	3	0	0	0	0	0	0		0
Michael Gallup	WR	8	0	0	0	0	0	61	0	7	0	0	0	0	0	0		0
Tre'Quan Smith	WR	8	0	0	0	0	0	43	0	5	0	0	0	0	0	0		0
Chris Herndon	TE	8	0	0	0	0	0	3	0	1	0	0	1	0	0	0		0
Jason Sanders	PK	8	0	0	0	0	0	0	0	0	0	0	0	0	0	0		4
Lamar Jackson	QB	8	208	2	2	65	0	0	0	0	1	1	0	0	0	0		0
Durham Smythe	TE	8	0	0	0	0	0	16	0	2	0	0	0	0	0	0		0
Ronald Jones	RB	8	0	0	0	23	0	23	0	4	0	0	1	0	0	0		0
DJ Moore	WR	8	0	0	0	0	0	55	0	2	0	0	0	0	0	0		0
Mike Gesicki	TE	8	0	0	0	0	0	8	0	1	0	0	0	0	0	0		0
Hayden Hurst	TE	8	0	0	0	0	0	54	0	5	0	0	0	0	0	0		0
Calvin Ridley	WR	8	0	0	0	0	0	42	0	3	0	0	0	0	0	0		0
Baker Mayfield	QB	8	122	0	0	29	0	0	0	0	0	0	0	0	0	0		0
Josh Allen	QB	8	154	0	1	23	1	0	0	0	0	0	0	0	0	0		0
Dante Pettis	WR	8	0	0	0	0	0	0	0	0	0	0	0	0	0	0		0
Sam Darnold	QB	8	133	0	0	21	0	0	0	0	0	0	0	0	0	0		0
Jakobi Meyers	WR	8	0	0	0	0	0	58	0	6	0	0	0	0	0	1		0
Irv Smith	TE	8	0	0	0	0	0	16	0	1	0	0	0	0	0	0		0
Alexander Mattison	RB	8	0	0	0	8	0	0	0	0	0	0	0	0	0	0		0
Foster Moreau	TE	8	0	0	0	0	0	0	0	0	0	0	0	0	0	0		0
Hunter Renfrow	WR	8	0	0	0	0	0	26	1	4	0	0	0	0	0	0		0
Kaden Smith	TE	8	0	0	0	0	0	6	0	1	0	0	0	0	0	0		0
Ashton Dulin	WR	8	0	0	0	0	0	13	0	1	0	0	0	0	0	0		0
Penny Hart	WR	8	0	0	0	0	0	0	0	0	0	0	0	0	0	0		0
Stephen Carlson	TE	8	0	0	0	0	0	0	0	0	0	0	0	0	0	0		0
Mecole Hardman	WR	8	0	0	0	0	0	96	1	7	0	0	0	0	0	0		0
Darwin Thompson	RB	8	0	0	0	3	0	0	0	0	0	0	0	0	0	0		0
Darrius Shepherd	WR	8	0	0	0	0	0	6	0	1	0	0	0	0	0	0		0
Joey Slye	PK	8	0	0	0	0	0	0	0	0	0	0	0	0	0	0	39	2
Deonte Harty	WR	8	0	0	0	-2	0	19	0	3	0	0	0	0	0	0		0
Diontae Johnson	WR	8	0	0	0	0	0	6	0	1	0	0	0	0	0	0		0
T.J. Hockenson	TE	8	0	0	0	0	0	65	0	7	0	0	0	0	0	0		0
Devin Singletary	RB	8	0	0	0	86	0	6	0	1	0	0	0	0	0	0		0
Tony Pollard	RB	8	0	0	0	40	0	24	0	2	0	0	0	0	0	0		0
Qadree Ollison	RB	8	0	0	0	3	0	0	0	0	0	0	0	0	0	0		0
Scott Miller	WR	8	0	0	0	7	0	35	0	3	0	0	0	0	0	0		0
Myles Gaskin	RB	8	0	0	0	47	1	16	0	3	0	1	0	0	0	0		0
Preston Williams	WR	8	0	0	0	0	0	15	0	2	0	0	0	0	0	0		0
Jalen Guyton	WR	8	0	0	0	0	0	3	0	1	0	0	0	0	0	0		0
Malik Taylor	WR	8	0	0	0	0	0	26	0	1	0	0	0	0	0	0		0
Jeff Smith	WR	8	0	0	0	0	0	29	0	3	0	0	0	0	0	0		0
Darius Slayton	WR	8	0	0	0	0	0	56	0	5	0	0	0	0	0	0		0
Ty Johnson	RB	8	0	0	0	15	0	6	0	1	0	0	0	0	0	0		0
Travis Fulgham	WR	8	0	0	0	0	0	78	1	6	0	0	0	0	0	0		0
Travis Homer	RB	8	0	0	0	4	0	0	0	0	0	0	0	0	0	0		0
Nsimba Webster	WR	8	0	0	0	0	0	0	0	0	0	0	0	0	0	0		0
D'Ernest Johnson	RB	8	0	0	0	6	0	5	0	1	0	0	0	0	0	0		0
Drew Sample	TE	8	0	0	0	0	0	0	0	0	0	0	0	0	0	0		0
DK Metcalf	WR	8	0	0	0	0	0	161	2	12	0	0	0	0	0	0		0
Noah Fant	TE	8	0	0	0	0	0	47	0	7	0	0	0	0	0	0		0
Gunner Olszewski	WR	8	0	0	0	6	0	0	0	0	0	0	0	0	0	0		0
Damien Harris	RB	8	0	0	0	102	1	0	0	0	0	0	0	0	0	0		0
Marquise Brown	WR	8	0	0	0	0	0	3	1	1	0	0	0	0	0	0		0
Darrell Henderson	RB	8	0	0	0	47	0	11	0	1	0	0	0	0	0	0		0
Jace Sternberger	TE	8	0	0	0	0	0	46	0	3	0	0	0	0	0	0		0
A.J. Brown	WR	8	0	0	0	0	0	24	1	4	0	0	0	0	0	0		0
David Montgomery	RB	8	0	0	0	89	0	16	0	2	0	0	0	0	0	0		0
Josh Jacobs	RB	8	0	0	0	129	0	0	0	0	0	0	0	0	0	0		0
Miles Boykin	WR	8	0	0	0	0	0	20	1	2	0	0	0	0	0	0		0
Drew Lock	QB	8	248	3	1	-1	0	0	0	0	0	0	0	0	0	0		0
Daniel Jones	QB	8	256	2	2	20	0	0	0	0	0	0	0	0	0	0		0
JaMycal Hasty	RB	8	0	0	0	29	1	2	0	1	0	0	0	0	0	0		0
Rodrigo Blankenship	PK	8	0	0	0	0	0	0	0	0	0	0	0	0	0	0		3
Juwan Johnson	TE	8	0	0	0	0	0	5	0	1	0	0	0	0	0	0		0
Xavier Jones	RB	8	0	0	0	0	0	0	0	0	0	0	0	0	0	0		0
Isaiah Zuber	WR	8	0	0	0	0	0	13	0	1	0	0	0	0	0	0		0
James Proche	WR	8	0	0	0	0	0	0	0	0	0	0	0	0	0	0		0
J.K. Dobbins	RB	8	0	0	0	113	0	8	0	1	0	0	0	0	0	0		0
Tyler Bass	PK	8	0	0	0	0	0	0	0	0	0	0	0	0	0	0	28	3
Reggie Gilliam	RB	8	0	0	0	0	0	0	0	0	0	0	0	0	0	0		0
Gabe Davis	WR	8	0	0	0	0	0	0	0	0	0	0	0	0	0	0		0
Tua Tagovailoa	QB	8	93	1	0	0	0	0	0	0	1	0	0	0	0	0		0
Jonathan Taylor	RB	8	0	0	0	22	0	9	0	2	0	0	0	0	0	0		0
Harrison Bryant	TE	8	0	0	0	0	0	25	0	3	0	0	1	0	0	0		0
Donovan Peoples-Jones	WR	8	0	0	0	0	0	0	0	0	0	0	0	0	0	0		0
Malcolm Perry	RB	8	0	0	0	-5	0	10	0	1	0	0	0	0	0	0		0
Zack Moss	RB	8	0	0	0	81	2	0	0	0	0	0	0	0	0	0		0
Michael Pittman	WR	8	0	0	0	0	0	6	0	1	0	0	0	0	0	0		0
Denzel Mims	WR	8	0	0	0	0	0	42	0	2	0	0	0	0	0	0		0
Brandon Aiyuk	WR	8	0	0	0	0	0	91	1	8	0	0	0	0	0	0		0
AJ Dillon	RB	8	0	0	0	21	0	16	0	1	0	0	0	0	0	0		0
La'Mical Perine	RB	8	0	0	0	27	0	6	0	2	0	0	0	0	0	0		0
D'Andre Swift	RB	8	0	0	0	1	0	22	0	3	0	0	0	0	0	0		0
Jason Huntley	RB	8	0	0	0	0	0	0	0	0	0	0	0	0	0	0		0
Cole Kmet	TE	8	0	0	0	0	0	2	0	1	0	0	0	0	0	0		0
Darnell Mooney	WR	8	0	0	0	0	0	69	1	5	0	0	0	0	0	0		0
Justin Jefferson	WR	8	0	0	0	0	0	26	0	3	0	0	0	0	0	0		0
Chase Claypool	WR	8	0	0	0	0	0	42	1	5	0	0	1	0	0	0		0
Devin Duvernay	WR	8	0	0	0	0	0	39	0	1	0	0	0	0	0	0		0
Anthony McFarland	RB	8	0	0	0	1	0	0	0	0	0	0	0	0	0	0		0
K.J. Osborn	WR	8	0	0	0	0	0	0	0	0	0	0	0	0	0	0		0
Justin Herbert	QB	8	278	3	2	21	0	0	0	0	0	0	0	0	0	0		0
Henry Ruggs III	WR	8	0	0	0	1	0	8	0	2	0	0	0	0	0	0		0
CeeDee Lamb	WR	8	0	0	0	19	0	27	0	4	0	0	0	0	0	0		0
Clyde Edwards-Helaire	RB	8	0	0	0	21	0	10	0	3	0	0	0	0	0	0		0
Joshua Kelley	RB	8	0	0	0	32	0	-7	0	1	0	0	0	0	0	0		0
Joe Reed	WR	8	0	0	0	0	0	0	0	0	0	0	0	0	0	0		0
K.J. Hill	WR	8	0	0	0	0	0	0	0	0	0	0	0	0	0	0		0
Ben DiNucci	QB	8	180	0	0	22	0	0	0	0	2	0	0	0	0	0		0
Jalen Reagor	WR	8	0	0	0	6	0	16	1	3	0	0	0	0	0	1		0
Jalen Hurts	QB	8	9	0	0	0	0	0	0	0	0	0	0	0	0	0		0
John Hightower	WR	8	0	0	0	0	0	0	0	0	0	0	0	0	0	0		0
Jerry Jeudy	WR	8	0	0	0	0	0	73	0	4	0	0	0	0	0	0		0
Tee Higgins	WR	8	0	0	0	6	0	78	0	6	0	0	0	0	0	0		0
KJ Hamler	WR	8	0	0	0	0	0	13	1	3	0	0	0	0	0	0		0
Cam Akers	RB	8	0	0	0	35	0	19	0	1	0	0	0	0	0	0		0
Van Jefferson	WR	8	0	0	0	0	0	23	0	2	0	0	0	0	0	0		0
Albert Okwuegbunam	TE	8	0	0	0	0	0	9	1	1	0	0	0	0	0	0		0
DeeJay Dallas	RB	8	0	0	0	41	1	17	1	5	0	0	0	0	0	0		0
Tyler Johnson	WR	8	0	0	0	0	0	35	0	2	0	0	0	0	0	0		0
Stephen Sullivan	TE	8	0	0	0	0	0	0	0	0	0	0	0	0	0	0		0
Tyrie Cleveland	WR	8	0	0	0	0	0	0	0	0	0	0	0	0	0	0		0
Joe Burrow	QB	8	249	2	0	9	0	0	0	0	0	0	0	0	0	0		0
Tom Brady	QB	9	209	0	3	0	0	0	0	0	0	0	0	0	0	0		0
Drew Brees	QB	9	222	4	0	-2	0	0	0	0	1	0	0	0	0	0		0
Jason Witten	TE	9	0	0	0	0	0	0	0	1	0	0	0	0	0	0		0
Larry Fitzgerald	WR	9	0	0	0	0	0	54	0	4	0	0	0	0	0	0		0
Ben Roethlisberger	QB	9	306	3	0	8	0	0	0	0	0	0	0	0	0	0		0
Philip Rivers	QB	9	227	0	1	0	0	0	0	0	0	0	0	0	0	0		0
Robbie Gould	PK	9	0	0	0	0	0	0	0	0	0	0	0	0	0	0	22	2
Alex Smith	QB	9	325	1	3	0	0	0	0	0	0	0	0	0	0	0		0
Aaron Rodgers	QB	9	305	4	0	7	0	0	0	0	0	0	0	0	0	0		0
Frank Gore	RB	9	0	0	0	46	0	13	0	2	0	0	0	0	0	0		0
Matt Prater	PK	9	0	0	0	0	0	0	0	0	0	0	0	0	0	0	23;45	2
Marcedes Lewis	TE	9	0	0	0	0	0	1	1	1	0	0	0	0	0	0		0
Stephen Gostkowski	PK	9	0	0	0	0	0	0	0	0	0	0	0	0	0	0	40	3
Adrian Peterson	RB	9	0	0	0	29	0	14	0	3	0	0	0	0	0	0		0
Greg Olsen	TE	9	0	0	0	0	0	13	0	2	0	0	0	0	0	0		0
Nick Folk	PK	9	0	0	0	0	0	0	0	0	0	0	0	0	0	0	45;29;51	3
Mason Crosby	PK	9	0	0	0	0	0	0	0	0	0	0	0	0	0	0	19;53	4
Danny Amendola	WR	9	0	0	0	2	0	77	0	7	0	0	0	0	0	0		0
Matt Ryan	QB	9	284	3	1	10	0	0	0	0	0	0	0	0	0	0		0
Joe Flacco	QB	9	262	3	1	0	0	0	0	0	0	0	0	0	0	0		0
Matthew Slater	WR	9	0	0	0	0	0	0	0	0	0	0	0	0	0	0		0
Matthew Stafford	QB	9	211	1	2	0	0	0	0	0	0	0	0	0	0	0		0
Chase Daniel	QB	9	94	1	1	5	0	0	0	0	0	0	0	0	0	0		0
Graham Gano	PK	9	0	0	0	0	0	0	0	0	0	0	0	0	0	0	38;48;42	2
Ryan Succop	PK	9	0	0	0	0	0	0	0	0	0	0	0	0	0	0	48	0
Jared Cook	TE	9	0	0	0	0	0	30	0	2	0	0	1	0	0	0		0
Rob Gronkowski	TE	9	0	0	0	0	0	2	0	1	0	0	0	0	0	0		0
Emmanuel Sanders	WR	9	0	0	0	0	0	38	1	4	0	0	0	0	0	0		0
Andre Roberts	WR	9	0	0	0	0	0	0	0	0	0	0	0	0	0	0		0
Jimmy Graham	TE	9	0	0	0	0	0	55	1	6	0	0	0	0	0	0		0
Antonio Brown	WR	9	0	0	0	0	0	31	0	3	0	0	0	0	0	0		0
Cam Newton	QB	9	274	0	0	16	2	0	0	0	0	0	0	0	0	0		0
Julio Jones	WR	9	0	0	0	0	0	54	1	5	0	0	0	0	0	0		0
Blaine Gabbert	QB	9	0	0	0	-1	0	0	0	0	0	0	0	0	0	0		0
Kyle Rudolph	TE	9	0	0	0	0	0	40	0	3	0	0	0	0	0	0		0
Randall Cobb	WR	9	0	0	0	0	0	21	0	3	0	0	0	0	0	0		0
Luke Stocker	TE	9	0	0	0	0	0	12	0	1	0	0	0	0	0	0		0
Dion Lewis	RB	9	0	0	0	5	0	16	0	2	0	0	0	0	0	0		0
Dwayne Harris	WR	9	0	0	0	0	0	0	0	0	0	0	0	0	0	0		0
Tyrod Taylor	QB	9	0	0	0	0	0	0	0	0	0	0	0	0	0	0		0
Dan Bailey	PK	9	0	0	0	0	0	0	0	0	0	0	0	0	0	0		4
Cole Beasley	WR	9	0	0	0	0	0	39	0	3	0	0	0	0	0	0		0
Derek Carrier	TE	9	0	0	0	0	0	0	0	0	0	0	0	0	0	0		0
Alfred Morris	RB	9	0	0	0	67	0	4	0	1	0	0	0	0	0	0		0
Russell Wilson	QB	9	390	2	2	5	1	0	0	0	2	0	0	0	0	0		0
Marvin Jones	WR	9	0	0	0	0	0	43	1	3	0	0	0	0	0	0		0
Nick Foles	QB	9	335	2	0	2	0	0	0	0	0	0	0	0	0	0		0
Justin Tucker	PK	9	0	0	0	0	0	0	0	0	0	0	0	0	0	0	48	3
Kirk Cousins	QB	9	220	3	0	0	0	0	0	0	0	0	0	0	0	0		0
Greg Zuerlein	PK	9	0	0	0	0	0	0	0	0	0	0	0	0	0	0	38;44;45;39	1
Ryan Tannehill	QB	9	158	2	0	3	0	0	0	0	0	0	0	0	0	0		0
Darren Fells	TE	9	0	0	0	0	0	26	0	2	0	0	0	0	0	0		0
Brandon McManus	PK	9	0	0	0	0	0	0	0	0	0	0	0	0	0	0	43;41	3
Adam Thielen	WR	9	0	0	0	0	0	38	0	2	0	0	0	0	0	0		0
Dustin Hopkins	PK	9	0	0	0	0	0	0	0	0	0	0	0	0	0	0	48;44	2
Ryan Griffin	TE	9	0	0	0	0	0	28	0	2	0	0	0	0	0	0		0
Jack Doyle	TE	9	0	0	0	0	0	0	0	0	0	0	0	0	0	0		0
Josh Hill	TE	9	0	0	0	0	0	14	1	2	0	0	0	0	0	0		0
Keenan Allen	WR	9	0	0	0	0	0	103	1	9	0	0	0	0	0	0		0
Rex Burkhead	RB	9	0	0	0	56	1	11	0	3	0	0	0	0	0	0		0
Chris Thompson	RB	9	0	0	0	3	0	35	0	4	0	0	0	0	0	0		0
Levine Toilolo	TE	9	0	0	0	0	0	0	0	1	0	0	0	0	0	0		0
Vance McDonald	TE	9	0	0	0	0	0	2	0	1	0	0	0	0	0	0		0
Jordan Reed	TE	9	0	0	0	0	0	3	0	1	0	0	0	0	0	0		0
Le'Veon Bell	RB	9	0	0	0	8	0	-5	0	1	0	0	0	0	0	0		0
Travis Kelce	TE	9	0	0	0	0	0	159	0	10	0	0	0	0	0	0		0
Latavius Murray	RB	9	0	0	0	39	0	3	0	2	0	0	0	0	0	0		0
Tyler Eifert	TE	9	0	0	0	0	0	48	0	4	0	0	0	0	0	0		0
DeAndre Hopkins	WR	9	0	0	0	0	0	30	0	3	0	0	0	0	0	0		0
Cordarrelle Patterson	RB	9	0	0	0	13	0	27	0	4	0	0	0	0	0	0		0
Willie Snead	WR	9	0	0	0	0	0	37	0	4	0	0	0	0	0	0		0
Trey Burton	TE	9	0	0	0	0	0	6	0	1	0	0	0	0	0	0		0
John Brown	WR	9	0	0	0	0	0	99	0	8	0	0	0	0	0	0		0
James White	RB	9	0	0	0	0	0	24	0	4	0	0	0	0	0	0		0
Chris Boswell	PK	9	0	0	0	0	0	0	0	0	0	0	0	0	0	0	59;43	0
Cairo Santos	PK	9	0	0	0	0	0	0	0	0	0	0	0	0	0	0	22	2
Brandin Cooks	WR	9	0	0	0	0	0	83	1	3	0	0	0	0	0	0		0
Teddy Bridgewater	QB	9	310	2	0	19	1	0	0	0	0	0	0	0	0	0		0
Logan Thomas	TE	9	0	0	0	0	0	28	0	3	0	0	0	0	0	0		0
Derek Carr	QB	9	165	2	0	14	0	0	0	0	1	0	0	0	0	0		0
Jerick McKinnon	RB	9	0	0	0	52	1	16	0	3	0	0	0	0	0	0		0
Davante Adams	WR	9	0	0	0	0	0	173	1	10	0	0	0	0	0	0		0
Sergio Castillo	PK	9	0	0	0	0	0	0	0	0	0	0	0	0	0	0	35;50	3
Eric Ebron	TE	9	0	0	0	0	0	22	1	3	0	0	0	0	0	0		0
Garrett Gilbert	QB	9	243	1	1	28	0	0	0	0	0	0	0	0	0	0		0
Mike Evans	WR	9	0	0	0	0	0	64	0	4	0	0	0	0	0	0		0
Allen Robinson	WR	9	0	0	0	0	0	81	0	7	0	0	0	0	0	0		0
Jason Myers	PK	9	0	0	0	0	0	0	0	0	0	0	0	0	0	0	45;44	4
Jameis Winston	QB	9	12	0	0	-3	0	0	0	0	0	0	0	0	0	0		0
Amari Cooper	WR	9	0	0	0	8	0	67	0	5	0	0	0	0	0	0		0
DeVante Parker	WR	9	0	0	0	0	0	64	0	6	0	0	0	0	0	0		0
Nelson Agholor	WR	9	0	0	0	0	0	55	1	2	0	0	0	0	0	0		0
Maxx Williams	TE	9	0	0	0	0	0	4	1	1	0	0	0	0	0	0		0
Stefon Diggs	WR	9	0	0	0	0	0	118	0	9	0	0	0	0	0	0		0
Nick Boyle	TE	9	0	0	0	0	0	46	0	4	0	0	0	0	0	0		0
Darren Waller	TE	9	0	0	0	0	0	22	1	5	0	0	0	0	0	0		0
DeAndre Carter	WR	9	0	0	0	0	0	0	0	0	0	0	0	0	0	0		0
Damiere Byrd	WR	9	0	0	0	0	0	65	0	5	0	0	0	0	0	0		0
Jamison Crowder	WR	9	0	0	0	0	0	26	1	2	0	0	0	0	0	0		0
James O'Shaughnessy	TE	9	0	0	0	0	0	9	0	1	0	0	0	0	0	0		0
Breshad Perriman	WR	9	0	0	0	0	0	101	2	5	0	0	0	0	0	0		0
Blake Bell	TE	9	0	0	0	0	0	-4	0	1	0	0	0	0	0	0		0
Mike Davis	RB	9	0	0	0	3	0	34	0	5	0	0	0	0	0	0		0
Josh Lambo	PK	9	0	0	0	0	0	0	0	0	0	0	0	0	0	0	59;30	1
Ameer Abdullah	RB	9	0	0	0	0	0	22	1	1	0	0	0	0	0	0		0
Chris Conley	WR	9	0	0	0	0	0	52	0	7	0	0	0	0	0	0		0
Jesse James	TE	9	0	0	0	0	0	0	0	1	0	0	0	0	0	0		0
Melvin Gordon	RB	9	0	0	0	18	0	9	0	1	0	0	0	0	0	0		0
David Johnson	RB	9	0	0	0	16	0	0	0	0	0	0	0	0	0	0		0
Tyler Lockett	WR	9	0	0	0	0	0	40	0	4	0	0	0	0	0	0		0
Tyler Kroft	TE	9	0	0	0	0	0	1	1	1	0	0	0	0	0	0		0
Todd Gurley	RB	9	0	0	0	53	1	2	0	2	0	0	0	0	0	0		0
Duke Johnson	RB	9	0	0	0	41	1	32	0	4	0	1	0	0	0	0		0
Sterling Shepard	WR	9	0	0	0	18	0	39	0	6	0	0	0	0	0	0		0
Nick Vannett	TE	9	0	0	0	0	0	11	0	1	0	0	0	0	0	0		0
Tyler Ervin	RB	9	0	0	0	24	0	48	0	4	0	0	0	0	0	0		0
Alex Collins	RB	9	0	0	0	5	0	0	0	0	0	0	0	0	0	0		0
Dwayne Washington	RB	9	0	0	0	9	0	0	0	0	0	0	0	0	0	0		0
Kalif Raymond	WR	9	0	0	0	0	0	0	0	0	0	0	0	0	0	0		0
Wil Lutz	PK	9	0	0	0	0	0	0	0	0	0	0	0	0	0	0	36	5
D.J. Foster	RB	9	0	0	0	2	0	7	0	1	0	0	0	0	0	0		0
J.D. McKissic	RB	9	0	0	0	17	0	65	0	9	0	0	0	0	0	0		0
Robbie Chosen	WR	9	0	0	0	0	0	63	0	9	0	0	0	0	0	0		0
Stephen Anderson	TE	9	0	0	0	0	0	0	0	0	0	0	0	0	0	0		0
Ka'imi Fairbairn	PK	9	0	0	0	0	0	0	0	0	0	0	0	0	0	0	54;30	3
Derrick Henry	RB	9	0	0	0	68	0	0	0	0	0	0	0	0	0	0		0
Michael Thomas	WR	9	0	0	0	0	0	51	0	5	0	0	0	0	0	0		0
Demarcus Robinson	WR	9	0	0	0	0	0	34	1	3	0	0	1	0	0	0		0
Jordan Howard	RB	9	0	0	0	19	1	0	0	0	0	0	0	0	0	0		0
Jakeem Grant	WR	9	0	0	0	0	0	35	0	4	0	0	0	0	0	0		0
Devontae Booker	RB	9	0	0	0	68	1	0	0	0	0	0	0	0	0	0		0
Marcus Johnson	WR	9	0	0	0	0	0	14	0	2	0	0	0	0	0	0		0
J.P. Holtz	TE	9	0	0	0	0	0	0	0	0	0	0	0	0	0	0		0
Jaydon Mickens	WR	9	0	0	0	0	0	0	0	0	0	0	0	0	0	0		0
Jalen Richard	RB	9	0	0	0	3	0	19	0	1	0	0	0	0	0	0		0
Tyreek Hill	WR	9	0	0	0	8	0	113	2	9	0	0	0	0	0	0		0
Ezekiel Elliott	RB	9	0	0	0	51	0	18	0	2	0	0	0	0	0	0		0
Hunter Henry	TE	9	0	0	0	0	0	33	0	4	0	0	0	0	0	0		0
Marvin Hall	WR	9	0	0	0	0	0	28	0	3	0	0	0	0	0	0		0
Pharoh Cooper	WR	9	0	0	0	0	0	0	0	0	0	0	0	0	0	0		0
Jacoby Brissett	QB	9	0	0	0	0	0	0	0	0	0	0	0	0	0	0		0
Will Fuller	WR	9	0	0	0	0	0	100	1	5	0	0	0	0	0	0		0
Mo Alie-Cox	TE	9	0	0	0	0	0	43	0	3	0	0	0	0	0	0		0
Zach Pascal	WR	9	0	0	0	0	0	55	0	5	0	0	0	0	0	0		0
Darrell Daniels	TE	9	0	0	0	0	0	21	1	1	0	0	0	0	0	0		0
Christian McCaffrey	RB	9	0	0	0	69	1	82	1	10	0	0	0	0	0	0		0
Curtis Samuel	WR	9	0	0	0	13	0	105	1	9	0	0	0	0	0	0		0
Trent Taylor	WR	9	0	0	0	0	0	9	0	1	0	0	0	0	0	0		0
Aaron Jones	RB	9	0	0	0	58	0	21	0	5	0	0	0	0	0	0		0
Harrison Butker	PK	9	0	0	0	0	0	0	0	0	0	0	0	0	0	0	39;55	3
Nick Mullens	QB	9	291	1	1	0	0	0	0	0	1	0	0	0	0	0		0
Taysom Hill	TE	9	48	0	0	54	0	21	0	1	0	0	0	0	0	0		0
C.J. Board	WR	9	0	0	0	0	0	10	0	1	0	0	0	0	0	0		0
Tim Patrick	WR	9	0	0	0	0	0	29	1	4	0	0	0	0	0	0		0
Jacob Hollister	TE	9	0	0	0	0	0	60	0	5	0	0	0	0	0	0		0
Pharaoh Brown	TE	9	0	0	0	0	0	0	0	0	0	0	0	0	0	0		0
Anthony Firkser	TE	9	0	0	0	0	0	19	0	3	0	0	0	0	0	0		0
Isaiah McKenzie	WR	9	0	0	0	1	0	25	1	1	0	0	0	0	0	0		0
Mike Williams	WR	9	0	0	0	0	0	81	0	5	0	0	0	0	0	0		0
Deshaun Watson	QB	9	281	2	0	50	0	0	0	0	0	0	0	0	0	0		0
James Conner	RB	9	0	0	0	22	0	-2	0	2	0	0	0	0	0	0		0
Mack Hollins	WR	9	0	0	0	0	0	11	1	1	0	0	0	0	0	0		0
Brian Hill	RB	9	0	0	0	24	0	0	0	0	0	0	0	0	0	0		0
David Moore	WR	9	0	0	0	0	0	71	1	4	0	0	0	0	0	0		0
Keelan Cole	WR	9	0	0	0	0	0	6	0	1	0	0	0	0	0	0		0
Younghoe Koo	PK	9	0	0	0	0	0	0	0	0	0	0	0	0	0	0	52;35	4
Robert Tonyan	TE	9	0	0	0	0	0	5	0	1	0	0	0	0	0	0		0
Leonard Fournette	RB	9	0	0	0	0	0	41	0	6	0	0	0	0	0	0		0
JuJu Smith-Schuster	WR	9	0	0	0	0	0	93	1	6	0	0	0	0	0	0		0
Jonnu Smith	TE	9	0	0	0	0	0	32	1	2	0	0	0	0	0	0		0
Zane Gonzalez	PK	9	0	0	0	0	0	0	0	0	0	0	0	0	0	0	37	4
Corey Davis	WR	9	0	0	0	0	0	0	0	0	0	0	0	0	0	0		0
Patrick Mahomes	QB	9	372	4	0	6	0	0	0	0	0	0	0	0	0	0		0
Evan Engram	TE	9	0	0	0	0	0	48	1	5	0	0	0	0	0	0		0
Dalvin Cook	RB	9	0	0	0	206	2	46	0	2	0	0	0	0	0	0		0
Adam Shaheen	TE	9	0	0	0	0	0	0	0	0	0	0	0	0	0	0		0
Alvin Kamara	RB	9	0	0	0	40	1	9	0	5	0	0	0	0	0	0		0
Chris Godwin Jr.	WR	9	0	0	0	0	0	41	0	3	0	0	0	0	0	0		0
D'Onta Foreman	RB	9	0	0	0	11	0	0	0	0	0	0	0	0	0	0		0
Wayne Gallman	RB	9	0	0	0	68	1	9	0	1	0	0	0	0	0	0		0
Jeremy McNichols	RB	9	0	0	0	10	0	0	0	0	0	0	0	0	0	0		0
Dan Arnold	TE	9	0	0	0	0	0	16	0	1	0	0	0	0	0	0		0
Brandon Zylstra	WR	9	0	0	0	0	0	28	0	1	0	0	0	0	0	0		0
River Cracraft	WR	9	0	0	0	0	0	13	0	2	0	0	0	0	0	0		0
Ross Dwelley	TE	9	0	0	0	0	0	52	0	3	0	0	0	0	0	0		0
Mike Badgley	PK	9	0	0	0	0	0	0	0	0	0	0	0	0	0	0	45;29	2
Cam Sims	WR	9	0	0	0	0	0	110	0	3	0	0	0	0	0	0		0
Phillip Lindsay	RB	9	0	0	0	23	0	0	0	0	0	0	0	0	0	0		0
Christian Blake	WR	9	0	0	0	0	0	31	0	3	0	0	0	0	0	0		0
Will Dissly	TE	9	0	0	0	0	0	26	0	1	0	0	0	0	0	0		0
Daniel Carlson	PK	9	0	0	0	0	0	0	0	0	0	0	0	0	0	0	31	4
Tim Boyle	QB	9	0	0	0	-1	0	0	0	0	0	0	0	0	0	0		0
Gus Edwards	RB	9	0	0	0	23	1	11	0	2	0	1	0	0	0	0		0
Nick Keizer	TE	9	0	0	0	0	0	0	0	0	0	0	0	0	0	0		0
Mike Boone	RB	9	0	0	0	0	0	0	0	0	0	0	0	0	0	0		0
Tyler Conklin	TE	9	0	0	0	0	0	0	0	0	0	0	0	0	0	0		0
Marquez Valdes-Scantling	WR	9	0	0	0	0	0	53	2	2	0	0	0	0	0	0		0
Richie James	WR	9	0	0	0	0	0	184	1	9	0	0	0	0	0	0		0
Darrel Williams	RB	9	0	0	0	0	0	3	0	1	0	0	0	0	0	0		0
Chad Beebe	WR	9	0	0	0	0	0	0	0	0	0	0	0	0	0	0		0
Kerryon Johnson	RB	9	0	0	0	29	0	36	0	3	0	0	0	0	0	0		0
Anthony Miller	WR	9	0	0	0	0	0	59	0	5	0	0	1	0	0	0		0
Jordan Akins	TE	9	0	0	0	0	0	19	0	2	0	0	0	0	0	0		0
Ian Thomas	TE	9	0	0	0	0	0	8	0	1	0	0	0	0	0	0		0
Nyheim Hines	RB	9	0	0	0	18	0	20	0	2	0	0	0	0	0	0		0
DaeSean Hamilton	WR	9	0	0	0	0	0	12	0	2	0	0	0	0	0	0		0
Dalton Schultz	TE	9	0	0	0	0	0	48	0	4	0	0	0	0	0	0		0
Jordan Wilkins	RB	9	0	0	0	39	0	-1	0	2	0	0	0	0	0	0		0
Ray-Ray McCloud	WR	9	0	0	0	0	0	16	0	2	0	0	0	0	0	0		0
Russell Gage	WR	9	0	0	0	0	0	11	0	2	0	0	0	0	0	0		0
Cedrick Wilson Jr.	WR	9	0	0	0	0	0	6	0	1	0	0	0	0	0	0		0
Braxton Berrios	WR	9	0	0	0	0	0	13	0	1	0	0	0	0	0	0		0
Kyle Allen	QB	9	62	0	0	0	0	0	0	0	0	0	0	0	0	0		0
Ryan Nall	RB	9	0	0	0	0	0	35	1	4	0	0	0	0	0	0		0
Brandon Powell	WR	9	0	0	0	4	0	9	1	1	0	0	0	0	0	0		0
Cameron Batson	WR	9	0	0	0	0	0	6	0	1	0	0	0	0	0	0		0
James Washington	WR	9	0	0	0	0	0	17	1	1	0	0	0	0	0	0		0
Chase Edmonds	RB	9	0	0	0	70	0	18	0	3	0	0	0	0	0	0		0
Mark Andrews	TE	9	0	0	0	0	0	22	0	3	0	0	0	0	0	0		0
Michael Gallup	WR	9	0	0	0	0	0	36	0	3	0	0	0	0	0	0		0
Tre'Quan Smith	WR	9	0	0	0	0	0	14	1	1	0	0	0	0	0	0		0
Mason Rudolph	QB	9	3	0	0	0	0	0	0	0	0	0	0	0	0	0		0
Christian Kirk	WR	9	0	0	0	0	0	123	1	5	0	0	0	0	0	0		0
DJ Chark	WR	9	0	0	0	0	0	146	1	7	0	0	0	0	0	0		0
Jaeden Graham	TE	9	0	0	0	0	0	0	0	0	0	0	0	0	0	0		0
Jason Sanders	PK	9	0	0	0	0	0	0	0	0	0	0	0	0	0	0	56;50	4
Lamar Jackson	QB	9	170	0	0	58	1	0	0	0	0	0	0	0	0	0		0
Durham Smythe	TE	9	0	0	0	0	0	19	0	1	0	0	0	0	0	0		0
Kalen Ballage	RB	9	0	0	0	69	1	15	0	2	0	0	0	0	0	0		0
Ronald Jones	RB	9	0	0	0	9	0	9	0	3	0	0	0	0	0	0		0
DJ Moore	WR	9	0	0	0	0	0	18	0	2	0	0	0	0	0	0		0
Mike Gesicki	TE	9	0	0	0	0	0	42	0	3	0	0	0	0	0	0		0
Hayden Hurst	TE	9	0	0	0	0	0	62	0	7	0	0	0	0	0	0		0
Josh Allen	QB	9	415	3	0	14	1	0	0	0	0	0	0	0	0	0		0
Steven Sims	WR	9	0	0	0	0	0	4	0	1	0	0	0	0	0	0		0
Jakobi Meyers	WR	9	0	0	0	0	0	169	0	12	0	0	0	0	0	0		0
Irv Smith	TE	9	0	0	0	0	0	10	2	2	0	0	0	0	0	0		0
Alexander Mattison	RB	9	0	0	0	69	0	0	0	0	0	0	0	0	0	0		0
Justice Hill	RB	9	0	0	0	0	0	0	0	0	0	0	0	0	0	0		0
Hunter Renfrow	WR	9	0	0	0	0	0	60	0	2	0	0	0	0	0	0		0
Kaden Smith	TE	9	0	0	0	0	0	8	0	1	0	0	0	0	0	0		0
Dexter Williams	RB	9	0	0	0	8	0	0	0	0	0	0	0	0	0	0		0
Penny Hart	WR	9	0	0	0	0	0	0	0	0	0	0	0	0	0	0		0
Mecole Hardman	WR	9	0	0	0	0	0	48	0	3	0	0	0	0	0	0		0
Darrius Shepherd	WR	9	0	0	0	0	0	3	0	1	0	0	0	0	0	0		0
Austin Walter	RB	9	0	0	0	0	0	0	0	0	0	0	0	0	0	0		0
Joey Slye	PK	9	0	0	0	0	0	0	0	0	0	0	0	0	0	0	47	4
Olamide Zaccheaus	WR	9	0	0	0	0	0	103	1	4	0	0	0	0	0	0		0
Deonte Harty	WR	9	0	0	0	0	0	40	0	1	0	0	0	0	0	0		0
Diontae Johnson	WR	9	0	0	0	4	0	77	0	6	0	0	0	0	0	0		0
Benny Snell	RB	9	0	0	0	1	0	0	0	0	0	0	0	0	0	0		0
Kyler Murray	QB	9	283	3	0	106	1	0	0	0	1	0	0	0	0	0		0
T.J. Hockenson	TE	9	0	0	0	0	0	39	1	5	0	0	0	0	0	0		0
Devin Singletary	RB	9	0	0	0	1	0	33	0	3	0	0	0	0	0	0		0
Tony Pollard	RB	9	0	0	0	57	0	1	0	1	0	0	0	0	0	0		0
Scott Miller	WR	9	0	0	0	0	0	10	0	1	0	0	0	0	0	0		0
Cullen Gillaspia	RB	9	0	0	0	0	0	0	0	0	0	0	0	0	0	0		0
Donald Parham	TE	9	0	0	0	0	0	0	0	0	0	0	0	0	0	0		0
Patrick Laird	RB	9	0	0	0	-1	0	17	0	1	0	0	0	0	0	0		0
Preston Williams	WR	9	0	0	0	0	0	60	1	4	0	0	0	0	0	0		0
Jalen Guyton	WR	9	0	0	0	0	0	9	0	1	0	0	0	0	0	0		0
Tyron Johnson	WR	9	0	0	0	0	0	50	0	1	0	0	0	0	0	0		0
Malik Taylor	WR	9	0	0	0	9	0	0	0	0	0	0	0	0	0	0		0
Andy Isabella	WR	9	0	0	0	0	0	10	0	2	0	0	0	0	0	0		0
Darius Slayton	WR	9	0	0	0	2	0	6	0	1	0	0	0	0	0	0		0
Riley Ridley	WR	9	0	0	0	0	0	23	0	2	0	0	0	0	0	0		0
Travis Homer	RB	9	0	0	0	16	0	64	0	3	0	0	0	0	0	0		0
DK Metcalf	WR	9	0	0	0	0	0	108	1	7	0	0	0	0	0	0		0
Noah Fant	TE	9	0	0	0	0	0	45	0	3	0	0	0	0	0	0		0
Gunner Olszewski	WR	9	0	0	0	16	0	-1	0	1	0	0	0	0	0	0		0
Damien Harris	RB	9	0	0	0	71	0	0	0	0	0	0	0	0	0	0		0
Terry McLaurin	WR	9	0	0	0	0	0	115	1	7	0	0	0	0	0	0		0
Marquise Brown	WR	9	0	0	0	0	0	38	0	3	0	0	0	0	0	0		0
Jace Sternberger	TE	9	0	0	0	0	0	1	0	1	0	0	0	0	0	0		0
A.J. Brown	WR	9	0	0	0	0	0	101	1	4	0	0	0	0	0	0		0
David Montgomery	RB	9	0	0	0	30	0	12	0	3	0	0	1	0	0	0		0
Josh Jacobs	RB	9	0	0	0	65	1	3	0	1	0	0	0	0	0	0		0
Miles Boykin	WR	9	0	0	0	0	0	11	0	1	0	0	0	0	0	0		0
Drew Lock	QB	9	313	2	1	47	1	0	0	0	0	0	0	0	0	0		0
Daniel Jones	QB	9	212	1	0	4	0	0	0	0	0	0	0	0	0	0		0
Jakob Johnson	RB	9	0	0	0	0	0	6	0	2	0	0	0	0	0	0		0
JaMycal Hasty	RB	9	0	0	0	3	0	10	0	2	0	0	0	0	0	0		0
James Robinson	RB	9	0	0	0	99	1	0	0	0	0	0	0	0	0	0		0
De'Michael Harris	WR	9	0	0	0	28	0	27	0	4	0	0	0	0	0	0		0
Rodrigo Blankenship	PK	9	0	0	0	0	0	0	0	0	0	0	0	0	0	0	43	1
Austin Mack	WR	9	0	0	0	0	0	72	0	4	0	0	0	0	0	0		0
Jonathan Ward	RB	9	0	0	0	0	0	0	0	0	0	0	0	0	0	0		0
Dan Chisena	WR	9	0	0	0	0	0	0	0	0	0	0	0	0	0	0		0
Salvon Ahmed	RB	9	0	0	0	38	0	0	0	0	0	0	0	0	0	0		0
James Proche	WR	9	0	0	0	0	0	0	0	0	0	0	0	0	0	0		0
Rico Dowdle	RB	9	0	0	0	0	0	0	0	0	0	0	0	0	0	0		0
Isaiah Wright	WR	9	0	0	0	0	0	30	0	3	0	0	0	0	0	0		0
J.K. Dobbins	RB	9	0	0	0	30	0	5	0	2	0	0	0	0	0	0		0
Tyler Bass	PK	9	0	0	0	0	0	0	0	0	0	0	0	0	0	0	44;22;31	5
Gabe Davis	WR	9	0	0	0	0	0	70	1	4	0	0	0	0	0	0		0
Tua Tagovailoa	QB	9	248	2	0	35	0	0	0	0	0	0	0	0	0	0		0
Marquez Callaway	WR	9	0	0	0	0	0	11	0	2	0	0	0	0	0	0		0
Jonathan Taylor	RB	9	0	0	0	27	1	7	0	2	0	1	0	0	0	0		0
Malcolm Perry	RB	9	0	0	0	0	0	0	0	0	0	0	0	0	0	0		0
Freddie Swain	WR	9	0	0	0	0	0	0	0	0	0	0	0	0	0	0		0
Zack Moss	RB	9	0	0	0	18	1	30	0	2	0	0	0	0	0	0		0
Michael Pittman	WR	9	0	0	0	0	0	56	0	4	0	0	0	0	0	0		0
Collin Johnson	WR	9	0	0	0	0	0	9	0	1	0	0	0	0	0	0		0
Denzel Mims	WR	9	0	0	0	0	0	62	0	4	0	0	0	0	0	0		0
Laviska Shenault Jr.	WR	9	0	0	0	0	0	-1	0	1	0	0	0	0	0	0		0
La'Mical Perine	RB	9	0	0	0	19	0	19	0	2	0	0	0	0	0	0		0
D'Andre Swift	RB	9	0	0	0	64	0	33	0	3	0	0	0	0	0	0		0
Quintez Cephus	WR	9	0	0	0	0	0	31	0	2	0	0	0	0	0	0		0
Darnell Mooney	WR	9	0	0	0	0	0	43	0	5	0	0	0	0	0	0		0
Jake Luton	QB	9	304	1	1	13	1	0	0	0	0	0	0	0	0	0		0
Justin Jefferson	WR	9	0	0	0	0	0	64	0	3	0	0	0	0	0	0		0
Chase Claypool	WR	9	0	0	0	4	0	69	0	8	0	0	0	0	0	0		0
Antonio Gibson	RB	9	0	0	0	20	1	35	0	3	0	0	1	0	0	0		0
Devin Duvernay	WR	9	0	0	0	-1	0	0	0	0	0	0	0	0	0	0		0
Anthony McFarland	RB	9	0	0	0	7	0	15	0	2	0	0	0	0	0	0		0
K.J. Osborn	WR	9	0	0	0	0	0	0	0	0	0	0	0	0	0	0		0
Justin Herbert	QB	9	326	2	0	24	0	0	0	0	0	0	0	0	0	0		0
Henry Ruggs III	WR	9	0	0	0	10	0	0	0	0	0	0	0	0	0	0		0
CeeDee Lamb	WR	9	0	0	0	0	0	71	1	4	0	0	1	0	0	0		0
Clyde Edwards-Helaire	RB	9	0	0	0	14	0	20	1	3	0	0	0	0	0	0		0
Joshua Kelley	RB	9	0	0	0	28	0	31	0	5	0	0	0	0	0	0		0
Joe Reed	WR	9	0	0	0	7	0	0	0	0	0	0	0	0	0	0		0
K.J. Hill	WR	9	0	0	0	0	0	0	0	0	0	0	0	0	0	0		0
Jerry Jeudy	WR	9	0	0	0	0	0	125	1	7	0	0	0	0	0	0		0
KJ Hamler	WR	9	0	0	0	15	0	75	0	6	0	0	0	0	0	0		0
Adam Trautman	TE	9	0	0	0	0	0	39	1	3	0	0	0	0	0	0		0
Albert Okwuegbunam	TE	9	0	0	0	0	0	7	0	1	0	0	0	0	0	0		0
DeeJay Dallas	RB	9	0	0	0	31	1	8	0	2	0	0	0	0	0	0		0
Tyler Johnson	WR	9	0	0	0	0	0	11	0	1	0	0	0	0	0	0		0
Tyrie Cleveland	WR	9	0	0	0	0	0	0	0	0	0	0	0	0	0	0		0
Tom Brady	QB	10	341	3	0	2	1	0	0	0	0	0	0	0	0	0		0
Drew Brees	QB	10	76	1	0	-1	0	0	0	0	0	0	0	0	0	0		0
Larry Fitzgerald	WR	10	0	0	0	0	0	13	0	2	0	0	0	0	0	0		0
Ben Roethlisberger	QB	10	333	4	0	0	0	0	0	0	0	0	0	0	0	0		0
Philip Rivers	QB	10	308	1	0	0	0	0	0	0	0	0	0	0	0	0		0
Robbie Gould	PK	10	0	0	0	0	0	0	0	0	0	0	0	0	0	0	32;40	1
Alex Smith	QB	10	390	0	0	4	0	0	0	0	0	0	0	0	0	0		0
Aaron Rodgers	QB	10	325	2	1	4	1	0	0	0	0	0	0	0	0	0		0
Matt Prater	PK	10	0	0	0	0	0	0	0	0	0	0	0	0	0	0	53;37;59	3
Stephen Gostkowski	PK	10	0	0	0	0	0	0	0	0	0	0	0	0	0	0	50	2
Adrian Peterson	RB	10	0	0	0	21	0	9	0	1	0	0	0	0	0	0		0
Greg Olsen	TE	10	0	0	0	0	0	33	0	2	0	0	0	0	0	0		0
Nick Folk	PK	10	0	0	0	0	0	0	0	0	0	0	0	0	0	0	20	2
Mason Crosby	PK	10	0	0	0	0	0	0	0	0	0	0	0	0	0	0	39	3
Danny Amendola	WR	10	0	0	0	0	0	10	0	3	0	0	0	0	0	0		0
Matthew Stafford	QB	10	276	3	0	0	0	0	0	0	0	0	0	0	0	0		0
Graham Gano	PK	10	0	0	0	0	0	0	0	0	0	0	0	0	0	0	35;44	3
Ryan Succop	PK	10	0	0	0	0	0	0	0	0	0	0	0	0	0	0	23;24;21;40	4
Jared Cook	TE	10	0	0	0	0	0	0	0	0	0	0	0	0	0	0		0
Rob Gronkowski	TE	10	0	0	0	0	0	51	1	2	0	0	0	0	0	0		0
Emmanuel Sanders	WR	10	0	0	0	0	0	5	0	1	0	0	0	0	0	0		0
Andre Roberts	WR	10	0	0	0	0	0	0	0	0	0	0	0	0	0	0		0
Jimmy Graham	TE	10	0	0	0	0	0	0	0	0	0	0	0	0	0	0		0
Antonio Brown	WR	10	0	0	0	-3	0	69	0	7	0	0	0	0	0	0		0
Golden Tate	WR	10	0	0	0	0	0	44	0	2	0	0	0	0	0	0		0
Cam Newton	QB	10	118	1	0	21	1	0	0	0	0	0	0	0	0	0		0
A.J. Green	WR	10	0	0	0	0	0	0	0	0	0	0	0	0	0	0		0
Blaine Gabbert	QB	10	0	0	0	0	0	0	0	0	0	0	0	0	0	0		0
Mark Ingram	RB	10	0	0	0	5	0	24	0	2	0	0	0	0	0	0		0
Kyle Rudolph	TE	10	0	0	0	0	0	63	0	4	0	0	1	0	0	0		0
Randall Cobb	WR	10	0	0	0	0	0	41	0	3	0	0	0	0	0	0		0
Dion Lewis	RB	10	0	0	0	0	0	17	0	2	0	0	0	0	0	0		0
Dwayne Harris	WR	10	0	0	0	0	0	0	0	0	0	0	0	0	0	0		0
Dan Bailey	PK	10	0	0	0	0	0	0	0	0	0	0	0	0	0	0	37;43	1
Kai Forbath	PK	10	0	0	0	0	0	0	0	0	0	0	0	0	0	0	23	2
Cole Beasley	WR	10	0	0	0	0	0	109	1	11	0	0	0	0	0	0		0
Derek Carrier	TE	10	0	0	0	0	0	0	0	0	0	0	0	0	0	0		0
Alshon Jeffery	WR	10	0	0	0	0	0	0	0	0	0	0	0	0	0	0		0
Alfred Morris	RB	10	0	0	0	34	0	0	0	0	0	0	0	0	0	0		0
Russell Wilson	QB	10	248	0	2	60	0	0	0	0	0	1	0	0	0	0		0
Marvin Jones	WR	10	0	0	0	0	0	96	1	8	0	0	0	0	0	0		0
Randy Bullock	PK	10	0	0	0	0	0	0	0	0	0	0	0	0	0	0	37	1
Nick Foles	QB	10	106	0	1	2	0	0	0	0	0	0	0	0	0	0		0
Justin Tucker	PK	10	0	0	0	0	0	0	0	0	0	0	0	0	0	0	24	2
Kirk Cousins	QB	10	292	2	1	-1	0	0	0	0	0	0	0	0	0	0		0
T.Y. Hilton	WR	10	0	0	0	0	0	40	0	4	0	0	0	0	0	0		0
Lamar Miller	RB	10	0	0	0	0	0	6	0	2	0	0	0	0	0	0		0
Ryan Tannehill	QB	10	147	1	0	9	0	0	0	0	0	0	0	0	0	0		0
Darren Fells	TE	10	0	0	0	0	0	15	0	1	0	0	0	0	0	0		0
Brandon McManus	PK	10	0	0	0	0	0	0	0	0	0	0	0	0	0	0	50;33	0
Adam Thielen	WR	10	0	0	0	0	0	43	2	4	0	0	0	0	0	0		0
Kenny Stills	WR	10	0	0	0	0	0	6	0	1	0	0	0	0	0	0		0
Dustin Hopkins	PK	10	0	0	0	0	0	0	0	0	0	0	0	0	0	0	38;41	3
Tyler Bray	QB	10	18	0	0	0	0	0	0	0	0	0	0	0	0	0		0
Demetrius Harris	TE	10	0	0	0	0	0	0	0	0	0	0	0	0	0	0		0
Keenan Allen	WR	10	0	0	0	0	0	39	1	3	0	0	0	0	0	0		0
Rex Burkhead	RB	10	0	0	0	31	0	35	2	4	0	0	0	0	0	0		0
Robert Woods	WR	10	0	0	0	3	0	33	0	5	0	0	0	0	0	0		0
Giovani Bernard	RB	10	0	0	0	30	0	17	0	4	0	0	0	0	0	0		0
Jordan Reed	TE	10	0	0	0	0	0	62	0	5	0	0	0	0	0	0		0
Latavius Murray	RB	10	0	0	0	57	0	0	0	0	0	0	0	0	0	0		0
Tyler Eifert	TE	10	0	0	0	0	0	15	0	2	0	0	0	0	0	0		0
DeAndre Hopkins	WR	10	0	0	0	0	0	127	1	7	0	0	0	0	0	0		0
Cordarrelle Patterson	RB	10	0	0	0	30	0	19	0	2	0	0	0	0	0	0		0
Willie Snead	WR	10	0	0	0	0	0	64	2	5	0	0	0	0	0	0		0
Trey Burton	TE	10	0	0	0	0	0	24	0	3	0	0	0	0	0	0		0
Cody Parkey	PK	10	0	0	0	0	0	0	0	0	0	0	0	0	0	0	41	1
John Brown	WR	10	0	0	0	0	0	72	0	6	0	0	0	0	0	0		0
James White	RB	10	0	0	0	0	0	8	0	2	0	0	0	0	0	0		0
Chris Boswell	PK	10	0	0	0	0	0	0	0	0	0	0	0	0	0	0	41;30;45	3
Cairo Santos	PK	10	0	0	0	0	0	0	0	0	0	0	0	0	0	0	23;42	1
Brandin Cooks	WR	10	0	0	0	0	0	39	0	6	0	0	0	0	0	0		0
Teddy Bridgewater	QB	10	136	2	1	16	1	0	0	0	0	0	0	0	0	0		0
Logan Thomas	TE	10	0	0	0	0	0	66	0	4	0	0	0	0	0	0		0
Cameron Brate	TE	10	0	0	0	0	0	31	1	3	0	0	0	0	0	0		0
Derek Carr	QB	10	154	0	0	10	0	0	0	0	0	0	0	0	0	0		0
Diontae Spencer	WR	10	0	0	0	0	0	0	0	0	0	0	0	0	0	0		0
Jerick McKinnon	RB	10	0	0	0	33	0	13	0	1	0	0	0	0	0	0		0
Davante Adams	WR	10	0	0	0	0	0	66	1	8	0	0	1	0	0	0		0
Jarvis Landry	WR	10	0	0	0	0	0	29	0	3	0	0	0	0	0	0		0
Richard Rodgers	TE	10	0	0	0	0	0	60	0	4	0	0	0	0	0	0		0
Eric Ebron	TE	10	0	0	0	0	0	38	0	2	0	0	0	0	0	0		0
Mike Evans	WR	10	0	0	0	0	0	77	1	6	0	0	0	0	0	0		0
Allen Robinson	WR	10	0	0	0	0	0	43	0	6	0	0	0	0	0	0		0
Jason Myers	PK	10	0	0	0	0	0	0	0	0	0	0	0	0	0	0	37;61;39	1
Jameis Winston	QB	10	63	0	0	-2	0	0	0	0	0	0	0	0	0	0		0
DeVante Parker	WR	10	0	0	0	0	0	31	0	2	0	0	0	0	0	0		0
Nelson Agholor	WR	10	0	0	0	0	0	8	0	1	0	0	0	0	0	0		0
Stefon Diggs	WR	10	0	0	0	0	0	93	1	10	0	0	0	0	0	0		0
Nick Boyle	TE	10	0	0	0	0	0	4	0	1	0	0	0	0	0	0		0
Darren Waller	TE	10	0	0	0	0	0	37	0	3	0	0	0	0	0	0		0
DeAndre Carter	WR	10	0	0	0	0	0	0	0	0	0	0	0	0	0	0		0
Malcolm Brown	RB	10	0	0	0	33	2	18	0	2	0	0	0	0	0	0		0
James O'Shaughnessy	TE	10	0	0	0	0	0	0	0	0	0	0	0	0	0	0		0
Mike Davis	RB	10	0	0	0	32	0	12	0	4	0	0	0	0	0	0		0
Chris Conley	WR	10	0	0	0	0	0	43	0	4	0	0	0	0	0	0		0
Jesse James	TE	10	0	0	0	0	0	9	0	2	0	0	0	0	0	0		0
Melvin Gordon	RB	10	0	0	0	46	0	0	0	0	0	0	0	0	0	0		0
Tyler Lockett	WR	10	0	0	0	0	0	66	0	5	0	0	0	0	0	0		0
Duke Johnson	RB	10	0	0	0	54	0	0	0	0	0	0	0	0	0	0		0
Sterling Shepard	WR	10	0	0	0	0	0	47	0	6	0	0	0	0	0	0		0
Austin Hooper	TE	10	0	0	0	0	0	11	0	1	0	0	0	0	0	0		0
C.J. Prosise	RB	10	0	0	0	0	0	-2	0	1	0	0	0	0	0	0		0
Tyler Ervin	RB	10	0	0	0	0	0	3	0	1	0	0	0	0	0	0		0
Alex Collins	RB	10	0	0	0	43	1	4	0	1	0	0	0	0	0	0		0
Kalif Raymond	WR	10	0	0	0	0	0	0	0	0	0	0	0	0	0	0		0
Alex Erickson	WR	10	0	0	0	0	0	0	0	0	0	0	0	0	0	0		0
Wil Lutz	PK	10	0	0	0	0	0	0	0	0	0	0	0	0	0	0	49;23	3
D.J. Foster	RB	10	0	0	0	0	0	0	0	0	0	0	0	0	0	0		0
J.D. McKissic	RB	10	0	0	0	6	1	43	0	7	0	0	0	0	0	0		0
Robbie Chosen	WR	10	0	0	0	0	0	21	0	4	0	0	0	0	0	0		0
Ka'imi Fairbairn	PK	10	0	0	0	0	0	0	0	0	0	0	0	0	0	0		1
Peyton Barber	RB	10	0	0	0	7	0	7	0	1	0	0	0	0	0	0		0
Derrick Henry	RB	10	0	0	0	103	0	6	0	1	0	0	0	0	0	0		0
Michael Thomas	WR	10	0	0	0	0	0	27	0	2	0	0	0	0	0	0		0
Jakeem Grant	WR	10	0	0	0	0	0	43	1	4	0	0	0	0	0	0		0
DeAndre Washington	RB	10	0	0	0	2	0	0	0	0	0	0	0	0	0	0		0
Carson Wentz	QB	10	208	0	0	4	0	0	0	0	0	0	0	0	0	0		0
Devontae Booker	RB	10	0	0	0	81	2	2	0	1	0	0	0	0	0	0		0
Rashard Higgins	WR	10	0	0	0	0	0	48	0	3	0	0	0	0	0	0		0
Marcus Johnson	WR	10	0	0	0	0	0	0	0	0	0	0	0	0	0	0		0
Tyler Boyd	WR	10	0	0	0	0	0	41	0	6	0	0	0	0	0	0		0
Jalen Richard	RB	10	0	0	0	0	0	0	0	0	0	0	0	0	0	0		0
Hunter Henry	TE	10	0	0	0	0	0	30	1	4	0	0	0	0	0	0		0
Marvin Hall	WR	10	0	0	0	0	0	61	1	2	0	0	0	0	0	0		0
Jared Goff	QB	10	302	0	0	4	0	0	0	0	1	0	0	0	0	0		0
Tyler Higbee	TE	10	0	0	0	0	0	60	0	3	0	0	0	0	0	0		0
Mike Thomas	WR	10	0	0	0	0	0	0	0	0	0	0	0	0	0	0		0
Kenyan Drake	RB	10	0	0	0	100	0	9	0	1	0	1	0	0	0	0		0
Jacoby Brissett	QB	10	0	0	0	2	1	0	0	0	0	0	0	0	0	0		0
Will Fuller	WR	10	0	0	0	0	0	38	0	5	0	0	0	0	0	0		0
Mo Alie-Cox	TE	10	0	0	0	0	0	19	0	3	0	0	0	0	0	0		0
Zach Pascal	WR	10	0	0	0	0	0	33	0	4	0	0	0	0	0	0		0
PJ Walker	QB	10	12	0	0	0	0	0	0	0	0	0	0	0	0	0		0
Curtis Samuel	WR	10	0	0	0	4	0	8	0	3	0	0	0	0	0	0		0
Trent Taylor	WR	10	0	0	0	0	0	0	0	0	0	0	0	0	0	0		0
Aaron Jones	RB	10	0	0	0	46	0	49	0	5	0	0	0	0	0	0		0
Alex Armah	RB	10	0	0	0	0	0	-5	0	2	0	0	0	0	0	0		0
Kendrick Bourne	WR	10	0	0	0	0	0	26	0	4	0	0	0	0	0	0		0
Nick Mullens	QB	10	247	1	2	3	0	0	0	0	0	0	0	0	0	0		0
Cethan Carter	TE	10	0	0	0	0	0	0	0	0	0	0	0	0	0	0		0
Taysom Hill	TE	10	0	0	0	45	0	0	0	0	0	1	0	0	0	0		0
Tim Patrick	WR	10	0	0	0	0	0	61	0	4	0	0	0	0	0	0		0
Patrick Ricard	RB	10	0	0	0	0	0	2	0	1	0	0	0	0	0	0		0
Jacob Hollister	TE	10	0	0	0	0	0	6	0	1	0	0	0	0	0	0		0
Pharaoh Brown	TE	10	0	0	0	0	0	21	1	2	0	0	0	0	0	0		0
Anthony Firkser	TE	10	0	0	0	0	0	5	0	1	0	0	0	0	0	0		0
Isaiah McKenzie	WR	10	12	1	0	0	0	2	0	1	0	0	0	0	0	0		0
Samaje Perine	RB	10	0	0	0	48	0	7	0	1	0	0	0	0	0	0		0
Mike Williams	WR	10	0	0	0	0	0	38	0	2	0	0	0	0	0	0		0
Deshaun Watson	QB	10	163	1	0	36	0	0	0	0	0	0	0	0	0	0		0
James Conner	RB	10	0	0	0	36	0	12	0	2	0	0	0	0	0	0		0
Mack Hollins	WR	10	0	0	0	0	0	1	0	1	0	0	0	0	0	0		0
David Moore	WR	10	0	0	0	2	0	16	0	2	0	0	0	0	0	0		0
Keelan Cole	WR	10	0	0	0	0	0	47	1	5	0	0	0	0	0	0		0
Colin Thompson	TE	10	0	0	0	0	0	7	1	1	0	0	0	0	0	0		0
Corey Clement	RB	10	0	0	0	5	1	0	0	0	0	0	0	0	0	0		0
Greg Ward	WR	10	0	0	0	0	0	39	0	5	0	0	0	0	0	0		0
Robert Tonyan	TE	10	0	0	0	0	0	33	0	3	0	0	0	0	0	0		0
Jake Elliott	PK	10	0	0	0	0	0	0	0	0	0	0	0	0	0	0	40	0
Dare Ogunbowale	RB	10	0	0	0	0	0	5	0	1	0	0	0	0	0	0		0
Leonard Fournette	RB	10	0	0	0	19	0	11	0	2	0	0	0	0	0	0		0
JuJu Smith-Schuster	WR	10	0	0	0	0	0	77	1	9	0	0	0	0	0	0		0
Jonnu Smith	TE	10	0	0	0	1	1	14	0	2	0	0	0	0	0	0		0
Zane Gonzalez	PK	10	0	0	0	0	0	0	0	0	0	0	0	0	0	0	23;42;21;45	2
Corey Davis	WR	10	0	0	0	0	0	67	0	5	0	0	0	0	0	0		0
Evan Engram	TE	10	0	0	0	0	0	15	0	2	0	0	0	0	0	0		0
Zay Jones	WR	10	0	0	0	0	0	6	0	1	0	0	0	0	0	0		0
Dalvin Cook	RB	10	0	0	0	96	0	16	0	4	0	0	0	0	0	0		0
Gerald Everett	TE	10	0	0	0	0	0	27	0	2	0	0	0	0	0	0		0
Adam Shaheen	TE	10	0	0	0	0	0	19	0	1	0	0	0	0	0	0		0
Alvin Kamara	RB	10	0	0	0	15	2	83	1	7	0	0	0	0	0	0		0
Cooper Kupp	WR	10	0	0	0	0	0	50	0	5	0	0	0	0	0	0		0
Chris Godwin Jr.	WR	10	0	0	0	0	0	92	0	6	0	0	0	0	0	0		0
Kareem Hunt	RB	10	0	0	0	104	0	28	0	3	0	0	0	0	0	0		0
D'Onta Foreman	RB	10	0	0	0	18	0	5	1	1	0	0	0	0	0	0		0
C.J. Beathard	QB	10	0	0	0	0	0	0	0	0	0	0	0	0	0	0		0
Josh Reynolds	WR	10	0	0	0	0	0	94	0	8	0	0	0	0	0	0		0
Jamaal Williams	RB	10	0	0	0	30	0	25	0	3	0	0	0	0	0	0		0
Wayne Gallman	RB	10	0	0	0	53	2	7	0	1	0	0	0	0	0	0		0
Jeremy McNichols	RB	10	0	0	0	26	0	8	0	1	0	0	0	0	0	0		0
Dan Arnold	TE	10	0	0	0	0	0	34	0	4	0	0	0	0	0	0		0
Ross Dwelley	TE	10	0	0	0	0	0	22	0	1	0	0	0	0	0	0		0
Mike Badgley	PK	10	0	0	0	0	0	0	0	0	0	0	0	0	0	0		3
Cam Sims	WR	10	0	0	0	0	0	54	0	4	0	0	0	0	0	0		0
Phillip Lindsay	RB	10	0	0	0	2	0	0	0	0	0	0	0	0	0	0		0
Will Dissly	TE	10	0	0	0	0	0	16	0	1	0	0	0	0	0	0		0
Daniel Carlson	PK	10	0	0	0	0	0	0	0	0	0	0	0	0	0	0	24;52;22	4
Trenton Cannon	RB	10	0	0	0	0	0	0	0	0	0	0	0	0	0	0		0
Gus Edwards	RB	10	0	0	0	42	0	31	0	1	0	0	0	0	0	0		0
Jeff Badet	WR	10	0	0	0	0	0	0	0	0	0	0	0	0	0	0		0
Tyler Conklin	TE	10	0	0	0	0	0	11	0	2	0	0	0	0	0	0		0
Marquez Valdes-Scantling	WR	10	0	0	0	0	0	149	1	4	0	0	0	0	0	0		0
Richie James	WR	10	0	0	0	0	0	26	0	3	0	0	0	0	0	0		0
Chad Beebe	WR	10	0	0	0	0	0	16	0	2	0	0	0	0	0	0		0
Jaylen Samuels	RB	10	0	0	0	0	0	0	0	0	0	0	0	0	0	0		0
Kerryon Johnson	RB	10	0	0	0	3	0	0	0	0	0	0	0	0	0	0		0
Dallas Goedert	TE	10	0	0	0	0	0	33	0	4	0	0	0	0	0	0		0
Anthony Miller	WR	10	0	0	0	0	0	28	0	2	0	0	0	0	0	0		0
Jordan Akins	TE	10	0	0	0	0	0	5	0	1	0	0	0	0	0	0		0
Ian Thomas	TE	10	0	0	0	0	0	7	0	1	0	0	0	0	0	0		0
Nyheim Hines	RB	10	0	0	0	70	1	45	1	5	0	0	0	0	0	0		0
DaeSean Hamilton	WR	10	0	0	0	0	0	33	1	4	0	0	1	0	0	0		0
Justin Watson	WR	10	0	0	0	0	0	0	0	0	0	0	0	0	0	0		0
Troy Fumagalli	TE	10	0	0	0	0	0	12	0	2	0	0	0	0	0	0		0
Jordan Wilkins	RB	10	0	0	0	28	0	0	0	0	0	0	0	0	0	0		0
Ray-Ray McCloud	WR	10	0	0	0	-1	0	4	0	2	0	0	0	0	0	0		0
Boston Scott	RB	10	0	0	0	63	1	11	0	1	0	0	0	0	0	0		0
Ryan Izzo	TE	10	0	0	0	0	0	20	0	1	0	0	0	0	0	0		0
Buddy Howell	RB	10	0	0	0	0	0	0	0	0	0	0	0	0	0	0		0
Trent Sherfield	WR	10	0	0	0	0	0	0	0	0	0	0	0	0	0	0		0
Ryan Nall	RB	10	0	0	0	0	0	18	0	1	0	0	0	0	0	0		0
Cameron Batson	WR	10	0	0	0	0	0	8	0	2	0	0	0	0	0	0		0
James Washington	WR	10	0	0	0	0	0	30	0	2	0	0	0	0	0	0		0
Chase Edmonds	RB	10	0	0	0	56	0	21	0	3	0	0	0	0	0	0		0
Auden Tate	WR	10	0	0	0	0	0	24	0	2	0	0	0	0	0	0		0
Mark Andrews	TE	10	0	0	0	0	0	61	0	7	0	0	0	0	0	0		0
Tre'Quan Smith	WR	10	0	0	0	0	0	0	0	0	0	0	0	0	0	0		0
Christian Kirk	WR	10	0	0	0	0	0	27	0	4	0	0	0	0	0	0		0
DJ Chark	WR	10	0	0	0	0	0	56	0	4	0	0	0	0	0	0		0
Nick Chubb	RB	10	0	0	0	126	1	0	0	0	0	0	0	0	0	0		0
Jason Sanders	PK	10	0	0	0	0	0	0	0	0	0	0	0	0	0	0	50;35;49	2
Lamar Jackson	QB	10	249	2	1	55	0	0	0	0	0	0	0	0	0	0		0
Durham Smythe	TE	10	0	0	0	0	0	9	1	2	0	0	0	0	0	0		0
Kalen Ballage	RB	10	0	0	0	68	0	34	0	5	0	0	0	0	0	0		0
Ronald Jones	RB	10	0	0	0	192	1	6	0	1	0	0	1	0	0	0		0
DJ Moore	WR	10	0	0	0	0	0	96	1	4	0	0	0	0	0	0		0
Mike Gesicki	TE	10	0	0	0	0	0	40	0	2	0	0	0	0	0	0		0
Royce Freeman	RB	10	0	0	0	11	0	15	0	2	0	0	0	0	0	0		0
KhaDarel Hodge	WR	10	0	0	0	0	0	0	0	0	0	0	0	0	0	0		0
Baker Mayfield	QB	10	132	0	0	1	0	0	0	0	0	0	0	0	0	0		0
Josh Allen	QB	10	284	2	2	38	0	12	1	1	0	0	0	0	0	0		0
Steven Sims	WR	10	0	0	0	0	0	46	0	5	0	0	0	0	0	0		0
Jakobi Meyers	WR	10	24	1	0	0	0	59	0	5	0	0	0	0	0	0		0
Alexander Mattison	RB	10	0	0	0	4	0	0	0	0	0	0	0	0	0	0		0
Justice Hill	RB	10	0	0	0	0	0	3	0	1	0	0	0	0	0	0		0
Hunter Renfrow	WR	10	0	0	0	0	0	30	0	2	0	0	0	0	0	0		0
Kaden Smith	TE	10	0	0	0	0	0	12	0	2	0	0	0	0	0	0		0
Bisi Johnson	WR	10	0	0	0	0	0	0	0	0	0	0	0	0	0	0		0
Austin Walter	RB	10	0	0	0	3	0	27	0	1	0	0	0	0	0	0		0
Joey Slye	PK	10	0	0	0	0	0	0	0	0	0	0	0	0	0	0	46	2
Deonte Harty	WR	10	0	0	0	0	0	24	0	4	0	0	0	0	0	0		0
Diontae Johnson	WR	10	0	0	0	0	0	116	1	6	0	0	0	0	0	0		0
Benny Snell	RB	10	0	0	0	12	0	0	0	0	0	0	0	0	0	0		0
Kyler Murray	QB	10	245	1	1	61	2	0	0	0	0	0	0	0	0	0		0
T.J. Hockenson	TE	10	0	0	0	0	0	13	0	2	0	0	0	0	0	0		0
Miles Sanders	RB	10	0	0	0	85	0	10	0	2	0	0	0	0	1	0		0
Devin Singletary	RB	10	0	0	0	15	0	-5	0	1	0	0	0	0	0	0		0
Trayveon Williams	RB	10	0	0	0	22	0	0	0	0	0	0	0	0	0	0		0
Scott Miller	WR	10	0	0	0	0	0	4	0	1	0	0	0	0	0	0		0
Cullen Gillaspia	RB	10	0	0	0	0	0	0	0	0	0	0	0	0	0	0		0
Terry Godwin	WR	10	0	0	0	0	0	0	0	0	0	0	0	0	0	0		0
Donald Parham	TE	10	0	0	0	0	0	13	0	1	0	0	0	0	0	0		0
Patrick Laird	RB	10	0	0	0	19	0	0	0	0	0	0	0	0	0	0		0
Chase McLaughlin	PK	10	0	0	0	0	0	0	0	0	0	0	0	0	0	0	52;31	2
Jalen Guyton	WR	10	0	0	0	0	0	24	0	4	0	0	0	0	0	0		0
Malik Taylor	WR	10	0	0	0	0	0	0	0	0	0	0	0	0	0	0		0
Andy Isabella	WR	10	0	0	0	0	0	14	0	1	0	0	0	0	0	0		0
Darius Slayton	WR	10	0	0	0	0	0	93	0	5	0	0	0	0	0	0		0
Isaac Nauta	TE	10	0	0	0	0	0	0	0	0	0	0	0	0	0	0		0
Travis Fulgham	WR	10	0	0	0	0	0	8	0	1	0	0	0	0	0	0		0
Travis Homer	RB	10	0	0	0	0	0	19	0	3	0	0	0	0	0	0		0
Nsimba Webster	WR	10	0	0	0	0	0	0	0	0	0	0	0	0	0	0		0
Drew Sample	TE	10	0	0	0	0	0	9	0	1	0	0	0	0	0	0		0
DK Metcalf	WR	10	0	0	0	0	0	28	0	2	0	0	0	0	0	0		0
Noah Fant	TE	10	0	0	0	0	0	18	0	3	0	0	0	0	0	0		0
Gunner Olszewski	WR	10	0	0	0	0	0	0	0	0	0	0	0	0	0	0		0
Damien Harris	RB	10	0	0	0	121	0	0	0	0	0	0	0	0	0	0		0
Terry McLaurin	WR	10	0	0	0	27	0	95	0	7	0	0	1	0	0	0		0
Marquise Brown	WR	10	0	0	0	0	0	14	0	2	0	0	0	0	0	0		0
Darrell Henderson	RB	10	0	0	0	28	1	5	0	1	0	0	0	0	0	0		0
A.J. Brown	WR	10	0	0	0	0	0	21	0	1	0	0	0	0	0	0		0
Dawson Knox	TE	10	0	0	0	0	0	16	0	2	0	0	0	0	0	0		0
Josh Jacobs	RB	10	0	0	0	112	2	24	0	4	0	0	0	0	0	0		0
Drew Lock	QB	10	257	1	4	7	0	0	0	0	0	0	0	0	0	0		0
Daniel Jones	QB	10	244	0	0	64	1	0	0	0	0	0	0	0	0	0		0
Jakob Johnson	RB	10	0	0	0	0	0	20	0	2	0	0	0	0	0	0		0
JaMycal Hasty	RB	10	0	0	0	13	0	-4	0	2	0	0	0	0	0	0		0
James Robinson	RB	10	0	0	0	109	0	3	0	2	0	0	0	0	0	0		0
De'Michael Harris	WR	10	0	0	0	0	0	21	0	1	0	0	0	0	0	0		0
Rodrigo Blankenship	PK	10	0	0	0	0	0	0	0	0	0	0	0	0	0	0	24;43	4
Austin Mack	WR	10	0	0	0	0	0	9	0	1	0	0	0	0	0	0		0
Rodney Smith	RB	10	0	0	0	13	0	2	0	1	0	0	0	0	0	0		0
Dan Chisena	WR	10	0	0	0	0	0	0	0	0	0	0	0	0	0	0		0
Salvon Ahmed	RB	10	0	0	0	85	1	5	0	1	0	0	0	0	0	0		0
James Proche	WR	10	0	0	0	0	0	0	0	0	0	0	0	0	0	0		0
Isaiah Wright	WR	10	0	0	0	0	0	59	0	6	0	0	0	0	0	0		0
J.K. Dobbins	RB	10	0	0	0	13	0	1	0	1	0	0	0	0	0	0		0
Tyler Bass	PK	10	0	0	0	0	0	0	0	0	0	0	0	0	0	0	54;55;58	3
Nick Westbrook-Ikhine	WR	10	0	0	0	0	0	0	0	0	0	0	0	0	0	0		0
Gabe Davis	WR	10	0	0	0	0	0	0	0	0	0	0	0	0	0	0		0
Artavis Pierce	RB	10	0	0	0	9	0	0	0	0	0	0	0	0	0	0		0
Tua Tagovailoa	QB	10	169	2	0	-1	0	0	0	0	0	0	0	0	0	0		0
Marquez Callaway	WR	10	0	0	0	0	0	0	0	0	0	0	0	0	0	0		0
Jonathan Taylor	RB	10	0	0	0	12	0	25	0	2	0	0	0	0	0	0		0
Donovan Peoples-Jones	WR	10	0	0	0	0	0	16	0	2	0	0	0	0	0	0		0
Malcolm Perry	RB	10	0	0	0	6	0	21	0	2	0	0	0	0	0	0		0
Freddie Swain	WR	10	0	0	0	0	0	37	0	3	0	0	0	0	0	0		0
Zack Moss	RB	10	0	0	0	20	0	-3	0	1	0	0	0	0	0	0		0
Michael Pittman	WR	10	0	0	0	21	0	101	0	7	0	0	0	0	0	0		0
Brandon Aiyuk	WR	10	0	0	0	-8	0	75	1	7	0	0	0	0	0	0		0
D'Andre Swift	RB	10	0	0	0	81	0	68	1	5	0	0	0	0	0	0		0
Quintez Cephus	WR	10	0	0	0	0	0	10	0	1	0	0	0	0	0	0		0
Cole Kmet	TE	10	0	0	0	0	0	7	0	1	0	0	0	0	0	0		0
Darnell Mooney	WR	10	0	0	0	0	0	3	0	2	0	0	0	0	0	0		0
Jake Luton	QB	10	169	1	1	0	0	0	0	0	0	0	0	0	0	0		0
Justin Jefferson	WR	10	0	0	0	0	0	135	0	8	0	0	0	0	0	0		0
Chase Claypool	WR	10	0	0	0	-3	0	56	2	4	0	0	0	0	0	0		0
Antonio Gibson	RB	10	0	0	0	45	2	20	0	4	0	0	0	0	0	0		0
Devin Duvernay	WR	10	0	0	0	0	0	45	0	3	0	0	0	0	0	0		0
K.J. Osborn	WR	10	0	0	0	0	0	0	0	0	0	0	0	0	0	0		0
Justin Herbert	QB	10	187	2	1	10	1	0	0	0	0	0	0	0	0	0		0
Henry Ruggs III	WR	10	0	0	0	0	0	31	0	3	0	0	0	0	0	0		0
Bryan Edwards	WR	10	0	0	0	0	0	16	0	1	0	0	0	0	0	0		0
Joshua Kelley	RB	10	0	0	0	21	0	0	0	0	0	0	0	0	0	0		0
Joe Reed	WR	10	0	0	0	0	0	0	0	0	0	0	0	0	0	0		0
K.J. Hill	WR	10	0	0	0	0	0	0	0	0	0	0	0	0	0	0		0
Jalen Reagor	WR	10	0	0	0	0	0	47	0	4	0	0	0	0	0	0		0
Jalen Hurts	QB	10	0	0	0	-1	0	0	0	0	0	0	0	0	0	0		0
Jerry Jeudy	WR	10	0	0	0	0	0	68	0	4	0	0	0	0	0	0		0
Tee Higgins	WR	10	0	0	0	0	0	115	1	7	0	0	1	0	0	0		0
KJ Hamler	WR	10	0	0	0	0	0	50	0	4	0	0	0	0	0	0		0
Cam Akers	RB	10	0	0	0	38	0	0	0	0	0	0	0	0	0	0		0
Van Jefferson	WR	10	0	0	0	0	0	15	0	1	0	0	0	0	0	0		0
DeeJay Dallas	RB	10	0	0	0	8	0	23	0	2	0	0	0	0	0	0		0
Tyler Johnson	WR	10	0	0	0	0	0	0	0	0	0	0	0	0	0	0		0
Joe Burrow	QB	10	213	1	0	0	0	0	0	0	0	0	0	0	0	0		0
Tom Brady	QB	11	216	2	2	0	0	0	0	0	0	0	0	0	0	0		0
Jason Witten	TE	11	0	0	0	0	0	1	1	1	0	0	0	0	0	0		0
Larry Fitzgerald	WR	11	0	0	0	0	0	62	0	8	0	0	0	0	0	0		0
Ben Roethlisberger	QB	11	267	2	1	0	0	0	0	0	0	0	0	0	0	0		0
Philip Rivers	QB	11	288	3	1	-1	0	0	0	0	0	0	0	0	0	0		0
Alex Smith	QB	11	166	1	1	-3	0	0	0	0	0	0	0	0	0	0		0
Aaron Rodgers	QB	11	311	3	1	13	0	0	0	0	0	1	0	0	0	0		0
Frank Gore	RB	11	0	0	0	61	1	10	0	2	0	0	0	0	0	0		0
Ryan Fitzpatrick	QB	11	117	0	1	6	0	0	0	0	0	0	0	0	0	0		0
Matt Prater	PK	11	0	0	0	0	0	0	0	0	0	0	0	0	0	0		0
Marcedes Lewis	TE	11	0	0	0	0	0	8	0	1	0	0	0	0	0	0		0
Stephen Gostkowski	PK	11	0	0	0	0	0	0	0	0	0	0	0	0	0	0	40;40;22	1
Adrian Peterson	RB	11	0	0	0	18	0	0	0	0	0	0	0	0	0	0		0
Greg Olsen	TE	11	0	0	0	0	0	20	0	2	0	0	0	0	0	0		0
Nick Folk	PK	11	0	0	0	0	0	0	0	0	0	0	0	0	0	0	45;36	2
Mason Crosby	PK	11	0	0	0	0	0	0	0	0	0	0	0	0	0	0	26	4
Matt Ryan	QB	11	232	0	2	0	0	0	0	0	0	0	0	0	0	0		0
Joe Flacco	QB	11	205	2	1	2	0	0	0	0	0	0	0	0	0	0		0
Matthew Slater	WR	11	0	0	0	0	0	0	0	0	0	0	0	0	0	0		0
Matthew Stafford	QB	11	178	0	0	5	0	0	0	0	0	0	0	0	0	0		0
Ryan Succop	PK	11	0	0	0	0	0	0	0	0	0	0	0	0	0	0	38	3
Jared Cook	TE	11	0	0	0	0	0	6	0	1	0	0	0	0	0	0		0
Rob Gronkowski	TE	11	0	0	0	0	0	25	0	2	0	0	0	0	0	0		0
Emmanuel Sanders	WR	11	0	0	0	0	0	66	0	4	0	0	0	0	0	0		0
Antonio Brown	WR	11	0	0	0	1	0	57	0	8	0	0	0	0	0	0		0
Dez Bryant	WR	11	0	0	0	0	0	28	0	4	0	0	0	0	0	0		0
Cam Newton	QB	11	365	1	0	6	0	0	0	0	0	0	0	0	0	0		0
A.J. Green	WR	11	0	0	0	0	0	41	1	4	0	0	0	0	0	0		0
Julio Jones	WR	11	0	0	0	0	0	39	0	2	0	0	0	0	0	0		0
Mark Ingram	RB	11	0	0	0	2	0	0	0	0	0	0	0	0	0	0		0
Andy Dalton	QB	11	203	3	1	5	0	-3	0	1	0	0	0	0	0	0		0
Kyle Rudolph	TE	11	0	0	0	0	0	28	0	3	0	0	0	0	0	0		0
Randall Cobb	WR	11	0	0	0	0	0	7	1	2	0	0	0	0	0	0		0
Luke Stocker	TE	11	0	0	0	0	0	0	0	0	0	0	0	0	0	0		0
Dan Bailey	PK	11	0	0	0	0	0	0	0	0	0	0	0	0	0	0		4
Derek Carrier	TE	11	0	0	0	0	0	14	0	1	0	0	0	0	0	0		0
Alshon Jeffery	WR	11	0	0	0	0	0	0	0	0	0	0	0	0	0	0		0
Russell Wilson	QB	11	197	2	0	42	0	0	0	0	0	0	0	0	0	0		0
Marvin Jones	WR	11	0	0	0	0	0	51	0	4	0	0	0	0	0	0		0
Randy Bullock	PK	11	0	0	0	0	0	0	0	0	0	0	0	0	0	0	53	0
Justin Tucker	PK	11	0	0	0	0	0	0	0	0	0	0	0	0	0	0	30;27;29	1
Kirk Cousins	QB	11	314	3	0	4	0	0	0	0	1	0	0	0	0	0		0
T.Y. Hilton	WR	11	0	0	0	0	0	36	0	3	0	0	0	0	0	0		0
Greg Zuerlein	PK	11	0	0	0	0	0	0	0	0	0	0	0	0	0	0	19	2
Ryan Tannehill	QB	11	259	2	1	35	0	0	0	0	0	0	0	0	1	0		0
Darren Fells	TE	11	0	0	0	0	0	29	0	2	0	0	0	0	0	0		0
Brandon McManus	PK	11	0	0	0	0	0	0	0	0	0	0	0	0	0	0	29;47	2
Adam Thielen	WR	11	0	0	0	0	0	123	2	8	0	0	0	0	0	0		0
Dustin Hopkins	PK	11	0	0	0	0	0	0	0	0	0	0	0	0	0	0	32;50	2
Jack Doyle	TE	11	0	0	0	0	0	6	1	1	0	0	0	0	0	0		0
Keenan Allen	WR	11	0	0	0	0	0	145	1	16	0	0	1	0	0	0		0
Rex Burkhead	RB	11	0	0	0	7	0	5	0	2	0	0	0	0	0	0		0
Robert Woods	WR	11	0	0	0	-4	0	130	1	12	0	0	0	0	0	0		0
Giovani Bernard	RB	11	0	0	0	18	0	37	0	4	0	0	0	0	0	0		0
Kenjon Barner	RB	11	0	0	0	0	0	0	0	0	0	0	0	0	0	0		0
Le'Veon Bell	RB	11	0	0	0	25	1	11	0	1	0	0	0	0	0	0		0
Travis Kelce	TE	11	4	0	0	0	0	127	1	8	0	0	0	0	0	0		0
Latavius Murray	RB	11	0	0	0	49	0	36	0	2	0	0	0	0	0	0		0
Tyler Eifert	TE	11	0	0	0	0	0	32	0	2	0	0	0	0	0	0		0
DeAndre Hopkins	WR	11	0	0	0	0	0	51	0	5	0	0	0	0	0	0		0
Willie Snead	WR	11	0	0	0	0	0	23	0	3	0	0	0	0	0	0		0
Trey Burton	TE	11	0	0	0	0	0	25	1	2	0	0	0	0	0	0		0
Cody Parkey	PK	11	0	0	0	0	0	0	0	0	0	0	0	0	0	0	46;28	2
Carlos Hyde	RB	11	0	0	0	79	1	16	0	2	0	0	0	0	0	0		0
James White	RB	11	0	0	0	19	0	64	0	6	0	0	0	0	0	0		0
Chris Boswell	PK	11	0	0	0	0	0	0	0	0	0	0	0	0	0	0	44;47	3
Brandin Cooks	WR	11	0	0	0	0	0	85	0	4	0	0	0	0	0	0		0
Logan Thomas	TE	11	0	0	0	2	0	6	0	2	0	0	0	0	0	0		0
Cameron Brate	TE	11	0	0	0	0	0	23	0	3	0	0	0	0	0	0		0
Derek Carr	QB	11	275	3	1	6	0	0	0	0	0	0	0	0	0	0		0
Diontae Spencer	WR	11	0	0	0	0	0	0	0	0	0	0	0	0	0	0		0
Donte Moncrief	WR	11	0	0	0	0	0	15	0	1	0	0	0	0	0	0		0
Davante Adams	WR	11	0	0	0	0	0	106	1	7	0	0	0	0	0	0		0
Jarvis Landry	WR	11	0	0	0	3	0	23	0	2	0	0	0	0	0	0		0
Richard Rodgers	TE	11	0	0	0	0	0	48	1	2	0	0	0	0	0	0		0
Eric Ebron	TE	11	0	0	0	0	0	36	1	4	0	0	0	0	0	0		0
Mike Evans	WR	11	0	0	0	0	0	49	1	5	0	0	0	0	0	0		0
Chris Manhertz	TE	11	0	0	0	0	0	0	0	0	0	0	0	0	0	0		0
Jason Myers	PK	11	0	0	0	0	0	0	0	0	0	0	0	0	0	0	27;41	2
Amari Cooper	WR	11	0	0	0	0	0	81	0	6	0	0	0	0	0	0		0
DeVante Parker	WR	11	0	0	0	0	0	61	1	6	0	0	0	0	0	0		0
Nelson Agholor	WR	11	0	0	0	0	0	88	1	6	0	0	0	0	0	0		0
Maxx Williams	TE	11	0	0	0	0	0	29	0	2	0	0	0	0	0	0		0
Darren Waller	TE	11	0	0	0	0	0	88	1	7	0	0	0	0	0	0		0
Malcolm Brown	RB	11	0	0	0	20	0	8	0	1	0	0	0	0	0	0		0
Damiere Byrd	WR	11	0	0	0	11	0	132	1	6	0	0	0	0	0	0		0
Jamison Crowder	WR	11	0	0	0	0	0	16	0	1	0	0	0	0	0	0		0
Breshad Perriman	WR	11	0	0	0	0	0	54	1	2	0	0	0	0	0	0		0
Blake Bell	TE	11	0	0	0	0	0	13	0	1	0	0	0	0	0	0		0
Mike Davis	RB	11	0	0	0	64	1	15	0	2	0	0	0	0	0	0		0
Daniel Brown	TE	11	0	0	0	0	0	0	0	0	0	0	0	0	0	0		0
Chris Conley	WR	11	0	0	0	0	0	13	0	1	0	0	0	0	0	0		0
Jesse James	TE	11	0	0	0	0	0	3	0	1	0	0	0	0	0	0		0
Geoff Swaim	TE	11	0	0	0	0	0	9	0	1	0	0	0	0	0	0		0
Melvin Gordon	RB	11	0	0	0	84	2	0	0	0	0	1	0	0	0	0		0
Tyler Lockett	WR	11	0	0	0	0	0	67	1	9	0	0	0	0	0	0		0
Todd Gurley	RB	11	0	0	0	26	0	3	0	1	0	0	0	0	0	0		0
Duke Johnson	RB	11	0	0	0	15	0	20	0	3	0	0	0	0	0	0		0
Austin Hooper	TE	11	0	0	0	0	0	33	0	3	0	0	0	0	0	0		0
C.J. Prosise	RB	11	0	0	0	4	0	8	0	2	0	0	0	0	0	0		0
Nick Vannett	TE	11	0	0	0	0	0	24	0	2	0	0	0	0	0	0		0
Kalif Raymond	WR	11	0	0	0	0	0	0	0	0	0	0	0	0	0	0		0
Alex Erickson	WR	11	0	0	0	2	0	8	0	1	0	0	0	0	0	0		0
Wil Lutz	PK	11	0	0	0	0	0	0	0	0	0	0	0	0	0	0	22	3
D.J. Foster	RB	11	0	0	0	0	0	0	0	0	0	0	0	0	0	0		0
J.D. McKissic	RB	11	0	0	0	43	0	26	0	3	0	0	0	0	0	0		0
Robbie Chosen	WR	11	0	0	0	0	0	46	0	7	0	0	0	0	0	0		0
Ka'imi Fairbairn	PK	11	0	0	0	0	0	0	0	0	0	0	0	0	0	0	36;46	3
Peyton Barber	RB	11	0	0	0	28	0	0	0	0	0	0	0	0	0	0		0
Derrick Henry	RB	11	0	0	0	133	1	-1	0	1	0	0	0	0	0	0		0
Michael Thomas	WR	11	0	0	0	0	0	104	0	9	0	0	0	0	0	0		0
Demarcus Robinson	WR	11	0	0	0	0	0	44	0	6	0	0	0	0	0	0		0
Jakeem Grant	WR	11	0	0	0	3	0	12	0	2	0	0	0	0	0	0		0
Carson Wentz	QB	11	235	2	2	10	0	0	0	0	0	0	0	0	0	0		0
Devontae Booker	RB	11	0	0	0	16	0	3	0	1	0	0	0	0	0	0		0
Rashard Higgins	WR	11	0	0	0	0	0	65	0	3	0	0	0	0	0	0		0
Marcus Johnson	WR	11	0	0	0	0	0	14	0	1	0	0	0	0	0	0		0
Tyler Boyd	WR	11	0	0	0	0	0	85	0	9	0	0	0	0	0	0		0
Tyreek Hill	WR	11	0	0	0	-2	0	102	1	11	0	0	0	0	0	0		0
Ezekiel Elliott	RB	11	0	0	0	103	0	11	1	2	0	0	0	0	0	0		0
Hunter Henry	TE	11	0	0	0	0	0	48	1	4	0	0	0	0	0	0		0
Marvin Hall	WR	11	0	0	0	0	0	16	0	3	0	0	0	0	0	0		0
Jared Goff	QB	11	376	3	2	0	0	0	0	0	0	0	0	0	0	0		0
Tyler Higbee	TE	11	0	0	0	1	0	19	0	4	0	0	0	0	0	0		0
Pharoh Cooper	WR	11	0	0	0	0	0	0	0	0	0	0	0	0	0	0		0
Kenyan Drake	RB	11	0	0	0	29	1	31	0	4	0	0	0	0	0	0		0
Jacoby Brissett	QB	11	0	0	0	9	0	0	0	0	0	0	0	0	0	0		0
Will Fuller	WR	11	0	0	0	0	0	80	0	6	0	0	0	0	0	0		0
Sam Ficken	PK	11	0	0	0	0	0	0	0	0	0	0	0	0	0	0		2
Troymaine Pope	RB	11	0	0	0	4	0	12	0	2	0	0	0	0	0	0		0
Mo Alie-Cox	TE	11	0	0	0	0	0	16	0	2	0	0	1	0	0	0		0
Johnny Mundt	TE	11	0	0	0	0	0	0	0	0	0	0	0	0	0	0		0
Zach Pascal	WR	11	0	0	0	0	0	54	0	3	0	0	0	0	0	0		0
PJ Walker	QB	11	258	1	2	-2	0	0	0	0	0	0	0	0	0	0		0
Curtis Samuel	WR	11	0	0	0	4	0	70	1	8	0	0	0	0	0	0		0
Aaron Jones	RB	11	0	0	0	41	1	30	0	4	0	0	0	0	0	0		0
Alex Armah	RB	11	0	0	0	0	0	0	0	0	0	0	0	0	0	0		0
Harrison Butker	PK	11	0	0	0	0	0	0	0	0	0	0	0	0	0	0		5
Matt Breida	RB	11	0	0	0	4	0	0	0	0	0	0	0	0	0	0		0
Taysom Hill	TE	11	233	0	0	49	2	0	0	0	0	1	0	0	0	0		0
Tim Patrick	WR	11	0	0	0	0	0	119	0	5	0	0	0	0	0	0		0
Patrick Ricard	RB	11	0	0	0	0	0	5	0	1	0	0	0	0	0	0		0
Jacob Hollister	TE	11	0	0	0	0	0	14	0	2	0	0	0	0	0	0		0
Pharaoh Brown	TE	11	0	0	0	0	0	22	0	2	0	0	0	0	0	0		0
Anthony Firkser	TE	11	0	0	0	0	0	33	0	4	0	0	0	0	0	0		0
Samaje Perine	RB	11	0	0	0	19	0	2	0	1	0	0	0	0	0	0		0
Mike Williams	WR	11	0	0	0	0	0	72	1	4	0	0	0	0	0	0		0
Deshaun Watson	QB	11	344	2	0	36	1	0	0	0	0	0	0	0	0	0		0
James Conner	RB	11	0	0	0	89	0	10	0	3	0	0	0	0	0	0		0
Mack Hollins	WR	11	0	0	0	0	0	9	0	1	0	0	0	0	0	0		0
Brian Hill	RB	11	0	0	0	18	0	0	0	0	0	0	0	0	0	0		0
Jamal Agnew	WR	11	0	0	0	0	0	10	0	3	0	0	0	0	0	0		0
Eric Saubert	TE	11	0	0	0	0	0	3	0	1	0	0	0	0	0	0		0
David Moore	WR	11	0	0	0	0	0	5	0	2	0	0	0	0	0	0		0
Noah Brown	WR	11	0	0	0	0	0	6	0	1	0	0	0	0	0	0		0
Keelan Cole	WR	11	0	0	0	0	0	26	0	2	0	0	0	0	0	0		0
Younghoe Koo	PK	11	0	0	0	0	0	0	0	0	0	0	0	0	0	0	28;51;52	0
Greg Ward	WR	11	0	0	0	0	0	9	0	3	0	0	0	0	0	0		0
Robert Tonyan	TE	11	0	0	0	0	0	44	1	5	0	0	0	0	0	0		0
Jake Elliott	PK	11	0	0	0	0	0	0	0	0	0	0	0	0	0	0	43	2
Dare Ogunbowale	RB	11	0	0	0	0	0	0	0	0	0	0	0	0	0	0		0
Leonard Fournette	RB	11	0	0	0	17	1	9	0	1	0	0	0	0	0	0		0
JuJu Smith-Schuster	WR	11	0	0	0	0	0	19	0	4	0	0	0	0	0	0		0
Jonnu Smith	TE	11	0	0	0	0	0	20	1	4	0	0	0	0	0	0		0
Zane Gonzalez	PK	11	0	0	0	0	0	0	0	0	0	0	0	0	0	0		3
Corey Davis	WR	11	0	0	0	0	0	113	0	5	0	0	0	0	0	0		0
Patrick Mahomes	QB	11	348	2	1	16	0	0	0	0	0	0	0	0	0	0		0
David Njoku	TE	11	0	0	0	0	0	0	0	0	0	0	0	0	0	0		0
Zay Jones	WR	11	0	0	0	0	0	18	0	1	0	0	0	0	0	0		0
Dalvin Cook	RB	11	0	0	0	115	1	45	0	5	0	0	1	0	0	0		0
Gerald Everett	TE	11	0	0	0	0	0	27	0	4	0	0	0	0	0	0		0
Alvin Kamara	RB	11	0	0	0	45	1	0	0	0	0	0	0	0	0	0		0
Cooper Kupp	WR	11	0	0	0	0	0	145	0	11	0	0	0	0	0	0		0
Chris Godwin Jr.	WR	11	0	0	0	0	0	53	1	7	0	0	0	0	0	0		0
Kareem Hunt	RB	11	0	0	0	11	1	10	0	1	0	0	0	0	0	0		0
D'Onta Foreman	RB	11	0	0	0	1	0	0	0	0	0	0	0	0	0	0		0
Josh Reynolds	WR	11	0	0	0	0	0	32	0	3	0	0	0	0	0	0		0
Jamaal Williams	RB	11	0	0	0	12	0	4	1	1	0	0	0	0	0	0		0
Jeremy McNichols	RB	11	0	0	0	0	0	2	0	1	0	0	0	0	0	0		0
Dan Arnold	TE	11	0	0	0	0	0	4	1	1	0	0	0	0	0	0		0
Mike Badgley	PK	11	0	0	0	0	0	0	0	0	0	0	0	0	0	0	44;23	4
Cam Sims	WR	11	0	0	0	0	0	20	0	2	0	0	0	0	0	0		0
Phillip Lindsay	RB	11	0	0	0	82	0	0	0	0	0	0	0	0	0	0		0
Christian Blake	WR	11	0	0	0	0	0	28	0	2	0	0	0	0	0	0		0
Will Dissly	TE	11	0	0	0	0	0	10	0	1	0	0	0	0	0	0		0
Daniel Carlson	PK	11	0	0	0	0	0	0	0	0	0	0	0	0	0	0	35	4
Trenton Cannon	RB	11	0	0	0	0	0	0	0	0	0	0	0	0	0	0		0
Gus Edwards	RB	11	0	0	0	6	0	0	0	0	0	0	0	0	0	0		0
Nick Keizer	TE	11	0	0	0	0	0	5	0	1	0	0	0	0	0	0		0
Marquez Valdes-Scantling	WR	11	0	0	0	0	0	55	0	3	0	0	1	0	0	0		0
Equanimeous St. Brown	WR	11	0	0	0	0	0	23	0	1	0	0	0	0	0	0		0
Byron Pringle	WR	11	0	0	0	0	0	17	0	3	0	0	0	0	0	0		0
Darrel Williams	RB	11	0	0	0	0	0	22	0	3	0	0	0	0	0	0		0
Chad Beebe	WR	11	0	0	0	0	0	0	0	0	0	0	0	0	0	0		0
Kerryon Johnson	RB	11	0	0	0	17	0	21	0	2	0	0	0	0	0	0		0
Dallas Goedert	TE	11	0	0	0	0	0	77	1	5	0	0	0	0	0	0		0
Jordan Akins	TE	11	0	0	0	0	0	83	0	5	0	0	0	0	0	0		0
Keke Coutee	WR	11	0	0	0	0	0	10	1	2	0	0	0	0	0	0		0
Nyheim Hines	RB	11	0	0	0	2	0	31	0	3	0	0	0	0	1	0		0
Ito Smith	RB	11	0	0	0	5	0	0	0	0	0	0	0	0	0	0		0
Dalton Schultz	TE	11	0	0	0	0	0	25	1	4	0	0	0	0	0	0		0
Justin Watson	WR	11	0	0	0	0	0	0	0	0	0	0	0	0	0	0		0
Troy Fumagalli	TE	11	0	0	0	0	0	0	0	0	0	0	0	0	0	0		0
Jordan Wilkins	RB	11	0	0	0	21	0	15	0	1	0	0	0	0	0	0		0
Ray-Ray McCloud	WR	11	0	0	0	3	0	20	0	4	0	0	0	0	0	0		0
Russell Gage	WR	11	0	0	0	0	0	58	0	7	0	0	0	0	0	0		0
Boston Scott	RB	11	0	0	0	24	0	26	0	3	0	0	0	0	0	0		0
Cedrick Wilson Jr.	WR	11	0	0	0	0	0	7	0	1	0	0	0	0	0	0		0
Braxton Berrios	WR	11	0	0	0	0	0	0	0	0	0	0	0	0	0	0		0
Bo Scarbrough	RB	11	0	0	0	31	0	0	0	0	0	0	0	0	0	0		0
Logan Woodside	QB	11	7	0	0	0	0	0	0	0	0	0	0	0	0	0		0
Ryan Izzo	TE	11	0	0	0	0	0	59	0	2	0	0	0	0	0	0		0
Allen Lazard	WR	11	0	0	0	0	0	18	0	2	0	0	0	0	0	0		0
Brandon Powell	WR	11	0	0	0	3	0	0	0	0	0	0	0	0	0	0		0
Cameron Batson	WR	11	0	0	0	4	0	21	0	2	0	0	0	0	0	0		0
James Washington	WR	11	0	0	0	0	0	12	0	1	0	0	0	0	0	0		0
Chase Edmonds	RB	11	0	0	0	13	0	36	1	4	0	0	0	0	0	0		0
Auden Tate	WR	11	0	0	0	0	0	5	0	1	0	0	0	0	0	0		0
Mark Andrews	TE	11	0	0	0	0	0	96	1	5	0	0	0	0	0	0		0
Michael Gallup	WR	11	0	0	0	0	0	29	0	2	0	0	0	0	0	0		0
Chris Herndon	TE	11	0	0	0	0	0	32	1	2	0	0	0	0	0	0		0
Mason Rudolph	QB	11	0	0	0	-4	0	0	0	0	0	0	0	0	0	0		0
Antonio Callaway	WR	11	0	0	0	0	0	13	0	1	0	0	0	0	0	0		0
Christian Kirk	WR	11	0	0	0	0	0	50	0	4	0	0	0	0	0	0		0
DJ Chark	WR	11	0	0	0	0	0	41	0	4	0	0	0	0	0	0		0
Nick Chubb	RB	11	0	0	0	114	0	0	0	0	0	0	0	0	0	0		0
Jason Sanders	PK	11	0	0	0	0	0	0	0	0	0	0	0	0	0	0	41;53	1
Lamar Jackson	QB	11	186	1	1	51	0	0	0	0	0	0	0	1	0	0		0
Durham Smythe	TE	11	0	0	0	0	0	0	0	0	0	0	0	0	0	0		0
Kalen Ballage	RB	11	0	0	0	44	0	27	0	7	0	0	0	0	0	0		0
Ronald Jones	RB	11	0	0	0	24	0	0	0	0	0	0	0	0	0	0		0
DJ Moore	WR	11	0	0	0	21	0	127	0	7	0	0	0	0	0	0		0
Mike Gesicki	TE	11	0	0	0	0	0	43	0	4	0	0	0	0	0	0		0
Hayden Hurst	TE	11	0	0	0	0	0	0	0	0	0	0	0	0	0	0		0
Calvin Ridley	WR	11	0	0	0	0	0	90	0	5	0	0	0	0	0	0		0
KhaDarel Hodge	WR	11	0	0	0	0	0	73	0	3	0	0	0	0	0	0		0
Baker Mayfield	QB	11	204	0	0	9	0	0	0	0	1	0	0	0	0	0		0
Steven Sims	WR	11	0	0	0	0	0	13	1	3	0	0	0	0	0	0		0
Jakobi Meyers	WR	11	0	0	0	0	0	38	0	3	0	0	0	0	0	0		0
Irv Smith	TE	11	0	0	0	0	0	23	0	2	0	0	0	0	0	0		0
Alexander Mattison	RB	11	0	0	0	6	0	0	0	0	0	0	0	0	0	0		0
Justice Hill	RB	11	0	0	0	0	0	0	0	0	0	0	0	0	0	0		0
Hunter Renfrow	WR	11	0	0	0	0	0	37	0	2	0	0	0	0	0	0		0
Bisi Johnson	WR	11	0	0	0	0	0	9	0	1	0	0	0	0	0	0		0
Mecole Hardman	WR	11	0	0	0	0	0	16	0	1	0	0	0	0	0	0		0
Darrius Shepherd	WR	11	0	0	0	0	0	0	0	0	0	0	0	0	0	0		0
Devine Ozigbo	RB	11	0	0	0	0	0	5	0	3	0	0	0	0	0	0		0
Joey Slye	PK	11	0	0	0	0	0	0	0	0	0	0	0	0	0	0	56;37	2
Olamide Zaccheaus	WR	11	0	0	0	0	0	10	0	1	0	0	0	0	0	0		0
Deonte Harty	WR	11	0	0	0	23	0	2	0	1	0	0	0	0	0	0		0
Diontae Johnson	WR	11	0	0	0	0	0	111	0	12	0	0	0	0	0	0		0
Benny Snell	RB	11	0	0	0	15	1	0	0	0	0	0	0	0	0	0		0
Kyler Murray	QB	11	269	2	0	15	0	0	0	0	0	0	0	0	0	0		0
T.J. Hockenson	TE	11	0	0	0	0	0	68	0	4	0	0	0	0	0	0		0
Miles Sanders	RB	11	0	0	0	66	0	15	0	3	0	1	0	0	0	0		0
Tony Pollard	RB	11	0	0	0	60	1	0	0	0	0	0	0	0	0	0		0
Matt Gay	PK	11	0	0	0	0	0	0	0	0	0	0	0	0	0	0	38;40	3
Donald Parham	TE	11	0	0	0	0	0	0	0	0	0	0	0	0	0	0		0
Patrick Laird	RB	11	0	0	0	0	0	8	0	1	0	0	0	0	0	0		0
Chase McLaughlin	PK	11	0	0	0	0	0	0	0	0	0	0	0	0	0	0	41	0
Jalen Guyton	WR	11	0	0	0	0	0	4	0	1	0	0	0	0	0	0		0
Tyron Johnson	WR	11	0	0	0	0	0	54	0	1	0	0	0	0	0	0		0
Jeff Smith	WR	11	0	0	0	0	0	5	0	1	0	0	0	0	0	0		0
Andy Isabella	WR	11	0	0	0	0	0	6	0	1	0	0	0	0	0	0		0
Ty Johnson	RB	11	0	0	0	0	0	17	0	4	0	0	0	0	0	0		0
Travis Fulgham	WR	11	0	0	0	0	0	8	0	1	0	0	0	0	0	0		0
Nsimba Webster	WR	11	0	0	0	0	0	0	0	0	0	0	0	0	0	0		0
N'Keal Harry	TE	11	0	0	0	0	0	41	0	5	0	0	0	0	0	0		0
D'Ernest Johnson	RB	11	0	0	0	0	0	0	0	0	0	0	0	0	0	0		0
Drew Sample	TE	11	0	0	0	0	0	29	0	2	0	0	0	0	0	0		0
DK Metcalf	WR	11	0	0	0	0	0	46	1	3	0	0	0	0	0	0		0
Noah Fant	TE	11	0	0	0	0	0	55	0	4	0	0	0	0	0	0		0
Gunner Olszewski	WR	11	0	0	0	0	0	0	0	0	0	0	0	0	0	0		0
Ryan Finley	QB	11	30	0	1	19	0	0	0	0	0	0	0	0	0	0		0
Damien Harris	RB	11	0	0	0	43	1	11	0	1	0	0	0	0	0	0		0
Terry McLaurin	WR	11	0	0	0	0	0	84	0	5	0	0	0	0	0	0		0
Marquise Brown	WR	11	0	0	0	0	0	0	0	0	0	0	0	0	0	0		0
Darrell Henderson	RB	11	0	0	0	5	0	4	0	2	0	0	0	0	0	0		0
Jace Sternberger	TE	11	0	0	0	0	0	23	0	3	0	0	0	0	0	0		0
A.J. Brown	WR	11	0	0	0	0	0	62	1	4	0	0	0	0	0	0		0
Josh Jacobs	RB	11	0	0	0	55	1	9	0	1	0	0	0	0	0	0		0
Drew Lock	QB	11	270	0	1	23	0	0	0	0	0	0	0	0	0	0		0
Ben Ellefson	TE	11	0	0	0	0	0	10	0	1	0	0	0	0	0	0		0
James Robinson	RB	11	0	0	0	73	0	21	0	2	0	0	0	0	0	0		0
Nathan Cottrell	RB	11	0	0	0	0	0	0	0	0	0	0	0	0	0	0		0
De'Michael Harris	WR	11	0	0	0	19	0	1	0	1	0	0	0	0	0	0		0
Rodrigo Blankenship	PK	11	0	0	0	0	0	0	0	0	0	0	0	0	0	0	37;32;43;39	2
Jonathan Ward	RB	11	0	0	0	0	0	0	0	0	0	0	0	0	0	0		0
Rodney Smith	RB	11	0	0	0	29	0	0	0	0	0	0	0	0	0	0		0
Salvon Ahmed	RB	11	0	0	0	43	0	31	0	5	0	0	0	0	0	0		0
Xavier Jones	RB	11	0	0	0	0	0	0	0	0	0	0	0	0	0	0		0
James Proche	WR	11	0	0	0	0	0	14	0	1	0	0	0	0	0	0		0
Isaiah Wright	WR	11	0	0	0	0	0	7	0	1	0	0	0	0	0	0		0
J.K. Dobbins	RB	11	0	0	0	70	1	15	0	2	0	0	0	0	0	1		0
Nick Westbrook-Ikhine	WR	11	0	0	0	0	0	7	0	1	0	0	0	0	0	0		0
Tua Tagovailoa	QB	11	83	1	0	0	0	0	0	0	0	0	0	0	0	0		0
Marquez Callaway	WR	11	0	0	0	0	0	0	0	0	0	0	0	0	0	0		0
Jonathan Taylor	RB	11	0	0	0	90	0	24	0	4	0	0	0	0	0	0		0
Donovan Peoples-Jones	WR	11	0	0	0	0	0	0	0	0	0	0	0	0	0	0		0
Malcolm Perry	RB	11	0	0	0	0	0	23	0	3	0	0	0	0	0	0		0
Michael Pittman	WR	11	0	0	0	0	0	66	1	3	0	0	0	0	0	0		0
Denzel Mims	WR	11	0	0	0	0	0	71	0	3	0	0	0	0	0	0		0
La'Mical Perine	RB	11	0	0	0	33	1	0	0	0	0	0	0	0	0	0		0
Quintez Cephus	WR	11	0	0	0	0	0	9	0	1	0	0	0	0	0	0		0
Jake Luton	QB	11	151	0	4	0	0	0	0	0	0	0	0	0	0	0		0
Justin Jefferson	WR	11	0	0	0	0	0	86	1	3	0	0	0	0	0	0		0
Chase Claypool	WR	11	0	0	0	0	0	59	1	4	0	0	0	0	0	0		0
Antonio Gibson	RB	11	0	0	0	94	1	10	0	1	0	0	0	0	0	0		0
Devin Duvernay	WR	11	0	0	0	0	0	5	0	1	0	0	0	0	0	0		0
Anthony McFarland	RB	11	0	0	0	3	0	0	0	0	0	0	0	0	0	0		0
K.J. Osborn	WR	11	0	0	0	0	0	0	0	0	0	0	0	0	0	0		0
Justin Herbert	QB	11	366	3	0	11	0	0	0	0	0	0	0	0	0	0		0
Henry Ruggs III	WR	11	0	0	0	12	0	5	0	1	0	0	0	0	0	0		0
CeeDee Lamb	WR	11	0	0	0	12	0	34	1	4	0	0	0	0	1	0		0
Clyde Edwards-Helaire	RB	11	0	0	0	69	2	8	0	1	0	0	0	0	0	0		0
Bryan Edwards	WR	11	0	0	0	0	0	1	0	1	0	0	0	0	0	0		0
Joshua Kelley	RB	11	0	0	0	-2	0	4	0	2	0	0	0	0	0	0		0
Joe Reed	WR	11	0	0	0	0	0	0	0	0	0	0	0	0	0	0		0
K.J. Hill	WR	11	0	0	0	0	0	0	0	0	0	0	0	0	0	0		0
Jalen Reagor	WR	11	0	0	0	0	0	52	0	4	0	0	0	0	0	0		0
Jalen Hurts	QB	11	0	0	0	6	0	0	0	0	0	0	0	0	0	0		0
Jerry Jeudy	WR	11	0	0	0	0	0	37	0	3	0	0	0	0	0	0		0
Tee Higgins	WR	11	0	0	0	0	0	26	0	3	0	0	0	0	0	0		0
KJ Hamler	WR	11	0	0	0	0	0	35	0	4	0	0	0	0	0	0		0
Cam Akers	RB	11	0	0	0	15	0	4	1	1	0	0	0	0	0	0		0
Van Jefferson	WR	11	0	0	0	0	0	7	1	1	0	0	0	0	0	0		0
Adam Trautman	TE	11	0	0	0	0	0	19	0	1	0	0	0	0	0	0		0
DeeJay Dallas	RB	11	0	0	0	13	0	19	0	2	0	0	0	0	0	0		0
Joe Burrow	QB	11	203	1	0	12	0	0	0	0	0	1	0	0	0	0		0
Tom Brady	QB	12	345	3	2	-1	0	0	0	0	0	0	0	0	0	0		0
Matt Schaub	QB	12	0	0	0	-4	0	0	0	0	0	0	0	0	0	0		0
Ben Roethlisberger	QB	12	266	1	1	-1	0	0	0	0	0	0	0	0	0	0		0
Philip Rivers	QB	12	295	2	1	0	0	0	0	0	0	0	0	0	0	0		0
Robbie Gould	PK	12	0	0	0	0	0	0	0	0	0	0	0	0	0	0	46;44;42	2
Alex Smith	QB	12	149	1	1	1	0	0	0	0	0	0	0	0	0	0		0
Aaron Rodgers	QB	12	211	4	0	12	0	0	0	0	0	0	0	0	0	0		0
Frank Gore	RB	12	0	0	0	74	0	12	0	3	0	0	0	0	0	0		0
Ryan Fitzpatrick	QB	12	257	2	0	10	0	0	0	0	0	0	0	0	0	0		0
Matt Prater	PK	12	0	0	0	0	0	0	0	0	0	0	0	0	0	0	29	2
Marcedes Lewis	TE	12	0	0	0	0	0	16	1	2	0	0	0	0	0	0		0
Stephen Gostkowski	PK	12	0	0	0	0	0	0	0	0	0	0	0	0	0	0	49	6
Adrian Peterson	RB	12	0	0	0	55	2	0	0	0	0	0	0	0	0	0		0
Nick Folk	PK	12	0	0	0	0	0	0	0	0	0	0	0	0	0	0	22;50	2
Mason Crosby	PK	12	0	0	0	0	0	0	0	0	0	0	0	0	0	0		5
Matt Ryan	QB	12	185	2	1	5	0	0	0	0	0	0	0	0	0	0		0
Matthew Stafford	QB	12	295	1	1	3	0	0	0	0	0	0	0	1	0	0		0
Graham Gano	PK	12	0	0	0	0	0	0	0	0	0	0	0	0	0	0	49;40;39;32	1
Ryan Succop	PK	12	0	0	0	0	0	0	0	0	0	0	0	0	0	0	26	3
Jared Cook	TE	12	0	0	0	0	0	0	0	0	0	0	0	0	0	0		0
Rob Gronkowski	TE	12	0	0	0	0	0	106	0	6	0	0	0	0	0	0		0
Emmanuel Sanders	WR	12	0	0	0	0	0	4	0	1	0	0	0	0	0	0		0
Colt McCoy	QB	12	31	0	0	7	0	0	0	0	0	0	0	0	0	0		0
Andre Roberts	WR	12	0	0	0	0	0	0	0	0	0	0	0	0	0	0		0
Jimmy Graham	TE	12	0	0	0	0	0	32	0	3	0	0	0	0	0	0		0
Antonio Brown	WR	12	0	0	0	0	0	11	0	2	0	0	0	0	0	0		0
Golden Tate	WR	12	0	0	0	0	0	36	0	4	0	0	0	0	0	0		0
Dez Bryant	WR	12	0	0	0	0	0	0	0	0	0	0	0	0	0	0		0
Cam Newton	QB	12	84	0	2	46	0	0	0	0	0	0	0	0	0	0		0
A.J. Green	WR	12	0	0	0	0	0	0	0	0	0	0	0	0	0	0		0
Andy Dalton	QB	12	215	1	1	17	0	0	0	0	0	0	0	0	0	0		0
Kyle Rudolph	TE	12	0	0	0	0	0	68	0	7	0	0	0	0	0	0		0
Taiwan Jones	RB	12	0	0	0	0	0	0	0	0	0	0	0	0	0	0		0
Dion Lewis	RB	12	0	0	0	10	0	7	0	1	0	0	0	0	0	0		0
Lee Smith	TE	12	0	0	0	0	0	3	0	1	0	0	0	0	0	0		0
Dontrelle Inman	WR	12	0	0	0	0	0	15	0	1	0	0	0	0	0	0		0
Dan Bailey	PK	12	0	0	0	0	0	0	0	0	0	0	0	0	0	0	53;25	2
Cole Beasley	WR	12	20	1	0	0	0	25	0	2	0	0	0	0	0	0		0
Alshon Jeffery	WR	12	0	0	0	0	0	15	0	2	0	0	0	0	0	0		0
Alfred Morris	RB	12	0	0	0	8	0	0	0	0	0	0	0	0	0	0		0
Russell Wilson	QB	12	230	1	0	12	0	0	0	0	0	0	0	0	0	0		0
Marvin Jones	WR	12	0	0	0	0	0	48	0	6	0	0	0	0	0	0		0
Randy Bullock	PK	12	0	0	0	0	0	0	0	0	0	0	0	0	0	0	44	2
Justin Tucker	PK	12	0	0	0	0	0	0	0	0	0	0	0	0	0	0		2
Kirk Cousins	QB	12	307	3	0	19	0	0	0	0	1	0	0	1	0	0		0
T.Y. Hilton	WR	12	0	0	0	0	0	81	1	4	0	0	0	0	0	0		0
Greg Zuerlein	PK	12	0	0	0	0	0	0	0	0	0	0	0	0	0	0	33;32;28	1
Mohamed Sanu	WR	12	0	0	0	0	0	32	1	4	0	0	0	0	0	1		0
Robert Griffin III	QB	12	33	0	1	68	0	0	0	0	0	1	0	0	0	0		0
Ryan Tannehill	QB	12	221	1	0	3	1	0	0	0	0	0	0	0	0	0		0
Brandon McManus	PK	12	0	0	0	0	0	0	0	0	0	0	0	0	0	0	58	0
Luke Willson	TE	12	0	0	0	0	0	0	0	0	0	0	0	0	0	0		0
Dustin Hopkins	PK	12	0	0	0	0	0	0	0	0	0	0	0	0	0	0	23;36	5
Ryan Griffin	TE	12	0	0	0	0	0	0	0	0	0	0	0	0	0	0		0
Demetrius Harris	TE	12	0	0	0	0	0	0	0	0	0	0	0	0	0	0		0
Jack Doyle	TE	12	0	0	0	0	0	0	0	0	0	0	0	0	0	0		0
Josh Hill	TE	12	0	0	0	0	0	0	0	0	0	0	0	0	0	0		0
Keenan Allen	WR	12	0	0	0	0	0	40	1	4	0	0	0	0	0	1		0
Robert Woods	WR	12	0	0	0	8	0	80	0	7	0	0	0	0	0	0		0
Giovani Bernard	RB	12	0	0	0	32	0	17	0	2	0	0	0	0	0	0		0
Jordan Reed	TE	12	0	0	0	0	0	18	0	2	0	0	0	0	0	0		0
Le'Veon Bell	RB	12	0	0	0	22	0	10	0	2	0	0	0	0	0	0		0
Travis Kelce	TE	12	0	0	0	0	0	82	0	8	0	0	0	0	0	0		0
Latavius Murray	RB	12	0	0	0	124	2	2	0	1	0	0	0	0	0	0		0
Mike Glennon	QB	12	235	2	0	6	0	0	0	0	0	0	0	0	0	0		0
Matt Barkley	QB	12	0	0	0	0	0	0	0	0	0	0	0	0	0	0		0
Tyler Eifert	TE	12	0	0	0	0	0	16	1	3	0	0	0	0	0	0		0
DeAndre Hopkins	WR	12	0	0	0	0	0	55	0	5	0	0	0	0	0	0		0
Cordarrelle Patterson	RB	12	0	0	0	8	0	0	0	0	0	0	0	0	0	0		0
Trey Burton	TE	12	0	0	0	0	0	42	1	3	0	0	0	0	0	0		0
Cody Parkey	PK	12	0	0	0	0	0	0	0	0	0	0	0	0	0	0	24;45	3
Carlos Hyde	RB	12	0	0	0	22	0	7	0	2	0	0	0	0	0	0		0
James White	RB	12	0	0	0	18	2	-1	0	1	0	0	0	0	0	0		0
Chris Boswell	PK	12	0	0	0	0	0	0	0	0	0	0	0	0	0	0	25;27	1
Cairo Santos	PK	12	0	0	0	0	0	0	0	0	0	0	0	0	0	0	27	2
Senorise Perry	RB	12	0	0	0	0	0	0	0	0	0	0	0	0	0	0		0
Brandin Cooks	WR	12	0	0	0	0	0	85	0	5	0	0	0	0	0	0		0
Teddy Bridgewater	QB	12	267	1	1	12	0	0	0	0	0	0	0	0	0	0		0
Logan Thomas	TE	12	28	0	0	3	0	20	1	4	0	0	0	0	0	0		0
Cameron Brate	TE	12	0	0	0	0	0	34	0	4	0	0	0	0	0	0		0
Derek Carr	QB	12	215	0	1	0	0	0	0	0	3	0	0	0	0	0		0
Sammy Watkins	WR	12	0	0	0	0	0	38	0	4	0	0	0	0	0	0		0
Donte Moncrief	WR	12	0	0	0	0	0	0	0	0	0	0	0	0	0	0		0
Jerick McKinnon	RB	12	0	0	0	21	0	11	0	2	0	0	0	0	0	0		0
Davante Adams	WR	12	0	0	0	0	0	61	1	6	0	0	0	0	0	0		0
Jarvis Landry	WR	12	0	0	0	0	0	143	1	8	0	0	0	0	0	0		0
Richard Rodgers	TE	12	0	0	0	0	0	53	1	3	0	0	0	0	0	0		0
Sergio Castillo	PK	12	0	0	0	0	0	0	0	0	0	0	0	0	0	0	38	0
Eric Ebron	TE	12	0	0	0	0	0	54	0	7	0	0	0	0	0	0		0
Mike Evans	WR	12	0	0	0	0	0	50	2	3	0	0	0	0	0	0		0
Allen Robinson	WR	12	0	0	0	0	0	74	2	8	0	0	0	0	0	0		0
Chris Manhertz	TE	12	0	0	0	0	0	11	0	1	0	0	0	0	0	0		0
Jason Myers	PK	12	0	0	0	0	0	0	0	0	0	0	0	0	0	0	44;33;39	2
Amari Cooper	WR	12	0	0	0	0	0	112	1	6	0	0	0	0	0	0		0
DeVante Parker	WR	12	0	0	0	0	0	119	0	8	0	0	0	0	0	0		0
Nelson Agholor	WR	12	0	0	0	0	0	54	0	5	0	0	0	0	0	0		0
Maxx Williams	TE	12	0	0	0	0	0	10	0	2	0	0	0	0	0	0		0
Stefon Diggs	WR	12	0	0	0	0	0	39	0	7	0	0	0	0	0	0		0
Darren Waller	TE	12	0	0	0	0	0	23	0	4	0	0	0	0	0	0		0
Raheem Mostert	RB	12	0	0	0	43	1	0	0	2	0	1	0	0	0	0		0
DeAndre Carter	WR	12	0	0	0	0	0	0	0	0	0	0	0	0	0	0		0
Malcolm Brown	RB	12	0	0	0	4	0	15	0	2	0	0	1	0	0	0		0
Damiere Byrd	WR	12	0	0	0	0	0	33	0	3	0	0	0	0	0	0		0
Jamison Crowder	WR	12	0	0	0	0	0	31	0	3	0	0	0	0	0	0		0
James O'Shaughnessy	TE	12	0	0	0	0	0	17	0	2	0	0	0	0	0	0		0
Breshad Perriman	WR	12	0	0	0	0	0	79	0	4	0	0	0	0	0	0		0
Mike Davis	RB	12	0	0	0	55	0	24	0	3	0	0	0	0	0	0		0
Daniel Brown	TE	12	0	0	0	0	0	0	0	0	0	0	0	0	0	0		0
Ameer Abdullah	RB	12	0	0	0	0	0	0	0	0	0	0	0	0	0	0		0
Jesse James	TE	12	0	0	0	0	0	10	0	1	0	0	0	0	0	0		0
Geoff Swaim	TE	12	0	0	0	0	0	30	0	3	0	0	0	0	0	0		0
Melvin Gordon	RB	12	0	0	0	31	0	0	0	0	0	0	0	0	0	0		0
Tyler Lockett	WR	12	0	0	0	0	0	23	0	3	0	0	0	0	0	0		0
Duke Johnson	RB	12	0	0	0	37	0	43	1	3	0	0	0	0	0	0		0
Sterling Shepard	WR	12	0	0	0	4	0	64	0	7	0	0	0	0	0	0		0
Austin Hooper	TE	12	0	0	0	0	0	13	1	2	0	0	0	0	0	0		0
C.J. Prosise	RB	12	0	0	0	12	0	2	1	1	0	1	0	0	0	0		0
Nick Vannett	TE	12	0	0	0	0	0	0	0	0	0	0	0	0	0	0		0
Brandon Allen	QB	12	136	1	1	7	0	0	0	0	1	0	0	0	0	0		0
Dwayne Washington	RB	12	0	0	0	6	0	0	0	0	0	0	0	0	0	0		0
Kalif Raymond	WR	12	0	0	0	0	0	0	0	0	0	0	0	0	0	0		0
Alex Erickson	WR	12	0	0	0	-4	0	0	0	0	0	0	0	0	0	0		0
Wil Lutz	PK	12	0	0	0	0	0	0	0	0	0	0	0	0	0	0	40	4
D.J. Foster	RB	12	0	0	0	0	0	0	0	0	0	0	0	0	0	0		0
J.D. McKissic	RB	12	0	0	0	6	0	21	0	2	0	0	0	0	0	0		0
Robbie Chosen	WR	12	0	0	0	0	0	94	1	4	0	0	0	0	0	0		0
Stephen Anderson	TE	12	0	0	0	0	0	0	0	0	0	0	0	0	0	0		0
Ka'imi Fairbairn	PK	12	0	0	0	0	0	0	0	0	0	0	0	0	0	0	42;26	3
Peyton Barber	RB	12	0	0	0	57	0	0	0	0	0	0	0	0	0	0		0
Derrick Henry	RB	12	0	0	0	178	3	7	0	2	0	0	0	0	0	0		0
Michael Thomas	WR	12	0	0	0	1	0	50	0	4	0	0	0	0	0	0		0
Demarcus Robinson	WR	12	0	0	0	0	0	36	0	5	0	0	0	0	0	0		0
Tajae Sharpe	WR	12	0	0	0	0	0	0	0	0	0	0	0	0	0	0		0
Jakeem Grant	WR	12	0	0	0	0	0	15	0	2	0	0	0	0	0	0		0
Aldrick Rosas	PK	12	0	0	0	0	0	0	0	0	0	0	0	0	0	0	54;24	1
DeAndre Washington	RB	12	0	0	0	49	0	11	0	2	0	0	0	0	0	0		0
Carson Wentz	QB	12	215	2	1	42	0	0	0	0	0	0	0	0	0	0		0
Devontae Booker	RB	12	0	0	0	6	0	-1	0	1	0	0	0	0	0	0		0
Jonathan Williams	RB	12	0	0	0	5	0	21	0	4	0	1	0	0	0	0		0
Rashard Higgins	WR	12	0	0	0	0	0	15	0	1	0	0	0	0	0	0		0
J.P. Holtz	TE	12	0	0	0	0	0	0	0	0	0	0	0	0	0	0		0
Tyler Boyd	WR	12	0	0	0	0	0	15	0	3	0	0	0	0	0	0		0
Tyreek Hill	WR	12	0	0	0	0	0	269	3	13	0	0	0	0	0	0		0
Ezekiel Elliott	RB	12	0	0	0	32	0	7	0	1	0	1	0	0	0	0		0
Hunter Henry	TE	12	0	0	0	0	0	67	0	7	0	0	0	0	0	0		0
Marvin Hall	WR	12	0	0	0	0	0	16	0	2	0	0	0	0	0	0		0
Jared Goff	QB	12	198	0	2	11	0	0	0	0	0	1	0	0	0	0		0
Tyler Higbee	TE	12	0	0	0	0	0	6	0	1	0	0	0	0	0	0		0
Pharoh Cooper	WR	12	0	0	0	0	0	0	0	0	0	0	0	0	0	0		0
Temarrick Hemingway	TE	12	0	0	0	0	0	0	0	0	0	0	0	0	0	0		0
Kenyan Drake	RB	12	0	0	0	78	2	15	0	3	0	0	0	0	0	0		0
Jacoby Brissett	QB	12	0	0	0	3	2	0	0	0	0	0	0	0	0	0		0
Will Fuller	WR	12	0	0	0	0	0	171	2	6	0	0	0	0	0	0		0
Troymaine Pope	RB	12	0	0	0	-1	0	2	0	1	0	0	0	0	0	0		0
Mo Alie-Cox	TE	12	0	0	0	0	0	19	0	2	0	0	0	0	0	0		0
Zach Pascal	WR	12	0	0	0	0	0	23	0	1	0	0	0	0	0	0		0
Curtis Samuel	WR	12	0	0	0	5	0	72	0	5	0	0	0	0	0	0		0
Trent Taylor	WR	12	0	0	0	0	0	0	0	0	0	0	0	0	0	0		0
Aaron Jones	RB	12	0	0	0	90	0	0	0	1	0	0	0	0	0	0		0
Harrison Butker	PK	12	0	0	0	0	0	0	0	0	0	0	0	0	0	0	19;29	3
Kendrick Bourne	WR	12	0	0	0	0	0	34	0	3	0	0	0	0	0	0		0
Matt Breida	RB	12	0	0	0	36	0	17	0	2	0	1	0	0	0	0		0
Nick Mullens	QB	12	252	0	1	0	0	0	0	0	0	0	0	0	0	0		0
Cethan Carter	TE	12	0	0	0	0	0	5	0	1	0	0	0	0	0	0		0
Taysom Hill	TE	12	78	0	1	44	2	0	0	0	0	0	0	0	0	0		0
C.J. Board	WR	12	0	0	0	0	0	11	0	1	0	0	0	0	0	0		0
Tim Patrick	WR	12	0	0	0	0	0	0	0	0	0	0	0	0	0	0		0
Austin Carr	WR	12	0	0	0	0	0	0	0	0	0	0	0	0	0	0		0
Jacob Hollister	TE	12	0	0	0	0	0	11	0	2	0	0	0	0	0	0		0
Pharaoh Brown	TE	12	0	0	0	0	0	0	0	0	0	0	0	0	0	0		0
Anthony Firkser	TE	12	0	0	0	0	0	0	0	0	0	0	0	0	0	0		0
Isaiah McKenzie	WR	12	0	0	0	-1	0	0	0	0	0	0	0	0	0	0		0
Samaje Perine	RB	12	0	0	0	0	0	2	0	1	0	0	0	0	0	0		0
Jeremy Sprinkle	TE	12	0	0	0	0	0	0	0	0	0	0	0	0	0	0		0
Mike Williams	WR	12	0	0	0	0	0	26	0	3	0	0	0	0	0	0		0
Deshaun Watson	QB	12	318	4	0	24	0	0	0	0	0	0	0	1	0	0		0
Mack Hollins	WR	12	0	0	0	0	0	19	0	2	0	0	0	0	0	0		0
Brian Hill	RB	12	0	0	0	55	0	0	0	0	0	0	0	0	0	0		0
Jamal Agnew	WR	12	0	0	0	0	0	0	0	0	0	0	0	0	0	0		0
Eric Saubert	TE	12	0	0	0	0	0	0	0	0	0	0	0	0	0	0		0
David Moore	WR	12	0	0	0	1	0	-6	1	3	0	0	0	0	0	0		0
Noah Brown	WR	12	0	0	0	0	0	0	0	0	0	0	0	0	0	0		0
Chris Carson	RB	12	0	0	0	41	1	18	0	2	0	0	0	0	0	0		0
Keelan Cole	WR	12	0	0	0	0	0	44	0	3	0	0	0	0	0	0		0
Austin Ekeler	RB	12	0	0	0	44	0	85	0	11	0	0	0	0	0	0		0
Younghoe Koo	PK	12	0	0	0	0	0	0	0	0	0	0	0	0	0	0	38;39;30;29;54	4
Corey Clement	RB	12	0	0	0	6	0	0	0	0	0	0	0	0	0	0		0
Greg Ward	WR	12	0	0	0	0	0	3	0	1	0	0	0	0	0	0		0
Robert Tonyan	TE	12	0	0	0	0	0	67	1	5	0	0	0	0	0	0		0
Jake Elliott	PK	12	0	0	0	0	0	0	0	0	0	0	0	0	0	0	42	0
Leonard Fournette	RB	12	0	0	0	10	0	10	0	3	0	0	0	0	0	0		0
JuJu Smith-Schuster	WR	12	0	0	0	0	0	37	1	8	0	0	0	0	0	0		0
Zane Gonzalez	PK	12	0	0	0	0	0	0	0	0	0	0	0	0	0	0	47	2
Mitchell Trubisky	QB	12	242	3	2	10	0	0	0	0	1	0	0	1	0	0		0
Corey Davis	WR	12	0	0	0	0	0	70	0	3	0	0	0	0	0	0		0
Patrick Mahomes	QB	12	462	3	0	28	0	0	0	0	1	0	0	0	0	0		0
Evan Engram	TE	12	0	0	0	0	0	129	0	6	0	0	1	0	0	0		0
Zay Jones	WR	12	0	0	0	0	0	3	0	1	0	0	0	0	0	0		0
Dalvin Cook	RB	12	0	0	0	61	0	21	0	4	0	1	0	0	0	0		0
Gerald Everett	TE	12	0	0	0	0	0	16	0	2	0	0	0	0	0	0		0
Adam Shaheen	TE	12	0	0	0	0	0	7	1	1	0	0	0	0	0	0		0
Alvin Kamara	RB	12	0	0	0	54	0	-2	0	1	0	0	0	0	0	0		0
Cooper Kupp	WR	12	0	0	0	0	0	41	0	2	0	0	0	0	0	0		0
Taywan Taylor	WR	12	0	0	0	0	0	0	0	0	0	0	0	0	0	0		0
Chris Godwin Jr.	WR	12	0	0	0	0	0	97	0	8	0	0	0	0	0	0		0
Kareem Hunt	RB	12	0	0	0	62	0	0	0	0	0	0	0	0	0	0		0
D'Onta Foreman	RB	12	0	0	0	28	0	0	0	0	0	0	0	0	0	0		0
Josh Reynolds	WR	12	0	0	0	0	0	40	0	5	0	0	0	0	0	0		0
Jamaal Williams	RB	12	0	0	0	73	1	0	0	0	0	0	0	0	0	0		0
Wayne Gallman	RB	12	0	0	0	94	1	-3	0	3	0	0	0	0	0	0		0
Jeremy McNichols	RB	12	0	0	0	20	0	0	0	0	0	0	0	0	0	0		0
Nathan Peterman	QB	12	25	0	0	9	0	0	0	0	0	0	0	0	0	0		0
Dan Arnold	TE	12	0	0	0	0	0	17	0	1	0	0	0	0	0	0		0
Ross Dwelley	TE	12	0	0	0	0	0	3	0	1	0	0	0	0	0	0		0
Mike Badgley	PK	12	0	0	0	0	0	0	0	0	0	0	0	0	0	0	27	0
Phillip Lindsay	RB	12	0	0	0	20	0	0	0	0	0	0	0	0	0	0		0
Jeff Wilson	RB	12	0	0	0	40	0	0	0	0	0	1	0	0	0	0		0
Christian Blake	WR	12	0	0	0	0	0	17	0	1	0	0	0	0	0	0		0
Daniel Carlson	PK	12	0	0	0	0	0	0	0	0	0	0	0	0	0	0	29;24	0
Trenton Cannon	RB	12	0	0	0	17	0	1	0	1	0	0	0	0	0	0		0
Tim Boyle	QB	12	0	0	0	0	0	0	0	0	0	0	0	0	0	0		0
Gus Edwards	RB	12	0	0	0	10	1	0	0	0	0	0	0	0	0	0		0
Tyler Conklin	TE	12	0	0	0	0	0	5	0	1	0	0	0	0	0	0		0
Equanimeous St. Brown	WR	12	0	0	0	7	0	39	0	2	0	0	0	0	0	0		0
Richie James	WR	12	0	0	0	0	0	29	0	1	0	0	0	0	0	0		0
Chad Beebe	WR	12	0	0	0	0	0	63	1	7	0	0	0	0	0	0		0
Deon Yelder	TE	12	0	0	0	0	0	2	0	1	0	0	0	0	0	0		0
Trey Quinn	WR	12	0	0	0	0	0	0	0	0	0	0	0	0	0	0		0
Kerryon Johnson	RB	12	0	0	0	46	0	52	0	4	0	1	0	0	0	0		0
Dallas Goedert	TE	12	0	0	0	0	0	75	1	7	0	0	0	0	0	0		0
Anthony Miller	WR	12	0	0	0	0	0	28	0	3	0	0	0	0	0	0		0
Jordan Akins	TE	12	0	0	0	4	0	0	0	0	0	0	0	0	0	0		0
Ian Thomas	TE	12	0	0	0	0	0	4	0	1	0	0	0	0	0	0		0
Keke Coutee	WR	12	0	0	0	0	0	17	0	2	0	0	0	0	0	1		0
Nyheim Hines	RB	12	0	0	0	29	0	66	0	8	0	0	0	0	0	0		0
DaeSean Hamilton	WR	12	0	0	0	0	0	0	0	0	0	0	0	0	0	0		0
Ito Smith	RB	12	0	0	0	65	1	10	0	4	0	0	0	0	0	0		0
Dalton Schultz	TE	12	0	0	0	0	0	24	0	5	0	0	0	0	0	0		0
Justin Watson	WR	12	0	0	0	0	0	0	0	0	0	0	0	0	0	0		0
Troy Fumagalli	TE	12	0	0	0	0	0	0	0	0	0	0	0	0	0	0		0
Jordan Wilkins	RB	12	0	0	0	22	0	35	0	3	0	0	0	0	0	0		0
Ray-Ray McCloud	WR	12	0	0	0	0	0	8	0	1	0	0	0	0	0	0		0
Russell Gage	WR	12	0	0	0	0	0	34	0	3	0	0	0	0	0	0		0
Boston Scott	RB	12	0	0	0	7	0	40	0	5	0	0	0	0	0	0		0
Cedrick Wilson Jr.	WR	12	0	0	0	-1	0	0	0	0	0	0	0	0	0	0		0
Braxton Berrios	WR	12	0	0	0	0	0	0	0	0	0	0	0	0	0	0		0
Logan Woodside	QB	12	0	0	0	-5	0	0	0	0	0	0	0	0	0	0		0
Josh Adams	RB	12	0	0	0	1	0	0	0	0	0	0	0	0	0	0		0
Allen Lazard	WR	12	0	0	0	0	0	23	1	4	0	0	0	0	0	0		0
Ryan Nall	RB	12	0	0	0	0	0	10	0	1	0	0	0	0	0	0		0
Brandon Powell	WR	12	0	0	0	0	0	4	1	2	0	0	0	0	0	0		0
Cameron Batson	WR	12	0	0	0	5	0	0	0	0	0	0	0	0	0	0		0
James Washington	WR	12	0	0	0	0	0	19	0	2	0	0	0	0	0	0		0
Chase Edmonds	RB	12	0	0	0	29	0	14	0	4	0	0	0	0	0	0		0
Auden Tate	WR	12	0	0	0	0	0	0	0	0	0	0	0	0	0	0		0
Michael Gallup	WR	12	0	0	0	0	0	41	0	6	0	0	0	0	0	0		0
Tre'Quan Smith	WR	12	0	0	0	0	0	16	0	1	0	0	0	0	0	0		0
Chris Herndon	TE	12	0	0	0	0	0	0	0	0	0	0	0	0	0	0		0
Antonio Callaway	WR	12	0	0	0	0	0	7	0	1	0	0	0	0	0	0		0
Christian Kirk	WR	12	0	0	0	0	0	19	0	3	0	0	0	0	0	0		0
Jaeden Graham	TE	12	0	0	0	0	0	11	0	1	0	0	0	0	0	0		0
Nick Chubb	RB	12	0	0	0	144	1	32	0	3	0	0	0	0	0	0		0
Jason Sanders	PK	12	0	0	0	0	0	0	0	0	0	0	0	0	0	0	54;51	2
Durham Smythe	TE	12	0	0	0	0	0	19	0	3	0	0	0	0	0	0		0
Ronald Jones	RB	12	0	0	0	66	0	37	1	1	0	0	0	0	0	0		0
DJ Moore	WR	12	0	0	0	0	0	61	0	4	0	0	0	0	0	0		0
Mike Gesicki	TE	12	0	0	0	0	0	35	1	2	0	0	0	0	0	0		0
Hayden Hurst	TE	12	0	0	0	0	0	48	0	4	0	0	0	0	0	0		0
Calvin Ridley	WR	12	0	0	0	0	0	50	1	6	0	0	0	0	0	0		0
Royce Freeman	RB	12	0	0	0	50	0	0	0	0	0	0	0	0	0	0		0
KhaDarel Hodge	WR	12	0	0	0	0	0	31	0	3	0	0	0	0	0	0		0
Baker Mayfield	QB	12	258	2	0	1	0	0	0	0	0	0	0	0	0	0		0
Josh Allen	QB	12	157	1	1	32	1	0	0	0	0	1	0	0	0	0		0
Sam Darnold	QB	12	197	0	2	9	0	0	0	0	0	0	0	0	0	0		0
Steven Sims	WR	12	0	0	0	0	0	8	0	1	0	0	0	0	0	0		0
Jakobi Meyers	WR	12	0	0	0	0	0	52	0	5	0	0	0	0	0	0		0
Alexander Mattison	RB	12	0	0	0	6	0	0	0	0	0	0	0	0	0	0		0
Justice Hill	RB	12	0	0	0	35	0	5	0	2	0	0	0	0	0	0		0
Hunter Renfrow	WR	12	0	0	0	0	0	73	0	7	0	0	0	0	0	0		0
Bisi Johnson	WR	12	0	0	0	0	0	74	0	7	0	0	0	0	0	1		0
Ashton Dulin	WR	12	0	0	0	0	0	0	0	0	0	0	0	0	0	0		0
Penny Hart	WR	12	0	0	0	0	0	0	0	0	0	0	0	0	0	0		0
Stephen Carlson	TE	12	0	0	0	0	0	11	0	1	0	0	0	0	0	0		0
Brandon Dillon	TE	12	0	0	0	0	0	6	0	1	0	0	0	0	0	0		0
Mecole Hardman	WR	12	0	0	0	0	0	23	0	3	0	0	0	0	0	0		0
Trace McSorley	QB	12	77	1	0	16	0	0	0	0	0	0	0	0	0	0		0
Darrius Shepherd	WR	12	0	0	0	0	0	0	0	0	0	0	0	0	0	0		0
Devine Ozigbo	RB	12	0	0	0	0	0	0	0	0	0	0	0	0	0	0		0
Joey Slye	PK	12	0	0	0	0	0	0	0	0	0	0	0	0	0	0	40;21	3
Olamide Zaccheaus	WR	12	0	0	0	0	0	11	0	1	0	0	0	0	0	0		0
Diontae Johnson	WR	12	0	0	0	0	0	46	0	8	0	0	0	0	0	0		0
Benny Snell	RB	12	0	0	0	60	0	33	0	3	0	0	0	0	0	0		0
Kyler Murray	QB	12	170	0	1	31	0	0	0	0	0	0	0	0	0	0		0
T.J. Hockenson	TE	12	0	0	0	0	0	89	0	5	0	0	0	0	0	0		0
Miles Sanders	RB	12	0	0	0	15	0	7	0	2	0	0	0	0	1	0		0
Devin Singletary	RB	12	0	0	0	82	0	20	0	3	0	1	0	0	0	0		0
Tony Pollard	RB	12	0	0	0	12	0	10	0	2	0	0	0	0	0	0		0
Matt Gay	PK	12	0	0	0	0	0	0	0	0	0	0	0	0	0	0	48;41	2
KeeSean Johnson	WR	12	0	0	0	0	0	7	0	1	0	0	0	0	0	0		0
Trayveon Williams	RB	12	0	0	0	-2	0	13	0	1	0	0	0	0	0	0		0
Scott Miller	WR	12	0	0	0	0	0	0	0	0	0	0	0	0	0	0		0
Donald Parham	TE	12	0	0	0	0	0	0	0	0	0	0	0	0	0	0		0
Patrick Laird	RB	12	0	0	0	9	0	0	0	0	0	1	0	0	0	0		0
Jalen Guyton	WR	12	0	0	0	0	0	33	0	3	0	0	0	0	0	0		0
Tyron Johnson	WR	12	0	0	0	0	0	63	0	2	0	0	0	0	0	0		0
Malik Taylor	WR	12	0	0	0	0	0	0	0	0	0	0	0	0	0	0		0
Jeff Smith	WR	12	0	0	0	0	0	7	0	1	0	0	0	0	0	0		0
Andy Isabella	WR	12	0	0	0	0	0	33	0	4	0	0	0	0	0	0		0
Darius Slayton	WR	12	0	0	0	0	0	0	0	0	0	0	0	0	0	0		0
Ty Johnson	RB	12	0	0	0	3	0	1	0	1	0	0	0	0	0	0		0
Tony Brooks-James	RB	12	0	0	0	4	0	0	0	0	0	0	0	0	0	0		0
Riley Ridley	WR	12	0	0	0	0	0	16	0	2	0	0	0	0	0	0		0
Travis Fulgham	WR	12	0	0	0	0	0	16	0	2	0	0	0	0	0	0		0
Nsimba Webster	WR	12	0	0	0	0	0	0	0	0	0	0	0	0	0	0		0
N'Keal Harry	TE	12	0	0	0	-2	0	0	0	0	0	0	0	0	0	0		0
D'Ernest Johnson	RB	12	0	0	0	0	0	0	0	0	0	0	0	0	0	0		0
Drew Sample	TE	12	0	0	0	0	0	40	0	4	0	0	1	0	0	0		0
DK Metcalf	WR	12	0	0	0	0	0	177	0	10	0	0	0	0	0	0		0
Noah Fant	TE	12	0	0	0	0	0	13	0	1	0	0	0	0	0	0		0
Gunner Olszewski	WR	12	0	0	0	1	0	0	0	0	0	0	0	0	0	0		0
Damien Harris	RB	12	0	0	0	47	0	0	0	0	0	0	0	0	0	0		0
Terry McLaurin	WR	12	0	0	0	0	0	92	0	7	0	0	0	0	0	0		0
Kahale Warring	TE	12	0	0	0	0	0	0	0	0	0	0	0	0	0	0		0
Marquise Brown	WR	12	0	0	0	0	0	85	1	4	0	0	0	0	0	0		0
Darrell Henderson	RB	12	0	0	0	19	0	0	0	0	0	0	0	0	0	0		0
Jace Sternberger	TE	12	0	0	0	0	0	5	0	1	0	0	0	0	0	0		0
A.J. Brown	WR	12	0	0	0	0	0	98	1	4	0	0	0	0	0	0		0
David Montgomery	RB	12	0	0	0	103	0	40	1	5	0	0	0	0	0	0		0
Dawson Knox	TE	12	0	0	0	0	0	2	1	1	0	0	0	0	0	0		0
Josh Jacobs	RB	12	0	0	0	27	0	17	0	3	0	1	0	0	0	0		0
Miles Boykin	WR	12	0	0	0	0	0	0	0	0	0	0	0	0	0	0		0
Daniel Jones	QB	12	213	0	0	19	0	0	0	0	0	0	0	0	0	0		0
Deebo Samuel Sr.	WR	12	0	0	0	0	0	133	0	11	0	0	0	0	0	0		0
Ben Ellefson	TE	12	0	0	0	0	0	0	0	0	0	0	0	0	0	0		0
James Robinson	RB	12	0	0	0	128	1	31	0	5	0	0	0	0	0	0		0
Nathan Cottrell	RB	12	0	0	0	0	0	0	0	0	0	0	0	0	0	0		0
De'Michael Harris	WR	12	0	0	0	2	0	1	0	1	0	0	0	0	0	0		0
Rodrigo Blankenship	PK	12	0	0	0	0	0	0	0	0	0	0	0	0	0	0		2
Kendall Hinton	WR	12	13	0	2	7	0	0	0	0	0	0	0	0	0	0		0
Rodney Smith	RB	12	0	0	0	18	0	0	0	0	0	0	0	0	0	0		0
James Proche	WR	12	0	0	0	0	0	0	0	0	0	0	0	0	0	0		0
Tyler Bass	PK	12	0	0	0	0	0	0	0	0	0	0	0	0	0	0	45;43	3
Gabe Davis	WR	12	0	0	0	0	0	79	1	3	0	0	0	0	0	0		0
Marquez Callaway	WR	12	0	0	0	0	0	0	0	0	0	0	0	0	0	0		0
Harrison Bryant	TE	12	0	0	0	0	0	13	0	1	0	0	1	0	0	0		0
Donovan Peoples-Jones	WR	12	0	0	0	0	0	0	0	0	0	0	0	0	0	0		0
Malcolm Perry	RB	12	0	0	0	0	0	8	0	1	0	0	0	0	0	0		0
Zack Moss	RB	12	0	0	0	59	0	9	0	2	0	0	0	0	0	0		0
Michael Pittman	WR	12	0	0	0	0	0	28	0	2	0	0	0	0	0	0		0
Collin Johnson	WR	12	0	0	0	0	0	96	1	4	0	0	0	0	0	0		0
Denzel Mims	WR	12	0	0	0	0	0	67	0	4	0	0	0	0	0	0		0
Laviska Shenault Jr.	WR	12	0	0	0	6	0	31	0	3	0	0	0	0	0	0		0
Quintez Cephus	WR	12	0	0	0	0	0	27	0	2	0	0	0	0	0	0		0
Cole Kmet	TE	12	0	0	0	0	0	8	0	1	0	0	0	0	0	0		0
Darnell Mooney	WR	12	0	0	0	0	0	34	0	3	0	0	0	0	0	1		0
Justin Jefferson	WR	12	0	0	0	0	0	70	2	7	0	0	0	0	0	0		0
Chase Claypool	WR	12	0	0	0	0	0	52	0	6	0	0	0	0	0	0		0
Antonio Gibson	RB	12	0	0	0	115	3	21	0	5	0	0	0	0	0	0		0
Devin Duvernay	WR	12	0	0	0	0	0	20	0	3	0	0	0	0	0	0		0
Anthony McFarland	RB	12	0	0	0	9	0	17	0	1	0	0	0	0	0	0		0
Justin Herbert	QB	12	316	1	1	-2	0	0	0	0	0	0	0	1	0	0		0
Henry Ruggs III	WR	12	0	0	0	-2	0	56	0	3	0	0	0	0	0	0		0
CeeDee Lamb	WR	12	0	0	0	0	0	21	0	5	0	0	0	0	0	0		0
Clyde Edwards-Helaire	RB	12	0	0	0	37	0	2	0	1	0	0	0	0	0	0		0
Lynn Bowden	WR	12	0	0	0	0	0	0	0	0	0	0	0	0	0	0		0
Bryan Edwards	WR	12	0	0	0	0	0	15	0	1	0	0	0	0	0	0		0
Joshua Kelley	RB	12	0	0	0	35	1	0	0	0	0	0	0	0	0	0		0
Joe Reed	WR	12	0	0	0	0	0	0	0	0	0	0	0	0	0	0		0
Jalen Reagor	WR	12	0	0	0	0	0	11	0	3	0	0	0	0	0	0		0
Jalen Hurts	QB	12	6	0	0	0	0	0	0	0	0	0	0	0	0	0		0
John Hightower	WR	12	0	0	0	0	0	1	0	1	0	0	0	0	0	0		0
Jerry Jeudy	WR	12	0	0	0	0	0	0	0	0	0	0	0	0	0	0		0
Tee Higgins	WR	12	0	0	0	0	0	44	1	5	0	0	0	0	0	0		0
KJ Hamler	WR	12	0	0	0	-8	0	0	0	0	0	0	0	0	0	0		0
Cam Akers	RB	12	0	0	0	84	1	0	0	0	0	0	0	0	0	0		0
Adam Trautman	TE	12	0	0	0	0	0	8	0	1	0	0	0	0	0	0		0
Tyler Johnson	WR	12	0	0	0	0	0	0	0	0	0	0	0	0	0	0		0
Charlie Woerner	TE	12	0	0	0	0	0	0	0	0	0	0	0	0	0	0		0
Jason Witten	TE	13	0	0	0	0	0	0	0	0	0	0	0	0	0	0		0
Ben Roethlisberger	QB	13	305	2	1	0	0	0	0	0	0	0	0	0	0	0		0
Philip Rivers	QB	13	285	2	0	-2	0	0	0	0	0	0	0	0	0	0		0
Robbie Gould	PK	13	0	0	0	0	0	0	0	0	0	0	0	0	0	0	45	3
Alex Smith	QB	13	296	1	0	0	0	0	0	0	0	0	0	0	0	0		0
Aaron Rodgers	QB	13	295	3	0	-3	0	0	0	0	0	0	0	0	0	0		0
Frank Gore	RB	13	0	0	0	2	0	0	0	0	0	0	0	0	0	0		0
Matt Prater	PK	13	0	0	0	0	0	0	0	0	0	0	0	0	0	0		4
Marcedes Lewis	TE	13	0	0	0	0	0	36	0	1	0	0	0	0	0	0		0
Stephen Gostkowski	PK	13	0	0	0	0	0	0	0	0	0	0	0	0	0	0		3
Adrian Peterson	RB	13	0	0	0	57	2	0	0	0	0	0	0	0	0	0		0
Nick Folk	PK	13	0	0	0	0	0	0	0	0	0	0	0	0	0	0	32	6
Mason Crosby	PK	13	0	0	0	0	0	0	0	0	0	0	0	0	0	0	40	3
Danny Amendola	WR	13	0	0	0	0	0	62	0	3	0	0	0	0	0	0		0
Matt Ryan	QB	13	273	1	0	0	0	0	0	0	1	0	0	0	0	0		0
Matthew Stafford	QB	13	402	3	1	0	0	0	0	0	0	0	0	0	0	0		0
Graham Gano	PK	13	0	0	0	0	0	0	0	0	0	0	0	0	0	0	48	0
Jared Cook	TE	13	0	0	0	0	0	28	1	3	0	0	0	0	0	0		0
Emmanuel Sanders	WR	13	0	0	0	0	0	39	0	5	0	0	0	0	0	0		0
Colt McCoy	QB	13	105	1	1	2	0	0	0	0	0	0	0	1	0	0		0
Andre Roberts	WR	13	0	0	0	0	0	0	0	0	0	0	0	0	0	0		0
Jimmy Graham	TE	13	0	0	0	0	0	0	0	0	0	0	0	0	0	0		0
Golden Tate	WR	13	0	0	0	0	0	30	0	4	0	0	0	0	0	0		0
Cam Newton	QB	13	69	1	0	48	2	0	0	0	0	0	0	0	0	0		0
A.J. Green	WR	13	0	0	0	0	0	0	0	0	0	0	0	0	0	0		0
Julio Jones	WR	13	0	0	0	0	0	94	0	6	0	0	0	0	0	0		0
Mark Ingram	RB	13	0	0	0	28	0	1	0	1	0	0	0	0	0	0		0
Andy Dalton	QB	13	285	2	1	2	0	0	0	0	0	0	0	0	0	0		0
Kyle Rudolph	TE	13	0	0	0	0	0	0	0	0	0	0	0	0	0	0		0
Luke Stocker	TE	13	0	0	0	0	0	0	0	0	0	0	0	0	0	0		0
Dion Lewis	RB	13	0	0	0	6	0	0	0	0	0	0	0	0	0	0		0
Lee Smith	TE	13	0	0	0	0	0	0	0	0	0	0	0	0	0	0		0
Dan Bailey	PK	13	0	0	0	0	0	0	0	0	0	0	0	0	0	0	48;23	1
Cole Beasley	WR	13	0	0	0	0	0	130	1	9	0	0	0	0	0	0		0
Alshon Jeffery	WR	13	0	0	0	0	0	0	0	0	0	0	0	0	0	0		0
Alfred Morris	RB	13	0	0	0	39	1	6	1	1	0	0	0	0	0	0		0
Russell Wilson	QB	13	263	1	1	45	0	0	0	0	0	1	0	0	0	0		0
Marvin Jones	WR	13	0	0	0	0	0	116	1	8	0	0	0	0	0	0		0
Randy Bullock	PK	13	0	0	0	0	0	0	0	0	0	0	0	0	0	0		1
Justin Tucker	PK	13	0	0	0	0	0	0	0	0	0	0	0	0	0	0	35;22	4
Kirk Cousins	QB	13	305	3	1	12	0	0	0	0	0	1	0	0	0	0		0
T.Y. Hilton	WR	13	0	0	0	0	0	110	1	8	0	0	0	0	0	0		0
Greg Zuerlein	PK	13	0	0	0	0	0	0	0	0	0	0	0	0	0	0	31	2
Mohamed Sanu	WR	13	0	0	0	0	0	36	0	2	0	0	0	0	0	0		0
Ryan Tannehill	QB	13	389	3	1	0	0	0	0	0	0	0	0	0	1	0		0
Darren Fells	TE	13	0	0	0	0	0	0	0	0	0	0	0	0	0	0		0
Brandon McManus	PK	13	0	0	0	0	0	0	0	0	0	0	0	0	0	0	53	1
Adam Thielen	WR	13	0	0	0	0	0	75	1	8	0	0	0	0	0	0		0
Zach Ertz	TE	13	0	0	0	0	0	31	0	2	0	0	0	0	0	0		0
Luke Willson	TE	13	0	0	0	0	0	12	0	1	0	0	0	0	0	0		0
Dustin Hopkins	PK	13	0	0	0	0	0	0	0	0	0	0	0	0	0	0	49;45;45	2
Theo Riddick	RB	13	0	0	0	6	0	3	0	1	0	0	0	0	0	0		0
Ryan Griffin	TE	13	0	0	0	0	0	31	0	2	0	0	0	0	0	0		0
Jack Doyle	TE	13	0	0	0	0	0	12	0	1	0	0	0	0	0	0		0
Keenan Allen	WR	13	0	0	0	0	0	48	0	5	0	0	0	0	0	0		0
Robert Woods	WR	13	0	0	0	0	0	85	0	10	0	0	0	0	0	0		0
Levine Toilolo	TE	13	0	0	0	0	0	0	0	0	0	0	0	0	0	0		0
Giovani Bernard	RB	13	0	0	0	30	0	-1	0	2	0	0	0	0	0	0		0
Jordan Reed	TE	13	0	0	0	0	0	32	1	3	0	0	0	0	0	0		0
Le'Veon Bell	RB	13	0	0	0	40	0	15	0	2	0	0	0	0	0	0		0
Travis Kelce	TE	13	0	0	0	0	0	136	1	8	0	0	0	0	0	0		0
Latavius Murray	RB	13	0	0	0	17	0	0	0	2	0	0	0	0	0	0		0
Mike Glennon	QB	13	280	1	2	9	0	0	0	0	0	1	0	1	0	0		0
Tyler Eifert	TE	13	0	0	0	0	0	45	0	6	0	0	0	0	0	0		0
DeAndre Hopkins	WR	13	0	0	0	0	0	52	1	8	0	0	0	0	0	0		0
Cordarrelle Patterson	RB	13	0	0	0	59	1	4	0	1	0	0	0	0	0	0		0
Trey Burton	TE	13	0	0	0	0	0	11	0	1	0	0	0	0	0	0		0
Cody Parkey	PK	13	0	0	0	0	0	0	0	0	0	0	0	0	0	0	27;43	5
Carlos Hyde	RB	13	0	0	0	1	0	10	0	3	0	0	0	0	0	0		0
James White	RB	13	0	0	0	0	0	1	0	3	0	0	0	0	0	0		0
Cairo Santos	PK	13	0	0	0	0	0	0	0	0	0	0	0	0	0	0	45	3
Brandin Cooks	WR	13	0	0	0	0	0	65	0	5	0	0	0	0	0	0		0
Logan Thomas	TE	13	0	0	0	0	0	98	1	9	0	0	0	0	0	0		0
Derek Carr	QB	13	381	3	1	5	1	0	0	0	0	0	0	0	0	0		0
Sammy Watkins	WR	13	0	0	0	0	0	35	0	4	0	0	0	0	0	0		0
Donte Moncrief	WR	13	0	0	0	4	0	0	0	0	0	0	0	0	0	0		0
Davante Adams	WR	13	0	0	0	0	0	121	2	10	0	0	0	0	0	0		0
Jarvis Landry	WR	13	6	0	0	0	0	62	1	8	0	0	0	0	0	0		0
Sergio Castillo	PK	13	0	0	0	0	0	0	0	0	0	0	0	0	0	0		2
Eric Ebron	TE	13	0	0	0	0	0	68	0	7	0	0	0	0	0	0		0
Allen Robinson	WR	13	0	0	0	0	0	75	0	6	0	0	0	0	0	0		0
Jason Myers	PK	13	0	0	0	0	0	0	0	0	0	0	0	0	0	0	31	1
Amari Cooper	WR	13	0	0	0	10	0	43	1	5	0	0	0	0	0	0		0
DeVante Parker	WR	13	0	0	0	0	0	35	0	4	0	0	0	0	0	0		0
Nelson Agholor	WR	13	0	0	0	0	0	38	0	4	0	0	0	0	0	0		0
MyCole Pruitt	TE	13	0	0	0	0	0	22	1	1	0	0	0	0	0	0		0
Stefon Diggs	WR	13	0	0	0	0	0	92	0	10	0	0	0	0	0	0		0
Darren Waller	TE	13	0	0	0	0	0	200	2	13	0	0	0	0	0	0		0
Raheem Mostert	RB	13	0	0	0	42	0	1	0	1	0	0	0	0	0	0		0
DeAndre Carter	WR	13	0	0	0	0	0	0	0	0	0	0	0	0	0	0		0
Malcolm Brown	RB	13	0	0	0	-3	0	30	0	1	0	0	0	0	0	0		0
Damiere Byrd	WR	13	0	0	0	0	0	16	0	2	0	0	0	0	0	0		0
Jamison Crowder	WR	13	0	0	0	0	0	47	2	5	0	0	0	0	0	0		0
James O'Shaughnessy	TE	13	0	0	0	0	0	41	0	4	0	0	0	0	0	0		0
Adam Humphries	WR	13	0	0	0	0	0	9	0	1	0	0	0	0	0	0		0
Breshad Perriman	WR	13	0	0	0	0	0	22	0	1	0	0	0	0	0	0		0
Tevin Coleman	RB	13	0	0	0	-11	0	0	0	0	0	0	0	0	0	0		0
Blake Bell	TE	13	0	0	0	0	0	2	0	1	0	0	0	0	0	0		0
Daniel Brown	TE	13	0	0	0	0	0	0	0	0	0	0	0	0	0	0		0
Ameer Abdullah	RB	13	0	0	0	11	0	18	0	1	0	0	0	0	0	0		0
Chris Conley	WR	13	0	0	0	0	0	12	0	2	0	0	1	0	0	0		0
Jesse James	TE	13	0	0	0	0	0	9	1	1	0	0	0	0	0	0		0
Geoff Swaim	TE	13	0	0	0	0	0	0	0	0	0	0	0	0	0	0		0
Melvin Gordon	RB	13	0	0	0	131	0	11	0	1	0	0	0	0	0	0		0
David Johnson	RB	13	0	0	0	44	1	0	0	0	0	0	0	0	0	0		0
Tyler Lockett	WR	13	0	0	0	0	0	63	0	6	0	0	0	0	0	0		0
Todd Gurley	RB	13	0	0	0	16	0	4	0	1	0	0	0	0	0	0		0
Duke Johnson	RB	13	0	0	0	8	0	24	0	6	0	0	0	0	0	0		0
Sterling Shepard	WR	13	0	0	0	0	0	22	0	1	0	0	0	0	0	1		0
Austin Hooper	TE	13	0	0	0	0	0	24	0	2	0	0	0	0	0	0		0
Nick Vannett	TE	13	0	0	0	0	0	7	0	2	0	0	0	0	0	0		0
Tyler Ervin	RB	13	0	0	0	0	0	0	0	0	0	0	0	0	0	0		0
Brandon Allen	QB	13	153	1	1	3	0	0	0	0	0	0	0	0	0	0		0
Dwayne Washington	RB	13	0	0	0	0	0	0	0	0	0	0	0	0	0	0		0
Kalif Raymond	WR	13	0	0	0	0	0	0	0	0	0	0	0	0	0	0		0
Alex Erickson	WR	13	0	0	0	0	0	17	0	2	0	0	0	0	0	0		0
Wil Lutz	PK	13	0	0	0	0	0	0	0	0	0	0	0	0	0	0		3
J.D. McKissic	RB	13	0	0	0	8	0	70	0	10	0	0	0	0	0	0		0
Stephen Anderson	TE	13	0	0	0	0	0	6	0	1	0	0	0	0	0	0		0
Ka'imi Fairbairn	PK	13	0	0	0	0	0	0	0	0	0	0	0	0	0	0	52;34	2
Peyton Barber	RB	13	0	0	0	23	1	0	0	0	0	0	0	0	0	0		0
Derrick Henry	RB	13	0	0	0	60	0	9	0	1	0	1	0	0	0	0		0
Michael Thomas	WR	13	0	0	0	0	0	105	0	9	0	0	0	0	0	0		0
Demarcus Robinson	WR	13	0	0	0	0	0	39	0	2	0	0	0	0	0	0		0
Jordan Howard	RB	13	0	0	0	19	0	0	0	0	0	0	0	0	0	0		0
Jakeem Grant	WR	13	0	0	0	0	0	42	0	2	0	0	0	0	0	0		0
Tommylee Lewis	WR	13	0	0	0	16	0	0	0	0	0	0	0	0	0	0		0
Carson Wentz	QB	13	79	0	0	18	0	0	0	0	0	0	0	0	0	0		0
Devontae Booker	RB	13	0	0	0	50	0	1	0	1	0	0	0	0	0	0		0
Jonathan Williams	RB	13	0	0	0	0	0	0	0	0	0	0	0	0	0	0		0
Rashard Higgins	WR	13	0	0	0	0	0	95	1	6	0	0	0	0	0	0		0
J.P. Holtz	TE	13	0	0	0	0	0	0	0	0	0	0	0	0	0	0		0
Tyler Boyd	WR	13	0	0	0	0	0	72	1	1	0	0	0	0	0	0		0
Jalen Richard	RB	13	0	0	0	11	0	6	0	1	0	0	0	0	0	0		0
Tyreek Hill	WR	13	0	0	0	30	0	58	0	6	0	0	0	0	0	0		0
Ezekiel Elliott	RB	13	0	0	0	77	0	18	0	4	0	0	0	0	0	0		0
Hunter Henry	TE	13	0	0	0	0	0	5	0	1	0	0	0	0	0	0		0
Jared Goff	QB	13	351	1	0	1	1	0	0	0	0	0	0	0	0	0		0
Tyler Higbee	TE	13	0	0	0	0	0	24	1	4	0	0	0	0	0	0		0
Mike Thomas	WR	13	0	0	0	0	0	0	0	0	0	0	0	0	0	0		0
Kenyan Drake	RB	13	0	0	0	49	1	9	0	2	0	0	0	0	0	0		0
Jacoby Brissett	QB	13	0	0	0	1	0	0	0	0	0	0	0	0	0	0		0
Mo Alie-Cox	TE	13	0	0	0	0	0	23	0	3	0	0	0	0	0	0		0
Zach Pascal	WR	13	0	0	0	0	0	11	0	1	0	0	0	0	0	0		0
Aaron Jones	RB	13	0	0	0	130	1	18	0	3	0	0	0	0	0	0		0
Harrison Butker	PK	13	0	0	0	0	0	0	0	0	0	0	0	0	0	0	35;24;23;31;48	1
Kendrick Bourne	WR	13	0	0	0	0	0	35	0	4	0	0	0	0	0	0		0
Nick Mullens	QB	13	316	3	2	0	0	0	0	0	0	0	0	0	0	0		0
Cethan Carter	TE	13	0	0	0	0	0	0	0	0	0	0	0	0	0	0		0
Taysom Hill	TE	13	232	2	0	83	0	0	0	0	1	0	0	0	0	0		0
C.J. Board	WR	13	0	0	0	0	0	-2	0	1	0	0	0	0	0	0		0
Tim Patrick	WR	13	0	0	0	0	0	44	2	4	0	0	0	0	0	0		0
Patrick Ricard	RB	13	0	0	0	0	0	11	0	2	0	0	0	0	0	0		0
Jacob Hollister	TE	13	0	0	0	0	0	20	0	3	0	0	0	0	0	0		0
Anthony Firkser	TE	13	0	0	0	0	0	51	0	5	0	0	0	0	0	0		0
Isaiah McKenzie	WR	13	0	0	0	0	0	31	1	2	0	0	0	0	0	0		0
Samaje Perine	RB	13	0	0	0	7	0	0	0	0	0	0	0	0	0	0		0
Jeremy Sprinkle	TE	13	0	0	0	0	0	0	0	0	0	0	0	0	0	0		0
Mike Williams	WR	13	0	0	0	0	0	43	0	4	0	0	0	0	0	0		0
Deshaun Watson	QB	13	341	0	1	38	1	0	0	0	0	1	0	0	0	0		0
Mack Hollins	WR	13	0	0	0	0	0	7	0	1	0	0	0	0	0	0		0
Brian Hill	RB	13	0	0	0	18	0	0	0	0	0	0	0	0	0	0		0
Jamal Agnew	WR	13	0	0	0	0	0	24	0	2	0	0	0	0	0	0		0
Eric Saubert	TE	13	0	0	0	0	0	0	0	0	0	0	0	0	0	0		0
David Moore	WR	13	0	0	0	0	0	6	0	1	0	0	0	0	0	0		0
Noah Brown	WR	13	0	0	0	0	0	40	0	3	0	0	0	0	0	0		0
Chris Carson	RB	13	0	0	0	65	0	45	1	3	0	0	0	0	0	0		0
Keelan Cole	WR	13	0	0	0	0	0	7	0	1	0	0	0	0	0	0		0
Austin Ekeler	RB	13	0	0	0	36	0	32	0	4	0	0	0	0	0	0		0
Younghoe Koo	PK	13	0	0	0	0	0	0	0	0	0	0	0	0	0	0	53;30;28	1
Greg Ward	WR	13	0	0	0	0	0	57	1	3	0	0	0	0	0	0		0
Robert Tonyan	TE	13	0	0	0	0	0	39	1	4	0	0	0	0	0	0		0
Jake Elliott	PK	13	0	0	0	0	0	0	0	0	0	0	0	0	0	0	52	1
Mason Schreck	TE	13	0	0	0	0	0	0	0	0	0	0	0	0	0	0		0
Chad Hansen	WR	13	0	0	0	0	0	101	0	5	0	0	0	0	0	0		0
Dare Ogunbowale	RB	13	0	0	0	7	0	0	0	0	0	0	0	0	0	0		0
JuJu Smith-Schuster	WR	13	0	0	0	0	0	28	0	7	0	0	0	0	0	0		0
Zane Gonzalez	PK	13	0	0	0	0	0	0	0	0	0	0	0	0	0	0		4
Mitchell Trubisky	QB	13	267	1	0	6	0	0	0	0	1	0	0	0	0	0		0
Corey Davis	WR	13	0	0	0	0	0	182	1	11	0	0	0	0	0	0		0
Patrick Mahomes	QB	13	318	1	0	26	0	0	0	0	0	0	0	0	0	0		0
Evan Engram	TE	13	0	0	0	0	0	32	0	4	0	0	0	0	0	0		0
David Njoku	TE	13	0	0	0	0	0	5	0	1	0	0	0	0	0	0		0
Zay Jones	WR	13	0	0	0	0	0	0	0	0	0	0	0	0	0	0		0
Dalvin Cook	RB	13	0	0	0	120	0	59	0	6	0	0	0	0	0	0		0
Gerald Everett	TE	13	0	0	0	0	0	44	0	6	0	0	0	0	0	0		0
Adam Shaheen	TE	13	0	0	0	0	0	0	0	0	0	0	0	0	0	0		0
Alvin Kamara	RB	13	0	0	0	88	1	9	0	2	0	0	0	0	0	0		0
Cooper Kupp	WR	13	0	0	0	0	0	73	0	8	0	0	0	0	0	0		0
Kareem Hunt	RB	13	0	0	0	33	0	24	0	3	0	0	0	0	0	0		0
Josh Reynolds	WR	13	0	0	0	0	0	21	0	1	0	0	0	0	0	0		0
Jamaal Williams	RB	13	0	0	0	26	0	10	0	2	0	0	0	0	0	0		0
Wayne Gallman	RB	13	0	0	0	135	0	0	0	0	0	0	0	0	0	0		0
Jeremy McNichols	RB	13	0	0	0	2	1	15	0	3	0	0	0	0	0	0		0
Dan Arnold	TE	13	0	0	0	0	0	61	2	2	0	0	0	0	0	0		0
Ross Dwelley	TE	13	0	0	0	0	0	29	0	2	0	0	0	0	0	0		0
Mike Badgley	PK	13	0	0	0	0	0	0	0	0	0	0	0	0	0	0		0
Cam Sims	WR	13	0	0	0	0	0	92	0	5	0	0	0	0	0	0		0
Phillip Lindsay	RB	13	0	0	0	26	0	0	0	0	0	0	0	0	0	0		0
Jeff Wilson	RB	13	0	0	0	47	0	12	0	2	0	0	0	0	0	0		0
Will Dissly	TE	13	0	0	0	0	0	28	0	4	0	0	0	0	0	0		0
Daniel Carlson	PK	13	0	0	0	0	0	0	0	0	0	0	0	0	0	0	48	4
Gus Edwards	RB	13	0	0	0	101	0	0	0	0	0	0	0	0	0	0		0
Nick Keizer	TE	13	0	0	0	0	0	15	0	1	0	0	0	0	0	0		0
Tyler Conklin	TE	13	0	0	0	0	0	10	0	1	0	0	0	0	0	0		0
Marquez Valdes-Scantling	WR	13	0	0	0	-4	0	0	0	0	0	0	0	0	0	0		0
Equanimeous St. Brown	WR	13	0	0	0	0	0	7	0	1	0	0	0	0	0	0		0
Richie James	WR	13	0	0	0	0	0	0	0	0	0	0	0	0	0	0		0
Darrel Williams	RB	13	0	0	0	38	0	5	0	1	0	0	0	0	0	0		0
Chad Beebe	WR	13	0	0	0	0	0	10	0	2	0	0	0	0	0	0		0
Jaylen Samuels	RB	13	0	0	0	1	0	11	0	3	0	0	0	0	0	0		0
Kerryon Johnson	RB	13	0	0	0	3	0	8	0	2	0	0	0	0	0	0		0
Dallas Goedert	TE	13	0	0	0	0	0	66	0	5	0	0	0	0	0	0		0
Anthony Miller	WR	13	0	0	0	3	0	56	0	5	0	0	0	0	0	0		0
Jordan Akins	TE	13	0	0	0	0	0	10	0	2	0	0	0	0	0	0		0
Keke Coutee	WR	13	0	0	0	0	0	141	0	8	0	0	0	0	0	0		0
Nyheim Hines	RB	13	0	0	0	10	1	22	0	3	0	0	0	0	0	0		0
Ito Smith	RB	13	0	0	0	36	0	-2	0	1	0	0	0	0	0	0		0
Dalton Schultz	TE	13	0	0	0	0	0	44	0	4	0	0	0	0	0	0		0
Troy Fumagalli	TE	13	0	0	0	0	0	0	0	0	0	0	0	0	0	0		0
Jordan Wilkins	RB	13	0	0	0	12	0	6	0	2	0	0	0	0	0	0		0
Ray-Ray McCloud	WR	13	0	0	0	0	0	4	0	2	0	0	0	0	0	0		0
Russell Gage	WR	13	0	0	0	0	0	51	1	4	0	0	0	0	0	0		0
Boston Scott	RB	13	0	0	0	9	0	0	0	0	0	0	0	0	0	0		0
Braxton Berrios	WR	13	0	0	0	0	0	33	0	2	0	0	0	0	0	0		0
Javon Wims	WR	13	0	0	0	0	0	13	0	1	0	0	0	0	0	0		0
Ryan Izzo	TE	13	0	0	0	0	0	6	0	1	0	0	0	0	0	0		0
Buddy Howell	RB	13	0	0	0	0	0	0	0	0	0	0	0	0	0	0		0
Josh Adams	RB	13	0	0	0	74	0	0	0	0	0	0	0	0	0	0		0
Trent Sherfield	WR	13	0	0	0	0	0	0	0	0	0	0	0	0	0	0		0
Allen Lazard	WR	13	0	0	0	0	0	50	0	3	0	0	0	0	0	0		0
Ryan Nall	RB	13	0	0	0	0	0	0	0	0	0	0	0	0	0	0		0
Brandon Powell	WR	13	0	0	0	0	0	9	0	1	0	0	0	0	0	0		0
Cameron Batson	WR	13	0	0	0	0	0	14	1	3	0	0	0	0	0	0		0
James Washington	WR	13	0	0	0	0	0	80	1	2	0	0	0	0	0	0		0
Chase Edmonds	RB	13	0	0	0	28	0	15	0	2	0	0	0	0	0	0		0
Michael Gallup	WR	13	0	0	0	0	0	86	1	7	0	0	0	0	0	0		0
Tre'Quan Smith	WR	13	0	0	0	3	0	42	1	3	0	0	0	0	0	0		0
Antonio Callaway	WR	13	0	0	0	0	0	0	0	0	0	0	0	0	0	0		0
Christian Kirk	WR	13	0	0	0	0	0	2	0	1	0	0	0	0	0	0		0
DJ Chark	WR	13	0	0	0	0	0	41	0	2	0	0	0	0	0	0		0
Jaeden Graham	TE	13	0	0	0	0	0	0	0	0	0	0	0	0	0	0		0
Nick Chubb	RB	13	0	0	0	80	1	26	0	1	0	0	0	0	0	0		0
Jason Sanders	PK	13	0	0	0	0	0	0	0	0	0	0	0	0	0	0	25;48;23;19	1
Lamar Jackson	QB	13	107	2	1	94	1	0	0	0	0	0	0	0	0	0		0
Durham Smythe	TE	13	0	0	0	0	0	16	0	2	0	0	0	0	0	0		0
Kalen Ballage	RB	13	0	0	0	34	0	5	0	3	0	0	0	0	0	0		0
Mike Gesicki	TE	13	0	0	0	0	0	88	1	9	0	0	0	0	0	0		0
Hayden Hurst	TE	13	0	0	0	0	0	9	0	1	0	0	0	0	0	0		0
Calvin Ridley	WR	13	0	0	0	0	0	108	0	5	0	0	0	0	0	0		0
Sony Michel	RB	13	0	0	0	35	0	23	0	1	0	0	0	0	0	0		0
Baker Mayfield	QB	13	334	4	0	5	0	6	0	1	0	1	0	0	0	0		0
Josh Allen	QB	13	375	4	0	11	0	0	0	0	0	1	0	0	0	0		0
Sam Darnold	QB	13	186	2	1	26	1	0	0	0	2	0	0	1	0	0		0
Steven Sims	WR	13	0	0	0	0	0	17	0	4	0	0	0	0	0	0		0
Jakobi Meyers	WR	13	0	0	0	0	0	15	0	2	0	0	0	0	0	0		0
Justice Hill	RB	13	0	0	0	0	0	4	0	1	0	0	0	0	0	0		0
Hunter Renfrow	WR	13	0	0	0	0	0	47	0	4	0	0	0	0	0	0		0
Kaden Smith	TE	13	0	0	0	0	0	3	0	1	0	0	0	0	0	0		0
Ashton Dulin	WR	13	0	0	0	0	0	0	0	0	0	0	0	0	0	0		0
Mecole Hardman	WR	13	0	0	0	0	0	15	0	1	0	0	0	0	0	0		0
Matthew Wright	PK	13	0	0	0	0	0	0	0	0	0	0	0	0	0	0	37	2
Diontae Johnson	WR	13	0	0	0	0	0	71	1	8	0	0	0	0	0	0		0
Benny Snell	RB	13	0	0	0	5	0	5	0	2	0	0	0	0	0	0		0
Kyler Murray	QB	13	173	3	1	15	0	0	0	0	1	0	0	0	0	0		0
T.J. Hockenson	TE	13	0	0	0	0	0	84	0	7	0	0	0	0	0	0		0
Miles Sanders	RB	13	0	0	0	31	0	0	0	0	0	0	0	0	0	0		0
Devin Singletary	RB	13	0	0	0	61	0	22	0	3	0	0	0	0	0	0		0
Tony Pollard	RB	13	0	0	0	22	0	6	0	1	0	0	0	0	0	0		0
Jarrett Stidham	QB	13	61	1	0	-2	0	0	0	0	0	0	0	0	0	0		0
Matt Gay	PK	13	0	0	0	0	0	0	0	0	0	0	0	0	0	0	39	5
KeeSean Johnson	WR	13	0	0	0	0	0	27	0	4	0	0	0	0	0	0		0
Myles Gaskin	RB	13	0	0	0	90	0	51	0	2	0	1	0	0	0	0		0
Donald Parham	TE	13	0	0	0	0	0	21	0	2	0	0	0	0	0	0		0
Patrick Laird	RB	13	0	0	0	6	0	16	0	2	0	0	0	0	0	0		0
Chase McLaughlin	PK	13	0	0	0	0	0	0	0	0	0	0	0	0	0	0	22	1
Stanley Morgan	WR	13	0	0	0	0	0	0	0	0	0	0	0	0	0	0		0
Jalen Guyton	WR	13	0	0	0	0	0	38	0	2	0	0	0	0	0	0		0
Tyron Johnson	WR	13	0	0	0	0	0	1	0	1	0	0	0	0	0	0		0
Malik Taylor	WR	13	0	0	0	0	0	14	0	1	0	0	0	0	0	0		0
Andy Isabella	WR	13	0	0	0	0	0	7	0	2	0	0	0	0	0	0		0
Darius Slayton	WR	13	0	0	0	0	0	14	0	1	0	0	0	0	0	0		0
Ty Johnson	RB	13	0	0	0	104	1	13	0	2	0	0	0	0	0	0		0
Travis Fulgham	WR	13	0	0	0	0	0	0	0	0	0	0	0	0	0	0		0
Nsimba Webster	WR	13	0	0	0	0	0	0	0	0	0	0	0	0	0	0		0
N'Keal Harry	TE	13	0	0	0	0	0	15	1	2	0	0	0	0	0	0		0
D'Ernest Johnson	RB	13	0	0	0	0	0	5	0	1	0	0	0	0	0	0		0
Drew Sample	TE	13	0	0	0	0	0	49	0	7	0	0	0	0	0	0		0
DK Metcalf	WR	13	0	0	0	0	0	80	0	5	0	0	0	0	0	0		0
Noah Fant	TE	13	0	0	0	0	0	57	0	4	0	0	0	0	0	0		0
Gunner Olszewski	WR	13	0	0	0	0	0	38	1	1	0	0	0	0	0	0		0
Ryan Finley	QB	13	40	0	1	0	0	0	0	0	0	0	0	0	0	0		0
Damien Harris	RB	13	0	0	0	80	0	15	0	1	0	0	0	0	0	0		0
Terry McLaurin	WR	13	0	0	0	0	0	14	0	2	0	0	0	0	0	0		0
Kahale Warring	TE	13	0	0	0	0	0	0	0	0	0	0	0	0	0	0		0
Marquise Brown	WR	13	0	0	0	0	0	39	1	5	0	0	0	0	0	0		0
Darrell Henderson	RB	13	0	0	0	49	1	25	0	2	0	0	0	0	0	0		0
A.J. Brown	WR	13	0	0	0	0	0	87	0	4	0	0	1	0	0	0		0
David Montgomery	RB	13	0	0	0	72	2	39	0	4	0	0	0	0	0	0		0
Dawson Knox	TE	13	0	0	0	0	0	27	1	4	0	0	0	0	0	0		0
Miles Boykin	WR	13	0	0	0	0	0	38	1	1	0	0	0	0	0	0		0
Drew Lock	QB	13	151	2	2	9	0	0	0	0	0	0	0	0	0	0		0
Deebo Samuel Sr.	WR	13	0	0	0	3	0	73	0	6	0	0	0	0	0	0		0
Jakob Johnson	RB	13	0	0	0	0	0	1	0	1	0	0	0	0	0	0		0
James Robinson	RB	13	0	0	0	78	1	30	0	6	0	0	0	0	0	0		0
Nathan Cottrell	RB	13	0	0	0	0	0	0	0	0	0	0	0	0	0	0		0
De'Michael Harris	WR	13	0	0	0	-3	0	0	0	0	0	0	0	0	0	0		0
Rodrigo Blankenship	PK	13	0	0	0	0	0	0	0	0	0	0	0	0	0	0	42	3
Dan Chisena	WR	13	0	0	0	0	0	0	0	0	0	0	0	0	0	0		0
James Proche	WR	13	0	0	0	0	0	0	0	0	0	0	0	0	0	0		0
Isaiah Wright	WR	13	0	0	0	0	0	5	0	1	0	0	0	0	0	0		0
J.K. Dobbins	RB	13	0	0	0	71	1	0	0	0	0	0	0	0	0	0		0
Tyler Bass	PK	13	0	0	0	0	0	0	0	0	0	0	0	0	0	0	37;28	4
Gabe Davis	WR	13	0	0	0	0	0	68	1	3	0	0	0	0	0	0		0
Tua Tagovailoa	QB	13	296	1	0	3	0	0	0	0	0	0	0	0	0	0		0
Jonathan Taylor	RB	13	0	0	0	91	0	44	1	3	0	0	0	0	0	0		0
Donovan Peoples-Jones	WR	13	0	0	0	0	0	92	1	2	0	0	0	0	0	0		0
Freddie Swain	WR	13	0	0	0	0	0	0	0	0	0	0	0	0	0	0		0
Zack Moss	RB	13	0	0	0	9	0	5	0	1	0	0	0	0	0	0		0
Michael Pittman	WR	13	0	0	0	0	0	46	0	5	0	0	0	0	0	0		0
Collin Johnson	WR	13	0	0	0	0	0	66	0	4	0	0	0	0	0	1		0
Denzel Mims	WR	13	0	0	0	0	0	40	0	2	0	0	0	0	0	1		0
Brandon Aiyuk	WR	13	0	0	0	0	0	95	1	5	0	0	0	0	0	0		0
Laviska Shenault Jr.	WR	13	0	0	0	30	0	38	1	3	0	0	0	0	0	0		0
Quintez Cephus	WR	13	0	0	0	0	0	63	1	2	0	0	0	0	0	0		0
Cole Kmet	TE	13	0	0	0	0	0	37	1	5	0	0	0	0	0	0		0
Darnell Mooney	WR	13	0	0	0	0	0	43	0	4	0	0	0	0	0	0		0
Justin Jefferson	WR	13	0	0	0	2	0	121	1	9	0	0	0	0	0	0		0
Chase Claypool	WR	13	0	0	0	0	0	38	0	2	0	0	0	0	0	0		0
Antonio Gibson	RB	13	0	0	0	14	0	0	0	0	0	0	0	0	0	0		0
Devin Duvernay	WR	13	0	0	0	0	0	2	0	1	0	0	0	0	0	0		0
Anthony McFarland	RB	13	0	0	0	15	0	0	0	0	0	0	0	0	0	0		0
K.J. Osborn	WR	13	0	0	0	0	0	0	0	0	0	0	0	0	0	0		0
Justin Herbert	QB	13	209	0	2	0	0	0	0	0	0	0	0	0	0	0		0
Henry Ruggs III	WR	13	0	0	0	0	0	84	1	3	0	0	1	0	0	0		0
CeeDee Lamb	WR	13	0	0	0	0	0	46	0	6	0	0	0	0	0	0		0
Lynn Bowden	WR	13	0	0	0	11	0	41	0	4	0	0	0	0	0	0		0
Bryan Edwards	WR	13	0	0	0	0	0	0	0	0	0	0	0	0	0	0		0
Joshua Kelley	RB	13	0	0	0	0	0	3	0	2	0	0	0	0	0	0		0
K.J. Hill	WR	13	0	0	0	0	0	7	0	1	0	0	0	0	0	0		0
Jalen Reagor	WR	13	0	0	0	11	0	34	0	1	0	0	0	0	0	0		0
Jalen Hurts	QB	13	109	1	1	29	0	0	0	0	0	0	0	0	0	0		0
John Hightower	WR	13	0	0	0	0	0	0	0	0	0	0	0	0	0	0		0
Jerry Jeudy	WR	13	0	0	0	0	0	5	0	1	0	0	0	0	0	0		0
Tee Higgins	WR	13	0	0	0	0	0	56	0	5	0	0	0	0	0	0		0
KJ Hamler	WR	13	0	0	0	13	0	16	0	2	0	0	0	0	0	0		0
Cam Akers	RB	13	0	0	0	72	1	22	0	1	0	0	0	0	0	0		0
Van Jefferson	WR	13	0	0	0	0	0	27	0	4	0	0	0	0	0	0		0
Adam Trautman	TE	13	0	0	0	0	0	9	0	3	0	0	0	0	0	0		0
DeeJay Dallas	RB	13	0	0	0	0	0	11	0	2	0	0	0	0	0	0		0
Charlie Woerner	TE	13	0	0	0	0	0	33	0	2	0	0	0	0	0	0		0
Tyrie Cleveland	WR	13	0	0	0	0	0	11	0	1	0	0	0	0	0	0		0
Tom Brady	QB	14	196	2	0	-2	0	0	0	0	0	0	0	0	0	0		0
Larry Fitzgerald	WR	14	0	0	0	0	0	10	0	2	0	0	0	0	0	0		0
Ben Roethlisberger	QB	14	187	2	2	0	0	0	0	0	0	0	0	1	0	0		0
Philip Rivers	QB	14	244	2	0	0	0	0	0	0	0	0	0	0	0	0		0
Robbie Gould	PK	14	0	0	0	0	0	0	0	0	0	0	0	0	0	0		1
Alex Smith	QB	14	57	0	1	0	0	0	0	0	0	0	0	0	0	0		0
Aaron Rodgers	QB	14	290	3	0	13	1	0	0	0	0	0	0	0	0	0		0
Mike Nugent	PK	14	0	0	0	0	0	0	0	0	0	0	0	0	0	0	34;37;34;30	2
Frank Gore	RB	14	0	0	0	23	0	8	0	1	0	1	0	0	0	0		0
Matt Prater	PK	14	0	0	0	0	0	0	0	0	0	0	0	0	0	0	32	3
Marcedes Lewis	TE	14	0	0	0	0	0	6	0	1	0	0	0	0	0	0		0
Stephen Gostkowski	PK	14	0	0	0	0	0	0	0	0	0	0	0	0	0	0	53	4
Adrian Peterson	RB	14	0	0	0	7	0	23	0	1	0	0	0	0	0	0		0
Nick Folk	PK	14	0	0	0	0	0	0	0	0	0	0	0	0	0	0	29	0
Mason Crosby	PK	14	0	0	0	0	0	0	0	0	0	0	0	0	0	0	57	4
Danny Amendola	WR	14	0	0	0	0	0	66	0	6	0	0	0	0	0	0		0
Matt Ryan	QB	14	224	1	3	3	0	0	0	0	0	0	0	0	0	0		0
Matthew Stafford	QB	14	244	1	0	6	0	0	0	0	0	0	0	0	0	0		0
Chase Daniel	QB	14	29	0	0	0	0	0	0	0	0	0	0	0	0	0		0
Graham Gano	PK	14	0	0	0	0	0	0	0	0	0	0	0	0	0	0		1
Ryan Succop	PK	14	0	0	0	0	0	0	0	0	0	0	0	0	0	0	19;48	2
LeSean McCoy	RB	14	0	0	0	32	0	3	0	1	0	0	0	0	0	0		0
Jared Cook	TE	14	0	0	0	0	0	37	1	3	0	0	0	0	0	0		0
Rob Gronkowski	TE	14	0	0	0	0	0	2	1	1	0	0	0	0	0	0		0
Emmanuel Sanders	WR	14	0	0	0	0	0	48	1	3	0	0	0	0	0	0		0
Colt McCoy	QB	14	18	0	0	0	0	0	0	0	1	0	0	0	0	0		0
Andre Roberts	WR	14	0	0	0	0	0	0	0	0	0	0	0	0	0	0		0
Jimmy Graham	TE	14	0	0	0	0	0	23	1	4	0	0	0	0	0	0		0
Antonio Brown	WR	14	0	0	0	0	0	49	0	5	0	0	0	0	0	0		0
Golden Tate	WR	14	0	0	0	0	0	39	0	1	0	0	0	0	0	0		0
Cam Newton	QB	14	119	0	1	16	0	0	0	0	0	0	0	0	0	0		0
A.J. Green	WR	14	0	0	0	0	0	62	1	6	0	0	0	0	0	0		0
Andy Dalton	QB	14	185	2	0	-1	0	0	0	0	0	0	0	0	0	0		0
Dion Lewis	RB	14	0	0	0	14	1	0	0	0	0	0	0	0	0	0		0
Dan Bailey	PK	14	0	0	0	0	0	0	0	0	0	0	0	0	0	0		0
Cole Beasley	WR	14	0	0	0	0	0	41	0	5	0	0	0	0	0	0		0
Alshon Jeffery	WR	14	0	0	0	0	0	15	1	1	0	0	0	0	0	0		0
Alfred Morris	RB	14	0	0	0	7	0	0	0	0	0	0	0	0	0	0		0
Russell Wilson	QB	14	206	4	1	-1	0	0	0	0	0	0	0	0	0	0		0
Marvin Jones	WR	14	0	0	0	0	0	48	0	4	0	0	0	0	0	0		0
Justin Tucker	PK	14	0	0	0	0	0	0	0	0	0	0	0	0	0	0	55	4
Kirk Cousins	QB	14	225	1	0	41	0	0	0	0	1	0	0	1	0	0		0
T.Y. Hilton	WR	14	0	0	0	0	0	86	2	5	0	0	0	0	0	0		0
Greg Zuerlein	PK	14	0	0	0	0	0	0	0	0	0	0	0	0	0	0	34;20;55	3
Mohamed Sanu	WR	14	0	0	0	0	0	37	0	2	0	0	0	0	0	0		0
Ryan Tannehill	QB	14	212	2	0	0	0	0	0	0	0	0	0	0	0	0		0
Darren Fells	TE	14	0	0	0	0	0	15	0	1	0	0	0	0	0	0		0
Brandon McManus	PK	14	0	0	0	0	0	0	0	0	0	0	0	0	0	0		2
Adam Thielen	WR	14	0	0	0	0	0	39	0	3	0	0	0	0	0	0		0
Zach Ertz	TE	14	0	0	0	0	0	8	0	2	0	0	0	0	0	0		0
Dustin Hopkins	PK	14	0	0	0	0	0	0	0	0	0	0	0	0	0	0	51;31;21	2
Jack Doyle	TE	14	0	0	0	0	0	44	0	3	0	0	0	0	0	0		0
Josh Hill	TE	14	0	0	0	0	0	1	0	1	0	0	0	0	0	0		0
Keenan Allen	WR	14	0	0	0	0	0	52	1	9	0	0	0	0	0	0		0
Robert Woods	WR	14	0	0	0	-1	0	32	0	5	0	0	0	0	0	0		0
Levine Toilolo	TE	14	0	0	0	0	0	0	0	0	0	0	0	0	0	0		0
Giovani Bernard	RB	14	0	0	0	8	0	15	0	3	0	1	0	0	0	0		0
Kenjon Barner	RB	14	0	0	0	0	0	0	0	0	0	0	0	0	0	0		0
Vance McDonald	TE	14	0	0	0	0	0	0	0	0	0	0	0	0	0	0		0
Jordan Reed	TE	14	0	0	0	0	0	13	0	2	0	0	0	0	0	0		0
Le'Veon Bell	RB	14	0	0	0	21	0	14	0	2	0	0	0	0	0	0		0
Travis Kelce	TE	14	0	0	0	0	0	136	1	8	0	0	0	0	0	0		0
Latavius Murray	RB	14	0	0	0	13	0	-6	0	1	0	0	0	0	0	0		0
Mike Glennon	QB	14	85	0	1	0	0	0	0	0	0	0	0	0	0	0		0
Tavon Austin	WR	14	0	0	0	0	0	8	0	2	0	0	0	0	0	0		0
Tyler Eifert	TE	14	0	0	0	0	0	22	0	2	0	0	0	0	0	0		0
DeAndre Hopkins	WR	14	0	0	0	0	0	136	0	9	0	0	0	0	0	0		0
Geno Smith	QB	14	33	0	0	-2	0	0	0	0	0	0	0	0	0	0		0
Cordarrelle Patterson	RB	14	0	0	0	26	0	0	0	0	0	0	0	0	0	0		0
Willie Snead	WR	14	0	0	0	0	0	29	0	3	0	0	0	0	0	0		0
Cody Parkey	PK	14	0	0	0	0	0	0	0	0	0	0	0	0	0	0		4
Carlos Hyde	RB	14	0	0	0	66	0	0	0	0	0	0	0	0	0	0		0
James White	RB	14	0	0	0	16	0	2	0	1	0	0	0	0	0	0		0
Chris Boswell	PK	14	0	0	0	0	0	0	0	0	0	0	0	0	0	0		1
Cairo Santos	PK	14	0	0	0	0	0	0	0	0	0	0	0	0	0	0	39;32	4
Teddy Bridgewater	QB	14	283	0	0	31	1	0	0	0	0	0	0	0	0	0		0
Logan Thomas	TE	14	0	0	0	0	0	43	0	6	0	0	0	0	0	0		0
Cameron Brate	TE	14	0	0	0	0	0	9	0	1	0	0	0	0	0	0		0
Derek Carr	QB	14	316	2	2	12	1	0	0	0	0	0	0	0	0	0		0
AJ McCarron	QB	14	0	0	0	0	0	0	0	0	0	0	0	0	0	0		0
Diontae Spencer	WR	14	0	0	0	0	0	0	0	0	0	0	0	0	0	0		0
Sammy Watkins	WR	14	0	0	0	0	0	52	0	2	0	0	0	0	0	0		0
Davante Adams	WR	14	0	0	0	0	0	115	1	7	0	0	0	0	0	0		0
Jarvis Landry	WR	14	12	0	0	0	0	52	0	6	0	0	0	0	0	0		0
Sergio Castillo	PK	14	0	0	0	0	0	0	0	0	0	0	0	0	0	0	45	0
Eric Ebron	TE	14	0	0	0	0	0	30	0	2	0	0	0	0	0	1		0
Mike Evans	WR	14	0	0	0	0	0	56	0	3	0	0	0	0	0	0		0
Allen Robinson	WR	14	0	0	0	0	0	123	1	9	0	0	0	0	0	0		0
Jason Myers	PK	14	0	0	0	0	0	0	0	0	0	0	0	0	0	0	41;29	4
Amari Cooper	WR	14	0	0	0	0	0	51	1	4	0	0	0	0	0	0		0
DeVante Parker	WR	14	0	0	0	0	0	0	0	0	0	0	0	0	0	0		0
Nelson Agholor	WR	14	0	0	0	0	0	100	1	5	0	0	0	0	0	0		0
Maxx Williams	TE	14	0	0	0	0	0	17	0	2	0	0	0	0	0	0		0
Stefon Diggs	WR	14	0	0	0	1	0	130	1	10	0	0	0	0	0	0		0
Darren Waller	TE	14	0	0	0	0	0	75	0	7	0	0	0	0	0	0		0
Raheem Mostert	RB	14	0	0	0	65	0	5	0	2	0	0	0	0	0	0		0
Malcolm Brown	RB	14	0	0	0	0	0	0	0	0	0	0	0	0	0	0		0
Damiere Byrd	WR	14	0	0	0	0	0	48	0	5	0	0	0	0	0	0		0
Jamison Crowder	WR	14	0	0	0	0	0	7	0	2	0	0	0	0	0	0		0
James O'Shaughnessy	TE	14	0	0	0	0	0	14	0	2	0	0	0	0	0	0		0
Breshad Perriman	WR	14	0	0	0	0	0	26	0	3	0	0	0	0	0	0		0
Blake Bell	TE	14	0	0	0	0	0	11	0	1	0	0	0	0	0	0		0
Mike Davis	RB	14	0	0	0	51	2	42	0	5	0	0	0	0	0	0		0
Ameer Abdullah	RB	14	0	0	0	11	0	10	0	2	0	0	0	0	0	0		0
Geoff Swaim	TE	14	0	0	0	0	0	34	1	3	0	0	0	0	0	0		0
Melvin Gordon	RB	14	0	0	0	68	0	23	0	3	0	0	0	0	0	0		0
Tyler Lockett	WR	14	0	0	0	0	0	52	0	5	0	0	0	0	0	0		0
Todd Gurley	RB	14	0	0	0	19	0	12	0	2	0	0	0	0	0	0		0
Duke Johnson	RB	14	0	0	0	26	0	53	0	2	0	1	0	0	0	0		0
Sterling Shepard	WR	14	0	0	0	0	0	35	0	3	0	0	0	0	0	0		0
C.J. Prosise	RB	14	0	0	0	2	0	10	0	1	0	0	0	0	0	0		0
Nick Vannett	TE	14	0	0	0	0	0	20	1	4	0	0	0	0	0	0		0
Brandon Allen	QB	14	217	1	0	12	0	0	0	0	0	0	0	0	0	0		0
Kalif Raymond	WR	14	0	0	0	0	0	0	0	0	0	0	0	0	0	0		0
Alex Erickson	WR	14	0	0	0	0	0	9	0	1	0	1	0	0	0	0		0
Wil Lutz	PK	14	0	0	0	0	0	0	0	0	0	0	0	0	0	0		3
J.D. McKissic	RB	14	0	0	0	68	0	18	0	2	0	0	0	0	0	0		0
Robbie Chosen	WR	14	0	0	0	13	0	84	0	8	0	0	0	0	0	0		0
Ka'imi Fairbairn	PK	14	0	0	0	0	0	0	0	0	0	0	0	0	0	0		1
Peyton Barber	RB	14	0	0	0	37	0	1	0	2	0	0	0	0	0	0		0
Derrick Henry	RB	14	0	0	0	215	2	7	0	2	0	0	0	0	0	0		0
Michael Thomas	WR	14	0	0	0	0	0	84	0	8	0	0	0	0	0	0		0
Demarcus Robinson	WR	14	0	0	0	0	0	13	0	1	0	0	0	0	0	0		0
Tajae Sharpe	WR	14	0	0	0	0	0	0	0	0	0	0	0	0	0	0		0
Jakeem Grant	WR	14	0	0	0	0	0	32	0	3	0	0	0	0	0	0		0
Aldrick Rosas	PK	14	0	0	0	0	0	0	0	0	0	0	0	0	0	0	53	1
Tommylee Lewis	WR	14	0	0	0	0	0	0	0	0	0	0	0	0	0	0		0
DeAndre Washington	RB	14	0	0	0	35	0	17	0	2	0	0	0	0	0	0		0
Laquon Treadwell	WR	14	0	0	0	0	0	9	1	1	0	0	0	0	0	0		0
Devontae Booker	RB	14	0	0	0	8	0	11	0	3	0	0	0	0	0	0		0
Rashard Higgins	WR	14	0	0	0	0	0	68	1	6	0	0	0	0	0	0		0
Marcus Johnson	WR	14	0	0	0	0	0	0	0	0	0	0	0	0	0	0		0
J.P. Holtz	TE	14	0	0	0	0	0	0	0	0	0	0	0	0	0	0		0
Tyler Boyd	WR	14	0	0	0	0	0	43	0	5	0	0	0	0	0	0		0
Jalen Richard	RB	14	0	0	0	10	0	31	0	4	0	0	0	0	0	0		0
Tyreek Hill	WR	14	0	0	0	32	1	79	1	3	0	0	0	0	0	0		0
Ezekiel Elliott	RB	14	0	0	0	48	0	11	0	2	0	0	0	0	0	0		0
Seth DeValve	TE	14	0	0	0	0	0	0	0	0	0	0	0	0	0	0		0
Hunter Henry	TE	14	0	0	0	0	0	41	0	6	0	0	0	0	0	0		0
Jared Goff	QB	14	137	1	1	11	1	0	0	0	0	0	0	0	0	0		0
Tyler Higbee	TE	14	0	0	0	0	0	34	0	2	0	0	0	0	0	0		0
Pharoh Cooper	WR	14	0	0	0	0	0	52	0	3	0	0	0	0	0	0		0
Mike Thomas	WR	14	0	0	0	0	0	0	0	0	0	0	0	0	0	0		0
Kenyan Drake	RB	14	0	0	0	80	1	10	0	1	0	0	0	0	0	0		0
Jacoby Brissett	QB	14	0	0	0	-2	0	0	0	0	0	0	0	0	0	0		0
Mo Alie-Cox	TE	14	0	0	0	0	0	9	0	1	0	0	0	0	0	0		0
Zach Pascal	WR	14	0	0	0	0	0	27	0	1	0	0	0	0	0	0		0
Curtis Samuel	WR	14	0	0	0	22	0	68	0	7	0	0	0	0	0	0		0
Aaron Jones	RB	14	0	0	0	69	0	6	0	2	0	0	0	0	0	0		0
Alex Armah	RB	14	0	0	0	0	0	0	0	1	0	0	0	0	0	0		0
Harrison Butker	PK	14	0	0	0	0	0	0	0	0	0	0	0	0	0	0	46	4
Kendrick Bourne	WR	14	0	0	0	0	0	42	0	3	0	0	0	0	0	1		0
Nick Mullens	QB	14	260	1	1	0	0	0	0	0	1	0	0	1	0	0		0
Cethan Carter	TE	14	0	0	0	0	0	0	0	0	0	0	0	0	0	0		0
Taysom Hill	TE	14	291	2	1	33	0	0	0	0	1	0	0	0	0	0		0
C.J. Board	WR	14	0	0	0	0	0	0	0	0	0	0	0	0	0	0		0
Tim Patrick	WR	14	0	0	0	0	0	36	1	3	0	0	0	0	0	0		0
Jacob Hollister	TE	14	0	0	0	0	0	20	0	1	0	0	0	0	0	0		0
Antony Auclair	TE	14	0	0	0	0	0	0	0	0	0	0	0	0	0	0		0
Anthony Firkser	TE	14	0	0	0	0	0	5	0	1	0	0	0	0	0	0		0
Isaiah McKenzie	WR	14	0	0	0	0	0	12	0	1	0	0	0	0	0	0		0
Marcus Kemp	WR	14	0	0	0	0	0	0	0	0	0	0	0	0	0	0		0
Samaje Perine	RB	14	0	0	0	32	0	9	0	2	0	0	0	0	0	0		0
Jeremy Sprinkle	TE	14	0	0	0	0	0	0	0	0	0	0	0	0	0	0		0
Deshaun Watson	QB	14	219	1	0	38	0	0	0	0	0	0	0	0	0	0		0
James Conner	RB	14	0	0	0	18	0	0	0	0	0	0	0	0	0	0		0
Mack Hollins	WR	14	0	0	0	0	0	66	0	5	0	0	0	0	0	0		0
Brian Hill	RB	14	0	0	0	3	0	12	0	1	0	0	0	0	0	0		0
Jamal Agnew	WR	14	0	0	0	11	0	4	0	1	0	0	0	0	0	0		0
Eric Saubert	TE	14	0	0	0	0	0	4	0	1	0	0	0	0	0	0		0
David Moore	WR	14	0	0	0	9	0	20	1	3	0	0	0	0	0	0		0
Chris Carson	RB	14	0	0	0	76	1	22	0	3	0	0	0	0	0	0		0
Keelan Cole	WR	14	0	0	0	0	0	67	1	7	0	0	0	0	0	0		0
Austin Ekeler	RB	14	0	0	0	79	0	67	0	9	0	0	0	0	0	0		0
Younghoe Koo	PK	14	0	0	0	0	0	0	0	0	0	0	0	0	0	0	45	2
Greg Ward	WR	14	0	0	0	0	0	20	0	2	0	0	0	0	0	0		0
Robert Tonyan	TE	14	0	0	0	0	0	36	1	5	0	0	0	0	0	0		0
Jake Elliott	PK	14	0	0	0	0	0	0	0	0	0	0	0	0	0	0	44	3
Chad Hansen	WR	14	0	0	0	0	0	56	0	7	0	0	0	0	0	0		0
Dare Ogunbowale	RB	14	0	0	0	0	0	12	0	1	0	0	0	0	0	0		0
JuJu Smith-Schuster	WR	14	0	0	0	0	0	55	1	6	0	0	0	0	0	0		0
Jonnu Smith	TE	14	0	0	0	3	0	20	0	2	0	0	0	0	0	0		0
Mitchell Trubisky	QB	14	267	3	0	23	0	0	0	0	0	0	0	0	0	0		0
Corey Davis	WR	14	0	0	0	0	0	34	0	3	0	0	1	0	0	0		0
Patrick Mahomes	QB	14	393	2	3	9	0	0	0	0	0	0	0	0	0	0		0
Evan Engram	TE	14	0	0	0	0	0	18	0	2	0	0	0	0	0	0		0
David Njoku	TE	14	0	0	0	0	0	45	0	3	0	0	0	0	0	0		0
Zay Jones	WR	14	29	0	0	0	0	0	0	0	0	0	0	0	0	0		0
Dalvin Cook	RB	14	0	0	0	102	1	8	0	2	0	0	0	0	0	0		0
Gerald Everett	TE	14	0	0	0	0	0	9	0	1	0	0	0	0	0	0		0
Adam Shaheen	TE	14	0	0	0	0	0	26	0	2	0	0	0	0	0	0		0
Alvin Kamara	RB	14	0	0	0	50	1	44	0	7	0	0	0	0	0	0		0
Cooper Kupp	WR	14	0	0	0	0	0	33	1	5	0	0	0	0	0	0		0
Chris Godwin Jr.	WR	14	0	0	0	0	0	25	0	2	0	0	0	0	0	0		0
Kareem Hunt	RB	14	0	0	0	33	1	77	1	6	0	0	0	0	0	0		0
Josh Reynolds	WR	14	0	0	0	0	0	6	0	1	0	0	0	0	0	0		0
Jamaal Williams	RB	14	0	0	0	38	0	0	0	0	0	0	0	0	0	0		0
Wayne Gallman	RB	14	0	0	0	57	0	16	0	3	0	0	0	0	0	0		0
Jeremy McNichols	RB	14	0	0	0	9	0	0	0	1	0	0	0	0	0	0		0
Dan Arnold	TE	14	0	0	0	0	0	27	1	2	0	0	0	0	0	0		0
Brandon Zylstra	WR	14	0	0	0	0	0	3	0	1	0	0	0	0	0	0		0
Ross Dwelley	TE	14	0	0	0	0	0	20	0	2	0	0	0	0	0	0		0
Steven Mitchell	WR	14	0	0	0	0	0	38	0	3	0	0	0	0	0	0		0
Mike Badgley	PK	14	0	0	0	0	0	0	0	0	0	0	0	0	0	0	35;43	2
Cam Sims	WR	14	0	0	0	5	0	8	0	1	0	0	0	0	0	0		0
Phillip Lindsay	RB	14	0	0	0	24	0	7	0	2	0	0	0	0	0	0		0
Jeff Wilson	RB	14	0	0	0	31	1	13	0	1	0	1	0	0	0	0		0
Will Dissly	TE	14	0	0	0	0	0	23	1	2	0	0	0	0	0	0		0
Daniel Carlson	PK	14	0	0	0	0	0	0	0	0	0	0	0	0	0	0	25;23	3
Trenton Cannon	RB	14	0	0	0	-2	0	0	0	0	0	0	0	0	0	0		0
Gus Edwards	RB	14	0	0	0	49	2	4	0	1	0	0	0	0	0	0		0
Nick Keizer	TE	14	0	0	0	0	0	0	0	0	0	0	0	0	0	0		0
Mike Boone	RB	14	0	0	0	8	0	4	0	1	0	0	0	0	0	0		0
Jaleel Scott	WR	14	0	0	0	0	0	16	0	1	0	0	0	0	0	0		0
Tyler Conklin	TE	14	0	0	0	0	0	40	0	5	0	0	0	0	0	0		0
Marquez Valdes-Scantling	WR	14	0	0	0	0	0	85	1	6	0	0	0	0	0	0		0
Equanimeous St. Brown	WR	14	0	0	0	0	0	15	0	1	0	0	0	0	0	0		0
Richie James	WR	14	0	0	0	0	0	33	0	3	0	0	0	0	0	0		0
Chad Beebe	WR	14	0	0	0	0	0	0	0	0	0	0	0	0	0	0		0
Jaylen Samuels	RB	14	0	0	0	15	0	18	0	3	0	0	0	0	0	0		0
Kerryon Johnson	RB	14	0	0	0	3	1	10	0	1	0	0	0	0	0	0		0
Dallas Goedert	TE	14	0	0	0	0	0	43	0	4	0	0	0	0	0	0		0
Anthony Miller	WR	14	0	0	0	0	0	16	0	2	0	0	0	0	0	0		0
Jordan Akins	TE	14	0	0	0	0	0	20	0	3	0	0	0	0	0	0		0
Ian Thomas	TE	14	0	0	0	0	0	20	0	3	0	0	0	0	0	0		0
Keke Coutee	WR	14	0	0	0	0	0	24	1	3	0	0	0	0	0	0		0
Nyheim Hines	RB	14	0	0	0	58	0	17	0	4	0	0	0	0	0	0		0
DaeSean Hamilton	WR	14	0	0	0	0	0	13	0	1	0	0	0	0	0	0		0
Ito Smith	RB	14	0	0	0	42	0	3	0	1	0	0	0	0	0	0		0
Dalton Schultz	TE	14	0	0	0	0	0	34	0	3	0	0	0	0	0	0		0
Troy Fumagalli	TE	14	0	0	0	0	0	53	0	4	0	0	0	0	0	0		0
Jordan Wilkins	RB	14	0	0	0	3	0	4	0	1	0	0	0	0	0	0		0
Ray-Ray McCloud	WR	14	0	0	0	0	0	0	0	0	0	0	0	0	0	0		0
Russell Gage	WR	14	39	1	0	0	0	82	0	5	0	0	0	0	0	0		0
Boston Scott	RB	14	0	0	0	6	0	11	0	1	0	0	0	0	0	0		0
Braxton Berrios	WR	14	0	0	0	0	0	49	0	3	0	0	0	0	0	0		0
Javon Wims	WR	14	0	0	0	2	0	0	0	0	0	0	0	0	0	0		0
Logan Woodside	QB	14	0	0	0	18	0	0	0	0	0	0	0	0	0	0		0
Justin Jackson	RB	14	0	0	0	9	0	10	0	3	0	0	0	0	0	0		0
Buddy Howell	RB	14	0	0	0	42	0	3	0	1	0	0	0	0	0	0		0
Josh Adams	RB	14	0	0	0	27	0	3	0	2	0	0	0	0	0	0		0
Trent Sherfield	WR	14	0	0	0	0	0	0	0	0	0	0	0	0	0	0		0
Robert Foster	WR	14	0	0	0	0	0	0	0	0	0	0	0	0	0	0		0
Allen Lazard	WR	14	0	0	0	0	0	19	0	2	0	0	0	0	0	0		0
Brandon Powell	WR	14	0	0	0	0	0	9	0	1	0	0	0	0	0	0		0
James Washington	WR	14	0	0	0	0	0	29	1	3	0	0	0	0	0	0		0
Chase Edmonds	RB	14	0	0	0	32	0	21	0	4	0	0	0	0	0	0		0
Mark Andrews	TE	14	0	0	0	0	0	78	0	5	0	0	0	0	0	0		0
Michael Gallup	WR	14	0	0	0	0	0	23	0	2	0	0	0	0	0	0		0
Tre'Quan Smith	WR	14	0	0	0	0	0	60	0	3	0	0	0	0	0	0		0
Chris Herndon	TE	14	0	0	0	0	0	9	0	1	0	0	0	0	0	0		0
Antonio Callaway	WR	14	0	0	0	0	0	0	0	0	0	0	0	0	0	0		0
Christian Kirk	WR	14	0	0	0	0	0	14	0	3	0	0	0	0	0	0		0
DJ Chark	WR	14	0	0	0	0	0	16	0	2	0	0	0	0	0	0		0
Jaeden Graham	TE	14	0	0	0	0	0	7	0	1	0	0	0	0	0	0		0
Nick Chubb	RB	14	0	0	0	82	2	21	0	2	0	0	0	0	0	0		0
Jason Sanders	PK	14	0	0	0	0	0	0	0	0	0	0	0	0	0	0	31;44	3
Lamar Jackson	QB	14	163	1	0	124	2	0	0	0	0	0	0	0	0	0		0
Durham Smythe	TE	14	0	0	0	0	0	19	0	2	0	0	0	0	0	0		0
Kalen Ballage	RB	14	0	0	0	14	0	6	0	1	0	0	0	0	0	0		0
Ronald Jones	RB	14	0	0	0	80	1	4	0	1	0	0	0	0	0	0		0
Mike Gesicki	TE	14	0	0	0	0	0	65	2	5	0	0	0	0	0	0		0
Hayden Hurst	TE	14	0	0	0	0	0	7	0	1	0	0	0	0	0	0		0
Calvin Ridley	WR	14	0	0	0	0	0	124	1	8	0	0	0	0	0	0		0
Sony Michel	RB	14	0	0	0	22	0	0	0	0	0	0	0	0	0	0		0
Baker Mayfield	QB	14	343	2	1	23	1	0	0	0	0	0	0	1	0	0		0
Josh Allen	QB	14	238	2	1	28	0	0	0	0	0	0	0	0	0	0		0
Sam Darnold	QB	14	132	0	0	3	0	0	0	0	0	0	0	0	0	0		0
Steven Sims	WR	14	0	0	0	0	0	5	0	1	0	0	0	0	0	0		0
Jakobi Meyers	WR	14	0	0	0	0	0	47	0	4	0	0	0	0	0	0		0
Irv Smith	TE	14	0	0	0	0	0	63	1	4	0	0	0	0	0	0		0
Justice Hill	RB	14	0	0	0	4	0	0	0	0	0	0	0	0	0	0		0
Foster Moreau	TE	14	0	0	0	0	0	47	1	1	0	0	0	0	0	0		0
Hunter Renfrow	WR	14	0	0	0	0	0	38	0	5	0	0	1	0	0	0		0
Kaden Smith	TE	14	0	0	0	0	0	6	0	1	0	0	0	0	0	0		0
Penny Hart	WR	14	0	0	0	19	0	3	0	1	0	0	0	0	0	0		0
Mecole Hardman	WR	14	0	0	0	0	0	40	0	3	0	0	1	0	0	0		0
Austin Seibert	PK	14	0	0	0	0	0	0	0	0	0	0	0	0	0	0		1
Trace McSorley	QB	14	13	0	0	1	0	0	0	0	0	0	0	0	0	0		0
Devine Ozigbo	RB	14	0	0	0	0	0	30	0	4	0	0	0	0	0	0		0
Joey Slye	PK	14	0	0	0	0	0	0	0	0	0	0	0	0	0	0	35;26	3
Diontae Johnson	WR	14	0	0	0	0	0	40	0	4	0	0	0	0	0	0		0
Benny Snell	RB	14	0	0	0	14	0	0	0	0	0	0	0	0	0	0		0
Kyler Murray	QB	14	244	1	0	47	0	0	0	0	0	0	0	0	0	0		0
T.J. Hockenson	TE	14	0	0	0	0	0	43	1	6	0	0	0	0	0	0		0
Dwayne Haskins	QB	14	51	0	0	-12	0	0	0	0	0	0	0	0	0	0		0
Miles Sanders	RB	14	0	0	0	115	2	21	0	4	0	0	0	0	0	0		0
Devin Singletary	RB	14	0	0	0	32	0	2	0	1	0	0	0	0	0	0		0
Tony Pollard	RB	14	0	0	0	39	0	9	1	2	0	0	0	0	0	0		0
Jarrett Stidham	QB	14	27	0	0	3	0	0	0	0	0	0	0	0	0	0		0
Matt Gay	PK	14	0	0	0	0	0	0	0	0	0	0	0	0	0	0	35	3
KeeSean Johnson	WR	14	0	0	0	0	0	9	0	1	0	0	0	0	0	0		0
Gardner Minshew	QB	14	178	1	0	22	0	0	0	0	0	0	0	0	0	0		0
Trayveon Williams	RB	14	0	0	0	49	0	14	0	3	0	1	0	0	0	0		0
Scott Miller	WR	14	0	0	0	0	0	48	1	1	0	0	0	0	0	0		0
Patrick Laird	RB	14	0	0	0	19	0	4	0	1	0	0	0	0	0	0		0
Jalen Guyton	WR	14	0	0	0	0	0	8	0	1	0	0	0	0	0	0		0
Tyron Johnson	WR	14	0	0	0	0	0	55	1	6	0	0	0	0	0	0		0
Jeff Smith	WR	14	0	0	0	0	0	14	0	1	0	0	0	0	0	0		0
Darius Slayton	WR	14	0	0	0	0	0	31	0	3	0	0	0	0	0	0		0
Ty Johnson	RB	14	0	0	0	16	0	0	0	0	0	0	0	0	0	0		0
Nsimba Webster	WR	14	0	0	0	0	0	0	0	0	0	0	0	0	0	0		0
N'Keal Harry	TE	14	0	0	0	0	0	49	0	3	0	0	0	0	0	0		0
D'Ernest Johnson	RB	14	0	0	0	0	0	0	0	0	0	0	0	0	0	0		0
Drew Sample	TE	14	0	0	0	0	0	21	0	3	0	0	0	0	0	0		0
DK Metcalf	WR	14	0	0	0	0	0	61	1	6	0	0	0	0	0	0		0
Gunner Olszewski	WR	14	0	0	0	0	0	0	0	0	0	0	0	0	0	0		0
Ryan Finley	QB	14	5	0	0	0	0	0	0	0	0	0	0	0	0	0		0
Damien Harris	RB	14	0	0	0	50	0	0	0	1	0	0	0	0	0	0		0
Terry McLaurin	WR	14	0	0	0	0	0	24	0	2	0	0	0	0	0	0		0
Marquise Brown	WR	14	0	0	0	0	0	50	1	2	0	0	0	0	0	0		0
Darrell Henderson	RB	14	0	0	0	5	0	0	0	0	0	0	0	0	0	0		0
A.J. Brown	WR	14	0	0	0	0	0	112	1	7	0	0	0	0	0	0		0
David Montgomery	RB	14	0	0	0	113	1	42	0	3	0	0	0	0	0	0		0
Dawson Knox	TE	14	0	0	0	0	0	34	0	4	0	0	1	0	0	0		0
Josh Jacobs	RB	14	0	0	0	49	0	25	0	3	0	0	0	0	0	0		0
Miles Boykin	WR	14	0	0	0	0	0	15	0	1	0	0	0	0	0	0		0
Drew Lock	QB	14	280	4	0	4	0	0	0	0	1	0	0	0	0	0		0
Daniel Jones	QB	14	127	0	0	0	0	0	0	0	1	0	0	0	0	0		0
Deebo Samuel Sr.	WR	14	0	0	0	9	0	0	0	0	0	0	0	0	0	0		0
James Robinson	RB	14	0	0	0	67	0	16	0	4	0	0	0	0	0	0		0
Nathan Cottrell	RB	14	0	0	0	0	0	0	0	0	0	0	0	0	0	0		0
Rodrigo Blankenship	PK	14	0	0	0	0	0	0	0	0	0	0	0	0	0	0	25;20;35	5
Jonathan Ward	RB	14	0	0	0	0	0	0	0	0	0	0	0	0	0	0		0
Rodney Smith	RB	14	0	0	0	10	0	14	0	2	0	0	0	0	0	0		0
Juwan Johnson	TE	14	0	0	0	0	0	11	0	1	0	0	0	0	0	0		0
Isaiah Wright	WR	14	0	0	0	0	0	9	0	1	0	0	0	0	0	0		0
J.K. Dobbins	RB	14	0	0	0	53	1	0	0	0	0	0	0	0	1	0		0
Tyler Bass	PK	14	0	0	0	0	0	0	0	0	0	0	0	0	0	0	34;23	2
Nick Westbrook-Ikhine	WR	14	0	0	0	0	0	0	0	0	0	0	0	0	0	0		0
Devin Asiasi	TE	14	0	0	0	0	0	0	0	0	0	0	0	0	0	0		0
Gabe Davis	WR	14	0	0	0	0	0	19	1	3	0	0	0	0	0	0		0
Tua Tagovailoa	QB	14	316	2	1	24	1	0	0	0	0	0	0	0	0	0		0
Jonathan Taylor	RB	14	0	0	0	150	2	15	0	2	0	0	0	0	0	0		0
Harrison Bryant	TE	14	0	0	0	0	0	18	0	3	0	0	0	0	0	0		0
Donovan Peoples-Jones	WR	14	0	0	0	0	0	74	0	3	0	0	0	0	0	1		0
Colby Parkinson	TE	14	0	0	0	0	0	16	0	2	0	0	0	0	0	0		0
Malcolm Perry	RB	14	0	0	0	0	0	5	0	1	0	0	0	0	0	0		0
Freddie Swain	WR	14	0	0	0	0	0	22	1	2	0	0	0	0	0	0		0
Zack Moss	RB	14	0	0	0	43	0	0	0	0	0	0	0	0	0	0		0
Michael Pittman	WR	14	0	0	0	3	0	42	0	2	0	0	0	0	0	0		0
Collin Johnson	WR	14	0	0	0	0	0	33	0	2	0	0	0	0	0	0		0
Brandon Aiyuk	WR	14	0	0	0	0	0	119	0	10	0	0	0	0	0	0		0
Laviska Shenault Jr.	WR	14	0	0	0	2	0	49	0	6	0	0	0	0	0	0		0
Quez Watkins	WR	14	0	0	0	0	0	3	0	1	0	0	0	0	0	0		0
D'Andre Swift	RB	14	0	0	0	24	1	26	0	4	0	0	0	0	0	0		0
Quintez Cephus	WR	14	0	0	0	0	0	16	0	2	0	0	0	0	0	0		0
Cole Kmet	TE	14	0	0	0	0	0	41	0	4	0	0	0	0	0	0		0
Darnell Mooney	WR	14	0	0	0	5	0	22	1	2	0	0	0	0	0	0		0
Justin Jefferson	WR	14	0	0	0	0	0	39	0	4	0	0	0	0	0	1		0
Chase Claypool	WR	14	0	0	0	0	0	15	0	3	0	0	0	0	0	0		0
Devin Duvernay	WR	14	0	0	0	0	0	0	0	0	0	0	0	0	0	0		0
Justin Herbert	QB	14	243	2	1	0	0	0	0	0	0	0	0	0	0	0		0
Henry Ruggs III	WR	14	0	0	0	0	0	18	0	3	0	0	0	0	0	0		0
CeeDee Lamb	WR	14	0	0	0	15	0	46	0	2	0	0	0	0	0	0		0
Clyde Edwards-Helaire	RB	14	0	0	0	32	0	59	0	5	0	0	0	0	0	0		0
Lynn Bowden	WR	14	0	0	0	2	0	82	0	7	0	0	0	0	0	0		0
K.J. Hill	WR	14	0	0	0	0	0	4	0	1	0	0	0	0	0	0		0
Jalen Reagor	WR	14	0	0	0	19	0	46	0	2	0	0	0	0	0	0		0
Jalen Hurts	QB	14	167	1	0	106	0	0	0	0	0	1	0	0	0	0		0
Jerry Jeudy	WR	14	0	0	0	0	0	42	0	2	0	0	0	0	0	0		0
Tee Higgins	WR	14	0	0	0	0	0	49	0	5	0	0	0	0	0	0		0
KJ Hamler	WR	14	0	0	0	0	0	86	2	2	0	0	0	0	0	0		0
Cam Akers	RB	14	0	0	0	171	0	23	0	2	0	0	0	0	0	0		0
Van Jefferson	WR	14	0	0	0	0	0	0	0	0	0	0	0	0	0	0		0
Adam Trautman	TE	14	0	0	0	0	0	12	0	1	0	0	0	0	0	0		0
DeeJay Dallas	RB	14	0	0	0	7	0	0	0	0	0	0	0	0	0	0		0
Charlie Woerner	TE	14	0	0	0	0	0	0	0	0	0	0	0	0	0	0		0
Ke'Shawn Vaughn	RB	14	0	0	0	-3	0	0	0	0	0	0	0	0	0	0		0
