player_display_name	position	week	passing_yards	passing_tds	passing_interceptions	rushing_yards	rushing_tds	receiving_yards	receiving_tds	receptions	sack_fumbles_lost	rushing_fumbles_lost	receiving_fumbles_lost	passing_2pt_conversions	rushing_2pt_conversions	receiving_2pt_conversions
Aaron Rodgers	QB	1	244	4	0	-1	0	0	0	0	0	0	0	0	0	0
Joe Flacco	QB	1	290	1	2	6	0	0	0	0	0	0	0	0	0	0
Matthew Stafford	QB	1	245	1	0	-2	0	0	0	0	0	0	0	0	0	0
Russell Wilson	QB	1	168	0	0	44	0	0	0	0	0	0	0	0	0	0
Adam Thielen	WR	1	0	0	0	0	0	0	0	0	0	0	0	0	0	1
Zach Ertz	TE	1	0	0	0	0	0	26	1	3	0	0	0	0	0	0
Keenan Allen	WR	1	0	0	0	0	0	68	1	7	0	0	0	0	0	0
Travis Kelce	TE	1	0	0	0	0	0	47	1	2	0	0	0	0	0	0
DeAndre Hopkins	WR	1	0	0	0	0	0	35	1	2	0	0	0	0	0	0
Geno Smith	QB	1	362	1	1	10	0	0	0	0	0	0	0	0	0	0
Brandin Cooks	WR	1	0	0	0	0	0	26	0	3	0	0	0	0	0	0
Davante Adams	WR	1	0	0	0	0	0	51	0	4	0	0	0	0	0	0
Mike Evans	WR	1	0	0	0	0	0	51	0	5	0	0	0	0	0	0
Stefon Diggs	WR	1	0	0	0	0	0	57	0	6	0	0	0	0	0	0
DeAndre Carter	WR	1	0	0	0	0	0	0	0	0	0	0	0	0	0	0
Tyler Lockett	WR	1	0	0	0	0	0	0	0	0	0	0	0	0	0	0
Sterling Shepard	WR	1	0	0	0	0	0	39	0	3	0	0	0	0	0	0
Austin Hooper	TE	1	0	0	0	0	0	10	0	1	0	0	0	0	0	0
Chris Moore	WR	1	0	0	0	0	0	34	0	1	0	0	0	0	0	0
Kalif Raymond	WR	1	0	0	0	0	0	16	0	2	0	0	0	0	0	0
Derrick Henry	RB	1	0	0	0	169	2	13	0	1	0	1	0	0	0	0
Tyreek Hill	WR	1	0	0	0	0	0	40	0	4	0	0	0	0	0	0
Dak Prescott	QB	1	188	0	0	3	0	0	0	0	0	0	0	0	0	0
Hunter Henry	TE	1	0	0	0	0	0	66	0	4	0	0	0	0	0	0
Jared Goff	QB	1	225	1	1	-1	0	0	0	0	0	0	0	0	0	0
Tyler Higbee	TE	1	0	0	0	0	0	0	0	0	0	0	0	0	0	0
Mo Alie-Cox	TE	1	0	0	0	0	0	20	0	1	0	0	0	0	0	0
Johnny Mundt	TE	1	0	0	0	0	0	0	0	0	0	0	0	0	0	0
Christian McCaffrey	RB	1	0	0	0	69	0	73	0	9	0	0	0	0	0	0
George Kittle	TE	1	0	0	0	0	0	25	1	4	0	0	0	0	0	0
Aaron Jones	RB	1	0	0	0	23	0	44	1	3	0	0	0	0	0	0
Samaje Perine	RB	1	0	0	0	0	0	6	0	2	0	0	0	0	0	0
James Conner	RB	1	0	0	0	39	0	5	1	4	0	0	0	0	0	0
Mack Hollins	WR	1	0	0	0	0	0	3	0	1	0	0	0	0	0	0
Jamal Agnew	WR	1	0	0	0	0	0	0	0	0	0	0	0	0	0	0
Eric Saubert	TE	1	0	0	0	0	0	0	0	0	0	0	0	0	0	0
David Moore	WR	1	0	0	0	0	0	0	0	0	0	0	0	0	0	0
Noah Brown	WR	1	0	0	0	0	0	27	0	2	0	0	0	0	0	0
Austin Ekeler	RB	1	0	0	0	26	0	31	0	3	0	0	0	0	0	0
Dare Ogunbowale	RB	1	0	0	0	9	0	17	0	2	0	0	1	0	0	0
JuJu Smith-Schuster	WR	1	0	0	0	0	0	55	0	5	0	0	0	0	0	0
Jonnu Smith	TE	1	0	0	0	0	0	15	1	5	0	0	0	0	0	0
Patrick Mahomes	QB	1	258	1	0	57	1	0	0	0	0	0	0	0	0	0
Evan Engram	TE	1	0	0	0	0	0	21	0	3	0	0	0	0	0	0
David Njoku	TE	1	0	0	0	0	0	37	0	3	0	0	0	0	0	0
Zay Jones	WR	1	0	0	0	0	0	4	0	1	0	0	0	0	0	0
Alvin Kamara	RB	1	0	0	0	45	1	12	0	2	0	0	0	0	0	0
Cooper Kupp	WR	1	0	0	0	0	0	15	0	2	0	0	0	0	0	0
Kareem Hunt	RB	1	0	0	0	16	0	10	0	2	0	0	0	0	0	0
Josh Reynolds	WR	1	0	0	0	0	0	18	0	2	0	0	0	0	0	0
Jeremy McNichols	RB	1	0	0	0	25	0	0	0	0	0	0	0	0	0	0
Will Dissly	TE	1	0	0	0	0	0	18	0	1	0	0	0	0	0	0
Tyler Conklin	TE	1	0	0	0	2	0	50	0	2	0	0	0	0	0	0
Courtland Sutton	WR	1	0	0	0	0	0	61	1	6	0	0	0	0	0	0
Dallas Goedert	TE	1	0	0	0	0	0	44	0	7	0	0	0	0	0	0
Dalton Schultz	TE	1	0	0	0	0	0	28	0	3	0	0	0	0	0	0
Justin Watson	WR	1	0	0	0	0	0	27	0	2	0	0	0	0	0	0
Ray-Ray McCloud	WR	1	0	0	0	0	0	51	0	3	0	0	0	0	0	0
Trent Sherfield	WR	1	0	0	0	0	0	3	0	1	0	0	0	0	0	0
Mark Andrews	TE	1	0	0	0	0	0	5	0	1	0	0	0	0	0	0
Nick Chubb	RB	1	0	0	0	60	0	0	0	0	0	0	0	0	0	0
Lamar Jackson	QB	1	209	2	0	70	1	0	0	0	0	0	0	0	0	0
DJ Moore	WR	1	0	0	0	8	0	68	0	3	0	0	0	0	0	0
Mike Gesicki	TE	1	0	0	0	0	0	14	0	1	0	0	0	0	0	0
Calvin Ridley	WR	1	0	0	0	0	0	27	0	4	0	0	0	0	0	0
Saquon Barkley	RB	1	0	0	0	60	1	24	0	4	0	0	0	0	0	0
KhaDarel Hodge	WR	1	0	0	0	0	0	0	0	0	0	0	0	0	0	0
Baker Mayfield	QB	1	167	3	0	39	0	0	0	0	0	0	0	0	0	0
Josh Allen	QB	1	394	2	0	30	2	0	0	0	0	0	0	0	0	0
Sam Darnold	QB	1	150	0	0	14	0	0	0	0	1	0	0	0	0	0
Jakobi Meyers	WR	1	0	0	0	0	0	97	0	8	0	0	0	0	0	0
Justice Hill	RB	1	0	0	0	-14	0	3	0	1	0	0	0	0	0	0
Hunter Renfrow	WR	1	0	0	0	0	0	11	0	2	0	0	0	0	0	0
Ashton Dulin	WR	1	0	0	0	15	0	0	0	0	0	0	0	0	0	0
Olamide Zaccheaus	WR	1	0	0	0	0	0	42	0	4	0	0	0	0	0	0
Kyler Murray	QB	1	163	2	0	38	0	0	0	0	0	0	0	0	0	0
T.J. Hockenson	TE	1	0	0	0	0	0	15	0	3	0	0	0	0	0	0
Miles Sanders	RB	1	0	0	0	53	0	-3	0	1	0	1	0	0	0	0
Josh Oliver	TE	1	0	0	0	0	0	5	0	1	0	0	0	0	0	0
Devin Singletary	RB	1	0	0	0	9	0	0	0	0	0	0	0	0	0	0
Tony Pollard	RB	1	0	0	0	60	0	29	0	1	0	1	0	0	0	0
Greg Dortch	WR	1	0	0	0	0	0	-2	0	1	0	0	0	0	0	0
Darius Slayton	WR	1	0	0	0	0	0	0	0	0	0	0	0	0	0	0
Ty Johnson	RB	1	0	0	0	24	0	0	0	0	0	0	0	0	0	0
Craig Reynolds	RB	1	0	0	0	0	0	0	0	0	0	0	0	0	0	0
Alex Bachman	WR	1	0	0	0	0	0	0	0	0	0	0	0	0	0	0
Drew Sample	TE	1	0	0	0	0	0	0	0	0	0	0	0	0	0	0
DK Metcalf	WR	1	0	0	0	0	0	83	0	4	0	0	0	0	0	0
Noah Fant	TE	1	0	0	0	0	0	26	1	4	0	0	0	0	0	0
Gunner Olszewski	WR	1	0	0	0	0	0	0	0	0	0	0	0	0	0	0
Terry McLaurin	WR	1	0	0	0	0	0	27	0	2	0	0	0	0	0	0
Marquise Brown	WR	1	0	0	0	0	0	99	0	10	0	0	0	0	0	0
A.J. Brown	WR	1	0	0	0	0	0	8	0	1	0	0	0	0	0	0
David Montgomery	RB	1	0	0	0	25	0	18	0	4	0	0	0	0	0	0
Dawson Knox	TE	1	0	0	0	0	0	20	0	2	0	0	0	0	0	0
Josh Jacobs	RB	1	0	0	0	66	1	4	0	1	0	0	0	0	0	0
Daniel Jones	QB	1	272	1	0	26	2	0	0	0	0	0	0	0	0	0
Deebo Samuel Sr.	WR	1	0	0	0	19	1	77	0	7	0	0	0	0	0	0
Cody White	WR	1	0	0	0	0	0	0	0	0	0	0	0	0	0	0
Juwan Johnson	TE	1	0	0	0	0	0	76	0	8	0	0	0	0	0	0
Rico Dowdle	RB	1	0	0	0	12	0	4	0	2	0	0	0	0	0	0
J.K. Dobbins	RB	1	0	0	0	63	1	5	0	2	0	0	0	0	0	0
Nick Westbrook-Ikhine	WR	1	0	0	0	0	0	7	0	1	0	0	0	0	0	0
Tua Tagovailoa	QB	1	114	1	2	7	0	0	0	0	1	0	0	1	0	0
Jonathan Taylor	RB	1	0	0	0	71	0	27	0	3	0	0	0	0	0	0
Colby Parkinson	TE	1	0	0	0	0	0	-6	0	2	0	0	1	0	0	0
Michael Pittman	WR	1	0	0	0	0	0	80	1	6	0	0	0	0	0	0
Jauan Jennings	WR	1	0	0	0	0	0	16	0	2	0	0	0	0	0	0
Jordan Love	QB	1	188	2	0	4	0	0	0	0	0	0	0	0	0	0
AJ Dillon	RB	1	0	0	0	10	0	0	0	0	0	0	0	0	0	0
D'Andre Swift	RB	1	0	0	0	53	0	12	0	3	0	0	0	0	0	0
Cole Kmet	TE	1	0	0	0	0	0	31	0	1	0	0	0	0	0	0
Justin Jefferson	WR	1	0	0	0	4	0	44	1	4	0	0	0	0	0	0
Antonio Gibson	RB	1	0	0	0	3	0	0	0	0	0	0	0	0	0	0
Devin Duvernay	WR	1	0	0	0	0	0	0	0	0	0	0	0	0	0	0
Justin Herbert	QB	1	318	3	0	32	0	0	0	0	0	0	0	0	0	0
CeeDee Lamb	WR	1	0	0	0	0	0	110	0	7	0	0	0	0	0	0
Jalen Hurts	QB	1	152	0	0	62	2	0	0	0	0	0	0	0	0	0
Jerry Jeudy	WR	1	0	0	0	0	0	66	0	5	0	0	0	0	0	0
Tee Higgins	WR	1	0	0	0	0	0	33	0	3	0	0	0	0	0	0
Adam Trautman	TE	1	0	0	0	0	0	5	0	1	0	0	0	0	0	0
Tyler Johnson	WR	1	0	0	0	0	0	31	0	2	0	0	0	0	0	0
Joe Burrow	QB	1	113	1	0	3	0	0	0	0	0	0	0	0	0	0
Rashod Bateman	WR	1	0	0	0	0	0	10	0	2	0	0	0	0	0	0
Nico Collins	WR	1	0	0	0	0	0	25	0	3	0	0	0	0	0	0
Chuba Hubbard	RB	1	0	0	0	57	0	32	1	3	0	0	0	0	0	0
Jaylen Waddle	WR	1	0	0	0	0	0	30	0	4	0	0	0	0	0	0
Dee Eskridge	WR	1	0	0	0	0	0	9	0	1	0	0	0	0	0	0
Dyami Brown	WR	1	0	0	0	6	0	52	0	3	0	0	0	0	0	0
Tylan Wallace	WR	1	0	0	0	0	0	0	0	0	0	0	0	0	0	0
Noah Gray	TE	1	0	0	0	0	0	3	0	1	0	0	0	0	0	0
Jack Stoll	TE	1	0	0	0	0	0	0	0	0	0	0	0	0	0	0
Feleipe Franks	TE	1	0	0	0	0	0	0	0	0	0	0	0	0	0	0
Kene Nwangwu	RB	1	0	0	0	0	0	0	0	0	0	0	0	0	0	0
Tutu Atwell	WR	1	0	0	0	0	0	4	0	1	0	0	0	0	0	0
Ben Skowronek	WR	1	0	0	0	0	0	22	1	1	0	0	0	0	0	0
Rhamondre Stevenson	RB	1	0	0	0	15	0	12	0	2	0	0	0	0	0	0
Kylen Granson	TE	1	0	0	0	0	0	1	0	1	0	0	0	0	0	0
Luke Farrell	TE	1	0	0	0	0	0	4	0	1	0	0	0	0	0	0
Najee Harris	RB	1	0	0	0	5	0	5	0	1	0	0	0	0	0	0
Pat Freiermuth	TE	1	0	0	0	0	0	28	0	3	0	0	0	0	0	0
Ja'Marr Chase	WR	1	0	0	0	0	0	26	0	2	0	0	0	0	0	0
DeVonta Smith	WR	1	0	0	0	0	0	16	0	3	0	0	0	0	0	0
Kenny Gainwell	RB	1	0	0	0	19	0	4	0	3	0	0	0	0	0	0
Justin Fields	QB	1	218	1	0	48	2	0	0	0	0	0	0	0	0	0
Amon-Ra St. Brown	WR	1	0	0	0	0	0	45	0	4	0	0	0	0	0	0
Kyle Pitts	TE	1	0	0	0	0	0	59	0	7	0	0	0	0	0	0
Trevor Lawrence	QB	1	178	1	1	12	0	0	0	0	0	0	0	0	0	0
Travis Etienne	RB	1	0	0	0	143	0	13	0	3	0	0	0	0	0	0
Elijah Moore	WR	1	0	0	0	8	0	3	0	1	0	0	0	0	0	0
Josh Palmer	WR	1	0	0	0	0	0	61	0	5	0	0	0	0	0	0
Javonte Williams	RB	1	0	0	0	54	2	10	0	2	0	0	0	0	0	0
Hunter Long	TE	1	0	0	0	0	0	6	1	1	0	0	0	0	0	0
Tommy Tremble	TE	1	0	0	0	0	0	2	0	1	0	0	0	0	0	0
Zach Wilson	QB	1	32	0	0	3	0	0	0	0	0	0	0	0	0	0
Tyler Badie	RB	1	0	0	0	0	0	16	0	2	0	0	0	0	0	0
Bo Melton	WR	1	0	0	0	0	0	0	0	0	0	0	0	0	0	0
Jake Tonges	TE	1	0	0	0	0	0	15	1	3	0	0	0	0	0	0
Isiah Pacheco	RB	1	0	0	0	25	0	3	0	2	0	0	0	0	0	0
Jaylen Warren	RB	1	0	0	0	37	0	22	1	2	0	0	0	0	0	0
Drake London	WR	1	0	0	0	0	0	55	0	8	0	0	0	0	0	0
Chris Olave	WR	1	0	0	0	0	0	54	0	7	0	0	0	0	0	0
Jameson Williams	WR	1	0	0	0	3	0	23	0	4	0	0	0	0	0	0
George Pickens	WR	1	0	0	0	0	0	30	0	3	0	0	0	0	0	0
James Cook	RB	1	0	0	0	44	1	58	0	5	0	0	0	0	0	0
Rachaad White	RB	1	0	0	0	14	0	2	0	1	0	0	0	0	0	0
Dameon Pierce	RB	1	0	0	0	5	0	0	0	0	0	0	0	0	0	0
Khalil Shakir	WR	1	0	0	0	0	0	64	0	6	0	0	0	0	0	0
Tyler Allgeier	RB	1	0	0	0	24	0	0	0	0	0	0	0	0	0	0
Jerome Ford	RB	1	0	0	0	8	0	-3	0	1	0	0	0	0	0	0
Ty Chandler	RB	1	0	0	0	0	0	0	0	0	0	0	0	0	0	0
Jalen Nailor	WR	1	0	0	0	0	0	28	0	1	0	0	0	0	0	0
Andrew Ogletree	TE	1	0	0	0	0	0	0	0	0	0	0	0	0	0	0
John FitzPatrick	TE	1	0	0	0	0	0	2	0	1	0	0	0	0	0	0
Ko Kieft	TE	1	0	0	0	0	0	0	0	0	0	0	0	0	0	0
Tanner Conner	TE	1	0	0	0	0	0	20	0	2	0	0	0	0	0	0
Jordan Mason	RB	1	0	0	0	68	0	7	0	1	0	0	0	0	0	0
Lucas Krull	TE	1	0	0	0	0	0	6	0	1	0	0	0	0	0	0
Rashid Shaheed	WR	1	0	0	0	0	0	33	0	6	0	0	0	0	0	0
Julius Chestnut	RB	1	0	0	0	2	0	0	0	0	0	0	0	0	0	0
John Metchie III	WR	1	0	0	0	0	0	0	0	0	0	0	0	0	0	0
Hassan Haskins	RB	1	0	0	0	0	0	0	0	0	0	0	0	0	0	0
Alec Pierce	WR	1	0	0	0	0	0	36	0	1	0	0	0	0	0	0
Jalen Tolbert	WR	1	0	0	0	0	0	0	0	1	0	0	0	0	0	0
Garrett Wilson	WR	1	0	0	0	0	0	95	1	7	0	0	0	0	0	0
Jahan Dotson	WR	1	0	0	0	0	0	59	0	3	0	0	0	0	0	0
Trey McBride	TE	1	0	0	0	0	0	61	0	6	0	0	0	0	0	0
Velus Jones Jr.	WR	1	0	0	0	0	0	0	0	0	0	0	0	0	0	0
Brian Robinson	RB	1	0	0	0	33	0	4	0	1	0	0	0	0	0	0
KaVontae Turpin	WR	1	0	0	0	9	0	18	0	2	0	0	0	0	0	0
Jeremy Ruckert	TE	1	0	0	0	0	0	16	0	2	0	0	0	0	0	0
Chig Okonkwo	TE	1	0	0	0	0	0	19	0	3	0	0	0	0	0	0
Romeo Doubs	WR	1	0	0	0	0	0	68	0	2	0	0	0	0	0	0
Brock Purdy	QB	1	277	2	2	17	0	0	0	0	0	0	0	0	0	0
Calvin Austin III	WR	1	0	0	0	0	0	70	1	4	0	0	0	0	0	0
Kyren Williams	RB	1	0	0	0	66	1	3	0	1	0	0	0	0	0	0
Zamir White	RB	1	0	0	0	8	0	0	0	0	0	0	0	0	0	0
Jake Ferguson	TE	1	0	0	0	0	0	23	0	5	0	0	0	0	0	0
Skyy Moore	WR	1	0	0	0	0	0	0	0	0	0	0	0	0	0	0
Tyquan Thornton	WR	1	0	0	0	0	0	41	0	2	0	0	0	0	0	0
Daniel Bellinger	TE	1	0	0	0	0	0	14	0	1	0	0	0	0	0	0
Wan'Dale Robinson	WR	1	0	0	0	0	0	55	0	6	0	0	0	0	0	0
Breece Hall	RB	1	0	0	0	107	0	38	0	2	0	0	0	0	0	0
Cade Otton	TE	1	0	0	0	0	0	0	0	0	0	0	0	0	0	0
Kenneth Walker III	RB	1	0	0	0	20	0	4	0	3	0	0	0	0	0	0
Xavier Smith	WR	1	0	0	0	0	0	36	0	1	0	0	0	0	0	0
Dontayvion Wicks	WR	1	0	0	0	0	0	30	0	2	0	0	0	0	0	0
Brady Russell	RB	1	0	0	0	0	0	0	0	0	0	0	0	0	0	0
Jason Brownlee	WR	1	0	0	0	0	0	0	0	0	0	0	0	0	0	0
Xavier Gipson	WR	1	0	0	0	0	0	0	0	0	0	0	0	0	0	0
Nikko Remigio	WR	1	0	0	0	0	0	0	0	0	0	0	0	0	0	0
Bijan Robinson	RB	1	0	0	0	24	0	100	1	6	0	0	0	0	0	0
Jaxon Smith-Njigba	WR	1	0	0	0	0	0	124	0	9	0	0	1	0	0	0
Quentin Johnston	WR	1	0	0	0	0	0	79	2	5	0	0	0	0	0	0
Luke Schoonmaker	TE	1	0	0	0	0	0	0	0	0	0	0	0	0	0	0
Kendre Miller	RB	1	0	0	0	24	0	0	0	0	0	0	0	0	0	0
Tank Bigsby	RB	1	0	0	0	12	0	0	0	0	0	0	0	0	0	0
Michael Wilson	WR	1	0	0	0	0	0	5	0	1	0	0	0	0	0	0
Tre Tucker	WR	1	0	0	0	0	0	54	1	2	0	0	0	0	0	0
Derius Davis	WR	1	0	0	0	3	0	0	0	0	0	0	0	0	0	0
Charlie Jones	WR	1	0	0	0	0	0	0	0	0	0	0	0	0	0	0
Justin Shorter	TE	1	0	0	0	0	0	0	0	0	0	0	0	0	0	0
Chase Brown	RB	1	0	0	0	43	1	8	0	2	0	0	0	0	0	0
Parker Washington	WR	1	0	0	0	0	0	0	0	0	0	0	0	0	0	0
Kayshon Boutte	WR	1	0	0	0	0	0	103	0	6	0	0	0	0	0	0
Xavier Hutchinson	WR	1	0	0	0	5	0	30	0	2	0	0	0	0	0	0
DeMario Douglas	WR	1	0	0	0	4	0	-2	1	2	0	0	0	0	0	0
Chris Brooks	RB	1	0	0	0	1	0	2	0	1	0	0	0	0	0	0
Emari Demercado	RB	1	0	0	0	0	0	0	0	0	0	0	0	0	0	0
Julian Hill	TE	1	0	0	0	0	0	0	0	0	0	0	0	0	0	1
Emanuel Wilson	RB	1	0	0	0	4	0	0	0	0	0	0	0	0	0	0
Ryan Miller	WR	1	0	0	0	0	0	0	0	0	0	0	0	0	0	0
Brycen Tremayne	WR	1	0	0	0	0	0	0	0	0	0	0	0	0	0	0
Jacob Saylors	RB	1	0	0	0	0	0	0	0	0	0	0	0	0	0	0
Dalton Kincaid	TE	1	0	0	0	0	0	48	1	4	0	0	0	0	0	0
Brenton Strange	TE	1	0	0	0	0	0	59	0	4	0	0	0	0	0	0
Sean Tucker	RB	1	0	0	0	2	0	0	0	0	0	0	0	0	0	0
Marvin Mims Jr.	WR	1	0	0	0	0	0	12	0	3	0	0	0	0	0	0
Cedric Tillman	WR	1	0	0	0	0	0	52	1	5	0	0	0	0	0	0
Tucker Kraft	TE	1	0	0	0	3	0	16	1	2	0	0	0	0	0	0
Josh Downs	WR	1	0	0	0	0	0	12	0	2	0	0	0	0	0	0
De'Von Achane	RB	1	0	0	0	55	0	20	1	3	0	0	0	0	0	0
Elijah Higgins	TE	1	0	0	0	0	0	3	0	1	0	0	0	0	0	0
Payne Durham	TE	1	0	0	0	0	0	0	0	0	0	0	0	0	0	0
Zay Flowers	WR	1	0	0	0	8	0	143	1	7	0	0	0	0	0	0
Sam LaPorta	TE	1	0	0	0	0	0	79	0	6	0	0	0	0	0	0
Michael Mayer	TE	1	0	0	0	0	0	38	0	4	0	0	0	0	0	0
Davis Allen	TE	1	0	0	0	0	0	13	1	1	0	0	0	0	0	0
Puka Nacua	WR	1	0	0	0	1	0	130	0	10	0	0	0	0	0	0
Jahmyr Gibbs	RB	1	0	0	0	19	0	31	0	10	0	0	0	0	0	0
Luke Musgrave	TE	1	0	0	0	0	0	4	0	1	0	0	0	0	0	0
Jayden Reed	WR	1	0	0	0	0	0	45	1	3	0	0	0	0	0	0
Bryce Young	QB	1	154	1	2	40	0	0	0	0	0	1	0	0	0	0
C.J. Stroud	QB	1	188	0	1	32	0	0	0	0	0	0	0	0	0	0
Zach Charbonnet	RB	1	0	0	0	47	1	0	0	0	0	0	0	0	0	0
George Holani	RB	1	0	0	0	0	0	0	0	0	0	0	0	0	0	0
Malik Nabers	WR	1	0	0	0	0	0	71	0	5	0	0	0	0	0	0
Brock Bowers	TE	1	0	0	0	0	0	103	0	5	0	0	0	0	0	0
Xavier Legette	WR	1	0	0	0	0	0	10	0	3	0	0	0	0	0	0
Luke McCaffrey	WR	1	0	0	0	0	0	0	0	0	0	0	0	0	0	0
Ja'Tavion Sanders	TE	1	0	0	0	0	0	27	0	2	0	0	0	0	0	0
Cade Stover	TE	1	0	0	0	0	0	22	0	4	0	0	0	0	0	0
Bucky Irving	RB	1	0	0	0	37	0	8	1	4	0	0	0	0	0	0
Isaac Guerendo	RB	1	0	0	0	0	0	0	0	0	0	0	0	0	0	0
Spencer Rattler	QB	1	214	0	0	29	0	0	0	0	0	0	0	0	0	0
Jamari Thrash	WR	1	0	0	0	0	0	6	0	1	0	0	0	0	0	0
Tyrone Tracy Jr.	RB	1	0	0	0	24	0	11	0	2	0	0	0	0	0	0
Casey Washington	WR	1	0	0	0	0	0	33	0	3	0	0	0	0	0	0
Dylan Laube	RB	1	0	0	0	0	0	0	0	0	0	0	0	0	0	0
Devaughn Vele	WR	1	0	0	0	0	0	13	0	1	0	0	0	0	0	0
Brevyn Spann-Ford	TE	1	0	0	0	0	0	0	0	0	0	0	0	0	0	0
Kameron Johnson	WR	1	0	0	0	0	0	0	0	0	0	0	0	0	0	0
David Martin-Robinson	TE	1	0	0	0	0	0	0	0	0	0	0	0	0	0	0
Bryce Oliver	WR	1	0	0	0	0	0	8	0	1	0	0	0	0	0	0
Colson Yankoff	TE	1	0	0	0	0	0	0	0	0	0	0	0	0	0	0
Bo Nix	QB	1	176	1	2	18	0	0	0	0	1	0	0	0	0	0
Tip Reiman	TE	1	0	0	0	0	0	10	0	1	0	0	0	0	0	0
Blake Corum	RB	1	0	0	0	2	0	14	0	1	0	0	0	0	0	0
Will Shipley	RB	1	0	0	0	26	0	0	0	0	0	0	0	0	0	0
Jordan Whittington	WR	1	0	0	0	5	0	0	0	0	0	0	0	0	0	0
AJ Barner	TE	1	0	0	0	2	0	0	0	1	0	0	0	0	0	0
Braelon Allen	RB	1	0	0	0	9	1	0	0	0	0	0	0	0	0	0
Rasheen Ali	RB	1	0	0	0	5	0	0	0	0	0	0	0	0	0	0
Isaiah Davis	RB	1	0	0	0	18	0	0	0	0	0	0	0	0	0	0
Anthony Gould	WR	1	0	0	0	0	0	0	0	0	0	0	0	0	0	0
Theo Johnson	TE	1	0	0	0	0	0	5	0	1	0	0	0	0	0	0
Marvin Harrison Jr.	WR	1	0	0	0	0	0	71	1	5	0	0	0	0	0	0
Drake Maye	QB	1	287	1	1	11	0	2	0	1	0	0	0	0	0	0
Troy Franklin	WR	1	0	0	0	0	0	44	0	4	0	0	0	0	0	0
Ray Davis	RB	1	0	0	0	2	0	-1	0	1	0	0	0	0	0	0
Malik Washington	WR	1	0	0	0	9	0	20	0	2	0	0	0	0	0	0
Adonai Mitchell	WR	1	0	0	0	0	0	21	0	2	0	0	0	0	0	0
Brian Thomas Jr.	WR	1	0	0	0	9	1	11	0	1	0	0	0	0	0	0
Xavier Worthy	WR	1	0	0	0	0	0	0	0	0	0	0	0	0	0	0
Keon Coleman	WR	1	0	0	0	0	0	112	1	8	0	0	0	0	0	0
Jayden Daniels	QB	1	233	1	0	68	0	0	0	0	0	0	0	0	0	0
Ladd McConkey	WR	1	0	0	0	0	0	74	0	6	0	0	0	0	0	0
Ricky Pearsall	WR	1	0	0	0	0	0	108	0	4	0	0	0	0	0	0
Michael Penix Jr.	QB	1	298	1	0	21	1	0	0	0	0	0	0	0	0	0
Caleb Williams	QB	1	210	1	0	58	1	0	0	0	0	0	0	0	0	0
Rome Odunze	WR	1	0	0	0	0	0	37	1	6	0	0	0	0	0	0
Trey Benson	RB	1	0	0	0	69	0	6	0	1	0	0	0	0	0	0
J.J. McCarthy	QB	1	143	2	1	25	1	0	0	0	0	0	0	1	0	0
Savion Williams	WR	1	0	0	0	0	0	1	0	1	0	0	0	0	0	0
LaJohntay Wester	WR	1	0	0	0	0	0	0	0	0	0	0	0	0	0	0
Brashard Smith	RB	1	0	0	0	0	0	0	0	0	0	0	0	0	0	0
Ashton Jeanty	RB	1	0	0	0	38	1	2	0	2	0	0	0	0	0	0
Tetairoa McMillan	WR	1	0	0	0	0	0	68	0	5	0	0	0	0	0	0
Colston Loveland	TE	1	0	0	0	0	0	12	0	2	0	0	0	0	0	0
Tyler Warren	TE	1	0	0	0	3	0	76	0	7	0	0	0	0	0	0
Emeka Egbuka	WR	1	0	0	0	9	0	67	2	4	0	0	0	0	0	0
Jayden Higgins	WR	1	0	0	0	0	0	32	0	2	0	0	0	0	0	0
Kyle Williams	WR	1	0	0	0	0	0	12	0	1	0	0	0	0	0	0
Jaylin Noel	WR	1	0	0	0	0	0	7	0	1	0	0	0	0	0	0
Kaleb Johnson	RB	1	0	0	0	-2	0	0	0	0	0	0	0	0	0	0
Tai Felton	WR	1	0	0	0	0	0	0	0	0	0	0	0	0	0	0
Dylan Sampson	RB	1	0	0	0	29	0	64	0	8	0	0	0	0	0	0
Jaylin Lane	WR	1	0	0	0	0	0	11	0	1	0	0	0	0	0	0
Elic Ayomanor	WR	1	0	0	0	0	0	13	0	2	0	0	0	0	0	0
DJ Giddens	RB	1	0	0	0	41	0	0	0	0	0	0	0	0	0	0
KeAndre Lambert-Smith	WR	1	0	0	0	0	0	0	0	0	0	0	0	0	0	0
Jackson Hawes	TE	1	0	0	0	0	0	29	0	1	0	0	0	0	0	0
Ollie Gordon II	RB	1	0	0	0	4	0	-1	0	1	0	0	0	0	0	0
Devin Neal	RB	1	0	0	0	9	0	0	0	0	0	0	0	0	0	0
Tahj Brooks	RB	1	0	0	0	0	0	0	0	0	0	0	0	0	0	0
Kyle Monangai	RB	1	0	0	0	0	0	11	0	1	0	0	0	0	0	0
Tez Johnson	WR	1	0	0	0	0	0	0	0	0	0	0	0	0	0	0
LeQuint Allen Jr.	RB	1	0	0	0	7	0	4	0	1	0	0	0	0	0	0
Jacory Croskey-Merritt	RB	1	0	0	0	82	1	0	0	0	0	0	0	0	0	0
Raheim Sanders	RB	1	0	0	0	3	1	0	0	0	0	0	0	0	0	0
Ulysses Bentley IV	RB	1	0	0	0	0	0	0	0	0	0	0	0	0	0	0
Myles Price	WR	1	0	0	0	0	0	0	0	0	0	0	0	0	0	0
Dont'e Thornton Jr.	WR	1	0	0	0	0	0	45	0	2	0	0	0	0	0	0
Arian Smith	WR	1	0	0	0	0	0	0	0	0	0	0	0	0	0	0
Woody Marks	RB	1	0	0	0	3	0	0	0	0	0	0	0	0	0	0
Gunnar Helm	TE	1	0	0	0	0	0	16	0	1	0	0	0	0	0	0
Trevor Etienne	RB	1	0	0	0	4	0	0	0	0	0	0	0	0	0	0
Tory Horton	WR	1	0	0	0	0	0	0	0	0	0	0	0	0	0	0
Harold Fannin Jr.	TE	1	0	0	0	3	0	63	0	7	0	0	0	0	0	0
Omarion Hampton	RB	1	0	0	0	48	0	13	0	2	0	0	0	0	0	0
Matthew Golden	WR	1	0	0	0	0	0	16	0	2	0	0	0	0	0	0
Isaac TeSlaa	WR	1	0	0	0	0	0	13	1	1	0	0	0	0	0	0
Jalen Milroe	QB	1	0	0	0	1	0	0	0	0	0	0	0	0	0	0
Cam Ward	QB	1	112	0	0	0	0	0	0	0	1	0	0	0	0	0
Chimere Dike	WR	1	0	0	0	9	0	0	0	0	0	0	0	0	0	0
Cam Skattebo	RB	1	0	0	0	-3	0	12	0	2	0	0	0	0	0	0
Bhayshul Tuten	RB	1	0	0	0	11	0	0	0	0	0	0	0	0	0	0
Tre Harris	WR	1	0	0	0	0	0	11	0	1	0	0	0	0	0	0
Jack Bech	WR	1	0	0	0	0	0	23	0	1	0	0	0	0	0	0
RJ Harvey	RB	1	0	0	0	70	0	-1	0	1	0	0	0	0	0	0
TreVeyon Henderson	RB	1	0	0	0	27	0	24	0	6	0	0	0	0	0	0
Luther Burden III	WR	1	0	0	0	0	0	-3	0	1	0	0	0	0	0	0
Mason Taylor	TE	1	0	0	0	0	0	20	0	1	0	0	0	0	0	0
Elijah Arroyo	TE	1	0	0	0	0	0	7	0	1	0	0	0	0	0	0
Isaiah Bond	WR	1	0	0	0	0	0	5	0	1	0	0	0	0	0	0
Aaron Rodgers	QB	2	203	1	2	3	0	0	0	0	0	0	0	1	0	0
Joe Flacco	QB	2	199	1	1	8	0	0	0	0	1	0	0	0	0	0
Matthew Stafford	QB	2	298	2	1	-6	0	0	0	0	0	0	0	0	0	0
Tyrod Taylor	QB	2	56	1	0	21	0	0	0	0	0	0	0	0	0	0
Russell Wilson	QB	2	450	3	1	23	0	0	0	0	0	0	0	0	0	0
Adam Thielen	WR	2	0	0	0	0	0	26	0	2	0	0	0	0	0	0
Zach Ertz	TE	2	0	0	0	0	0	64	1	6	0	0	0	0	0	0
Keenan Allen	WR	2	0	0	0	0	0	61	1	5	0	0	0	0	0	0
Travis Kelce	TE	2	0	0	0	0	0	61	0	4	0	0	0	0	0	0
DeAndre Hopkins	WR	2	0	0	0	0	0	64	1	2	0	0	0	0	0	0
Geno Smith	QB	2	180	0	3	20	0	0	0	0	0	0	0	0	0	0
Brandin Cooks	WR	2	0	0	0	0	0	26	0	2	0	0	0	0	0	0
Davante Adams	WR	2	0	0	0	0	0	106	1	6	0	0	0	0	0	0
Mike Evans	WR	2	0	0	0	0	0	56	0	5	0	0	0	0	0	0
Stefon Diggs	WR	2	0	0	0	0	0	32	0	4	0	0	0	0	0	0
DeAndre Carter	WR	2	0	0	0	0	0	0	0	0	0	0	0	0	0	0
Tyler Lockett	WR	2	0	0	0	0	0	9	0	2	0	0	0	0	0	0
Sterling Shepard	WR	2	0	0	0	0	0	34	0	4	0	0	0	0	0	0
Austin Hooper	TE	2	0	0	0	0	0	38	0	3	0	0	0	0	0	0
Kalif Raymond	WR	2	0	0	0	9	0	14	0	1	0	0	0	0	0	0
Derrick Henry	RB	2	0	0	0	23	0	0	0	0	0	0	0	0	0	0
Tyreek Hill	WR	2	0	0	0	0	0	109	0	6	0	0	0	0	0	0
Dak Prescott	QB	2	361	2	1	17	0	0	0	0	0	0	0	0	0	0
Hunter Henry	TE	2	0	0	0	0	0	9	0	1	0	0	0	0	0	0
Jared Goff	QB	2	334	5	0	6	0	0	0	0	0	0	0	0	0	0
Tyler Higbee	TE	2	0	0	0	0	0	37	0	4	0	0	0	0	0	0
Jacoby Brissett	QB	2	0	0	0	2	0	0	0	0	0	0	0	0	0	0
Mo Alie-Cox	TE	2	0	0	0	0	0	8	0	1	0	0	0	0	0	0
Christian McCaffrey	RB	2	0	0	0	55	0	52	1	6	0	0	0	0	0	0
Aaron Jones	RB	2	0	0	0	23	0	0	0	0	0	0	0	0	0	0
Kendrick Bourne	WR	2	0	0	0	0	0	32	0	3	0	0	0	0	0	0
Tim Patrick	WR	2	0	0	0	0	0	0	0	0	0	0	0	0	0	0
Samaje Perine	RB	2	0	0	0	0	0	0	0	0	0	0	0	0	0	0
James Conner	RB	2	0	0	0	34	1	18	0	1	0	0	0	0	0	0
Mack Hollins	WR	2	0	0	0	0	0	8	1	1	0	0	0	0	0	0
Eric Saubert	TE	2	0	0	0	0	0	0	0	0	0	0	0	0	0	0
Noah Brown	WR	2	0	0	0	0	0	9	0	1	0	0	0	0	0	0
Cooper Rush	QB	2	0	0	0	-4	0	0	0	0	0	0	0	0	0	0
Austin Ekeler	RB	2	0	0	0	17	0	7	0	2	0	0	0	0	0	0
Dare Ogunbowale	RB	2	0	0	0	0	0	0	0	0	0	0	0	0	0	0
JuJu Smith-Schuster	WR	2	0	0	0	0	0	5	0	1	0	0	0	0	0	0
Jonnu Smith	TE	2	0	0	0	0	0	27	0	4	0	0	0	0	0	0
Mitchell Trubisky	QB	2	32	0	0	-3	0	0	0	0	0	0	0	0	0	0
Patrick Mahomes	QB	2	187	1	1	66	1	0	0	0	0	0	0	0	0	0
Evan Engram	TE	2	0	0	0	0	0	12	0	1	0	0	0	0	0	0
David Njoku	TE	2	0	0	0	0	0	40	0	4	0	0	0	0	0	0
Alvin Kamara	RB	2	0	0	0	99	0	21	0	6	0	0	1	0	0	0
Cooper Kupp	WR	2	0	0	0	0	0	90	0	7	0	0	0	0	0	0
Kareem Hunt	RB	2	0	0	0	31	0	3	0	1	0	0	0	0	0	0
Will Dissly	TE	2	0	0	0	0	0	7	0	1	0	0	0	0	0	0
Marquez Valdes-Scantling	WR	2	0	0	0	0	0	0	0	0	0	0	0	0	0	0
Courtland Sutton	WR	2	0	0	0	0	0	6	0	1	0	0	0	0	0	0
Ian Thomas	TE	2	0	0	0	0	0	0	0	0	0	0	0	0	0	0
Dalton Schultz	TE	2	0	0	0	0	0	29	0	3	0	0	0	0	0	0
Justin Watson	WR	2	0	0	0	0	0	3	0	1	0	0	0	0	0	0
Ray-Ray McCloud	WR	2	0	0	0	0	0	0	0	0	0	0	0	0	0	0
Trent Sherfield	WR	2	0	0	0	0	0	3	0	1	0	0	0	0	0	0
Mark Andrews	TE	2	0	0	0	2	0	2	0	1	0	0	0	0	0	0
Mason Rudolph	QB	2	12	0	0	0	0	0	0	0	0	0	0	0	0	0
Nick Chubb	RB	2	0	0	0	43	1	29	0	2	0	0	0	0	0	0
Lamar Jackson	QB	2	225	4	0	13	0	0	0	0	0	0	0	0	0	0
DJ Moore	WR	2	0	0	0	0	0	46	0	5	0	0	0	0	0	0
Mike Gesicki	TE	2	0	0	0	0	0	18	0	3	0	0	0	0	0	0
Calvin Ridley	WR	2	0	0	0	0	0	57	0	3	0	0	0	0	0	0
Saquon Barkley	RB	2	0	0	0	88	1	6	0	2	0	0	0	0	0	0
Baker Mayfield	QB	2	215	2	0	33	0	0	0	0	0	0	0	0	0	0
Josh Allen	QB	2	148	0	0	59	0	0	0	0	0	0	0	0	0	0
Sam Darnold	QB	2	295	2	2	0	0	0	0	0	0	0	0	0	0	0
Jakobi Meyers	WR	2	0	0	0	0	0	68	0	6	0	0	0	0	0	0
Justice Hill	RB	2	0	0	0	7	0	18	0	3	0	0	0	0	0	0
Hunter Renfrow	WR	2	0	0	0	0	0	48	2	7	0	0	0	0	0	0
Ashton Dulin	WR	2	0	0	0	0	0	0	0	0	0	0	0	0	0	0
Jake Browning	QB	2	241	2	3	1	1	0	0	0	0	0	0	0	0	0
Olamide Zaccheaus	WR	2	0	0	0	9	0	12	0	2	0	0	0	0	0	0
Kyler Murray	QB	2	220	1	1	32	0	0	0	0	0	0	0	0	0	0
T.J. Hockenson	TE	2	0	0	0	0	0	12	0	1	0	0	0	0	0	0
Miles Sanders	RB	2	0	0	0	15	1	4	0	2	0	0	0	0	0	0
Devin Singletary	RB	2	0	0	0	4	0	-4	0	1	0	0	0	0	0	0
Tony Pollard	RB	2	0	0	0	92	0	0	0	0	0	0	0	0	0	0
Greg Dortch	WR	2	0	0	0	0	0	11	0	1	0	0	0	0	0	0
Darius Slayton	WR	2	0	0	0	0	0	61	0	2	0	0	0	0	0	0
Ty Johnson	RB	2	0	0	0	6	0	0	0	0	0	0	0	0	0	0
Craig Reynolds	RB	2	0	0	0	4	0	0	0	0	0	0	0	0	0	0
Drew Sample	TE	2	0	0	0	0	0	7	0	1	0	0	0	0	0	0
DK Metcalf	WR	2	0	0	0	0	0	20	1	3	0	0	0	0	0	0
Noah Fant	TE	2	0	0	0	0	0	28	0	3	0	0	0	0	0	0
Gunner Olszewski	WR	2	0	0	0	0	0	0	0	0	0	0	0	0	0	0
Terry McLaurin	WR	2	0	0	0	0	0	48	0	5	0	0	0	0	0	0
Marquise Brown	WR	2	0	0	0	0	0	30	0	5	0	0	0	0	0	0
A.J. Brown	WR	2	0	0	0	0	0	27	0	5	0	0	0	0	0	0
David Montgomery	RB	2	0	0	0	57	1	4	0	1	0	0	0	0	0	0
Dawson Knox	TE	2	0	0	0	0	0	19	0	2	0	0	0	0	0	0
Josh Jacobs	RB	2	0	0	0	84	1	0	0	0	0	0	0	0	0	0
Daniel Jones	QB	2	316	1	0	2	1	0	0	0	0	0	0	0	0	0
Deebo Samuel Sr.	WR	2	0	0	0	0	0	44	1	7	0	0	0	0	0	0
Jakob Johnson	RB	2	0	0	0	0	0	0	0	0	0	0	0	0	0	0
Juwan Johnson	TE	2	0	0	0	0	0	49	1	5	0	0	0	0	0	0
Rico Dowdle	RB	2	0	0	0	9	0	10	0	1	0	0	0	0	0	0
J.K. Dobbins	RB	2	0	0	0	76	1	9	0	1	0	0	0	0	0	0
Nick Westbrook-Ikhine	WR	2	0	0	0	0	0	18	0	2	0	0	0	0	0	0
Reggie Gilliam	RB	2	0	0	0	0	0	0	0	0	0	0	0	0	0	0
Tua Tagovailoa	QB	2	315	2	1	0	0	0	0	0	0	0	0	0	0	0
Jonathan Taylor	RB	2	0	0	0	165	0	50	1	2	0	0	0	0	0	0
Harrison Bryant	TE	2	0	0	0	0	0	0	0	0	0	0	0	0	0	0
Michael Pittman	WR	2	0	0	0	0	0	40	0	4	0	0	0	0	0	0
Jauan Jennings	WR	2	0	0	0	0	0	89	1	5	0	0	0	0	0	0
Jordan Love	QB	2	292	2	0	12	0	0	0	0	0	0	0	0	0	0
AJ Dillon	RB	2	0	0	0	19	0	0	0	0	0	0	0	0	0	0
D'Andre Swift	RB	2	0	0	0	63	1	6	0	3	0	1	0	0	0	0
Cole Kmet	TE	2	0	0	0	0	0	29	0	2	0	0	0	0	0	0
Darnell Mooney	WR	2	0	0	0	0	0	20	0	2	0	0	0	0	0	0
Justin Jefferson	WR	2	0	0	0	0	0	81	0	3	0	0	0	0	0	0
Antonio Gibson	RB	2	0	0	0	27	0	1	0	1	0	0	0	0	0	0
Devin Duvernay	WR	2	0	0	0	0	0	0	0	0	0	0	0	0	0	0
Josiah Deguara	TE	2	0	0	0	0	0	0	0	0	0	0	0	0	0	0
Justin Herbert	QB	2	242	2	0	31	0	0	0	0	0	1	0	0	0	0
CeeDee Lamb	WR	2	0	0	0	0	0	112	0	9	0	0	0	0	0	0
Jalen Hurts	QB	2	101	0	0	15	1	0	0	0	0	0	0	0	0	0
Jerry Jeudy	WR	2	0	0	0	0	0	51	0	4	0	0	0	0	0	0
Tee Higgins	WR	2	0	0	0	0	0	56	1	3	0	0	0	0	0	0
Van Jefferson	WR	2	0	0	0	0	0	10	0	2	0	0	0	0	0	0
Adam Trautman	TE	2	0	0	0	0	0	10	1	3	0	0	0	0	0	0
Tyler Johnson	WR	2	0	0	0	0	0	0	0	0	0	0	0	0	0	0
Joe Burrow	QB	2	76	1	0	0	0	0	0	0	0	0	0	0	0	0
Rashod Bateman	WR	2	0	0	0	0	0	15	0	2	0	0	0	0	0	0
Nico Collins	WR	2	0	0	0	0	0	52	1	3	0	0	0	0	0	0
Chuba Hubbard	RB	2	0	0	0	38	0	39	1	5	0	0	0	0	0	0
Quintin Morris	TE	2	0	0	0	0	0	0	0	0	0	0	0	0	0	0
Jaylen Waddle	WR	2	0	0	0	0	0	68	1	5	0	0	0	0	0	0
Dee Eskridge	WR	2	0	0	0	0	0	8	0	1	0	0	0	0	0	0
Dyami Brown	WR	2	0	0	0	9	0	57	1	5	0	0	0	0	0	0
Tylan Wallace	WR	2	0	0	0	0	0	25	1	2	0	0	0	0	0	0
Noah Gray	TE	2	0	0	0	0	0	1	0	1	0	0	0	0	0	0
Brock Wright	TE	2	0	0	0	0	0	28	1	3	0	0	0	0	0	0
Tutu Atwell	WR	2	0	0	0	0	0	0	0	0	0	0	0	0	0	0
Ben Skowronek	WR	2	0	0	0	0	0	0	0	0	0	0	0	0	0	0
Rhamondre Stevenson	RB	2	0	0	0	54	0	88	0	5	0	0	0	0	1	0
Kylen Granson	TE	2	0	0	0	0	0	5	0	1	0	0	0	0	0	0
Luke Farrell	TE	2	0	0	0	0	0	15	1	2	0	0	0	0	0	0
Najee Harris	RB	2	0	0	0	28	0	20	0	2	0	0	0	0	0	0
Pat Freiermuth	TE	2	0	0	0	0	0	31	0	3	0	0	0	0	0	0
Ja'Marr Chase	WR	2	0	0	0	0	0	165	1	14	0	0	0	0	0	0
DeVonta Smith	WR	2	0	0	0	0	0	53	0	4	0	0	0	0	0	0
Kenny Gainwell	RB	2	0	0	0	20	0	16	0	3	0	0	0	0	0	0
Justin Fields	QB	2	27	0	0	49	0	0	0	0	0	1	0	0	0	0
Amon-Ra St. Brown	WR	2	0	0	0	7	0	115	3	9	0	0	0	0	0	0
Kyle Pitts	TE	2	0	0	0	0	0	37	0	4	0	0	0	0	0	0
Trevor Lawrence	QB	2	271	3	2	4	0	0	0	0	0	0	0	0	0	0
Mac Jones	QB	2	279	3	0	6	0	0	0	0	1	0	0	0	0	0
Travis Etienne	RB	2	0	0	0	71	0	18	1	2	0	0	0	0	0	0
Elijah Moore	WR	2	0	0	0	6	1	31	0	1	0	0	0	0	0	0
Josh Palmer	WR	2	0	0	0	0	0	47	0	2	0	0	0	0	0	0
Javonte Williams	RB	2	0	0	0	97	1	33	0	6	0	0	0	0	0	0
Tommy Tremble	TE	2	0	0	0	0	0	20	0	3	0	0	0	0	0	0
Tyler Badie	RB	2	0	0	0	3	0	19	0	2	0	0	0	0	0	0
Grant Calcaterra	TE	2	0	0	0	0	0	6	0	1	0	0	0	0	0	0
Dareke Young	WR	2	0	0	0	0	0	0	0	0	0	0	0	0	0	0
Jake Tonges	TE	2	0	0	0	0	0	31	0	4	0	0	0	0	0	0
Bam Knight	RB	2	0	0	0	0	0	0	0	0	0	0	0	0	0	0
Isiah Pacheco	RB	2	0	0	0	22	0	7	0	1	0	0	0	0	0	0
Jaylen Warren	RB	2	0	0	0	48	0	86	0	4	0	0	0	0	0	0
Drake London	WR	2	0	0	0	0	0	49	0	3	0	0	1	0	0	0
Chris Olave	WR	2	0	0	0	0	0	54	0	6	0	0	0	0	0	0
Jameson Williams	WR	2	0	0	0	0	0	108	1	2	0	0	0	0	0	0
George Pickens	WR	2	0	0	0	0	0	68	1	5	0	0	0	0	0	0
James Cook	RB	2	0	0	0	132	2	3	0	1	0	0	0	0	0	0
Rachaad White	RB	2	0	0	0	65	1	1	0	2	0	0	0	0	0	0
Khalil Shakir	WR	2	0	0	0	0	0	12	0	1	0	0	0	0	0	0
Tyler Allgeier	RB	2	0	0	0	76	1	4	0	1	0	0	0	0	0	0
Jerome Ford	RB	2	0	0	0	31	0	23	0	5	0	0	0	0	0	0
Jalen Nailor	WR	2	0	0	0	0	0	31	0	3	0	0	0	0	0	0
Andrew Ogletree	TE	2	0	0	0	0	0	0	0	0	0	0	0	0	0	0
John FitzPatrick	TE	2	0	0	0	0	0	0	0	0	0	0	0	0	0	0
Zaire Mitchell-Paden	TE	2	0	0	0	0	0	0	0	0	0	0	0	0	0	0
Jordan Mason	RB	2	0	0	0	30	0	8	0	2	0	0	0	0	0	0
Rashid Shaheed	WR	2	0	0	0	0	0	52	1	4	0	0	0	0	0	0
John Metchie III	WR	2	0	0	0	0	0	0	0	1	0	0	0	0	0	0
Hassan Haskins	RB	2	0	0	0	0	0	0	0	0	0	0	0	0	0	0
Alec Pierce	WR	2	0	0	0	0	0	68	0	4	0	0	0	0	0	0
Jalen Tolbert	WR	2	0	0	0	0	0	16	0	2	0	0	0	0	0	0
Garrett Wilson	WR	2	0	0	0	0	0	50	0	4	0	0	0	0	0	0
Jahan Dotson	WR	2	0	0	0	0	0	4	0	1	0	0	0	0	0	0
Trey McBride	TE	2	0	0	0	0	0	78	0	6	0	0	0	0	0	0
Brian Robinson	RB	2	0	0	0	20	0	-1	0	1	0	0	0	0	0	0
KaVontae Turpin	WR	2	0	0	0	6	0	47	1	4	0	0	0	0	0	0
Jeremy Ruckert	TE	2	0	0	0	0	0	5	1	1	0	0	0	0	0	0
Chig Okonkwo	TE	2	0	0	0	0	0	35	0	4	0	0	0	0	0	0
Romeo Doubs	WR	2	0	0	0	0	0	28	1	3	0	0	0	0	0	0
Calvin Austin III	WR	2	0	0	0	0	0	22	0	1	0	0	0	0	0	0
Kyren Williams	RB	2	0	0	0	66	0	14	0	2	0	0	0	0	0	0
Zamir White	RB	2	0	0	0	-2	0	15	0	2	0	0	0	0	0	0
Jake Ferguson	TE	2	0	0	0	0	0	78	0	9	0	0	0	0	0	0
Skyy Moore	WR	2	0	0	0	0	0	0	0	0	0	0	0	0	0	0
Tyquan Thornton	WR	2	0	0	0	0	0	59	1	2	0	0	0	0	0	0
Daniel Bellinger	TE	2	0	0	0	0	0	0	0	0	0	0	0	0	0	0
Wan'Dale Robinson	WR	2	0	0	0	0	0	142	1	8	0	0	0	0	0	0
Breece Hall	RB	2	0	0	0	29	0	9	0	2	0	0	0	0	0	0
Cade Otton	TE	2	0	0	0	0	0	25	0	3	0	0	0	0	0	0
Kenneth Walker III	RB	2	0	0	0	105	1	13	0	1	0	0	0	0	0	0
Xavier Smith	WR	2	0	0	0	0	0	0	0	0	0	0	0	0	0	0
Dontayvion Wicks	WR	2	0	0	0	0	0	44	0	4	0	0	0	0	0	0
Tyson Bagent	QB	2	27	0	0	7	0	0	0	0	0	0	0	0	0	0
Malik Heath	WR	2	0	0	0	0	0	37	0	1	0	0	0	0	0	0
Brady Russell	RB	2	0	0	0	0	0	0	0	0	0	0	0	0	0	0
Nikko Remigio	WR	2	0	0	0	0	0	21	0	1	0	0	0	0	0	0
Bijan Robinson	RB	2	0	0	0	143	0	25	0	3	0	0	0	0	0	0
Jaxon Smith-Njigba	WR	2	0	0	0	0	0	103	0	8	0	0	0	0	0	0
Quentin Johnston	WR	2	0	0	0	-2	0	71	1	3	0	0	0	0	0	0
Luke Schoonmaker	TE	2	0	0	0	0	0	0	0	0	0	0	0	0	0	0
Kendre Miller	RB	2	0	0	0	8	0	2	0	1	0	0	0	0	0	0
Darnell Washington	TE	2	0	0	0	0	0	0	0	0	0	0	0	0	0	1
Michael Wilson	WR	2	0	0	0	0	0	11	1	1	0	0	0	0	0	0
Tre Tucker	WR	2	0	0	0	7	0	12	0	3	0	0	0	0	0	0
Derius Davis	WR	2	0	0	0	0	0	0	0	0	0	0	0	0	0	0
Charlie Jones	WR	2	0	0	0	0	0	0	0	0	0	0	0	0	0	0
Chase Brown	RB	2	0	0	0	47	0	18	0	2	0	0	0	0	0	0
Parker Washington	WR	2	0	0	0	0	0	76	0	5	0	0	0	0	0	0
Kayshon Boutte	WR	2	0	0	0	0	0	16	1	1	0	0	0	0	0	0
Xavier Hutchinson	WR	2	0	0	0	0	0	29	0	2	0	0	0	0	0	0
Andrei Iosivas	WR	2	0	0	0	0	0	12	0	1	0	0	0	0	0	0
DeMario Douglas	WR	2	0	0	0	0	0	8	0	1	0	0	0	0	0	0
Brayden Willis	TE	2	0	0	0	0	0	0	0	0	0	0	0	0	0	0
Jordan Mims	RB	2	0	0	0	0	0	0	0	0	0	0	0	0	0	0
Tyrell Shavers	WR	2	0	0	0	0	0	0	0	0	0	0	0	0	0	0
Chris Brooks	RB	2	0	0	0	0	0	27	0	3	0	0	0	0	0	0
Hunter Luepke	RB	2	0	0	0	0	0	0	0	0	0	0	0	0	0	0
Emanuel Wilson	RB	2	0	0	0	0	0	0	0	0	0	0	0	0	0	0
Ryan Miller	WR	2	0	0	0	0	0	20	1	1	0	0	0	0	0	0
Mitchell Tinsley	WR	2	0	0	0	0	0	13	1	1	0	0	0	0	0	0
Brycen Tremayne	WR	2	0	0	0	0	0	48	0	3	0	0	0	0	0	0
Jacob Saylors	RB	2	0	0	0	0	0	0	0	0	0	0	0	0	0	0
Dalton Kincaid	TE	2	0	0	0	0	0	37	0	4	0	0	0	0	0	0
Brenton Strange	TE	2	0	0	0	0	0	17	0	3	0	0	0	0	0	0
Sean Tucker	RB	2	0	0	0	0	0	0	0	0	0	0	0	0	0	0
Marvin Mims Jr.	WR	2	0	0	0	0	0	24	1	2	0	0	0	0	0	0
Cedric Tillman	WR	2	0	0	0	0	0	22	1	2	0	0	0	0	0	0
Tucker Kraft	TE	2	0	0	0	0	0	124	1	6	0	0	0	0	0	0
Josh Downs	WR	2	0	0	0	0	0	51	0	6	0	0	0	0	0	0
Roschon Johnson	RB	2	0	0	0	0	0	0	0	0	0	0	0	0	0	0
De'Von Achane	RB	2	0	0	0	30	0	92	1	8	0	0	0	0	0	0
Elijah Higgins	TE	2	0	0	0	0	0	45	0	2	0	0	0	0	0	0
Payne Durham	TE	2	0	0	0	0	0	0	0	0	0	0	0	0	0	0
Zay Flowers	WR	2	0	0	0	4	0	75	0	7	0	0	0	0	0	0
Sam LaPorta	TE	2	0	0	0	0	0	26	0	3	0	0	0	0	0	0
Michael Mayer	TE	2	0	0	0	0	0	9	0	2	0	0	0	0	0	0
Davis Allen	TE	2	0	0	0	0	0	8	1	1	0	0	0	0	0	0
Puka Nacua	WR	2	0	0	0	45	1	91	0	8	0	0	0	0	0	0
Jahmyr Gibbs	RB	2	0	0	0	94	1	10	0	3	0	0	0	0	0	0
Luke Musgrave	TE	2	0	0	0	0	0	32	0	2	0	0	0	0	0	0
Bryce Young	QB	2	328	3	1	2	0	0	0	0	1	0	0	0	0	0
C.J. Stroud	QB	2	207	1	0	27	0	0	0	0	0	0	0	0	0	0
Zach Charbonnet	RB	2	0	0	0	10	0	0	0	0	0	0	0	0	0	0
George Holani	RB	2	0	0	0	0	0	0	0	0	0	0	0	0	0	0
Malik Nabers	WR	2	0	0	0	0	0	167	2	9	0	0	0	0	0	0
Brock Bowers	TE	2	0	0	0	0	0	38	0	5	0	0	0	0	0	0
Xavier Legette	WR	2	0	0	0	0	0	-2	0	1	0	0	0	0	0	0
Luke McCaffrey	WR	2	0	0	0	0	0	19	0	1	0	0	0	0	0	1
Ja'Tavion Sanders	TE	2	0	0	0	0	0	54	0	7	0	0	0	0	0	0
Bucky Irving	RB	2	0	0	0	71	0	50	0	6	0	0	0	0	0	0
Isaac Guerendo	RB	2	0	0	0	0	0	0	0	0	0	0	0	0	0	0
Spencer Rattler	QB	2	207	3	0	14	0	0	0	0	0	0	0	0	0	0
Jamari Thrash	WR	2	0	0	0	0	0	5	0	1	0	0	0	0	0	0
Tyrone Tracy Jr.	RB	2	0	0	0	15	0	36	0	4	0	0	0	0	0	0
Dylan Laube	RB	2	0	0	0	0	0	17	0	2	0	0	0	0	0	0
Ryan Flournoy	WR	2	0	0	0	0	0	0	0	0	0	0	0	0	0	0
Devaughn Vele	WR	2	0	0	0	0	0	3	1	1	0	0	0	0	0	0
Isaiah Williams	WR	2	0	0	0	0	0	0	0	0	0	0	0	0	0	0
Brevyn Spann-Ford	TE	2	0	0	0	0	0	3	0	1	0	0	0	0	0	0
Kameron Johnson	WR	2	0	0	0	0	0	0	0	0	0	0	0	0	0	0
Bryce Oliver	WR	2	0	0	0	0	0	0	0	0	0	0	0	0	0	0
Bo Nix	QB	2	206	3	1	20	0	0	0	0	0	0	0	0	0	0
Blake Corum	RB	2	0	0	0	44	1	0	0	0	0	0	0	0	0	0
Roman Wilson	WR	2	0	0	0	0	0	7	0	1	0	0	0	0	0	0
Jordan Whittington	WR	2	0	0	0	0	0	42	0	2	0	0	0	0	0	0
Devontez Walker	WR	2	0	0	0	0	0	26	2	2	0	0	0	0	0	0
AJ Barner	TE	2	0	0	0	2	0	26	1	2	0	0	0	0	0	0
Braelon Allen	RB	2	0	0	0	11	0	0	0	0	0	0	0	0	0	0
Rasheen Ali	RB	2	0	0	0	0	0	0	0	0	0	0	0	0	0	0
Isaiah Davis	RB	2	0	0	0	0	0	6	0	1	0	0	0	0	0	0
Anthony Gould	WR	2	0	0	0	0	0	0	0	0	0	0	0	0	0	0
Theo Johnson	TE	2	0	0	0	0	0	34	0	4	0	0	0	0	0	0
Marvin Harrison Jr.	WR	2	0	0	0	0	0	27	0	2	0	0	0	0	0	0
Drake Maye	QB	2	230	2	0	31	1	0	0	0	0	0	0	0	0	0
Troy Franklin	WR	2	0	0	0	11	0	89	1	8	0	0	0	0	0	0
Ray Davis	RB	2	0	0	0	24	0	0	0	0	0	0	0	0	0	0
Malik Washington	WR	2	0	0	0	23	0	2	0	1	0	0	0	0	0	0
Adonai Mitchell	WR	2	0	0	0	0	0	20	0	2	0	0	0	0	0	0
Brian Thomas Jr.	WR	2	0	0	0	0	0	49	0	4	0	0	0	0	0	0
Keon Coleman	WR	2	0	0	0	0	0	26	0	3	0	0	0	0	0	0
Jayden Daniels	QB	2	200	2	0	17	0	0	0	0	0	0	0	1	0	0
Ben Sinnott	TE	2	0	0	0	0	0	7	0	1	0	0	0	0	0	0
Ladd McConkey	WR	2	0	0	0	0	0	48	0	5	0	0	0	0	0	0
Ricky Pearsall	WR	2	0	0	0	-4	0	56	0	4	0	0	0	0	0	0
Michael Penix Jr.	QB	2	135	0	0	-1	0	0	0	0	0	0	0	0	0	0
Caleb Williams	QB	2	207	2	1	27	0	0	0	0	0	0	0	0	0	0
Rome Odunze	WR	2	0	0	0	0	0	128	2	7	0	0	0	0	0	0
Trey Benson	RB	2	0	0	0	14	0	30	0	4	0	0	0	0	0	0
J.J. McCarthy	QB	2	158	0	2	25	0	0	0	0	1	0	0	0	0	0
Savion Williams	WR	2	0	0	0	24	0	0	0	0	0	0	0	0	0	0
LaJohntay Wester	WR	2	0	0	0	0	0	0	0	0	0	0	0	0	0	0
Brashard Smith	RB	2	0	0	0	2	0	0	0	0	0	0	0	0	0	0
Ashton Jeanty	RB	2	0	0	0	43	0	1	0	3	0	0	0	0	0	0
Tetairoa McMillan	WR	2	0	0	0	0	0	100	0	6	0	0	0	0	0	0
Colston Loveland	TE	2	0	0	0	0	0	0	0	0	0	0	0	0	0	0
Tyler Warren	TE	2	0	0	0	0	0	79	0	4	0	0	0	0	0	0
Emeka Egbuka	WR	2	0	0	0	0	0	29	1	4	0	0	0	0	0	0
Jayden Higgins	WR	2	0	0	0	0	0	28	0	1	0	0	0	0	0	0
Pat Bryant	WR	2	0	0	0	0	0	18	0	2	0	0	0	0	0	0
Jaylin Noel	WR	2	0	0	0	0	0	0	0	0	0	0	0	0	0	0
Kaleb Johnson	RB	2	0	0	0	1	0	0	0	0	0	0	0	0	0	0
Dylan Sampson	RB	2	0	0	0	6	0	13	1	3	0	0	0	0	0	0
Jaylin Lane	WR	2	0	0	0	0	0	2	0	1	0	0	0	0	0	0
Elic Ayomanor	WR	2	0	0	0	0	0	56	1	4	0	0	0	0	0	0
DJ Giddens	RB	2	0	0	0	0	0	0	0	0	0	0	0	0	0	0
KeAndre Lambert-Smith	WR	2	0	0	0	0	0	0	0	0	0	0	0	0	0	0
Mitchell Evans	TE	2	0	0	0	0	0	9	0	1	0	0	0	0	0	0
Jackson Hawes	TE	2	0	0	0	0	0	5	0	1	0	0	0	0	0	0
Ollie Gordon II	RB	2	0	0	0	8	0	5	0	1	0	0	0	0	0	0
Tahj Brooks	RB	2	0	0	0	0	0	0	0	0	0	0	0	0	0	0
Kyle Monangai	RB	2	0	0	0	28	0	8	0	1	0	0	0	0	0	0
LeQuint Allen Jr.	RB	2	0	0	0	13	0	0	0	0	0	0	0	0	0	0
Jacory Croskey-Merritt	RB	2	0	0	0	17	0	0	0	0	0	0	0	0	0	0
Beaux Collins	WR	2	0	0	0	0	0	0	0	0	0	0	0	0	0	0
Myles Price	WR	2	0	0	0	0	0	0	0	0	0	0	0	0	0	0
Ben Yurosek	TE	2	0	0	0	0	0	0	0	0	0	0	0	0	0	0
Dont'e Thornton Jr.	WR	2	0	0	0	0	0	20	0	1	0	0	0	0	0	0
Arian Smith	WR	2	0	0	0	-10	0	8	0	1	0	0	0	0	0	0
Woody Marks	RB	2	0	0	0	14	0	37	0	1	0	0	0	0	0	0
Gunnar Helm	TE	2	0	0	0	0	0	9	0	2	0	0	0	0	0	0
Trevor Etienne	RB	2	0	0	0	0	0	2	0	1	0	0	0	0	0	0
Tory Horton	WR	2	0	0	0	0	0	32	1	2	0	0	0	0	0	0
Robbie Ouzts	RB	2	0	0	0	0	0	0	0	0	0	0	0	0	0	0
Harold Fannin Jr.	TE	2	0	0	0	0	0	48	0	5	0	0	0	0	0	0
Omarion Hampton	RB	2	0	0	0	24	0	1	0	1	0	0	0	0	0	0
Matthew Golden	WR	2	0	0	0	15	0	0	0	0	0	0	0	0	0	0
Isaac TeSlaa	WR	2	0	0	0	0	0	29	0	1	0	0	0	0	0	0
Cam Ward	QB	2	175	1	0	8	0	0	0	0	1	0	0	0	0	0
Jaxson Dart	QB	2	0	0	0	-3	0	0	0	0	0	0	0	0	0	0
Dillon Gabriel	QB	2	19	1	0	0	0	0	0	0	0	0	0	0	0	0
Chimere Dike	WR	2	0	0	0	9	0	-1	0	2	0	0	0	0	0	0
Cam Skattebo	RB	2	0	0	0	45	1	14	0	2	0	0	0	0	0	0
Bhayshul Tuten	RB	2	0	0	0	42	0	32	1	2	0	0	0	0	0	0
Tre Harris	WR	2	0	0	0	0	0	34	0	2	0	0	0	0	0	0
RJ Harvey	RB	2	0	0	0	8	0	16	0	1	0	0	0	0	0	0
TreVeyon Henderson	RB	2	0	0	0	10	0	30	0	2	0	0	0	0	0	0
Luther Burden III	WR	2	0	0	0	0	0	5	0	1	0	0	0	0	0	0
Mason Taylor	TE	2	0	0	0	0	0	5	0	1	0	0	0	0	0	0
Elijah Arroyo	TE	2	0	0	0	0	0	31	0	2	0	0	0	0	0	0
Isaiah Bond	WR	2	0	0	0	9	0	6	0	1	0	0	0	0	0	0
Quinshon Judkins	RB	2	0	0	0	61	0	10	0	3	0	0	0	0	0	0
Aaron Rodgers	QB	3	139	2	1	1	0	0	0	0	0	0	0	0	0	0
Joe Flacco	QB	3	142	0	1	0	0	0	0	0	0	0	0	0	0	0
Matthew Stafford	QB	3	196	2	1	0	0	0	0	0	0	0	0	0	0	0
Andy Dalton	QB	3	0	0	0	-1	0	0	0	0	0	0	0	0	0	0
Tyrod Taylor	QB	3	197	2	1	48	0	0	0	0	1	0	0	0	0	0
Russell Wilson	QB	3	160	0	2	27	0	0	0	0	0	0	0	0	0	0
Kirk Cousins	QB	3	29	0	0	0	0	0	0	0	0	0	0	0	0	0
Adam Thielen	WR	3	0	0	0	0	0	0	0	0	0	0	0	0	0	0
Zach Ertz	TE	3	0	0	0	0	0	38	0	3	0	0	0	0	0	0
Keenan Allen	WR	3	0	0	0	0	0	65	1	7	0	0	0	0	0	0
Travis Kelce	TE	3	0	0	0	0	0	26	0	4	0	0	0	0	0	0
DeAndre Hopkins	WR	3	0	0	0	0	0	13	0	1	0	0	0	0	0	0
Geno Smith	QB	3	289	3	0	5	0	0	0	0	0	0	0	1	0	0
Brandin Cooks	WR	3	0	0	0	0	0	24	0	3	0	0	0	0	0	0
Davante Adams	WR	3	0	0	0	0	0	56	1	3	0	0	0	0	0	0
Mike Evans	WR	3	0	0	0	0	0	33	1	4	0	0	0	0	0	0
Chris Manhertz	TE	3	0	0	0	0	0	7	0	1	0	0	0	0	0	0
Stefon Diggs	WR	3	0	0	0	0	0	23	0	3	0	0	0	0	0	0
DeAndre Carter	WR	3	0	0	0	0	0	0	0	0	0	0	0	0	0	0
Tyler Lockett	WR	3	0	0	0	0	0	37	0	4	0	0	0	0	0	0
Marcus Mariota	QB	3	207	1	0	40	1	0	0	0	0	1	0	0	0	0
Sterling Shepard	WR	3	0	0	0	0	0	80	0	4	0	0	0	0	0	0
Austin Hooper	TE	3	0	0	0	0	0	28	0	2	0	0	0	0	0	0
Chris Moore	WR	3	0	0	0	0	0	25	0	2	0	0	0	0	0	0
Kalif Raymond	WR	3	0	0	0	0	0	4	0	1	0	0	0	0	0	0
Derrick Henry	RB	3	0	0	0	50	1	7	0	1	0	1	0	0	0	0
Carson Wentz	QB	3	173	2	0	4	0	0	0	0	0	0	0	0	0	0
Tyreek Hill	WR	3	0	0	0	0	0	49	1	5	0	0	0	0	0	0
Dak Prescott	QB	3	251	1	2	0	0	0	0	0	0	0	0	1	0	0
Hunter Henry	TE	3	0	0	0	0	0	90	2	8	0	0	0	0	0	0
Jared Goff	QB	3	202	1	0	6	0	0	0	0	0	0	0	0	0	0
Tyler Higbee	TE	3	0	0	0	0	0	0	0	0	0	0	0	0	0	0
Johnny Mundt	TE	3	0	0	0	0	0	7	0	1	0	0	0	0	0	0
Christian McCaffrey	RB	3	0	0	0	52	0	88	0	10	0	0	0	0	0	0
Kendrick Bourne	WR	3	0	0	0	0	0	38	0	4	0	0	0	0	0	0
Tim Patrick	WR	3	0	0	0	0	0	16	0	1	0	0	0	0	0	0
Samaje Perine	RB	3	0	0	0	21	0	0	0	0	0	1	0	0	0	0
James Conner	RB	3	0	0	0	22	0	15	0	3	0	0	0	0	0	0
Mack Hollins	WR	3	0	0	0	0	0	27	0	4	0	0	0	0	0	0
Eric Saubert	TE	3	0	0	0	0	0	12	0	1	0	0	0	0	0	0
David Moore	WR	3	0	0	0	0	0	5	0	1	0	0	0	0	0	0
Dare Ogunbowale	RB	3	0	0	0	0	0	0	0	0	0	0	0	0	0	0
JuJu Smith-Schuster	WR	3	0	0	0	0	0	55	0	4	0	0	0	0	0	0
Jonnu Smith	TE	3	0	0	0	0	0	23	0	3	0	0	0	0	0	0
Patrick Mahomes	QB	3	224	1	0	2	0	0	0	0	0	0	0	0	0	0
David Njoku	TE	3	0	0	0	0	0	40	0	5	0	0	0	0	0	0
Zay Jones	WR	3	0	0	0	0	0	25	0	2	0	0	0	0	0	0
Alvin Kamara	RB	3	0	0	0	42	0	14	0	1	0	0	0	0	0	0
Cooper Kupp	WR	3	0	0	0	0	0	31	0	2	0	0	0	0	0	0
Kareem Hunt	RB	3	0	0	0	34	1	10	0	1	0	0	0	0	0	0
Jeremy McNichols	RB	3	0	0	0	78	1	0	0	0	0	0	0	0	0	0
Tyler Conklin	TE	3	0	0	0	0	0	0	0	0	0	0	0	0	0	0
Marquez Valdes-Scantling	WR	3	0	0	0	0	0	9	0	1	0	0	0	0	0	0
Courtland Sutton	WR	3	0	0	0	0	0	118	1	6	0	0	0	0	0	0
Dallas Goedert	TE	3	0	0	0	0	0	33	1	1	0	0	0	0	0	0
Dalton Schultz	TE	3	0	0	0	0	0	39	0	5	0	0	0	0	0	0
Ray-Ray McCloud	WR	3	0	0	0	0	0	20	0	2	0	0	0	0	0	0
Allen Lazard	WR	3	0	0	0	0	0	13	1	2	0	0	0	0	0	0
Mark Andrews	TE	3	0	0	0	0	0	91	2	6	0	0	0	0	0	0
Christian Kirk	WR	3	0	0	0	0	0	25	0	3	0	0	0	0	0	0
Nick Chubb	RB	3	0	0	0	38	0	2	0	3	0	0	0	0	0	0
Lamar Jackson	QB	3	288	3	0	35	0	0	0	0	0	0	0	0	0	0
DJ Moore	WR	3	0	0	0	7	0	21	1	4	0	0	0	0	0	0
Mike Gesicki	TE	3	0	0	0	0	0	6	0	1	0	0	0	0	0	0
Calvin Ridley	WR	3	0	0	0	0	0	27	0	1	0	0	0	0	0	0
Saquon Barkley	RB	3	0	0	0	46	0	9	0	4	0	0	0	0	0	0
Baker Mayfield	QB	3	233	1	0	44	0	0	0	0	0	0	0	0	0	0
Josh Allen	QB	3	213	3	0	25	0	0	0	0	0	0	0	0	0	0
Sam Darnold	QB	3	218	2	0	0	0	0	0	0	0	0	0	0	0	0
Brett Rypien	QB	3	0	0	0	0	0	0	0	0	0	0	0	0	0	0
Jakobi Meyers	WR	3	0	0	0	0	0	63	0	3	0	0	0	0	0	0
Justice Hill	RB	3	0	0	0	0	0	45	0	3	0	0	0	0	0	0
Hunter Renfrow	WR	3	0	0	0	0	0	6	0	2	0	0	0	0	0	0
Ashton Dulin	WR	3	0	0	0	0	0	0	0	0	0	0	0	0	0	0
Jake Browning	QB	3	140	1	2	3	0	0	0	0	0	0	0	0	0	0
Olamide Zaccheaus	WR	3	0	0	0	12	0	24	0	3	0	0	0	0	0	0
Kyler Murray	QB	3	159	1	0	37	0	0	0	0	0	0	0	0	0	0
T.J. Hockenson	TE	3	0	0	0	0	0	49	1	5	0	0	0	0	0	0
Miles Sanders	RB	3	0	0	0	41	0	12	0	3	0	0	0	0	0	0
Josh Oliver	TE	3	0	0	0	0	0	12	1	1	0	0	0	0	0	0
Devin Singletary	RB	3	0	0	0	11	0	0	0	0	0	0	0	0	0	0
Tony Pollard	RB	3	0	0	0	45	1	14	0	2	0	0	0	0	0	0
David Sills	WR	3	0	0	0	0	0	9	0	1	0	0	0	0	0	0
Greg Dortch	WR	3	0	0	0	5	0	3	0	2	0	0	0	0	0	0
Darius Slayton	WR	3	0	0	0	0	0	30	0	4	0	0	0	0	0	0
Ty Johnson	RB	3	0	0	0	13	0	8	0	1	0	0	0	0	0	0
Drew Sample	TE	3	0	0	0	0	0	20	1	2	0	0	0	0	0	0
DK Metcalf	WR	3	0	0	0	0	0	32	1	3	0	0	0	0	0	0
Noah Fant	TE	3	0	0	0	0	0	26	0	5	0	0	1	0	0	0
Gunner Olszewski	WR	3	0	0	0	0	0	0	0	0	0	0	0	0	0	0
Terry McLaurin	WR	3	0	0	0	0	0	74	0	3	0	0	0	0	0	0
Marquise Brown	WR	3	0	0	0	0	0	42	0	4	0	0	0	0	0	0
A.J. Brown	WR	3	0	0	0	0	0	109	1	6	0	0	0	0	0	0
David Montgomery	RB	3	0	0	0	151	2	13	0	1	0	0	0	0	0	0
Josh Jacobs	RB	3	0	0	0	30	0	44	0	5	0	0	0	0	0	0
Drew Lock	QB	3	15	0	0	-1	0	0	0	0	0	0	0	0	0	0
Daniel Jones	QB	3	228	1	0	27	0	0	0	0	0	0	0	0	0	0
Deebo Samuel Sr.	WR	3	0	0	0	18	0	11	0	2	0	0	0	0	0	0
Jakob Johnson	RB	3	0	0	0	0	0	0	0	0	0	0	0	0	0	0
Juwan Johnson	TE	3	0	0	0	0	0	51	0	6	0	0	0	0	0	0
Rico Dowdle	RB	3	0	0	0	30	1	8	0	1	0	0	0	0	0	0
J.K. Dobbins	RB	3	0	0	0	83	1	0	0	1	0	0	0	0	0	0
Nick Westbrook-Ikhine	WR	3	0	0	0	0	0	0	0	0	0	0	0	0	0	0
Tua Tagovailoa	QB	3	146	2	1	10	0	0	0	0	0	0	0	0	0	0
Jonathan Taylor	RB	3	0	0	0	102	3	16	0	3	0	0	0	0	0	0
Michael Pittman	WR	3	0	0	0	0	0	73	1	6	0	0	0	0	0	0
Jordan Love	QB	3	183	1	1	18	0	0	0	0	0	0	0	0	0	0
D'Andre Swift	RB	3	0	0	0	33	0	45	0	3	0	0	0	0	0	0
Cole Kmet	TE	3	0	0	0	0	0	10	1	1	0	0	0	0	0	0
Darnell Mooney	WR	3	0	0	0	0	0	44	0	4	0	0	0	0	0	0
Justin Jefferson	WR	3	0	0	0	0	0	75	0	5	0	0	0	0	0	0
Antonio Gibson	RB	3	0	0	0	28	0	0	0	0	0	1	0	0	0	0
Devin Duvernay	WR	3	0	0	0	0	0	0	0	0	0	0	0	0	0	0
Justin Herbert	QB	3	300	1	1	6	0	0	0	0	0	0	0	0	0	0
Jalen Hurts	QB	3	226	3	0	40	1	0	0	0	1	0	0	0	0	0
Jerry Jeudy	WR	3	0	0	0	0	0	17	0	1	0	0	0	0	0	0
Tee Higgins	WR	3	0	0	0	0	0	15	0	1	0	0	0	0	0	0
Cam Akers	RB	3	0	0	0	19	0	0	0	0	0	0	0	0	0	0
Van Jefferson	WR	3	0	0	0	0	0	8	0	1	0	0	0	0	0	0
Adam Trautman	TE	3	0	0	0	0	0	0	0	0	0	0	0	0	0	0
Tyler Johnson	WR	3	0	0	0	0	0	32	0	2	0	0	0	0	0	0
Charlie Woerner	TE	3	0	0	0	0	0	-5	0	1	0	0	0	0	0	0
Rashod Bateman	WR	3	0	0	0	0	0	63	1	5	0	0	0	0	0	0
Nico Collins	WR	3	0	0	0	0	0	104	1	8	0	0	1	0	0	0
Chuba Hubbard	RB	3	0	0	0	73	0	3	0	2	0	0	0	0	0	0
Jaylen Waddle	WR	3	0	0	0	0	0	39	1	5	0	0	0	0	0	0
Dee Eskridge	WR	3	0	0	0	0	0	0	0	0	0	0	0	0	0	0
Dyami Brown	WR	3	0	0	0	0	0	7	0	2	0	0	0	0	0	0
Tylan Wallace	WR	3	0	0	0	0	0	0	0	0	0	0	0	0	0	0
Noah Gray	TE	3	0	0	0	0	0	17	0	3	0	0	0	0	0	0
Simi Fehoko	WR	3	0	0	0	0	0	0	0	0	0	0	0	0	0	0
Jack Stoll	TE	3	0	0	0	0	0	21	1	2	0	0	0	0	0	0
Tutu Atwell	WR	3	0	0	0	0	0	0	0	0	0	0	0	0	0	0
Ben Skowronek	WR	3	0	0	0	0	0	0	0	0	0	0	0	0	0	0
Rhamondre Stevenson	RB	3	0	0	0	18	0	38	0	3	0	2	0	0	0	0
Kylen Granson	TE	3	0	0	0	0	0	0	0	0	0	0	0	0	0	0
Najee Harris	RB	3	0	0	0	28	0	0	0	0	0	0	0	0	0	0
Pat Freiermuth	TE	3	0	0	0	0	0	6	0	1	0	0	0	0	0	0
Ja'Marr Chase	WR	3	0	0	0	9	0	50	0	5	0	0	1	0	0	0
DeVonta Smith	WR	3	0	0	0	0	0	60	1	8	0	0	0	0	0	0
Kenny Gainwell	RB	3	0	0	0	16	1	10	0	1	0	0	0	0	0	0
Amon-Ra St. Brown	WR	3	0	0	0	0	0	77	1	7	0	0	0	0	0	0
Kyle Pitts	TE	3	0	0	0	0	0	39	0	4	0	0	0	0	0	0
Trevor Lawrence	QB	3	222	0	1	9	0	0	0	0	0	0	0	0	0	0
Mac Jones	QB	3	284	1	1	-1	0	0	0	0	0	0	0	0	0	0
Travis Etienne	RB	3	0	0	0	56	1	0	0	0	0	0	0	0	0	0
Elijah Moore	WR	3	0	0	0	11	0	30	0	2	0	0	0	0	0	0
Josh Palmer	WR	3	0	0	0	0	0	5	0	1	0	0	0	0	0	0
Javonte Williams	RB	3	0	0	0	76	0	16	0	5	0	1	0	0	0	0
Hunter Long	TE	3	0	0	0	0	0	12	0	2	0	0	0	0	0	0
Tommy Tremble	TE	3	0	0	0	0	0	16	0	2	0	0	0	0	0	0
Tyler Badie	RB	3	0	0	0	0	0	0	0	0	0	0	0	0	0	0
Grant Calcaterra	TE	3	0	0	0	0	0	0	0	0	0	0	0	0	0	0
Dareke Young	WR	3	0	0	0	0	0	12	0	1	0	0	0	0	0	0
Jake Tonges	TE	3	0	0	0	0	0	21	0	2	0	0	0	0	0	0
Tyler Goodson	RB	3	0	0	0	6	0	0	0	0	0	0	0	0	0	0
Isiah Pacheco	RB	3	0	0	0	45	0	3	0	1	0	0	0	0	0	0
Jaylen Warren	RB	3	0	0	0	47	0	34	0	5	0	0	0	0	0	0
Kevin Austin Jr.	WR	3	0	0	0	0	0	0	0	0	0	0	0	0	0	0
Drake London	WR	3	0	0	0	0	0	55	0	5	0	0	0	0	0	0
Chris Olave	WR	3	0	0	0	0	0	57	0	10	0	0	0	0	0	0
Jameson Williams	WR	3	0	0	0	0	0	43	0	2	0	0	0	0	0	0
George Pickens	WR	3	0	0	0	0	0	68	1	5	0	0	0	0	0	0
James Cook	RB	3	0	0	0	108	1	10	0	3	0	0	0	0	0	0
Rachaad White	RB	3	0	0	0	12	0	2	0	1	0	0	0	0	0	0
Khalil Shakir	WR	3	0	0	0	0	0	45	1	4	0	0	0	0	0	0
Tyler Allgeier	RB	3	0	0	0	4	0	0	0	1	0	0	0	0	0	0
Jerome Ford	RB	3	0	0	0	0	0	10	0	4	0	0	0	0	0	0
Jalen Nailor	WR	3	0	0	0	0	0	37	0	3	0	0	0	0	0	0
John FitzPatrick	TE	3	0	0	0	0	0	12	1	2	0	0	0	0	0	0
Ko Kieft	TE	3	0	0	0	0	0	0	0	0	0	0	0	0	0	0
Tanner Conner	TE	3	0	0	0	0	0	13	0	1	0	0	0	0	0	0
Kaden Davis	WR	3	0	0	0	0	0	0	0	0	0	0	0	0	0	0
Jordan Mason	RB	3	0	0	0	116	2	0	0	0	0	0	0	0	0	0
Lucas Krull	TE	3	0	0	0	0	0	9	0	1	0	0	0	0	0	0
Rashid Shaheed	WR	3	0	0	0	0	0	42	0	4	0	0	0	0	0	0
Julius Chestnut	RB	3	0	0	0	26	0	0	0	0	0	0	0	0	0	0
John Metchie III	WR	3	0	0	0	0	0	8	0	1	0	0	0	0	0	0
Hassan Haskins	RB	3	0	0	0	0	0	0	0	0	0	0	0	0	0	0
Tucker Fisk	TE	3	0	0	0	0	0	0	0	0	0	0	0	0	0	0
Alec Pierce	WR	3	0	0	0	0	0	67	0	4	0	0	0	0	0	0
Jalen Tolbert	WR	3	0	0	0	0	0	24	0	3	0	0	0	0	0	1
Garrett Wilson	WR	3	0	0	0	0	0	84	1	10	0	0	0	0	0	0
Jahan Dotson	WR	3	0	0	0	0	0	7	0	1	0	0	0	0	0	0
Trey McBride	TE	3	0	0	0	0	0	43	1	5	0	0	0	0	0	0
Velus Jones Jr.	WR	3	0	0	0	0	0	0	0	0	0	0	0	0	0	0
Brian Robinson	RB	3	0	0	0	22	0	0	0	0	0	0	0	0	0	0
KaVontae Turpin	WR	3	0	0	0	4	0	64	0	2	0	0	0	0	0	0
Chig Okonkwo	TE	3	0	0	0	0	0	66	0	5	0	0	0	0	0	0
Romeo Doubs	WR	3	0	0	0	0	0	25	0	2	0	0	0	0	0	0
Calvin Austin III	WR	3	0	0	0	0	0	34	1	3	0	0	0	0	0	0
Kyren Williams	RB	3	0	0	0	94	0	18	1	2	0	0	0	0	0	0
Zamir White	RB	3	0	0	0	19	0	4	0	1	0	0	0	0	0	0
Jake Ferguson	TE	3	0	0	0	0	0	82	0	13	0	0	0	0	0	0
Charlie Kolar	TE	3	0	0	0	0	0	22	0	2	0	0	0	0	0	0
Skyy Moore	WR	3	0	0	0	0	0	10	0	1	0	0	0	0	0	0
Tyquan Thornton	WR	3	0	0	0	0	0	71	1	5	0	0	0	0	0	0
Daniel Bellinger	TE	3	0	0	0	0	0	6	0	1	0	0	0	0	0	0
Wan'Dale Robinson	WR	3	0	0	0	0	0	26	0	1	0	0	0	0	0	0
Breece Hall	RB	3	0	0	0	21	0	31	0	4	0	0	0	0	0	0
Kenneth Walker III	RB	3	0	0	0	38	2	12	0	1	0	0	0	0	0	0
Xavier Smith	WR	3	0	0	0	0	0	0	0	0	0	0	0	0	0	0
Dontayvion Wicks	WR	3	0	0	0	0	0	21	0	2	0	0	0	0	0	0
Zavier Scott	RB	3	0	0	0	30	0	20	0	1	0	0	0	0	0	0
Malik Heath	WR	3	0	0	0	0	0	0	0	0	0	0	0	0	0	0
Brady Russell	RB	3	0	0	0	0	0	0	0	0	0	0	0	0	0	0
Nikko Remigio	WR	3	0	0	0	11	0	0	0	0	0	0	0	0	0	0
Bijan Robinson	RB	3	0	0	0	72	0	39	0	5	0	0	0	0	0	0
Jaxon Smith-Njigba	WR	3	0	0	0	0	0	96	1	5	0	0	0	0	0	0
Quentin Johnston	WR	3	0	0	0	0	0	89	0	6	0	0	0	0	0	0
Luke Schoonmaker	TE	3	0	0	0	0	0	5	0	1	0	0	0	0	0	0
Kendre Miller	RB	3	0	0	0	27	0	9	0	2	0	0	0	0	0	0
Tank Bigsby	RB	3	0	0	0	0	0	0	0	0	0	0	0	0	0	0
Michael Wilson	WR	3	0	0	0	0	0	5	0	1	0	0	0	0	0	0
Tre Tucker	WR	3	0	0	0	4	0	145	3	8	0	0	0	0	0	0
Derius Davis	WR	3	0	0	0	2	0	0	0	0	0	0	0	0	0	0
Charlie Jones	WR	3	0	0	0	0	0	0	0	0	0	0	0	0	0	0
Chase Brown	RB	3	0	0	0	3	0	17	0	4	0	0	0	0	0	0
Parker Washington	WR	3	0	0	0	0	0	34	0	4	0	0	0	0	0	0
Kayshon Boutte	WR	3	0	0	0	0	0	28	0	2	0	0	0	0	0	0
Chris Rodriguez Jr.	RB	3	0	0	0	39	0	0	0	0	0	0	0	0	0	0
Xavier Hutchinson	WR	3	0	0	0	0	0	16	0	3	0	0	0	0	0	0
DeMario Douglas	WR	3	0	0	0	0	0	7	0	2	0	0	0	0	0	0
Brayden Willis	TE	3	0	0	0	0	0	0	0	0	0	0	0	0	0	0
Tyrell Shavers	WR	3	0	0	0	0	0	24	0	2	0	0	0	0	0	0
Chris Brooks	RB	3	0	0	0	0	0	0	0	0	0	0	0	0	0	0
Emari Demercado	RB	3	0	0	0	0	0	0	0	0	0	0	0	0	0	0
Blake Whiteheart	TE	3	0	0	0	0	0	0	0	0	0	0	0	0	0	0
Julian Hill	TE	3	0	0	0	0	0	4	0	1	0	0	0	0	0	0
Emanuel Wilson	RB	3	0	0	0	25	0	0	0	0	0	0	0	0	0	0
Ryan Miller	WR	3	0	0	0	0	0	0	0	0	0	0	0	0	0	0
Mitchell Tinsley	WR	3	0	0	0	0	0	0	0	0	0	0	0	0	0	0
Brycen Tremayne	WR	3	0	0	0	0	0	15	0	2	0	0	0	0	0	0
Jacob Saylors	RB	3	0	0	0	0	0	0	0	0	0	0	0	0	0	0
Dalton Kincaid	TE	3	0	0	0	0	0	66	1	5	0	0	0	0	0	0
Brenton Strange	TE	3	0	0	0	0	0	61	0	6	0	0	0	0	0	0
Sean Tucker	RB	3	0	0	0	0	0	0	0	0	0	0	0	0	0	0
Marvin Mims Jr.	WR	3	0	0	0	0	0	4	0	1	0	0	0	0	0	0
Cedric Tillman	WR	3	0	0	0	0	0	26	0	3	0	0	0	0	0	0
Tucker Kraft	TE	3	0	0	0	0	0	29	0	3	0	0	0	0	0	0
Josh Downs	WR	3	0	0	0	0	0	34	0	2	0	0	0	0	0	0
Roschon Johnson	RB	3	0	0	0	0	0	0	0	0	0	0	0	0	0	0
De'Von Achane	RB	3	0	0	0	62	0	29	0	7	0	0	0	0	0	0
Elijah Higgins	TE	3	0	0	0	0	0	7	0	1	0	0	0	0	0	0
Zay Flowers	WR	3	0	0	0	0	0	13	0	2	0	0	0	0	0	0
Sam LaPorta	TE	3	0	0	0	0	0	33	0	4	0	0	0	0	0	0
Michael Mayer	TE	3	0	0	0	0	0	0	0	0	0	0	0	0	0	0
Davis Allen	TE	3	0	0	0	0	0	3	0	1	0	0	0	0	0	0
Puka Nacua	WR	3	0	0	0	6	0	112	0	11	0	0	0	0	0	0
Jahmyr Gibbs	RB	3	0	0	0	67	2	32	0	5	0	0	0	0	0	0
Bryce Young	QB	3	121	0	0	8	1	0	0	0	0	0	0	0	0	0
C.J. Stroud	QB	3	204	1	2	22	0	0	0	0	0	0	0	0	0	0
Anthony Richardson	QB	3	0	0	0	-1	0	0	0	0	0	0	0	0	0	0
George Holani	RB	3	0	0	0	27	0	15	0	2	0	1	0	0	0	0
Malik Nabers	WR	3	0	0	0	0	0	13	0	2	0	0	0	0	0	0
Brock Bowers	TE	3	0	0	0	0	0	38	0	4	0	0	0	0	0	1
Luke McCaffrey	WR	3	0	0	0	0	0	56	1	3	0	0	0	0	0	0
Ja'Tavion Sanders	TE	3	0	0	0	0	0	11	0	2	0	0	0	0	0	0
Bucky Irving	RB	3	0	0	0	66	0	33	0	4	0	0	0	0	0	0
Isaac Guerendo	RB	3	0	0	0	0	0	0	0	0	0	0	0	0	0	0
Sione Vaki	RB	3	0	0	0	0	0	0	0	0	0	0	0	0	0	0
Spencer Rattler	QB	3	218	1	1	10	0	0	0	0	0	0	0	0	0	0
Jamari Thrash	WR	3	0	0	0	0	0	7	0	2	0	0	0	0	0	0
Tyrone Tracy Jr.	RB	3	0	0	0	29	0	7	0	2	0	0	0	0	0	0
Joe Milton III	QB	3	41	0	1	0	0	0	0	0	0	0	0	0	0	0
Dylan Laube	RB	3	0	0	0	2	0	0	0	0	0	0	0	0	0	0
Ryan Flournoy	WR	3	0	0	0	0	0	21	0	2	0	0	0	0	0	0
Isaiah Williams	WR	3	0	0	0	0	0	0	0	0	0	0	0	0	0	0
Brevyn Spann-Ford	TE	3	0	0	0	0	0	0	0	0	0	0	0	0	0	0
Kameron Johnson	WR	3	0	0	0	0	0	0	0	0	0	0	0	0	0	0
Cam Grandy	TE	3	0	0	0	0	0	6	0	1	0	0	0	0	0	0
Colson Yankoff	TE	3	0	0	0	0	0	0	0	0	0	0	0	0	0	0
Bo Nix	QB	3	153	1	0	33	0	0	0	0	0	0	0	0	0	0
Tip Reiman	TE	3	0	0	0	0	0	8	0	2	0	0	0	0	0	0
Blake Corum	RB	3	0	0	0	53	0	0	0	0	0	0	0	0	0	0
Jordan Whittington	WR	3	0	0	0	7	0	7	0	2	0	0	0	0	0	0
Devontez Walker	WR	3	0	0	0	0	0	34	0	1	0	0	0	0	0	0
AJ Barner	TE	3	0	0	0	0	0	23	0	1	0	0	0	0	0	0
Braelon Allen	RB	3	0	0	0	30	0	17	0	2	0	0	0	0	0	0
Rasheen Ali	RB	3	0	0	0	0	0	0	0	0	0	0	0	0	0	0
Isaiah Davis	RB	3	0	0	0	0	0	0	0	0	0	0	0	0	0	0
Anthony Gould	WR	3	0	0	0	0	0	0	0	0	0	0	0	0	0	0
Theo Johnson	TE	3	0	0	0	0	0	10	0	1	0	0	0	0	0	0
Marvin Harrison Jr.	WR	3	0	0	0	0	0	44	0	3	0	0	0	0	0	0
Drake Maye	QB	3	268	2	1	45	0	0	0	0	1	0	0	0	0	0
Troy Franklin	WR	3	0	0	0	0	0	8	0	2	0	0	0	0	0	0
Ray Davis	RB	3	0	0	0	0	0	0	0	0	0	0	0	0	0	0
Malik Washington	WR	3	0	0	0	20	0	12	0	3	0	0	0	0	0	0
Adonai Mitchell	WR	3	0	0	0	0	0	0	0	0	0	0	0	0	0	0
Brian Thomas Jr.	WR	3	0	0	0	0	0	55	0	2	0	0	0	0	0	0
Keon Coleman	WR	3	0	0	0	0	0	20	0	3	0	0	0	0	0	0
Ladd McConkey	WR	3	0	0	0	0	0	41	0	4	0	0	0	0	0	0
Ricky Pearsall	WR	3	0	0	0	0	0	117	0	8	0	0	0	0	0	0
Michael Penix Jr.	QB	3	172	0	2	9	0	0	0	0	0	0	0	0	0	0
Caleb Williams	QB	3	298	4	0	12	0	0	0	0	0	0	0	0	0	0
Rome Odunze	WR	3	0	0	0	0	0	62	1	3	0	0	0	0	0	0
Trey Benson	RB	3	0	0	0	42	0	9	0	3	0	0	0	0	0	0
Savion Williams	WR	3	0	0	0	-1	0	0	0	0	0	0	0	0	0	0
Jacardia Wright	RB	3	0	0	0	20	0	0	0	0	0	0	0	0	0	0
LaJohntay Wester	WR	3	0	0	0	0	0	0	0	0	0	0	0	0	0	0
Brashard Smith	RB	3	0	0	0	13	0	0	0	0	0	0	0	0	0	0
Ashton Jeanty	RB	3	0	0	0	63	0	0	0	0	0	0	0	0	0	0
Tetairoa McMillan	WR	3	0	0	0	0	0	48	0	3	0	0	0	0	0	0
Colston Loveland	TE	3	0	0	0	0	0	31	0	1	0	0	0	0	0	0
Tyler Warren	TE	3	0	0	0	0	0	38	0	3	0	0	0	0	0	0
Emeka Egbuka	WR	3	0	0	0	0	0	85	0	6	0	0	0	0	0	0
Jayden Higgins	WR	3	0	0	0	0	0	5	0	1	0	0	0	0	0	0
Kyle Williams	WR	3	0	0	0	0	0	8	0	1	0	0	0	0	0	0
Jaylin Noel	WR	3	0	0	0	0	0	4	0	1	0	0	0	0	0	0
Tai Felton	WR	3	0	0	0	0	0	9	0	1	0	0	0	0	0	0
Dylan Sampson	RB	3	0	0	0	2	0	0	0	0	0	0	0	0	0	0
Jaylin Lane	WR	3	0	0	0	0	0	-2	0	1	0	0	0	0	0	0
Elic Ayomanor	WR	3	0	0	0	0	0	38	1	4	0	0	0	0	0	0
DJ Giddens	RB	3	0	0	0	3	0	0	0	0	0	0	0	0	0	0
Mitchell Evans	TE	3	0	0	0	0	0	9	0	1	0	0	0	0	0	0
Oronde Gadsden II	TE	3	0	0	0	0	0	46	0	5	0	0	0	0	0	0
Jackson Hawes	TE	3	0	0	0	0	0	5	1	1	0	0	0	0	0	0
Ollie Gordon II	RB	3	0	0	0	38	1	0	0	0	0	0	0	0	0	0
Tahj Brooks	RB	3	0	0	0	17	0	0	0	0	0	0	0	0	0	0
Kyle Monangai	RB	3	0	0	0	16	0	4	0	1	0	0	0	0	0	0
Tez Johnson	WR	3	0	0	0	0	0	0	0	0	0	0	0	0	0	0
LeQuint Allen Jr.	RB	3	0	0	0	0	0	9	0	1	0	0	0	0	0	0
Jacory Croskey-Merritt	RB	3	0	0	0	26	1	5	0	1	0	0	0	0	0	0
Max Brosmer	QB	3	29	0	0	0	0	0	0	0	0	0	0	0	0	0
Myles Price	WR	3	0	0	0	0	0	0	0	0	0	0	0	0	0	0
Ben Yurosek	TE	3	0	0	0	0	0	0	0	0	0	0	0	0	0	0
Nate Carter	RB	3	0	0	0	46	0	0	0	0	0	1	0	0	0	0
Dont'e Thornton Jr.	WR	3	0	0	0	0	0	29	0	2	0	0	0	0	0	0
Arian Smith	WR	3	0	0	0	0	0	2	0	2	0	0	0	0	0	0
Woody Marks	RB	3	0	0	0	27	0	9	0	1	0	0	0	0	0	0
Gunnar Helm	TE	3	0	0	0	0	0	27	0	3	0	0	0	0	0	0
Dalevon Campbell	WR	3	0	0	0	0	0	0	0	0	0	0	0	0	0	0
Trevor Etienne	RB	3	0	0	0	0	0	0	0	0	0	0	0	0	0	0
Tory Horton	WR	3	0	0	0	0	0	32	1	3	0	0	0	0	0	0
Harold Fannin Jr.	TE	3	0	0	0	0	0	25	0	3	0	0	0	0	0	0
Omarion Hampton	RB	3	0	0	0	70	1	59	0	6	0	0	0	0	0	0
Matthew Golden	WR	3	0	0	0	9	0	52	0	4	0	0	0	0	0	0
Isaac TeSlaa	WR	3	0	0	0	0	0	0	0	0	0	0	0	0	0	0
Jalen Milroe	QB	3	0	0	0	3	0	0	0	0	0	0	0	0	0	0
Cam Ward	QB	3	219	1	1	12	0	0	0	0	0	0	0	0	0	0
Jaxson Dart	QB	3	0	0	0	3	0	0	0	0	0	0	0	0	0	0
Chimere Dike	WR	3	0	0	0	3	0	2	0	3	0	0	0	0	0	0
Cam Skattebo	RB	3	0	0	0	60	1	61	0	6	0	0	0	0	0	0
Bhayshul Tuten	RB	3	0	0	0	21	1	0	0	0	0	0	0	0	0	0
Tre Harris	WR	3	0	0	0	0	0	0	0	0	0	0	0	0	0	0
Jack Bech	WR	3	0	0	0	0	0	10	0	1	0	0	0	0	0	0
RJ Harvey	RB	3	0	0	0	2	0	14	0	3	0	0	0	0	0	0
TreVeyon Henderson	RB	3	0	0	0	28	0	19	0	3	0	0	0	0	0	0
Luther Burden III	WR	3	0	0	0	7	0	101	1	3	0	0	0	0	0	0
Mason Taylor	TE	3	0	0	0	0	0	18	0	4	0	0	0	0	0	0
Elijah Arroyo	TE	3	0	0	0	0	0	0	0	0	0	0	0	0	0	0
Tyler Shough	QB	3	0	0	0	0	0	0	0	0	0	0	0	0	0	0
Isaiah Bond	WR	3	0	0	0	0	0	16	0	2	0	0	0	0	0	0
Quinshon Judkins	RB	3	0	0	0	94	1	1	0	1	0	0	0	0	0	0
Aaron Rodgers	QB	4	200	1	0	8	0	0	0	0	0	0	0	0	0	0
Joe Flacco	QB	4	184	0	2	-1	0	0	0	0	1	0	0	0	0	0
Matthew Stafford	QB	4	375	3	0	4	0	0	0	0	0	0	0	0	0	0
Andy Dalton	QB	4	58	1	0	0	0	0	0	0	0	0	0	0	0	0
Russell Wilson	QB	4	8	0	0	0	0	0	0	0	0	0	0	0	0	0
Adam Thielen	WR	4	0	0	0	0	0	11	0	2	0	0	0	0	0	0
Zach Ertz	TE	4	0	0	0	0	0	21	0	2	0	0	0	0	0	1
Keenan Allen	WR	4	0	0	0	0	0	37	0	5	0	0	0	0	0	0
Travis Kelce	TE	4	0	0	0	0	0	48	0	5	0	0	0	0	0	0
DeAndre Hopkins	WR	4	0	0	0	0	0	0	0	0	0	0	0	0	0	0
Geno Smith	QB	4	117	2	3	31	0	0	0	0	0	0	0	0	0	0
Brandin Cooks	WR	4	0	0	0	0	0	22	0	3	0	0	0	0	0	0
Davante Adams	WR	4	0	0	0	0	0	56	1	4	0	0	0	0	0	0
Chris Manhertz	TE	4	0	0	0	0	0	0	0	0	0	0	0	0	0	0
Stefon Diggs	WR	4	0	0	0	0	0	101	0	6	0	0	0	0	0	0
Darren Waller	TE	4	0	0	0	0	0	27	2	3	0	0	0	0	0	0
Raheem Mostert	RB	4	0	0	0	62	0	11	0	1	0	0	0	0	0	0
DeAndre Carter	WR	4	0	0	0	0	0	0	0	0	0	0	0	0	0	0
Tyler Lockett	WR	4	0	0	0	0	0	0	0	0	0	0	0	0	0	0
Marcus Mariota	QB	4	156	2	1	20	0	0	0	0	0	0	0	1	0	0
Sterling Shepard	WR	4	0	0	0	6	0	14	0	2	0	0	0	0	0	0
Austin Hooper	TE	4	0	0	0	0	0	24	0	1	0	0	0	0	0	0
Chris Moore	WR	4	0	0	0	9	0	0	0	0	0	0	0	0	0	0
Kalif Raymond	WR	4	0	0	0	0	0	13	0	2	0	0	0	0	0	0
Derrick Henry	RB	4	0	0	0	42	0	16	0	2	0	0	0	0	0	0
Demarcus Robinson	WR	4	0	0	0	0	0	20	0	1	0	0	0	0	0	0
Carson Wentz	QB	4	350	2	2	12	0	0	0	0	0	0	0	1	0	0
Tyreek Hill	WR	4	0	0	0	0	0	67	0	6	0	0	0	0	0	0
Dak Prescott	QB	4	319	3	0	2	1	0	0	0	0	0	0	0	0	0
Hunter Henry	TE	4	0	0	0	0	0	39	1	2	0	0	0	0	0	0
Jared Goff	QB	4	168	2	1	0	0	0	0	0	0	0	0	0	0	0
Tyler Higbee	TE	4	0	0	0	0	0	25	0	2	0	0	0	0	0	0
Johnny Mundt	TE	4	0	0	0	0	0	0	0	0	0	0	0	0	0	0
Christian McCaffrey	RB	4	0	0	0	49	0	92	1	6	0	0	0	0	0	0
Curtis Samuel	WR	4	0	0	0	0	0	9	0	1	0	0	0	0	0	0
Kendrick Bourne	WR	4	0	0	0	0	0	17	0	1	0	0	0	0	0	0
Tim Patrick	WR	4	0	0	0	0	0	-1	0	1	0	0	0	0	0	0
Samaje Perine	RB	4	0	0	0	4	0	0	0	0	0	0	0	0	0	0
Mack Hollins	WR	4	0	0	0	0	0	4	1	1	0	0	0	0	0	0
Jamal Agnew	WR	4	0	0	0	0	0	0	0	0	0	0	0	0	0	0
Eric Saubert	TE	4	0	0	0	0	0	0	0	0	0	0	0	0	0	0
David Moore	WR	4	0	0	0	12	0	0	0	0	0	0	0	0	0	0
Cooper Rush	QB	4	52	0	0	0	0	0	0	0	0	0	0	0	0	0
Robert Tonyan	TE	4	0	0	0	0	0	0	0	0	0	0	0	0	0	0
JuJu Smith-Schuster	WR	4	0	0	0	0	0	36	1	4	0	0	0	0	0	0
Jonnu Smith	TE	4	0	0	0	0	0	6	0	2	0	0	0	0	0	0
Patrick Mahomes	QB	4	270	4	0	5	0	0	0	0	0	0	0	0	0	0
Evan Engram	TE	4	0	0	0	0	0	29	0	4	0	0	0	0	0	0
David Njoku	TE	4	0	0	0	0	0	11	0	2	0	0	0	0	0	0
Alvin Kamara	RB	4	0	0	0	70	0	2	0	4	0	0	0	0	0	0
Cooper Kupp	WR	4	0	0	0	0	0	26	0	4	0	0	0	0	0	0
Chris Godwin Jr.	WR	4	0	0	0	0	0	26	0	3	0	0	0	0	0	0
Kareem Hunt	RB	4	0	0	0	34	0	13	0	1	0	0	0	0	0	0
Josh Reynolds	WR	4	0	0	0	0	0	0	0	0	0	0	0	0	0	0
Joshua Dobbs	QB	4	0	0	0	-2	0	0	0	0	0	0	0	0	0	0
Jeremy McNichols	RB	4	0	0	0	3	0	0	0	1	0	0	0	0	0	0
Tyler Conklin	TE	4	0	0	0	0	0	3	0	1	0	0	0	0	0	0
Courtland Sutton	WR	4	0	0	0	0	0	81	1	5	0	0	0	0	0	0
Dallas Goedert	TE	4	0	0	0	0	0	37	2	4	0	0	0	0	0	0
Ian Thomas	TE	4	0	0	0	0	0	0	0	0	0	0	0	0	0	0
Dalton Schultz	TE	4	0	0	0	0	0	30	0	5	0	0	0	0	0	0
Ray-Ray McCloud	WR	4	0	0	0	0	0	-7	0	1	0	0	0	0	0	0
Allen Lazard	WR	4	0	0	0	0	0	8	0	1	0	0	0	0	0	0
Kyle Allen	QB	4	0	0	0	-2	0	0	0	0	0	0	0	0	0	0
Mark Andrews	TE	4	0	0	0	0	0	30	0	7	0	0	0	0	0	0
Christian Kirk	WR	4	0	0	0	0	0	20	0	3	0	0	0	0	0	0
Nick Chubb	RB	4	0	0	0	47	0	15	0	2	0	0	0	0	0	0
Lamar Jackson	QB	4	147	1	1	48	0	0	0	0	1	0	0	0	0	0
DJ Moore	WR	4	0	0	0	0	0	38	0	4	0	0	0	0	0	0
Mike Gesicki	TE	4	0	0	0	0	0	8	0	1	0	0	0	0	0	0
Calvin Ridley	WR	4	0	0	0	0	0	30	0	2	0	0	0	0	0	0
Saquon Barkley	RB	4	0	0	0	43	1	31	0	4	0	0	0	0	0	0
Baker Mayfield	QB	4	289	2	1	13	0	0	0	0	0	0	0	0	0	0
Josh Allen	QB	4	209	2	1	45	1	0	0	0	0	0	0	0	0	0
Sam Darnold	QB	4	242	1	0	24	0	0	0	0	0	0	0	0	0	0
Jakobi Meyers	WR	4	0	0	0	0	0	30	0	4	0	0	0	0	0	0
Justice Hill	RB	4	0	0	0	76	1	41	1	5	0	0	0	0	0	0
Hunter Renfrow	WR	4	0	0	0	0	0	10	0	2	0	0	0	0	0	0
Ashton Dulin	WR	4	0	0	0	7	0	11	0	1	0	0	0	0	0	0
Jake Browning	QB	4	125	0	0	4	0	0	0	0	0	0	0	0	0	0
Olamide Zaccheaus	WR	4	0	0	0	0	0	41	0	5	0	0	0	0	0	0
Kyler Murray	QB	4	200	2	2	41	0	0	0	0	0	0	0	0	0	0
T.J. Hockenson	TE	4	0	0	0	0	0	39	0	4	0	0	0	0	0	0
Miles Sanders	RB	4	0	0	0	8	0	17	0	2	0	0	0	0	0	0
Josh Oliver	TE	4	0	0	0	0	0	0	0	0	0	0	0	0	0	0
Devin Singletary	RB	4	0	0	0	28	0	0	0	0	0	0	0	0	0	0
Tony Pollard	RB	4	0	0	0	64	0	12	0	3	0	0	0	0	0	0
Gardner Minshew	QB	4	0	0	0	-3	0	0	0	0	0	0	0	0	0	0
Scott Miller	WR	4	0	0	0	0	0	0	0	0	0	0	0	0	0	0
Greg Dortch	WR	4	0	0	0	4	0	35	0	4	0	0	0	0	0	0
Darius Slayton	WR	4	0	0	0	0	0	44	0	3	0	0	0	0	0	0
Ty Johnson	RB	4	0	0	0	0	0	0	0	0	0	0	0	0	0	0
Craig Reynolds	RB	4	0	0	0	0	0	0	0	0	0	0	0	0	0	0
DK Metcalf	WR	4	0	0	0	0	0	126	1	5	0	0	0	0	0	0
Gunner Olszewski	WR	4	0	0	0	0	0	0	0	0	0	0	0	0	0	0
Marquise Brown	WR	4	0	0	0	0	0	38	1	3	0	0	0	0	0	0
A.J. Brown	WR	4	0	0	0	0	0	7	0	2	0	0	0	0	0	0
David Montgomery	RB	4	0	0	0	12	0	0	0	0	0	0	0	0	0	0
Dawson Knox	TE	4	0	0	0	0	0	0	0	0	0	0	0	0	0	0
Josh Jacobs	RB	4	0	0	0	86	2	71	0	4	0	0	0	0	0	0
Daniel Jones	QB	4	262	1	2	-1	0	0	0	0	0	0	0	0	0	0
Deebo Samuel Sr.	WR	4	0	0	0	9	0	72	1	6	0	0	0	0	0	0
Juwan Johnson	TE	4	0	0	0	0	0	28	0	3	0	0	0	0	0	0
Rico Dowdle	RB	4	0	0	0	32	0	-2	0	1	0	0	0	0	0	0
J.K. Dobbins	RB	4	0	0	0	101	0	4	0	1	0	0	0	0	0	0
Nick Westbrook-Ikhine	WR	4	0	0	0	0	0	1	0	1	0	0	0	0	0	0
Tua Tagovailoa	QB	4	177	2	0	6	0	0	0	0	0	0	0	0	0	0
Jonathan Taylor	RB	4	0	0	0	76	0	20	0	5	0	0	0	0	0	0
Colby Parkinson	TE	4	0	0	0	0	0	17	0	2	0	0	0	0	0	0
Michael Pittman	WR	4	0	0	0	0	0	41	1	5	0	0	0	0	0	0
Jauan Jennings	WR	4	0	0	0	0	0	24	0	2	0	0	0	0	0	1
Jordan Love	QB	4	337	3	0	28	0	0	0	0	1	0	0	0	0	0
AJ Dillon	RB	4	0	0	0	17	0	0	0	0	0	0	0	0	0	0
D'Andre Swift	RB	4	0	0	0	38	1	22	0	4	0	0	0	0	0	0
Cole Kmet	TE	4	0	0	0	0	0	46	0	3	0	0	0	0	0	0
Darnell Mooney	WR	4	0	0	0	0	0	15	0	1	0	0	0	0	0	0
Justin Jefferson	WR	4	0	0	0	0	0	126	0	10	0	0	0	0	0	0
Antonio Gibson	RB	4	0	0	0	27	1	0	0	0	0	0	0	0	0	0
Devin Duvernay	WR	4	0	0	0	0	0	0	0	0	0	0	0	0	0	0
Justin Herbert	QB	4	203	1	2	24	0	0	0	0	0	0	0	0	1	0
Jalen Hurts	QB	4	130	2	0	62	0	0	0	0	0	0	0	0	0	0
Jerry Jeudy	WR	4	0	0	0	0	0	48	0	3	0	0	0	0	0	0
Tee Higgins	WR	4	0	0	0	0	0	32	0	3	0	0	0	0	0	0
Van Jefferson	WR	4	0	0	0	0	0	6	0	1	0	0	0	0	0	0
Adam Trautman	TE	4	0	0	0	0	0	32	0	2	0	0	0	0	0	0
Rashod Bateman	WR	4	0	0	0	0	0	24	0	1	0	0	0	0	0	0
Nico Collins	WR	4	0	0	0	0	0	79	0	4	0	0	0	0	0	0
Chuba Hubbard	RB	4	0	0	0	49	0	20	0	3	0	0	0	0	0	0
Quintin Morris	TE	4	0	0	0	0	0	0	0	0	0	0	0	0	0	0
Jaylen Waddle	WR	4	0	0	0	0	0	48	0	3	0	0	0	0	0	0
Tylan Wallace	WR	4	0	0	0	0	0	14	0	1	0	0	0	0	0	0
Noah Gray	TE	4	0	0	0	0	0	1	0	1	0	0	0	0	0	0
Simi Fehoko	WR	4	0	0	0	0	0	0	0	0	0	0	0	0	0	0
Jack Stoll	TE	4	0	0	0	0	0	7	0	1	0	0	0	0	0	0
Brock Wright	TE	4	0	0	0	0	0	0	0	0	0	0	0	0	0	0
Feleipe Franks	TE	4	0	0	0	0	0	0	0	0	0	0	0	0	0	0
Tutu Atwell	WR	4	0	0	0	0	0	88	1	1	0	0	0	0	0	0
Ben Skowronek	WR	4	0	0	0	0	0	0	0	0	0	0	0	0	0	0
Rhamondre Stevenson	RB	4	0	0	0	38	0	3	0	1	0	0	0	0	0	0
Kylen Granson	TE	4	0	0	0	0	0	0	0	0	0	0	0	0	0	0
Luke Farrell	TE	4	0	0	0	0	0	20	0	2	0	0	1	0	0	0
Ja'Marr Chase	WR	4	0	0	0	0	0	23	0	5	0	0	0	0	0	0
DeVonta Smith	WR	4	0	0	0	0	0	29	0	2	0	0	0	0	0	0
Kenny Gainwell	RB	4	0	0	0	99	2	35	0	6	0	0	0	0	0	0
Michael Carter	RB	4	0	0	0	1	0	0	0	0	0	0	0	0	0	0
Justin Fields	QB	4	226	1	0	81	1	0	0	0	1	0	0	0	1	0
Amon-Ra St. Brown	WR	4	0	0	0	0	0	70	2	7	0	0	0	0	0	0
Kyle Pitts	TE	4	0	0	0	0	0	70	1	5	0	0	0	0	0	0
Trevor Lawrence	QB	4	174	1	0	7	0	0	0	0	0	0	0	0	0	0
Travis Etienne	RB	4	0	0	0	124	1	1	0	1	0	0	0	0	0	0
Elijah Moore	WR	4	0	0	0	0	0	0	0	0	0	0	0	0	0	0
Trey Sermon	RB	4	0	0	0	0	0	0	0	0	0	0	0	0	0	0
Josh Palmer	WR	4	0	0	0	0	0	25	0	2	0	0	0	0	0	0
Javonte Williams	RB	4	0	0	0	85	1	15	0	3	0	0	0	0	0	0
Hunter Long	TE	4	0	0	0	0	0	23	1	3	0	0	0	0	0	0
Tommy Tremble	TE	4	0	0	0	0	0	42	1	5	0	0	0	0	0	0
Tyler Badie	RB	4	0	0	0	0	0	11	0	1	0	0	0	0	0	0
Grant Calcaterra	TE	4	0	0	0	0	0	16	0	1	0	0	0	0	0	0
Bo Melton	WR	4	0	0	0	0	0	0	0	0	0	0	0	0	0	0
Dareke Young	WR	4	0	0	0	0	0	0	0	0	0	0	0	0	0	0
Jake Tonges	TE	4	0	0	0	0	0	58	1	3	0	0	0	0	0	0
Tyler Goodson	RB	4	0	0	0	0	0	0	0	1	0	0	0	0	0	0
Bam Knight	RB	4	0	0	0	0	0	0	0	0	0	0	0	0	0	0
Isiah Pacheco	RB	4	0	0	0	35	0	13	1	2	0	0	0	0	0	0
Drake London	WR	4	0	0	0	0	0	110	1	8	0	0	0	0	0	0
Chris Olave	WR	4	0	0	1	0	0	20	1	3	0	0	0	0	0	0
Jameson Williams	WR	4	0	0	0	-3	0	40	0	2	0	0	0	0	0	0
George Pickens	WR	4	0	0	0	0	0	134	2	8	0	0	0	0	0	0
James Cook	RB	4	0	0	0	117	1	18	0	3	0	0	0	0	0	0
Rachaad White	RB	4	0	0	0	17	0	29	0	4	0	0	0	0	0	0
Khalil Shakir	WR	4	0	0	0	0	0	69	1	5	0	0	0	0	0	0
Tyler Allgeier	RB	4	0	0	0	51	1	0	0	0	0	0	0	0	0	0
Jerome Ford	RB	4	0	0	0	-1	0	4	0	1	0	0	0	0	0	0
James Mitchell	TE	4	0	0	0	0	0	17	0	2	0	0	0	0	0	0
Jalen Nailor	WR	4	0	0	0	0	0	2	1	1	0	0	0	0	0	1
Andrew Ogletree	TE	4	0	0	0	0	0	0	0	0	0	0	0	0	0	0
Tanner Conner	TE	4	0	0	0	0	0	0	0	0	0	0	0	0	0	0
Tay Martin	WR	4	0	0	0	0	0	14	0	1	0	0	0	0	0	0
Jordan Mason	RB	4	0	0	0	57	0	15	0	3	0	0	0	0	0	0
Rashid Shaheed	WR	4	0	0	0	5	0	47	0	4	0	0	0	0	0	0
Julius Chestnut	RB	4	0	0	0	0	0	0	0	0	0	0	0	0	0	0
John Metchie III	WR	4	0	0	0	0	0	10	0	2	0	0	0	0	0	0
Hassan Haskins	RB	4	0	0	0	0	0	0	0	0	0	0	0	0	0	0
Tucker Fisk	TE	4	0	0	0	0	0	0	0	0	0	0	0	0	0	0
Jalen Tolbert	WR	4	0	0	0	0	0	61	0	4	0	0	0	0	0	0
Garrett Wilson	WR	4	0	0	0	0	0	82	1	6	0	0	0	0	0	0
Jahan Dotson	WR	4	0	0	0	0	0	0	0	0	0	0	0	0	0	0
Trey McBride	TE	4	0	0	0	0	0	52	0	7	0	0	0	0	0	0
Velus Jones Jr.	WR	4	0	0	0	0	0	0	0	0	0	0	0	0	0	0
Brian Robinson	RB	4	0	0	0	21	0	0	0	0	0	0	0	0	0	0
KaVontae Turpin	WR	4	0	0	0	4	0	30	0	3	0	0	0	0	0	0
Jeremy Ruckert	TE	4	0	0	0	0	0	23	0	1	0	0	0	0	0	0
Chig Okonkwo	TE	4	0	0	0	0	0	4	0	1	0	0	0	0	0	0
Romeo Doubs	WR	4	0	0	0	0	0	58	3	6	0	0	0	0	0	0
Brock Purdy	QB	4	309	2	2	13	0	0	0	0	1	0	0	1	0	0
Calvin Austin III	WR	4	0	0	0	0	0	13	0	2	0	0	0	0	0	0
Kyren Williams	RB	4	0	0	0	77	0	17	0	3	0	1	0	0	0	0
Jake Ferguson	TE	4	0	0	0	0	0	40	1	7	0	0	0	0	0	0
Skyy Moore	WR	4	0	0	0	0	0	0	0	0	0	0	0	0	0	0
Tyquan Thornton	WR	4	0	0	0	0	0	11	1	1	0	0	0	0	0	0
Daniel Bellinger	TE	4	0	0	0	0	0	13	0	1	0	0	0	0	0	0
Wan'Dale Robinson	WR	4	0	0	0	0	0	14	0	3	0	0	0	0	0	0
Breece Hall	RB	4	0	0	0	81	0	30	0	5	0	0	0	0	0	0
Cade Otton	TE	4	0	0	0	0	0	9	0	3	0	0	0	0	0	0
Kenneth Walker III	RB	4	0	0	0	81	0	29	0	1	0	0	0	0	0	0
Xavier Smith	WR	4	0	0	0	0	0	0	0	0	0	0	0	0	0	0
Dontayvion Wicks	WR	4	0	0	0	0	0	19	0	2	0	0	0	0	0	0
Zavier Scott	RB	4	0	0	0	1	0	43	1	6	0	0	0	0	0	0
Malik Heath	WR	4	0	0	0	0	0	9	0	1	0	0	0	0	0	0
Nikko Remigio	WR	4	0	0	0	0	0	0	0	0	0	0	0	0	0	0
Bijan Robinson	RB	4	0	0	0	75	1	106	0	4	0	0	0	0	0	0
Jaxon Smith-Njigba	WR	4	0	0	0	11	0	79	0	4	0	0	0	0	0	0
Quentin Johnston	WR	4	0	0	0	0	0	98	1	8	0	0	0	0	0	0
Luke Schoonmaker	TE	4	0	0	0	0	0	8	0	2	0	0	0	0	0	0
Kendre Miller	RB	4	0	0	0	65	1	0	0	0	0	0	0	0	0	0
Tank Bigsby	RB	4	0	0	0	0	0	0	0	0	0	0	0	0	0	0
Darnell Washington	TE	4	0	0	0	0	0	20	0	3	0	0	0	0	0	0
Michael Wilson	WR	4	0	0	0	0	0	15	0	3	0	0	0	0	0	0
Tre Tucker	WR	4	0	0	0	9	0	13	0	2	0	0	0	0	0	0
Cameron Latu	TE	4	0	0	0	0	0	0	0	0	0	0	0	0	0	0
Charlie Jones	WR	4	0	0	0	0	0	0	0	0	0	0	0	0	0	0
Justin Shorter	TE	4	0	0	0	0	0	0	0	0	0	0	0	0	0	0
Chase Brown	RB	4	0	0	0	40	0	31	0	3	0	0	0	0	0	0
Parker Washington	WR	4	0	0	0	-1	0	0	0	0	0	0	0	0	0	0
Kayshon Boutte	WR	4	0	0	0	0	0	18	0	1	0	0	0	0	0	0
Chris Rodriguez Jr.	RB	4	0	0	0	59	0	0	0	0	0	0	0	0	0	0
Xavier Hutchinson	WR	4	0	0	0	0	0	17	0	2	0	0	0	0	0	0
Andrei Iosivas	WR	4	0	0	0	5	0	22	0	1	0	0	0	0	0	0
Brayden Willis	TE	4	0	0	0	0	0	0	0	0	0	0	0	0	0	0
Tyrell Shavers	WR	4	0	0	0	0	0	0	0	0	0	0	0	0	0	0
Chris Brooks	RB	4	0	0	0	0	0	1	0	1	0	0	0	0	0	0
Emari Demercado	RB	4	0	0	0	8	0	13	1	2	0	0	0	0	0	0
Blake Whiteheart	TE	4	0	0	0	0	0	0	0	0	0	0	0	0	0	0
Julian Hill	TE	4	0	0	0	0	0	19	0	1	0	0	0	0	0	0
Hunter Luepke	RB	4	0	0	0	6	0	0	0	0	0	0	0	0	0	0
Jake Bobo	WR	4	0	0	0	0	0	17	0	1	0	0	0	0	0	0
Nate Adkins	TE	4	0	0	0	0	0	5	0	2	0	0	0	0	0	0
Emanuel Wilson	RB	4	0	0	0	44	0	37	0	3	0	0	0	0	0	0
Mitchell Tinsley	WR	4	0	0	0	0	0	9	0	1	0	0	0	0	0	0
Brycen Tremayne	WR	4	0	0	0	0	0	36	0	3	0	0	0	0	0	0
Jacob Saylors	RB	4	0	0	0	11	0	0	0	0	0	0	0	0	0	0
Dalton Kincaid	TE	4	0	0	0	0	0	28	1	1	0	0	0	0	0	0
Brenton Strange	TE	4	0	0	0	0	0	45	0	6	0	0	0	0	0	0
Sean Tucker	RB	4	0	0	0	0	0	0	0	0	0	0	0	0	0	0
Marvin Mims Jr.	WR	4	0	0	0	16	1	69	0	6	0	0	0	0	0	0
Cedric Tillman	WR	4	0	0	0	0	0	6	0	1	0	0	0	0	0	0
Jordan Addison	WR	4	0	0	0	0	0	114	0	4	0	0	0	0	0	0
Tucker Kraft	TE	4	0	0	0	0	0	56	0	5	0	0	0	0	0	0
Josh Downs	WR	4	0	0	0	0	0	24	0	4	0	0	0	0	0	0
Roschon Johnson	RB	4	0	0	0	0	0	0	0	0	0	0	0	0	0	0
De'Von Achane	RB	4	0	0	0	99	1	2	0	1	0	0	0	0	0	0
Elijah Higgins	TE	4	0	0	0	0	0	0	0	0	0	0	0	0	0	0
Payne Durham	TE	4	0	0	0	0	0	0	0	0	0	0	0	0	0	0
Zay Flowers	WR	4	0	0	0	0	0	74	0	7	0	0	0	0	0	0
Sam LaPorta	TE	4	0	0	0	0	0	39	0	3	0	0	0	0	0	0
Davis Allen	TE	4	0	0	0	0	0	0	0	1	0	0	0	0	0	0
Puka Nacua	WR	4	0	0	0	0	0	170	1	13	0	0	0	0	0	0
Jahmyr Gibbs	RB	4	0	0	0	91	1	6	0	2	0	0	0	0	0	0
Luke Musgrave	TE	4	0	0	0	0	0	6	0	1	0	0	0	0	0	0
Bryce Young	QB	4	150	1	0	3	0	0	0	0	0	0	0	0	0	0
C.J. Stroud	QB	4	233	2	0	11	0	0	0	0	0	0	0	0	0	0
Zach Charbonnet	RB	4	0	0	0	39	1	5	0	2	0	0	0	0	0	0
George Holani	RB	4	0	0	0	0	0	0	0	0	0	0	0	0	0	0
Malik Nabers	WR	4	0	0	0	0	0	20	0	2	0	0	0	0	0	0
Brock Bowers	TE	4	0	0	0	0	0	46	0	5	0	0	0	0	0	0
Luke McCaffrey	WR	4	0	0	0	0	0	21	1	2	0	0	0	0	0	0
Bucky Irving	RB	4	0	0	0	63	0	102	1	5	0	1	0	0	0	0
Spencer Rattler	QB	4	126	1	0	49	0	0	0	0	0	0	0	0	0	0
Kimani Vidal	RB	4	0	0	0	0	0	0	0	0	0	0	0	0	0	0
Casey Washington	WR	4	0	0	0	0	0	19	0	1	0	0	0	0	0	0
Dylan Laube	RB	4	0	0	0	0	0	0	0	0	0	0	0	0	0	0
Ryan Flournoy	WR	4	0	0	0	12	0	14	0	2	0	0	0	0	0	0
Isaiah Williams	WR	4	0	0	0	0	0	0	0	0	0	0	0	0	0	0
Xavier Weaver	WR	4	0	0	0	0	0	0	0	0	0	0	0	0	0	0
Kameron Johnson	WR	4	0	0	0	0	0	0	0	0	0	0	0	0	0	0
Colson Yankoff	TE	4	0	0	0	0	0	0	0	0	0	0	0	0	0	0
Bo Nix	QB	4	326	2	1	7	1	0	0	0	0	0	0	0	0	0
Blake Corum	RB	4	0	0	0	21	0	-5	0	2	0	0	0	0	0	0
Will Shipley	RB	4	0	0	0	0	0	0	0	0	0	0	0	0	0	0
Jordan Whittington	WR	4	0	0	0	0	0	7	0	1	0	0	0	0	0	0
Devin Culp	TE	4	0	0	0	0	0	0	0	0	0	0	0	0	0	0
Devontez Walker	WR	4	0	0	0	0	0	0	0	0	0	0	0	0	0	0
AJ Barner	TE	4	0	0	0	0	0	32	1	3	0	0	0	0	0	0
Braelon Allen	RB	4	0	0	0	26	0	0	0	0	0	1	0	0	0	0
Rasheen Ali	RB	4	0	0	0	0	0	0	0	0	0	0	0	0	0	0
Isaiah Davis	RB	4	0	0	0	9	0	18	0	2	0	0	0	0	0	0
Anthony Gould	WR	4	0	0	0	0	0	0	0	0	0	0	0	0	0	0
Theo Johnson	TE	4	0	0	0	0	0	17	1	3	0	0	0	0	0	0
Marvin Harrison Jr.	WR	4	0	0	0	0	0	66	1	6	0	0	0	0	0	0
Drake Maye	QB	4	203	2	0	11	1	0	0	0	0	0	0	0	0	0
Troy Franklin	WR	4	0	0	0	0	0	55	0	4	0	0	0	0	0	0
Ray Davis	RB	4	0	0	0	3	0	0	0	0	0	0	0	0	0	0
Malik Washington	WR	4	0	0	0	8	0	13	0	2	0	0	0	0	0	0
Adonai Mitchell	WR	4	0	0	0	0	0	96	0	3	0	0	1	0	0	0
Brian Thomas Jr.	WR	4	0	0	0	7	0	49	0	5	0	0	0	0	0	0
Xavier Worthy	WR	4	0	0	0	38	0	83	0	5	0	0	0	0	0	0
Keon Coleman	WR	4	0	0	0	0	0	45	0	3	0	0	0	0	0	0
Ben Sinnott	TE	4	0	0	0	0	0	0	0	0	0	0	0	0	0	0
Ladd McConkey	WR	4	0	0	0	0	0	11	0	1	0	0	0	0	0	0
Ricky Pearsall	WR	4	0	0	0	0	0	46	0	4	0	0	0	0	0	0
Michael Penix Jr.	QB	4	313	2	1	2	0	0	0	0	0	0	0	0	0	0
Caleb Williams	QB	4	212	1	1	13	0	0	0	0	0	0	0	0	0	0
Rome Odunze	WR	4	0	0	0	0	0	69	1	4	0	0	0	0	0	0
Trey Benson	RB	4	0	0	0	35	0	19	0	5	0	0	0	0	0	0
Savion Williams	WR	4	0	0	0	1	0	22	0	3	0	0	0	0	0	0
Brashard Smith	RB	4	0	0	0	9	0	27	0	3	0	0	0	0	0	0
Ashton Jeanty	RB	4	0	0	0	138	1	17	2	2	0	1	0	0	0	0
Tetairoa McMillan	WR	4	0	0	0	0	0	62	0	4	0	0	0	0	0	0
Tyler Warren	TE	4	0	0	0	3	1	70	0	5	0	0	0	0	0	0
Emeka Egbuka	WR	4	0	0	0	0	0	101	1	4	0	0	0	0	0	0
Jayden Higgins	WR	4	0	0	0	0	0	24	1	1	0	0	0	0	0	0
Kyle Williams	WR	4	0	0	0	-2	0	0	0	0	0	0	0	0	0	0
Pat Bryant	WR	4	0	0	0	0	0	0	0	0	0	0	0	0	0	0
Jaylin Noel	WR	4	0	0	0	2	0	-2	0	1	0	0	0	0	0	0
Kaleb Johnson	RB	4	0	0	0	22	0	0	0	0	0	0	0	0	0	0
Tai Felton	WR	4	0	0	0	0	0	0	0	0	0	0	0	0	0	0
Dylan Sampson	RB	4	0	0	0	-2	0	0	0	0	0	0	0	0	0	0
Jaylin Lane	WR	4	0	0	0	0	0	18	0	2	0	0	0	0	0	0
Elic Ayomanor	WR	4	0	0	0	0	0	44	0	2	0	0	0	0	0	0
KeAndre Lambert-Smith	WR	4	0	0	0	0	0	0	0	0	0	0	0	0	0	0
Mitchell Evans	TE	4	0	0	0	0	0	23	1	3	0	0	0	0	0	0
Oronde Gadsden II	TE	4	0	0	0	0	0	16	0	2	0	0	0	0	0	0
Jackson Hawes	TE	4	0	0	0	0	0	15	0	1	0	0	0	0	0	0
Ollie Gordon II	RB	4	0	0	0	10	0	0	0	0	0	0	0	0	0	0
Tahj Brooks	RB	4	0	0	0	0	0	0	0	0	0	0	0	0	0	0
Kyle Monangai	RB	4	0	0	0	18	0	0	0	0	0	0	0	0	0	0
Tez Johnson	WR	4	0	0	0	5	0	8	0	1	0	0	0	0	0	0
LeQuint Allen Jr.	RB	4	0	0	0	0	0	7	0	1	0	0	0	0	0	0
Jacory Croskey-Merritt	RB	4	0	0	0	47	0	10	0	2	0	0	0	0	0	0
Jahdae Walker	WR	4	0	0	0	0	0	0	0	0	0	0	0	0	0	0
Myles Price	WR	4	0	0	0	0	0	0	0	0	0	0	0	0	0	0
Dont'e Thornton Jr.	WR	4	0	0	0	0	0	0	0	0	0	0	0	0	0	0
Woody Marks	RB	4	0	0	0	69	1	50	1	4	0	0	0	0	0	0
Gunnar Helm	TE	4	0	0	0	0	0	12	0	1	0	0	0	0	0	0
Trevor Etienne	RB	4	0	0	0	33	0	0	0	0	0	0	0	0	0	0
Jalen Royals	WR	4	0	0	0	0	0	0	0	0	0	0	0	0	0	0
Tory Horton	WR	4	0	0	0	0	0	10	0	1	0	0	0	0	0	0
Harold Fannin Jr.	TE	4	0	0	0	1	0	24	0	2	0	0	0	0	0	0
Omarion Hampton	RB	4	0	0	0	128	1	37	0	5	0	0	0	0	0	0
Matthew Golden	WR	4	0	0	0	5	0	58	0	5	0	0	0	0	0	0
Cam Ward	QB	4	108	0	1	22	0	0	0	0	0	0	0	0	0	0
Jaxson Dart	QB	4	111	1	0	54	1	0	0	0	0	0	0	0	0	0
Dillon Gabriel	QB	4	0	0	0	0	0	0	0	0	0	0	0	0	0	0
Chimere Dike	WR	4	0	0	0	-4	0	0	0	0	0	0	0	0	0	0
Cam Skattebo	RB	4	0	0	0	79	0	11	0	2	0	0	0	0	1	0
Bhayshul Tuten	RB	4	0	0	0	14	0	8	0	1	0	0	0	0	0	0
Tre Harris	WR	4	0	0	0	0	0	0	0	0	0	0	0	0	0	0
Jack Bech	WR	4	0	0	0	0	0	0	0	0	0	0	0	0	0	0
RJ Harvey	RB	4	0	0	0	58	0	40	1	4	0	0	0	0	0	0
TreVeyon Henderson	RB	4	0	0	0	32	1	14	0	2	0	0	0	0	0	0
Luther Burden III	WR	4	0	0	0	0	0	-4	0	2	0	0	0	0	0	0
Mason Taylor	TE	4	0	0	0	0	0	65	0	5	0	0	0	0	0	0
Elijah Arroyo	TE	4	0	0	0	0	0	44	0	2	0	0	0	0	0	0
Isaiah Bond	WR	4	0	0	0	0	0	58	0	3	0	0	0	0	0	0
Quinshon Judkins	RB	4	0	0	0	82	1	33	0	4	0	0	0	0	0	0
Matthew Stafford	QB	5	389	3	0	0	0	0	0	0	0	1	0	0	0	0
Zach Ertz	TE	5	0	0	0	0	0	0	0	0	0	0	0	0	0	0
Keenan Allen	WR	5	0	0	0	0	0	58	0	5	0	0	0	0	0	0
Travis Kelce	TE	5	0	0	0	0	0	61	1	7	0	0	0	0	0	0
DeAndre Hopkins	WR	5	0	0	0	0	0	46	0	2	0	0	0	0	0	0
Geno Smith	QB	5	228	0	2	8	0	0	0	0	0	0	0	0	0	0
Brandin Cooks	WR	5	0	0	0	0	0	5	0	1	0	0	0	0	0	0
Davante Adams	WR	5	0	0	0	0	0	88	0	5	0	0	0	0	0	0
Stefon Diggs	WR	5	0	0	0	0	0	146	0	10	0	0	0	0	0	0
Darren Waller	TE	5	0	0	0	0	0	78	1	5	0	0	0	0	0	0
Raheem Mostert	RB	5	0	0	0	22	0	0	0	0	0	0	0	0	0	0
Ameer Abdullah	RB	5	0	0	0	6	1	0	0	0	0	0	0	0	0	0
Tyler Lockett	WR	5	0	0	0	0	0	6	0	1	0	0	0	0	0	0
Sterling Shepard	WR	5	0	0	0	-5	0	24	1	4	0	0	0	0	0	0
Chris Moore	WR	5	0	0	0	0	0	0	0	0	0	0	0	0	0	0
Kalif Raymond	WR	5	0	0	0	0	0	0	0	0	0	0	0	0	0	0
Derrick Henry	RB	5	0	0	0	33	1	0	0	0	0	0	0	0	0	0
Demarcus Robinson	WR	5	0	0	0	0	0	39	0	3	0	0	0	0	0	0
Carson Wentz	QB	5	236	1	0	13	0	0	0	0	0	0	0	0	0	0
Dak Prescott	QB	5	237	4	0	28	0	0	0	0	0	0	0	0	0	0
Hunter Henry	TE	5	0	0	0	0	0	46	0	2	0	0	0	0	0	0
Jared Goff	QB	5	258	3	0	-2	0	0	0	0	1	0	0	0	0	0
Jacoby Brissett	QB	5	0	0	0	0	0	0	0	0	0	0	0	0	0	0
Johnny Mundt	TE	5	0	0	0	0	0	7	0	1	0	0	0	0	0	0
Christian McCaffrey	RB	5	0	0	0	57	0	82	1	8	0	0	0	0	0	0
Curtis Samuel	WR	5	0	0	0	0	0	26	1	2	0	0	0	0	0	0
Kendrick Bourne	WR	5	0	0	0	0	0	142	0	10	0	0	0	0	0	0
Taysom Hill	TE	5	19	0	0	-1	0	0	0	0	0	0	0	0	0	0
Tim Patrick	WR	5	0	0	0	0	0	0	0	0	0	0	0	0	0	0
Samaje Perine	RB	5	0	0	0	27	0	2	0	2	0	0	0	0	0	0
Cooper Rush	QB	5	179	0	3	0	0	0	0	0	0	0	0	0	0	0
Dare Ogunbowale	RB	5	0	0	0	0	0	0	0	0	0	0	0	0	0	0
JuJu Smith-Schuster	WR	5	0	0	0	0	0	17	0	2	0	0	0	0	0	0
Patrick Mahomes	QB	5	318	1	1	60	1	0	0	0	0	0	0	0	0	0
Evan Engram	TE	5	0	0	0	0	0	33	1	4	0	0	0	0	0	0
David Njoku	TE	5	0	0	0	0	0	67	1	6	0	0	0	0	0	0
Zay Jones	WR	5	0	0	0	0	0	8	0	2	0	0	0	0	0	0
Alvin Kamara	RB	5	0	0	0	27	0	28	0	4	0	0	0	0	0	0
Cooper Kupp	WR	5	0	0	0	0	0	59	0	6	0	0	0	0	0	0
Chris Godwin Jr.	WR	5	0	0	0	0	0	26	0	3	0	0	0	0	0	0
Kareem Hunt	RB	5	0	0	0	49	2	8	0	1	0	0	0	0	0	0
Josh Reynolds	WR	5	0	0	0	0	0	29	0	3	0	0	0	0	0	1
Jeremy McNichols	RB	5	0	0	0	6	0	12	0	1	0	0	0	0	0	0
Tyler Conklin	TE	5	0	0	0	0	0	30	0	2	0	0	0	0	0	0
Marquez Valdes-Scantling	WR	5	0	0	0	0	0	9	0	1	0	0	0	0	0	0
Courtland Sutton	WR	5	0	0	0	0	0	99	0	8	0	0	0	0	0	0
Dallas Goedert	TE	5	0	0	0	0	0	19	1	3	0	0	0	0	0	0
Ian Thomas	TE	5	0	0	0	0	0	20	0	3	0	0	0	0	0	0
Dalton Schultz	TE	5	0	0	0	0	0	60	0	5	0	0	0	0	0	0
Trent Sherfield	WR	5	0	0	0	0	0	15	0	1	0	0	0	0	0	0
Allen Lazard	WR	5	0	0	0	0	0	3	0	1	0	0	0	0	0	0
Mark Andrews	TE	5	0	0	0	0	0	22	0	2	0	0	0	0	0	0
Christian Kirk	WR	5	0	0	0	0	0	64	0	4	0	0	0	0	0	0
Nick Chubb	RB	5	0	0	0	61	1	0	0	0	0	0	0	0	0	0
Mike Gesicki	TE	5	0	0	0	0	0	15	0	2	0	0	0	0	0	0
Calvin Ridley	WR	5	0	0	0	0	0	131	0	5	0	0	0	0	0	0
Saquon Barkley	RB	5	0	0	0	30	0	58	1	3	0	0	0	0	0	0
Baker Mayfield	QB	5	379	2	0	15	0	0	0	0	0	0	0	1	0	0
Josh Allen	QB	5	253	2	1	53	0	0	0	0	0	1	0	0	0	0
Malik Turner	WR	5	0	0	0	0	0	0	0	0	0	0	0	0	0	0
Sam Darnold	QB	5	341	4	1	0	0	0	0	0	0	0	0	0	0	0
Jakobi Meyers	WR	5	0	0	0	0	0	32	0	4	0	0	0	0	0	0
Justice Hill	RB	5	0	0	0	3	0	9	0	1	0	0	0	0	0	0
Hunter Renfrow	WR	5	0	0	0	0	0	7	0	1	0	0	0	0	0	0
Ashton Dulin	WR	5	0	0	0	0	0	55	0	2	0	0	0	0	0	0
Jake Browning	QB	5	251	3	3	31	0	0	0	0	0	0	0	0	0	0
Kyler Murray	QB	5	220	0	0	25	1	0	0	0	0	1	0	0	0	0
T.J. Hockenson	TE	5	0	0	0	0	0	38	0	6	0	0	0	0	0	0
Josh Oliver	TE	5	0	0	0	0	0	35	1	2	0	0	0	0	0	0
Devin Singletary	RB	5	0	0	0	20	0	4	0	1	0	0	0	0	0	0
Tony Pollard	RB	5	0	0	0	67	1	11	0	3	0	1	0	0	0	0
Greg Dortch	WR	5	0	0	0	0	0	12	0	2	0	0	0	0	0	0
Darius Slayton	WR	5	0	0	0	0	0	31	0	3	0	0	1	0	0	0
Ty Johnson	RB	5	0	0	0	10	0	0	0	0	0	0	0	0	0	0
Craig Reynolds	RB	5	0	0	0	0	0	0	0	0	0	0	0	0	0	0
Alex Bachman	WR	5	0	0	0	0	0	9	0	1	0	0	0	0	0	0
Drew Sample	TE	5	0	0	0	0	0	-1	0	1	0	0	0	0	0	0
Gunner Olszewski	WR	5	0	0	0	0	0	0	0	0	0	0	0	0	0	0
Marquise Brown	WR	5	0	0	0	0	0	48	0	4	0	0	0	0	0	0
A.J. Brown	WR	5	0	0	0	0	0	43	0	5	0	0	0	0	0	0
David Montgomery	RB	5	3	1	0	65	1	6	0	1	0	0	0	0	0	0
Dawson Knox	TE	5	0	0	0	0	0	15	0	2	0	0	0	0	0	0
Daniel Jones	QB	5	212	2	0	2	0	0	0	0	0	0	0	0	0	0
Deebo Samuel Sr.	WR	5	0	0	0	0	0	96	1	8	0	0	0	0	0	0
Juwan Johnson	TE	5	0	0	0	0	0	17	0	2	0	0	0	0	0	0
Rico Dowdle	RB	5	0	0	0	206	1	28	0	3	0	0	0	0	0	0
J.K. Dobbins	RB	5	0	0	0	79	1	5	0	1	0	0	0	0	0	0
Reggie Gilliam	RB	5	0	0	0	0	0	0	0	0	0	0	0	0	0	0
Tua Tagovailoa	QB	5	256	3	0	5	0	0	0	0	0	0	0	0	0	0
Jonathan Taylor	RB	5	0	0	0	66	3	20	0	3	0	0	0	0	1	0
Harrison Bryant	TE	5	0	0	0	0	0	5	0	1	0	0	0	0	0	0
Colby Parkinson	TE	5	0	0	0	0	0	0	0	0	0	0	0	0	0	0
Michael Pittman	WR	5	0	0	0	0	0	39	1	5	0	0	0	0	0	0
AJ Dillon	RB	5	0	0	0	12	0	0	0	0	0	0	0	0	0	0
Justin Jefferson	WR	5	0	0	0	0	0	123	0	7	0	0	0	0	0	0
Antonio Gibson	RB	5	0	0	0	21	0	5	0	1	0	0	0	0	0	0
Justin Herbert	QB	5	166	1	1	60	0	0	0	0	0	0	0	0	0	0
Jalen Hurts	QB	5	280	2	0	3	0	0	0	0	0	0	0	0	0	0
Jerry Jeudy	WR	5	0	0	0	0	0	15	0	2	0	0	0	0	0	0
Tee Higgins	WR	5	0	0	0	0	0	22	1	3	0	0	0	0	0	0
Cam Akers	RB	5	32	1	0	0	0	0	0	0	0	0	0	0	0	0
Adam Trautman	TE	5	0	0	0	0	0	11	0	1	0	0	0	0	0	0
Albert Okwuegbunam	TE	5	0	0	0	0	0	36	0	5	0	0	0	0	0	0
DeeJay Dallas	RB	5	0	0	0	0	0	0	0	0	0	0	0	0	0	0
Rashod Bateman	WR	5	0	0	0	0	0	0	0	0	0	0	0	0	0	0
Nico Collins	WR	5	0	0	0	8	0	52	1	4	0	0	0	0	0	0
Quintin Morris	TE	5	0	0	0	0	0	0	0	0	0	0	0	0	0	0
Jaylen Waddle	WR	5	0	0	0	0	0	110	1	6	0	0	0	0	0	0
Dee Eskridge	WR	5	0	0	0	0	0	0	0	0	0	0	0	0	0	0
Dyami Brown	WR	5	0	0	0	0	0	15	0	2	0	0	0	0	0	0
John Bates	TE	5	0	0	0	0	0	9	0	1	0	0	0	0	0	0
Simi Fehoko	WR	5	0	0	0	0	0	0	0	0	0	0	0	0	0	0
Brock Wright	TE	5	0	0	0	0	0	9	1	2	0	0	0	0	0	0
Tutu Atwell	WR	5	0	0	0	0	0	72	0	2	0	0	0	0	0	0
Rhamondre Stevenson	RB	5	0	0	0	14	2	13	0	2	0	0	1	0	0	0
Kylen Granson	TE	5	0	0	0	0	0	0	0	0	0	0	0	0	0	0
Luke Farrell	TE	5	0	0	0	0	0	8	0	1	0	0	0	0	0	0
Davis Mills	QB	5	23	0	0	3	0	0	0	0	0	0	0	0	0	0
Ja'Marr Chase	WR	5	0	0	0	0	0	110	2	6	0	0	0	0	0	0
Khalil Herbert	RB	5	0	0	0	0	0	0	0	0	0	0	0	0	0	0
DeVonta Smith	WR	5	0	0	0	0	0	114	0	8	0	0	0	0	0	0
Michael Carter	RB	5	0	0	0	51	1	22	0	5	0	0	0	0	0	0
Justin Fields	QB	5	283	2	0	26	0	0	0	0	0	0	0	2	0	0
Avery Williams	RB	5	0	0	0	0	0	0	0	0	0	0	0	0	0	0
Amon-Ra St. Brown	WR	5	0	0	0	0	0	100	0	8	0	0	0	0	0	0
Trevor Lawrence	QB	5	221	1	1	54	2	0	0	0	0	1	0	0	0	0
Mac Jones	QB	5	342	2	0	5	0	0	0	0	0	0	0	0	0	0
Travis Etienne	RB	5	0	0	0	49	0	9	0	3	0	0	0	0	0	0
Josh Palmer	WR	5	0	0	0	0	0	36	0	2	0	0	0	0	0	0
Javonte Williams	RB	5	0	0	0	135	1	4	1	1	0	0	0	0	0	0
Hunter Long	TE	5	0	0	0	0	0	3	0	1	0	0	0	0	0	0
Tommy Tremble	TE	5	0	0	0	0	0	7	0	1	0	0	0	0	0	0
Trey Lance	QB	5	44	0	0	11	0	0	0	0	0	0	0	0	0	0
Tyler Badie	RB	5	0	0	0	0	0	16	0	1	0	0	0	0	0	0
Grant Calcaterra	TE	5	0	0	0	0	0	18	0	2	0	0	0	0	0	0
Dareke Young	WR	5	0	0	0	0	0	36	0	1	0	0	0	0	0	0
Jake Tonges	TE	5	0	0	0	0	0	41	1	7	0	0	0	0	0	0
Bam Knight	RB	5	0	0	0	11	1	13	0	1	0	0	0	0	0	0
Isiah Pacheco	RB	5	0	0	0	36	0	20	0	3	0	0	0	0	0	0
Chris Olave	WR	5	0	0	0	0	0	59	0	7	0	0	0	0	0	0
Jameson Williams	WR	5	0	0	0	1	0	9	0	1	0	0	0	0	0	0
George Pickens	WR	5	0	0	0	0	0	57	1	2	0	0	0	0	0	0
James Cook	RB	5	0	0	0	49	0	0	0	0	0	0	0	0	0	0
Rachaad White	RB	5	0	0	0	41	2	30	0	4	0	0	0	0	0	0
Dameon Pierce	RB	5	0	0	0	21	0	0	0	0	0	0	0	0	0	0
Khalil Shakir	WR	5	0	0	0	5	0	45	0	6	0	0	0	0	0	0
Jerome Ford	RB	5	0	0	0	18	0	20	0	2	0	0	0	0	0	0
James Mitchell	TE	5	0	0	0	0	0	11	0	1	0	0	0	0	0	0
Jalen Nailor	WR	5	0	0	0	15	0	27	0	3	0	0	0	0	0	0
Zaire Mitchell-Paden	TE	5	0	0	0	0	0	3	0	1	0	0	0	0	0	0
Tanner Conner	TE	5	0	0	0	0	0	16	0	2	0	0	0	0	0	0
Tay Martin	WR	5	0	0	0	0	0	9	0	1	0	0	0	0	0	0
Jordan Mason	RB	5	0	0	0	52	1	4	0	3	0	1	0	0	0	0
Rashid Shaheed	WR	5	0	0	0	0	0	114	1	4	0	0	0	0	0	0
Julius Chestnut	RB	5	0	0	0	3	0	0	0	0	0	0	0	0	0	0
Hassan Haskins	RB	5	0	0	0	13	0	2	0	1	0	0	0	0	0	0
Jalen Tolbert	WR	5	0	0	0	0	0	0	0	0	0	0	0	0	0	0
Garrett Wilson	WR	5	0	0	0	0	0	71	1	6	0	0	0	0	0	0
Jahan Dotson	WR	5	0	0	0	0	0	24	0	1	0	0	0	0	0	0
Trey McBride	TE	5	0	0	0	0	0	41	0	5	0	0	0	0	0	0
Velus Jones Jr.	WR	5	0	0	0	0	0	0	0	0	0	0	0	0	0	0
Brian Robinson	RB	5	0	0	0	12	0	0	0	0	0	0	0	0	0	0
Jeremy Ruckert	TE	5	0	0	0	0	0	28	0	4	0	0	0	0	0	0
Chig Okonkwo	TE	5	0	0	0	0	0	48	0	4	0	0	0	0	0	0
Isaiah Likely	TE	5	0	0	0	0	0	12	0	1	0	0	0	0	0	0
Kyren Williams	RB	5	0	0	0	65	0	66	2	8	0	1	0	0	0	0
Jake Ferguson	TE	5	0	0	0	0	0	49	2	7	0	0	0	0	0	0
Charlie Kolar	TE	5	0	0	0	0	0	10	0	1	0	0	0	0	0	0
Skyy Moore	WR	5	0	0	0	1	0	0	0	0	0	0	0	0	0	0
Tyquan Thornton	WR	5	0	0	0	0	0	90	0	3	0	0	0	0	0	0
Daniel Bellinger	TE	5	0	0	0	0	0	52	0	4	0	0	0	0	0	0
Wan'Dale Robinson	WR	5	0	0	0	2	0	30	0	5	0	0	0	0	0	0
Breece Hall	RB	5	0	0	0	113	0	42	0	4	0	1	0	0	0	0
Cade Otton	TE	5	0	0	0	0	0	81	0	4	0	0	0	0	0	0
Kenneth Walker III	RB	5	0	0	0	86	0	0	0	1	0	0	0	0	0	0
Xavier Smith	WR	5	0	0	0	0	0	0	0	0	0	0	0	0	0	0
Zavier Scott	RB	5	0	0	0	18	0	0	0	0	0	1	0	0	0	0
Keaton Mitchell	RB	5	0	0	0	8	0	5	0	1	0	0	0	0	0	0
Travis Vokolek	TE	5	0	0	0	0	0	0	0	0	0	0	0	0	0	0
Jason Brownlee	WR	5	0	0	0	0	0	0	0	0	0	0	0	0	0	0
Nikko Remigio	WR	5	0	0	0	0	0	0	0	0	0	0	0	0	0	0
Jaxon Smith-Njigba	WR	5	0	0	0	0	0	132	1	8	0	0	0	0	0	0
Quentin Johnston	WR	5	0	0	0	9	0	40	0	4	0	0	1	0	0	0
Luke Schoonmaker	TE	5	0	0	0	0	0	3	0	1	0	0	0	0	0	0
Kendre Miller	RB	5	0	0	0	41	0	8	0	1	0	0	0	0	0	0
Tank Bigsby	RB	5	0	0	0	0	0	0	0	0	0	0	0	0	0	0
Michael Wilson	WR	5	0	0	0	0	0	16	0	2	0	0	0	0	0	0
Tre Tucker	WR	5	0	0	0	9	0	62	0	4	0	0	0	0	0	0
Cameron Latu	TE	5	0	0	0	0	0	0	0	0	0	0	0	0	0	0
Charlie Jones	WR	5	0	0	0	0	0	0	0	0	0	0	0	0	0	0
Chase Brown	RB	5	0	0	0	27	0	21	0	7	0	0	0	0	0	0
Parker Washington	WR	5	0	0	0	0	0	16	1	2	0	0	0	0	0	0
Kayshon Boutte	WR	5	0	0	0	0	0	43	0	3	0	0	0	0	0	0
Chris Rodriguez Jr.	RB	5	0	0	0	7	0	0	0	0	0	0	0	0	0	0
Xavier Hutchinson	WR	5	0	0	0	0	0	18	2	3	0	0	0	0	0	0
Andrei Iosivas	WR	5	0	0	0	0	0	82	0	5	0	0	0	0	0	0
DeMario Douglas	WR	5	0	0	0	0	0	17	0	2	0	0	0	0	0	0
Jalen Brooks	WR	5	0	0	0	0	0	0	0	0	0	0	0	0	0	0
Brayden Willis	TE	5	0	0	0	0	0	0	0	0	0	0	0	0	0	0
Tyrell Shavers	WR	5	0	0	0	0	0	0	0	0	0	0	0	0	0	0
Emari Demercado	RB	5	0	0	0	81	0	0	0	0	0	1	0	0	0	0
Julian Hill	TE	5	0	0	0	0	0	22	0	4	0	0	0	0	0	0
Hunter Luepke	RB	5	0	0	0	0	0	10	0	1	0	0	0	0	0	0
Jalen Moreno-Cropper	WR	5	0	0	0	0	0	0	0	0	0	0	0	0	0	0
Jake Bobo	WR	5	0	0	0	0	0	0	0	0	0	0	0	0	0	0
Nate Adkins	TE	5	0	0	0	0	0	0	0	0	0	0	0	0	0	0
Brycen Tremayne	WR	5	0	0	0	0	0	9	0	1	0	0	0	0	0	0
Jacob Saylors	RB	5	0	0	0	0	0	0	0	0	0	0	0	0	0	0
Dalton Kincaid	TE	5	0	0	0	0	0	108	0	6	0	0	0	0	0	0
Brenton Strange	TE	5	0	0	0	0	0	22	0	1	0	0	0	0	0	0
Jalin Hyatt	WR	5	0	0	0	0	0	0	0	0	0	0	0	0	0	0
Sean Tucker	RB	5	0	0	0	3	0	-4	0	3	0	0	0	0	0	0
Marvin Mims Jr.	WR	5	0	0	0	9	0	10	0	2	0	0	0	0	0	0
Jordan Addison	WR	5	0	0	0	0	0	41	1	5	0	0	0	0	0	0
Josh Downs	WR	5	0	0	0	0	0	54	0	6	0	0	0	0	0	0
Tyjae Spears	RB	5	0	0	0	14	0	0	0	0	0	0	0	0	0	0
De'Von Achane	RB	5	0	0	0	16	0	30	1	6	0	0	0	0	0	0
Elijah Higgins	TE	5	0	0	0	0	0	10	0	2	0	0	0	0	0	0
Payne Durham	TE	5	0	0	0	0	0	0	0	0	0	0	0	0	0	0
Zay Flowers	WR	5	0	0	0	0	0	72	0	5	0	0	0	0	0	0
Sam LaPorta	TE	5	0	0	0	0	0	92	1	5	0	0	0	0	0	0
Davis Allen	TE	5	0	0	0	0	0	24	0	2	0	0	0	0	0	0
Puka Nacua	WR	5	0	0	0	0	0	85	1	10	0	0	0	0	0	0
Jahmyr Gibbs	RB	5	0	0	0	54	0	33	1	2	0	0	0	0	0	0
Bryce Young	QB	5	198	2	1	1	0	0	0	0	1	0	0	0	0	0
C.J. Stroud	QB	5	244	4	0	30	0	0	0	0	0	0	0	0	0	0
Anthony Richardson	QB	5	9	0	0	0	0	9	0	1	0	0	0	0	0	0
Zach Charbonnet	RB	5	0	0	0	36	1	12	0	1	0	0	0	0	0	0
George Holani	RB	5	0	0	0	0	0	0	0	0	0	0	0	0	0	0
Xavier Legette	WR	5	0	0	0	0	0	31	1	2	0	0	0	0	0	0
Luke McCaffrey	WR	5	0	0	0	0	0	50	0	1	0	0	0	0	0	0
Isaac Guerendo	RB	5	0	0	0	0	0	0	0	0	0	0	0	0	0	0
Spencer Rattler	QB	5	225	1	0	21	0	0	0	1	0	0	0	0	0	0
Jamari Thrash	WR	5	0	0	0	0	0	22	0	1	0	0	0	0	0	0
Kimani Vidal	RB	5	0	0	0	18	0	1	0	1	0	0	0	0	0	0
Dylan Laube	RB	5	0	0	0	0	0	0	0	0	0	0	0	0	0	0
Ryan Flournoy	WR	5	0	0	0	10	0	114	0	6	0	0	0	0	0	0
Devaughn Vele	WR	5	0	0	0	0	0	13	0	2	0	0	0	0	0	0
Brenden Bates	TE	5	0	0	0	0	0	23	0	2	0	0	0	0	0	0
Brevyn Spann-Ford	TE	5	0	0	0	0	0	0	0	0	0	0	0	0	0	0
Kameron Johnson	WR	5	0	0	0	2	0	0	0	0	0	0	0	0	0	0
British Brooks	RB	5	0	0	0	15	0	0	0	0	0	0	0	0	0	0
Colson Yankoff	TE	5	0	0	0	0	0	0	0	0	0	0	0	0	0	0
Bo Nix	QB	5	242	1	0	22	0	0	0	0	0	0	0	1	0	0
Tip Reiman	TE	5	0	0	0	0	0	0	0	0	0	0	0	0	0	0
Blake Corum	RB	5	0	0	0	13	0	0	0	0	0	0	0	0	0	0
Will Shipley	RB	5	0	0	0	0	0	4	0	1	0	0	0	0	0	0
Jordan Whittington	WR	5	0	0	0	0	0	33	0	2	0	0	0	0	0	0
Devontez Walker	WR	5	0	0	0	0	0	0	0	0	0	0	0	0	0	0
AJ Barner	TE	5	0	0	0	0	0	53	2	7	0	0	0	0	0	0
Rasheen Ali	RB	5	0	0	0	0	0	0	0	0	0	0	0	0	0	0
Isaiah Davis	RB	5	0	0	0	5	0	28	0	3	0	0	0	0	0	0
Anthony Gould	WR	5	0	0	0	0	0	0	0	0	0	0	0	0	0	0
Theo Johnson	TE	5	0	0	0	0	0	33	2	6	0	0	0	0	0	0
Marvin Harrison Jr.	WR	5	0	0	0	0	0	98	0	4	0	0	0	0	0	0
Drake Maye	QB	5	273	0	0	12	0	0	0	0	0	0	0	0	0	0
Troy Franklin	WR	5	0	0	0	0	0	35	0	3	0	0	0	0	0	1
Ray Davis	RB	5	0	0	0	1	0	0	0	0	0	0	0	0	0	0
Malik Washington	WR	5	0	0	0	0	0	0	0	4	0	0	0	0	0	0
Adonai Mitchell	WR	5	0	0	0	0	0	0	0	0	0	0	0	0	0	0
Brian Thomas Jr.	WR	5	0	0	0	0	0	80	0	4	0	0	0	0	0	0
Xavier Worthy	WR	5	0	0	0	9	0	42	0	6	0	0	0	0	0	0
Keon Coleman	WR	5	0	0	0	0	0	23	1	4	0	0	1	0	0	0
Jayden Daniels	QB	5	231	1	0	39	0	0	0	0	0	0	0	0	0	0
Ladd McConkey	WR	5	0	0	0	0	0	39	1	5	0	0	0	0	0	0
Malachi Corley	WR	5	0	0	0	11	0	0	0	0	0	0	0	0	0	0
LaJohntay Wester	WR	5	0	0	0	0	0	0	0	0	0	0	0	0	0	0
Brashard Smith	RB	5	0	0	0	4	0	32	0	3	0	0	0	0	0	0
Ashton Jeanty	RB	5	0	0	0	67	0	42	0	5	0	0	0	0	0	0
Tetairoa McMillan	WR	5	0	0	0	0	0	73	0	6	0	0	0	0	0	0
Tyler Warren	TE	5	0	0	0	0	0	44	1	4	0	0	0	0	0	0
Emeka Egbuka	WR	5	0	0	0	0	0	163	1	7	0	0	0	0	0	1
Jayden Higgins	WR	5	0	0	0	0	0	32	0	4	0	0	0	0	0	0
Pat Bryant	WR	5	0	0	0	0	0	0	0	0	0	0	0	0	0	0
Jaylin Noel	WR	5	0	0	0	5	0	13	1	2	0	0	0	0	0	0
Tai Felton	WR	5	0	0	0	0	0	0	0	0	0	0	0	0	0	0
Dylan Sampson	RB	5	0	0	0	-4	0	6	0	1	0	0	0	0	0	0
Jaylin Lane	WR	5	0	0	0	0	0	16	0	1	0	0	0	0	0	0
Elic Ayomanor	WR	5	0	0	0	0	0	18	0	2	0	0	0	0	0	0
DJ Giddens	RB	5	0	0	0	22	0	0	0	0	0	0	0	0	0	0
KeAndre Lambert-Smith	WR	5	0	0	0	0	0	0	0	0	0	0	0	0	0	0
Mitchell Evans	TE	5	0	0	0	0	0	4	1	1	0	0	0	0	0	0
Oronde Gadsden II	TE	5	0	0	0	0	0	14	0	1	0	0	0	0	0	0
Ollie Gordon II	RB	5	0	0	0	-2	0	0	0	0	0	0	0	0	0	0
Jimmy Horn Jr.	WR	5	0	0	0	10	0	21	0	2	0	0	0	0	0	0
Tez Johnson	WR	5	0	0	0	0	0	59	0	4	0	0	0	0	0	0
LeQuint Allen Jr.	RB	5	0	0	0	0	0	0	0	0	0	0	0	0	0	0
Jacory Croskey-Merritt	RB	5	0	0	0	111	2	39	0	2	0	1	0	0	0	0
Gage Larvadain	WR	5	0	0	0	0	0	0	0	0	0	0	0	0	0	0
Josh Williams	RB	5	0	0	0	0	0	0	0	0	0	0	0	0	0	0
Beaux Collins	WR	5	0	0	0	0	0	7	0	1	0	0	0	0	0	0
Max Brosmer	QB	5	0	0	0	-1	0	0	0	0	0	0	0	0	0	0
Myles Price	WR	5	0	0	0	0	0	0	0	0	0	0	0	0	0	0
Dont'e Thornton Jr.	WR	5	0	0	0	0	0	0	0	0	0	0	0	0	0	0
Arian Smith	WR	5	0	0	0	0	0	14	0	1	0	0	0	0	0	0
Woody Marks	RB	5	0	0	0	24	0	0	0	0	0	0	0	0	0	0
Gunnar Helm	TE	5	0	0	0	0	0	34	0	4	0	0	0	0	0	0
Jaydon Blue	RB	5	0	0	0	7	0	0	0	0	0	0	0	0	0	0
Trevor Etienne	RB	5	0	0	0	22	0	7	0	1	0	0	0	0	0	0
Tory Horton	WR	5	0	0	0	0	0	39	1	3	0	0	0	0	0	0
Harold Fannin Jr.	TE	5	0	0	0	0	0	13	1	4	0	0	0	0	0	0
Omarion Hampton	RB	5	0	0	0	44	0	26	0	6	0	0	0	0	0	0
Isaac TeSlaa	WR	5	0	0	0	0	0	12	1	1	0	0	0	0	0	0
Jalen Milroe	QB	5	0	0	0	0	0	0	0	0	0	1	0	0	0	0
Cam Ward	QB	5	265	0	1	-6	0	0	0	0	0	0	0	0	0	0
Jaxson Dart	QB	5	202	2	2	55	0	0	0	0	1	0	0	0	0	0
Dillon Gabriel	QB	5	190	2	0	5	0	0	0	0	0	0	0	0	0	0
Chimere Dike	WR	5	0	0	0	0	0	17	0	2	0	0	0	0	0	0
Cam Skattebo	RB	5	0	0	0	59	0	45	0	6	0	1	0	0	0	0
Bhayshul Tuten	RB	5	0	0	0	6	0	5	0	1	0	0	0	0	0	0
Jack Bech	WR	5	0	0	0	0	0	27	0	3	0	0	0	0	0	0
RJ Harvey	RB	5	0	0	0	12	0	18	0	3	0	0	0	0	0	0
TreVeyon Henderson	RB	5	0	0	0	24	0	3	0	2	0	0	0	0	0	0
Mason Taylor	TE	5	0	0	0	0	0	67	0	9	0	0	0	0	0	1
Terrance Ferguson	TE	5	0	0	0	0	0	21	0	1	0	0	0	0	0	0
Elijah Arroyo	TE	5	0	0	0	0	0	10	0	1	0	0	0	0	0	0
Isaiah Bond	WR	5	0	0	0	0	0	29	0	2	0	0	0	0	0	0
Quinshon Judkins	RB	5	0	0	0	110	0	18	0	1	0	0	0	0	0	0
Aaron Rodgers	QB	6	235	2	0	1	0	0	0	0	0	0	0	0	0	0
Joe Flacco	QB	6	219	2	0	0	0	0	0	0	0	0	0	1	0	0
Matthew Stafford	QB	6	181	1	0	1	0	0	0	0	1	0	0	0	0	0
Russell Wilson	QB	6	0	0	0	0	0	0	0	0	0	0	0	0	0	0
Zach Ertz	TE	6	0	0	0	0	0	43	1	6	0	0	0	0	0	0
Keenan Allen	WR	6	0	0	0	0	0	27	0	4	0	0	0	0	0	0
Travis Kelce	TE	6	0	0	0	0	0	78	0	6	0	0	0	0	0	0
DeAndre Hopkins	WR	6	0	0	0	0	0	20	0	2	0	0	0	0	0	0
Geno Smith	QB	6	174	1	1	-3	0	0	0	0	0	0	0	0	0	0
Brandin Cooks	WR	6	0	0	0	0	0	21	0	1	0	0	0	0	0	0
Davante Adams	WR	6	0	0	0	0	0	39	0	4	0	0	0	0	0	0
Stefon Diggs	WR	6	0	0	0	0	0	28	0	3	0	0	0	0	0	0
Darren Waller	TE	6	0	0	0	0	0	12	1	2	0	0	0	0	0	0
Raheem Mostert	RB	6	0	0	0	-4	0	0	0	0	0	0	0	0	0	0
Ameer Abdullah	RB	6	0	0	0	7	0	9	0	1	0	0	0	0	0	0
Tyler Lockett	WR	6	0	0	0	0	0	0	0	1	0	0	0	0	0	0
Sterling Shepard	WR	6	0	0	0	0	0	51	0	2	0	0	0	0	0	0
Austin Hooper	TE	6	0	0	0	0	0	5	0	1	0	0	0	0	0	0
Chris Moore	WR	6	0	0	0	0	0	46	1	3	0	0	0	0	0	0
Kalif Raymond	WR	6	0	0	0	0	0	0	0	0	0	0	0	0	0	0
Derrick Henry	RB	6	0	0	0	122	0	8	0	1	0	0	0	0	0	0
Demarcus Robinson	WR	6	0	0	0	0	0	44	0	2	0	0	0	0	0	0
Dak Prescott	QB	6	261	3	0	-1	0	0	0	0	0	0	0	0	0	0
Hunter Henry	TE	6	0	0	0	0	0	27	0	3	0	0	0	0	0	0
Jared Goff	QB	6	203	2	0	7	0	0	0	0	0	0	0	0	0	0
Tyler Higbee	TE	6	0	0	0	0	0	40	1	4	0	0	0	0	0	0
Jacoby Brissett	QB	6	320	2	1	19	0	0	0	0	0	0	0	0	0	0
Mo Alie-Cox	TE	6	0	0	0	0	0	16	0	1	0	0	0	0	0	0
Johnny Mundt	TE	6	0	0	0	0	0	14	0	1	0	0	0	0	0	0
Christian McCaffrey	RB	6	0	0	0	54	1	57	0	7	0	0	0	0	0	0
Kendrick Bourne	WR	6	0	0	0	0	0	142	0	5	0	0	0	0	0	0
Taysom Hill	TE	6	0	0	0	1	1	0	0	0	0	0	0	0	0	0
Tim Patrick	WR	6	0	0	0	0	0	26	1	1	0	0	0	0	0	0
Samaje Perine	RB	6	0	0	0	16	0	16	0	2	0	0	0	0	0	0
Mack Hollins	WR	6	0	0	0	0	0	28	0	2	0	0	0	0	0	0
Jamal Agnew	WR	6	0	0	0	0	0	0	0	0	0	0	0	0	0	0
Eric Saubert	TE	6	0	0	0	0	0	0	0	0	0	0	0	0	0	0
Cooper Rush	QB	6	72	0	1	0	0	0	0	0	0	1	0	0	0	0
JuJu Smith-Schuster	WR	6	0	0	0	0	0	57	0	3	0	0	0	0	0	0
Jonnu Smith	TE	6	0	0	0	10	0	18	0	3	0	0	0	0	0	0
Patrick Mahomes	QB	6	257	3	0	32	1	0	0	0	0	0	0	0	0	0
Evan Engram	TE	6	0	0	0	7	0	42	0	5	0	0	0	0	0	0
David Njoku	TE	6	0	0	0	0	0	28	0	3	0	0	0	0	0	0
Zay Jones	WR	6	0	0	0	0	0	79	0	5	0	0	0	0	0	0
Alvin Kamara	RB	6	0	0	0	31	0	45	0	5	0	0	0	0	0	0
Cooper Kupp	WR	6	0	0	0	0	0	40	1	2	0	0	0	0	0	0
Kareem Hunt	RB	6	0	0	0	23	0	11	0	1	0	0	0	0	0	0
Josh Reynolds	WR	6	0	0	0	0	0	25	0	3	0	0	0	0	0	0
Jeremy McNichols	RB	6	0	0	0	5	0	30	0	3	0	0	0	0	0	0
Will Dissly	TE	6	0	0	0	0	0	18	0	2	0	0	0	0	0	0
Marquez Valdes-Scantling	WR	6	0	0	0	0	0	22	0	2	0	0	0	0	0	0
Courtland Sutton	WR	6	0	0	0	0	0	17	0	1	0	0	0	0	0	0
Dallas Goedert	TE	6	0	0	0	0	0	110	1	9	0	0	0	0	0	0
Ian Thomas	TE	6	0	0	0	0	0	4	0	1	0	0	0	0	0	0
Nyheim Hines	RB	6	0	0	0	0	0	0	0	0	0	0	0	0	0	0
Tanner Hudson	TE	6	0	0	0	0	0	10	1	4	0	0	0	0	0	0
Mark Andrews	TE	6	0	0	0	2	0	24	0	4	0	0	0	0	0	0
Mason Rudolph	QB	6	0	0	0	0	0	0	0	0	0	0	0	0	0	0
DJ Moore	WR	6	0	0	0	10	0	42	0	3	0	0	0	0	0	0
Calvin Ridley	WR	6	0	0	0	0	0	18	0	1	0	0	0	0	0	0
Saquon Barkley	RB	6	0	0	0	58	0	9	0	2	0	0	0	0	0	0
KhaDarel Hodge	WR	6	0	0	0	0	0	0	0	0	0	0	0	0	0	0
Baker Mayfield	QB	6	256	2	0	14	0	0	0	0	0	0	0	0	0	0
Josh Allen	QB	6	180	2	2	42	0	0	0	0	0	0	0	0	0	0
Sam Darnold	QB	6	295	2	0	2	0	0	0	0	0	0	0	0	0	0
Jakobi Meyers	WR	6	0	0	0	0	0	39	0	4	0	0	0	0	0	0
Justice Hill	RB	6	0	0	0	16	0	28	0	5	0	0	0	0	0	0
Foster Moreau	TE	6	0	0	0	0	0	9	0	1	0	0	0	0	0	0
Hunter Renfrow	WR	6	0	0	0	0	0	7	0	1	0	0	0	0	0	0
Ashton Dulin	WR	6	0	0	0	0	0	0	0	0	0	0	0	0	0	0
Olamide Zaccheaus	WR	6	0	0	0	4	0	24	0	2	0	0	0	0	0	0
Devin Singletary	RB	6	0	0	0	10	0	0	0	0	0	0	0	0	0	0
Tony Pollard	RB	6	0	0	0	34	0	13	0	2	0	0	0	0	0	0
Lil'Jordan Humphrey	WR	6	0	0	0	0	0	55	0	4	0	0	0	0	0	0
Greg Dortch	WR	6	0	0	0	0	0	9	1	3	0	0	0	0	0	0
Ty Johnson	RB	6	0	0	0	5	0	11	0	1	0	0	0	0	0	0
Craig Reynolds	RB	6	0	0	0	0	0	0	0	0	0	0	0	0	0	0
Alex Bachman	WR	6	0	0	0	0	0	0	0	0	0	0	0	0	0	0
Drew Sample	TE	6	0	0	0	0	0	-2	0	1	0	0	0	0	0	0
Parris Campbell	WR	6	0	0	0	0	0	0	0	0	0	0	0	0	0	0
DK Metcalf	WR	6	0	0	0	0	0	95	1	4	0	0	0	0	0	0
Noah Fant	TE	6	0	0	0	0	0	27	0	4	0	0	0	0	0	0
Gunner Olszewski	WR	6	0	0	0	0	0	0	0	0	0	0	0	0	0	0
Marquise Brown	WR	6	0	0	0	0	0	45	2	4	0	0	0	0	0	0
A.J. Brown	WR	6	0	0	0	0	0	80	0	6	0	0	0	0	0	0
David Montgomery	RB	6	0	0	0	24	0	37	0	2	0	0	0	0	0	0
Dawson Knox	TE	6	0	0	0	0	0	19	1	1	0	0	0	0	0	0
Josh Jacobs	RB	6	0	0	0	93	2	57	0	5	0	0	0	0	0	0
Daniel Jones	QB	6	212	2	1	20	1	0	0	0	0	0	0	0	0	0
Deebo Samuel Sr.	WR	6	0	0	0	-1	0	15	0	4	0	0	0	0	0	0
Tyler Huntley	QB	6	68	0	0	39	0	0	0	0	0	0	0	0	0	0
Juwan Johnson	TE	6	0	0	0	0	0	15	0	2	0	0	1	0	0	0
Rico Dowdle	RB	6	0	0	0	183	0	56	1	4	0	0	0	0	0	0
J.K. Dobbins	RB	6	0	0	0	40	0	0	0	0	0	0	0	0	0	0
Nick Westbrook-Ikhine	WR	6	0	0	0	0	0	0	0	0	0	0	0	0	0	0
Tua Tagovailoa	QB	6	205	1	3	4	0	0	0	0	0	0	0	0	0	0
Jonathan Taylor	RB	6	0	0	0	123	1	14	0	4	0	0	0	0	0	0
Michael Pittman	WR	6	0	0	0	0	0	20	0	2	0	0	0	0	0	0
Jauan Jennings	WR	6	0	0	0	0	0	7	0	1	0	0	0	0	0	0
Jordan Love	QB	6	259	1	1	26	0	0	0	0	0	0	0	0	0	0
AJ Dillon	RB	6	0	0	0	2	0	18	0	2	0	0	1	0	0	0
D'Andre Swift	RB	6	0	0	0	108	0	67	1	2	0	0	0	0	0	0
Cole Kmet	TE	6	0	0	0	0	0	0	0	1	0	0	0	0	0	0
Devin Duvernay	WR	6	0	0	0	0	0	0	0	0	0	0	0	0	0	0
Justin Herbert	QB	6	264	2	0	2	0	0	0	0	0	0	0	0	0	0
Jalen Hurts	QB	6	283	1	1	13	1	0	0	0	0	0	0	0	0	0
Jerry Jeudy	WR	6	0	0	0	0	0	43	0	5	0	0	0	0	0	0
Tee Higgins	WR	6	0	0	0	0	0	62	0	5	0	0	0	0	0	0
Van Jefferson	WR	6	0	0	0	0	0	75	0	4	0	0	0	0	0	0
DeeJay Dallas	RB	6	0	0	0	0	0	0	0	0	0	0	0	0	0	0
Tyler Johnson	WR	6	0	0	0	0	0	0	0	0	0	0	0	0	0	0
Rashod Bateman	WR	6	0	0	0	0	0	8	0	1	0	0	0	0	0	0
Jaylen Waddle	WR	6	8	0	0	0	0	95	0	6	0	0	0	0	0	0
Dee Eskridge	WR	6	0	0	0	0	0	0	0	0	0	0	0	0	0	0
Dyami Brown	WR	6	0	0	0	7	0	13	0	2	0	0	0	0	0	0
Tylan Wallace	WR	6	0	0	0	0	0	0	0	0	0	0	0	0	0	0
Noah Gray	TE	6	0	0	0	0	0	25	0	2	0	0	0	0	0	0
Simi Fehoko	WR	6	0	0	0	0	0	0	0	0	0	0	0	0	0	0
Feleipe Franks	TE	6	0	0	0	2	0	0	0	0	0	0	0	0	0	0
Kene Nwangwu	RB	6	0	0	0	0	0	0	0	0	0	0	0	0	0	0
Ben Skowronek	WR	6	0	0	0	0	0	0	0	0	0	0	0	0	0	0
Rhamondre Stevenson	RB	6	0	0	0	18	0	0	0	0	0	0	0	0	0	0
Luke Farrell	TE	6	0	0	0	0	0	0	0	0	0	0	0	0	0	0
Pat Freiermuth	TE	6	0	0	0	0	0	11	0	1	0	0	0	0	0	0
Ja'Marr Chase	WR	6	0	0	0	-3	0	94	1	10	0	0	0	0	0	0
DeVonta Smith	WR	6	0	0	0	0	0	49	0	4	0	0	0	0	0	0
Kenny Gainwell	RB	6	0	0	0	22	0	14	0	6	0	0	0	0	0	0
Michael Carter	RB	6	0	0	0	34	0	30	0	2	0	0	0	0	0	0
Justin Fields	QB	6	45	0	0	31	0	0	0	0	0	0	0	0	0	0
Amon-Ra St. Brown	WR	6	0	0	0	2	0	45	0	9	0	0	0	0	0	0
Kyle Pitts	TE	6	0	0	0	0	0	18	0	3	0	0	0	0	0	0
Trevor Lawrence	QB	6	258	2	0	9	0	0	0	0	0	0	0	0	0	0
Mac Jones	QB	6	347	0	2	13	0	0	0	0	0	0	0	0	0	0
Travis Etienne	RB	6	0	0	0	27	0	28	0	4	0	0	0	0	0	0
Elijah Moore	WR	6	0	0	0	0	0	0	0	0	0	0	0	0	0	0
Josh Palmer	WR	6	0	0	0	0	0	60	0	2	0	0	0	0	0	0
Javonte Williams	RB	6	0	0	0	29	0	5	0	5	0	0	0	0	0	0
Hunter Long	TE	6	0	0	0	0	0	19	0	2	0	0	0	0	0	0
Tommy Tremble	TE	6	0	0	0	0	0	39	0	4	0	0	0	0	0	0
Bo Melton	WR	6	0	0	0	3	0	0	0	0	0	0	0	0	0	0
Dareke Young	WR	6	0	0	0	0	0	0	0	0	0	0	0	0	0	0
Jake Tonges	TE	6	0	0	0	0	0	58	0	6	0	0	0	0	0	0
Bam Knight	RB	6	0	0	0	34	1	20	0	1	0	0	0	0	0	0
Isiah Pacheco	RB	6	0	0	0	51	0	0	0	1	0	0	0	0	0	0
Jaylen Warren	RB	6	0	0	0	52	0	11	0	2	0	0	0	0	0	0
Drake London	WR	6	0	0	0	0	0	158	1	10	0	0	0	0	0	0
Chris Olave	WR	6	0	0	0	0	0	98	0	6	0	0	0	0	0	0
Jameson Williams	WR	6	0	0	0	0	0	66	1	6	0	0	0	0	0	0
George Pickens	WR	6	0	0	0	0	0	168	1	9	0	0	0	0	0	0
James Cook	RB	6	0	0	0	87	0	0	0	0	0	0	0	0	0	0
Rachaad White	RB	6	0	0	0	65	1	21	0	3	0	0	0	0	0	0
Khalil Shakir	WR	6	0	0	0	0	0	33	0	3	0	0	0	0	0	0
Tyler Allgeier	RB	6	0	0	0	32	1	6	0	1	0	0	0	0	0	0
Jerome Ford	RB	6	0	0	0	17	0	13	0	5	0	0	0	0	0	0
Tanner Conner	TE	6	0	0	0	0	0	8	0	1	0	0	0	0	0	0
Stone Smartt	TE	6	0	0	0	0	0	0	0	0	0	0	0	0	0	0
Deven Thompkins	WR	6	0	0	0	0	0	0	0	0	0	0	0	0	0	0
Rashid Shaheed	WR	6	0	0	0	0	0	28	0	4	0	0	0	0	0	0
Julius Chestnut	RB	6	0	0	0	0	0	0	0	0	0	0	0	0	0	0
Hassan Haskins	RB	6	0	0	0	14	0	9	0	1	0	0	0	0	0	0
Alec Pierce	WR	6	0	0	0	0	0	48	0	2	0	0	0	0	0	0
Jalen Tolbert	WR	6	0	0	0	0	0	8	0	1	0	0	0	0	0	0
Garrett Wilson	WR	6	0	0	0	0	0	13	0	3	0	0	0	0	0	0
Jahan Dotson	WR	6	0	0	0	0	0	17	0	1	0	0	0	0	0	0
Trey McBride	TE	6	0	0	0	0	0	72	1	8	0	0	0	0	0	0
Brian Robinson	RB	6	0	0	0	0	0	8	0	3	0	0	0	0	0	0
Jeremy Ruckert	TE	6	0	0	0	0	0	0	0	0	0	0	0	0	0	0
Chig Okonkwo	TE	6	0	0	0	0	0	46	0	6	0	0	0	0	0	0
Romeo Doubs	WR	6	0	0	0	0	0	55	0	5	0	0	0	0	0	0
Isaiah Likely	TE	6	0	0	0	0	0	6	0	2	0	0	0	0	0	0
Kyren Williams	RB	6	0	0	0	50	1	37	0	2	0	0	0	0	0	0
Jake Ferguson	TE	6	0	0	0	0	0	33	1	3	0	0	0	0	0	0
Charlie Kolar	TE	6	0	0	0	0	0	0	0	0	0	0	0	0	0	0
Skyy Moore	WR	6	0	0	0	0	0	0	0	0	0	0	0	0	0	0
Wan'Dale Robinson	WR	6	0	0	0	0	0	84	1	6	0	0	0	0	0	0
Breece Hall	RB	6	0	0	0	59	0	0	0	0	0	0	0	0	0	0
Cade Otton	TE	6	0	0	0	0	0	51	0	5	0	0	0	0	0	0
Kenneth Walker III	RB	6	0	0	0	34	0	3	0	1	0	0	0	0	0	0
Xavier Smith	WR	6	0	0	0	0	0	0	0	0	0	0	0	0	0	0
Dontayvion Wicks	WR	6	0	0	0	0	0	15	0	2	0	0	0	0	0	0
Keaton Mitchell	RB	6	0	0	0	0	0	0	0	0	0	0	0	0	0	0
Brady Russell	RB	6	0	0	0	0	0	0	0	0	0	0	0	0	0	0
Jason Brownlee	WR	6	0	0	0	0	0	0	0	0	0	0	0	0	0	0
Nikko Remigio	WR	6	0	0	0	0	0	0	0	0	0	0	0	0	0	0
Bijan Robinson	RB	6	0	0	0	170	1	68	0	6	0	0	0	0	0	0
Jaxon Smith-Njigba	WR	6	0	0	0	0	0	162	1	8	0	0	0	0	0	0
Luke Schoonmaker	TE	6	0	0	0	0	0	8	0	1	0	0	0	0	0	0
Kendre Miller	RB	6	0	0	0	21	0	11	0	1	0	0	0	0	0	0
Tank Bigsby	RB	6	0	0	0	0	0	0	0	0	0	0	0	0	0	0
Darnell Washington	TE	6	0	0	0	0	0	62	0	3	0	0	0	0	0	0
Michael Wilson	WR	6	0	0	0	0	0	44	0	4	0	0	0	0	0	0
Tre Tucker	WR	6	0	0	0	0	0	70	0	5	0	0	0	0	0	0
Cameron Latu	TE	6	0	0	0	0	0	0	0	0	0	0	0	0	0	0
Charlie Jones	WR	6	0	0	0	0	0	0	0	0	0	0	0	0	0	0
Justin Shorter	TE	6	0	0	0	0	0	0	0	0	0	0	0	0	0	0
Chase Brown	RB	6	0	0	0	42	0	7	0	2	0	0	0	0	0	1
Parker Washington	WR	6	0	0	0	0	0	29	0	2	0	0	0	0	0	0
Kayshon Boutte	WR	6	0	0	0	0	0	93	2	5	0	0	0	0	0	0
Andrei Iosivas	WR	6	0	0	0	0	0	5	0	1	0	0	0	0	0	0
DeMario Douglas	WR	6	0	0	0	0	0	71	1	3	0	0	0	0	0	0
Brayden Willis	TE	6	0	0	0	0	0	0	0	0	0	0	0	0	0	0
Tyrell Shavers	WR	6	0	0	0	0	0	27	0	3	0	0	0	0	0	0
Chris Brooks	RB	6	0	0	0	1	0	0	0	0	0	0	0	0	0	0
Emari Demercado	RB	6	0	0	0	1	0	0	0	0	0	0	0	0	0	0
Blake Whiteheart	TE	6	0	0	0	0	0	0	0	1	0	0	0	0	0	0
Julian Hill	TE	6	0	0	0	0	0	31	0	3	0	0	0	0	0	0
Hunter Luepke	RB	6	0	0	0	0	0	7	1	2	0	0	0	0	0	0
Jalen Moreno-Cropper	WR	6	0	0	0	0	0	0	0	0	0	0	0	0	0	0
Nate Adkins	TE	6	0	0	0	0	0	23	1	2	0	0	0	0	0	0
Jaleel McLaughlin	RB	6	0	0	0	0	0	0	0	0	0	0	0	0	0	0
Emanuel Wilson	RB	6	0	0	0	11	0	-4	0	1	0	0	0	0	0	0
Ryan Miller	WR	6	0	0	0	0	0	0	0	0	0	0	0	0	0	0
Jalin Hyatt	WR	6	0	0	0	0	0	17	0	3	0	0	0	0	0	0
Sean Tucker	RB	6	0	0	0	25	1	0	0	0	0	0	0	0	0	0
Marvin Mims Jr.	WR	6	0	0	0	-2	0	30	0	2	0	0	0	0	0	0
Tucker Kraft	TE	6	0	0	0	0	0	43	1	2	0	0	0	0	0	0
Josh Downs	WR	6	0	0	0	0	0	42	1	6	0	0	0	0	0	0
Roschon Johnson	RB	6	0	0	0	6	0	0	0	0	0	0	0	0	0	0
Tyjae Spears	RB	6	0	0	0	31	0	19	0	4	0	0	0	0	0	0
De'Von Achane	RB	6	0	0	0	128	2	22	0	4	0	0	0	0	0	0
Elijah Higgins	TE	6	0	0	0	0	0	34	0	2	0	0	0	0	0	0
Zay Flowers	WR	6	0	0	0	0	0	46	0	6	0	0	1	0	0	0
Sam LaPorta	TE	6	0	0	0	0	0	55	1	5	0	0	0	0	0	0
Michael Mayer	TE	6	0	0	0	0	0	50	1	5	0	0	0	0	0	0
Davis Allen	TE	6	0	0	0	0	0	7	0	1	0	0	0	0	0	0
Puka Nacua	WR	6	0	0	0	0	0	28	0	2	0	0	0	0	0	0
Jahmyr Gibbs	RB	6	0	0	0	65	0	0	0	1	0	0	0	0	0	0
Luke Musgrave	TE	6	0	0	0	0	0	7	0	1	0	0	0	0	0	0
Bryce Young	QB	6	199	3	1	5	0	0	0	0	0	0	0	0	0	0
Zach Charbonnet	RB	6	0	0	0	24	0	13	0	1	0	0	0	0	0	0
George Holani	RB	6	0	0	0	0	0	0	0	0	0	0	0	0	0	0
Xavier Legette	WR	6	0	0	0	0	0	11	0	2	0	0	0	0	0	0
Luke McCaffrey	WR	6	0	0	0	0	0	33	1	1	0	0	0	0	0	0
Spencer Rattler	QB	6	227	0	0	20	0	0	0	0	0	0	0	0	0	0
Jamari Thrash	WR	6	0	0	0	0	0	13	0	2	0	0	0	0	0	0
Tyrone Tracy Jr.	RB	6	0	0	0	6	0	0	0	0	0	0	0	0	0	0
Kimani Vidal	RB	6	0	0	0	124	0	14	1	3	0	0	0	0	0	0
Casey Washington	WR	6	0	0	0	0	0	0	0	0	0	0	0	0	0	0
Dylan Laube	RB	6	0	0	0	0	0	0	0	0	0	0	0	0	0	0
Ryan Flournoy	WR	6	0	0	0	3	0	30	0	3	0	0	0	0	0	0
Isaiah Williams	WR	6	0	0	0	0	0	0	0	0	0	0	0	0	0	0
Brevyn Spann-Ford	TE	6	0	0	0	0	0	2	0	1	0	0	0	0	0	0
Kameron Johnson	WR	6	0	0	0	0	0	64	1	4	0	0	0	0	0	0
Mason Tipton	WR	6	0	0	0	0	0	0	0	0	0	0	0	0	0	0
David Martin-Robinson	TE	6	0	0	0	0	0	1	1	1	0	0	0	0	0	0
Colson Yankoff	TE	6	0	0	0	0	0	0	0	0	0	0	0	0	0	0
Bo Nix	QB	6	174	1	0	24	0	0	0	0	0	0	0	0	0	0
Blake Corum	RB	6	0	0	0	23	0	0	0	0	0	0	0	0	0	0
Roman Wilson	WR	6	0	0	0	0	0	12	0	1	0	0	0	0	0	0
Will Shipley	RB	6	0	0	0	0	0	0	0	0	0	0	0	0	0	0
Jordan Whittington	WR	6	0	0	0	0	0	23	0	3	0	0	0	0	0	0
Devin Culp	TE	6	0	0	0	0	0	0	0	0	0	0	0	0	0	0
AJ Barner	TE	6	0	0	0	0	0	71	0	3	0	0	0	0	0	0
Rasheen Ali	RB	6	0	0	0	0	0	0	0	0	0	0	0	0	0	0
Isaiah Davis	RB	6	0	0	0	2	0	-1	0	1	0	0	0	0	0	0
Anthony Gould	WR	6	0	0	0	0	0	0	0	0	0	0	0	0	0	0
Theo Johnson	TE	6	0	0	0	0	0	27	0	2	0	0	0	0	0	0
Marvin Harrison Jr.	WR	6	0	0	0	0	0	32	0	2	0	0	0	0	0	0
Drake Maye	QB	6	261	3	0	28	0	0	0	0	0	0	0	0	1	0
Troy Franklin	WR	6	0	0	0	2	0	19	0	3	0	0	1	0	0	0
Ray Davis	RB	6	0	0	0	0	0	19	1	2	0	0	0	0	0	0
Malik Washington	WR	6	0	0	0	1	0	22	0	4	0	0	0	0	0	0
Brian Thomas Jr.	WR	6	0	0	0	0	0	90	1	8	0	0	0	0	0	0
Xavier Worthy	WR	6	0	0	0	6	0	20	1	2	0	0	0	0	0	0
Keon Coleman	WR	6	0	0	0	0	0	11	0	3	0	0	0	0	0	0
Jayden Daniels	QB	6	211	3	1	52	0	0	0	0	0	1	0	0	0	0
Ladd McConkey	WR	6	0	0	0	0	0	100	1	7	0	0	0	0	0	0
Michael Penix Jr.	QB	6	250	1	0	6	0	0	0	0	0	0	0	0	0	0
Caleb Williams	QB	6	252	1	0	3	1	0	0	0	0	0	0	0	0	0
Rome Odunze	WR	6	0	0	0	0	0	32	0	2	0	0	0	0	0	0
Savion Williams	WR	6	0	0	0	3	0	0	0	0	0	0	0	0	0	0
LaJohntay Wester	WR	6	0	0	0	0	0	0	0	0	0	0	0	0	0	0
Brashard Smith	RB	6	0	0	0	0	0	21	0	3	0	0	0	0	0	0
Ashton Jeanty	RB	6	0	0	0	75	1	11	0	2	0	0	0	0	0	0
Tetairoa McMillan	WR	6	0	0	0	0	0	29	2	3	0	0	0	0	0	0
Colston Loveland	TE	6	0	0	0	0	0	11	0	2	0	0	0	0	0	0
Tyler Warren	TE	6	0	0	0	0	0	63	1	6	0	0	0	0	0	0
Emeka Egbuka	WR	6	0	0	0	0	0	24	0	2	0	0	0	0	0	0
Kyle Williams	WR	6	0	0	0	0	0	0	0	0	0	0	0	0	0	0
Pat Bryant	WR	6	0	0	0	0	0	22	0	2	0	0	0	0	0	0
Kaleb Johnson	RB	6	0	0	0	15	0	0	0	0	0	0	0	0	0	0
Dylan Sampson	RB	6	0	0	0	12	0	12	0	2	0	0	0	0	0	0
Jaylin Lane	WR	6	0	0	0	7	0	37	0	1	0	0	0	0	0	0
Elic Ayomanor	WR	6	0	0	0	0	0	27	0	3	0	0	0	0	0	0
KeAndre Lambert-Smith	WR	6	0	0	0	0	0	1	0	1	0	0	0	0	0	0
Mitchell Evans	TE	6	0	0	0	0	0	21	0	1	0	0	0	0	0	0
Oronde Gadsden II	TE	6	0	0	0	0	0	68	0	7	0	0	1	0	0	0
Ollie Gordon II	RB	6	0	0	0	1	0	1	0	1	0	0	0	0	0	0
Jimmy Horn Jr.	WR	6	0	0	0	11	0	36	0	2	0	0	0	0	0	0
Kyle Monangai	RB	6	0	0	0	19	0	25	0	1	0	0	0	0	0	0
Tez Johnson	WR	6	0	0	0	0	0	45	1	1	0	0	0	0	0	0
LeQuint Allen Jr.	RB	6	0	0	0	2	0	10	0	1	0	0	0	0	0	0
Dominic Lovett	WR	6	0	0	0	0	0	0	0	0	0	0	0	0	0	0
Jacory Croskey-Merritt	RB	6	0	0	0	61	0	7	0	1	0	1	0	0	0	0
Gage Larvadain	WR	6	0	0	0	0	0	22	0	2	0	0	0	0	0	0
Ke'Shawn Williams	WR	6	0	0	0	0	0	0	0	0	0	0	0	0	0	0
Efton Chism III	WR	6	0	0	0	0	0	0	0	0	0	0	0	0	0	0
Arian Smith	WR	6	0	0	0	0	0	0	0	0	0	0	0	0	0	0
Gunnar Helm	TE	6	0	0	0	0	0	15	0	2	0	0	0	0	0	0
Jaydon Blue	RB	6	0	0	0	0	0	0	0	0	0	0	0	0	0	0
Konata Mumpfield	WR	6	0	0	0	0	0	7	0	1	0	0	0	0	0	0
Trevor Etienne	RB	6	0	0	0	17	0	0	0	0	0	0	0	0	0	0
Tory Horton	WR	6	0	0	0	0	0	0	0	0	0	0	0	0	0	0
Harold Fannin Jr.	TE	6	0	0	0	0	0	81	0	7	0	0	0	0	0	0
Matthew Golden	WR	6	0	0	0	16	0	86	0	3	0	0	0	0	0	0
Cam Ward	QB	6	222	1	1	0	0	0	0	0	2	0	0	0	0	0
Jaxson Dart	QB	6	195	1	0	58	1	0	0	0	0	0	0	0	0	0
Dillon Gabriel	QB	6	221	0	0	0	0	0	0	0	0	0	0	0	0	0
Chimere Dike	WR	6	0	0	0	0	0	8	0	2	0	0	0	0	0	0
Cam Skattebo	RB	6	0	0	0	98	3	12	0	2	0	0	0	0	0	0
Bhayshul Tuten	RB	6	0	0	0	14	0	14	0	2	0	0	0	0	0	0
Tre Harris	WR	6	0	0	0	0	0	27	0	4	0	0	0	0	0	0
Jack Bech	WR	6	0	0	0	0	0	0	0	0	0	0	0	0	0	0
RJ Harvey	RB	6	0	0	0	4	0	21	0	4	0	0	0	0	0	0
TreVeyon Henderson	RB	6	0	0	0	27	0	9	0	1	0	0	0	0	0	0
Luther Burden III	WR	6	0	0	0	0	0	51	0	4	0	0	0	0	0	0
Mason Taylor	TE	6	0	0	0	0	0	2	0	1	0	0	0	0	0	0
Terrance Ferguson	TE	6	0	0	0	0	0	0	0	0	0	0	0	0	0	0
Elijah Arroyo	TE	6	0	0	0	0	0	6	0	1	0	0	0	0	0	0
Isaiah Bond	WR	6	0	0	0	0	0	9	0	2	0	0	0	0	0	0
Quinshon Judkins	RB	6	0	0	0	36	0	0	0	0	0	0	0	0	0	0
Aaron Rodgers	QB	7	249	4	2	6	0	0	0	0	0	0	0	0	0	0
Joe Flacco	QB	7	342	3	0	3	0	0	0	0	0	0	0	0	0	0
Matthew Stafford	QB	7	182	5	0	1	0	0	0	0	0	0	0	0	0	0
Andy Dalton	QB	7	60	0	0	-2	0	0	0	0	0	0	0	0	0	0
Tyrod Taylor	QB	7	126	0	2	11	0	0	0	0	0	0	0	0	0	0
Adam Thielen	WR	7	0	0	0	0	0	10	0	1	0	0	0	0	0	0
Zach Ertz	TE	7	0	0	0	0	0	37	1	3	0	0	0	0	0	0
Keenan Allen	WR	7	0	0	0	0	0	119	1	11	0	0	0	0	0	0
Travis Kelce	TE	7	0	0	0	0	0	54	0	3	0	0	0	0	0	0
Geno Smith	QB	7	67	0	0	1	0	0	0	0	0	0	0	0	0	0
Brandin Cooks	WR	7	0	0	0	0	0	3	0	1	0	0	0	0	0	0
Teddy Bridgewater	QB	7	0	0	0	-1	0	0	0	0	0	0	0	0	0	0
Jimmy Garoppolo	QB	7	0	0	0	-3	0	0	0	0	0	0	0	0	0	0
Davante Adams	WR	7	0	0	0	0	0	35	3	5	0	0	0	0	0	0
Mike Evans	WR	7	0	0	0	0	0	0	0	0	0	0	0	0	0	0
Stefon Diggs	WR	7	0	0	0	0	0	69	0	7	0	0	0	0	0	0
Darren Waller	TE	7	0	0	0	0	0	0	0	0	0	0	0	0	0	0
Raheem Mostert	RB	7	0	0	0	0	0	2	0	1	0	0	0	0	0	0
Ameer Abdullah	RB	7	0	0	0	19	0	8	0	1	0	0	0	0	0	0
Tyler Lockett	WR	7	0	0	0	0	0	18	0	2	0	0	0	0	0	0
Marcus Mariota	QB	7	63	0	1	34	0	0	0	0	0	0	0	0	0	0
Sterling Shepard	WR	7	0	0	0	0	0	25	0	7	0	0	1	0	0	0
Austin Hooper	TE	7	0	0	0	0	0	11	1	2	0	0	0	0	0	0
Chris Moore	WR	7	0	0	0	0	0	59	0	2	0	0	0	0	0	0
Kalif Raymond	WR	7	0	0	0	0	0	17	0	3	0	0	0	0	0	0
Robbie Chosen	WR	7	0	0	0	0	0	36	0	4	0	0	0	0	0	0
Demarcus Robinson	WR	7	0	0	0	0	0	0	0	0	0	0	0	0	0	0
Carson Wentz	QB	7	313	0	2	28	0	0	0	0	0	0	0	0	0	0
Laquon Treadwell	WR	7	0	0	0	0	0	0	0	0	0	0	0	0	0	0
Dak Prescott	QB	7	264	3	0	7	0	0	0	0	0	0	0	0	0	0
Hunter Henry	TE	7	0	0	0	0	0	33	0	4	0	0	0	0	0	0
Jared Goff	QB	7	241	1	1	7	0	0	0	0	1	0	0	0	0	0
Tyler Higbee	TE	7	0	0	0	0	0	19	0	3	0	0	0	0	0	0
Jacoby Brissett	QB	7	279	2	0	26	0	0	0	0	1	0	0	0	0	0
Mo Alie-Cox	TE	7	0	0	0	0	0	6	0	1	0	0	0	0	0	0
Johnny Mundt	TE	7	0	0	0	0	0	9	0	1	0	0	0	0	0	0
Christian McCaffrey	RB	7	0	0	0	129	2	72	0	7	0	0	0	0	0	0
George Kittle	TE	7	0	0	0	0	0	0	0	0	0	0	0	0	0	0
Kendrick Bourne	WR	7	0	0	0	0	0	14	0	2	0	0	0	0	0	0
Taysom Hill	TE	7	0	0	0	-4	0	12	0	2	0	0	0	0	0	0
Tim Patrick	WR	7	0	0	0	0	0	22	0	1	0	0	0	0	0	0
Samaje Perine	RB	7	0	0	0	31	0	0	0	0	0	0	0	0	0	0
Mack Hollins	WR	7	0	0	0	4	0	49	0	2	0	0	0	0	0	0
Jamal Agnew	WR	7	0	0	0	0	0	0	0	0	0	0	0	0	0	0
Dare Ogunbowale	RB	7	0	0	0	0	0	0	0	0	0	0	0	0	0	0
JuJu Smith-Schuster	WR	7	0	0	0	0	0	35	0	3	0	0	0	0	0	0
Jonnu Smith	TE	7	0	0	0	0	0	28	1	3	0	0	0	0	0	0
Patrick Mahomes	QB	7	286	3	0	28	0	0	0	0	0	0	0	0	0	0
Evan Engram	TE	7	0	0	0	0	0	42	0	5	0	0	0	0	0	0
Zay Jones	WR	7	0	0	0	0	0	67	0	2	0	0	0	0	0	0
Alvin Kamara	RB	7	0	0	0	28	0	1	0	3	0	0	0	0	0	0
Cooper Kupp	WR	7	0	0	1	0	0	32	0	1	0	0	0	0	0	0
Kareem Hunt	RB	7	0	0	0	18	0	0	0	0	0	0	0	0	0	0
Josh Reynolds	WR	7	0	0	0	0	0	29	0	3	0	0	0	0	0	0
Joshua Dobbs	QB	7	12	0	0	-2	0	0	0	0	0	0	0	0	0	0
Jeremy McNichols	RB	7	0	0	0	22	0	23	0	2	0	0	0	0	0	0
Will Dissly	TE	7	0	0	0	0	0	0	0	0	0	0	0	0	0	0
Courtland Sutton	WR	7	0	0	0	0	0	87	0	6	0	0	0	0	0	1
Dallas Goedert	TE	7	0	0	0	0	0	18	0	3	0	0	0	0	0	0
Nyheim Hines	RB	7	0	0	0	0	0	0	0	0	0	0	0	0	0	0
Dalton Schultz	TE	7	0	0	0	0	0	98	0	9	0	0	0	0	0	0
Braxton Berrios	WR	7	0	0	0	0	0	-1	0	1	0	0	0	0	0	0
Allen Lazard	WR	7	0	0	0	0	0	16	0	2	0	0	0	0	0	0
Nick Chubb	RB	7	0	0	0	16	0	-5	0	1	0	0	0	0	0	0
DJ Moore	WR	7	0	0	0	9	0	43	0	3	0	0	0	0	0	0
Saquon Barkley	RB	7	0	0	0	44	0	-2	0	1	0	0	0	0	0	0
KhaDarel Hodge	WR	7	0	0	0	0	0	0	0	0	0	0	0	0	0	0
Baker Mayfield	QB	7	228	1	1	0	0	0	0	0	0	0	0	0	0	0
Malik Turner	WR	7	0	0	0	0	0	0	0	0	0	0	0	0	0	0
Sam Darnold	QB	7	213	1	1	1	0	0	0	0	1	0	0	0	0	0
Olamide Zaccheaus	WR	7	0	0	0	0	0	9	0	2	0	0	0	0	0	0
T.J. Hockenson	TE	7	0	0	0	0	0	43	0	6	0	0	0	0	0	0
Josh Oliver	TE	7	0	0	0	0	0	9	0	1	0	0	0	0	0	0
Devin Singletary	RB	7	0	0	0	2	0	0	0	0	0	0	0	0	0	0
Tony Pollard	RB	7	0	0	0	18	0	43	0	6	0	0	0	0	0	0
Gardner Minshew	QB	7	0	0	0	-3	0	0	0	0	0	0	0	0	0	0
Scott Miller	WR	7	0	0	0	0	0	9	0	1	0	0	0	0	0	0
Lil'Jordan Humphrey	WR	7	0	0	0	0	0	0	0	0	0	0	0	0	0	0
Greg Dortch	WR	7	0	0	0	0	0	5	0	2	0	0	0	0	0	0
Travis Homer	RB	7	0	0	0	0	0	0	0	0	0	0	0	0	0	0
Alex Bachman	WR	7	0	0	0	0	0	0	0	0	0	0	0	0	0	0
D'Ernest Johnson	RB	7	0	0	0	0	0	0	0	0	0	0	0	0	0	0
Drew Sample	TE	7	0	0	0	0	0	0	0	0	0	0	0	0	0	0
DK Metcalf	WR	7	0	0	0	0	0	50	0	3	0	0	0	0	0	0
Noah Fant	TE	7	0	0	0	0	0	44	1	4	0	0	0	0	0	0
Gunner Olszewski	WR	7	0	0	0	0	0	0	0	0	0	0	0	0	0	0
Marquise Brown	WR	7	0	0	0	0	0	14	1	2	0	0	0	0	0	0
A.J. Brown	WR	7	0	0	0	0	0	121	2	4	0	0	0	0	0	0
David Montgomery	RB	7	0	0	0	21	0	18	0	2	0	0	0	0	0	0
Josh Jacobs	RB	7	0	0	0	55	2	3	0	1	0	0	0	0	0	0
Daniel Jones	QB	7	288	2	0	7	0	0	0	0	0	0	0	1	0	0
Juwan Johnson	TE	7	0	0	0	0	0	79	0	5	0	0	0	0	0	0
Rico Dowdle	RB	7	0	0	0	79	0	17	0	1	0	0	0	0	0	0
J.K. Dobbins	RB	7	0	0	0	81	0	-1	0	1	0	0	0	0	0	0
Mason Kinsey	WR	7	0	0	0	0	0	0	0	0	0	0	0	0	0	0
Nick Westbrook-Ikhine	WR	7	0	0	0	0	0	16	0	3	0	0	0	0	0	0
Tua Tagovailoa	QB	7	100	0	3	6	0	0	0	0	0	0	0	0	0	0
Jonathan Taylor	RB	7	0	0	0	94	3	38	0	3	0	0	0	0	0	0
Harrison Bryant	TE	7	0	0	0	0	0	0	0	0	0	0	0	0	0	0
Colby Parkinson	TE	7	0	0	0	0	0	47	0	3	0	0	0	0	0	0
Michael Pittman	WR	7	0	0	0	0	0	58	1	7	0	0	0	0	0	1
Jauan Jennings	WR	7	0	0	0	0	0	31	0	4	0	0	0	0	0	0
Jordan Love	QB	7	179	1	0	22	0	0	0	0	0	0	0	0	0	0
D'Andre Swift	RB	7	0	0	0	124	1	14	0	1	0	0	0	0	0	0
Cole Kmet	TE	7	0	0	0	0	0	16	0	1	0	0	0	0	0	0
Darnell Mooney	WR	7	0	0	0	0	0	68	0	3	0	0	0	0	0	0
Justin Jefferson	WR	7	0	0	0	0	0	79	0	5	0	0	0	0	0	0
Devin Duvernay	WR	7	0	0	0	0	0	0	0	0	0	0	0	0	0	0
Justin Herbert	QB	7	420	3	2	31	0	0	0	0	0	0	0	0	0	0
CeeDee Lamb	WR	7	0	0	0	0	0	110	1	5	0	0	0	0	0	0
Jalen Hurts	QB	7	326	3	0	-10	0	0	0	0	0	0	0	0	0	0
Jerry Jeudy	WR	7	0	0	0	0	0	17	0	2	0	0	0	0	0	0
Tee Higgins	WR	7	0	0	0	0	0	96	1	6	0	0	0	0	0	0
Van Jefferson	WR	7	0	0	0	0	0	41	0	4	0	0	0	0	0	0
Tyler Johnson	WR	7	0	0	0	0	0	60	0	3	0	0	0	0	0	0
Charlie Woerner	TE	7	0	0	0	0	0	0	0	0	0	0	0	0	0	0
Nico Collins	WR	7	0	0	0	0	0	27	0	4	0	0	0	0	0	0
Chuba Hubbard	RB	7	0	0	0	31	0	24	0	2	0	0	0	0	0	0
Jaylen Waddle	WR	7	0	0	0	0	0	15	0	1	0	0	0	0	0	0
Dee Eskridge	WR	7	0	0	0	0	0	45	0	2	0	0	0	0	0	0
Dyami Brown	WR	7	0	0	0	0	0	50	0	2	0	0	0	0	0	0
John Bates	TE	7	0	0	0	0	0	5	0	1	0	0	0	0	0	0
Noah Gray	TE	7	0	0	0	0	0	28	0	1	0	0	0	0	0	0
Simi Fehoko	WR	7	0	0	0	0	0	0	0	0	0	0	0	0	0	0
Jack Stoll	TE	7	0	0	0	0	0	0	0	0	0	0	0	0	0	0
Brock Wright	TE	7	0	0	0	0	0	23	0	3	0	0	0	0	0	0
Kene Nwangwu	RB	7	0	0	0	0	0	0	0	0	0	0	0	0	0	0
Ben Skowronek	WR	7	0	0	0	0	0	0	0	0	0	0	0	0	0	0
Rhamondre Stevenson	RB	7	0	0	0	88	1	0	0	2	0	0	0	0	0	0
Luke Farrell	TE	7	0	0	0	0	0	11	0	1	0	0	0	0	0	0
Pat Freiermuth	TE	7	0	0	0	0	0	111	2	5	0	0	0	0	0	0
Ja'Marr Chase	WR	7	0	0	0	0	0	161	1	16	0	0	0	0	0	0
DeVonta Smith	WR	7	0	0	0	0	0	183	1	9	0	0	0	0	0	0
Kenny Gainwell	RB	7	0	0	0	14	0	1	0	2	0	0	0	0	0	0
Michael Carter	RB	7	0	0	0	11	0	25	0	2	0	0	0	0	0	0
Justin Fields	QB	7	46	0	0	22	0	0	0	0	0	0	0	0	0	0
Amon-Ra St. Brown	WR	7	0	0	0	0	0	86	1	6	0	0	0	0	0	0
Kyle Pitts	TE	7	0	0	0	0	0	62	0	7	0	0	0	0	0	0
Trevor Lawrence	QB	7	296	1	0	18	0	0	0	0	0	0	0	0	0	0
Mac Jones	QB	7	152	0	1	11	0	0	0	0	0	0	0	0	0	0
Travis Etienne	RB	7	0	0	0	44	0	11	0	1	0	0	0	0	0	0
Javonte Williams	RB	7	0	0	0	116	1	2	0	1	0	0	0	0	0	0
Hunter Long	TE	7	0	0	0	0	0	16	0	2	0	0	0	0	0	0
Tommy Tremble	TE	7	0	0	0	0	0	0	0	1	0	0	0	0	0	0
Tyler Badie	RB	7	0	0	0	0	0	19	0	2	0	0	0	0	0	0
Bo Melton	WR	7	0	0	0	0	0	0	0	0	0	0	0	0	0	0
Dareke Young	WR	7	0	0	0	0	0	0	0	0	0	0	0	0	0	0
Bam Knight	RB	7	0	0	0	57	0	7	0	3	0	0	0	0	0	0
Isiah Pacheco	RB	7	0	0	0	57	1	-3	0	1	0	0	0	0	0	0
Jaylen Warren	RB	7	0	0	0	127	0	31	0	4	0	0	0	0	0	0
Drake London	WR	7	0	0	0	0	0	42	0	4	0	0	0	0	0	0
Chris Olave	WR	7	0	0	0	0	0	98	2	5	0	0	0	0	0	0
Jameson Williams	WR	7	0	0	0	0	0	0	0	0	0	0	0	0	0	0
George Pickens	WR	7	0	0	0	0	0	82	0	4	0	0	0	0	0	0
Rachaad White	RB	7	0	0	0	38	0	6	0	4	0	0	0	0	0	0
Tyler Allgeier	RB	7	0	0	0	16	0	0	0	0	0	0	0	0	0	0
Jerome Ford	RB	7	0	0	0	0	0	10	0	2	0	0	0	0	0	0
Jalen Nailor	WR	7	0	0	0	0	0	37	0	2	0	0	0	0	0	0
Andrew Ogletree	TE	7	0	0	0	0	0	0	0	0	0	0	0	0	0	0
John FitzPatrick	TE	7	0	0	0	0	0	6	0	1	0	0	0	0	0	0
Tanner Conner	TE	7	0	0	0	0	0	28	0	1	0	0	0	0	0	0
Jordan Mason	RB	7	0	0	0	57	1	0	0	0	0	0	0	0	0	0
Rashid Shaheed	WR	7	0	0	0	0	0	40	0	4	0	0	0	0	0	0
Malik Davis	RB	7	0	0	0	0	0	0	0	0	0	0	0	0	0	0
Julius Chestnut	RB	7	0	0	0	0	0	0	0	0	0	0	0	0	0	0
Hassan Haskins	RB	7	0	0	0	3	0	2	0	2	0	0	0	0	0	0
Alec Pierce	WR	7	0	0	0	0	0	98	0	5	0	0	0	0	0	0
Jalen Tolbert	WR	7	0	0	0	0	0	16	0	1	0	0	0	0	0	0
Trey McBride	TE	7	0	0	0	0	0	74	2	10	0	0	0	0	0	0
Brian Robinson	RB	7	0	0	0	36	0	0	0	0	0	0	0	0	0	0
KaVontae Turpin	WR	7	0	0	0	0	0	17	0	1	0	0	0	0	0	0
Jeremy Ruckert	TE	7	0	0	0	0	0	0	0	0	0	0	0	0	0	0
Chig Okonkwo	TE	7	0	0	0	0	0	0	0	0	0	0	0	0	0	0
Romeo Doubs	WR	7	0	0	0	0	0	72	0	6	0	0	0	0	0	0
Kyren Williams	RB	7	0	0	0	54	0	11	0	2	0	0	0	0	0	0
Jake Ferguson	TE	7	0	0	0	0	0	29	2	7	0	0	0	0	0	0
Skyy Moore	WR	7	0	0	0	0	0	15	0	1	0	0	0	0	0	0
Kenny Pickett	QB	7	8	0	0	0	0	0	0	0	0	1	0	0	0	0
Tyquan Thornton	WR	7	0	0	0	0	0	39	0	1	0	0	0	0	0	0
Daniel Bellinger	TE	7	0	0	0	0	0	88	1	3	0	0	0	0	0	0
Wan'Dale Robinson	WR	7	0	0	0	0	0	95	0	6	0	0	0	0	0	0
Breece Hall	RB	7	0	0	0	38	0	14	0	2	0	0	0	0	0	0
Cade Otton	TE	7	0	0	0	0	0	65	0	7	0	0	0	0	0	0
Kenneth Walker III	RB	7	0	0	0	66	0	0	0	0	0	0	0	0	0	0
Xavier Smith	WR	7	0	0	0	0	0	15	0	2	0	0	0	0	0	0
Dontayvion Wicks	WR	7	0	0	0	0	0	5	0	1	0	0	0	0	0	0
Zavier Scott	RB	7	0	0	0	4	0	2	0	1	0	0	0	0	0	0
Malik Heath	WR	7	0	0	0	0	0	0	0	0	0	0	0	0	0	0
Brady Russell	RB	7	0	0	0	0	0	0	0	0	0	0	0	0	0	0
Xavier Gipson	WR	7	0	0	0	0	0	0	0	0	0	0	0	0	0	0
E.J. Jenkins	TE	7	0	0	0	0	0	0	0	0	0	0	0	0	0	0
Nikko Remigio	WR	7	0	0	0	0	0	0	0	0	0	0	0	0	0	0
Bijan Robinson	RB	7	0	0	0	40	0	52	1	6	0	0	0	0	0	0
Jaxon Smith-Njigba	WR	7	0	0	0	0	0	123	1	8	0	0	0	0	0	0
Quentin Johnston	WR	7	0	0	0	0	0	30	1	2	0	0	0	0	0	0
Kendre Miller	RB	7	0	0	0	7	0	0	0	0	0	0	0	0	0	0
Tank Bigsby	RB	7	0	0	0	11	0	-1	0	1	0	0	0	0	0	0
Darnell Washington	TE	7	0	0	0	0	0	2	1	3	0	0	0	0	0	0
Michael Wilson	WR	7	0	0	0	0	0	40	0	3	0	0	0	0	0	0
Tre Tucker	WR	7	0	0	0	0	0	33	0	5	0	0	0	0	0	0
Cameron Latu	TE	7	0	0	0	0	0	0	0	0	0	0	0	0	0	0
Derius Davis	WR	7	0	0	0	0	0	0	0	0	0	0	0	0	0	0
Charlie Jones	WR	7	0	0	0	0	0	0	0	0	0	0	0	0	0	0
Chase Brown	RB	7	0	0	0	108	0	-8	0	2	0	0	0	0	0	0
Parker Washington	WR	7	0	0	0	10	0	52	0	4	0	0	0	0	0	0
Kayshon Boutte	WR	7	0	0	0	0	0	55	1	2	0	0	0	0	0	0
Chris Rodriguez Jr.	RB	7	0	0	0	12	1	0	0	0	0	0	0	0	0	0
Xavier Hutchinson	WR	7	0	0	0	0	0	13	0	1	0	0	0	0	0	0
Andrei Iosivas	WR	7	0	0	0	0	0	49	0	3	0	0	0	0	0	0
DeMario Douglas	WR	7	0	0	0	0	0	17	0	3	0	0	0	0	0	0
Chris Brooks	RB	7	0	0	0	0	0	0	0	0	0	0	0	0	0	0
Blake Whiteheart	TE	7	0	0	0	0	0	4	0	1	0	0	0	0	0	0
Julian Hill	TE	7	0	0	0	0	0	1	0	1	0	0	0	0	0	0
Hunter Luepke	RB	7	0	0	0	0	0	3	0	1	0	0	0	0	0	0
Jake Bobo	WR	7	0	0	0	0	0	3	0	1	0	0	0	0	0	0
Nate Adkins	TE	7	0	0	0	0	0	20	0	2	0	0	0	0	0	0
Emanuel Wilson	RB	7	0	0	0	17	0	-2	0	1	0	0	0	0	0	0
Ryan Miller	WR	7	0	0	0	0	0	14	0	1	0	0	0	0	0	0
Brycen Tremayne	WR	7	0	0	0	0	0	0	0	0	0	0	0	0	0	0
Jacob Saylors	RB	7	0	0	0	0	0	0	0	0	0	0	0	0	0	0
Jalin Hyatt	WR	7	0	0	0	0	0	0	0	0	0	0	0	0	0	0
Sean Tucker	RB	7	0	0	0	4	0	2	0	1	0	0	0	0	0	0
Marvin Mims Jr.	WR	7	0	0	0	13	0	85	0	6	0	0	0	0	0	0
Jordan Addison	WR	7	0	0	0	0	0	128	0	9	0	0	0	0	0	0
Tucker Kraft	TE	7	0	0	0	0	0	58	1	5	0	0	0	0	0	0
Roschon Johnson	RB	7	0	0	0	11	0	0	0	0	0	0	0	0	0	0
Tyjae Spears	RB	7	0	0	0	22	0	18	0	3	0	0	0	0	0	0
De'Von Achane	RB	7	0	0	0	82	0	16	0	3	0	0	0	0	0	0
Elijah Higgins	TE	7	0	0	0	0	0	3	0	1	0	0	0	0	0	0
Sam LaPorta	TE	7	0	0	0	0	0	15	0	3	0	0	0	0	0	0
Michael Mayer	TE	7	0	0	0	0	0	10	0	1	0	0	0	0	0	0
Rashee Rice	WR	7	0	0	0	0	0	42	2	7	0	0	0	0	0	0
Davis Allen	TE	7	0	0	0	0	0	4	0	1	0	0	0	0	0	0
Jahmyr Gibbs	RB	7	0	0	0	136	2	82	0	3	0	0	0	0	0	0
Bryce Young	QB	7	138	1	0	10	0	0	0	0	0	0	0	0	0	0
C.J. Stroud	QB	7	229	1	1	25	0	0	0	0	0	0	0	0	0	0
Zach Charbonnet	RB	7	0	0	0	49	2	6	0	2	0	0	0	0	0	0
George Holani	RB	7	0	0	0	0	0	0	0	0	0	0	0	0	0	0
Xavier Legette	WR	7	0	0	0	0	0	92	1	9	0	0	0	0	0	0
Luke McCaffrey	WR	7	0	0	0	0	0	0	0	0	0	0	0	0	0	0
Ja'Tavion Sanders	TE	7	0	0	0	0	0	0	0	0	0	0	0	0	0	0
Isaac Guerendo	RB	7	0	0	0	0	0	0	0	0	0	0	0	0	0	0
Spencer Rattler	QB	7	233	2	3	12	0	0	0	0	1	0	0	0	0	0
Jamari Thrash	WR	7	0	0	0	0	0	23	0	1	0	0	0	0	0	0
Tyrone Tracy Jr.	RB	7	0	0	0	46	1	0	0	0	0	0	0	0	0	0
Kimani Vidal	RB	7	0	0	0	20	0	15	0	4	0	0	0	0	0	0
Casey Washington	WR	7	0	0	0	0	0	17	0	1	0	0	0	0	0	0
Dylan Laube	RB	7	0	0	0	3	0	1	0	1	0	0	0	0	0	0
Ryan Flournoy	WR	7	0	0	0	0	0	0	0	0	0	0	0	0	0	0
Isaiah Williams	WR	7	0	0	0	0	0	0	0	0	0	0	0	0	0	0
Jalen Coker	WR	7	0	0	0	0	0	0	0	0	0	0	0	0	0	0
Xavier Weaver	WR	7	0	0	0	0	0	0	0	0	0	0	0	0	0	0
Brevyn Spann-Ford	TE	7	0	0	0	0	0	0	0	0	0	0	0	0	0	0
Kameron Johnson	WR	7	0	0	0	0	0	0	0	0	0	0	0	0	0	0
Mason Tipton	WR	7	0	0	0	0	0	0	0	0	0	0	0	0	0	0
Colson Yankoff	TE	7	0	0	0	0	0	0	0	0	0	0	0	0	0	0
Bo Nix	QB	7	279	2	0	48	2	0	0	0	0	0	0	2	0	0
Blake Corum	RB	7	0	0	0	37	0	6	0	1	0	0	0	0	0	0
Roman Wilson	WR	7	0	0	0	0	0	17	0	2	0	0	0	0	0	0
Will Shipley	RB	7	0	0	0	0	0	7	0	1	0	0	0	0	0	0
Jordan Whittington	WR	7	0	0	0	0	0	9	0	2	0	0	0	0	0	0
Terrell Jennings	RB	7	0	0	0	18	0	0	0	0	0	0	0	0	0	0
AJ Barner	TE	7	0	0	0	2	0	7	0	1	0	0	0	0	0	0
Isaiah Davis	RB	7	0	0	0	10	0	22	0	2	0	0	0	0	0	0
Anthony Gould	WR	7	0	0	0	0	0	3	0	1	0	0	0	0	0	0
Theo Johnson	TE	7	0	0	0	0	0	66	1	3	0	0	0	0	0	0
Marvin Harrison Jr.	WR	7	0	0	0	0	0	58	0	2	0	0	0	0	0	0
Drake Maye	QB	7	222	2	0	62	0	0	0	0	0	0	0	0	0	0
Troy Franklin	WR	7	0	0	0	0	0	19	1	3	0	0	0	0	0	1
Malik Washington	WR	7	0	0	0	0	0	30	0	5	0	0	0	0	0	0
Adonai Mitchell	WR	7	0	0	0	0	0	8	0	1	0	0	0	0	0	0
Brian Thomas Jr.	WR	7	0	0	0	0	0	31	0	3	0	0	0	0	0	0
Xavier Worthy	WR	7	0	0	0	13	0	35	0	3	0	0	0	0	0	0
Jayden Daniels	QB	7	156	1	0	35	1	0	0	0	1	0	0	0	0	0
Ladd McConkey	WR	7	0	0	0	0	0	67	0	9	0	0	0	0	0	0
Michael Penix Jr.	QB	7	241	1	0	6	0	0	0	0	1	0	0	0	0	0
Caleb Williams	QB	7	172	0	1	-2	0	0	0	0	0	0	0	0	0	0
Rome Odunze	WR	7	0	0	0	0	0	31	0	2	0	0	0	0	0	0
Malachi Corley	WR	7	0	0	0	0	0	17	0	2	0	0	0	0	0	0
Savion Williams	WR	7	0	0	0	0	0	0	0	0	0	0	0	0	0	0
Brashard Smith	RB	7	0	0	0	39	0	42	0	5	0	0	0	0	0	0
Ashton Jeanty	RB	7	0	0	0	21	0	13	0	1	0	0	0	0	0	0
Tetairoa McMillan	WR	7	0	0	0	0	0	33	0	3	0	0	0	0	0	0
Colston Loveland	TE	7	0	0	0	0	0	24	0	3	0	0	0	0	0	0
Tyler Warren	TE	7	0	0	0	0	0	69	1	4	0	0	0	0	0	0
Emeka Egbuka	WR	7	0	0	0	0	0	58	0	4	0	0	0	0	0	0
Jayden Higgins	WR	7	0	0	0	0	0	0	0	0	0	0	0	0	0	0
Kyle Williams	WR	7	0	0	0	0	0	0	0	0	0	0	0	0	0	0
Pat Bryant	WR	7	0	0	0	0	0	6	0	1	0	0	0	0	0	0
Jaylin Noel	WR	7	0	0	0	0	0	77	0	4	0	0	0	0	0	0
Tai Felton	WR	7	0	0	0	0	0	0	0	0	0	0	0	0	0	0
Dylan Sampson	RB	7	0	0	0	8	0	9	0	1	0	0	0	0	0	0
Jaylin Lane	WR	7	0	0	0	0	0	60	0	3	0	0	0	0	0	0
Elic Ayomanor	WR	7	0	0	0	0	0	29	0	2	0	0	0	0	0	0
Mitchell Evans	TE	7	0	0	0	0	0	24	0	2	0	0	0	0	0	0
Oronde Gadsden II	TE	7	0	0	0	0	0	164	1	7	0	0	0	0	0	0
Ollie Gordon II	RB	7	0	0	0	11	0	2	0	1	0	0	0	0	0	0
Devin Neal	RB	7	0	0	0	1	0	0	0	0	0	0	0	0	0	0
Tahj Brooks	RB	7	0	0	0	0	0	0	0	0	0	0	0	0	0	0
Jimmy Horn Jr.	WR	7	0	0	0	7	0	8	0	1	0	0	0	0	0	0
Thomas Fidone II	TE	7	0	0	0	0	0	0	0	0	0	0	0	0	0	0
Quinn Ewers	QB	7	53	0	0	0	0	0	0	0	0	0	0	0	0	0
Kyle Monangai	RB	7	0	0	0	81	1	13	0	2	0	0	0	0	0	0
Tez Johnson	WR	7	0	0	0	0	0	58	1	4	0	0	0	0	0	0
LeQuint Allen Jr.	RB	7	0	0	0	0	0	4	0	1	0	0	0	0	0	0
Jacory Croskey-Merritt	RB	7	0	0	0	33	0	-1	0	1	0	0	0	0	0	0
Gage Larvadain	WR	7	0	0	0	0	0	0	0	0	0	0	0	0	0	0
Beaux Collins	WR	7	0	0	0	0	0	0	0	0	0	0	0	0	0	0
Carter Runyon	TE	7	0	0	0	0	0	3	0	1	0	0	0	0	0	0
Myles Price	WR	7	0	0	0	0	0	0	0	0	0	0	0	0	0	0
Ke'Shawn Williams	WR	7	0	0	0	0	0	0	0	0	0	0	0	0	0	0
Efton Chism III	WR	7	0	0	0	0	0	0	0	0	0	0	0	0	0	0
Dont'e Thornton Jr.	WR	7	0	0	0	0	0	0	0	0	0	0	0	0	0	0
Arian Smith	WR	7	0	0	0	0	0	0	0	1	0	0	0	0	0	0
Woody Marks	RB	7	0	0	0	15	0	20	1	3	0	0	0	0	0	0
Gunnar Helm	TE	7	0	0	0	0	0	36	0	4	0	0	0	0	0	0
Jaydon Blue	RB	7	0	0	0	29	0	5	0	1	0	0	0	0	0	0
Konata Mumpfield	WR	7	0	0	0	0	0	5	1	1	0	0	0	0	0	0
Trevor Etienne	RB	7	0	0	0	0	0	0	0	0	0	0	0	0	0	0
Tory Horton	WR	7	0	0	0	0	0	0	0	0	0	0	0	0	0	0
Harold Fannin Jr.	TE	7	0	0	0	0	0	36	0	4	0	0	0	0	0	0
Matthew Golden	WR	7	0	0	0	0	0	37	0	4	0	0	0	0	0	0
Isaac TeSlaa	WR	7	0	0	0	0	0	0	0	0	0	0	0	0	0	0
Cam Ward	QB	7	255	1	1	0	0	0	0	0	1	0	0	0	0	0
Jaxson Dart	QB	7	283	3	1	11	1	0	0	0	0	0	0	0	0	0
Dillon Gabriel	QB	7	116	0	0	12	0	0	0	0	0	0	0	0	0	0
Chimere Dike	WR	7	0	0	0	-1	0	70	1	4	0	0	0	0	0	0
Cam Skattebo	RB	7	0	0	0	60	0	34	1	3	0	0	0	0	0	0
Bhayshul Tuten	RB	7	0	0	0	22	0	0	0	0	0	0	0	0	0	0
Tre Harris	WR	7	0	0	0	0	0	23	0	2	0	0	0	0	0	0
Jack Bech	WR	7	0	0	0	0	0	13	0	2	0	0	0	0	0	0
RJ Harvey	RB	7	0	0	0	0	0	2	1	1	0	0	0	0	0	0
TreVeyon Henderson	RB	7	0	0	0	5	0	0	0	0	0	0	0	0	0	0
Luther Burden III	WR	7	0	0	0	-1	0	22	0	1	0	0	0	0	0	0
Mason Taylor	TE	7	0	0	0	0	0	31	0	3	0	0	0	0	0	0
Terrance Ferguson	TE	7	0	0	0	0	0	31	1	1	0	0	0	0	0	0
Elijah Arroyo	TE	7	0	0	0	0	0	42	0	4	0	0	1	0	0	0
Quinshon Judkins	RB	7	0	0	0	84	3	0	0	0	0	0	0	0	0	0
Aaron Rodgers	QB	8	219	2	0	0	0	0	0	0	0	0	0	0	0	0
Joe Flacco	QB	8	223	2	0	14	1	0	0	0	0	0	0	0	0	0
Andy Dalton	QB	8	175	0	1	1	0	0	0	0	1	1	0	0	0	0
Kirk Cousins	QB	8	173	0	0	2	0	0	0	0	0	0	0	0	0	0
Adam Thielen	WR	8	0	0	0	0	0	0	0	0	0	0	0	0	0	0
Zach Ertz	TE	8	0	0	0	0	0	16	0	4	0	0	0	0	0	0
Keenan Allen	WR	8	0	0	0	0	0	44	0	4	0	0	0	0	0	0
Travis Kelce	TE	8	0	0	0	0	0	99	1	6	0	0	0	0	0	0
DeAndre Hopkins	WR	8	0	0	0	0	0	14	0	1	0	0	0	0	0	0
Brandin Cooks	WR	8	0	0	0	0	0	22	0	3	0	0	0	0	0	0
Stefon Diggs	WR	8	0	0	0	0	0	14	1	3	0	0	0	0	0	0
Ameer Abdullah	RB	8	0	0	0	5	0	3	0	1	0	0	0	0	0	0
Marcus Mariota	QB	8	213	1	2	28	0	0	0	0	0	0	0	0	0	0
Sterling Shepard	WR	8	0	0	0	0	0	8	0	1	0	0	0	0	0	0
Austin Hooper	TE	8	0	0	0	0	0	38	0	2	0	0	0	0	0	0
Derrick Henry	RB	8	0	0	0	71	2	0	0	0	0	0	0	0	0	0
Demarcus Robinson	WR	8	0	0	0	0	0	5	0	2	0	0	0	0	0	1
Carson Wentz	QB	8	144	1	1	0	0	0	0	0	0	0	0	0	0	0
Dak Prescott	QB	8	188	0	2	31	0	0	0	0	0	0	0	0	0	0
Hunter Henry	TE	8	0	0	0	0	0	7	1	1	0	0	0	0	0	0
Christian McCaffrey	RB	8	0	0	0	25	0	43	0	3	0	0	0	0	0	0
Curtis Samuel	WR	8	0	0	0	0	0	0	0	0	0	0	0	0	0	0
George Kittle	TE	8	0	0	0	0	0	43	1	4	0	0	0	0	0	0
Aaron Jones	RB	8	0	0	0	15	0	15	0	2	0	0	0	0	0	0
Kendrick Bourne	WR	8	0	0	0	0	0	44	0	3	0	0	0	0	0	0
Taysom Hill	TE	8	0	0	0	6	0	6	0	1	0	0	0	0	0	0
Samaje Perine	RB	8	0	0	0	94	1	6	0	1	0	0	0	0	0	0
Mack Hollins	WR	8	0	0	0	0	0	89	0	7	0	0	0	0	0	0
Jamal Agnew	WR	8	0	0	0	0	0	0	0	0	0	0	0	0	0	0
Dare Ogunbowale	RB	8	0	0	0	9	0	8	0	1	0	0	0	0	0	0
JuJu Smith-Schuster	WR	8	0	0	0	0	0	29	0	2	0	0	0	0	0	0
Jonnu Smith	TE	8	0	0	0	0	0	17	0	2	0	0	0	0	0	0
Mitchell Trubisky	QB	8	22	0	0	0	0	0	0	0	0	0	0	0	0	0
Patrick Mahomes	QB	8	299	3	2	30	0	0	0	0	0	0	0	0	0	0
Evan Engram	TE	8	0	0	0	0	0	36	0	4	0	0	0	0	0	0
David Njoku	TE	8	0	0	0	0	0	37	1	4	0	0	0	0	0	0
Alvin Kamara	RB	8	0	0	0	21	0	24	0	2	0	0	0	0	0	0
Kareem Hunt	RB	8	0	0	0	40	1	2	1	1	0	0	0	0	0	0
Jeremy McNichols	RB	8	0	0	0	4	0	64	0	5	0	0	0	0	0	0
Courtland Sutton	WR	8	0	0	0	0	0	67	0	4	0	0	0	0	0	0
Dallas Goedert	TE	8	0	0	0	0	0	28	2	3	0	0	0	0	0	0
Nyheim Hines	RB	8	0	0	0	-2	0	0	0	0	0	0	0	0	0	0
Dalton Schultz	TE	8	0	0	0	0	0	24	0	2	0	0	0	0	0	0
Cedrick Wilson Jr.	WR	8	0	0	0	0	0	2	0	1	0	0	0	0	0	0
Braxton Berrios	WR	8	0	0	0	0	0	38	0	5	0	0	0	0	0	0
Allen Lazard	WR	8	0	0	0	0	0	5	0	1	0	0	0	0	0	0
Tanner Hudson	TE	8	0	0	0	0	0	9	0	1	0	0	0	0	0	0
Mark Andrews	TE	8	0	0	0	0	0	34	0	3	0	0	0	0	0	0
Nick Chubb	RB	8	0	0	0	56	0	13	0	2	0	0	0	0	0	0
DJ Moore	WR	8	0	0	0	3	0	73	0	4	0	0	0	0	0	0
Saquon Barkley	RB	8	0	0	0	150	1	24	1	4	0	0	0	0	0	0
KhaDarel Hodge	WR	8	0	0	0	0	0	31	0	3	0	0	0	0	0	0
Baker Mayfield	QB	8	152	0	0	0	0	0	0	0	1	0	0	0	0	0
Josh Allen	QB	8	163	1	0	7	2	0	0	0	0	0	0	0	0	0
Justice Hill	RB	8	0	0	0	2	0	0	0	0	0	0	0	0	0	0
Foster Moreau	TE	8	0	0	0	0	0	0	0	0	0	0	0	0	0	0
Ashton Dulin	WR	8	0	0	0	0	0	-8	0	1	0	0	0	0	0	0
Olamide Zaccheaus	WR	8	0	0	0	0	0	33	0	7	0	0	0	0	0	0
T.J. Hockenson	TE	8	0	0	0	0	0	26	0	2	0	0	0	0	0	0
Devin Singletary	RB	8	0	0	0	0	0	28	0	1	0	0	0	0	0	0
Tony Pollard	RB	8	0	0	0	44	0	9	0	1	0	0	0	0	0	0
Jarrett Stidham	QB	8	0	0	0	-1	0	0	0	0	0	0	0	0	0	0
David Sills	WR	8	0	0	0	0	0	14	0	2	0	0	0	0	0	0
Darius Slayton	WR	8	0	0	0	0	0	26	0	2	0	0	0	0	0	0
Ty Johnson	RB	8	0	0	0	6	0	0	0	0	0	0	0	0	0	0
Travis Homer	RB	8	0	0	0	0	0	0	0	0	0	0	0	0	0	0
DK Metcalf	WR	8	0	0	0	0	0	55	1	5	0	0	0	0	0	0
Noah Fant	TE	8	0	0	0	0	0	41	0	3	0	0	0	0	0	0
Gunner Olszewski	WR	8	0	0	0	0	0	0	0	0	0	0	0	0	0	0
Terry McLaurin	WR	8	0	0	0	0	0	54	1	3	0	0	0	0	0	0
Marquise Brown	WR	8	0	0	0	0	0	0	0	0	0	0	0	0	0	0
Dawson Knox	TE	8	0	0	0	0	0	15	0	1	0	0	0	0	0	0
Josh Jacobs	RB	8	0	0	0	33	1	12	0	3	0	0	0	0	0	0
Daniel Jones	QB	8	272	3	0	3	0	0	0	0	0	0	0	0	0	0
Deebo Samuel Sr.	WR	8	0	0	0	1	0	11	0	3	0	0	0	0	0	0
Tyler Huntley	QB	8	186	1	0	53	0	0	0	0	0	0	0	0	0	0
Juwan Johnson	TE	8	0	0	0	0	0	53	0	5	0	0	0	0	0	0
Rico Dowdle	RB	8	0	0	0	54	0	0	0	0	0	0	0	0	0	0
J.K. Dobbins	RB	8	0	0	0	111	0	10	0	2	0	0	0	0	0	0
Nick Westbrook-Ikhine	WR	8	0	0	0	0	0	18	0	1	0	0	0	0	0	0
Reggie Gilliam	RB	8	0	0	0	0	0	0	0	0	0	0	0	0	0	0
Tua Tagovailoa	QB	8	205	4	0	0	0	0	0	0	0	0	0	0	0	0
Jonathan Taylor	RB	8	0	0	0	153	2	21	1	2	0	0	0	0	0	0
Harrison Bryant	TE	8	0	0	0	0	0	0	0	0	0	0	0	0	0	0
Michael Pittman	WR	8	0	0	0	0	0	95	1	8	0	0	0	0	0	0
Jauan Jennings	WR	8	0	0	0	0	0	45	0	4	0	0	0	0	0	0
Jordan Love	QB	8	360	3	0	-1	0	0	0	0	0	0	0	1	0	0
D'Andre Swift	RB	8	0	0	0	45	1	26	0	2	0	0	0	0	0	0
Darnell Mooney	WR	8	0	0	0	0	0	11	0	1	0	0	0	0	0	0
Justin Jefferson	WR	8	0	0	0	0	0	74	0	7	0	0	0	0	0	0
Devin Duvernay	WR	8	0	0	0	0	0	2	0	1	0	0	0	0	0	0
Justin Herbert	QB	8	227	3	1	62	0	0	0	0	0	0	0	0	0	0
CeeDee Lamb	WR	8	0	0	0	2	0	74	0	7	0	0	0	0	0	0
Jalen Hurts	QB	8	179	4	0	22	0	0	0	0	0	0	0	0	0	0
Jerry Jeudy	WR	8	0	0	0	0	0	0	0	0	0	0	0	0	0	0
Tee Higgins	WR	8	0	0	0	0	0	44	1	1	0	0	0	0	0	0
Van Jefferson	WR	8	0	0	0	0	0	6	0	1	0	0	0	0	0	0
Adam Trautman	TE	8	0	0	0	0	0	0	0	0	0	0	0	0	0	0
Tyler Johnson	WR	8	0	0	0	0	0	64	1	3	0	0	0	0	0	0
Rashod Bateman	WR	8	0	0	0	0	0	51	0	2	0	0	0	0	0	0
Chuba Hubbard	RB	8	0	0	0	34	1	0	0	0	0	0	0	0	0	0
Jaylen Waddle	WR	8	0	0	0	0	0	99	1	5	0	0	0	0	0	0
Dee Eskridge	WR	8	0	0	0	0	0	0	0	0	0	0	0	0	0	0
John Bates	TE	8	0	0	0	0	0	22	0	1	0	0	0	0	0	0
Tylan Wallace	WR	8	0	0	0	0	0	6	0	1	0	0	0	0	0	0
Noah Gray	TE	8	0	0	0	0	0	23	0	2	0	0	0	0	0	0
Jack Stoll	TE	8	0	0	0	0	0	0	0	0	0	0	0	0	0	0
Jaret Patterson	RB	8	0	0	0	30	0	0	0	0	0	0	0	0	0	0
Feleipe Franks	TE	8	0	0	0	0	0	0	0	0	0	0	0	0	0	0
Ben Skowronek	WR	8	0	0	0	0	0	13	0	1	0	0	0	0	0	0
Rhamondre Stevenson	RB	8	0	0	0	34	0	15	0	1	0	0	0	0	0	0
Luke Farrell	TE	8	0	0	0	0	0	0	0	0	0	0	0	0	0	0
Pat Freiermuth	TE	8	0	0	0	0	0	13	0	3	0	0	0	0	0	0
Ja'Marr Chase	WR	8	0	0	0	0	0	91	0	12	0	0	0	0	0	0
DeVonta Smith	WR	8	0	0	0	0	0	84	0	6	0	0	0	0	0	0
Kenny Gainwell	RB	8	0	0	0	31	0	4	0	2	0	0	1	0	0	0
Justin Fields	QB	8	244	1	0	31	0	0	0	0	0	0	0	1	1	0
Kyle Pitts	TE	8	0	0	0	0	0	59	0	9	0	0	0	0	0	0
Mac Jones	QB	8	193	2	1	23	0	0	0	0	0	0	0	1	0	0
Elijah Moore	WR	8	0	0	0	0	0	14	0	1	0	0	0	0	0	0
Javonte Williams	RB	8	0	0	0	41	2	8	0	1	0	0	0	0	0	0
Tommy Tremble	TE	8	0	0	0	0	0	4	0	1	0	0	0	0	0	0
Zach Wilson	QB	8	0	0	0	0	0	0	0	0	0	0	0	0	0	0
Tyler Badie	RB	8	0	0	0	6	0	0	0	0	0	0	0	0	0	0
Bo Melton	WR	8	0	0	0	0	0	0	0	0	0	0	0	0	0	0
Jake Tonges	TE	8	0	0	0	0	0	2	1	1	0	0	0	0	0	0
Tyler Goodson	RB	8	0	0	0	2	0	0	0	0	0	0	0	0	0	0
Isiah Pacheco	RB	8	0	0	0	58	0	0	0	0	0	0	0	0	0	0
Jaylen Warren	RB	8	0	0	0	62	0	11	0	2	0	0	0	0	0	0
Chris Olave	WR	8	0	0	0	-3	0	63	0	8	0	0	0	0	0	0
George Pickens	WR	8	0	0	0	0	0	78	0	7	0	0	0	0	0	0
James Cook	RB	8	0	0	0	216	2	0	0	0	0	0	0	0	0	0
Rachaad White	RB	8	0	0	0	35	0	26	0	2	0	0	0	0	0	0
Dameon Pierce	RB	8	0	0	0	0	0	0	0	0	0	0	0	0	0	0
Khalil Shakir	WR	8	0	0	0	0	0	88	1	6	0	0	0	0	0	0
Tyler Allgeier	RB	8	0	0	0	4	1	10	0	2	0	0	0	0	0	0
Jerome Ford	RB	8	0	0	0	0	0	-1	0	1	0	0	0	0	0	0
Jalen Nailor	WR	8	0	0	0	0	0	0	0	0	0	0	0	0	0	0
Andrew Ogletree	TE	8	0	0	0	0	0	0	0	0	0	0	0	0	0	0
John FitzPatrick	TE	8	0	0	0	0	0	4	0	1	0	0	0	0	0	0
Tanner Conner	TE	8	0	0	0	0	0	6	0	2	0	0	0	0	0	0
Jordan Mason	RB	8	0	0	0	3	0	3	0	1	0	0	0	0	0	0
Rashid Shaheed	WR	8	0	0	0	0	0	75	0	9	0	0	1	0	0	0
Malik Davis	RB	8	0	0	0	3	0	0	0	0	0	0	0	0	0	0
Julius Chestnut	RB	8	0	0	0	5	0	0	0	0	0	0	0	0	0	0
Alec Pierce	WR	8	0	0	0	0	0	69	0	2	0	0	0	0	0	0
Jalen Tolbert	WR	8	0	0	0	0	0	47	1	2	0	0	0	0	0	0
Jahan Dotson	WR	8	0	0	0	0	0	40	1	1	0	0	0	0	0	0
Brian Robinson	RB	8	0	0	0	0	0	0	0	0	0	0	0	0	0	0
KaVontae Turpin	WR	8	0	0	0	0	0	-2	0	1	0	0	0	0	0	0
Jeremy Ruckert	TE	8	0	0	0	0	0	24	0	1	0	0	0	0	0	0
Chig Okonkwo	TE	8	0	0	0	0	0	53	0	4	0	0	0	0	0	0
Romeo Doubs	WR	8	0	0	0	0	0	44	0	3	0	0	0	0	0	1
Calvin Austin III	WR	8	0	0	0	0	0	28	0	4	0	0	0	0	0	0
Isaiah Likely	TE	8	0	0	0	0	0	8	0	2	0	0	0	0	0	0
Jake Ferguson	TE	8	0	0	0	0	0	0	0	0	0	0	0	0	0	0
Charlie Kolar	TE	8	0	0	0	0	0	10	1	1	0	0	0	0	0	0
Skyy Moore	WR	8	0	0	0	0	0	0	0	0	0	0	0	0	0	0
Daniel Bellinger	TE	8	0	0	0	0	0	21	0	1	0	0	0	0	0	0
Wan'Dale Robinson	WR	8	0	0	0	0	0	48	0	3	0	0	0	0	0	0
Breece Hall	RB	8	4	1	0	133	2	14	0	2	0	0	0	0	0	0
Christian Watson	WR	8	0	0	0	0	0	85	0	4	0	0	0	0	0	0
Cade Otton	TE	8	0	0	0	0	0	40	0	4	0	0	0	0	0	0
Tanner McKee	QB	8	0	0	0	-2	0	0	0	0	0	0	0	0	0	0
Zavier Scott	RB	8	0	0	0	16	0	8	0	2	0	0	0	0	0	0
Keaton Mitchell	RB	8	0	0	0	43	0	0	0	0	0	0	0	0	0	0
Malik Heath	WR	8	0	0	0	0	0	29	0	3	0	0	0	0	0	0
Xavier Gipson	WR	8	0	0	0	0	0	3	0	1	0	0	0	0	0	0
Nikko Remigio	WR	8	0	0	0	0	0	0	0	0	0	0	0	0	0	0
Bijan Robinson	RB	8	0	0	0	25	0	23	0	3	0	1	0	0	0	0
Luke Schoonmaker	TE	8	0	0	0	0	0	25	0	2	0	0	0	0	0	0
Tank Bigsby	RB	8	0	0	0	104	0	0	0	0	0	0	0	0	0	0
Cameron Latu	TE	8	0	0	0	0	0	0	0	0	0	0	0	0	0	0
Derius Davis	WR	8	0	0	0	0	0	0	0	0	0	0	0	0	0	0
Charlie Jones	WR	8	0	0	0	0	0	0	0	0	0	0	0	0	0	0
Chase Brown	RB	8	0	0	0	73	1	32	1	3	0	0	0	0	0	0
Kayshon Boutte	WR	8	0	0	0	0	0	75	1	3	0	0	0	0	0	0
Chris Rodriguez Jr.	RB	8	0	0	0	2	0	0	0	0	0	0	0	0	0	0
Xavier Hutchinson	WR	8	0	0	0	0	0	69	1	5	0	0	0	0	0	0
Andrei Iosivas	WR	8	0	0	0	0	0	0	0	0	0	0	0	0	0	0
DeMario Douglas	WR	8	0	0	0	3	0	44	0	1	0	0	0	0	0	0
Chris Brooks	RB	8	0	0	0	0	0	0	0	0	0	0	0	0	0	0
Jared Wayne	WR	8	0	0	0	0	0	20	0	2	0	0	0	0	0	0
Hunter Luepke	RB	8	0	0	0	2	0	0	0	0	0	0	0	0	0	0
Nate Adkins	TE	8	0	0	0	0	0	0	0	0	0	0	0	0	0	0
Emanuel Wilson	RB	8	0	0	0	61	0	26	0	3	0	0	0	0	0	0
Brycen Tremayne	WR	8	0	0	0	0	0	0	0	0	0	0	0	0	0	0
Dalton Kincaid	TE	8	0	0	0	0	0	23	0	1	0	0	0	0	0	0
Sean Tucker	RB	8	0	0	0	42	1	0	0	0	0	0	0	0	0	0
Marvin Mims Jr.	WR	8	0	0	0	18	0	0	0	0	0	0	0	0	0	0
Jordan Addison	WR	8	0	0	0	0	0	26	1	3	0	0	0	0	0	0
Tucker Kraft	TE	8	0	0	0	0	0	143	2	7	0	0	0	0	0	0
Josh Downs	WR	8	0	0	0	0	0	39	1	3	0	0	0	0	0	0
Tyjae Spears	RB	8	0	0	0	59	1	23	0	3	0	0	0	0	0	0
De'Von Achane	RB	8	0	0	0	67	0	24	1	5	0	0	0	0	0	0
Zay Flowers	WR	8	0	0	0	8	0	63	0	7	0	0	0	0	0	0
Rashee Rice	WR	8	0	0	0	12	0	93	1	9	0	0	0	0	0	0
Luke Musgrave	TE	8	0	0	0	0	0	5	0	1	0	0	0	0	0	0
C.J. Stroud	QB	8	318	2	1	30	0	0	0	0	0	0	0	0	0	0
Xavier Legette	WR	8	0	0	0	0	0	17	0	2	0	0	0	0	0	0
Luke McCaffrey	WR	8	0	0	0	0	0	24	0	3	0	0	0	0	0	0
Ja'Tavion Sanders	TE	8	0	0	0	0	0	19	0	3	0	0	0	0	0	0
Spencer Rattler	QB	8	136	0	1	12	0	0	0	0	0	1	0	0	0	0
Jamari Thrash	WR	8	0	0	0	0	0	31	0	2	0	0	0	0	0	0
Tyrone Tracy Jr.	RB	8	0	0	0	39	0	14	0	2	0	0	0	0	0	0
Kimani Vidal	RB	8	0	0	0	117	1	10	0	1	0	0	0	0	0	0
Casey Washington	WR	8	0	0	0	0	0	25	0	1	0	0	0	0	0	0
Joe Milton III	QB	8	58	1	0	0	0	0	0	0	0	0	0	0	0	0
Ryan Flournoy	WR	8	0	0	0	0	0	7	0	1	0	0	0	0	0	0
Devaughn Vele	WR	8	0	0	0	0	0	10	0	1	0	0	0	0	0	0
Isaiah Williams	WR	8	0	0	0	25	0	31	0	3	0	0	0	0	0	0
Hayden Rucci	TE	8	0	0	0	0	0	0	0	0	0	0	0	0	0	0
Jalen Coker	WR	8	0	0	0	0	0	36	0	3	0	0	0	0	0	0
Brevyn Spann-Ford	TE	8	0	0	0	0	0	9	0	1	0	0	0	0	0	0
Kameron Johnson	WR	8	0	0	0	0	0	0	0	0	0	0	0	0	0	0
British Brooks	RB	8	0	0	0	0	0	0	0	0	0	0	0	0	0	0
Mason Tipton	WR	8	0	0	0	0	0	0	0	0	0	0	0	0	0	0
David Martin-Robinson	TE	8	0	0	0	0	0	0	0	0	0	0	0	0	0	0
Bo Nix	QB	8	247	4	1	-1	0	0	0	0	0	0	0	0	0	0
Roman Wilson	WR	8	0	0	0	0	0	74	1	4	0	0	0	0	0	0
Will Shipley	RB	8	0	0	0	2	0	0	0	0	0	0	0	0	0	0
Terrell Jennings	RB	8	0	0	0	15	0	0	0	0	0	0	0	0	0	0
Rasheen Ali	RB	8	0	0	0	0	0	0	0	0	0	0	0	0	0	0
Isaiah Davis	RB	8	0	0	0	65	0	44	0	5	0	0	0	0	0	1
Anthony Gould	WR	8	0	0	0	0	0	0	0	0	0	0	0	0	0	0
Theo Johnson	TE	8	0	0	0	0	0	20	0	3	0	0	0	0	0	0
Drake Maye	QB	8	282	3	1	50	0	0	0	0	0	0	0	0	0	0
Troy Franklin	WR	8	0	0	0	0	0	89	2	6	0	0	0	0	0	0
Jaylen Wright	RB	8	0	0	0	28	0	0	0	1	0	0	0	0	0	0
Ray Davis	RB	8	0	0	0	16	0	0	0	0	0	0	0	0	0	0
Malik Washington	WR	8	0	0	0	0	0	36	1	4	0	0	0	0	0	0
Adonai Mitchell	WR	8	0	0	0	0	0	0	0	0	0	0	0	0	0	0
Xavier Worthy	WR	8	0	0	0	0	0	53	0	5	0	0	0	0	0	0
Keon Coleman	WR	8	0	0	0	0	0	30	0	3	0	0	0	0	0	0
Ben Sinnott	TE	8	0	0	0	0	0	22	0	1	0	0	0	0	0	0
Ladd McConkey	WR	8	0	0	0	0	0	88	1	6	0	0	0	0	0	0
Caleb Williams	QB	8	285	0	1	24	0	0	0	0	0	0	0	0	0	0
Rome Odunze	WR	8	0	0	0	0	0	114	0	7	0	0	0	0	0	0
Malachi Corley	WR	8	0	0	0	31	0	0	0	0	0	0	0	0	0	0
Savion Williams	WR	8	0	0	0	1	0	8	1	1	0	0	0	0	0	0
Brashard Smith	RB	8	0	0	0	8	0	0	0	0	0	0	0	0	0	0
Tetairoa McMillan	WR	8	0	0	0	0	0	99	0	7	0	0	0	0	0	0
Colston Loveland	TE	8	0	0	0	0	0	38	0	3	0	0	0	0	0	0
Tyler Warren	TE	8	0	0	0	0	0	53	0	4	0	0	0	0	0	0
Emeka Egbuka	WR	8	0	0	0	0	0	35	0	3	0	0	0	0	0	0
Jayden Higgins	WR	8	0	0	0	0	0	34	1	4	0	0	0	0	0	0
Pat Bryant	WR	8	0	0	0	0	0	40	1	2	0	0	0	0	0	0
Jaylin Noel	WR	8	0	0	0	0	0	63	0	5	0	0	0	0	0	0
Dylan Sampson	RB	8	0	0	0	0	0	29	0	5	0	0	0	0	0	0
Jaylin Lane	WR	8	0	0	0	0	0	0	0	1	0	0	0	0	0	0
Elic Ayomanor	WR	8	0	0	0	0	0	52	0	4	0	0	0	0	0	0
Jordan Watkins	WR	8	0	0	0	0	0	7	0	1	0	0	0	0	0	0
Oronde Gadsden II	TE	8	0	0	0	0	0	77	1	5	0	0	0	0	0	0
Jackson Hawes	TE	8	0	0	0	0	0	15	0	2	0	0	0	0	0	0
Ollie Gordon II	RB	8	0	0	0	46	0	20	1	1	0	0	0	0	0	0
Devin Neal	RB	8	0	0	0	0	0	11	0	3	0	0	0	0	0	0
Riley Leonard	QB	8	0	0	0	1	0	0	0	0	0	0	0	0	0	0
Tahj Brooks	RB	8	0	0	0	0	0	0	0	0	0	0	0	0	0	0
Jimmy Horn Jr.	WR	8	0	0	0	9	0	0	0	0	0	0	0	0	0	0
Kyle Monangai	RB	8	0	0	0	24	0	0	0	0	0	0	0	0	0	0
Tez Johnson	WR	8	0	0	0	0	0	43	0	5	0	0	0	0	0	0
Jacory Croskey-Merritt	RB	8	0	0	0	25	0	0	0	0	0	0	0	0	0	0
Gage Larvadain	WR	8	0	0	0	3	0	0	0	0	0	0	0	0	0	0
Jahdae Walker	WR	8	0	0	0	0	0	0	0	0	0	0	0	0	0	0
Josh Williams	RB	8	0	0	0	11	0	0	0	0	0	0	0	0	0	0
Beaux Collins	WR	8	0	0	0	0	0	18	0	1	0	0	0	0	0	0
Max Brosmer	QB	8	13	0	0	0	0	0	0	0	0	0	0	0	0	0
Myles Price	WR	8	0	0	0	0	0	0	0	0	0	0	0	0	0	0
Ben Yurosek	TE	8	0	0	0	0	0	5	0	1	0	0	0	0	0	0
Ke'Shawn Williams	WR	8	0	0	0	0	0	0	0	0	0	0	0	0	0	0
Nate Carter	RB	8	0	0	0	14	0	0	0	0	0	0	0	0	0	0
Arian Smith	WR	8	0	0	0	0	0	23	0	1	0	0	0	0	0	0
Woody Marks	RB	8	0	0	0	62	0	49	0	4	0	0	0	0	0	0
Gunnar Helm	TE	8	0	0	0	0	0	23	1	2	0	0	0	0	0	0
Jaydon Blue	RB	8	0	0	0	29	0	0	0	0	0	0	0	0	0	0
Trevor Etienne	RB	8	0	0	0	16	0	0	0	0	0	0	0	0	0	0
Harold Fannin Jr.	TE	8	0	0	0	2	0	62	1	6	0	0	0	0	0	0
Matthew Golden	WR	8	0	0	0	0	0	4	0	3	0	0	0	0	0	0
Cam Ward	QB	8	259	1	1	4	0	0	0	0	0	0	0	0	0	0
Jaxson Dart	QB	8	193	1	0	17	1	0	0	0	0	0	0	0	0	0
Dillon Gabriel	QB	8	156	2	2	13	0	0	0	0	0	0	0	0	0	0
Chimere Dike	WR	8	0	0	0	1	0	93	0	7	0	0	0	0	0	0
Cam Skattebo	RB	8	0	0	0	12	0	18	1	1	0	0	0	0	0	0
Tre Harris	WR	8	0	0	0	0	0	8	1	2	0	0	0	0	0	0
RJ Harvey	RB	8	0	0	0	46	2	5	1	1	0	0	0	0	0	0
TreVeyon Henderson	RB	8	0	0	0	75	0	0	0	0	0	1	0	0	0	0
Luther Burden III	WR	8	0	0	0	0	0	-1	0	1	0	0	0	0	0	0
Mason Taylor	TE	8	0	0	0	0	0	34	1	5	0	0	0	0	0	0
Tyler Shough	QB	8	128	0	1	12	0	0	0	0	0	0	0	0	0	0
Isaiah Bond	WR	8	0	0	0	0	0	0	0	0	0	0	0	0	0	0
Quinshon Judkins	RB	8	0	0	0	19	0	-2	0	3	0	0	0	0	0	0
Aaron Rodgers	QB	9	203	1	0	0	0	0	0	0	0	0	0	0	0	0
Joe Flacco	QB	9	470	4	2	-1	0	0	0	0	1	0	0	1	0	0
Matthew Stafford	QB	9	281	4	0	-4	0	0	0	0	0	0	0	0	0	0
Zach Ertz	TE	9	0	0	0	0	0	46	0	4	0	0	0	0	0	0
Keenan Allen	WR	9	0	0	0	0	0	41	0	2	0	0	0	0	0	0
Travis Kelce	TE	9	0	0	0	0	0	66	0	4	0	0	0	0	0	1
DeAndre Hopkins	WR	9	0	0	0	0	0	0	0	0	0	0	0	0	0	0
Geno Smith	QB	9	284	4	1	9	0	0	0	0	0	0	0	0	0	0
Brandin Cooks	WR	9	0	0	0	0	0	16	0	2	0	0	0	0	0	0
Davante Adams	WR	9	0	0	0	0	0	60	2	5	0	0	0	0	0	0
Stefon Diggs	WR	9	0	0	0	0	0	38	1	3	0	0	0	0	0	0
Raheem Mostert	RB	9	0	0	0	0	0	14	0	1	0	0	0	0	0	0
Ameer Abdullah	RB	9	0	0	0	3	0	2	0	1	0	0	0	0	0	0
Tyler Lockett	WR	9	0	0	0	0	0	0	0	0	0	0	0	0	0	0
Austin Hooper	TE	9	0	0	0	0	0	20	0	1	0	0	0	0	0	0
Kalif Raymond	WR	9	0	0	0	0	0	0	0	0	0	0	0	0	0	0
Derrick Henry	RB	9	0	0	0	119	0	2	0	1	0	0	0	0	0	0
Demarcus Robinson	WR	9	0	0	0	0	0	0	0	0	0	0	0	0	0	0
Dak Prescott	QB	9	250	1	1	34	0	0	0	0	0	0	0	0	0	0
Hunter Henry	TE	9	0	0	0	0	0	51	0	4	0	0	0	0	0	0
Jared Goff	QB	9	284	2	0	0	0	0	0	0	0	0	0	0	0	0
Tyler Higbee	TE	9	0	0	0	0	0	13	1	3	0	0	0	0	0	0
Jacoby Brissett	QB	9	261	2	0	4	1	0	0	0	0	0	0	0	0	0
Mo Alie-Cox	TE	9	0	0	0	0	0	0	0	0	0	0	0	0	0	0
Johnny Mundt	TE	9	0	0	0	0	0	0	0	0	0	0	0	0	0	0
Christian McCaffrey	RB	9	0	0	0	106	1	67	1	5	0	0	0	0	0	0
Curtis Samuel	WR	9	0	0	0	0	0	6	0	1	0	0	0	0	0	0
George Kittle	TE	9	0	0	0	-3	0	32	0	4	0	0	0	0	0	0
Aaron Jones	RB	9	0	0	0	78	0	20	0	2	0	0	0	0	0	0
Kendrick Bourne	WR	9	0	0	0	0	0	34	0	2	0	0	0	0	0	0
Taysom Hill	TE	9	0	0	0	30	0	0	0	0	0	0	0	0	0	0
Samaje Perine	RB	9	0	0	0	5	0	0	0	0	0	0	0	0	0	0
Mack Hollins	WR	9	0	0	0	0	0	9	0	2	0	0	0	0	0	0
Jamal Agnew	WR	9	0	0	0	0	0	0	0	0	0	0	0	0	0	0
Dare Ogunbowale	RB	9	0	0	0	0	0	2	0	1	0	0	0	0	0	0
JuJu Smith-Schuster	WR	9	0	0	0	0	0	2	0	1	0	0	0	0	0	0
Jonnu Smith	TE	9	0	0	0	0	0	25	0	3	0	0	0	0	0	0
Patrick Mahomes	QB	9	250	0	1	5	0	0	0	0	0	0	0	1	0	0
Evan Engram	TE	9	0	0	0	0	0	0	0	0	0	0	0	0	0	0
Alvin Kamara	RB	9	0	0	0	14	0	3	0	1	0	1	0	0	0	0
Kareem Hunt	RB	9	0	0	0	49	1	6	0	1	0	0	0	0	0	0
Jeremy McNichols	RB	9	0	0	0	0	0	0	0	0	0	0	0	0	0	0
Courtland Sutton	WR	9	0	0	0	0	0	30	1	1	0	0	0	0	0	0
Ian Thomas	TE	9	0	0	0	0	0	9	0	1	0	0	0	0	0	0
Dalton Schultz	TE	9	0	0	0	0	0	77	0	6	0	0	0	0	0	0
Ray-Ray McCloud	WR	9	0	0	0	0	0	5	0	1	0	0	0	0	0	0
Cedrick Wilson Jr.	WR	9	0	0	0	0	0	7	0	1	0	0	0	0	0	0
Braxton Berrios	WR	9	0	0	0	0	0	0	0	0	0	0	0	0	0	0
Tanner Hudson	TE	9	0	0	0	0	0	42	0	2	0	0	0	0	0	0
Mark Andrews	TE	9	0	0	0	4	0	22	2	2	0	0	0	0	0	0
Christian Kirk	WR	9	0	0	0	0	0	26	0	4	0	0	0	0	0	0
Nick Chubb	RB	9	0	0	0	34	0	0	0	0	0	0	0	0	0	0
Lamar Jackson	QB	9	204	4	0	14	0	0	0	0	0	0	0	0	0	0
Durham Smythe	TE	9	0	0	0	0	0	0	0	0	0	0	0	0	0	0
DJ Moore	WR	9	2	1	0	17	1	72	0	4	0	0	0	0	0	0
KhaDarel Hodge	WR	9	0	0	0	0	0	0	0	0	0	0	0	0	0	0
Josh Allen	QB	9	273	1	0	19	2	0	0	0	0	0	0	0	0	0
Sam Darnold	QB	9	330	4	1	0	0	0	0	0	0	0	0	0	0	0
Jakobi Meyers	WR	9	0	0	0	0	0	23	0	4	0	0	0	0	0	0
Justice Hill	RB	9	0	0	0	2	0	13	0	2	0	0	0	0	0	0
Ashton Dulin	WR	9	0	0	0	0	0	0	0	0	0	0	0	0	0	0
Olamide Zaccheaus	WR	9	0	0	0	0	0	58	1	6	0	0	0	0	0	0
T.J. Hockenson	TE	9	0	0	0	0	0	11	1	2	0	0	0	0	0	0
Devin Singletary	RB	9	0	0	0	43	0	8	0	2	0	0	0	0	0	0
Tony Pollard	RB	9	0	0	0	56	0	12	0	1	0	0	0	0	0	0
David Sills	WR	9	0	0	0	0	0	0	0	0	0	0	0	0	0	0
Greg Dortch	WR	9	0	0	0	9	0	0	0	0	0	0	0	0	0	0
Darius Slayton	WR	9	0	0	0	0	0	62	0	5	0	0	0	0	0	0
Ty Johnson	RB	9	0	0	0	8	1	12	0	2	0	0	0	0	0	0
Travis Homer	RB	9	0	0	0	0	0	0	0	0	0	0	0	0	0	0
Alex Bachman	WR	9	0	0	0	0	0	0	0	0	0	0	0	0	0	0
DK Metcalf	WR	9	0	0	0	0	0	6	0	2	0	0	0	0	0	0
Noah Fant	TE	9	0	0	0	0	0	28	1	2	0	0	0	0	0	0
Gunner Olszewski	WR	9	0	0	0	0	0	24	1	1	0	0	0	0	0	0
Marquise Brown	WR	9	0	0	0	0	0	73	0	2	0	0	0	0	0	0
David Montgomery	RB	9	0	0	0	40	1	10	0	2	0	1	0	0	0	0
Dawson Knox	TE	9	0	0	0	0	0	30	0	1	0	0	0	0	0	0
Josh Jacobs	RB	9	0	0	0	87	1	13	0	4	0	0	0	0	0	0
Daniel Jones	QB	9	342	1	3	4	1	0	0	0	2	0	0	0	0	0
Deebo Samuel Sr.	WR	9	0	0	0	3	0	41	0	5	0	0	0	0	0	0
Cody White	WR	9	0	0	0	0	0	60	1	1	0	0	0	0	0	0
Juwan Johnson	TE	9	0	0	0	0	0	31	1	3	0	0	0	0	0	0
Rico Dowdle	RB	9	0	0	0	130	2	11	0	2	0	0	0	0	0	0
J.K. Dobbins	RB	9	0	0	0	61	0	-2	0	1	0	0	0	0	0	0
Mason Kinsey	WR	9	0	0	0	0	0	0	0	0	0	0	0	0	0	0
Nick Westbrook-Ikhine	WR	9	0	0	0	0	0	22	0	2	0	0	0	0	0	0
Reggie Gilliam	RB	9	0	0	0	0	0	0	0	0	0	0	0	0	0	0
Tua Tagovailoa	QB	9	261	0	1	1	0	0	0	0	0	0	0	0	0	0
Jonathan Taylor	RB	9	0	0	0	45	0	12	0	2	0	0	0	0	0	0
Harrison Bryant	TE	9	0	0	0	0	0	2	0	1	0	0	0	0	0	0
Colby Parkinson	TE	9	0	0	0	0	0	10	0	2	0	0	0	0	0	0
Michael Pittman	WR	9	0	0	0	0	0	115	0	9	0	0	0	0	0	0
Jauan Jennings	WR	9	0	0	0	0	0	41	1	4	0	0	0	0	0	0
Jordan Love	QB	9	273	0	1	1	0	0	0	0	0	0	0	0	0	0
Cole Kmet	TE	9	0	0	0	0	0	10	0	1	0	0	0	0	0	0
Darnell Mooney	WR	9	0	0	0	0	0	15	0	1	0	0	0	0	0	0
Justin Jefferson	WR	9	0	0	0	0	0	47	1	6	0	0	0	0	0	0
Devin Duvernay	WR	9	0	0	0	0	0	0	0	0	0	0	0	0	0	0
Justin Herbert	QB	9	250	2	1	57	1	0	0	0	0	0	0	0	0	0
CeeDee Lamb	WR	9	0	0	0	0	0	85	0	7	0	0	0	0	0	0
Clyde Edwards-Helaire	RB	9	0	0	0	5	0	0	0	0	0	0	0	0	0	0
Tee Higgins	WR	9	0	0	0	0	0	121	2	7	0	0	0	0	0	1
Van Jefferson	WR	9	0	0	0	0	0	21	0	1	0	0	0	0	0	0
Adam Trautman	TE	9	0	0	0	0	0	25	0	2	0	0	0	0	0	0
Tim Jones	WR	9	0	0	0	0	0	15	0	1	0	0	0	0	0	0
Rashod Bateman	WR	9	0	0	0	0	0	13	1	2	0	0	0	0	0	0
Nico Collins	WR	9	0	0	0	0	0	75	0	7	0	0	0	0	0	0
Chuba Hubbard	RB	9	0	0	0	17	0	0	0	0	0	0	0	0	0	0
Jaylen Waddle	WR	9	0	0	0	0	0	82	0	6	0	0	0	0	0	0
Dee Eskridge	WR	9	0	0	0	0	0	0	0	0	0	0	0	0	0	0
Dyami Brown	WR	9	0	0	0	4	0	25	0	3	0	0	0	0	0	0
John Bates	TE	9	0	0	0	0	0	20	0	2	0	0	0	0	0	0
Tylan Wallace	WR	9	0	0	0	0	0	0	0	0	0	0	0	0	0	0
Noah Gray	TE	9	0	0	0	0	0	0	0	0	0	0	0	0	0	0
Simi Fehoko	WR	9	0	0	0	0	0	0	0	0	0	0	0	0	0	0
Brock Wright	TE	9	0	0	0	0	0	11	0	1	0	0	0	0	0	0
Jaret Patterson	RB	9	0	0	0	44	0	0	0	0	0	0	0	0	0	0
Feleipe Franks	TE	9	0	0	0	0	0	0	0	0	0	0	0	0	0	0
Austin Trammell	WR	9	0	0	0	0	0	0	0	0	0	0	0	0	0	0
Ben Skowronek	WR	9	0	0	0	0	0	0	0	0	0	0	0	0	0	0
Luke Farrell	TE	9	0	0	0	0	0	9	0	1	0	0	0	0	0	0
Pat Freiermuth	TE	9	0	0	0	0	0	27	1	3	0	0	0	0	0	0
Davis Mills	QB	9	137	0	0	7	0	0	0	0	0	0	0	0	0	0
Ja'Marr Chase	WR	9	0	0	0	0	0	111	0	6	0	0	0	0	0	0
Kenny Gainwell	RB	9	0	0	0	-1	0	35	0	4	0	0	0	0	0	0
Michael Bandy	WR	9	0	0	0	0	0	16	0	1	0	0	0	0	0	0
Amon-Ra St. Brown	WR	9	0	0	0	0	0	97	0	9	0	0	0	0	0	0
Kyle Pitts	TE	9	0	0	0	0	0	38	0	4	0	0	0	0	0	0
Trevor Lawrence	QB	9	220	0	1	24	2	0	0	0	0	0	0	0	0	0
Mac Jones	QB	9	235	2	0	4	0	0	0	0	1	0	0	0	0	0
Travis Etienne	RB	9	0	0	0	84	0	31	0	5	0	0	0	0	0	0
Elijah Moore	WR	9	0	0	0	0	0	28	0	1	0	0	0	0	0	0
Trey Sermon	RB	9	0	0	0	0	0	0	0	0	0	0	0	0	0	0
Javonte Williams	RB	9	0	0	0	83	0	0	0	1	0	0	1	0	0	0
Hunter Long	TE	9	0	0	0	0	0	6	0	1	0	0	0	0	0	0
Tommy Tremble	TE	9	0	0	0	0	0	0	0	0	0	0	0	0	0	0
Tyler Badie	RB	9	0	0	0	0	0	6	0	2	0	0	0	0	0	0
Tyler Goodson	RB	9	0	0	0	0	0	8	0	1	0	0	0	0	0	0
Bam Knight	RB	9	0	0	0	27	0	20	0	2	0	0	0	0	0	0
Jaylen Warren	RB	9	0	0	0	31	2	-2	0	2	0	0	0	0	0	0
Drake London	WR	9	0	0	0	0	0	118	3	9	0	0	0	0	0	0
Chris Olave	WR	9	0	0	0	0	0	57	0	3	0	0	0	0	0	0
Jameson Williams	WR	9	0	0	0	0	0	66	1	4	0	0	0	0	0	0
George Pickens	WR	9	0	0	0	0	0	79	0	6	0	0	0	0	0	0
James Cook	RB	9	0	0	0	114	0	11	0	1	0	0	0	0	0	0
Greg Dulcich	TE	9	0	0	0	0	0	49	0	5	0	0	0	0	0	0
Khalil Shakir	WR	9	0	0	0	0	0	43	0	7	0	0	0	0	0	0
Tyler Allgeier	RB	9	0	0	0	6	0	0	0	0	0	0	0	0	0	0
Jalen Nailor	WR	9	0	0	0	0	0	16	0	1	0	0	0	0	0	0
Andrew Ogletree	TE	9	0	0	0	0	0	0	0	0	0	0	0	0	0	0
Brittain Brown	RB	9	0	0	0	37	1	0	0	0	0	0	0	0	0	0
Tanner Conner	TE	9	0	0	0	0	0	0	0	0	0	0	0	0	0	0
Jordan Mason	RB	9	0	0	0	36	0	1	0	1	0	0	0	0	0	0
Rashid Shaheed	WR	9	0	0	0	0	0	68	0	5	0	0	0	0	0	0
Malik Davis	RB	9	0	0	0	3	0	0	0	0	0	0	0	0	0	0
Julius Chestnut	RB	9	0	0	0	0	0	0	0	0	0	0	0	0	0	0
Tucker Fisk	TE	9	0	0	0	0	0	12	0	1	0	0	0	0	0	0
Alec Pierce	WR	9	0	0	0	0	0	115	0	6	0	0	0	0	0	0
Treylon Burks	WR	9	0	0	0	0	0	14	0	1	0	0	0	0	0	0
Trey McBride	TE	9	0	0	0	0	0	55	1	5	0	0	0	0	0	0
Brian Robinson	RB	9	0	0	0	53	1	0	0	0	0	0	0	0	0	0
KaVontae Turpin	WR	9	0	0	0	3	0	10	0	2	0	0	0	0	0	0
Chig Okonkwo	TE	9	0	0	0	0	0	10	0	2	0	0	0	0	0	0
Romeo Doubs	WR	9	0	0	0	0	0	91	0	7	0	0	0	0	0	0
Calvin Austin III	WR	9	0	0	0	0	0	56	0	5	0	0	0	0	0	0
Isaiah Likely	TE	9	0	0	0	0	0	60	0	3	0	0	0	0	0	0
Kyren Williams	RB	9	0	0	0	114	1	0	0	0	0	0	0	0	0	0
Jake Ferguson	TE	9	0	0	0	0	0	50	0	5	0	0	1	0	0	0
Charlie Kolar	TE	9	0	0	0	0	0	23	1	2	0	0	0	0	0	0
Skyy Moore	WR	9	0	0	0	0	0	21	0	1	0	0	0	0	0	0
Tyquan Thornton	WR	9	0	0	0	0	0	0	0	0	0	0	0	0	0	0
Wan'Dale Robinson	WR	9	0	0	0	0	0	46	0	9	0	0	0	0	0	0
Christian Watson	WR	9	0	0	0	0	0	58	0	2	0	0	0	0	0	0
Kenneth Walker III	RB	9	0	0	0	42	0	19	0	2	0	0	0	0	0	0
Xavier Smith	WR	9	0	0	0	0	0	12	0	2	0	0	0	0	0	0
Lew Nichols III	RB	9	0	0	0	0	0	0	0	0	0	0	0	0	0	0
Tyson Bagent	QB	9	20	0	0	0	0	0	0	0	0	0	0	0	0	0
Zavier Scott	RB	9	0	0	0	0	0	0	0	0	0	0	0	0	0	0
Keaton Mitchell	RB	9	0	0	0	11	0	7	0	1	0	0	0	0	0	0
Malik Heath	WR	9	0	0	0	0	0	11	0	1	0	0	0	0	0	0
Nikko Remigio	WR	9	0	0	0	0	0	0	0	0	0	0	0	0	0	0
Bijan Robinson	RB	9	0	0	0	46	0	50	0	8	0	0	0	0	0	0
Jaxon Smith-Njigba	WR	9	0	0	0	11	0	129	0	8	0	0	0	0	0	0
Quentin Johnston	WR	9	0	0	0	0	0	53	1	4	0	0	0	0	0	0
Luke Schoonmaker	TE	9	0	0	0	0	0	14	0	1	0	0	0	0	0	0
Darnell Washington	TE	9	0	0	0	0	0	43	0	4	0	0	0	0	0	0
Michael Wilson	WR	9	0	0	0	0	0	61	0	3	0	0	0	0	0	0
Tre Tucker	WR	9	0	0	0	0	0	38	0	3	0	0	0	0	0	0
Derius Davis	WR	9	0	0	0	0	0	0	0	0	0	0	0	0	0	0
Charlie Jones	WR	9	0	0	0	0	0	0	0	0	0	0	0	0	0	0
Chase Brown	RB	9	0	0	0	37	0	75	0	8	0	0	0	0	0	0
Parker Washington	WR	9	0	0	0	0	0	90	0	8	0	0	0	0	0	0
Kayshon Boutte	WR	9	0	0	0	0	0	0	0	0	0	0	0	0	0	0
Chris Rodriguez Jr.	RB	9	0	0	0	65	1	0	0	0	0	0	0	0	0	0
Xavier Hutchinson	WR	9	0	0	0	0	0	30	0	3	0	0	0	0	0	0
Andrei Iosivas	WR	9	0	0	0	4	0	66	1	5	0	0	0	0	0	0
DeMario Douglas	WR	9	0	0	0	0	0	100	1	4	0	0	0	0	0	0
Adrian Martinez	QB	9	0	0	0	-1	0	0	0	0	0	0	0	0	0	0
Tyrell Shavers	WR	9	0	0	0	0	0	7	0	1	0	0	0	0	0	0
Chris Brooks	RB	9	0	0	0	0	0	24	0	2	0	0	0	0	0	0
Emari Demercado	RB	9	0	0	0	79	0	-1	0	1	0	0	0	0	0	0
Princeton Fant	TE	9	0	0	0	0	0	0	0	0	0	0	0	0	0	0
Hunter Luepke	RB	9	0	0	0	0	0	0	0	0	0	0	0	0	0	0
Emanuel Wilson	RB	9	0	0	0	16	0	1	0	1	0	0	0	0	0	0
Mitchell Tinsley	WR	9	0	0	0	0	0	27	0	1	0	0	0	0	0	0
Brycen Tremayne	WR	9	0	0	0	0	0	8	0	1	0	0	0	0	0	0
Jacob Saylors	RB	9	0	0	0	0	0	0	0	0	0	0	0	0	0	0
Dalton Kincaid	TE	9	0	0	0	0	0	101	1	6	0	0	0	0	0	0
Jalin Hyatt	WR	9	0	0	0	0	0	0	0	0	0	0	0	0	0	0
Jordan Addison	WR	9	0	0	0	16	0	48	0	2	0	0	0	0	0	0
Tucker Kraft	TE	9	0	0	0	0	0	20	0	2	0	0	0	0	0	0
Josh Downs	WR	9	0	0	0	0	0	57	1	6	0	0	0	0	0	0
Tyjae Spears	RB	9	0	0	0	26	0	36	0	3	0	0	0	0	0	0
De'Von Achane	RB	9	0	0	0	67	0	39	0	6	0	0	0	0	0	0
Elijah Higgins	TE	9	0	0	0	0	0	30	0	3	0	0	0	0	0	0
Zay Flowers	WR	9	0	0	0	0	0	64	0	5	0	0	0	0	0	0
Sam LaPorta	TE	9	0	0	0	0	0	97	1	6	0	0	0	0	0	0
Michael Mayer	TE	9	0	0	0	0	0	26	0	3	0	0	0	0	0	0
Rashee Rice	WR	9	0	0	0	6	1	80	0	4	0	0	0	0	0	0
Davis Allen	TE	9	0	0	0	0	0	37	0	3	0	0	0	0	0	0
Puka Nacua	WR	9	0	0	0	3	0	95	1	7	0	0	0	0	0	0
Jahmyr Gibbs	RB	9	0	0	0	25	0	3	0	3	0	0	0	0	0	0
Luke Musgrave	TE	9	0	0	0	0	0	34	0	3	0	0	0	0	0	0
Bryce Young	QB	9	102	0	1	9	0	0	0	0	0	0	0	0	0	0
C.J. Stroud	QB	9	79	0	0	12	0	0	0	0	0	0	0	0	0	0
Zach Charbonnet	RB	9	0	0	0	25	0	21	0	1	0	0	0	0	0	0
George Holani	RB	9	0	0	0	9	0	0	0	0	0	0	0	0	0	0
Jack Westover	TE	9	0	0	0	0	0	0	0	0	0	0	0	0	0	0
Brock Bowers	TE	9	0	0	0	6	0	127	3	12	0	0	0	0	0	0
Xavier Legette	WR	9	0	0	0	0	0	22	0	1	0	0	0	0	0	0
Luke McCaffrey	WR	9	0	0	0	0	0	0	0	0	0	0	0	0	0	0
Ja'Tavion Sanders	TE	9	0	0	0	0	0	5	0	1	0	0	0	0	0	0
Isaac Guerendo	RB	9	0	0	0	0	0	0	0	0	0	0	0	0	0	0
Sione Vaki	RB	9	0	0	0	0	0	0	0	0	0	0	0	0	0	0
Tyrone Tracy Jr.	RB	9	0	0	0	18	0	19	0	3	0	0	0	0	0	0
Kimani Vidal	RB	9	0	0	0	30	0	0	0	0	0	0	0	0	0	0
Dylan Laube	RB	9	0	0	0	0	0	0	0	0	0	0	0	0	0	0
Ryan Flournoy	WR	9	0	0	0	0	0	12	1	2	0	0	0	0	0	0
Jalen Coker	WR	9	0	0	0	0	0	9	0	1	0	0	0	0	0	0
Brevyn Spann-Ford	TE	9	0	0	0	0	0	0	0	0	0	0	0	0	0	0
British Brooks	RB	9	0	0	0	0	0	0	0	0	0	0	0	0	0	0
David Martin-Robinson	TE	9	0	0	0	0	0	0	0	0	0	0	0	0	0	0
Bo Nix	QB	9	173	2	1	36	0	0	0	0	0	0	0	1	0	0
Blake Corum	RB	9	0	0	0	58	0	0	0	0	0	0	0	0	0	0
Roman Wilson	WR	9	0	0	0	0	0	4	0	1	0	0	1	0	0	0
Terrell Jennings	RB	9	0	0	0	35	1	9	0	1	0	0	0	0	0	0
AJ Barner	TE	9	0	0	0	1	1	24	0	3	0	0	0	0	0	0
Rasheen Ali	RB	9	0	0	0	0	0	0	0	0	0	0	0	0	0	0
Theo Johnson	TE	9	0	0	0	0	0	27	1	3	0	0	0	0	0	0
Marvin Harrison Jr.	WR	9	0	0	0	0	0	96	1	7	0	0	0	0	0	0
Drake Maye	QB	9	259	2	1	20	0	0	0	0	1	0	0	0	0	0
Troy Franklin	WR	9	0	0	0	-4	0	27	0	4	0	0	0	0	0	1
Ray Davis	RB	9	0	0	0	0	0	0	0	0	0	0	0	0	0	0
Malik Washington	WR	9	0	0	0	13	0	48	0	3	0	1	0	0	0	0
Tahj Washington	WR	9	0	0	0	0	0	11	0	1	0	0	1	0	0	0
Adonai Mitchell	WR	9	0	0	0	0	0	7	0	1	0	0	0	0	0	0
Brian Thomas Jr.	WR	9	0	0	0	0	0	55	0	3	0	0	0	0	0	0
Xavier Worthy	WR	9	0	0	0	7	0	23	0	3	0	0	0	0	0	0
Keon Coleman	WR	9	0	0	0	0	0	17	0	2	0	0	0	0	0	0
Jayden Daniels	QB	9	153	0	1	51	1	0	0	0	0	0	0	0	0	0
Ladd McConkey	WR	9	0	0	0	0	0	56	0	4	0	0	0	0	0	0
Michael Penix Jr.	QB	9	221	3	0	19	0	0	0	0	0	0	0	0	0	0
Caleb Williams	QB	9	280	3	0	53	0	22	1	2	0	0	0	0	0	0
Rome Odunze	WR	9	0	0	0	0	0	0	0	0	0	0	0	0	0	0
J.J. McCarthy	QB	9	143	2	1	12	1	0	0	0	0	0	0	0	0	0
Savion Williams	WR	9	0	0	0	0	0	12	0	2	0	1	0	0	0	0
LaJohntay Wester	WR	9	0	0	0	0	0	0	0	0	0	0	0	0	0	0
Brashard Smith	RB	9	0	0	0	7	0	0	0	0	0	0	0	0	0	0
Ashton Jeanty	RB	9	0	0	0	42	0	47	1	5	0	0	0	0	0	0
Tetairoa McMillan	WR	9	0	0	0	0	0	46	0	4	0	0	0	0	0	0
Colston Loveland	TE	9	0	0	0	0	0	118	2	6	0	0	0	0	0	0
Tyler Warren	TE	9	0	0	0	0	0	26	0	5	0	0	0	0	0	0
Jayden Higgins	WR	9	0	0	0	0	0	4	0	1	0	0	0	0	0	0
Kyle Williams	WR	9	0	0	0	0	0	0	0	0	0	0	0	0	0	0
Pat Bryant	WR	9	0	0	0	0	0	20	0	2	0	0	0	0	0	0
Jaylin Noel	WR	9	0	0	0	-3	0	0	0	0	0	0	0	0	0	0
Kaleb Johnson	RB	9	0	0	0	4	0	9	0	1	0	0	0	0	0	0
Tai Felton	WR	9	0	0	0	0	0	0	0	0	0	0	0	0	0	0
Jaylin Lane	WR	9	0	0	0	0	0	29	0	3	0	0	0	0	0	0
Elic Ayomanor	WR	9	0	0	0	0	0	46	0	3	0	0	0	0	0	0
Jordan Watkins	WR	9	0	0	0	0	0	19	0	1	0	0	0	0	0	0
KeAndre Lambert-Smith	WR	9	0	0	0	0	0	0	0	0	0	0	0	0	0	0
Oronde Gadsden II	TE	9	0	0	0	0	0	68	0	5	0	0	0	0	0	0
Jackson Hawes	TE	9	0	0	0	0	0	18	0	1	0	0	0	0	0	0
Ollie Gordon II	RB	9	0	0	0	6	0	3	0	1	0	0	0	0	0	0
Devin Neal	RB	9	0	0	0	11	0	1	0	1	0	0	0	0	0	0
Tahj Brooks	RB	9	0	0	0	1	0	0	0	0	0	0	0	0	0	0
Jimmy Horn Jr.	WR	9	0	0	0	7	0	1	0	1	0	0	0	0	0	0
Kyle Monangai	RB	9	0	0	0	176	0	22	0	3	0	0	0	0	0	0
LeQuint Allen Jr.	RB	9	0	0	0	10	0	1	0	1	0	0	0	0	0	0
Jacory Croskey-Merritt	RB	9	0	0	0	38	0	3	0	1	0	0	0	0	0	0
Jahdae Walker	WR	9	0	0	0	0	0	0	0	0	0	0	0	0	0	0
Myles Price	WR	9	0	0	0	0	0	0	0	0	0	0	0	0	0	0
Ben Yurosek	TE	9	0	0	0	0	0	0	0	0	0	0	0	0	0	0
Ke'Shawn Williams	WR	9	0	0	0	0	0	0	0	0	0	0	0	0	0	0
Efton Chism III	WR	9	0	0	0	0	0	0	0	0	0	0	0	0	0	0
Woody Marks	RB	9	0	0	0	27	0	0	0	0	0	0	0	0	0	0
Gunnar Helm	TE	9	0	0	0	0	0	15	0	1	0	0	0	0	0	0
Trevor Etienne	RB	9	0	0	0	0	0	0	0	0	0	0	0	0	0	0
Tory Horton	WR	9	0	0	0	0	0	48	2	4	0	0	0	0	0	0
Robbie Ouzts	RB	9	0	0	0	0	0	0	0	0	0	0	0	0	0	0
Matthew Golden	WR	9	0	0	0	0	0	9	0	2	0	0	0	0	0	0
Cam Ward	QB	9	145	0	0	6	0	0	0	0	0	0	0	0	0	0
Jaxson Dart	QB	9	191	2	0	56	1	0	0	0	0	0	0	0	0	0
Chimere Dike	WR	9	0	0	0	0	0	5	0	1	0	0	0	0	0	0
Bhayshul Tuten	RB	9	0	0	0	29	1	-3	0	1	0	0	0	0	0	0
Tre Harris	WR	9	0	0	0	0	0	18	0	2	0	0	0	0	0	0
Jack Bech	WR	9	0	0	0	0	0	0	0	0	0	0	0	0	0	0
RJ Harvey	RB	9	0	0	0	5	0	51	1	5	0	0	0	0	0	0
TreVeyon Henderson	RB	9	0	0	0	55	0	32	0	4	0	0	0	0	0	0
Terrance Ferguson	TE	9	0	0	0	0	0	54	0	2	0	0	0	0	0	0
Elijah Arroyo	TE	9	0	0	0	0	0	29	1	2	0	0	0	0	0	0
Tyler Shough	QB	9	176	1	1	2	0	0	0	0	0	0	0	0	0	0
Aaron Rodgers	QB	10	161	1	2	0	0	0	0	0	0	0	0	0	0	0
Marcedes Lewis	TE	10	0	0	0	0	0	0	0	0	0	0	0	0	0	0
Matthew Stafford	QB	10	280	4	0	-3	0	0	0	0	0	0	0	0	0	0
Russell Wilson	QB	10	45	0	0	12	0	0	0	0	0	0	0	0	0	0
Adam Thielen	WR	10	0	0	0	0	0	16	0	2	0	0	0	0	0	0
Zach Ertz	TE	10	0	0	0	0	0	54	0	4	0	0	0	0	0	0
Keenan Allen	WR	10	0	0	0	0	0	19	0	2	0	0	0	0	0	0
DeAndre Hopkins	WR	10	0	0	0	0	0	16	0	2	0	0	0	0	0	0
Geno Smith	QB	10	143	0	1	7	0	0	0	0	0	0	0	0	0	0
Davante Adams	WR	10	0	0	0	0	0	77	1	6	0	0	0	0	0	0
Stefon Diggs	WR	10	0	0	0	0	0	46	1	5	0	0	0	0	0	0
Raheem Mostert	RB	10	0	0	0	4	0	11	0	1	0	0	0	0	0	0
Ameer Abdullah	RB	10	0	0	0	0	0	8	0	1	0	0	0	0	0	0
Tyler Lockett	WR	10	0	0	0	0	0	44	0	5	0	0	0	0	0	0
Marcus Mariota	QB	10	213	2	0	22	0	0	0	0	0	0	0	0	0	0
Sterling Shepard	WR	10	0	0	0	11	0	20	0	3	0	0	0	0	0	0
Austin Hooper	TE	10	0	0	0	0	0	0	0	0	0	0	0	0	0	0
Chris Moore	WR	10	0	0	0	0	0	0	0	0	0	0	0	0	0	0
Kalif Raymond	WR	10	0	0	0	10	0	49	0	4	0	0	0	0	0	0
Robbie Chosen	WR	10	0	0	0	0	0	17	0	1	0	0	0	0	0	0
Derrick Henry	RB	10	0	0	0	75	0	9	0	3	0	0	0	0	0	0
Demarcus Robinson	WR	10	0	0	0	0	0	34	0	3	0	0	0	0	0	0
Laquon Treadwell	WR	10	0	0	0	0	0	0	0	0	0	0	0	0	0	0
Hunter Henry	TE	10	0	0	0	0	0	9	0	1	0	0	0	0	0	0
Jared Goff	QB	10	320	3	0	0	0	0	0	0	0	0	0	0	0	0
Tyler Higbee	TE	10	0	0	0	0	0	33	0	3	0	0	0	0	0	0
Jacoby Brissett	QB	10	258	2	0	31	0	0	0	0	2	0	0	1	0	0
Mo Alie-Cox	TE	10	0	0	0	0	0	0	0	0	0	0	0	0	0	0
Johnny Mundt	TE	10	0	0	0	0	0	21	0	1	0	0	0	0	0	0
Christian McCaffrey	RB	10	0	0	0	30	0	66	0	8	0	0	0	0	0	0
Curtis Samuel	WR	10	0	0	0	0	0	21	0	1	0	0	0	0	0	0
George Kittle	TE	10	0	0	0	0	0	84	1	9	0	0	0	0	0	0
Aaron Jones	RB	10	0	0	0	47	1	22	0	3	0	0	0	0	0	0
Kendrick Bourne	WR	10	0	0	0	0	0	19	0	1	0	0	0	0	0	0
Taysom Hill	TE	10	0	0	0	20	0	0	0	0	0	0	0	0	0	0
Patrick Ricard	RB	10	0	0	0	3	0	0	0	0	0	0	0	0	0	0
Mack Hollins	WR	10	0	0	0	0	0	106	0	6	0	0	0	0	0	0
Jamal Agnew	WR	10	0	0	0	0	0	0	0	0	0	0	0	0	0	0
Jonnu Smith	TE	10	0	0	0	0	0	4	0	1	0	0	0	0	0	0
Mitchell Trubisky	QB	10	0	0	0	4	0	0	0	0	0	0	0	0	0	0
Evan Engram	TE	10	0	0	0	0	0	12	0	2	0	0	0	0	0	0
David Njoku	TE	10	0	0	0	0	0	21	1	2	0	0	0	0	0	0
Zay Jones	WR	10	0	0	0	0	0	0	0	0	0	0	0	0	0	0
Alvin Kamara	RB	10	0	0	0	83	0	32	0	3	0	0	0	0	0	0
Cooper Kupp	WR	10	0	0	0	0	0	74	0	2	0	0	0	0	0	0
Jeremy McNichols	RB	10	0	0	0	25	0	4	0	1	0	0	0	0	0	0
Ross Dwelley	TE	10	0	0	0	0	0	0	0	0	0	0	0	0	0	0
Tyler Conklin	TE	10	0	0	0	0	0	12	0	1	0	0	0	0	0	0
Courtland Sutton	WR	10	0	0	0	0	0	24	0	3	0	0	0	0	0	0
Dallas Goedert	TE	10	0	0	0	0	0	43	0	4	0	0	0	0	0	0
Dalton Schultz	TE	10	0	0	0	0	0	53	1	7	0	0	0	0	0	0
Ray-Ray McCloud	WR	10	0	0	0	0	0	0	0	0	0	0	0	0	0	0
Braxton Berrios	WR	10	0	0	0	0	0	0	0	0	0	0	0	0	0	0
Kyle Allen	QB	10	0	0	0	-1	0	0	0	0	0	0	0	0	0	0
Mark Andrews	TE	10	0	0	0	0	0	14	1	3	0	0	0	0	0	0
Christian Kirk	WR	10	0	0	0	0	0	3	0	1	0	0	0	0	0	0
Nick Chubb	RB	10	0	0	0	47	0	5	0	1	0	0	0	0	0	0
Lamar Jackson	QB	10	176	1	0	36	0	0	0	0	0	0	0	1	0	0
DJ Moore	WR	10	0	0	0	0	0	0	0	0	0	0	0	0	0	0
Saquon Barkley	RB	10	0	0	0	60	0	41	0	3	0	0	0	0	0	0
KhaDarel Hodge	WR	10	0	0	0	0	0	0	0	0	0	0	0	0	0	0
Baker Mayfield	QB	10	273	3	0	0	0	0	0	0	0	0	0	0	0	0
Josh Allen	QB	10	306	2	1	31	0	0	0	0	0	1	0	0	0	0
Dante Pettis	WR	10	0	0	0	0	0	0	0	0	0	0	0	0	0	0
Sam Darnold	QB	10	178	1	1	-2	0	0	0	0	1	1	0	0	0	0
Jakobi Meyers	WR	10	0	0	0	0	0	41	0	3	0	0	0	0	0	0
Justice Hill	RB	10	0	0	0	1	1	12	0	1	0	0	0	0	0	0
Foster Moreau	TE	10	0	0	0	0	0	16	0	2	0	0	0	0	0	0
Ashton Dulin	WR	10	0	0	0	22	0	0	0	0	0	0	0	0	0	0
Olamide Zaccheaus	WR	10	0	0	0	0	0	5	0	1	0	0	0	0	0	0
T.J. Hockenson	TE	10	0	0	0	0	0	8	0	2	0	0	0	0	0	0
Devin Singletary	RB	10	0	0	0	20	0	53	0	3	0	0	0	0	0	0
Trayveon Williams	RB	10	0	0	0	0	0	0	0	0	0	0	0	0	0	0
David Sills	WR	10	0	0	0	0	0	0	0	0	0	0	0	0	0	0
Greg Dortch	WR	10	0	0	0	2	1	0	0	0	0	0	0	0	0	0
Darius Slayton	WR	10	0	0	0	0	0	89	0	4	0	0	0	0	0	0
Ty Johnson	RB	10	0	0	0	2	0	24	0	2	0	0	0	0	0	0
Alex Bachman	WR	10	0	0	0	0	0	0	0	0	0	0	0	0	0	0
D'Ernest Johnson	RB	10	0	0	0	1	0	0	0	0	0	0	0	0	0	0
DK Metcalf	WR	10	0	0	0	0	0	35	0	3	0	0	0	0	0	0
Gunner Olszewski	WR	10	0	0	0	0	0	0	0	0	0	0	0	0	0	0
A.J. Brown	WR	10	0	0	0	0	0	13	0	2	0	0	0	0	0	0
David Montgomery	RB	10	0	0	0	71	0	0	0	1	0	0	0	0	1	0
Dawson Knox	TE	10	0	0	0	0	0	37	0	3	0	0	0	0	0	0
Josh Jacobs	RB	10	0	0	0	74	1	33	0	5	0	1	0	0	0	0
Drew Lock	QB	10	0	0	0	-4	0	0	0	0	0	0	0	0	0	0
Daniel Jones	QB	10	255	1	1	53	0	0	0	0	1	0	0	0	0	0
Deebo Samuel Sr.	WR	10	0	0	0	0	0	29	1	4	0	0	0	0	0	0
Cody White	WR	10	0	0	0	0	0	0	0	0	0	0	0	0	0	0
Juwan Johnson	TE	10	0	0	0	0	0	92	1	4	0	0	0	0	0	0
Rico Dowdle	RB	10	0	0	0	53	1	10	0	3	0	0	0	0	0	0
J.K. Dobbins	RB	10	0	0	0	77	0	7	0	1	0	0	0	0	0	0
Nick Westbrook-Ikhine	WR	10	0	0	0	0	0	7	0	1	0	0	0	0	0	0
Tua Tagovailoa	QB	10	173	2	2	-1	0	0	0	0	0	0	0	0	0	0
Jonathan Taylor	RB	10	0	0	0	244	3	42	0	3	0	0	0	0	0	0
Colby Parkinson	TE	10	0	0	0	0	0	41	1	4	0	0	0	0	0	0
Michael Pittman	WR	10	0	0	0	0	0	19	0	2	0	0	0	0	0	0
Jauan Jennings	WR	10	0	0	0	0	0	71	1	6	0	0	1	0	0	0
Jordan Love	QB	10	176	0	0	28	0	0	0	0	1	0	0	0	0	0
D'Andre Swift	RB	10	0	0	0	80	0	18	0	5	0	0	0	0	0	0
Cole Kmet	TE	10	0	0	0	0	0	5	0	1	0	0	0	0	0	0
Darnell Mooney	WR	10	0	0	0	0	0	17	0	1	0	0	0	0	0	0
Justin Jefferson	WR	10	0	0	0	0	0	37	0	4	0	0	0	0	0	0
Devin Duvernay	WR	10	0	0	0	0	0	0	0	0	0	0	0	0	0	0
Justin Herbert	QB	10	220	1	0	19	0	0	0	0	0	0	0	0	0	0
Jalen Hurts	QB	10	183	1	0	27	0	0	0	0	0	1	0	0	0	0
Jerry Jeudy	WR	10	0	0	0	0	0	78	1	6	0	0	0	0	0	0
Adam Trautman	TE	10	0	0	0	0	0	2	0	1	0	0	0	0	0	0
Tyler Johnson	WR	10	0	0	0	0	0	0	0	0	0	0	0	0	0	0
Charlie Woerner	TE	10	0	0	0	0	0	14	0	1	0	0	0	0	0	0
Tim Jones	WR	10	0	0	0	0	0	0	0	0	0	0	0	0	0	0
Rashod Bateman	WR	10	0	0	0	0	0	10	0	1	0	0	0	0	0	1
Nico Collins	WR	10	0	0	0	0	0	136	0	7	0	0	0	0	0	1
Chuba Hubbard	RB	10	0	0	0	14	0	1	0	1	0	0	0	0	0	0
Jaylen Waddle	WR	10	0	0	0	0	0	84	1	5	0	0	0	0	0	0
Dyami Brown	WR	10	0	0	0	0	0	0	0	0	0	0	0	0	0	0
John Bates	TE	10	0	0	0	0	0	6	0	1	0	0	0	0	0	0
Tylan Wallace	WR	10	0	0	0	0	0	0	0	0	0	0	0	0	0	0
Simi Fehoko	WR	10	0	0	0	0	0	0	0	0	0	0	0	0	0	0
Brock Wright	TE	10	0	0	0	0	0	0	0	0	0	0	0	0	0	0
Jaret Patterson	RB	10	0	0	0	1	0	0	0	0	0	0	0	0	0	0
Feleipe Franks	TE	10	0	0	0	0	0	0	0	0	0	0	0	0	0	0
Austin Trammell	WR	10	0	0	0	0	0	33	0	2	0	0	0	0	0	0
Kene Nwangwu	RB	10	0	0	0	0	0	0	0	0	0	0	0	0	0	0
Ben Skowronek	WR	10	0	0	0	0	0	0	0	0	0	0	0	0	0	0
Kylen Granson	TE	10	0	0	0	0	0	0	0	0	0	0	0	0	0	0
Luke Farrell	TE	10	0	0	0	0	0	15	1	2	0	0	0	0	0	0
Pat Freiermuth	TE	10	0	0	0	0	0	33	0	3	0	0	0	0	0	0
Davis Mills	QB	10	292	2	1	20	1	0	0	0	0	0	0	1	0	0
DeVonta Smith	WR	10	0	0	0	0	0	69	1	4	0	0	0	0	0	0
Kenny Gainwell	RB	10	0	0	0	0	0	4	0	2	0	0	0	0	0	0
Michael Carter	RB	10	0	0	0	4	0	0	0	0	0	0	0	0	0	0
Justin Fields	QB	10	54	1	1	28	0	0	0	0	0	0	0	0	0	0
Michael Bandy	WR	10	0	0	0	0	0	0	0	0	0	0	0	0	0	0
Amon-Ra St. Brown	WR	10	0	0	0	0	0	58	1	5	0	0	0	0	0	0
Kyle Pitts	TE	10	0	0	0	0	0	38	0	2	0	0	0	0	0	0
Trevor Lawrence	QB	10	158	1	1	35	0	0	0	0	1	0	0	0	0	0
Mac Jones	QB	10	319	3	1	3	0	0	0	0	0	0	0	0	0	0
Travis Etienne	RB	10	0	0	0	58	1	19	0	2	0	0	0	0	0	0
Elijah Moore	WR	10	0	0	0	-1	0	9	0	2	0	0	0	0	0	0
Trey Sermon	RB	10	0	0	0	0	0	0	0	0	0	0	0	0	0	0
Tyler Badie	RB	10	0	0	0	0	0	0	0	0	0	0	0	0	0	0
Grant Calcaterra	TE	10	0	0	0	0	0	0	0	0	0	0	0	0	0	0
Bo Melton	WR	10	0	0	0	0	0	28	0	2	0	0	0	0	0	0
Tyler Goodson	RB	10	0	0	0	4	0	0	0	0	0	0	0	0	0	0
Bam Knight	RB	10	0	0	0	28	0	5	0	1	0	0	0	0	0	0
Jaylen Warren	RB	10	0	0	0	70	0	21	0	2	0	0	0	0	0	0
Drake London	WR	10	0	0	0	0	0	104	1	6	0	0	0	0	0	1
Chris Olave	WR	10	0	0	0	0	0	104	1	5	0	0	0	0	0	0
Jameson Williams	WR	10	0	0	0	0	0	119	1	6	0	0	0	0	0	0
James Cook	RB	10	0	0	0	53	0	24	0	5	0	1	0	0	0	0
Greg Dulcich	TE	10	0	0	0	0	0	22	0	1	0	0	0	0	0	0
Rachaad White	RB	10	0	0	0	38	0	16	0	5	0	0	0	0	0	0
Dameon Pierce	RB	10	0	0	0	0	0	0	0	0	0	0	0	0	0	0
Khalil Shakir	WR	10	0	0	0	0	0	58	0	7	0	0	0	0	0	0
Tyler Allgeier	RB	10	0	0	0	57	2	0	0	0	0	0	0	0	0	0
Jerome Ford	RB	10	0	0	0	1	0	0	0	0	0	0	0	0	0	0
Jalen Nailor	WR	10	0	0	0	0	0	124	1	5	0	0	0	0	0	0
Andrew Ogletree	TE	10	0	0	0	0	0	0	0	0	0	0	0	0	0	0
Zaire Mitchell-Paden	TE	10	0	0	0	0	0	14	0	1	0	0	0	0	0	0
Stone Smartt	TE	10	0	0	0	0	0	0	0	0	0	0	0	0	0	0
Jordan Mason	RB	10	0	0	0	25	0	6	0	1	0	0	0	0	0	0
Rashid Shaheed	WR	10	0	0	0	20	0	3	0	1	0	0	0	0	0	0
John Metchie III	WR	10	0	0	0	-7	0	3	0	1	0	0	0	0	0	0
Tucker Fisk	TE	10	0	0	0	0	0	7	0	1	0	0	0	0	0	0
Alec Pierce	WR	10	0	0	0	0	0	84	1	4	0	0	0	0	0	0
Garrett Wilson	WR	10	0	0	0	0	0	0	0	0	0	0	0	0	0	0
Jahan Dotson	WR	10	0	0	0	0	0	0	0	0	0	0	0	0	0	0
Treylon Burks	WR	10	0	0	0	0	0	58	0	3	0	0	0	0	0	0
Trey McBride	TE	10	0	0	0	0	0	127	1	9	0	0	0	0	0	0
Brian Robinson	RB	10	0	0	0	41	1	4	0	1	0	0	0	0	0	0
Jeremy Ruckert	TE	10	0	0	0	0	0	0	0	1	0	0	0	0	0	0
Romeo Doubs	WR	10	0	0	0	0	0	5	0	1	0	0	0	0	0	0
Calvin Austin III	WR	10	0	0	0	0	0	14	0	2	0	0	0	0	0	0
Isaiah Likely	TE	10	0	0	0	0	0	17	0	2	0	0	0	0	0	0
Kyren Williams	RB	10	0	0	0	73	2	11	0	2	0	0	0	0	0	0
Charlie Kolar	TE	10	0	0	0	0	0	23	0	1	0	0	0	0	0	0
Skyy Moore	WR	10	0	0	0	0	0	18	0	1	0	0	0	0	0	0
Kenny Pickett	QB	10	0	0	0	0	0	0	0	0	0	0	0	0	0	0
Daniel Bellinger	TE	10	0	0	0	0	0	8	0	1	0	0	0	0	0	0
Wan'Dale Robinson	WR	10	0	0	0	0	0	62	0	6	0	0	0	0	0	0
Breece Hall	RB	10	0	0	0	83	0	42	1	1	0	0	0	0	0	0
Christian Watson	WR	10	0	0	0	0	0	45	0	2	0	0	0	0	0	0
Cade Otton	TE	10	0	0	0	0	0	82	0	9	0	0	0	0	0	0
Kenneth Walker III	RB	10	0	0	0	67	0	3	0	1	0	0	0	0	0	0
Xavier Smith	WR	10	0	0	0	0	0	14	0	1	0	0	0	0	0	0
Dontayvion Wicks	WR	10	0	0	0	0	0	38	0	4	0	0	0	0	0	0
Keaton Mitchell	RB	10	0	0	0	31	0	0	0	0	0	0	0	0	0	0
Brady Russell	RB	10	0	0	0	0	0	0	0	0	0	0	0	0	0	0
Xavier Gipson	WR	10	0	0	0	0	0	0	0	0	0	0	0	0	0	0
Bijan Robinson	RB	10	0	0	0	84	0	4	0	2	0	0	0	0	0	0
Jaxon Smith-Njigba	WR	10	0	0	0	0	0	93	1	5	0	0	0	0	0	0
Quentin Johnston	WR	10	0	0	0	0	0	42	0	5	0	0	0	0	0	0
Tank Bigsby	RB	10	0	0	0	7	0	0	0	0	0	0	0	0	0	0
Darnell Washington	TE	10	0	0	0	0	0	15	0	1	0	0	0	0	0	0
Michael Wilson	WR	10	0	0	0	0	0	34	0	4	0	0	0	0	0	0
Tre Tucker	WR	10	0	0	0	7	0	28	0	2	0	0	0	0	0	0
Derius Davis	WR	10	0	0	0	0	0	3	0	1	0	0	0	0	0	0
Parker Washington	WR	10	0	0	0	-4	0	33	1	3	0	0	0	0	0	0
Chris Rodriguez Jr.	RB	10	0	0	0	16	1	0	0	0	0	0	0	0	0	0
DeMario Douglas	WR	10	0	0	0	0	0	34	0	2	0	0	0	0	0	0
Tyrell Shavers	WR	10	0	0	0	0	0	24	0	1	0	0	0	0	0	0
Chris Brooks	RB	10	0	0	0	0	0	0	0	0	0	0	0	0	0	0
Emari Demercado	RB	10	0	0	0	64	0	40	0	3	0	0	0	0	0	0
Blake Whiteheart	TE	10	0	0	0	0	0	0	0	0	0	0	0	0	0	0
Emanuel Wilson	RB	10	0	0	0	2	0	2	0	1	0	0	0	0	0	0
Ryan Miller	WR	10	0	0	0	0	0	0	0	0	0	0	0	0	0	0
Dalton Kincaid	TE	10	0	0	0	0	0	37	0	2	0	0	0	0	0	0
Sean Tucker	RB	10	0	0	0	53	0	-2	0	1	0	0	0	0	0	0
Cedric Tillman	WR	10	0	0	0	0	0	11	0	2	0	0	0	0	0	0
Jordan Addison	WR	10	0	0	0	0	0	35	0	3	0	0	0	0	0	0
Josh Downs	WR	10	0	0	0	0	0	3	0	1	0	0	0	0	0	0
De'Von Achane	RB	10	0	0	0	174	2	51	0	6	0	0	0	0	0	0
Elijah Higgins	TE	10	0	0	0	0	0	19	0	2	0	0	0	0	0	0
Payne Durham	TE	10	0	0	0	0	0	0	0	0	0	0	0	0	0	0
Zay Flowers	WR	10	0	0	0	6	0	75	0	4	0	0	0	0	0	0
Sam LaPorta	TE	10	0	0	0	0	0	53	0	5	0	0	0	0	0	0
Michael Mayer	TE	10	0	0	0	0	0	22	0	3	0	0	0	0	0	0
Davis Allen	TE	10	0	0	0	0	0	8	1	2	0	0	0	0	0	0
Puka Nacua	WR	10	0	0	0	0	0	64	1	5	0	0	0	0	0	0
Jahmyr Gibbs	RB	10	0	0	0	142	2	30	1	3	0	0	0	0	0	0
Luke Musgrave	TE	10	0	0	0	0	0	23	0	3	0	0	0	0	0	0
Bryce Young	QB	10	124	0	1	6	0	0	0	0	0	1	0	0	0	0
Zach Charbonnet	RB	10	0	0	0	83	1	0	0	0	0	0	0	0	0	0
George Holani	RB	10	0	0	0	31	1	0	0	0	0	0	0	0	0	0
Jack Westover	TE	10	0	0	0	0	0	0	0	0	0	0	0	0	0	0
Brock Bowers	TE	10	0	0	0	-4	0	31	0	1	0	0	0	0	0	0
Xavier Legette	WR	10	0	0	0	0	0	0	0	0	0	0	0	0	0	0
Ja'Tavion Sanders	TE	10	0	0	0	0	0	32	0	5	0	0	0	0	0	0
Sione Vaki	RB	10	0	0	0	4	0	0	0	0	0	0	0	0	0	0
Jamari Thrash	WR	10	0	0	0	0	0	0	0	0	0	0	0	0	0	0
Tyrone Tracy Jr.	RB	10	0	0	0	71	0	0	0	1	0	0	0	0	0	0
Kimani Vidal	RB	10	0	0	0	95	1	13	0	1	0	0	0	0	0	0
Dylan Laube	RB	10	0	0	0	0	0	0	0	0	0	0	0	0	0	0
Devaughn Vele	WR	10	0	0	0	0	0	15	0	1	0	0	0	0	0	0
Isaiah Williams	WR	10	0	0	0	0	0	4	0	1	0	0	0	0	0	0
Jalen Coker	WR	10	0	0	0	0	0	21	0	3	0	0	0	0	0	0
Kedon Slovis	QB	10	0	0	0	0	0	0	0	0	0	0	0	0	0	0
Kameron Johnson	WR	10	0	0	0	11	0	0	0	0	0	0	0	0	0	0
Bo Nix	QB	10	150	1	2	-2	0	0	0	0	0	0	0	0	0	0
Blake Corum	RB	10	0	0	0	56	0	0	0	0	0	0	0	0	0	0
Roman Wilson	WR	10	0	0	0	0	0	35	1	2	0	0	0	0	0	0
Will Shipley	RB	10	0	0	0	17	0	17	0	2	0	0	0	0	0	0
Terrell Jennings	RB	10	0	0	0	5	0	0	0	0	0	0	0	0	0	0
AJ Barner	TE	10	0	0	0	3	0	0	0	0	0	0	0	0	0	0
Isaiah Davis	RB	10	0	0	0	10	0	1	0	1	0	0	0	0	0	0
Theo Johnson	TE	10	0	0	0	0	0	75	0	7	0	0	0	0	0	0
Marvin Harrison Jr.	WR	10	0	0	0	0	0	33	1	3	0	0	0	0	0	1
Drake Maye	QB	10	270	2	1	13	0	0	0	0	0	0	0	0	0	0
Troy Franklin	WR	10	0	0	0	0	0	40	1	5	0	0	0	0	0	0
Jaylen Wright	RB	10	0	0	0	17	0	0	0	0	0	0	0	0	0	0
Ray Davis	RB	10	0	0	0	-2	0	0	0	1	0	0	0	0	0	0
Malik Washington	WR	10	0	0	0	4	0	9	1	2	0	0	0	0	0	0
Keon Coleman	WR	10	0	0	0	0	0	46	1	3	0	0	0	0	0	0
Ben Sinnott	TE	10	0	0	0	0	0	4	1	1	0	0	0	0	0	0
Ladd McConkey	WR	10	0	0	0	0	0	107	1	4	0	0	0	0	0	0
Michael Penix Jr.	QB	10	177	1	0	-1	0	0	0	0	1	0	0	1	0	0
Caleb Williams	QB	10	220	1	0	63	1	0	0	0	0	0	0	0	0	0
Rome Odunze	WR	10	0	0	0	0	0	86	1	6	0	0	0	0	0	0
Malachi Corley	WR	10	0	0	0	32	0	0	0	0	0	0	0	0	0	0
J.J. McCarthy	QB	10	248	1	2	48	0	0	0	0	0	0	0	0	0	0
Savion Williams	WR	10	0	0	0	0	0	2	0	2	0	0	0	0	0	0
Nick Kallerup	TE	10	0	0	0	0	0	0	0	0	0	0	0	0	0	0
LaJohntay Wester	WR	10	0	0	0	0	0	0	0	0	0	0	0	0	0	0
Ashton Jeanty	RB	10	0	0	0	60	1	3	0	3	0	0	0	0	0	0
Tetairoa McMillan	WR	10	0	0	0	0	0	60	0	5	0	0	0	0	0	0
Colston Loveland	TE	10	0	0	0	0	0	55	0	4	0	0	0	0	0	0
Tyler Warren	TE	10	0	0	0	0	0	99	0	8	0	0	0	0	0	0
Emeka Egbuka	WR	10	0	0	0	0	0	115	1	6	0	0	0	0	0	0
Jayden Higgins	WR	10	0	0	0	0	0	42	1	5	0	0	0	0	0	0
Kyle Williams	WR	10	0	0	0	0	0	72	1	1	0	0	0	0	0	0
Pat Bryant	WR	10	0	0	0	0	0	43	0	1	0	0	0	0	0	0
Jaylin Noel	WR	10	0	0	0	0	0	35	0	4	0	0	0	0	0	0
Kaleb Johnson	RB	10	0	0	0	3	0	0	0	0	0	0	0	0	0	0
Dylan Sampson	RB	10	0	0	0	-4	0	3	0	1	0	0	0	0	0	0
Jaylin Lane	WR	10	0	0	0	0	0	41	0	1	0	0	0	0	0	0
Mitchell Evans	TE	10	0	0	0	0	0	0	0	0	0	0	0	0	0	0
Oronde Gadsden II	TE	10	0	0	0	0	0	13	0	3	0	0	0	0	0	0
Jackson Hawes	TE	10	0	0	0	0	0	26	1	1	0	0	0	0	0	0
Ollie Gordon II	RB	10	0	0	0	-3	0	0	0	0	0	0	0	0	0	0
Devin Neal	RB	10	0	0	0	22	0	9	0	3	0	0	0	0	0	0
Kyle Monangai	RB	10	0	0	0	28	1	0	0	0	0	0	0	0	0	0
Tez Johnson	WR	10	0	0	0	0	0	42	2	4	0	0	0	0	0	0
LeQuint Allen Jr.	RB	10	0	0	0	0	0	6	0	1	0	0	0	0	0	0
Dominic Lovett	WR	10	0	0	0	0	0	0	0	0	0	0	0	0	0	0
Jacory Croskey-Merritt	RB	10	0	0	0	30	0	0	0	0	0	0	0	0	0	0
Gage Larvadain	WR	10	0	0	0	0	0	0	0	0	0	0	0	0	0	0
Myles Price	WR	10	0	0	0	0	0	0	0	0	0	0	0	0	0	0
Ben Yurosek	TE	10	0	0	0	0	0	0	0	0	0	0	0	0	0	0
Ke'Shawn Williams	WR	10	0	0	0	0	0	0	0	0	0	0	0	0	0	0
Efton Chism III	WR	10	0	0	0	0	0	0	0	0	0	0	0	0	0	0
Dont'e Thornton Jr.	WR	10	0	0	0	0	0	4	0	1	0	0	0	0	0	0
Arian Smith	WR	10	0	0	0	13	0	0	0	0	0	0	0	0	0	0
Woody Marks	RB	10	0	0	0	63	1	18	0	2	0	0	0	0	0	0
Konata Mumpfield	WR	10	0	0	0	0	0	0	0	0	0	0	0	0	0	0
Trevor Etienne	RB	10	0	0	0	0	0	0	0	0	0	0	0	0	0	0
Robbie Ouzts	RB	10	0	0	0	0	0	0	0	0	0	0	0	0	0	0
Harold Fannin Jr.	TE	10	0	0	0	0	0	44	0	4	0	0	0	0	0	0
Isaac TeSlaa	WR	10	0	0	0	0	0	11	0	1	0	0	0	0	0	0
Jaxson Dart	QB	10	242	0	0	66	2	0	0	0	0	1	0	0	0	0
Dillon Gabriel	QB	10	167	2	0	54	0	0	0	0	0	0	0	0	0	0
Bhayshul Tuten	RB	10	0	0	0	5	0	5	0	1	0	0	0	0	0	0
Tre Harris	WR	10	0	0	0	0	0	4	0	2	0	0	0	0	0	0
Jack Bech	WR	10	0	0	0	0	0	0	0	0	0	0	0	0	0	0
RJ Harvey	RB	10	0	0	0	9	0	9	0	2	0	0	0	0	0	0
TreVeyon Henderson	RB	10	0	0	0	147	2	3	0	1	0	0	0	0	0	0
Luther Burden III	WR	10	0	0	0	0	0	51	0	3	0	0	0	0	0	0
Mason Taylor	TE	10	0	0	0	0	0	4	0	1	0	0	0	0	0	0
Terrance Ferguson	TE	10	0	0	0	0	0	32	0	1	0	0	0	0	0	0
Elijah Arroyo	TE	10	0	0	0	0	0	5	0	1	0	0	0	0	0	0
Tyler Shough	QB	10	282	2	0	-3	0	0	0	0	0	0	0	0	0	0
Quinshon Judkins	RB	10	0	0	0	75	0	10	0	2	0	0	0	0	0	0
Aaron Rodgers	QB	11	116	1	0	8	0	0	0	0	0	0	0	0	0	0
Joe Flacco	QB	11	199	1	1	-1	0	0	0	0	0	0	0	0	0	0
Matthew Stafford	QB	11	130	2	0	0	0	0	0	0	0	0	0	0	0	0
Kirk Cousins	QB	11	48	0	0	2	0	0	0	0	0	0	0	0	0	0
Adam Thielen	WR	11	0	0	0	0	0	6	0	1	0	0	0	0	0	0
Zach Ertz	TE	11	0	0	0	0	0	42	0	4	0	0	0	0	0	0
Keenan Allen	WR	11	0	0	0	0	0	53	0	4	0	0	0	0	0	0
Travis Kelce	TE	11	0	0	0	0	0	91	1	9	0	0	0	0	0	0
DeAndre Hopkins	WR	11	0	0	0	0	0	11	0	1	0	0	0	0	0	0
Geno Smith	QB	11	238	1	1	14	0	0	0	0	0	0	0	0	0	0
Teddy Bridgewater	QB	11	0	0	0	-1	0	0	0	0	0	0	0	0	0	0
Davante Adams	WR	11	0	0	0	0	0	1	1	1	0	0	0	0	0	0
Jameis Winston	QB	11	201	0	1	10	1	0	0	0	1	0	0	0	0	0
Stefon Diggs	WR	11	0	0	0	0	0	105	0	9	0	0	0	0	0	0
Raheem Mostert	RB	11	0	0	0	6	0	7	0	2	0	0	0	0	0	0
Tyler Lockett	WR	11	0	0	0	0	0	33	0	3	0	0	0	0	0	0
Marcus Mariota	QB	11	213	1	1	49	0	0	0	0	0	0	0	0	0	0
Sterling Shepard	WR	11	0	0	0	7	0	54	0	4	0	0	0	0	0	0
Chris Moore	WR	11	0	0	0	0	0	28	0	2	0	0	0	0	0	0
Kalif Raymond	WR	11	0	0	0	0	0	0	0	0	0	0	0	0	0	0
Robbie Chosen	WR	11	0	0	0	0	0	0	0	0	0	0	0	0	0	0
Derrick Henry	RB	11	0	0	0	103	1	19	0	2	0	0	0	0	0	0
Demarcus Robinson	WR	11	0	0	0	0	0	13	0	1	0	0	0	0	0	0
Dak Prescott	QB	11	268	4	0	-4	0	0	0	0	1	0	0	0	0	0
Hunter Henry	TE	11	0	0	0	0	0	45	0	4	0	0	0	0	0	0
Jared Goff	QB	11	255	1	1	-1	0	0	0	0	0	0	0	0	0	0
Tyler Higbee	TE	11	0	0	0	0	0	23	0	1	0	0	0	0	0	0
Jacoby Brissett	QB	11	452	2	2	-2	0	0	0	0	0	0	0	0	0	0
Johnny Mundt	TE	11	0	0	0	0	0	25	0	2	0	0	0	0	0	0
Christian McCaffrey	RB	11	0	0	0	81	2	40	1	5	0	0	0	0	0	0
Curtis Samuel	WR	11	0	0	0	0	0	19	0	2	0	0	0	0	0	0
George Kittle	TE	11	0	0	0	0	0	67	2	6	0	0	0	0	0	0
Aaron Jones	RB	11	0	0	0	70	0	11	0	3	0	0	0	0	0	0
Tim Patrick	WR	11	0	0	0	0	0	20	1	3	0	0	0	0	0	0
Patrick Ricard	RB	11	0	0	0	0	0	0	0	0	0	0	0	0	0	0
Pharaoh Brown	TE	11	0	0	0	0	0	0	0	0	0	0	0	0	0	0
Mack Hollins	WR	11	0	0	0	0	0	64	0	4	0	0	0	0	0	0
Jamal Agnew	WR	11	0	0	0	0	0	0	0	0	0	0	0	0	0	0
Robert Tonyan	TE	11	0	0	0	0	0	1	0	1	0	0	0	0	0	0
Dare Ogunbowale	RB	11	0	0	0	0	0	9	0	1	0	0	0	0	0	0
JuJu Smith-Schuster	WR	11	0	0	0	0	0	0	0	0	0	0	0	0	0	0
Jonnu Smith	TE	11	0	0	0	0	0	0	0	0	0	0	0	0	0	0
Patrick Mahomes	QB	11	276	1	1	3	0	0	0	0	0	0	0	0	0	0
Evan Engram	TE	11	0	0	0	0	0	33	0	4	0	0	0	0	0	0
David Njoku	TE	11	0	0	0	0	0	7	0	1	0	0	0	0	0	0
Cooper Kupp	WR	11	0	0	0	0	0	23	0	3	0	0	0	0	0	0
Kareem Hunt	RB	11	0	0	0	59	1	3	0	1	0	0	0	0	0	0
Jeremy McNichols	RB	11	0	0	0	13	0	16	0	2	0	0	0	0	0	0
Courtland Sutton	WR	11	0	0	0	0	0	59	0	4	0	0	0	0	0	0
Dallas Goedert	TE	11	0	0	0	0	0	24	0	2	0	0	0	0	0	0
Ian Thomas	TE	11	0	0	0	0	0	20	0	1	0	0	0	0	0	0
Dalton Schultz	TE	11	0	0	0	0	0	51	0	6	0	0	0	0	0	0
Tanner Hudson	TE	11	0	0	0	0	0	22	0	3	0	0	0	0	0	0
Chase Edmonds	RB	11	0	0	0	0	0	0	0	0	0	0	0	0	0	0
Mark Andrews	TE	11	0	0	0	35	1	32	0	3	0	0	0	0	0	0
Mason Rudolph	QB	11	127	1	0	-1	0	0	0	0	0	0	0	0	0	0
Christian Kirk	WR	11	0	0	0	0	0	6	0	1	0	0	0	0	0	0
Nick Chubb	RB	11	0	0	0	17	0	0	0	0	0	0	0	0	0	0
Lamar Jackson	QB	11	193	0	2	10	0	0	0	0	0	0	0	0	0	0
Durham Smythe	TE	11	0	0	0	0	0	8	0	1	0	0	0	0	0	0
DJ Moore	WR	11	0	0	0	3	0	18	0	1	0	0	0	0	0	0
Calvin Ridley	WR	11	0	0	0	0	0	13	0	1	0	0	0	0	0	0
Saquon Barkley	RB	11	0	0	0	83	0	7	0	1	0	0	0	0	0	0
KhaDarel Hodge	WR	11	0	0	0	0	0	0	0	0	0	0	0	0	0	0
Baker Mayfield	QB	11	173	1	1	39	1	0	0	0	1	0	0	0	0	0
Josh Allen	QB	11	317	3	2	40	3	0	0	0	0	0	0	0	0	0
Sam Darnold	QB	11	279	0	4	11	0	0	0	0	0	0	0	0	0	0
Jakobi Meyers	WR	11	0	0	0	0	0	64	0	5	0	0	0	0	0	0
Mecole Hardman	WR	11	0	0	0	0	0	0	0	0	0	0	0	0	0	0
T.J. Hockenson	TE	11	0	0	0	0	0	39	0	3	0	0	0	0	0	0
Josh Oliver	TE	11	0	0	0	0	0	-3	0	1	0	0	0	0	0	0
Devin Singletary	RB	11	0	0	0	44	2	3	0	1	0	0	0	0	0	0
Tony Pollard	RB	11	0	0	0	22	0	4	0	3	0	0	0	0	0	0
Trayveon Williams	RB	11	0	0	0	-1	0	0	0	1	0	0	0	0	0	0
David Sills	WR	11	0	0	0	0	0	11	0	1	0	0	0	0	0	0
Greg Dortch	WR	11	0	0	0	0	0	66	1	6	0	0	0	0	0	0
Ty Johnson	RB	11	0	0	0	9	0	61	1	2	0	0	0	0	0	0
Travis Homer	RB	11	0	0	0	-2	0	0	0	0	0	0	0	0	0	0
D'Ernest Johnson	RB	11	0	0	0	6	0	0	0	0	0	0	0	0	0	0
DK Metcalf	WR	11	0	0	0	0	0	49	0	5	0	0	0	0	0	0
Noah Fant	TE	11	0	0	0	0	0	36	0	5	0	0	1	0	0	0
Gunner Olszewski	WR	11	0	0	0	0	0	0	0	0	0	0	0	0	0	0
Marquise Brown	WR	11	0	0	0	0	0	40	0	4	0	0	0	0	0	0
A.J. Brown	WR	11	0	0	0	0	0	49	0	7	0	0	0	0	0	0
David Montgomery	RB	11	0	0	0	27	0	10	0	1	0	0	0	0	0	0
Dawson Knox	TE	11	0	0	0	0	0	23	0	1	0	0	0	0	0	0
Josh Jacobs	RB	11	0	0	0	40	0	0	0	0	0	0	0	0	0	0
Deebo Samuel Sr.	WR	11	0	0	0	3	0	74	1	7	0	0	0	0	0	0
Andre Baccellia	WR	11	0	0	0	0	0	5	0	1	0	0	0	0	0	0
Cody White	WR	11	0	0	0	0	0	0	0	0	0	0	0	0	0	0
Rico Dowdle	RB	11	0	0	0	45	0	55	0	5	0	0	0	0	0	0
Isaiah Hodgins	WR	11	0	0	0	0	0	57	0	5	0	0	0	0	0	0
Mason Kinsey	WR	11	0	0	0	0	0	14	0	1	0	0	0	0	0	0
Reggie Gilliam	RB	11	0	0	0	0	0	0	0	0	0	0	0	0	0	0
Gabe Davis	WR	11	0	0	0	0	0	40	0	3	0	0	0	0	0	0
Tua Tagovailoa	QB	11	171	0	0	0	0	0	0	0	0	0	0	0	0	0
Colby Parkinson	TE	11	0	0	0	0	0	14	1	2	0	0	0	0	0	0
Jauan Jennings	WR	11	0	0	0	0	0	54	0	4	0	0	0	0	0	0
Jordan Love	QB	11	174	2	0	7	0	0	0	0	0	0	0	1	0	0
D'Andre Swift	RB	11	0	0	0	90	0	0	0	0	0	0	0	0	0	0
Cole Kmet	TE	11	0	0	0	0	0	45	0	5	0	0	0	0	0	0
Darnell Mooney	WR	11	0	0	0	0	0	34	0	3	0	0	0	0	0	0
Justin Jefferson	WR	11	0	0	0	0	0	61	0	5	0	0	0	0	0	0
Devin Duvernay	WR	11	0	0	0	0	0	0	0	0	0	0	0	0	0	0
Josiah Deguara	TE	11	0	0	0	0	0	0	0	0	0	0	0	0	0	0
Justin Herbert	QB	11	81	0	1	21	0	0	0	0	0	0	0	0	0	0
CeeDee Lamb	WR	11	0	0	0	0	0	66	1	5	0	0	0	0	0	0
Jalen Hurts	QB	11	135	0	0	31	1	0	0	0	0	0	0	0	0	0
Jerry Jeudy	WR	11	0	0	0	0	0	21	0	3	0	0	0	0	0	0
Tee Higgins	WR	11	0	0	0	0	0	63	1	3	0	0	0	0	0	0
Van Jefferson	WR	11	0	0	0	0	0	22	1	3	0	0	0	0	0	0
Adam Trautman	TE	11	0	0	0	0	0	8	0	1	0	0	0	0	0	0
Nico Collins	WR	11	0	0	0	0	0	92	1	9	0	0	0	0	0	0
Chuba Hubbard	RB	11	0	0	0	21	0	7	0	1	0	0	0	0	0	0
Elijah Mitchell	RB	11	0	0	0	0	0	0	0	0	0	0	0	0	0	0
Quintin Morris	TE	11	0	0	0	0	0	11	0	1	0	0	0	0	0	0
Jaylen Waddle	WR	11	0	0	0	0	0	52	0	3	0	0	0	0	0	0
Dyami Brown	WR	11	0	0	0	0	0	0	0	0	0	0	0	0	0	0
Tylan Wallace	WR	11	0	0	0	0	0	0	0	0	0	0	0	0	0	0
Noah Gray	TE	11	0	0	0	0	0	9	0	2	0	0	0	0	0	0
Brock Wright	TE	11	0	0	0	0	0	8	0	2	0	0	0	0	0	0
Feleipe Franks	TE	11	0	0	0	0	0	0	0	0	0	0	0	0	0	0
Austin Trammell	WR	11	0	0	0	0	0	13	0	1	0	0	0	0	0	0
Kene Nwangwu	RB	11	0	0	0	0	0	0	0	0	0	0	0	0	0	0
Ben Skowronek	WR	11	0	0	0	0	0	0	0	0	0	0	0	0	0	0
Kylen Granson	TE	11	0	0	0	0	0	4	0	1	0	0	0	0	0	0
Luke Farrell	TE	11	0	0	0	0	0	0	0	0	0	0	0	0	0	0
Pat Freiermuth	TE	11	0	0	0	0	0	19	0	1	0	0	0	0	0	0
Davis Mills	QB	11	274	1	0	14	0	0	0	0	0	0	0	0	0	0
Ja'Marr Chase	WR	11	0	0	0	0	0	30	0	3	0	0	0	0	0	0
DeVonta Smith	WR	11	0	0	0	0	0	8	0	1	0	0	0	0	0	0
Kenny Gainwell	RB	11	0	0	0	24	0	81	2	7	0	0	0	0	0	0
Michael Carter	RB	11	0	0	0	6	0	22	0	5	0	0	0	0	0	0
Justin Fields	QB	11	116	1	0	67	1	0	0	0	0	1	0	0	0	0
Amon-Ra St. Brown	WR	11	0	0	0	0	0	42	0	2	0	0	0	0	0	0
Kyle Pitts	TE	11	0	0	0	0	0	14	0	2	0	0	0	0	0	0
Trevor Lawrence	QB	11	153	1	1	9	1	0	0	0	0	0	0	0	0	0
Mac Jones	QB	11	0	0	0	-3	0	0	0	0	0	0	0	0	0	0
Travis Etienne	RB	11	0	0	0	73	2	0	0	0	0	0	0	0	0	0
Josh Palmer	WR	11	0	0	0	0	0	17	0	2	0	0	0	0	0	0
Javonte Williams	RB	11	0	0	0	93	0	0	0	1	0	0	0	0	0	0
Tommy Tremble	TE	11	0	0	0	0	0	54	0	1	0	0	0	0	0	0
Trey Lance	QB	11	37	0	0	1	0	0	0	0	0	0	0	0	0	0
Tyler Badie	RB	11	0	0	0	0	0	0	0	1	0	0	0	0	0	0
Bo Melton	WR	11	0	0	0	17	0	0	0	0	0	0	0	0	0	0
Jake Tonges	TE	11	0	0	0	0	0	0	0	0	0	0	0	0	0	0
Bam Knight	RB	11	0	0	0	24	1	21	0	4	0	0	0	0	0	0
Jaylen Warren	RB	11	0	0	0	62	0	5	0	2	0	0	0	0	0	0
Drake London	WR	11	0	0	0	0	0	119	0	7	0	0	0	0	0	0
Jameson Williams	WR	11	0	0	0	9	0	88	1	4	0	0	0	0	0	0
George Pickens	WR	11	0	0	0	0	0	144	1	9	0	0	0	0	0	0
James Cook	RB	11	0	0	0	48	0	66	1	3	0	0	0	0	0	0
Greg Dulcich	TE	11	0	0	0	0	0	18	0	2	0	0	0	0	0	0
Rachaad White	RB	11	0	0	0	51	0	11	0	2	0	0	0	0	0	0
Khalil Shakir	WR	11	0	0	0	0	0	-3	0	1	0	0	0	0	0	0
Tyler Allgeier	RB	11	0	0	0	10	1	6	0	2	0	0	0	0	0	0
Jerome Ford	RB	11	0	0	0	2	0	0	0	0	0	0	0	0	0	0
Jalen Nailor	WR	11	0	0	0	0	0	16	0	1	0	0	0	0	0	0
John FitzPatrick	TE	11	0	0	0	0	0	5	0	1	0	0	0	0	0	0
Jordan Mason	RB	11	0	0	0	45	1	0	0	0	0	0	0	0	0	0
Rashid Shaheed	WR	11	0	0	0	2	0	27	0	2	0	0	0	0	0	0
Malik Davis	RB	11	0	0	0	20	0	0	0	0	0	0	0	0	0	0
Julius Chestnut	RB	11	0	0	0	0	0	0	0	0	0	0	0	0	0	0
John Metchie III	WR	11	0	0	0	0	0	45	1	3	0	0	0	0	0	0
Jalen Tolbert	WR	11	0	0	0	0	0	0	0	0	0	0	0	0	0	0
Jahan Dotson	WR	11	0	0	0	0	0	43	0	2	0	0	0	0	0	0
Trey McBride	TE	11	0	0	0	0	0	115	1	10	0	0	0	0	0	0
Brian Robinson	RB	11	0	0	0	24	0	0	0	0	0	0	0	0	0	0
KaVontae Turpin	WR	11	0	0	0	0	0	0	0	1	0	0	0	0	0	0
Jeremy Ruckert	TE	11	0	0	0	0	0	23	0	4	0	0	0	0	0	0
Chig Okonkwo	TE	11	0	0	0	0	0	56	0	3	0	0	0	0	0	0
Romeo Doubs	WR	11	0	0	0	0	0	53	0	4	0	0	0	0	0	0
Brock Purdy	QB	11	200	3	0	-7	0	0	0	0	0	0	0	0	0	0
Calvin Austin III	WR	11	0	0	0	0	0	5	0	1	0	0	0	0	0	0
Isaiah Likely	TE	11	0	0	0	0	0	15	0	2	0	0	0	0	0	0
Kyren Williams	RB	11	0	0	0	91	1	5	0	1	0	0	0	0	0	0
Jake Ferguson	TE	11	0	0	0	0	0	16	1	4	0	0	0	0	0	0
Charlie Kolar	TE	11	0	0	0	0	0	0	0	0	0	0	0	0	0	0
Skyy Moore	WR	11	0	0	0	0	0	0	0	0	0	0	0	0	0	0
Tyquan Thornton	WR	11	0	0	0	0	0	61	0	1	0	0	0	0	0	0
Daniel Bellinger	TE	11	0	0	0	0	0	0	0	0	0	0	0	0	0	0
Wan'Dale Robinson	WR	11	0	0	0	0	0	36	0	4	0	0	0	0	0	0
Breece Hall	RB	11	0	0	0	58	0	6	0	2	0	0	0	0	0	0
Christian Watson	WR	11	0	0	0	0	0	46	2	4	0	0	0	0	0	0
Malik Willis	QB	11	6	1	0	16	0	0	0	0	0	0	0	0	0	0
Cade Otton	TE	11	0	0	0	0	0	28	0	2	0	0	0	0	0	0
Kenneth Walker III	RB	11	0	0	0	67	1	44	0	3	0	0	0	0	0	0
Xavier Smith	WR	11	0	0	0	0	0	8	0	1	0	0	0	0	0	0
Dontayvion Wicks	WR	11	0	0	0	0	0	9	0	1	0	0	0	0	0	0
Keaton Mitchell	RB	11	0	0	0	31	0	23	0	2	0	0	0	0	0	0
Owen Wright	RB	11	0	0	0	0	0	0	0	0	0	0	0	0	0	0
Brady Russell	RB	11	0	0	0	0	0	0	0	0	0	0	0	0	0	0
Xavier Gipson	WR	11	0	0	0	0	0	0	0	0	0	0	0	0	0	0
Nikko Remigio	WR	11	0	0	0	0	0	0	0	0	0	0	0	0	0	0
Bijan Robinson	RB	11	0	0	0	104	2	39	0	4	0	0	0	0	0	0
Jaxon Smith-Njigba	WR	11	0	0	0	11	0	105	0	9	0	0	0	0	0	0
Quentin Johnston	WR	11	0	0	0	0	0	0	0	0	0	0	0	0	0	0
Tank Bigsby	RB	11	0	0	0	34	0	0	0	0	0	0	0	0	0	0
Darnell Washington	TE	11	0	0	0	0	0	67	0	4	0	0	0	0	0	0
Michael Wilson	WR	11	0	0	0	0	0	185	0	15	0	0	0	0	0	0
Tre Tucker	WR	11	0	0	0	0	0	47	1	4	0	0	0	0	0	0
Cameron Latu	TE	11	0	0	0	0	0	0	0	0	0	0	0	0	0	0
Derius Davis	WR	11	0	0	0	0	0	0	0	0	0	0	0	0	0	0
Charlie Jones	WR	11	0	0	0	0	0	0	0	0	0	0	0	0	0	0
Josh Whyle	TE	11	0	0	0	0	0	2	1	1	0	0	0	0	0	0
Chase Brown	RB	11	0	0	0	99	0	28	0	6	0	0	0	0	0	0
Parker Washington	WR	11	0	0	0	0	0	20	0	2	0	0	0	0	0	0
Chris Rodriguez Jr.	RB	11	0	0	0	79	0	6	0	1	0	0	0	0	0	0
Xavier Hutchinson	WR	11	0	0	0	0	0	42	0	3	0	0	0	0	0	0
Andrei Iosivas	WR	11	0	0	0	0	0	20	0	3	0	0	0	0	0	0
DeMario Douglas	WR	11	0	0	0	-5	0	36	0	3	0	0	0	0	0	0
Tyrell Shavers	WR	11	0	0	0	0	0	90	1	4	0	0	0	0	0	0
Chris Brooks	RB	11	0	0	0	8	0	0	0	0	0	0	0	0	0	0
Emari Demercado	RB	11	0	0	0	8	0	12	0	2	0	0	0	0	0	0
Julian Hill	TE	11	0	0	0	0	0	14	0	1	0	0	0	0	0	0
Hunter Luepke	RB	11	0	0	0	5	0	36	0	3	0	0	0	0	0	0
Jaleel McLaughlin	RB	11	0	0	0	19	1	-5	0	1	0	0	0	0	0	0
Emanuel Wilson	RB	11	0	0	0	40	1	9	0	1	0	0	0	0	0	1
Ryan Miller	WR	11	0	0	0	0	0	0	0	0	0	0	0	0	0	0
Brycen Tremayne	WR	11	0	0	0	0	0	17	0	2	0	0	0	0	0	0
Jacob Saylors	RB	11	0	0	0	0	0	0	0	0	0	0	0	0	0	0
Jalin Hyatt	WR	11	0	0	0	0	0	18	0	2	0	0	0	0	0	0
Sean Tucker	RB	11	0	0	0	106	2	34	1	2	0	0	0	0	0	0
Marvin Mims Jr.	WR	11	0	0	0	2	0	0	0	0	0	0	0	0	0	0
Cedric Tillman	WR	11	0	0	0	0	0	52	0	3	0	0	0	0	0	0
Jordan Addison	WR	11	0	0	0	0	0	20	1	2	0	0	0	0	0	0
Roschon Johnson	RB	11	0	0	0	0	0	0	0	0	0	0	0	0	0	0
Tyjae Spears	RB	11	0	0	0	3	0	31	0	5	0	0	0	0	0	0
De'Von Achane	RB	11	0	0	0	120	0	45	0	5	0	0	0	0	0	0
Elijah Higgins	TE	11	0	0	0	0	0	11	0	2	0	0	1	0	0	0
Zay Flowers	WR	11	0	0	0	5	0	78	0	3	0	0	0	0	0	0
Michael Mayer	TE	11	0	0	0	0	0	13	0	3	0	0	0	0	0	0
Rashee Rice	WR	11	0	0	0	0	0	38	0	6	0	0	0	0	0	0
Puka Nacua	WR	11	0	0	0	18	0	75	0	7	0	0	1	0	0	0
Jahmyr Gibbs	RB	11	0	0	0	39	0	107	0	5	0	0	0	0	0	0
Luke Musgrave	TE	11	0	0	0	0	0	-1	0	1	0	0	0	0	0	0
Bryce Young	QB	11	448	3	0	-1	0	0	0	0	0	0	0	1	0	0
Zach Charbonnet	RB	11	0	0	0	37	0	10	0	2	0	0	0	0	0	0
Kendall Milton	RB	11	0	0	0	2	0	0	0	0	0	0	0	0	0	0
George Holani	RB	11	0	0	0	6	0	0	0	0	0	0	0	0	0	0
Jack Westover	TE	11	0	0	0	0	0	0	0	0	0	0	0	0	0	0
Brock Bowers	TE	11	0	0	0	0	0	72	0	7	0	0	0	0	0	0
Xavier Legette	WR	11	0	0	0	0	0	83	1	4	0	0	0	0	0	0
Ja'Tavion Sanders	TE	11	0	0	0	0	0	22	0	4	0	0	0	0	0	0
Tyrone Tracy Jr.	RB	11	0	0	0	88	0	51	0	4	0	0	0	0	0	0
Kimani Vidal	RB	11	0	0	0	13	0	-1	0	2	0	0	0	0	0	0
Dylan Laube	RB	11	0	0	0	0	0	0	0	0	0	0	0	0	0	0
Ryan Flournoy	WR	11	0	0	0	0	0	2	1	1	0	0	0	0	0	0
Isaiah Williams	WR	11	0	0	0	4	0	2	0	1	0	0	0	0	0	0
Jalen Coker	WR	11	0	0	0	0	0	52	0	4	0	0	0	0	0	1
Xavier Weaver	WR	11	0	0	0	0	0	15	0	2	0	0	0	0	0	0
Brevyn Spann-Ford	TE	11	0	0	0	0	0	4	0	1	0	0	0	0	0	0
Kameron Johnson	WR	11	0	0	0	0	0	0	0	0	0	0	0	0	0	0
David Martin-Robinson	TE	11	0	0	0	0	0	0	0	0	0	0	0	0	0	0
Colson Yankoff	TE	11	0	0	0	0	0	4	0	1	0	0	0	0	0	0
Bo Nix	QB	11	295	0	0	8	0	0	0	0	0	0	0	0	0	0
Blake Corum	RB	11	0	0	0	10	0	-5	0	1	0	0	0	0	0	0
Roman Wilson	WR	11	0	0	0	0	0	17	0	1	0	0	0	0	0	0
Jordan Whittington	WR	11	0	0	0	0	0	9	0	1	0	0	0	0	0	0
AJ Barner	TE	11	0	0	0	1	0	70	0	10	0	0	0	0	0	0
Rasheen Ali	RB	11	0	0	0	0	0	15	0	1	0	0	0	0	0	0
Isaiah Davis	RB	11	0	0	0	11	0	0	0	0	0	0	0	0	0	0
Theo Johnson	TE	11	0	0	0	0	0	36	0	3	0	0	0	0	0	0
Drake Maye	QB	11	281	1	0	2	0	0	0	0	0	0	0	0	0	0
Troy Franklin	WR	11	0	0	0	0	0	84	0	4	0	0	0	0	0	0
Jaylen Wright	RB	11	0	0	0	4	0	0	0	0	0	0	0	0	0	0
Ray Davis	RB	11	0	0	0	0	0	0	0	0	0	0	0	0	0	0
Malik Washington	WR	11	0	0	0	0	0	42	0	3	0	0	0	0	0	0
Adonai Mitchell	WR	11	0	0	0	0	0	10	0	1	0	0	0	0	0	0
Xavier Worthy	WR	11	0	0	0	0	0	25	0	3	0	0	0	0	0	0
Ladd McConkey	WR	11	0	0	0	0	0	13	0	3	0	0	0	0	0	0
Ricky Pearsall	WR	11	0	0	0	0	0	0	0	1	0	0	0	0	0	0
Michael Penix Jr.	QB	11	175	0	0	9	0	0	0	0	0	0	0	0	0	0
Caleb Williams	QB	11	193	0	0	26	0	0	0	0	0	0	0	0	0	0
Rome Odunze	WR	11	0	0	0	0	0	41	0	2	0	0	0	0	0	0
Malachi Corley	WR	11	0	0	0	0	0	9	0	2	0	0	0	0	0	0
J.J. McCarthy	QB	11	150	1	2	0	0	0	0	0	0	0	0	0	0	0
Savion Williams	WR	11	0	0	0	0	0	33	0	1	0	0	0	0	0	0
Darius Cooper	WR	11	0	0	0	0	0	0	0	0	0	0	0	0	0	0
Amar Johnson	RB	11	0	0	0	8	0	0	0	0	0	0	0	0	0	0
Nick Kallerup	TE	11	0	0	0	0	0	0	0	0	0	0	0	0	0	0
LaJohntay Wester	WR	11	0	0	0	0	0	0	0	0	0	0	0	0	0	0
Brashard Smith	RB	11	0	0	0	0	0	8	0	2	0	0	0	0	0	0
Ashton Jeanty	RB	11	0	0	0	7	0	27	0	6	0	0	0	0	0	0
Tetairoa McMillan	WR	11	0	0	0	0	0	130	2	8	0	0	0	0	0	0
Colston Loveland	TE	11	0	0	0	0	0	40	0	3	0	0	0	0	0	0
Emeka Egbuka	WR	11	0	0	0	0	0	40	0	5	0	0	0	0	0	0
Jayden Higgins	WR	11	0	0	0	0	0	55	0	4	0	0	0	0	0	0
Kyle Williams	WR	11	0	0	0	0	0	0	0	0	0	0	0	0	0	0
Pat Bryant	WR	11	0	0	0	0	0	82	0	5	0	0	0	0	0	0
Jaylin Noel	WR	11	0	0	0	0	0	12	0	1	0	0	0	0	0	0
Kaleb Johnson	RB	11	0	0	0	15	0	0	0	0	0	0	0	0	0	0
Tai Felton	WR	11	0	0	0	0	0	0	0	0	0	0	0	0	0	0
Dylan Sampson	RB	11	0	0	0	19	0	0	0	0	0	0	0	0	0	0
Jaylin Lane	WR	11	0	0	0	0	0	13	0	1	0	0	0	0	0	0
Elic Ayomanor	WR	11	0	0	0	0	0	11	0	2	0	0	0	0	0	0
Mitchell Evans	TE	11	0	0	0	0	0	28	0	2	0	0	0	0	0	0
Oronde Gadsden II	TE	11	0	0	0	0	0	41	0	2	0	0	0	0	0	0
Ollie Gordon II	RB	11	0	0	0	45	1	0	0	0	0	0	0	0	0	0
Tahj Brooks	RB	11	0	0	0	5	0	0	0	0	0	0	0	0	0	0
Kyle Monangai	RB	11	0	0	0	23	1	14	0	1	0	0	0	0	0	0
Tez Johnson	WR	11	0	0	0	0	0	6	0	1	0	0	0	0	0	0
LeQuint Allen Jr.	RB	11	0	0	0	36	0	0	0	0	0	0	0	0	0	0
Jacory Croskey-Merritt	RB	11	0	0	0	28	0	5	0	1	0	0	0	0	0	0
Gage Larvadain	WR	11	0	0	0	0	0	0	0	0	0	0	0	0	0	0
Jacoby Jones	WR	11	0	0	0	0	0	25	0	1	0	0	0	0	0	0
Keleki Latu	TE	11	0	0	0	0	0	4	0	1	0	0	0	0	0	0
Dalen Cambre	WR	11	0	0	0	0	0	0	0	0	0	0	0	0	0	0
Carter Runyon	TE	11	0	0	0	0	0	0	0	0	0	0	0	0	0	0
Myles Price	WR	11	0	0	0	0	0	0	0	0	0	0	0	0	0	0
Ke'Shawn Williams	WR	11	0	0	0	0	0	0	0	0	0	0	0	0	0	0
Efton Chism III	WR	11	0	0	0	0	0	0	0	0	0	0	0	0	0	0
Woody Marks	RB	11	0	0	0	44	0	7	0	1	0	0	0	0	0	0
Gunnar Helm	TE	11	0	0	0	0	0	29	0	4	0	0	0	0	0	0
Trevor Etienne	RB	11	0	0	0	2	0	0	0	0	0	0	0	0	0	0
Harold Fannin Jr.	TE	11	0	0	0	0	0	26	0	2	0	0	0	0	0	0
Matthew Golden	WR	11	0	0	0	0	0	24	0	1	0	0	0	0	0	0
Shedeur Sanders	QB	11	47	0	1	16	0	0	0	0	0	0	0	0	0	0
Isaac TeSlaa	WR	11	0	0	0	0	0	0	0	0	0	0	0	0	0	0
Cam Ward	QB	11	194	1	0	33	0	0	0	0	1	0	0	0	0	0
Dillon Gabriel	QB	11	68	0	0	2	0	0	0	0	0	0	0	0	0	0
Chimere Dike	WR	11	0	0	0	0	0	14	0	2	0	0	0	0	0	0
Bhayshul Tuten	RB	11	0	0	0	74	1	0	0	0	0	0	0	0	0	0
Tre Harris	WR	11	0	0	0	0	0	12	0	1	0	0	0	0	0	0
Jack Bech	WR	11	0	0	0	0	0	19	0	1	0	0	0	0	0	0
RJ Harvey	RB	11	0	0	0	30	0	20	0	3	0	0	0	0	0	0
TreVeyon Henderson	RB	11	0	0	0	62	2	31	1	5	0	0	0	0	0	0
Luther Burden III	WR	11	0	0	0	0	0	27	0	3	0	0	0	0	0	0
Mason Taylor	TE	11	0	0	0	0	0	30	0	4	0	0	0	0	0	0
Elijah Arroyo	TE	11	0	0	0	0	0	0	0	0	0	0	0	0	0	0
Isaiah Bond	WR	11	0	0	0	8	0	0	0	0	0	0	0	0	0	0
Quinshon Judkins	RB	11	0	0	0	59	0	0	0	0	0	0	0	0	0	0
Joe Flacco	QB	12	183	1	1	3	0	0	0	0	0	0	0	0	0	0
Matthew Stafford	QB	12	273	3	0	0	0	0	0	0	0	0	0	0	0	0
Tyrod Taylor	QB	12	222	1	1	19	0	0	0	0	0	0	0	0	0	0
Kirk Cousins	QB	12	199	2	1	5	0	0	0	0	0	0	0	0	0	0
Adam Thielen	WR	12	0	0	0	0	0	0	0	0	0	0	0	0	0	0
Travis Kelce	TE	12	0	0	0	1	0	43	0	4	0	0	0	0	0	0
DeAndre Hopkins	WR	12	0	0	0	0	0	13	0	2	0	0	0	0	0	0
Geno Smith	QB	12	285	1	0	8	0	0	0	0	1	0	0	0	0	0
Teddy Bridgewater	QB	12	62	0	0	6	0	0	0	0	0	0	0	0	0	0
Davante Adams	WR	12	0	0	0	0	0	62	2	5	0	0	0	0	0	0
Jameis Winston	QB	12	366	2	1	13	0	33	1	1	0	0	0	0	0	0
Stefon Diggs	WR	12	0	0	0	0	0	20	0	2	0	0	0	0	0	0
Raheem Mostert	RB	12	0	0	0	2	0	18	0	3	0	0	0	0	0	0
Ameer Abdullah	RB	12	0	0	0	0	0	0	0	0	0	0	0	0	0	0
Tyler Lockett	WR	12	0	0	0	0	0	62	0	4	0	0	0	0	0	0
Sterling Shepard	WR	12	0	0	0	0	0	12	0	3	0	0	0	0	0	0
Austin Hooper	TE	12	0	0	0	0	0	39	0	3	0	0	0	0	0	0
Kalif Raymond	WR	12	0	0	0	0	0	37	0	2	0	0	0	0	0	0
Derrick Henry	RB	12	0	0	0	64	2	24	0	2	0	0	0	0	0	0
Demarcus Robinson	WR	12	0	0	0	0	0	8	0	1	0	0	0	0	0	0
Laquon Treadwell	WR	12	0	0	0	0	0	0	0	0	0	0	0	0	0	0
Dak Prescott	QB	12	354	2	1	9	1	0	0	0	0	0	0	0	0	0
Hunter Henry	TE	12	0	0	0	0	0	115	1	7	0	0	0	0	0	0
Jared Goff	QB	12	279	2	1	0	0	0	0	0	0	0	0	0	0	0
Jacoby Brissett	QB	12	317	1	0	20	0	0	0	0	0	0	0	0	0	0
Mo Alie-Cox	TE	12	0	0	0	0	0	9	0	1	0	0	0	0	0	0
Johnny Mundt	TE	12	0	0	0	0	0	12	0	1	0	0	0	0	0	0
Christian McCaffrey	RB	12	0	0	0	89	1	53	0	7	0	0	0	0	0	0
George Kittle	TE	12	0	0	0	0	0	78	0	6	0	0	0	0	0	0
Aaron Jones	RB	12	0	0	0	41	0	16	0	3	0	0	0	0	0	0
Taysom Hill	TE	12	0	0	0	17	0	0	0	0	0	0	0	0	0	0
Tim Patrick	WR	12	0	0	0	0	0	0	0	0	0	0	0	0	0	0
Pharaoh Brown	TE	12	0	0	0	0	0	0	0	0	0	0	0	0	0	0
Mack Hollins	WR	12	0	0	0	0	0	30	0	2	0	0	0	0	0	0
Jamal Agnew	WR	12	0	0	0	0	0	0	0	0	0	0	0	0	0	0
Dare Ogunbowale	RB	12	0	0	0	0	0	0	0	0	0	0	0	0	0	0
JuJu Smith-Schuster	WR	12	0	0	0	0	0	8	0	1	0	0	0	0	0	0
Jonnu Smith	TE	12	0	0	0	7	0	21	0	3	0	0	0	0	0	0
Patrick Mahomes	QB	12	352	0	1	30	0	0	0	0	0	0	0	1	0	0
Alvin Kamara	RB	12	0	0	0	11	0	4	0	2	0	0	0	0	0	0
Cooper Kupp	WR	12	0	0	0	0	0	24	0	2	0	0	0	0	0	0
Chris Godwin Jr.	WR	12	0	0	0	0	0	9	0	2	0	0	0	0	0	0
Kareem Hunt	RB	12	0	0	0	104	1	26	0	3	0	1	0	0	0	0
Ross Dwelley	TE	12	0	0	0	0	0	0	0	0	0	0	0	0	0	0
Dallas Goedert	TE	12	0	0	0	0	0	20	0	2	0	0	0	0	0	0
Ian Thomas	TE	12	0	0	0	0	0	36	0	4	0	0	0	0	0	0
Dalton Schultz	TE	12	0	0	0	0	0	8	0	1	0	0	0	0	0	0
Allen Lazard	WR	12	0	0	0	0	0	9	0	1	0	0	0	0	0	0
Tanner Hudson	TE	12	0	0	0	0	0	9	0	1	0	0	0	0	0	0
Mark Andrews	TE	12	0	0	0	2	0	9	0	1	0	0	0	0	0	0
Mason Rudolph	QB	12	171	1	1	7	0	0	0	0	1	0	0	0	0	0
Christian Kirk	WR	12	0	0	0	0	0	54	1	5	0	0	0	0	0	0
Nick Chubb	RB	12	0	0	0	16	0	-1	0	1	0	0	0	0	0	0
Lamar Jackson	QB	12	153	0	0	11	0	0	0	0	0	0	0	0	0	0
Durham Smythe	TE	12	0	0	0	0	0	4	0	1	0	0	0	0	0	0
DJ Moore	WR	12	0	0	0	0	0	64	2	5	0	0	0	0	0	0
Mike Gesicki	TE	12	0	0	0	0	0	35	0	4	0	0	0	0	0	0
Saquon Barkley	RB	12	0	0	0	22	0	52	0	7	0	0	1	0	0	0
Baker Mayfield	QB	12	41	1	2	19	0	0	0	0	0	0	0	0	0	0
Josh Allen	QB	12	253	0	2	20	0	0	0	0	0	0	0	0	0	0
Dante Pettis	WR	12	0	0	0	0	0	14	0	1	0	0	0	0	0	0
Sam Darnold	QB	12	244	2	0	-1	0	0	0	0	0	0	0	0	0	0
Jakobi Meyers	WR	12	0	0	0	0	0	50	1	4	0	0	0	0	0	0
Justice Hill	RB	12	0	0	0	0	0	0	0	0	0	0	0	0	0	0
Foster Moreau	TE	12	0	0	0	0	0	0	0	0	0	0	0	0	0	0
Ashton Dulin	WR	12	0	0	0	0	0	48	0	1	0	0	0	0	0	0
Jake Browning	QB	12	14	0	0	0	0	0	0	0	0	0	0	0	0	0
Olamide Zaccheaus	WR	12	0	0	0	0	0	6	0	1	0	0	0	0	0	0
T.J. Hockenson	TE	12	0	0	0	0	0	19	0	4	0	0	0	0	0	0
Josh Oliver	TE	12	0	0	0	0	0	4	0	1	0	0	0	0	0	0
Devin Singletary	RB	12	0	0	0	47	0	0	0	0	0	0	0	0	0	0
Tony Pollard	RB	12	0	0	0	20	0	21	0	4	0	0	0	0	0	0
David Sills	WR	12	0	0	0	0	0	16	1	2	0	0	0	0	0	0
Greg Dortch	WR	12	0	0	0	-5	0	53	1	6	0	0	0	0	0	0
Darius Slayton	WR	12	0	0	0	0	0	23	0	1	0	0	0	0	0	0
Ty Johnson	RB	12	0	0	0	7	0	45	0	3	0	0	0	0	0	0
Alex Bachman	WR	12	0	0	0	0	0	0	0	0	0	0	0	0	0	0
Drew Sample	TE	12	0	0	0	0	0	0	0	1	0	0	0	0	0	0
DK Metcalf	WR	12	0	0	0	12	1	22	0	5	0	0	0	0	0	0
Noah Fant	TE	12	0	0	0	0	0	9	0	1	0	0	0	0	0	0
Gunner Olszewski	WR	12	33	1	0	0	0	0	0	0	0	0	0	0	0	0
Marquise Brown	WR	12	0	0	0	0	0	10	0	1	0	0	0	0	0	0
A.J. Brown	WR	12	0	0	0	0	0	110	1	8	0	0	0	0	0	0
David Montgomery	RB	12	0	0	0	18	0	19	0	3	0	0	0	0	0	0
Dawson Knox	TE	12	0	0	0	0	0	17	0	3	0	0	0	0	0	0
Daniel Jones	QB	12	181	2	0	16	0	0	0	0	0	0	0	0	0	0
Cody White	WR	12	0	0	0	0	0	0	0	0	0	0	0	0	0	0
Juwan Johnson	TE	12	0	0	0	0	0	46	0	6	0	0	0	0	0	0
James Proche	WR	12	0	0	0	0	0	42	0	3	0	0	0	0	0	0
Rico Dowdle	RB	12	0	0	0	38	0	36	0	4	0	0	0	0	0	0
Isaiah Hodgins	WR	12	0	0	0	0	0	42	1	2	0	0	0	0	0	0
Mason Kinsey	WR	12	0	0	0	0	0	0	0	0	0	0	0	0	0	0
Reggie Gilliam	RB	12	0	0	0	0	0	2	0	1	0	0	0	0	0	0
Gabe Davis	WR	12	0	0	0	0	0	22	0	1	0	0	0	0	0	0
Jonathan Taylor	RB	12	0	0	0	58	0	8	0	2	0	0	0	0	0	0
Colby Parkinson	TE	12	0	0	0	0	0	41	1	4	0	0	0	0	0	0
Michael Pittman	WR	12	0	0	0	0	0	27	1	5	0	0	0	0	0	0
Jauan Jennings	WR	12	0	0	0	0	0	41	1	5	0	0	0	0	0	0
Jordan Love	QB	12	139	0	0	15	0	0	0	0	0	0	0	0	0	0
D'Andre Swift	RB	12	0	0	0	15	0	14	0	1	0	1	0	0	0	0
Cole Kmet	TE	12	0	0	0	0	0	3	0	1	0	0	0	0	0	0
Darnell Mooney	WR	12	0	0	0	0	0	74	1	3	0	0	0	0	0	0
Justin Jefferson	WR	12	0	0	0	0	0	48	0	4	0	0	0	0	0	0
Devin Duvernay	WR	12	0	0	0	0	0	0	0	0	0	0	0	0	0	0
Josiah Deguara	TE	12	0	0	0	0	0	6	0	1	0	0	0	0	0	0
CeeDee Lamb	WR	12	0	0	0	0	0	75	0	4	0	0	0	0	0	0
Clyde Edwards-Helaire	RB	12	0	0	0	8	0	9	0	2	0	0	0	0	0	0
Jalen Hurts	QB	12	289	1	0	33	2	0	0	0	0	0	0	0	0	0
Jerry Jeudy	WR	12	0	0	0	0	0	39	0	1	0	0	1	0	0	0
Tee Higgins	WR	12	0	0	0	0	0	31	0	5	0	0	0	0	0	0
Van Jefferson	WR	12	0	0	0	0	0	11	0	1	0	0	0	0	0	0
Charlie Woerner	TE	12	0	0	0	0	0	24	0	3	0	0	0	0	0	0
Nico Collins	WR	12	0	0	0	0	0	55	0	3	0	0	0	0	0	0
Chuba Hubbard	RB	12	0	0	0	16	0	27	0	4	0	0	0	0	0	0
Gary Brightwell	RB	12	0	0	0	0	0	0	0	0	0	0	0	0	0	0
Quintin Morris	TE	12	0	0	0	0	0	0	0	0	0	0	0	0	0	0
Tylan Wallace	WR	12	0	0	0	0	0	0	0	0	0	0	0	0	0	0
Noah Gray	TE	12	0	0	0	0	0	25	0	3	0	0	0	0	0	0
Jack Stoll	TE	12	0	0	0	0	0	7	0	1	0	0	0	0	0	0
Brock Wright	TE	12	0	0	0	0	0	29	0	3	0	0	0	0	0	0
Feleipe Franks	TE	12	0	0	0	2	0	0	0	0	0	0	0	0	0	0
Austin Trammell	WR	12	0	0	0	0	0	0	0	0	0	0	0	0	0	0
Kene Nwangwu	RB	12	0	0	0	0	0	0	0	0	0	0	0	0	0	0
Ben Skowronek	WR	12	0	0	0	0	0	21	0	1	0	0	0	0	0	0
Rhamondre Stevenson	RB	12	0	0	0	5	0	5	0	1	0	0	0	0	0	0
Luke Farrell	TE	12	0	0	0	0	0	3	0	1	0	0	0	0	0	0
Pat Freiermuth	TE	12	0	0	0	0	0	19	1	3	0	0	0	0	0	0
Davis Mills	QB	12	153	2	0	4	0	0	0	0	0	0	0	0	0	0
DeVonta Smith	WR	12	0	0	0	0	0	89	0	6	0	0	0	0	0	0
Kenny Gainwell	RB	12	0	0	0	92	0	30	0	6	0	0	0	0	0	0
Michael Carter	RB	12	0	0	0	28	0	30	0	3	0	0	0	0	0	0
Amon-Ra St. Brown	WR	12	0	0	0	0	0	149	1	9	0	0	0	0	0	0
Kyle Pitts	TE	12	0	0	0	0	0	25	0	2	0	0	0	0	0	0
Trevor Lawrence	QB	12	256	3	3	29	0	0	0	0	1	0	0	0	0	0
Travis Etienne	RB	12	0	0	0	86	0	30	1	3	0	0	0	0	0	0
Elijah Moore	WR	12	0	0	0	0	0	-3	0	1	0	0	0	0	0	0
Josh Palmer	WR	12	0	0	0	0	0	21	0	2	0	0	0	0	0	0
Javonte Williams	RB	12	0	0	0	87	0	14	0	2	0	0	0	0	0	0
Nikola Kalinic	TE	12	0	0	0	0	0	0	0	0	0	0	0	0	0	0
Grant Calcaterra	TE	12	0	0	0	0	0	8	0	1	0	0	0	0	0	0
Tyler Goodson	RB	12	0	0	0	0	0	0	0	0	0	0	0	0	0	0
Bam Knight	RB	12	0	0	0	12	1	20	0	4	0	0	0	0	0	0
Jaylen Warren	RB	12	0	0	0	68	1	0	0	0	0	0	0	0	0	0
Chris Olave	WR	12	0	0	0	0	0	70	0	9	0	0	0	0	0	0
Jameson Williams	WR	12	0	0	0	0	0	0	0	0	0	0	0	0	0	0
George Pickens	WR	12	0	0	0	0	0	146	1	9	0	0	0	0	0	0
James Cook	RB	12	0	0	0	116	1	13	0	3	0	0	0	0	0	0
Rachaad White	RB	12	0	0	0	38	0	4	0	1	0	0	0	0	0	0
Khalil Shakir	WR	12	0	0	0	0	0	110	0	8	0	0	1	0	0	0
Tyler Allgeier	RB	12	0	0	0	44	0	5	0	1	0	0	0	0	0	0
Jerome Ford	RB	12	0	0	0	-3	0	0	0	0	0	0	0	0	0	0
Teagan Quitoriano	TE	12	0	0	0	0	0	0	0	0	0	0	0	0	0	0
Jalen Nailor	WR	12	0	0	0	0	0	0	0	0	0	0	0	0	0	0
Andrew Ogletree	TE	12	0	0	0	0	0	8	1	2	0	0	0	0	0	0
John FitzPatrick	TE	12	0	0	0	0	0	11	0	1	0	0	0	0	0	0
Jordan Mason	RB	12	0	0	0	42	0	0	0	0	0	0	0	0	0	0
Rashid Shaheed	WR	12	0	0	0	5	0	0	0	0	0	0	0	0	0	0
Malik Davis	RB	12	0	0	0	24	0	0	0	0	0	0	0	0	0	0
Julius Chestnut	RB	12	0	0	0	3	0	0	0	0	0	0	0	0	0	0
John Metchie III	WR	12	0	0	0	0	0	65	1	6	0	0	0	0	0	0
Alec Pierce	WR	12	0	0	0	0	0	26	0	1	0	0	0	0	0	0
Jahan Dotson	WR	12	0	0	0	0	0	0	0	0	0	0	0	0	0	0
Trey McBride	TE	12	0	0	0	0	0	79	0	9	0	0	0	0	0	0
Brian Robinson	RB	12	0	0	0	40	0	4	0	1	0	0	0	0	0	0
KaVontae Turpin	WR	12	0	0	0	4	0	48	0	1	0	1	0	0	0	0
Chig Okonkwo	TE	12	0	0	0	0	0	40	0	3	0	0	0	0	0	0
Romeo Doubs	WR	12	0	0	0	0	0	23	0	2	0	0	0	0	0	0
Brock Purdy	QB	12	193	1	3	16	0	0	0	0	0	0	0	0	0	0
Calvin Austin III	WR	12	0	0	0	0	0	36	0	4	0	0	0	0	0	0
Isaiah Likely	TE	12	0	0	0	0	0	10	0	1	0	0	0	0	0	0
Kyren Williams	RB	12	0	0	0	46	0	2	0	1	0	0	0	0	0	0
Jake Ferguson	TE	12	0	0	0	1	0	60	0	5	0	0	0	0	0	0
Charlie Kolar	TE	12	0	0	0	0	0	0	0	0	0	0	0	0	0	0
Skyy Moore	WR	12	0	0	0	0	0	0	0	0	0	0	0	0	0	0
Tyquan Thornton	WR	12	0	0	0	0	0	0	0	0	0	0	0	0	0	0
Daniel Bellinger	TE	12	0	0	0	0	0	0	0	0	0	0	0	0	0	0
Wan'Dale Robinson	WR	12	0	0	0	0	0	156	1	9	0	0	0	0	0	0
Breece Hall	RB	12	0	0	0	44	0	75	0	4	0	1	0	0	0	0
Christian Watson	WR	12	0	0	0	0	0	49	0	5	0	0	0	0	0	0
Malik Willis	QB	12	7	0	0	3	0	0	0	0	0	0	0	0	0	0
Cade Otton	TE	12	0	0	0	0	0	21	0	4	0	0	0	0	0	0
Kenneth Walker III	RB	12	0	0	0	71	0	30	0	3	0	0	0	0	0	0
Dontayvion Wicks	WR	12	0	0	0	0	0	32	0	2	0	0	0	0	0	0
Eric Gray	RB	12	0	0	0	0	0	0	0	0	0	0	0	0	0	0
Keaton Mitchell	RB	12	0	0	0	10	0	9	0	1	0	0	0	0	0	0
Owen Wright	RB	12	0	0	0	6	0	0	0	0	0	0	0	0	0	0
Brady Russell	RB	12	0	0	0	0	0	0	0	0	0	0	0	0	0	0
Xavier Gipson	WR	12	0	0	0	0	0	3	0	1	0	0	0	0	0	0
Nikko Remigio	WR	12	0	0	0	0	0	0	0	0	0	0	0	0	0	0
Bijan Robinson	RB	12	0	0	0	70	0	37	0	2	0	0	0	0	1	0
Jaxon Smith-Njigba	WR	12	0	0	0	4	0	167	2	8	0	0	0	0	0	0
Luke Schoonmaker	TE	12	0	0	0	0	0	0	0	0	0	0	0	0	0	0
Tank Bigsby	RB	12	0	0	0	8	0	0	0	0	0	0	0	0	0	0
Darnell Washington	TE	12	0	0	0	0	0	22	0	2	0	0	0	0	0	0
Michael Wilson	WR	12	0	0	0	0	0	118	0	10	0	0	0	0	0	0
Tre Tucker	WR	12	0	0	0	0	0	28	0	3	0	0	0	0	0	0
Cameron Latu	TE	12	0	0	0	0	0	0	0	0	0	0	0	0	0	0
Charlie Jones	WR	12	0	0	0	0	0	0	0	0	0	0	0	0	0	0
Josh Whyle	TE	12	0	0	0	0	0	1	0	1	0	0	0	0	0	0
Chase Brown	RB	12	0	0	0	107	0	23	0	2	0	0	0	0	0	0
Parker Washington	WR	12	0	0	0	0	0	71	1	5	0	0	0	0	0	0
Kayshon Boutte	WR	12	0	0	0	0	0	15	0	2	0	0	0	0	0	0
Xavier Hutchinson	WR	12	0	0	0	9	0	0	0	0	0	0	0	0	0	0
Andrei Iosivas	WR	12	0	0	0	5	0	61	0	4	0	0	0	0	0	0
DeMario Douglas	WR	12	0	0	0	14	0	37	0	1	0	0	0	0	0	0
Chris Brooks	RB	12	0	0	0	21	0	5	0	1	0	0	0	0	0	0
Hunter Luepke	RB	12	0	0	0	0	0	7	0	1	0	0	0	0	0	0
Jake Bobo	WR	12	0	0	0	0	0	0	0	0	0	0	0	0	0	0
Emanuel Wilson	RB	12	0	0	0	107	2	18	0	2	0	0	0	0	0	0
Mitchell Tinsley	WR	12	0	0	0	0	0	29	1	2	0	0	0	0	0	0
Brycen Tremayne	WR	12	0	0	0	0	0	0	0	0	0	0	0	0	0	0
Jacob Saylors	RB	12	0	0	0	0	0	0	0	0	0	0	0	0	0	0
Brenton Strange	TE	12	0	0	0	0	0	93	0	5	0	0	0	0	0	0
Sean Tucker	RB	12	0	0	0	42	0	4	0	1	0	0	0	0	0	0
Dylan Drummond	WR	12	0	0	0	0	0	18	0	3	0	0	0	0	0	0
Cedric Tillman	WR	12	0	0	0	0	0	5	0	1	0	0	0	0	0	0
Jordan Addison	WR	12	0	0	0	0	0	0	0	0	0	0	0	0	0	0
Josh Downs	WR	12	0	0	0	0	0	10	0	2	0	0	0	0	0	0
Tyjae Spears	RB	12	0	0	0	4	0	21	0	4	0	0	0	0	0	0
Elijah Higgins	TE	12	0	0	0	0	0	0	0	0	0	0	0	0	0	0
Zay Flowers	WR	12	0	0	0	11	0	58	0	5	0	0	0	0	0	0
Michael Mayer	TE	12	0	0	0	0	0	14	0	1	0	0	0	0	0	0
Rashee Rice	WR	12	0	0	0	0	0	141	0	8	0	0	0	0	0	1
Davis Allen	TE	12	0	0	0	0	0	29	0	3	0	0	0	0	0	0
Puka Nacua	WR	12	0	0	0	0	0	97	0	7	0	0	0	0	0	0
Jahmyr Gibbs	RB	12	0	0	0	219	2	45	1	11	0	0	0	0	0	0
Luke Musgrave	TE	12	0	0	0	0	0	7	0	1	0	0	0	0	0	0
Bryce Young	QB	12	169	1	2	15	0	0	0	0	0	0	0	0	0	0
Zach Charbonnet	RB	12	0	0	0	35	1	0	0	0	0	0	0	0	0	0
Brock Bowers	TE	12	0	0	0	0	0	55	0	6	0	0	0	0	0	0
Xavier Legette	WR	12	0	0	0	0	0	22	0	3	0	0	0	0	0	0
Ja'Tavion Sanders	TE	12	0	0	0	0	0	6	0	1	0	0	0	0	0	0
Cade Stover	TE	12	0	0	0	0	0	0	0	0	0	0	0	0	0	0
Tyrone Tracy Jr.	RB	12	0	0	0	62	0	68	0	3	0	0	0	0	0	0
Dylan Laube	RB	12	0	0	0	0	0	0	0	0	0	0	0	0	0	0
Ryan Flournoy	WR	12	0	0	0	0	0	0	0	0	0	0	0	0	0	0
Devaughn Vele	WR	12	0	0	0	0	0	37	0	3	0	0	0	0	0	0
Isaiah Williams	WR	12	0	0	0	0	0	0	0	0	0	0	0	0	0	0
Jalen Coker	WR	12	0	0	0	0	0	32	0	3	0	0	0	0	0	0
Xavier Weaver	WR	12	0	0	0	0	0	9	0	1	0	0	0	0	0	0
Brevyn Spann-Ford	TE	12	0	0	0	0	0	4	1	1	0	0	0	0	0	0
Kedon Slovis	QB	12	-2	0	0	0	0	0	0	0	0	0	0	0	0	0
Kameron Johnson	WR	12	0	0	0	0	0	0	0	0	0	0	0	0	0	0
British Brooks	RB	12	0	0	0	0	0	0	0	0	0	0	0	0	0	0
Mason Tipton	WR	12	0	0	0	11	0	22	0	3	0	0	0	0	0	0
Blake Corum	RB	12	0	0	0	24	0	0	0	0	0	0	0	0	0	0
Roman Wilson	WR	12	0	0	0	0	0	0	0	0	0	0	0	0	0	0
Will Shipley	RB	12	0	0	0	0	0	0	0	0	0	0	0	0	0	0
Jordan Whittington	WR	12	0	0	0	0	0	17	0	3	0	0	0	0	0	0
Terrell Jennings	RB	12	0	0	0	0	0	0	0	0	0	0	0	0	0	0
Devontez Walker	WR	12	0	0	0	0	0	30	0	1	0	0	0	0	0	0
AJ Barner	TE	12	0	0	0	0	0	18	0	2	0	0	0	0	0	0
Isaiah Davis	RB	12	0	0	0	7	0	0	0	0	0	0	0	0	0	0
Anthony Gould	WR	12	0	0	0	0	0	0	0	0	0	0	0	0	0	0
Theo Johnson	TE	12	0	0	0	0	0	77	0	3	0	0	0	0	0	0
Drake Maye	QB	12	294	1	1	22	0	0	0	0	0	0	0	0	0	0
Ray Davis	RB	12	0	0	0	0	0	0	0	0	0	0	0	0	0	0
Adonai Mitchell	WR	12	0	0	0	0	0	42	0	2	0	0	0	0	0	0
Xavier Worthy	WR	12	0	0	0	0	0	59	0	4	0	0	0	0	0	0
Ricky Pearsall	WR	12	0	0	0	2	0	6	0	2	0	0	0	0	0	0
Caleb Williams	QB	12	239	3	0	21	0	0	0	0	1	0	0	0	0	0
Rome Odunze	WR	12	0	0	0	0	0	53	0	3	0	0	0	0	0	0
Malachi Corley	WR	12	0	0	0	-6	0	8	0	1	0	0	0	0	0	0
J.J. McCarthy	QB	12	87	0	2	10	0	0	0	0	0	0	0	0	0	0
Savion Williams	WR	12	0	0	0	0	0	0	0	0	0	0	0	0	0	0
Darius Cooper	WR	12	0	0	0	0	0	7	0	2	0	0	0	0	0	0
LaJohntay Wester	WR	12	0	0	0	0	0	0	0	0	0	0	0	0	0	0
Brashard Smith	RB	12	0	0	0	5	0	31	0	3	0	0	0	0	0	0
Ashton Jeanty	RB	12	0	0	0	50	0	58	1	8	0	0	0	0	0	0
Tetairoa McMillan	WR	12	0	0	0	0	0	35	1	2	0	0	0	0	0	0
Colston Loveland	TE	12	0	0	0	0	0	49	1	4	0	0	0	0	0	0
Tyler Warren	TE	12	0	0	0	0	0	45	0	5	0	0	0	0	0	0
Emeka Egbuka	WR	12	0	0	0	0	0	32	0	3	0	0	0	0	0	0
Jayden Higgins	WR	12	0	0	0	0	0	38	1	4	0	0	0	0	0	0
Kyle Williams	WR	12	0	0	0	0	0	18	0	1	0	0	0	0	0	0
Jaylin Noel	WR	12	0	0	0	5	0	4	0	1	0	0	0	0	0	0
Tai Felton	WR	12	0	0	0	0	0	0	0	0	0	0	0	0	0	0
Dylan Sampson	RB	12	0	0	0	23	0	59	1	2	0	0	0	0	0	0
Mitchell Evans	TE	12	0	0	0	0	0	0	0	0	0	0	0	0	0	0
Jackson Hawes	TE	12	0	0	0	0	0	26	0	2	0	0	0	0	0	0
Devin Neal	RB	12	0	0	0	18	0	43	0	5	0	0	0	0	0	0
Kalel Mullings	RB	12	0	0	0	0	0	0	0	0	0	0	0	0	0	0
Tahj Brooks	RB	12	0	0	0	5	0	0	0	0	0	0	0	0	0	0
Jimmy Horn Jr.	WR	12	0	0	0	0	0	11	0	1	0	0	0	0	0	0
Kyle Monangai	RB	12	0	0	0	48	1	0	0	0	0	0	0	0	0	0
Tez Johnson	WR	12	0	0	0	12	0	21	1	3	0	0	0	0	0	0
LeQuint Allen Jr.	RB	12	0	0	0	2	0	0	0	0	0	0	0	0	0	0
Gage Larvadain	WR	12	0	0	0	0	0	0	0	0	0	0	0	0	0	0
Myles Price	WR	12	0	0	0	0	0	0	0	0	0	0	0	0	0	0
Xavier Restrepo	WR	12	0	0	0	0	0	26	0	2	0	0	0	0	0	0
Ke'Shawn Williams	WR	12	0	0	0	0	0	0	0	0	0	0	0	0	0	0
Dont'e Thornton Jr.	WR	12	0	0	0	0	0	14	0	1	0	0	0	0	0	0
Arian Smith	WR	12	0	0	0	8	0	0	0	0	0	0	0	0	0	0
Woody Marks	RB	12	0	0	0	74	0	-5	0	1	0	0	0	0	0	0
Gunnar Helm	TE	12	0	0	0	0	0	51	0	6	0	0	0	0	0	0
Konata Mumpfield	WR	12	0	0	0	0	0	25	0	2	0	0	0	0	0	0
Trevor Etienne	RB	12	0	0	0	0	0	0	0	0	0	0	0	0	0	0
Harold Fannin Jr.	TE	12	0	0	0	4	0	40	0	4	0	0	0	0	0	0
Shedeur Sanders	QB	12	209	1	1	-1	0	0	0	0	0	0	0	0	0	0
Isaac TeSlaa	WR	12	0	0	0	0	0	0	0	0	0	0	0	0	0	0
Cam Ward	QB	12	256	1	0	37	1	0	0	0	0	0	0	0	0	0
Chimere Dike	WR	12	0	0	0	0	0	44	1	5	0	0	0	0	0	0
Bhayshul Tuten	RB	12	0	0	0	17	0	0	0	0	0	0	0	0	0	0
TreVeyon Henderson	RB	12	0	0	0	66	0	15	0	3	0	0	0	0	0	0
Luther Burden III	WR	12	0	0	0	15	0	46	0	3	0	0	0	0	0	0
Mason Taylor	TE	12	0	0	0	0	0	21	0	3	0	0	0	0	0	0
Terrance Ferguson	TE	12	0	0	0	0	0	0	0	0	0	0	0	0	0	0
Elijah Arroyo	TE	12	0	0	0	0	0	5	0	1	0	0	0	0	0	0
Tyler Shough	QB	12	243	0	1	22	0	0	0	0	0	1	0	0	0	0
Isaiah Bond	WR	12	0	0	0	0	0	58	0	2	0	0	0	0	0	0
Quinshon Judkins	RB	12	0	0	0	47	2	0	0	0	0	0	0	0	0	0
Aaron Rodgers	QB	13	117	0	0	0	0	0	0	0	1	0	0	0	0	0
Matthew Stafford	QB	13	243	2	2	-1	0	0	0	0	1	0	0	0	0	0
Tyrod Taylor	QB	13	172	1	0	44	1	0	0	0	0	0	0	0	0	0
Kirk Cousins	QB	13	234	1	0	0	0	0	0	0	0	0	0	0	0	0
Zach Ertz	TE	13	0	0	0	0	0	106	0	10	0	0	0	0	0	0
Keenan Allen	WR	13	0	0	0	0	0	30	0	4	0	0	0	0	0	0
Travis Kelce	TE	13	0	0	0	0	0	45	1	5	0	0	0	0	0	0
DeAndre Hopkins	WR	13	0	0	0	0	0	25	0	2	0	0	0	0	0	0
Geno Smith	QB	13	165	2	1	-6	0	0	0	0	0	0	0	0	0	0
Brandin Cooks	WR	13	0	0	0	0	0	13	0	1	0	0	0	0	0	0
Davante Adams	WR	13	0	0	0	0	0	58	2	4	0	0	0	0	0	0
Stefon Diggs	WR	13	0	0	0	0	0	26	0	3	0	0	0	0	0	0
Darren Waller	TE	13	0	0	0	0	0	47	0	2	0	0	0	0	0	0
Raheem Mostert	RB	13	0	0	0	6	0	0	0	0	0	0	0	0	0	0
Ameer Abdullah	RB	13	0	0	0	0	0	0	0	0	0	0	0	0	0	0
Tyler Lockett	WR	13	0	0	0	0	0	11	0	1	0	0	0	0	0	0
Marcus Mariota	QB	13	294	2	1	55	0	0	0	0	0	0	0	0	0	0
Sterling Shepard	WR	13	0	0	0	0	0	5	0	1	0	0	0	0	0	0
Derrick Henry	RB	13	0	0	0	60	1	44	0	1	0	0	0	0	0	0
Demarcus Robinson	WR	13	0	0	0	6	0	0	0	0	0	0	0	0	0	0
Laquon Treadwell	WR	13	0	0	0	0	0	0	0	0	0	0	0	0	0	0
Dak Prescott	QB	13	320	2	1	-2	0	0	0	0	0	0	0	1	0	0
Hunter Henry	TE	13	0	0	0	0	0	73	0	4	0	0	0	0	0	0
Jared Goff	QB	13	256	2	0	24	0	0	0	0	0	0	0	0	0	0
Jacoby Brissett	QB	13	301	2	1	16	0	0	0	0	0	0	0	0	0	0
Christian McCaffrey	RB	13	0	0	0	53	1	21	0	4	0	0	0	0	0	0
George Kittle	TE	13	0	0	0	0	0	67	0	4	0	0	0	0	0	0
Aaron Jones	RB	13	0	0	0	3	0	22	0	4	0	0	1	0	0	0
Kendrick Bourne	WR	13	0	0	0	0	0	0	0	0	0	0	0	0	0	0
Nick Mullens	QB	13	0	0	0	-3	0	0	0	0	0	0	0	0	0	0
Taysom Hill	TE	13	0	0	0	2	0	5	0	1	0	0	0	0	0	0
Tim Patrick	WR	13	0	0	0	0	0	11	0	1	0	0	0	0	0	0
Anthony Firkser	TE	13	0	0	0	0	0	4	0	1	0	0	0	0	0	0
Samaje Perine	RB	13	0	0	0	39	0	15	0	2	0	1	0	0	0	0
Mack Hollins	WR	13	0	0	0	0	0	23	0	3	0	0	0	0	0	0
Jamal Agnew	WR	13	0	0	0	0	0	0	0	0	0	0	0	0	0	0
Dare Ogunbowale	RB	13	0	0	0	0	0	0	0	0	0	0	0	0	0	0
JuJu Smith-Schuster	WR	13	0	0	0	0	0	0	0	0	0	0	0	0	0	0
Jonnu Smith	TE	13	0	0	0	0	0	6	0	1	0	0	0	0	0	0
Patrick Mahomes	QB	13	261	4	0	30	0	0	0	0	0	0	0	0	0	0
Evan Engram	TE	13	0	0	0	0	0	79	0	6	0	0	0	0	0	0
David Njoku	TE	13	0	0	0	0	0	4	0	2	0	0	0	0	0	0
Cooper Kupp	WR	13	0	0	0	0	0	24	0	3	0	0	0	0	0	0
Chris Godwin Jr.	WR	13	0	0	0	0	0	78	0	3	0	0	0	0	0	0
Kareem Hunt	RB	13	0	0	0	58	0	22	0	1	0	0	0	0	0	0
Jeremy McNichols	RB	13	0	0	0	30	0	0	0	2	0	0	0	0	0	0
Ross Dwelley	TE	13	0	0	0	0	0	3	0	1	0	0	0	0	0	0
Courtland Sutton	WR	13	0	0	0	0	0	62	1	5	0	0	0	0	0	0
Dallas Goedert	TE	13	0	0	0	0	0	27	0	2	0	0	0	0	0	0
Ian Thomas	TE	13	0	0	0	0	0	8	0	1	0	0	0	0	0	0
Dalton Schultz	TE	13	0	0	0	0	0	55	0	7	0	0	0	0	0	0
Cedrick Wilson Jr.	WR	13	0	0	0	0	0	16	0	1	0	0	0	0	0	0
Allen Lazard	WR	13	0	0	0	0	0	10	0	1	0	0	0	0	0	0
Tanner Hudson	TE	13	0	0	0	0	0	14	1	1	0	0	0	0	0	0
Mark Andrews	TE	13	0	0	0	0	0	47	0	4	0	0	0	0	0	0
Mason Rudolph	QB	13	0	0	1	0	0	0	0	0	0	0	0	0	0	0
Nick Chubb	RB	13	0	0	0	34	1	0	0	0	0	0	0	0	0	0
Lamar Jackson	QB	13	246	0	1	27	0	0	0	0	2	0	0	0	0	0
DJ Moore	WR	13	0	0	0	10	0	17	0	2	0	0	0	0	0	0
Mike Gesicki	TE	13	0	0	0	0	0	19	0	2	0	0	0	0	0	0
Saquon Barkley	RB	13	0	0	0	56	0	0	0	0	0	0	0	0	0	0
Baker Mayfield	QB	13	194	1	0	27	0	0	0	0	0	0	0	0	0	0
Josh Allen	QB	13	123	1	1	38	1	0	0	0	0	0	0	0	0	0
Dante Pettis	WR	13	0	0	0	0	0	0	0	0	0	0	0	0	0	0
Sam Darnold	QB	13	128	0	0	0	0	0	0	0	1	0	0	0	0	0
Jakobi Meyers	WR	13	0	0	0	3	0	90	1	6	0	0	0	0	0	0
Foster Moreau	TE	13	0	0	0	0	0	13	0	2	0	0	0	0	0	0
Olamide Zaccheaus	WR	13	0	0	0	0	0	19	0	2	0	0	0	0	0	0
T.J. Hockenson	TE	13	0	0	0	0	0	59	0	6	0	0	0	0	0	0
Devin Singletary	RB	13	0	0	0	68	1	34	0	3	0	0	0	0	0	0
Tony Pollard	RB	13	0	0	0	60	0	3	0	1	0	0	1	0	0	0
Myles Gaskin	RB	13	0	0	0	6	0	0	0	0	0	0	0	0	0	0
David Sills	WR	13	0	0	0	0	0	15	1	2	0	0	0	0	0	0
Lil'Jordan Humphrey	WR	13	0	0	0	0	0	0	0	0	0	0	0	0	0	0
Greg Dortch	WR	13	0	0	0	0	0	14	0	2	0	0	0	0	0	0
Darius Slayton	WR	13	0	0	0	0	0	41	1	2	0	0	0	0	0	1
Ty Johnson	RB	13	0	0	0	5	0	20	0	3	0	0	0	0	0	0
Tom Kennedy	WR	13	0	0	0	0	0	36	0	4	0	0	0	0	0	0
Travis Homer	RB	13	0	0	0	0	0	0	0	0	0	0	0	0	0	0
Alex Bachman	WR	13	0	0	0	0	0	0	0	0	0	0	0	0	0	0
Drew Sample	TE	13	0	0	0	3	0	14	0	1	0	0	0	0	0	0
DK Metcalf	WR	13	0	0	0	0	0	32	0	3	0	0	0	0	0	0
Noah Fant	TE	13	0	0	0	0	0	3	0	1	0	0	0	0	0	0
Gunner Olszewski	WR	13	0	0	0	0	0	0	0	0	0	0	0	0	0	0
Terry McLaurin	WR	13	0	0	0	0	0	96	1	7	0	0	0	0	0	0
Marquise Brown	WR	13	0	0	0	0	0	20	1	2	0	0	0	0	0	0
A.J. Brown	WR	13	0	0	0	0	0	132	2	10	0	0	0	0	0	0
David Montgomery	RB	13	0	0	0	32	1	16	0	2	0	0	0	0	0	0
Dawson Knox	TE	13	0	0	0	0	0	28	0	3	0	0	0	0	0	0
Josh Jacobs	RB	13	0	0	0	83	0	8	0	1	0	0	0	0	0	0
Daniel Jones	QB	13	201	2	0	1	0	0	0	0	0	0	0	0	0	0
Deebo Samuel Sr.	WR	13	0	0	0	-3	0	64	0	5	0	0	0	0	0	0
Andre Baccellia	WR	13	0	0	0	0	0	0	0	0	0	0	0	0	0	0
Cody White	WR	13	0	0	0	0	0	21	0	1	0	0	0	0	0	0
Juwan Johnson	TE	13	0	0	0	0	0	39	0	5	0	0	0	0	0	0
James Proche	WR	13	0	0	0	0	0	13	0	1	0	0	0	0	0	0
Rico Dowdle	RB	13	0	0	0	58	0	21	0	2	0	0	0	0	0	0
Isaiah Hodgins	WR	13	0	0	0	0	0	4	0	1	0	0	0	0	0	0
Nick Westbrook-Ikhine	WR	13	0	0	0	0	0	0	0	0	0	0	0	0	0	0
Reggie Gilliam	RB	13	0	0	0	0	0	0	0	0	0	0	0	0	0	0
Gabe Davis	WR	13	0	0	0	0	0	5	0	1	0	0	0	0	0	0
Tua Tagovailoa	QB	13	157	0	1	4	0	0	0	0	0	0	0	0	0	0
Jonathan Taylor	RB	13	0	0	0	85	0	36	0	3	0	0	0	0	0	0
Colby Parkinson	TE	13	0	0	0	0	0	27	0	4	0	0	0	0	0	0
Michael Pittman	WR	13	0	0	0	0	0	13	0	1	0	0	0	0	0	0
Jauan Jennings	WR	13	0	0	0	0	0	39	1	4	0	0	0	0	0	0
Jordan Love	QB	13	234	4	0	4	0	0	0	0	0	0	0	0	0	0
D'Andre Swift	RB	13	0	0	0	125	1	13	0	1	0	0	0	0	0	0
Cole Kmet	TE	13	0	0	0	0	0	36	1	3	0	0	0	0	0	0
Darnell Mooney	WR	13	0	0	0	0	0	25	0	2	0	0	0	0	0	0
Justin Jefferson	WR	13	0	0	0	0	0	4	0	2	0	0	0	0	0	0
Devin Duvernay	WR	13	0	0	0	0	0	0	0	0	0	0	0	0	0	0
Justin Herbert	QB	13	151	2	1	8	0	0	0	0	0	0	0	0	0	0
CeeDee Lamb	WR	13	0	0	0	0	0	112	1	7	0	0	0	0	0	0
Jalen Hurts	QB	13	230	2	1	31	0	0	0	0	0	1	0	0	0	0
Jerry Jeudy	WR	13	0	0	0	0	0	26	0	3	0	0	0	0	0	0
Van Jefferson	WR	13	0	0	0	0	0	20	0	3	0	0	0	0	0	0
Adam Trautman	TE	13	0	0	0	0	0	47	0	3	0	0	0	0	0	0
Joe Burrow	QB	13	261	2	0	8	0	0	0	0	0	0	0	0	0	0
Rashod Bateman	WR	13	0	0	0	0	0	0	0	0	0	0	0	0	0	0
Nico Collins	WR	13	0	0	0	7	1	98	0	5	0	0	0	0	0	0
Chuba Hubbard	RB	13	0	0	0	83	0	41	1	2	0	0	0	0	0	0
Gary Brightwell	RB	13	0	0	0	0	0	0	0	0	0	0	0	0	0	0
Quintin Morris	TE	13	0	0	0	0	0	14	0	1	0	0	0	0	0	0
Jaylen Waddle	WR	13	0	0	0	0	0	40	0	3	0	0	0	0	0	0
John Bates	TE	13	0	0	0	0	0	9	0	2	0	0	0	0	0	0
Jaret Patterson	RB	13	0	0	0	54	1	0	0	0	0	0	0	0	0	0
Austin Trammell	WR	13	0	0	0	0	0	0	0	0	0	0	0	0	0	0
Ben Skowronek	WR	13	0	0	0	0	0	0	0	0	0	0	0	0	0	0
Rhamondre Stevenson	RB	13	0	0	0	40	0	40	0	3	0	0	0	0	0	0
Luke Farrell	TE	13	0	0	0	0	0	0	0	0	0	0	0	0	0	0
Ja'Marr Chase	WR	13	0	0	0	0	0	110	0	7	0	0	0	0	0	0
DeVonta Smith	WR	13	0	0	0	0	0	48	0	5	0	0	0	0	0	0
Kenny Gainwell	RB	13	0	0	0	20	0	25	0	2	0	0	0	0	0	0
Michael Carter	RB	13	0	0	0	17	0	47	0	5	0	0	0	0	0	0
Amon-Ra St. Brown	WR	13	0	0	0	0	0	0	0	0	0	0	0	0	0	0
Kyle Pitts	TE	13	0	0	0	0	0	82	0	7	0	0	0	0	0	0
Trevor Lawrence	QB	13	229	2	0	25	0	0	0	0	0	0	0	0	1	0
Mac Jones	QB	13	0	0	0	2	0	0	0	0	0	0	0	0	0	0
Travis Etienne	RB	13	0	0	0	28	0	13	0	1	0	0	0	0	0	0
Javonte Williams	RB	13	0	0	0	59	0	21	1	3	0	0	0	0	0	0
Tommy Tremble	TE	13	0	0	0	0	0	2	0	1	0	0	0	0	0	0
Trey Lance	QB	13	9	0	0	4	0	0	0	0	0	0	0	0	0	0
Tyler Badie	RB	13	0	0	0	0	0	18	0	3	0	0	0	0	0	0
Bo Melton	WR	13	0	0	0	15	0	0	0	0	0	0	0	0	0	0
Tyler Goodson	RB	13	0	0	0	0	0	0	0	0	0	0	0	0	0	0
Britain Covey	WR	13	0	0	0	0	0	0	0	0	0	0	0	0	0	0
Bam Knight	RB	13	0	0	0	62	0	36	1	3	0	1	0	0	0	0
Isiah Pacheco	RB	13	0	0	0	16	0	17	0	2	0	0	0	0	0	0
Jaylen Warren	RB	13	0	0	0	35	1	9	0	2	0	0	0	0	0	0
Chris Olave	WR	13	0	0	0	0	0	47	1	4	0	0	0	0	0	0
Jameson Williams	WR	13	0	0	0	-5	0	144	1	7	0	0	0	0	0	0
George Pickens	WR	13	0	0	0	0	0	88	0	6	0	0	0	0	0	1
James Cook	RB	13	0	0	0	144	0	33	0	3	0	1	0	0	0	0
Greg Dulcich	TE	13	0	0	0	0	0	24	0	2	0	0	0	0	0	0
Rachaad White	RB	13	0	0	0	7	0	22	0	3	0	0	0	0	0	0
Khalil Shakir	WR	13	0	0	0	0	0	5	0	1	0	0	0	0	0	0
Tyler Allgeier	RB	13	0	0	0	20	1	35	0	2	0	0	0	0	0	0
Jerome Ford	RB	13	0	0	0	0	0	17	0	3	0	0	0	0	0	0
Jalen Nailor	WR	13	0	0	0	0	0	0	0	0	0	0	0	0	0	0
Andrew Ogletree	TE	13	0	0	0	0	0	8	0	1	0	0	0	0	0	0
John FitzPatrick	TE	13	0	0	0	0	0	0	0	0	0	0	0	0	0	0
Deven Thompkins	WR	13	0	0	0	5	0	23	0	2	0	0	0	0	0	0
Jordan Mason	RB	13	0	0	0	47	0	1	0	1	0	0	0	0	0	0
Rashid Shaheed	WR	13	0	0	0	9	0	7	0	1	0	0	0	0	0	0
Ronnie Rivers	RB	13	0	0	0	0	0	0	0	0	0	0	0	0	0	0
Malik Davis	RB	13	0	0	0	47	1	0	0	0	0	0	0	0	0	0
Julius Chestnut	RB	13	0	0	0	0	0	0	0	0	0	0	0	0	0	0
John Metchie III	WR	13	0	0	0	-2	0	19	0	4	0	0	0	0	0	0
Alec Pierce	WR	13	0	0	0	0	0	78	1	4	0	0	0	0	0	0
Jalen Tolbert	WR	13	0	0	0	0	0	0	0	0	0	0	0	0	0	0
Jahan Dotson	WR	13	0	0	0	0	0	12	0	1	0	0	0	0	0	0
Treylon Burks	WR	13	0	0	0	0	0	5	1	1	0	0	0	0	0	0
Trey McBride	TE	13	0	0	0	0	0	82	1	8	0	0	0	0	0	0
Brian Robinson	RB	13	0	0	0	26	0	0	0	0	0	0	0	0	0	0
KaVontae Turpin	WR	13	0	0	0	33	0	28	0	2	0	0	0	0	0	0
Jeremy Ruckert	TE	13	0	0	0	0	0	12	0	2	0	0	0	0	0	0
Chig Okonkwo	TE	13	0	0	0	0	0	29	0	4	0	0	0	0	0	0
Romeo Doubs	WR	13	0	0	0	0	0	20	1	4	0	0	0	0	0	0
Brock Purdy	QB	13	168	1	0	4	1	0	0	0	0	0	0	0	0	0
Calvin Austin III	WR	13	0	0	0	0	0	0	0	0	0	0	0	0	0	0
Isaiah Likely	TE	13	0	0	0	0	0	95	0	5	0	0	1	0	0	0
Kyren Williams	RB	13	0	0	0	72	1	0	0	0	0	0	0	0	0	0
Jake Ferguson	TE	13	0	0	0	0	0	36	0	5	0	0	0	0	0	0
Charlie Kolar	TE	13	0	0	0	0	0	17	0	1	0	0	0	0	0	0
Skyy Moore	WR	13	0	0	0	0	0	0	0	0	0	0	0	0	0	0
Tyquan Thornton	WR	13	0	0	0	0	0	0	0	0	0	0	0	0	0	0
Wan'Dale Robinson	WR	13	0	0	0	0	0	34	0	7	0	0	0	0	0	0
Breece Hall	RB	13	0	0	0	68	1	8	0	2	0	0	0	0	0	0
Christian Watson	WR	13	0	0	0	3	0	80	1	4	0	0	0	0	0	0
Cade Otton	TE	13	0	0	0	0	0	9	0	2	0	0	0	0	0	0
Kenneth Walker III	RB	13	0	0	0	56	0	18	0	3	0	0	0	0	0	0
Xavier Smith	WR	13	0	0	0	0	0	82	0	3	0	0	0	0	0	0
Dontayvion Wicks	WR	13	0	0	0	6	0	94	2	6	0	0	0	0	0	0
Evan Hull	RB	13	0	0	0	15	0	0	0	0	0	0	0	0	0	0
Zavier Scott	RB	13	0	0	0	17	0	4	0	1	0	0	0	0	0	0
Keaton Mitchell	RB	13	0	0	0	19	1	12	0	2	0	0	0	0	0	0
Malik Heath	WR	13	0	0	0	0	0	0	0	0	0	0	0	0	0	0
Nikko Remigio	WR	13	0	0	0	0	0	0	0	0	0	0	0	0	0	0
Bijan Robinson	RB	13	0	0	0	142	1	51	0	5	0	0	0	0	0	0
Jaxon Smith-Njigba	WR	13	0	0	0	0	0	23	0	2	0	0	0	0	0	0
Quentin Johnston	WR	13	0	0	0	0	0	23	1	3	0	0	0	0	0	0
Luke Schoonmaker	TE	13	0	0	0	0	0	1	0	1	0	0	0	0	0	0
Darnell Washington	TE	13	0	0	0	0	0	45	0	2	0	0	0	0	0	0
Michael Wilson	WR	13	0	0	0	0	0	36	0	3	0	0	0	0	0	0
Tre Tucker	WR	13	0	0	0	0	0	20	0	3	0	0	0	0	0	0
Cameron Latu	TE	13	0	0	0	0	0	0	0	0	0	0	0	0	0	0
Derius Davis	WR	13	0	0	0	0	0	0	0	0	0	0	0	0	0	0
Charlie Jones	WR	13	0	0	0	0	0	0	0	0	0	0	0	0	0	0
Josh Whyle	TE	13	0	0	0	0	0	0	0	0	0	0	0	0	0	0
Chase Brown	RB	13	0	0	0	78	0	35	0	7	0	0	0	0	0	0
Parker Washington	WR	13	0	0	0	0	0	26	0	1	0	0	0	0	0	0
Kayshon Boutte	WR	13	0	0	0	0	0	35	1	4	0	0	0	0	0	0
Chris Rodriguez Jr.	RB	13	0	0	0	41	1	0	0	0	0	0	0	0	0	0
Xavier Hutchinson	WR	13	0	0	0	0	0	39	0	2	0	0	0	0	0	0
Andrei Iosivas	WR	13	0	0	0	0	0	29	1	1	0	0	0	0	0	0
DeMario Douglas	WR	13	0	0	0	0	0	33	0	3	0	0	0	0	0	0
Chris Brooks	RB	13	0	0	0	0	0	9	0	2	0	0	0	0	0	0
Blake Whiteheart	TE	13	0	0	0	0	0	0	0	0	0	0	0	0	0	0
Julian Hill	TE	13	0	0	0	0	0	0	0	0	0	0	0	0	0	0
Jaleel McLaughlin	RB	13	0	0	0	24	0	6	0	1	0	0	0	0	0	0
Emanuel Wilson	RB	13	0	0	0	14	0	0	0	0	0	0	0	0	0	0
Ryan Miller	WR	13	0	0	0	0	0	0	0	0	0	0	0	0	0	0
Mitchell Tinsley	WR	13	0	0	0	0	0	22	0	2	0	0	0	0	0	0
Brycen Tremayne	WR	13	0	0	0	0	0	0	0	0	0	0	0	0	0	0
Brenton Strange	TE	13	0	0	0	0	0	45	1	3	0	0	0	0	0	0
Sean Tucker	RB	13	0	0	0	0	0	0	0	0	0	0	0	0	0	0
Dylan Drummond	WR	13	0	0	0	0	0	3	0	1	0	0	0	0	0	0
Marvin Mims Jr.	WR	13	0	0	0	9	0	8	0	2	0	0	0	0	0	0
Cedric Tillman	WR	13	0	0	0	0	0	0	0	0	0	0	0	0	0	0
Jordan Addison	WR	13	0	0	0	0	0	36	0	5	0	0	0	0	0	0
Josh Downs	WR	13	0	0	0	0	0	44	0	2	0	0	0	0	0	0
Tyjae Spears	RB	13	0	0	0	-1	0	25	0	6	0	0	0	0	0	0
De'Von Achane	RB	13	0	0	0	134	1	0	0	0	0	0	0	0	0	0
Elijah Higgins	TE	13	0	0	0	0	0	17	0	2	0	0	0	0	0	0
Payne Durham	TE	13	0	0	0	0	0	11	0	1	0	0	0	0	0	0
Zay Flowers	WR	13	0	0	0	0	0	6	0	2	0	0	1	0	0	0
Rashee Rice	WR	13	0	0	0	2	0	92	2	8	0	0	0	0	0	0
Davis Allen	TE	13	0	0	0	0	0	4	0	1	0	0	0	0	0	0
Puka Nacua	WR	13	0	0	0	0	0	72	0	6	0	0	0	0	0	0
Jahmyr Gibbs	RB	13	0	0	0	68	0	18	0	3	0	0	0	0	0	0
Luke Musgrave	TE	13	0	0	0	0	0	23	0	1	0	0	0	0	0	0
Bryce Young	QB	13	206	3	0	23	0	0	0	0	0	0	0	0	0	0
C.J. Stroud	QB	13	276	0	1	0	0	0	0	0	0	0	0	0	0	0
Zach Charbonnet	RB	13	0	0	0	52	1	0	0	0	0	0	0	0	0	0
Brock Bowers	TE	13	0	0	0	0	0	63	2	4	0	0	0	0	0	0
Xavier Legette	WR	13	0	0	0	0	0	1	0	1	0	0	0	0	0	0
Ja'Tavion Sanders	TE	13	0	0	0	0	0	0	0	0	0	0	0	0	0	0
Cade Stover	TE	13	0	0	0	3	0	16	0	2	0	0	0	0	0	0
Bucky Irving	RB	13	0	0	0	61	1	20	0	2	0	0	0	0	0	0
Isaac Guerendo	RB	13	0	0	0	0	0	0	0	0	0	0	0	0	0	0
Sione Vaki	RB	13	0	0	0	0	0	0	0	0	0	0	0	0	0	0
Tyrone Tracy Jr.	RB	13	0	0	0	36	0	-3	0	1	0	0	0	0	0	0
Kimani Vidal	RB	13	0	0	0	126	1	11	0	1	0	0	0	0	0	0
Dylan Laube	RB	13	0	0	0	0	0	0	0	0	0	0	0	0	0	0
Ryan Flournoy	WR	13	0	0	0	0	0	34	0	3	0	0	0	0	0	0
Devaughn Vele	WR	13	0	0	0	0	0	93	1	8	0	0	0	0	0	0
Isaiah Williams	WR	13	0	0	0	0	0	0	0	0	0	0	0	0	0	0
Jalen Coker	WR	13	0	0	0	0	0	74	1	4	0	0	0	0	0	0
Xavier Weaver	WR	13	0	0	0	0	0	0	0	0	0	0	0	0	0	0
Brevyn Spann-Ford	TE	13	0	0	0	0	0	0	0	0	0	0	0	0	0	0
Kameron Johnson	WR	13	0	0	0	0	0	0	0	0	0	0	0	0	0	0
Mason Tipton	WR	13	0	0	0	-1	0	20	0	3	0	0	0	0	0	0
David Martin-Robinson	TE	13	0	0	0	0	0	0	0	0	0	0	0	0	0	0
Colson Yankoff	TE	13	0	0	0	0	0	14	0	1	0	0	0	0	0	0
Bo Nix	QB	13	321	1	1	16	0	0	0	0	0	0	0	0	0	0
Blake Corum	RB	13	0	0	0	81	1	0	0	0	0	0	0	0	0	0
Roman Wilson	WR	13	0	0	0	0	0	0	0	0	0	0	0	0	0	0
Will Shipley	RB	13	0	0	0	0	0	11	0	1	0	0	0	0	0	0
Jordan Whittington	WR	13	0	0	0	0	0	0	0	0	0	0	0	0	0	0
Devin Culp	TE	13	0	0	0	0	0	0	0	0	0	0	0	0	0	0
Terrell Jennings	RB	13	0	0	0	0	0	0	0	0	0	0	0	0	0	0
Devontez Walker	WR	13	0	0	0	0	0	0	0	0	0	0	0	0	0	0
AJ Barner	TE	13	0	0	0	2	0	35	0	4	0	0	0	0	0	0
Rasheen Ali	RB	13	0	0	0	17	0	0	0	0	0	0	0	0	0	0
Isaiah Davis	RB	13	0	0	0	0	0	0	0	0	0	0	0	0	0	0
Anthony Gould	WR	13	0	0	0	0	0	0	0	0	0	0	0	0	0	0
Jared Wiley	TE	13	0	0	0	0	0	4	0	1	0	0	0	0	0	0
Theo Johnson	TE	13	0	0	0	0	0	29	0	3	0	0	0	0	0	0
Marvin Harrison Jr.	WR	13	0	0	0	0	0	69	0	6	0	0	0	0	0	0
Drake Maye	QB	13	282	2	0	12	0	0	0	0	0	0	0	0	0	0
Troy Franklin	WR	13	0	0	0	0	0	21	0	2	0	0	0	0	0	0
Jaylen Wright	RB	13	0	0	0	16	0	0	0	0	0	0	0	0	0	0
Ray Davis	RB	13	0	0	0	62	0	0	0	0	0	0	0	0	0	0
Malik Washington	WR	13	0	0	0	0	0	30	0	4	0	0	0	0	0	0
Adonai Mitchell	WR	13	0	0	0	0	0	102	1	8	0	0	0	0	0	0
Brian Thomas Jr.	WR	13	0	0	0	0	0	28	0	2	0	0	0	0	0	0
Xavier Worthy	WR	13	0	0	0	13	0	61	0	4	0	0	0	0	0	0
Keon Coleman	WR	13	0	0	0	0	0	9	1	2	0	0	0	0	0	0
Ladd McConkey	WR	13	0	0	0	0	0	39	1	4	0	0	0	0	0	0
Ricky Pearsall	WR	13	0	0	0	0	0	14	0	2	0	0	0	0	0	0
Caleb Williams	QB	13	154	1	1	13	0	0	0	0	0	0	0	0	0	0
Rome Odunze	WR	13	0	0	0	0	0	8	0	2	0	0	0	0	0	0
Malachi Corley	WR	13	0	0	0	9	0	0	0	0	0	0	0	0	0	0
Nick Kallerup	TE	13	0	0	0	0	0	0	0	0	0	0	0	0	0	0
Brashard Smith	RB	13	0	0	0	0	0	0	0	0	0	0	0	0	0	0
Ashton Jeanty	RB	13	0	0	0	31	0	30	0	6	0	0	0	0	0	0
Tetairoa McMillan	WR	13	0	0	0	0	0	43	1	1	0	0	0	0	0	0
Colston Loveland	TE	13	0	0	0	0	0	28	0	3	0	0	0	0	0	0
Tyler Warren	TE	13	0	0	0	0	0	22	1	3	0	0	0	0	0	0
Emeka Egbuka	WR	13	0	0	0	0	0	42	0	4	0	0	0	0	0	0
Jayden Higgins	WR	13	0	0	0	0	0	65	0	5	0	0	0	0	0	0
Kyle Williams	WR	13	0	0	0	0	0	33	1	1	0	0	0	0	0	0
Pat Bryant	WR	13	0	0	0	0	0	42	0	3	0	0	0	0	0	0
Jaylin Noel	WR	13	0	0	0	0	0	0	0	0	0	0	0	0	0	0
Kaleb Johnson	RB	13	0	0	0	3	0	0	0	0	0	0	0	0	0	0
Tai Felton	WR	13	0	0	0	0	0	0	0	0	0	0	0	0	0	0
Dylan Sampson	RB	13	0	0	0	23	0	0	0	0	0	0	0	0	0	0
Jaylin Lane	WR	13	0	0	0	0	0	0	0	0	0	0	0	0	0	0
Elic Ayomanor	WR	13	0	0	0	0	0	5	0	1	0	0	0	0	0	0
Mitchell Evans	TE	13	0	0	0	0	0	20	0	3	0	0	0	0	0	0
Oronde Gadsden II	TE	13	0	0	0	0	0	27	0	1	0	0	0	0	0	0
Jackson Hawes	TE	13	0	0	0	0	0	10	0	1	0	0	0	0	0	0
Ollie Gordon II	RB	13	0	0	0	10	0	0	0	0	0	0	0	0	0	0
Devin Neal	RB	13	0	0	0	47	0	22	0	3	0	0	0	0	0	0
Kyle Monangai	RB	13	0	0	0	130	1	0	0	0	0	0	0	0	0	0
Tez Johnson	WR	13	0	0	0	0	0	5	0	1	0	0	0	0	0	0
LeQuint Allen Jr.	RB	13	0	0	0	0	0	0	0	0	0	0	0	0	0	0
Jacory Croskey-Merritt	RB	13	0	0	0	20	0	0	0	0	0	0	0	0	0	0
Gage Larvadain	WR	13	0	0	0	0	0	23	0	2	0	0	0	0	0	0
Max Brosmer	QB	13	126	0	4	-1	0	0	0	0	0	0	0	0	0	0
Myles Price	WR	13	0	0	0	0	0	0	0	0	0	0	0	0	0	0
Xavier Restrepo	WR	13	0	0	0	0	0	15	0	1	0	0	0	0	0	0
Ke'Shawn Williams	WR	13	0	0	0	0	0	0	0	0	0	0	0	0	0	0
Efton Chism III	WR	13	0	0	0	0	0	0	0	0	0	0	0	0	0	0
Dont'e Thornton Jr.	WR	13	0	0	0	0	0	11	0	1	0	0	0	0	0	0
Woody Marks	RB	13	0	0	0	64	0	3	0	1	0	0	0	0	0	0
Gunnar Helm	TE	13	0	0	0	0	0	23	0	6	0	0	0	0	0	0
Konata Mumpfield	WR	13	0	0	0	0	0	0	0	0	0	0	0	0	0	0
Trevor Etienne	RB	13	0	0	0	0	0	4	0	1	0	0	0	0	0	0
Harold Fannin Jr.	TE	13	0	0	0	0	0	43	1	3	0	1	0	0	0	0
Shedeur Sanders	QB	13	149	1	0	6	0	0	0	0	0	0	0	0	0	0
Isaac TeSlaa	WR	13	0	0	0	0	0	35	1	2	0	0	0	0	0	0
Cam Ward	QB	13	141	0	0	7	0	0	0	0	0	0	0	0	0	0
Jaxson Dart	QB	13	139	1	0	20	0	0	0	0	0	0	0	1	0	0
Dillon Gabriel	QB	13	0	0	0	0	0	0	0	0	0	0	0	0	0	0
Chimere Dike	WR	13	0	0	0	1	0	8	0	1	0	0	0	0	0	0
Bhayshul Tuten	RB	13	0	0	0	17	1	2	0	1	0	0	0	0	0	0
Tre Harris	WR	13	0	0	0	0	0	30	0	3	0	0	0	0	0	0
Jack Bech	WR	13	0	0	0	0	0	22	0	2	0	0	0	0	0	0
RJ Harvey	RB	13	0	0	0	35	2	27	0	3	0	0	0	0	0	0
TreVeyon Henderson	RB	13	0	0	0	67	0	19	0	3	0	0	0	0	0	0
Luther Burden III	WR	13	0	0	0	3	0	33	0	4	0	0	0	0	0	0
Mason Taylor	TE	13	0	0	0	0	0	21	0	2	0	0	0	0	0	0
Terrance Ferguson	TE	13	0	0	0	0	0	0	0	0	0	0	0	0	0	0
Elijah Arroyo	TE	13	0	0	0	0	0	0	0	0	0	0	0	0	0	0
Tyler Shough	QB	13	239	2	1	18	0	0	0	0	1	0	0	0	1	0
Isaiah Bond	WR	13	0	0	0	9	0	18	0	1	0	0	0	0	0	0
Quinshon Judkins	RB	13	0	0	0	91	0	18	0	3	0	0	0	0	1	0
Aaron Rodgers	QB	14	284	1	0	0	1	-9	0	1	0	0	0	0	0	0
Matthew Stafford	QB	14	281	3	0	0	0	0	0	0	0	0	0	0	0	0
Tyrod Taylor	QB	14	6	0	1	0	0	0	0	0	0	0	0	0	0	0
Kirk Cousins	QB	14	162	0	2	0	0	0	0	0	0	0	0	0	0	0
Adam Thielen	WR	14	0	0	0	0	0	4	0	1	0	0	0	0	0	0
Zach Ertz	TE	14	0	0	0	0	0	11	0	1	0	0	0	0	0	0
Keenan Allen	WR	14	0	0	0	0	0	22	0	3	0	0	0	0	0	0
Travis Kelce	TE	14	0	0	0	0	0	8	0	1	0	0	0	0	0	0
DeAndre Hopkins	WR	14	0	0	0	0	0	0	0	0	0	0	0	0	0	0
Geno Smith	QB	14	116	1	0	4	0	0	0	0	0	0	0	0	0	0
Jimmy Garoppolo	QB	14	0	0	0	-4	0	0	0	0	0	0	0	0	0	0
Davante Adams	WR	14	0	0	0	0	0	29	0	4	0	0	0	0	0	0
Darren Waller	TE	14	0	0	0	4	0	13	0	1	0	0	0	0	0	0
Raheem Mostert	RB	14	0	0	0	0	0	2	0	1	0	0	0	0	0	0
Ameer Abdullah	RB	14	0	0	0	4	0	5	0	2	0	0	0	0	0	0
Tyler Lockett	WR	14	0	0	0	0	0	41	0	3	0	0	0	0	0	0
Marcus Mariota	QB	14	30	0	1	7	0	0	0	0	0	1	0	0	0	0
Sterling Shepard	WR	14	0	0	0	0	0	5	0	1	0	0	0	0	0	0
Derrick Henry	RB	14	0	0	0	94	0	8	0	1	0	0	0	0	0	0
Laquon Treadwell	WR	14	0	0	0	0	0	0	0	0	0	0	0	0	0	0
Dak Prescott	QB	14	376	1	2	14	0	0	0	0	0	0	0	1	0	0
Jared Goff	QB	14	309	1	0	-2	0	0	0	0	0	0	0	0	0	0
Jacoby Brissett	QB	14	271	2	1	22	0	0	0	0	0	0	0	0	0	0
Mo Alie-Cox	TE	14	0	0	0	0	0	0	0	0	0	0	0	0	0	0
Aaron Jones	RB	14	0	0	0	76	0	0	0	0	0	0	0	0	0	0
Nick Mullens	QB	14	3	0	0	-1	0	0	0	0	0	0	0	0	0	0
Taysom Hill	TE	14	0	0	0	-1	0	0	0	0	0	0	0	0	0	0
Tim Patrick	WR	14	0	0	0	0	0	78	1	5	0	0	0	0	0	0
Patrick Ricard	RB	14	0	0	0	0	0	0	0	0	0	0	0	0	0	0
Pharaoh Brown	TE	14	0	0	0	0	0	0	0	0	0	0	0	0	0	0
Anthony Firkser	TE	14	0	0	0	0	0	7	0	1	0	0	0	0	0	0
Samaje Perine	RB	14	0	0	0	31	0	7	0	1	0	0	0	0	0	0
Jamal Agnew	WR	14	0	0	0	0	0	0	0	0	0	0	0	0	0	0
Noah Brown	WR	14	0	0	0	0	0	19	0	1	0	0	0	0	0	0
Dare Ogunbowale	RB	14	0	0	0	5	1	0	0	0	0	0	0	0	0	0
JuJu Smith-Schuster	WR	14	0	0	0	0	0	5	0	1	0	0	0	0	0	0
Jonnu Smith	TE	14	0	0	0	0	0	0	0	0	0	0	0	0	0	0
Patrick Mahomes	QB	14	160	0	3	59	0	-10	0	1	0	0	0	0	0	0
Evan Engram	TE	14	0	0	0	0	0	8	0	2	0	0	0	0	0	0
David Njoku	TE	14	0	0	0	0	0	1	1	1	0	0	0	0	0	0
Cooper Kupp	WR	14	0	0	0	0	0	35	1	2	0	0	0	0	0	0
Chris Godwin Jr.	WR	14	0	0	0	0	0	55	0	5	0	0	0	0	0	0
Kareem Hunt	RB	14	0	0	0	30	1	0	0	0	0	0	0	0	0	0
Jeremy McNichols	RB	14	0	0	0	0	0	2	0	1	0	0	0	0	0	0
Ross Dwelley	TE	14	0	0	0	0	0	4	0	1	0	0	0	0	0	0
Will Dissly	TE	14	0	0	0	0	0	1	0	1	0	0	0	0	0	0
Marquez Valdes-Scantling	WR	14	0	0	0	0	0	0	0	0	0	0	0	0	0	0
Courtland Sutton	WR	14	0	0	0	0	0	62	0	6	0	0	0	0	0	0
Dallas Goedert	TE	14	0	0	0	0	0	78	0	8	0	0	0	0	0	0
Ian Thomas	TE	14	0	0	0	0	0	17	0	2	0	0	0	0	0	0
Dalton Schultz	TE	14	0	0	0	0	0	22	0	3	0	0	0	0	0	0
Trent Sherfield	WR	14	0	0	0	0	0	0	0	0	0	0	0	0	0	0
Allen Lazard	WR	14	0	0	0	0	0	0	0	0	0	0	0	0	0	0
Tanner Hudson	TE	14	0	0	0	0	0	11	0	1	0	0	0	0	0	0
Mark Andrews	TE	14	0	0	0	0	0	9	0	1	0	0	0	0	0	0
Christian Kirk	WR	14	0	0	0	0	0	6	0	1	0	0	0	0	0	0
Nick Chubb	RB	14	0	0	0	3	0	0	0	0	0	0	0	0	0	0
Lamar Jackson	QB	14	219	1	1	43	1	0	0	0	0	0	0	0	0	0
Durham Smythe	TE	14	0	0	0	0	0	2	0	1	0	0	0	0	0	0
DJ Moore	WR	14	0	0	0	0	0	-4	0	1	0	0	0	0	0	0
Mike Gesicki	TE	14	0	0	0	0	0	86	1	6	0	0	0	0	0	0
Saquon Barkley	RB	14	0	0	0	122	1	0	0	0	0	0	0	0	0	0
Baker Mayfield	QB	14	122	1	1	42	0	0	0	0	0	0	0	0	0	0
Josh Allen	QB	14	251	3	0	78	1	0	0	0	0	0	0	1	0	0
Dante Pettis	WR	14	0	0	0	0	0	0	0	0	0	0	0	0	0	0
Sam Darnold	QB	14	249	3	1	23	0	0	0	0	0	0	0	0	0	0
Jakobi Meyers	WR	14	0	0	0	9	0	39	1	4	0	0	0	0	0	0
Foster Moreau	TE	14	0	0	0	0	0	16	0	1	0	0	0	0	0	0
Olamide Zaccheaus	WR	14	0	0	0	0	0	7	1	2	0	0	0	0	0	0
T.J. Hockenson	TE	14	0	0	0	0	0	12	1	2	0	0	0	0	0	0
Josh Oliver	TE	14	0	0	0	0	0	24	2	2	0	0	0	0	0	0
Tony Pollard	RB	14	0	0	0	161	2	0	0	0	0	0	0	0	0	0
David Sills	WR	14	0	0	0	0	0	0	0	0	0	0	0	0	0	0
Lil'Jordan Humphrey	WR	14	0	0	0	0	0	27	0	3	0	0	0	0	0	0
Ty Johnson	RB	14	0	0	0	25	0	14	0	2	0	0	0	0	0	0
Tom Kennedy	WR	14	0	0	0	0	0	0	0	0	0	0	0	0	0	0
Travis Homer	RB	14	0	0	0	0	0	0	0	0	0	0	0	0	0	0
DK Metcalf	WR	14	0	0	0	0	0	148	0	7	0	0	0	0	0	0
Noah Fant	TE	14	0	0	0	0	0	15	0	1	0	0	0	0	0	0
Terry McLaurin	WR	14	0	0	0	0	0	41	0	3	0	0	0	0	0	0
Marquise Brown	WR	14	0	0	0	0	0	35	0	1	0	0	0	0	0	0
A.J. Brown	WR	14	0	0	0	0	0	100	0	6	0	0	0	0	0	0
David Montgomery	RB	14	0	0	0	60	1	13	0	1	0	0	0	0	0	0
Dawson Knox	TE	14	0	0	0	0	0	93	0	6	0	0	0	0	0	1
Josh Jacobs	RB	14	0	0	0	86	1	6	0	2	0	0	0	0	0	0
Drew Lock	QB	14	0	0	0	0	0	0	0	0	0	0	0	0	0	0
Daniel Jones	QB	14	60	0	1	4	0	0	0	0	0	0	0	0	0	0
Deebo Samuel Sr.	WR	14	0	0	0	0	0	27	0	4	0	0	0	0	0	0
Andre Baccellia	WR	14	0	0	0	0	0	3	0	1	0	0	0	0	0	0
Cody White	WR	14	0	0	0	0	0	9	0	1	0	0	0	0	0	0
Juwan Johnson	TE	14	0	0	0	0	0	38	0	4	0	0	0	0	0	0
James Proche	WR	14	0	0	0	0	0	0	0	0	0	0	0	0	0	0
Nick Westbrook-Ikhine	WR	14	0	0	0	0	0	0	0	0	0	0	0	0	0	0
Reggie Gilliam	RB	14	0	0	0	0	0	0	0	0	0	0	0	0	0	0
Gabe Davis	WR	14	0	0	0	0	0	21	0	2	0	0	0	0	0	0
Tua Tagovailoa	QB	14	127	1	0	0	0	0	0	0	0	0	0	0	0	0
Jonathan Taylor	RB	14	0	0	0	74	1	0	0	0	0	1	0	0	0	0
Colby Parkinson	TE	14	0	0	0	0	0	32	1	3	0	0	0	0	0	0
Michael Pittman	WR	14	0	0	0	0	0	79	0	9	0	0	0	0	0	0
Jordan Love	QB	14	234	3	1	-1	0	0	0	0	0	0	0	0	0	0
D'Andre Swift	RB	14	0	0	0	63	0	19	0	3	0	0	0	0	0	0
Cole Kmet	TE	14	0	0	0	0	0	42	0	2	0	0	0	0	0	0
Darnell Mooney	WR	14	0	0	0	0	0	6	0	1	0	0	0	0	0	0
Justin Jefferson	WR	14	0	0	0	0	0	11	0	2	0	0	0	0	0	0
Devin Duvernay	WR	14	0	0	0	0	0	24	0	1	0	0	0	0	0	0
Josiah Deguara	TE	14	0	0	0	0	0	0	0	0	0	0	0	0	0	0
Justin Herbert	QB	14	139	1	1	66	0	0	0	0	1	0	0	0	0	0
CeeDee Lamb	WR	14	0	0	0	0	0	121	0	6	0	0	0	0	0	0
Jalen Hurts	QB	14	240	0	4	8	0	0	0	0	0	0	0	0	0	0
Jerry Jeudy	WR	14	0	0	0	0	0	76	1	3	0	0	0	0	0	0
Tee Higgins	WR	14	0	0	0	0	0	92	2	6	0	0	0	0	0	0
Van Jefferson	WR	14	0	0	0	0	0	17	0	2	0	0	0	0	0	0
Adam Trautman	TE	14	0	0	0	0	0	17	0	2	0	0	0	0	0	0
Joe Burrow	QB	14	284	4	2	0	0	0	0	0	0	0	0	0	0	0
DJ Turner	WR	14	0	0	0	0	0	0	0	0	0	0	0	0	0	0
Rashod Bateman	WR	14	0	0	0	0	0	23	0	2	0	0	0	0	0	0
Nico Collins	WR	14	0	0	0	0	0	121	0	4	0	0	0	0	0	0
Quintin Morris	TE	14	0	0	0	0	0	0	0	0	0	0	0	0	0	0
Jaylen Waddle	WR	14	0	0	0	21	0	50	1	5	0	0	0	0	0	0
Dee Eskridge	WR	14	0	0	0	0	0	0	0	0	0	0	0	0	0	0
John Bates	TE	14	0	0	0	0	0	0	0	0	0	0	0	0	0	0
Noah Gray	TE	14	0	0	0	0	0	14	0	1	0	0	0	0	0	0
Jack Stoll	TE	14	0	0	0	0	0	0	0	0	0	0	0	0	0	0
Feleipe Franks	TE	14	0	0	0	0	0	0	0	0	0	0	0	0	0	0
Austin Trammell	WR	14	0	0	0	0	0	0	0	0	0	0	0	0	0	0
Kene Nwangwu	RB	14	0	0	0	0	0	0	0	0	0	0	0	0	0	0
Ben Skowronek	WR	14	0	0	0	0	0	13	0	1	0	0	0	0	0	0
Kylen Granson	TE	14	0	0	0	0	0	0	0	0	0	0	0	0	0	0
Pat Freiermuth	TE	14	0	0	0	0	0	9	0	2	0	0	0	0	0	0
Ja'Marr Chase	WR	14	0	0	0	8	0	44	0	5	0	0	0	0	0	0
Khalil Herbert	RB	14	0	0	0	0	0	0	0	0	0	0	0	0	0	0
DeVonta Smith	WR	14	0	0	0	0	0	37	0	4	0	0	0	0	0	0
Kenny Gainwell	RB	14	0	0	0	15	1	27	0	6	0	0	0	0	0	0
Michael Carter	RB	14	0	0	0	13	0	18	0	2	0	0	0	0	0	0
Amon-Ra St. Brown	WR	14	0	0	0	0	0	92	0	6	0	0	0	0	0	0
Kyle Pitts	TE	14	0	0	0	0	0	90	0	6	0	0	0	0	0	0
Trevor Lawrence	QB	14	244	2	0	16	0	0	0	0	0	0	0	0	0	0
Travis Etienne	RB	14	0	0	0	74	2	8	0	1	0	0	0	0	0	0
Javonte Williams	RB	14	0	0	0	67	1	0	0	2	0	0	0	0	0	0
Zach Wilson	QB	14	0	0	0	-2	0	0	0	0	0	0	0	0	0	0
Tyler Badie	RB	14	0	0	0	16	0	5	0	1	0	0	0	0	0	0
Bo Melton	WR	14	0	0	0	0	0	45	1	1	0	0	0	0	0	0
Britain Covey	WR	14	0	0	0	0	0	0	0	0	0	0	0	0	0	0
Bam Knight	RB	14	0	0	0	16	0	18	0	3	0	0	0	0	0	0
Isiah Pacheco	RB	14	0	0	0	30	0	0	0	0	0	0	0	0	0	0
Jaylen Warren	RB	14	0	0	0	13	0	49	1	3	0	0	0	0	0	0
Chris Olave	WR	14	0	0	0	0	0	30	0	3	0	0	0	0	0	0
Jameson Williams	WR	14	0	0	0	7	0	96	0	7	0	0	0	0	0	0
George Pickens	WR	14	0	0	0	0	0	37	0	5	0	0	0	0	0	0
James Cook	RB	14	0	0	0	80	0	31	0	2	0	1	0	0	0	0
Greg Dulcich	TE	14	0	0	0	0	0	41	0	3	0	0	0	0	0	0
Rachaad White	RB	14	0	0	0	53	0	2	0	1	0	0	0	0	0	0
Khalil Shakir	WR	14	0	0	0	0	0	16	1	2	0	0	0	0	0	0
Tyler Allgeier	RB	14	0	0	0	34	0	33	0	2	0	0	0	0	0	0
Jerome Ford	RB	14	0	0	0	0	0	10	0	2	0	0	0	0	0	0
Jalen Nailor	WR	14	0	0	0	0	0	30	0	3	0	0	0	0	0	0
Andrew Ogletree	TE	14	0	0	0	0	0	0	0	0	0	0	0	0	0	0
John FitzPatrick	TE	14	0	0	0	0	0	14	0	2	0	0	0	0	0	0
Stone Smartt	TE	14	0	0	0	0	0	0	0	0	0	0	0	0	0	0
Deven Thompkins	WR	14	0	0	0	0	0	4	0	1	0	0	0	0	0	0
Jordan Mason	RB	14	0	0	0	52	1	0	0	0	0	0	0	0	0	0
Rashid Shaheed	WR	14	0	0	0	0	0	67	0	4	0	0	0	0	0	0
Ronnie Rivers	RB	14	0	0	0	41	0	0	0	0	0	0	0	0	0	0
Malik Davis	RB	14	0	0	0	6	0	0	0	0	0	0	0	0	0	0
Julius Chestnut	RB	14	0	0	0	0	0	0	0	0	0	0	0	0	0	0
John Metchie III	WR	14	0	0	0	0	0	34	0	4	0	0	0	0	0	0
Hassan Haskins	RB	14	0	0	0	0	0	0	0	0	0	0	0	0	0	0
Alec Pierce	WR	14	0	0	0	0	0	80	0	5	0	0	0	0	0	0
Jahan Dotson	WR	14	0	0	0	0	0	3	0	1	0	0	0	0	0	0
Treylon Burks	WR	14	0	0	0	0	0	0	0	0	0	0	0	0	0	0
Trey McBride	TE	14	0	0	0	0	0	58	0	5	0	0	0	0	0	0
Velus Jones Jr.	WR	14	0	0	0	32	0	0	0	0	0	0	0	0	0	0
KaVontae Turpin	WR	14	0	0	0	4	0	26	0	2	0	0	0	0	0	0
Jeremy Ruckert	TE	14	0	0	0	0	0	19	0	2	0	0	0	0	0	0
Chig Okonkwo	TE	14	0	0	0	0	0	20	0	2	0	0	0	0	0	0
Romeo Doubs	WR	14	0	0	0	0	0	0	0	0	0	0	0	0	0	0
Calvin Austin III	WR	14	0	0	0	0	0	31	0	1	0	0	0	0	0	0
Isaiah Likely	TE	14	0	0	0	0	0	25	1	4	0	0	0	0	0	0
Kyren Williams	RB	14	0	0	0	84	1	13	0	2	0	0	0	0	0	0
Jake Ferguson	TE	14	0	0	0	0	0	58	0	5	0	0	1	0	0	1
Charlie Kolar	TE	14	0	0	0	0	0	19	0	1	0	0	0	0	0	0
Kenny Pickett	QB	14	97	1	0	6	0	0	0	0	0	0	0	0	0	0
Tyquan Thornton	WR	14	0	0	0	0	0	19	0	2	0	0	0	0	0	0
Breece Hall	RB	14	0	0	0	43	0	0	0	0	0	0	0	0	0	0
Christian Watson	WR	14	0	0	0	0	0	89	2	4	0	0	0	0	0	0
Cade Otton	TE	14	0	0	0	0	0	19	0	3	0	0	0	0	0	0
Kenneth Walker III	RB	14	0	0	0	29	0	-1	0	1	0	0	0	0	0	0
Xavier Smith	WR	14	0	0	0	0	0	6	0	1	0	0	0	0	0	0
Evan Hull	RB	14	0	0	0	4	0	6	0	1	0	0	0	0	0	0
Zavier Scott	RB	14	0	0	0	15	0	5	0	1	0	0	0	0	0	0
Keaton Mitchell	RB	14	0	0	0	76	0	0	0	0	0	0	0	0	0	0
Bijan Robinson	RB	14	0	0	0	86	0	8	0	2	0	1	0	0	0	0
Jaxon Smith-Njigba	WR	14	0	0	0	-1	0	92	2	7	0	0	0	0	0	0
Quentin Johnston	WR	14	0	0	0	0	0	8	0	2	0	0	0	0	0	0
Luke Schoonmaker	TE	14	0	0	0	0	0	12	0	1	0	0	0	0	0	0
Tank Bigsby	RB	14	0	0	0	4	0	0	0	0	0	0	0	0	0	0
Darnell Washington	TE	14	0	0	0	0	0	12	0	1	0	0	0	0	0	0
Michael Wilson	WR	14	0	0	0	0	0	142	2	11	0	0	0	0	0	0
Tre Tucker	WR	14	0	0	0	0	0	24	0	2	0	0	0	0	0	0
Cameron Latu	TE	14	0	0	0	0	0	0	0	0	0	0	0	0	0	0
Derius Davis	WR	14	0	0	0	0	0	0	0	0	0	0	0	0	0	0
Charlie Jones	WR	14	0	0	0	0	0	0	0	0	0	0	0	0	0	0
Josh Whyle	TE	14	0	0	0	0	0	21	0	1	0	0	0	0	0	0
Chase Brown	RB	14	0	0	0	23	1	12	1	3	0	0	0	0	0	0
Chris Rodriguez Jr.	RB	14	0	0	0	52	0	0	0	0	0	0	0	0	0	0
Xavier Hutchinson	WR	14	0	0	0	0	0	0	0	0	0	0	0	0	0	0
Andrei Iosivas	WR	14	0	0	0	0	0	17	0	2	0	0	0	0	0	0
Jalen Brooks	WR	14	0	0	0	0	0	32	0	2	0	0	0	0	0	0
Tyrell Shavers	WR	14	0	0	0	0	0	16	0	1	0	0	0	0	0	0
Chris Brooks	RB	14	0	0	0	0	0	6	0	1	0	0	0	0	0	0
Blake Whiteheart	TE	14	0	0	0	0	0	0	0	0	0	0	0	0	0	0
Hunter Luepke	RB	14	0	0	0	0	0	0	0	0	0	0	0	0	0	0
Jaleel McLaughlin	RB	14	0	0	0	22	0	9	0	1	0	0	0	0	0	0
Emanuel Wilson	RB	14	0	0	0	10	0	0	0	0	0	0	0	0	0	0
Ben Sims	TE	14	0	0	0	0	0	9	0	1	0	0	0	0	0	0
Ryan Miller	WR	14	0	0	0	0	0	0	0	0	0	0	0	0	0	0
Shedrick Jackson	WR	14	0	0	0	0	0	25	1	1	0	0	0	0	0	0
Jacob Saylors	RB	14	0	0	0	0	0	0	0	0	0	0	0	0	0	0
Malik Cunningham	WR	14	0	0	0	1	0	0	0	0	0	0	0	0	0	0
Dalton Kincaid	TE	14	0	0	0	0	0	41	1	4	0	0	0	0	0	0
Brenton Strange	TE	14	0	0	0	0	0	27	0	3	0	0	0	0	0	0
Sean Tucker	RB	14	0	0	0	29	1	0	0	0	0	0	0	0	0	0
Dylan Drummond	WR	14	0	0	0	0	0	21	0	3	0	0	0	0	0	0
Marvin Mims Jr.	WR	14	0	0	0	2	0	5	0	1	0	0	0	0	0	0
Cedric Tillman	WR	14	0	0	0	0	0	23	0	1	0	0	0	0	0	0
Jordan Addison	WR	14	0	0	0	0	0	62	0	4	0	0	0	0	0	0
Josh Downs	WR	14	0	0	0	0	0	23	0	4	0	0	0	0	0	0
Tyjae Spears	RB	14	0	0	0	19	0	28	0	2	0	0	0	0	0	0
De'Von Achane	RB	14	0	0	0	92	1	13	0	1	0	0	0	0	0	0
Elijah Higgins	TE	14	0	0	0	0	0	0	0	1	0	0	0	0	0	0
Payne Durham	TE	14	0	0	0	0	0	0	0	0	0	0	0	0	0	0
Jonathan Mingo	WR	14	0	0	0	0	0	0	0	0	0	0	0	0	0	0
Zay Flowers	WR	14	0	0	0	2	0	124	0	8	0	0	0	0	0	0
Rashee Rice	WR	14	0	0	0	0	0	34	0	4	0	0	0	0	0	0
Davis Allen	TE	14	0	0	0	0	0	21	0	2	0	0	0	0	0	0
Puka Nacua	WR	14	0	0	0	0	0	167	2	7	0	0	0	0	0	0
Jahmyr Gibbs	RB	14	0	0	0	43	3	77	0	7	0	0	0	0	0	0
Luke Musgrave	TE	14	0	0	0	0	0	22	0	2	0	0	0	0	0	0
Jayden Reed	WR	14	0	0	0	22	0	31	0	4	0	0	0	0	0	0
C.J. Stroud	QB	14	203	1	0	5	0	0	0	0	0	0	0	0	0	0
Zach Charbonnet	RB	14	0	0	0	46	0	20	0	2	0	0	0	0	0	0
Brock Bowers	TE	14	0	0	0	0	0	46	1	4	0	0	0	0	0	0
Bucky Irving	RB	14	0	0	0	55	0	26	1	2	0	0	0	0	0	0
Sione Vaki	RB	14	0	0	0	0	0	0	0	0	0	0	0	0	0	0
Audric Estimé	RB	14	0	0	0	11	0	0	0	0	0	0	0	0	0	0
Kimani Vidal	RB	14	0	0	0	44	0	60	0	1	0	0	0	0	0	0
Dylan Laube	RB	14	0	0	0	0	0	0	0	0	0	0	0	0	0	0
Ryan Flournoy	WR	14	0	0	0	0	0	115	1	9	0	0	0	0	0	0
Devaughn Vele	WR	14	0	0	0	0	0	40	0	3	0	0	0	0	0	0
Isaiah Williams	WR	14	0	0	0	0	0	24	0	2	0	0	0	0	0	0
Brevyn Spann-Ford	TE	14	0	0	0	0	0	7	0	1	0	0	0	0	0	0
Kameron Johnson	WR	14	0	0	0	0	0	0	0	0	0	0	0	0	0	0
British Brooks	RB	14	0	0	0	0	0	0	0	0	0	0	0	0	0	0
Mason Tipton	WR	14	0	0	0	0	0	0	0	0	0	0	0	0	0	0
David Martin-Robinson	TE	14	0	0	0	0	0	6	0	1	0	0	0	0	0	0
Colson Yankoff	TE	14	0	0	0	0	0	0	0	0	0	0	0	0	0	0
Bo Nix	QB	14	212	0	0	15	1	0	0	0	0	0	0	0	0	0
Blake Corum	RB	14	0	0	0	128	2	3	0	1	0	0	0	0	0	0
Will Shipley	RB	14	0	0	0	0	0	3	0	1	0	0	0	0	0	0
Jordan Whittington	WR	14	0	0	0	0	0	5	0	1	0	0	0	0	0	0
AJ Barner	TE	14	0	0	0	0	0	27	0	3	0	0	0	0	0	0
Rasheen Ali	RB	14	0	0	0	2	0	11	0	2	0	0	0	0	0	0
Isaiah Davis	RB	14	0	0	0	22	0	0	0	0	0	0	0	0	0	0
Anthony Gould	WR	14	0	0	0	0	0	3	0	1	0	0	0	0	0	0
Troy Franklin	WR	14	0	0	0	0	0	11	0	3	0	0	0	0	0	0
Jaylen Wright	RB	14	0	0	0	107	1	0	0	0	0	0	0	0	0	0
Ray Davis	RB	14	0	0	0	0	0	0	0	0	0	0	0	0	0	0
Malik Washington	WR	14	0	0	0	0	0	10	0	3	0	0	0	0	0	0
Adonai Mitchell	WR	14	0	0	0	0	0	24	0	1	0	0	0	0	0	0
Brian Thomas Jr.	WR	14	0	0	0	0	0	87	0	3	0	0	0	0	0	0
Xavier Worthy	WR	14	0	0	0	0	0	55	0	3	0	0	0	0	0	0
Keon Coleman	WR	14	0	0	0	0	0	16	0	2	0	0	0	0	0	0
Jayden Daniels	QB	14	78	0	1	16	0	0	0	0	0	0	0	0	0	0
Ben Sinnott	TE	14	0	0	0	0	0	8	0	1	0	0	0	0	0	0
Ladd McConkey	WR	14	0	0	0	0	0	12	0	1	0	0	0	0	0	0
Caleb Williams	QB	14	186	2	1	15	0	0	0	0	0	0	0	0	0	0
Malachi Corley	WR	14	0	0	0	2	0	0	0	0	0	0	0	0	0	0
J.J. McCarthy	QB	14	163	3	0	19	0	0	0	0	0	0	0	0	0	0
Darius Cooper	WR	14	0	0	0	0	0	19	0	1	0	0	0	0	0	0
LaJohntay Wester	WR	14	0	0	0	0	0	0	0	0	0	0	0	0	0	0
Brashard Smith	RB	14	0	0	0	7	0	0	0	0	0	0	0	0	0	0
Ashton Jeanty	RB	14	0	0	0	30	0	8	0	2	0	0	0	0	0	0
Colston Loveland	TE	14	0	0	0	0	0	29	1	4	0	0	0	0	0	0
Tyler Warren	TE	14	0	0	0	2	0	15	0	2	0	0	0	0	0	0
Emeka Egbuka	WR	14	0	0	0	0	0	15	0	2	0	0	0	0	0	0
Jayden Higgins	WR	14	0	0	0	0	0	34	0	3	0	0	0	0	0	0
Pat Bryant	WR	14	0	0	0	0	0	32	0	4	0	0	0	0	0	0
Jaylin Noel	WR	14	0	0	0	1	0	12	0	2	0	0	0	0	0	0
Kaleb Johnson	RB	14	0	0	0	4	0	0	0	0	0	0	0	0	0	0
Tai Felton	WR	14	0	0	0	0	0	10	0	1	0	0	0	0	0	0
Dylan Sampson	RB	14	0	0	0	4	0	64	0	5	0	0	1	0	0	0
Jaylin Lane	WR	14	0	0	0	0	0	0	0	0	0	0	0	0	0	0
Elic Ayomanor	WR	14	0	0	0	0	0	14	1	1	0	0	0	0	0	0
Oronde Gadsden II	TE	14	0	0	0	0	0	7	0	1	0	0	0	0	0	0
Jackson Hawes	TE	14	0	0	0	0	0	3	1	1	0	0	0	0	0	0
Ollie Gordon II	RB	14	0	0	0	17	1	0	0	0	0	0	0	0	0	0
Devin Neal	RB	14	0	0	0	70	1	14	0	1	0	0	0	0	0	0
Riley Leonard	QB	14	145	0	1	5	1	0	0	0	0	0	0	0	0	0
Kyle Monangai	RB	14	0	0	0	57	0	0	0	1	0	0	0	0	1	0
LeQuint Allen Jr.	RB	14	0	0	0	0	0	8	0	2	0	0	0	0	0	0
Jacory Croskey-Merritt	RB	14	0	0	0	32	0	0	0	0	0	0	0	0	0	0
Gage Larvadain	WR	14	0	0	0	0	0	18	0	2	0	0	0	0	0	0
Brady Cook	QB	14	163	0	2	0	0	0	0	0	0	0	0	0	0	0
Myles Price	WR	14	0	0	0	0	0	0	0	0	0	0	0	0	0	0
Woody Marks	RB	14	0	0	0	68	0	8	1	2	0	0	0	0	0	0
Gunnar Helm	TE	14	0	0	0	0	0	8	0	1	0	0	0	0	0	0
Konata Mumpfield	WR	14	0	0	0	0	0	5	0	1	0	0	0	0	0	0
Robbie Ouzts	RB	14	0	0	0	0	0	0	0	0	0	0	0	0	0	0
Harold Fannin Jr.	TE	14	0	0	0	0	0	114	1	8	0	0	0	0	0	0
Omarion Hampton	RB	14	0	0	0	56	0	11	1	2	0	0	0	0	0	0
Matthew Golden	WR	14	0	0	0	0	0	0	0	0	0	0	0	0	0	0
Shedeur Sanders	QB	14	364	3	1	29	1	0	0	0	0	0	0	0	0	0
Isaac TeSlaa	WR	14	0	0	0	0	0	20	1	2	0	0	0	0	0	0
Cam Ward	QB	14	117	2	1	4	0	0	0	0	0	0	0	0	0	0
Chimere Dike	WR	14	0	0	0	0	0	24	1	5	0	0	0	0	0	0
Bhayshul Tuten	RB	14	0	0	0	5	0	0	0	0	0	1	0	0	0	0
Tre Harris	WR	14	0	0	0	3	0	18	0	1	0	0	0	0	0	0
Jack Bech	WR	14	0	0	0	0	0	50	0	6	0	0	0	0	0	0
RJ Harvey	RB	14	0	0	0	75	1	25	0	6	0	0	0	0	0	0
Luther Burden III	WR	14	0	0	0	3	0	67	0	4	0	0	0	0	0	0
Mason Taylor	TE	14	0	0	0	0	0	51	0	5	0	0	0	0	0	0
Terrance Ferguson	TE	14	0	0	0	0	0	0	0	0	0	0	0	0	0	0
Elijah Arroyo	TE	14	0	0	0	0	0	0	0	0	0	0	0	0	0	0
Tyler Shough	QB	14	144	0	1	55	2	0	0	0	0	0	0	0	0	0
Isaiah Bond	WR	14	0	0	0	0	0	0	0	0	0	0	0	0	0	0
Quinshon Judkins	RB	14	0	0	0	26	0	58	0	1	0	0	0	0	0	0
